100000
9
824804
70139
1400294086
8758772
6941624
756351
5005511694
6381208845
648674
3392
38880
3
497864
84519457
7743
283713575
330
5617
6277
42654
74304021
54
62883
22
357723536
841766339
276
39
1586489685
738
9274
420
46898797
25867780
68
5
87
510679109
422
34069228
89
83
3221757
6
572328739
3951949299
971
189
5453
333
2162105509
928
5935352272
193820
363
9532
23
9
41007117
566361670
97
71054
77621268
476338189
1531
392
1268979
8635
110722501
9
847
58997
95009
5015450
9068754
497098245
79196
55214
6498577699
664441
819867745
6882
7518617
263
69032053
945219917
61
3727
261
8720357
492939
84
9042385
223112095
3433
4
158195369
14564105
7506
2521706144
62856
564203
68
51876
6437
98070293
464087763
2326
564
79468561
5235771866
1097652
99740034
763808
355389
290963
6411
25608
561703
898
1537
66961
2
7655471
8332501
1421192
52511323
964
1
58312727
88
62975
2365515676
3142720
311971
488273222
28676215
329
53579066
4885569
904326
546734081
217276
92649
9445
298911
33345
509861659
298470591
63
912249
67838
69252
8995
22985466
32286704
16
7
4253
746151
29
404801548
1584504
62
94600
88988
6534940088
733625056
51
9374785
53
988455298
116594390
19
9142
417647790
721129
87736025
144464225
2271050105
65952333
455756
7
93626523
41
595452779
70
6925883
6644
6941874
87993838
86373918
5586498958
394
8114595
3204
755
38
91752625
94
155385436
650
99332129
682780
61
5142767
576601
2231
7223
69
62495
8
6
37042
7714
737720865
34475
4373942855
418067712
3223953678
94816206
25
7601
22682
6062631877
7391106114
2171752064
522064703
97
65934
20
49
36978
810882642
44672
3
645851
728009
5290243334
62292836
8
46
15424
600
475964933
3594670
61701
3
4464470
36763
3563115249
84821
6771309821
74287631
293113361
59
90536038
899349
6421088
6
47
9998062
28
6
5583
5011297586
2
77168847
3783315339
71
787102841
17
1363167807
15479
423669818
7208242
837525
65
687821506
7181
30674465
153536153
10825
173811253
365128
79801243
63881
306351265
743324873
7727
947
569
7
6718928
512
489380
121865
3174
772
5050505
825290844
35354
825829
1849
31407
2
14
96276
33522913
22895886
970
783654670
670814
758695336
903
48
9657
29952
1962
9492864
35537
9320411
7017010222
6484
3
338280
2678603
79
9
17765
661
20
55375242
2
709234
48483317
75960530
2594
60688
9102
8
4321
7149670052
3436330
7747698
281261009
573972
518173492
436756
578
960647495
4
14791
1942
9064722108
130965
48659
183714255
4
1
7717967217
552206638
4556
508161653
23864784
84
938
239
453642189
97
6443762
696
66017696
26
186374297
67851044
678
1449059
2
375623
972776702
839
342627
4225859
15
682013399
189310
232868
703525
2809242333
63090
268427585
136633522
4093364083
790
4113
23690
9024
86
325
7847144
75774436
4846
8051
7142802
1067638
739
294035
8
327851533
9487891591
24
8546504928
53
1642
680449
894412
76447
444
1730
692215162
6435
74163323
3
220351884
94150
6
2258229508
31
32977
611809470
34
6883339939
2406
8966774382
5246958
6
9716716052
1
7146644
92673
31
8024
159525
988
6809823015
89
858668022
9195365
79670914
3053619722
257
496880
5461
2877595
7283425851
30742881
9850
2
7260
49846
804072
26817
6198054
77132728
626305689
96271
32
5107674381
60370
8
53530
3354389711
15
597
83
3
762993
54629
63
9250207733
3684492
448239
3
72
907937509
7466084
79879098
3150441292
658248
51
789009026
9
677366
9914
439601
4
599
3236999
5926670
931060322
8182594058
9
626
75297627
9616432
2308194
613327261
555921
65574
826759
76
1914916
183
310
5846470889
52546378
2
878611
302
555059142
79
6053284
742456
7680077
438562397
83393220
77
8808601210
322
182
53316
17285
69251812
822747
7367743
96
19
49745
8
626
675681202
20032606
569
527
275566
6911220454
71055536
43202
946233258
8
63590
26676721
17
77571
20
3065112639
45901796
7926996
7
67
98
5283
44331
55913836
9
8984924096
13638787
102
545718
75436221
65
99681
7
76
350152
442
74292
7855319
15396
60
5429
514
4369052
436
477
9573610
32
202
830007769
1105
566348
455
82563
722
88649498
57356
5271
45729
28
5874
2351066
3718895207
71927739
5605868
969982
427945
59785
99198857
72
3926577662
8233960632
109255
535
6039965
33274534
63542814
46
750813096
2996
230222
5723829
2916
31
9478639836
508
41250
2
56351655
77325985
9833587
7
682280268
3793801928
1264757
72865
4103
49538038
92057
573150
1
410596
847978353
727967436
9415
564733
6873440026
948859
6572569320
49
90
5
6513288387
311281792
9071
2647491427
934731394
7200619
855
840
45626495
85681
1
353
4837049
5551
442
4657
3573381412
6536
49684625
933308
100596809
70986509
3
16621
94
4037
2000522571
53096306
8
5351802026
940302
864
479101
7
33
2763
71838
52
130091770
22098638
4
45
877217839
3075170385
2492988
453016591
909075523
7886
8
705
9335
1064630414
83554
673039473
5190078770
7899
6162
64795
9938083
6363284410
9569
2343
69466
7540522233
1571444
553391124
59227
25
156543053
9181062064
55448
594
887
31490390
1230217091
36
74934
65500890
60
769
557
52194076
60268268
5276528
6630186
534301963
35
8506
6462133357
935200
307
8735
29769
3
2756785
3
896
8648811
658098921
9
1422059
2361049
725521
995494318
7
16528
58522672
592635
8
806627
78155880
31
39184668
87527
14
3660709104
4032076
38415071
456100848
502
7
6591
12174883
8460767596
76669
4764724
96
7404429
9
364912762
6862
691
26069818
4133128
69859
512
2012202
397966083
5682386555
38
8554464
1318919
29
164
9011642328
11
34
245
3
3334326942
8
920973108
7079799
321910
7932
453
391246944
320849
44703132
37460838
10
860085
45
24691361
25257
321064
38179135
520
1490
61561466
49
458379694
98029
7422740767
21799151
45
368689
914365585
2
1315488
34445
696
801
97
6451543719
495650141
654092
505
4399
6850172409
7692986
522
503703982
4809
71
44699174
3720
56
66269
4104099
866175
8033
6657687786
54259
315342
232974
65110619
707922485
89212
91
38447486
59
11
6151283
649254232
43982
965478
970060782
443
36188
1
58956
757
4778502
44373
34
6
60062
28090978
89
5681712622
5339
881104
842489
26570161
4907
204758
4221166539
930
252017
722
8690447
81570872
879683
4541316110
15
60220135
21604807
3281627090
87175848
88
65
4958554992
47066
5645
91
61
358699100
8297876
154052685
8313
739884
6117
27498078
8
197056602
3729
6169
4629
11167
41278
877538
162
4601138122
18439
20707
26984764
9852570
7096
51
90541
6790359
77841425
310316884
130
836949099
2096
9280
16933745
6880
90
48481
5085
61
5
8060763909
5
9982
2182106559
8699175
58031284
7174015
4788679707
4
3564
4236968
6917185598
642379
834
9474908
772926851
515785130
102
28248231
6
10829183
2337671
16752913
388
1046729
1953
8842
696
333
601
7319732370
108
77322
705
344572976
29
4435416783
144
670124966
724
1341802877
36
6
170310328
648577
537
9546673040
6318391
1339
17195
2494361129
1435220820
1
93586
643
3363076351
976
2941732802
5761
9781252
44361
6377020
110861
77675920
307148
607
83611
335666608
623
174
23
316957388
2704280
944
934710118
721067
60
6
57
410
4101245523
50920891
848
13808016
2
68168116
990
398057191
5
96823
533
5952
3189
5761893
66
1
98894265
13059826
1338348046
409595122
59438106
15778
6513970091
3699599843
3772
784537
5778166
7686
41
72
230561
840692
1337754582
3452392
144
551
668631
4027858445
79443385
3547052475
585
206940
967
86002025
24881361
27344440
95
95405
6
482
834
57159
63784099
16013270
71959811
36891560
559291
8065980368
19
454911
3
3656802
780988004
17
68438064
804930040
229484744
338873
50
73
90300
143535
59168758
3764660261
4254315
71946
4
63884
9259
2236
2884423
7
5
88
105860
5349541
56
2652
689
9
5928990
5079050
891
291258607
72262
5492857
780
299325
2
15
37
879
534319
2
73191
3648482
5567566
9887634350
7263031
6650090
67
992335787
397731486
765534789
70085828
81658
5363
992313422
5
905187
909
393252684
553
5
83304
8166
141
613058671
61373639
8974264210
2017
39628499
1346
910
6
6472066632
443
8288
9486698921
5616
45383213
47
42
72
1
93848450
55341
104
41
31932984
14106
3260
459524154
2759
795448
60
9053511
985063
6787373
248818
755
4
36895468
8607
6
3316
21
34
4793795
9744041
141965022
475535214
8157
5791128667
677646
6665885249
473802
8099656017
503730
1
9618784762
6319788
83138999
912629
208967
9043988
643
6682073
8292
229400850
6
5983
39693474
2
260
512
964671235
49113
6
590
95
5
367644
282078404
2
743000
93050774
755
748362
7
84
2338
126
26110771
6636770
9
4672
24921
393
7
490625
63798
184
766595
4785
5095
53945064
1
2671757
26521873
354430
65421206
1184
819727
7
75848
67
9051
2899732567
972257
60
51244
32301
952409495
3054010651
1
45569
7871500369
63311280
3252847
972458540
84732
514981259
745693
6
7072847810
72745132
2
569306336
71504
981589811
45461404
732046138
65386588
560673
36055767
1
7
734048266
80516940
13347
641
22272484
483486636
446615
20746
5893202
5
8689
2673824034
147
75
8
4
662485
52995948
6
7
9
52509749
2424202215
9075
4
717309530
6
8754784961
35448216
63
1
455517138
699
4
49
818754
415
1491951448
7806089462
9703081
888886351
99678436
119
666
388
488
7635538
579258
865831
85033409
353542169
73
60211097
32027
136637
6
58
9
339981625
878948
9901231308
74681
417
151247804
4
3316
73670636
96479
7
806252
663
7240
4803
7135
2
562392274
309071251
19831
68459
2
2266
863856
4294259
751843
2288
2228179
6
41463
8264
826436
33498
907529
7370326087
194189
548
961
7152795
69800
91830515
474689
182796065
2127
452084
11044217
2
987367
302794
5629
90
85
8733958061
4349110306
2
6361
988502
52641909
990
3
47
8528365
68
191677335
4798203
991
67
959504726
91
244617
377048056
237123
7330
494
44786454
9662634352
676960
6627860435
55714779
4523
5554162
61
914484138
4990
12
99720940
6363671
48
192516189
2017594
471
47
27797
15
9302734
15220
4
449078
7559700
1
6300
9041648581
374
963113
78
442650
913972048
3
8004
23498044
3692
30
84227199
6049
5
949
746
5114865142
3747
1247538
807
3422
35603
6547586
4548363
9
67
7191662
61
358
7
9
7015460
81147
46
1820
81048
85
393
4086786
50
6202880436
485
30845649
6939357341
18151584
4915
954452
2709
24
2011973
84730
10417
81377158
931225444
779682374
5
86209
6132307
481856
290723
94181854
5011355626
5944
19
71947925
505171953
9964602
240570
35998513
94760
51667865
29978031
360940216
86733
521
45587
47059
290588
6077
5239909
8398754282
46
24856
205
895371
5809
31
731
7485168187
2756743
449652645
4
469
35
49190314
88555
1839378
461391690
122908306
9
98811539
30
286805
28710
710
1
1135813
3
763091362
3346995
400452515
467189
48511941
57
750481488
328
1276379149
5631
199935585
77056564
409
9448
5391495205
789376905
554
966059
9369
3567069143
333272139
559229264
5845
9681681508
47
859858375
4235631096
835
7
77038309
7
9611301
536209
9996903052
210578316
5716791
4943
230663
7310358
5485
7251
6105
9838
2
90
3392
6
33329
461698089
1558869438
844388
9947696
3916
47
895
4
1351
89449
85749721
5
8173098
1033
898639
72694
1483311
48917
647881362
489147
95
2195384106
9112748566
909980
38939763
5807395522
3193106254
157
701794766
8206
67368596
248321472
708741131
6916
2243045
52936511
37
31
9764346
51
771722
38977
1
9
189
3450082153
7
7646456
638
30946137
6744
73226616
935596
550576
234133
8
4074584
408219
638625
5
5053285593
13
14
8095792792
93476509
242
918597955
1195122
9925
9805
3492
65106718
1
44529235
41
196759
7
318
307388874
6750834300
9
83855485
215
267
9560863985
333
64332
86844100
9
490351
3105
3614874
559242664
3047
1372556519
695492
838976549
55
6139383
489
7655628883
19271606
78994
8782562028
5130616903
780233
7182270
83118
696549
60893592
55
41983
69
58080270
825
579560
76424176
377482049
86809
31
38776
52
38
98481
92288
2383949620
9278
2918746574
4868187732
55364384
911
75489002
999
97
6661795088
20857058
5496596
92483706
3744524
4341451
412111
106078
287
79545
26365973
1716624
59728
587837
726683186
191
9730051
750506789
280
51276058
935947045
75
790
2338
936393
6834690
6840512309
46286227
639032719
60606
946742
4277
9133389
4588574
4
7625231
65
3633957
616869616
7
1163014850
34746
39
54
984
1443992
30865364
6845893
1987099
6
87092505
4747091397
74793621
418143
95495139
24463
1317
81714477
590
2
7
5
5618873
2790
9596
287816
280256
171763007
2235071753
8540476
3037
7191833787
94
9572295
83529
577
19
655319663
74460547
11
783462603
5
1886
88978356
7856196297
2917
4
971436325
71
87
16
42219
30637745
91
37653
1321
7770055869
7356
20
1
30
94201
5800
3872
232715789
1841093458
176523644
546
8346
211911
16227
9459193
92
6020
239753858
1530
377153
656815873
13061
789568
2378
515780
2746018
57157126
2
1022544
61313087
8
74
26
7599
3712161280
640332398
4544
397222
92
264
8
995798364
89923593
952
445
9436865968
13979
635
2383
7
2
933
964
1349781
977
50
888089
1875260
630
39345989
96899
446834
388
9
98037
2893
60
98120
925629097
3
252037
3040896
5850576
6288
9925
6
9
529
252250
2
458
586
8388056
81548
575097355
6682
3187006313
926647
1170597
958888
23622
66911
27
23261
3008
201021
39134521
567
9820905
66541
26
500009
7529637638
909
3
5009849
53
780580
2812535
1019
65523
2174
731
1
3
86451
211780100
6137689
85469
5
97
98800722
6788
3576255
29267
93
83473
1609105
426504
7046
7
1696080
39084
4615988
99736245
876
692409
1
8776075772
2086945947
572
379750
31752
690314
3508511
2900985990
2755573
617528
278883186
87498
9
590646
2684
408302627
17471664
412
846
61339
257338655
4848
56952
2
896704
50
23391
249122
1
9
21103
383168
219202031
582497850
2633153
2
34509498
886
6965295934
1
5190810733
31574
4047001660
413503
4682811
9250363337
85481
74
5
422890286
234434681
520
71733217
68
972278
810574629
522970749
5145
1
36
798298902
989
6777322
49812
8738
8304917
624345318
5585409
479368049
600079550
543569760
59824967
20102681
4
3538884422
4291269
484
38458498
5663
4330213843
499
2506445
80760855
12
636
6
5357
6644285
8
92056
76251
168992843
816006687
681
60
1775702629
503165
852670
81871842
179054
2
66258
2034
80397597
3435
6
823782
5526
894
7984
3
47
8890608669
8832
23706
383770647
95267631
294770
813
285989
26
953446704
6653643
95026
576
3
9154795548
17
838941
3446
761374660
6232935
42495
938348
81735
8
72104
224058829
655179454
65808770
62786338
32415547
5
493142342
2265596160
2026866560
2096389
2415
707113058
8552560
99629381
2133579
2614564498
9579401832
13614
533109
5691
1
2
40
155348
1
96558
138256
3268592
674
676590
92680
60751
66
246889
80
34739
2
6162
52045
39898357
41
611234356
39
7
5
2
5746348047
363410967
741
126791813
58896761
64
27
967
87181798
9015493
76635
6
28
1
755888
16308
229486641
64691
898098
178755895
32500
1
30
8906
3
18811
860
3197197239
9
45416
7
176796873
21171318
7
5163
628
75789
4
1
41524736
76
129551470
67750049
7274074
4
22
3918
28
98
27468
32508908
4363264
6076286878
6337627
1667
9317
42408
7350843
653
63
892961
605
745901571
4337701
72
5513493
28974374
2697210672
10283
82780
58
357434152
60324
16720387
816709783
144951
2914886
15
6605
96
386
956676883
59551
8254805509
98252
9947883
250677
81040284
21862928
19959
5
69
3548908609
20476
90617
6460
795175
2
79946148
788992
9564167938
45059701
85824995
432
302574049
1
61
3724545
2504007326
9351
51
7
8
8968970039
4181800222
79431444
80
4423205
2
63
9056733136
7542
19
137878
7202524
3446
92
619303
966867049
16
6153328
517732713
80664722
57381433
4943816785
59
3
799146
791821
9
837
468
7
1
3048012561
95054465
38
209558699
532297
3
2
1139
1749
28394
5217
252817
24437
245
4
7233958
788
51152766
6938035
83731
424
613252
1734194
392762
2955422798
2439
3
672825042
72890049
24554
305904901
95
4606415766
979295
985
8285762
1014553
251900
116303
93
4759372
9366
152963742
60599585
33056742
873032
8473464
7084728
39
89803
9
476755522
421472
6
603936720
8355763
387246
1169346
5165862278
2548518161
8319926
9252
861429
504707582
59563
7121039
381045795
276476
71382
8768
9625
3576715
25
5623
650
669667
95
1116
342552829
284312
96
9
65224
2829733866
64872228
790
4805709258
559851
4071983235
1709061770
2046939
180
3
4185
30943
68709
5948
4
5
55623
80
88062
219874
67002
5771603
689726182
2633380
926055
7
4516
252770
370
68094
6167862
948005
7145068
4270325
9
6
7
38575221
7737890
34965
30709077
953076
133487
5722
646
75
56720
5925
8847
7
268905274
4716658
6318252348
3
79413
530752
8795
9611651
334
512895487
4483004
807111
1056707280
5
5345589
3128147
710
601855557
4522625
1150
43173864
8777763
6814
8
170141799
2101856642
3007
207
25821045
4939
8
1351
3529653317
2
4
89448846
477
82704006
323866
493
92566494
2
6
5041633781
94087
130270
82260
580161
964035
1
77
650913
8
2879
3
2220642
9977734485
426243
30
1
6105533827
76223
1169
8129942
1
6
9
8307653153
56849920
584
6357129
692388173
9494381288
541
27
881956906
39
615519
2
2
551249013
93
53
63
4019229
5849
2327502938
88152342
1948836745
1566009319
70253
873
585
917470
4383428
446
61272
77669430
69
9358398847
862136404
584501343
3781381
2083
102631
3
86217
75516438
510536285
3
7
2
399
54558
67793792
972
621
1858284
1969459
903041658
608000984
909
8149830585
40151
631732
8
30
89964
198
79
3
56797
601933071
87
84
406
12
6
3402492
612
554961
8
939490275
648793581
4004998811
47874
57
4
1
775409
3670479506
4948
5
1269302
3
123655
101203307
4924062815
57017824
606
3
116
4395423416
24
6185
63
18
5953435
484489
5
59
485691
92524
384610
12
3691
35693563
23543
69781
860022
6297390460
563
563211007
177222666
3
356227665
98
91137718
73
229335
27342
17
8
2
87
60280
272543
751167
1
8
586102552
72946515
962661209
7
80
16
438622305
791397
498057
5401
4094920
68165321
2927
7
446
3581743
615667965
130
85145
94150
74490690
313415
2
97
601234453
296724949
3
173571
761159
43829
660
921
7111204
101599
13
39198005
4584
6375777083
69289634
70133649
269156
8420606
6136034421
69251
2
225357
6978932
20938
759516372
6549
7433880211
464
50341
101208
7133322
9583
57859
366
907627212
1047
34573
41686
19983463
556
747078
992121726
763
5412
1222
63
122
8266073867
414744024
58196
7
27
29
9333592
865728
835366
94738
41505
858
88
772968
5
45
362279778
8543309088
5821565
62430
6
1889043
36502422
206
7964320064
67
52420
46046
30228
86
80645389
4769542
2765301355
2000058659
69475762
871
903661
7535011
298825
401924971
686689010
16
8358375772
7
49
1946
123683
6643988510
717147512
4207004127
1
9824759332
675464087
7841823344
8
7
4754844
9762616
97
6222855
7680621
39178073
26821
157
159760026
35772446
2657035172
3184
3466012
34238224
9750
21347878
84860385
74488
313855
6
783124
390698
1175
881
32778
762
9
623660832
24915
83
8776311337
71416506
9
54
35799
4044929487
29612006
82560
5
124881
31929835
95018204
3
1
175449602
96
121
551
96232311
313766512
607
58
381102
3376
101021326
700911
567
92448
8
6633
2568879
5755833539
16308708
30542
184626
520404
738456
428764
1
1680433916
87
2452338
496757
6143
500214
2128
576915198
980
372671697
83650222
870017780
81396
728042
6834
4688431
2019139263
557
2046
2572218
395840173
6993
22929924
654705
2541350106
887
38
339280
30742620
553014
4802680204
6056586280
76
2564
485649
2838
256
59136161
6266485
1308
464
2
34831
89425
26
588
4287033
67066909
222432834
6487
14599
425
974857
4
16811167
26
576821
7716989
6931
12969
7488852332
9954
882
909015467
955813
76734469
1227
4992
1019056544
3469894742
9451281532
29422614
79
1808045
91490
35326657
382
279
2657683
14069667
5467
24
1804923131
264072
316072251
9441
153249
5
4
887045
12624
642779580
42
8179803870
20570174
120934902
55028265
299894
7
1932671715
697234
74516
3
89063
22
65925079
72089883
112926146
6648002706
7
53
197
4294
4712879647
704
198
7325885637
24143556
2
9975
855949
136
819097
9544041875
668
49077140
7020548
78653020
928649
896022678
6577405928
88
956365797
84854
84
223376
760
103579110
9352250
49833283
96444396
4616770780
355808
83249
5565620977
3
7524
60586181
216
133426296
2
1051
218818
7107
2375
21165645
114
32
99378
7
178310747
3580660
8598
48
7240654
85702
94
851686795
418
9184
94289767
910131802
158737
75030
709
891
2
389835
9173
550
57
2
4623
348068770
194643298
3027309539
560094027
18
444299631
7126489015
428
45
957649777
7778502
6926
5113
20072
60
8
74
60
681
82628885
24091907
188
99028690
46
72255
24726589
1
3
2293673
281359
70287816
3
808
56666
743548619
5259
161635861
81668
80
634345
288
65
3142468117
3
9403509636
21337
94
61
61224
5
549243222
26956613
97
7
53991
27152
61
8046668252
176980
3787
181798
2079735
37
1664571107
2314251
84
5839659684
7339
195
874154
2994
247035250
390
929637
40
765782
20200646
608
736895
51122
8211534884
8
30912
72
3
28
5113601616
187643
2276
1401016
43
1339964405
2065824
3101812
4946961177
4351160
5
4821412
801306851
7846
731
5618
17916907
8314824518
14
527129
8398
2354730
44908461
970225
98961
674375
94303653
491028
961286
1824235636
817608
91
152230
86
12800502
93147755
6081989274
862967
3253
30912
473937
27
48
473131238
683353
1780804
438437756
43217
65
23
6655124
6173839
571337272
3
195576290
1521
9867982677
341028494
94685
1447194
3
7356731438
31
4900640339
824514
7738398696
14912
20
4279504109
69012
429033736
74
91248685
6839884
620039
3521710846
538418
6651899
23255
893389
7140
1326
404551652
134417380
6863035
251704
422
863
78728
480
654896
135420
9492
93046
835
1111158429
1751550884
8792500636
8040356709
114671
14997607
78734
407
997
584
2
4
3425
8071
52
908911
45187168
7
660221844
14508
22901419
18677113
560
6
72
980700
3853092
677622
6392724
578664
35281
5423779616
253496
53648245
8339
6224390
52
8498878516
80
9
32395
48
56877
4913551160
564230334
3
189774
3395
211117003
8699865675
5913
19905742
7
457999529
767741125
810580564
23806
46
97717
91820
44
462184
43
67870053
491172
1603
98821
1255192
1866539
4043623926
72
53
129
92120744
1414611
343
316732901
3
9511807
3
572993
5668983
4014391938
151734
6279669
93091
56164245
73642
628778
94
34915224
4
57493
9842512
9100876
69244
9181682368
6153218
328
61399
155071372
965
287532
248497494
4223728568
2
365
786095
7536
93982394
540
294827
68688
3
592992168
587632699
8616932486
94854
87
505486
81219805
6315117744
4181
323
51763075
9205132
4092780847
58645172
150944
34509
89
16055098
3
111708297
4697524653
5
2651360258
8431421
29
1963
69
7687
29
30737931
8941
4164158
950
71169697
2
94257
1519887064
2720
54
563822073
25
5803956
89051955
4102421
5430793215
997
18934
70
79308789
8028265
5074
12
89792
785899
55723
8266
688522674
450
4610580121
654491206
7049853
566
7
7365
22
602
81162211
9
7921535
846297
675173646
658198
589
180263
2246002397
899044
836287202
67262
510731636
61550
71
878561
536262569
725358120
77
54
406731180
3
717888515
813414
5053729
42369
71
766
4862686622
2653
739658409
432
2604
60
61
461425653
50545
319
12567428
29
1651765634
3239264
56654
9758013602
5
857
828729303
4173
41
1
531457
4
2702
82813764
18
562
98
4738770
681
59
949430338
189
570
98035
396
70498
1346
5217527
256
80370670
6
905522
56383678
11
21907
27
588
644
7511314
9562865347
3580
65725798
30790371
6702080890
72849900
328
2400799
36
40602
554507
5
393948
6132103
5857362600
2777
7853180550
647763890
7
49869
90946
60
681658287
90990
4763328
85717
515869931
13078
428762
12425826
79497063
65645817
74
36
2390
432404
83162
35
9568100
7198668858
63107952
4375749022
46035
524
343990468
12793
9700271935
882508099
951740603
5474053
70660
121524
712528
51
8
2116
1603303
714421109
6896227247
2623
311
789002
47014441
11821627
717
4782
722644327
883
83398
89219580
713
82195722
7288300344
518888603
979622789
80845381
45044138
3
1087
74568032
56322
574687
12
52355347
450998
6926
714
887866660
5127567576
14550
1579487
662851
709152
738526685
85530683
85285
1068460419
45
286970
519285
27640
6
728
1
5
1812959773
905
7357
333784716
85
19878690
7320432881
4636
559347605
86
7
311
4519955277
8139
57864553
4834231
6763854
9822383
587483
6601160
350634
783
146045
92640
6032716
8430
58898
89078
60886
588
60669308
85948674
89276
89558469
464
84201074
172593560
2
107145
22
6692
7390670030
10875
870
62360
5239361
10
770801972
71456418
7083735876
107454
81
2875522236
23578549
59
268
79953
5097718992
4186303
35711829
58477
374587806
3
2991
792
4194908301
3537
65
92095984
257252554
1
77453253
54045
146119
18
62113532
71741
92309
37032
414495
71324649
4958
4
7956297717
8604173
61
5000
133807599
3900
164196076
892296
96378316
9568888
12
4480288029
696
66823
33935
459034720
403260
875224
241476224
551
67
1325618
275
1
3924346862
1413
35177
1
9281005469
494378
164652
208
46
212587
163
3422
55193
95734337
3979188
970
8837515
10679
8981
87640780
36111
3110290
62158
52624
9105787181
77
3174
3822
545
84
96592
5392153
315
917
64408336
844961
726698
150
671
25414553
912
2
9012458527
100
2433505722
33633395
31642
494695076
57021970
7
401339
32053
761478807
665286639
1380914719
2900173
42571
53
193904
243414607
2925
3
19
476494
472881
6806179139
2105870690
1218940273
77090817
2
485353
5031
9
6
7
951603
55409901
613556
8
252497847
11966
8896860
569265588
6
939713
29802
4567047
3554
1
349924080
54786814
41895
21928851
586581589
1472761002
584159
24398
10
11
877148
3925630
157
705
5
2339943666
7140526
703709456
57875
88615
17
4
229
665839
74746
52
72092
86
510135
59
9937
4369466660
95
1
9918
646
29848540
51738
840289209
7
1
2278
1759186
63250447
3004190
6
957989746
933
3666656
610
6545421
4600200528
45852649
595155389
483643
4
1865
75281190
871990867
670164272
63
190
7232634
6679
58
584003824
86178
9227095213
1494
3925637080
52096
25688290
92
3
959531339
7
47083
752571
5785973242
23
637062
776189
6132545
535
58466717
78202
3441
558705958
32763
349777935
217360277
66
779
829644
3
75626563
952588
1253558
8342516805
2
8517
2771247100
847172843
4075
32
6842180
5769929825
92055190
7764
963804
5361
61620907
5
90
4816
108
800814160
8029
454674668
765
91716
720074
42988
12655
666696
5890870140
3
46
8
1
91481089
412230562
8620
4
2391
735
998
2400309
710846268
28750
254156521
1898
35940678
3519415
317348
834405
223887609
47
5844
782
244132879
52819
978149313
616
55889250
74967
17
122429
220392
25
31
12113
524433598
5910722766
82954082
8146
2683982
97114
3309
298682974
262218481
15
4
9
7741677340
776
87
867339
4863
2
914490
9
408588
208061398
97497187
99
968998590
305
9541
585588
10128
683060496
70
255859
692
31308868
4
144990
905774
9
6738
72165
8362797972
2
94445896
46933
80635178
425704
171767
1538
741284291
6932
482253887
50
5608
76
40
4339609
55077
159
63141838
35217
7381738
271
22
607
23091646
78
270530936
535079038
769363
9
167
911
393
435222
40110
42517
18
897176985
8305
439
49901244
73094963
8
2886
686429
1
847402102
9955
6779090299
2
760384142
3
94
680813
518
8614
749
4
2329087303
7336344882
86
780637
752
95
2
6280
31125650
2
58229
807772760
9626227646
667801
987843
7661910
73428929
7168433017
23570
7
478
541
4237708050
635
17
95585186
85856223
8889887356
8077
736116058
60669567
328017117
8153954798
75863
60
8542
27537890
5
41490
9990708
31
91409415
229
1
631231
29813841
94
7421224
8625
5624196
8809360
29275
171259816
236717369
88213869
90073657
749280610
47944
92947482
3310987127
7357
8305959
54458
19365
5198123
346889827
6
173511
42
63
510
3984
7
8
46
760
98116801
12036
7308971141
2860
6447
809
1883
6
32000
2
9474987357
7028869473
16
6829
6745
392438043
27
77588
92732951
5468714604
5631574639
3818973
9608941766
1431035
850701317
1381
331602
2493941071
8484
4014
2099466
413516555
4296265
8
7250
140993276
24477
8
7043899292
553
19
16
9
971440680
436308
7
382256509
261
47373496
616734
6
8444
3010231705
62429416
487
777867
9760
83893384
835
711694642
6
82532972
92310884
107800580
2773657634
37
363070
347526485
9609676
358343
368490
625759
645882835
38
8739818758
1230966
7549862481
79150
2025307042
12465
288
817191391
1889611
50020539
5
32429
37368281
7576840
22
5360
3575250364
76
2838259
72845
6424400
42
679845943
336404296
8821
3190521835
1
2
55738066
616
7
69
147037
70741128
45
2983056189
413895359
4
47
651
21470048
4239642
95068
75704951
8701821
597421881
88
201484217
46199
69
8860787055
9664143
241008585
387252
84727694
6121
452
4
23734863
68
200684082
436223949
70276279
426470
9634842485
1
9
8989142
2276651396
39
75
339094613
92830
989785600
86
36
93
2012
2
8978
292
25
89520381
1184768
197754
241037
562365477
9966228027
993474
6551
67
1204
34413509
6048601047
4226
4701
79082112
8607586
1
8
13567
36
5864910
54811
32003929
46029
6
411455885
13216405
1385768
60092
1086874
8789092703
65421708
1535
7639906
195
1432981532
246313221
682
1107
16
4
36978769
785986997
4
8986
1255
64574828
7131582
751815
75446
9
666569128
97874
1233
498024400
806060
2
9
23998
64
174129
9804
682198689
6281488
5
9
570061453
323
5647
2554929780
85537096
664
40023563
5839
423506519
30008
98998012
80711133
1791902675
912
609
72
42248527
62648729
370270908
467785
8
24033
207
633
8708228
998
1237169441
27768
4934
2
73120
1
4654971
50485934
8
522332
38307
6381780982
70
64404494
624
128794
894313185
829409797
19631325
8769954298
9095
74384
649453410
721882474
76411150
8822
443
9510
29
6245377
6262
55070
5271255
29
5
308
70599
125
99
949
93830996
658
5726645868
215601992
862589828
1118831
3
3985
81310799
6912
1639876
7
455410400
275
189193017
84374544
798370014
7012000
7958
298189903
64
4924278903
551236505
4020905
34
7
660
20701
810
6
9296325846
7
4461747
44
7689583945
777397770
160
7326
4138
6
30
5938978
60
8613525
96
813
598737
7
932069213
336
3549810
761
39
688684
1341389750
3762979
237254225
348
33733
477
279498982
9551328
5
88559869
94
80299899
565768
7588921
573491841
5289
1302326
1298
2
17
216
768139407
942
2223162785
28636
2045539327
87379369
611
1529015
5900
808323429
44545
54
247317
9581607424
360
94
2233886
53
638804352
1938194727
8123873840
113258405
98053755
71
68454
3984
4656636
4812103
7726347315
281587872
355819
44077137
776434865
425906
3191029
72
8164482907
7895112911
2290
845495
39526605
242746
90137
251
2852997818
97
92765812
233
659955
687
7366
2302
369
2431343
589
20908
4
929971458
60
3464890
86571534
9373720
6885090320
72
730
6
546
36901
9536090
4
826819347
499
33319
46471
6327
953
8471487334
15616
245
618042
9073595
559934
8257
3702355674
878
4
2
8832197861
3
201133943
9049911573
224837458
7
222839
9048
52
71905549
818348
436
72
64337
57007
834470
7
15
5
2032651229
11653141
80
285165
5235532498
6493743
889510
435109
4699581625
52885
54787716
16
560508783
3900078708
93352314
48
28106
2
291396
45048500
9072192507
6
54305
30397141
2814773013
54537
5325
60521370
4
914089449
545
199842
529021
7512574178
4218603
87947
9301577901
966199
182
35970
992334868
38
32
594
536625463
2199834872
9082797
6375
563361
8
393
97635798
55782
5
27357669
6623
4356831
452591
26835279
4610295
7899
853
72
926
73
3434
1557761517
852
80
353504
88122531
73620675
3
269433
9852958744
70135
84681
51308
128
8171486
768173333
9
33
3334930
7663
590
6
386303
5784
5706
6934140686
8
75680
1
2836813
3270
763142
1385943985
62
3328
3069658
15310816
9395
3331065690
97380
619
7
489
7076873470
7621786
640975
4916
5284727
4811
6
33
379
5255
261140
7
12677
167350321
42181
653
37211
9998865
6297751740
86087692
2084837
2
83250
204028196
923919
9384779502
4584976
31274
4662918192
5911
1403353
3
2180446631
5304
85916720
23935
50
8
542
2823685939
52030
70997862
5853
18030
310313
958725450
708
756371273
422006
349
46071
682202
399390680
876
8291
2866695412
23356884
18277
5
885863
97773
640
34
701
51
94670815
793
4
52303723
112
17657
947
9898865435
5345463642
584200
9975549488
8
664814272
1
8745893501
5820029
55
2
3778
4
298933471
886264
494
231
734
9
414629615
32835366
43
5242530
8968
64198344
8594167
6
23064251
8872927
25
8952565
859
166787537
26
1395697269
24
154383874
7468
268783
85998509
6
668
42
562565626
3620123919
77
3079569499
1490
61442954
304141878
136971
88125
789
3724656
9439837
3980925
6037882777
326683
1356429191
846321
7
8
808
4656692
386
2256060668
191855860
641190
283322
32
957785
7486244708
46
671974275
49644921
288610204
1118567
186240053
8992
4766489
4638136650
1768
438963499
7
42
142210
91
8934888506
95674
22
6310449
783183364
11
1802801536
766743681
466513
208261
85318944
26326
703635
913177909
9675
41548789
1700756911
34156608
9278445
4011955802
820
8044
152615671
5
39
446
81008771
1
84379
533412
9391594174
79
6878
7631
2427
2893287
71004
95692
32984
5316311
2620
1
5990
14364
64037512
16
754745299
81
9147600
7484608
881864022
8
4
5848
51
514703
852
36479
3389623
34259353
4773
651
6
3
736288
117
2298
3811819
418085
9562614482
3862
74732
6297958
851
17027033
436
8
7256337
72005
2607699209
2236660569
27515
583
7105981884
95
622
777996726
97883
3
7416793
6768
69088703
629137429
7233569731
6531
866644
4685
44
270650187
1
37437
486
886673727
425952653
6165416
2212
185053
1382842
466991954
8913928268
53
741
868058
2455308827
615
1
707102581
356227842
8729
24
26017934
85483049
2444461
595719
704
69950518
5815161965
34
53
9241093922
6
7
6736
962255126
23
603
9183941809
942935316
15
9
78132
252
839244
90892988
1385304
2208
4
9514
62758863
345941592
58314
3528369
2758
4033570066
5353603
424
347751
678436018
664281451
287
5
1564518894
6649650
73
81615
87
9
72693
430386458
21973037
2
486
61642118
240432077
61442393
65
903
75715
7381235849
15157
165533093
97630380
8027
8
8341939
10315129
40949
7750470
3260770
39
9060710
606
4408360389
49
91
857324
42492
60
3670655
2468
638178131
586
466076
26696
2148649105
9
483220579
1
5
69535842
2444032
97
9492
118
68819412
732861
1705
2
66
30156
585
1049240
8132499768
41817
9
4
1328145
24
183876
1281144800
8496
836365022
3271955
55505
7840311
33
70213
2
959865737
7128515
52916
7081
2798
905
2270349
178837068
80431
2970056993
68
32
973
31
7705
31130
6952219
938720
3862
540
35
7666189104
8230867901
6866102287
8
89
954606
3115133102
8285826
770
1
199219900
4953
82942
9960
22219
7602387
45111022
14285906
667401857
20
72812708
56483
58884
694
42166
283
295886
48711
7361
494
7618112488
897220
620334
82538240
7125
2081
5533449
46
78
4479
30796
35608
4546174603
488776
9088
2812518
18620
7456353
99720470
68280218
672418
85218
79337
9491052
919
5572588742
5074612
245648
711698825
6107400
19751616
82052
127348768
82581
60
76
945911
9
239863
21
6953928929
5244229852
111
9457511
607
4281919
7940926
8685886
445009886
53858948
2771884
23
27
58
548
92928
45
422059416
411
7985935
252
828091282
6191710
465901
403
532
4582
290
1732010
6
16
3
58463
8823
2133607796
539125
183
103136
7735130807
3
6258845
553078
55
13
7270442
99
5
784099267
6
6419
5681
2
2570089
6381478
386897
4280
203579320
420000
9296366
2017
383437
6
53452829
1
901931556
280214393
8045
34133669
925716839
2
5724067
665
701
8749931
9
249
9265484
850
548873064
90959431
23758726
41
4441401595
8838
8435066
90255471
8868415
6313479792
861
19
87034
1834
67609718
2168147072
82
82883238
685893
67
91
680848
85308
40231
28027
8459360234
99503050
6780362
857188551
13
4090
30928683
4364130
727145
6932896
3
99189
1
71
3
5620383517
4
3959198189
2772184
5
2563
7424879
1102
31453336
3077647
69053163
877180569
20777194
493668020
1
665110081
611
744148
5583420
4
9831171532
6315560
1002374803
5853
460089
348198
4765081
96616327
411041436
661537
72
54
71
545943884
59342
43721
11772
2906621487
2645
95785093
2407101400
4631
55166
3
3
5479031161
6
97149958
95041
70858473
294
95
559235969
67
3983368
42
71719
229979
196246
8086960159
7935
74884
1
8556505
7332891906
7
9488312507
9882
678
6519500876
587
741
80242368
583
7
26229
61752026
9014
143739218
777632759
9342912
2857090
2292816112
8
887485495
425115075
9014
416960506
2
865045269
7
2
98033
2038797468
4946561238
1194
1326197732
6
3136
11399557
2528806
31
64988
2
7200652975
268088525
2967
92
21714
14371
84541375
7494048
595
4935685796
103582028
32789573
18123164
4712571584
640991
48374
73498035
7823332332
56010505
7713056114
57
933
93413
22226959
68675
661677
7354271
12279220
523246119
37758407
5
27919
7473
820567
566787707
37365014
956127488
998619
3193371087
5663899
21
418381459
5199465
668352827
7086209519
573
4230125459
677452
88026691
10
32411
67246
279342
476662396
18
21
4414425
395048707
38029
662
1921576
2055
13
40345
812
8640
7272918556
49148
2851
204516
870710918
851
43
80172
55014042
8996
354211
81
569902238
742372
3
935
815
62874148
6173740
4581829465
16029
92
6
7521937
73242
252
54811
77167
73013
7020878491
721
1166954
2748648397
24694539
474010
2271
2067
5
3297
6370737
7642174319
77820770
2
46
72
364514167
5
49134
89026562
4701827056
13696918
723
41587
1
147304663
2311550
15
17
370555
2051125559
378
6846
435
75
6
66590
7543
7
8338836
801
3020162
713
41
347255962
7472391
754668
8660903876
58526066
5945269
94210256
67050357
18
9887036
38286330
560
9
79743
370829621
8720941727
4
5207114
9422520
8969448
86858
2
278189690
354135
8273
4560
49013701
118761
36869621
195654445
1845
895124719
93830
6254830347
238
497373
95
33712
2275567790
2192714
5119
196
5533076365
656604898
457714083
462
598999393
8042
57512045
3766790
73492
31905
65740329
2303126
2743675714
493
18094
3
3023303563
74
421
1330
2125246
98715
28398974
6442933990
3
12
1282
42800
92682
2
7102
20416235
8
1
285327739
494
640529
1640
81187
72
6765861
70
3
335
516791
24
6160734
752705
1257
718316
7
307
34
44
3622
913
548016
98489308
5
9988990
81
8530235
4381
948
81314
29581141
145
2523567671
970
64780
3
38524
999877
5995958
522
8738666221
32981
68282251
57848272
7402
98
449491
608894
5269259
5769454
514
90
747303
298977924
749534024
974629
9259695218
283
7130576
8207129
453337
94432811
502
49778431
84013
787153
71211566
8359
46582692
97815168
4177742
34456
2874
4507961
710421
4072
7958116
16
869347
3637
399025
997
368534
746203481
31006707
115277
354
4182
7
276489353
3869172939
31
9
81
63955858
1
71543
929823
67
712
3588885317
720799
7
8
5765834285
10
3
306194430
1854825
3013968911
2
50
27
996013504
33104379
4038
7221545503
3
8490773
7767370651
3874706
4875
9534415043
8510806
95643
9999983711
1769
62615
79914
259
2224798825
4
35264
9291015
942452
50
37
6573801559
10
54384
5
619
67
8515650939
711867188
569
9653802920
756
9926771
387022
63181135
730928243
3803
13
847389
386587226
8
1
6
7454001
74790
89886514
71066664
72
6849434
9334441
28
4115082
3405564031
6928
738
9456072548
894
798135479
990347
32253519
26
844
32020460
244793
8
9811032
3438627
229
5520779
845970260
24020942
57
197344474
5
921663
263451947
38
202
21522424
506280769
5313105063
49
8985372
1730
711940997
798701893
69
749516
113892947
34433
4601149
19806
591665
409
608
4091
139
195763
631
520317
989
42743382
18718553
91575
72829
159332125
3790833
36613505
92607466
776028068
94157343
7622871116
442028
7
485
987
6
3450
646080197
82647
616
3
4
7418
5739
30
218164
526159
1144917687
4194423
3958288
7281079405
40
1888
3544681
7351825371
3192022
90124024
6
15338929
4605
3967245
6087364611
43342
463283
452709726
586839146
2087795
32585
19141374
938
120251411
57
2974100
686
393858989
769256854
6098
991
55
72080129
57682479
970
23
9
1132
7983613
649910334
99
295
352678
39739
94509161
72587971
2857247040
135371902
885
24
230130
59307
540141828
645627
75169
45075362
51571
6
51900
3747434
483
526
5792
8882263474
482427648
7510076
6714670141
821735756
31
4
9
16152357
88222
74326171
929538847
2
12944
5786258
62631
837
238
9603
9
1096224127
4958
13
349982
66
114013
258
6998
83
5886564983
692042
831
56173200
3231
1863
6
46842947
318
386505502
841
42
4
556
85338253
15896498
4986
7253
74696547
2
9922
77199193
995
8393
7563
652720559
3804906
2
15345
5555
794358
672336
73414686
26973
8963
43878
3471047373
7
64665321
5683
561
5034
277702
2
10751919
8095609846
435674
398333058
50
287919568
844780670
9984917
614125
427698
4242202
35
298729173
8716316314
99534
3249299
776
30003
8575
86
241387
63
151561
51
1203
25014979
516
401
789032514
574408034
3
46064
8438991
627
61344
597
992966
3531
2
9
985559
6209020
16536966
56922432
739021900
5
91809122
84637
2
34
206216
7152944166
262383326
6563622060
72536
938436
289
764138454
909243258
8310526
47
23243667
445413889
61082423
847467
63015
220
3156697859
168789278
58
9771
5550768077
6146283673
2969609
7713895
559
1
39155
16
221
565234755
9418986151
384140
458008381
664964875
7354982477
3032
38574868
7656
1013024
682
19963
568
652441
972545
4
84795
9
27
6
124950
38
8815
6103
63293
841002230
160479
527489414
5968848
810878
54
8668
58283325
87477467
52595
349340901
3827
49444092
300080868
5652255343
46
806
6598830602
4890
460
66371
8
5976
6506787
806165321
446541
60404
2986007018
135545918
5
948485
177
2399307
74741
42663
494844242
692
627352547
45
8593
2231590646
63407
466123
5948
87
8
463
38655
593223067
17
9544731
7348
116106
2075496
39658
59763
724356076
3485744
3563
4686677
843
7480130
784403
90911
466442
69
1986230
604785376
419
3117335022
9
215055
89
8672
546264312
507512339
1083879124
71910612
6
7536830
654169282
7857490670
6423321705
9323800561
98916
47459
476719
634935312
8400
3850
8
2
631426659
428611221
940898126
71848759
2998
945
45446833
8
65884
794
9094226930
5637812
7289595
9
382
4
1
8082953389
4947642
4
2627352
466228
1498
38
7
6331408117
29691
31700805
775
444407
4990082076
6749532
7
35705079
9764466
606494
7554674994
93683153
690262801
3589
20711
444044611
2
18
4598323213
580690
32191758
1
930
77720
3541
523
393798
666
562851552
9028578
385690
40
1711
7
85
73664
98
844
49
52287087
5400
6
8573
300
6679963
75175271
173
547113
22
86637
483
75266
55514
5766741625
9957
90
158818749
33
74
456921
882603334
902
4491414
6558
5
3994279
3512
9
966609
31883
876862
134257080
24
52603522
8641972
7404
37
71290
8587171
771
770212
3349
4
130760074
642468
191661137
665
4299108703
1615482
881564969
8128
4
70
50
46632437
799
361
2936639298
958059386
439
93272
82
3101541560
7351212
5627209654
202556
82924010
78
339301
66088762
210519
141420
271399
3853
721640
840
6853
2790853
30020
39707286
46
8171
70076
6327918
17270248
505
46092873
4
2164203
62
4
4
1027759
581951
619
59
21546
90704
199
229145187
46
1411
1
9383
1
2
8800338
62476
9727851
1604502
6263595
816773
480811956
7058933362
2249
98
49166
3681343377
7550509
4653177
4835046865
417
7818139219
865847997
1
5268926676
9496
64607758
329
52325602
571472147
604151679
32875
441728255
93404422
304769909
1259
96
115631
50313698
5
9497466004
97947
4633074
4923943
8723
84796824
2649736
8381
10
4
2583567276
6
3421487217
142414944
9777736
7291523663
475781
4380223548
7301497342
87378067
8
6535
4
7807747
453273
770
20
28584833
1677484
330
7
377294216
31
3884940262
483123
3769988
2422229898
99850979
7345553
70
920545
897007338
1631083
4
426218
427
779531467
613251734
83
165
8717
975
344719686
43051
85
380
36
2369937239
12352
615
699
771563824
913237
58380
9162
7941642
28
4342692431
574
8898
469509431
776293641
29803
62766850
10582
60430723
2
903
83917405
273160093
9
7066117
43043781
1533141
26
5467
934790199
41
625917
86935
370
2785
529
599769761
27
82647
270
11
51181852
3951119
9
20204034
3026582
49513
74
846055388
48163
4193518
3467882
2564
3171831
7459
5950296374
9
884291
6
73465
669113
63
37868
46907
481065724
2
14
55574
9325009
33316
96
35270
373836
19
8122
38771673
79
7812
795282
9731334519
294805
1
1
617304007
98
9
5
297761740
98505
2133
2070507
609
7
2495085
5221324597
4125
5384551861
51148636
3067069438
570720957
2273
77
514791807
44115
83
68
596873934
52428
483565665
68633
620
981978659
32377143
3766
1608
58
42075
5
7
243681163
379450
1279289
679076011
54626
86
5
229
2545
97392
702
8988198
708916
21
983
19046857
5053312392
5874
58
4834394191
3
5604
722123950
53103
912203858
3519678350
76
5
28656966
1253313
8
706464408
6205
11
3
32
196
801179911
24913
4
596831967
1
6457
7598804691
360240
308794875
5663123
4353281
34467468
3413097
6767907
110
6130574140
14236
8911923
471804348
8
7
8144
394
7
3
1
145189
5649907
8599
7535006487
8922304997
326132394
75175
9767746
319295157
26495
31552365
9535
72
79506
345944
1624370552
6227781
5976332337
30053
9136
12959368
161702929
607
77871220
92214483
844736711
39819
59
597
50911698
16152
48
323
8335959
614
22263358
88676354
41
296924685
37
58602
7245
1947359
2864257
993634957
668458
885
4930827739
311
1
716017
4666036
262900078
5365532
56
717
9
1103038
4
736938
7
448248
614
144
3
849293
521979
2472846816
38735986
39203513
4
364795
2725317609
5
1634
6896
86907
40
11215596
113022526
6562805094
4708
686
977397
8
87354
930087596
5754
7733516
1088588034
2660804
312073
564
29515
67
941
5127
4613981328
64550756
6
208342554
1262761494
65942
452873723
4930000
10116376
7103754
908
87
5479424917
5994172367
5888448
5643809
39190738
793
3818456708
43
6020
405079
69127
6869
780218471
4028
83656
37285202
675
99080
910524421
856399
4256691
69192850
19476
325293
5
721556
991549081
4173640
726278
2356068
9381528
33217
51629468
6168522854
75
245
8599033
368152
1456
6527
22
1
846
83518
242424123
602156184
830507
83891
3459
80279
770
6016
640
603
764
21487
416
913736
2
433568
4865628143
80948
7824508038
185070124
2207
6345
12943818
5936820533
525
856941
6904740545
819740
19319327
74690945
8340569
6927471144
24575700
7
7380887
937190
7155
992498749
108
5255700
52392
11362540
5511
1292729
833339
9015246445
834
6986480358
9
3894
4531884
3445
1723528
478
88319
307
8620
74
637718
179325276
511947
920914
456430173
49
1488689987
9344224
8394306
270320711
2
29590877
8993585
48
8885065
9
93
306421482
817
9408
6600647
396
59
1591
8273
4809049
3809609
65790155
94533012
61359
3706
6312839650
1994610
61966
7
647
4269
2515
826697607
1142
60
6497015468
4456
13014
4
118207836
1160939
9880794
61469
617822667
5804
847286626
4
2742
93
6728108
893258
99832170
81
4883
1670
513499600
119096999
5807752
809526332
1319
9154303
2600
5797
37533245
4360010864
2367767452
15093
8419044349
8
13
822194
319
306414948
722664969
6
935298
955161650
8360302
1469872
4893146352
36827083
9
749846174
93
6601909
372766579
597055
303757
80868136
565728
52278485
71977
584086
337
62
54910015
6346318214
56
14
353289500
93228962
148725
7150414813
319
51837
4
69
491
64613
5853543290
229490141
1697681141
704
29449345
933484636
5820926
23
2
40157
3319
182
7223250
529194446
5544435
7
688438189
544361364
1
42
5530
4606
9
1517422
58393
75386119
950783115
436755648
9775778
753375
91
2
8125826019
90290244
2750867
8
161
9866820646
38
529
9962072916
53866711
309908
13
13885
46
5494
15438
4500765
268423070
152
4
53
7781104
51153388
1480393
50294570
810
786640153
119775
4655266
189839983
1651830450
26305
509
4
6589
199820
61201360
488096
8866721453
282752
9
879
40872602
5294789642
976
71542
887824
47728756
113
1075540
411
6456
311160761
6
99
7637937
98
47630
642755
1593132
280061635
98103
560788188
34
4374
33
74099157
3
105033280
862934239
169160
465941
364267132
45754147
231138
20627
413
6755
97277664
250239684
5249618
966
78901
2488
68474
9314681861
949959
47
894240822
4576
141
36581187
329222
6742567
47557
403346
4639
6507
557083
3779517
54248
547065399
46909
398478
42613
983999941
362688531
363487063
9305978
34559
3164095
4910
99967015
31
8879887
9833401
233373956
4239480
54004623
392580196
96836
73
50692093
64
182017288
8949985
293
9035
5227794271
150219
7823
641461589
4748086
19938
92722692
464
44
5270
7262469014
667663
2443883
929048250
118
8672604
6896935655
3898
3100429
135413
414771285
2977788
981
432
94964
188448541
402733452
326968
5
183
566
821444
591886
5534
44755
35113859
57367
355523738
85
26985151
971156
297284
69912408
1366
4
341
930166109
3091
81
948
43186113
873
42693
198570946
10903920
2
75808058
419512537
4
46200089
888824690
1513937
3948981
1498356391
87
2938437201
2363821
413920
434
4
8
34588
1
352
8
37
9
843
5927
2857787
59387962
1225151870
61402116
2014
64261
239
497937
54
38088
502234681
772
241
743525898
397843
8359969303
24
1164688
648
80795184
7
4511345
3219048
7122568947
78
79867
16193664
65
203
6666995
80
2350527321
7
8
8283
4743008
5227
39791467
922378393
4336479442
291673707
41
4
69
391
658763856
76272276
759
8
2967
766486
75625
9828178017
2791
83194783
92658968
8
582068501
48955
58828240
538
169
92
66100961
466968
47
302503
120046372
7368002180
8754285
75361269
96328866
9815443796
396148807
489377
6
83081327
8
22878918
81766
92111
472
88136
237601
4944454
831442
53
5
4
9184170
485729
9435180147
17344
41839
52121
48
7096887
5
731
9590999532
294566
66247
5628093480
930
201269665
16
55
883857
110
247
7
298006
333256895
92342382
2
627019265
1372401561
587531497
6052412717
387
11637289
663969
448616
5803805
1682077
792520
19
18101
974216
426
7
3891528866
78
3899415
1512823386
9397232
7946072256
955
3
245507572
1
8212291341
926
59059614
866
6
81535434
6245
44463440
10543
2035128243
8329
1869
92
501
5113
47860470
2577663
203
944
78682798
307
23953197
749707014
9119
9920
9652015597
820
873091
73736
966762246
4451128
5477646451
1149
532556
599217
1695311495
9983907404
976
86
46
299241
52
30
48228366
21927
634
8
15
6
7
87819
441
834518483
2457254
1949
940742
203052840
6513280
3458
7694251
941349
91
192
8813824
2937899268
71314
61651221
880203
88642611
378
6320857
4503097
712973
8
2168821655
89
6
2758838260
46
558149912
6443545
34036
932322671
777519202
602131781
191788
558
619948
3953
6113
1634
45
646
8
49
7272052520
32749248
54
285
1027710512
5651595
9880168186
908733
249921419
12175
761916
8792
9
577835
341743
4780
97374069
9230538430
4443094715
96966093
5172898049
2
2237
349807
977431165
8
18403
440733
65438795
110805
72140101
5974842103
3273031
7508
293449155
27521
47
96107588
710171
9993
6
3465
5414210
1332854911
42760
9967091605
994334
63
19
7887314
5778
459045
1202
6
8193537828
94948
150173
2852
872212976
11636
87
27
6731
6
2963
1660509
89431
51
47755261
489
7967205661
7
914
60212597
64965
3
214
36391445
7870
677662
95966
7922843847
1233
4218
8041
12
526622
419859
96748
9787
91639
894695158
4399
882102
292511
1677253
8832742907
31275
29
363
71316442
222519
46315060
87061
614309282
5125944132
1135783330
11690
6149440753
50295
1035
563601636
1
67
25153140
2748103061
9
3355
449
7057461385
3
536588
3
20467965
93527
49760
91456200
6755151216
387
381779
332155
21147
4538951
828647350
2956856908
26
90
267873349
706
8
391321064
8051572587
2051760368
80
6861
78698264
5
3625435191
5
193
9520509
42
9
4079106324
13
4
4700898871
23289533
9780988650
9567894
9255154
1662694
664466
2888349307
6806
569
248030
463842
8878
8501733
31
173141948
950081
725727652
564
62946072
87318638
8
55
131
30
74
955742
4
809864
412423015
2663709424
93984
76357390
107197471
7757118
873493
2
3
8789163990
30196
622831853
8506549391
271074
8985999
8017943
2
213603499
610252
9089
500310
2
5507032
805
8969423
5
2
877402
90
5451655157
77187
515375
3384861785
936404338
6531870780
669628
64
6669
64
267
681
753
8045286
4
91
75
791043767
928
34226
7
188
20266282
621
73388128
1518926242
3
329958
7
4273715
800073751
2341015164
5152467536
242624443
1450806887
59
43834
3
21
371588212
697212557
9380732622
541
389449
267
261
4351871
11
7479
778083
76023618
416573
9983952635
3691297
9
88
39041
7869674
222066
1497
7
67964599
77678
5
9
7928
5438
99959
24744
5973
3306811
565
46
8
62570332
1730
3714006160
6351879995
7793
233
2829
48
51070036
8
494283
7552068118
8
29813
373
72027810
22062
52480941
9374507
933386
54252641
6594354
1105
6666059541
49129
5284533
26
4889
11
27465
44737
61335210
55004217
64662
293
9
3185544348
61215492
90
124739
2
84891930
3
751
2216
7
5
82
40120851
85373
243178
57641
96715424
477
41555
48316141
8435563
5063
83
478662
8842816
115118550
4541
92
17657
978209502
972
88
14491
33
9847073
10
84293
992
7903740589
2381
8868189
44
9325
27
462693
5227
7934
13267670
8
3093729
68
77549
7196806572
542136887
86679
8595974062
3135012
2945953
2711179358
82
47
202026
9
766915433
762363
25673365
97
959813
8157697
876954
8926
6164528
143
33370
38
9
783224
943027981
9096
5864238
38785631
426
7998
773747
8071859492
41
4341494
6090856
8842
562
9558819
324477836
2796485
61415326
50
99
35816
1
1199341316
281
4898
7
881000
768708
86
7114
507656
423
5
1833
5
7
8
771
402138600
7
8
4638661678
3988025534
5
7814233942
521598
806640819
7727521
1141794293
11775
23187
35018
6
36
63
6
656603
427291989
8174299170
65141793
1
9290
29087
659112552
4
3763371
6625580
56
1
131071
1994022
6881371176
8075
757
8495039256
27
579733
389
2
4458598
6986205
734888486
80
241012716
7
360507
1
26921698
907533402
52669119
9962563961
90547113
3
167084
41387
299618
8789
7122718295
6691
8421714046
933
196
9715937
1715
520128237
8604
42537784
5306212
4719
1072009707
3
1643
88
2
29530554
4765
2059
710
664491
8238
106757385
6518484868
215944
909
326827819
225525643
2420076826
9740
4833
36010092
94481522
8126
8
4
18
81
8995532
1130
3197576489
652393
526853168
714177556
34001
93459593
775126864
7730965355
607165829
942753
51933
4
493593
7
60206166
142969
29659
152455
19089019
5941344
7536
29341
76584
2079826051
4148
691250326
3154335000
1
9
74051070
15379868
36
4036111
92654355
76414097
76865
961905384
3
428973136
2
986
16955
7548179
9120127
57052
3030730
550851078
29645
8094863357
71
341262179
3177
8
66
57342282
5665
42847
910552
83
8767
361434
36249
775907
3701332
5
736466177
95
1
41383
6386338
9
695145787
5236167
91
4114009
567
863804910
525995
377915523
4380
637
57
7047352
331554
3603802
449331
586
556
104
74939837
4121
5
521675730
637322739
3080
84129
487
36
21944638
50905
26
609125782
655530
53638809
2131536
2
285014
727022
84315566
12
5629557939
31266817
63
23423
50013
3740705
8915080033
2
89329968
7604944073
230406030
8879307654
927
4037228281
76
471545
754
929
2702217
2548365896
437802
51
6386651390
68570
5411
45216
226634252
876789222
5634461
4
92297
456147
142
1936
253345
905461983
10903
6496
895
73422
1811730
53
9534426697
12014
840612
778
65732
725542
39513953
66131712
6
2
33311639
136033225
6394763656
7485
76746484
704
18838033
9
981641931
2
332441745
693705
5
97
67
7123562306
43
453861
181382806
8
585500945
30287812
2781453483
5415209134
317
36056507
343506
398708531
69634280
619148
82
77
6
6
16839475
82797
1015239211
362246879
423
8621
8
99788
6623
73287974
5
76443695
705
1582
34221105
210759
6896
33318
17852
909
834171
92812001
53403805
97
8
93
800062
666581499
99
92312
770056091
6772
5657048
3940
43831062
7171130034
807956
4837952
141
680260
72
61
999222
8900448063
42
40767
3872378
6164
129968485
235
86850690
522148
7967
80
966
1147102783
3345949681
391
11041
462080583
342303
5594050
576559627
6
645
2802744
372
6
30
83760711
2
9338506972
5503
671178
8549
46428
76228451
5605835719
73
83
8
121002549
63
9751
122
873391599
34
8254
735594310
4323778812
5
423888
5
80
5806739
880755
47594
6
8
29
691397707
93
38564227
37
5488792
4897
828778642
40537901
6121527845
14
8501648806
75611
2
697
6706805757
2053645894
932352
70
8270866192
3
2
73452295
57439484
59093
5536779
4258481
4
631545
470217
795723
7558
2435
809
5389780362
9373525
3
3532386
1964
6928
91
958520336
2218
36384
851043558
5985
84550775
960523
789217277
47376088
18618124
84
82668813
6387200925
5914107
537200553
619186
82817018
75346
6043981794
536
28582981
716450
12
5
23952
191930
2332
463
772
71
3
2181959
8770375034
95779
23276460
705
3036
4198572
40
3011318
48
3568479133
7304987
85
4072582
8368261
6314158967
9568
7118
164073
2
9837784
67
50533517
7699
264
9
14045
1352843
90615
897
4452010969
960
492057785
903883
8351
764394
9
3801144621
396660368
75452
455
1515386
8978
9
9866
183
82
1776392453
1532
6
8679381344
8701090
8300225222
71851159
12195
6950285523
71626
897
81
83
37
5
928
33692583
4005
9
290572510
524
5
5735159
419863
7915763034
5484077
268212
43743
4336316442
15906292
4890177749
88
9075
21
3523322
6459
58
517
621652
1188062
48031690
61
28796
849721
420064
176316
1
76602598
412180
84
6482247037
40
322
1138087
3006
727
9074216019
9248117
29
5775
437704129
4
13112542
8663411
6
510930
26414
662
9816208
8392057
54980
15
57
190297
893728002
426148
8
20706346
43562
35
213
92704
7235302
56169691
71024770
1658169976
98078
741
940
91869343
433
7231180987
13369
5216869
765794538
3248723
88396140
885
5056758966
20
796863
2607280
3099969
4771
33590
26402
35082
370021228
45799045
824395
914503
69622
63791
7
82
1
2
841
5
97830
311388
2
112823385
7684666
5049
507
696749633
1573292
4393995920
90
29826758
5849554217
68
25
48117482
9015020
3552
3607872
57103
2250
50597299
41
8004695392
8
8069168301
7
23
758337
56
673
29
87657
1361
372579
342
8838164
79142719
88409
44006065
5
5345
500
852
4950911
74342038
20
1
84613
206373
9419675176
7
192403
8863012
2659674376
26314889
9823
5
2182700482
5433787
58258463
95357898
965311
9749
9562
3272
2
2764
7938502
337841
948
10941
9576
93811767
4
7345
9651047
7878014
8303174
8843
849299264
669039
5815590
35
8910314574
75130052
52
6577
453
94
1060670
79
8767
7420817234
61749421
3715126445
89052602
27346
1210
622395270
13
7
46174529
75
51
35
513363
57
46
7059033677
935217238
35945025
6752
215308967
7136
2
4327
2577401
77
6700
8145
588684934
184
2296801
863658
256305
2662
55588
863497197
5
9978
589951637
8898349066
525273
7220912390
3922356
6333
6022151
8668
79892
10362845
7402
92
3366
15210
68
934
78451954
32674720
1230811371
756789257
2
63114
53485844
516714910
12944
6394
20
7370
98583537
5228048276
46
6019994
957437
96829450
861218
832
4240541
28787
2208901
830800
59062264
5056687
1923
11
7833
82264
6
6146885966
522
718994256
2457
712523515
3576
2188
9262593410
47466814
3808929
7108121111
8875402
3
1
11
3
1495
8524481218
401696358
48046
725505579
571480
97025
11
88761
7219
564
383969243
6737917
19
387661
6780
5
556
38388
383427
427875315
29
42086475
252466
235418
201770
7545495923
18061585
5529429
138235
245620
7930556665
4689
29176190
816
130511497
9
8436319435
4
98621
222
2520242
798
3576259884
28241
9924650
799
52279
4
99842950
53
5740
2
6917
9334002993
347211
7103768860
6377
727
25
4283698
31922681
53388367
469024354
80
9847018356
4040421
34725168
15156778
34052433
1053
4
6703
57843
2930184312
904726383
375563
487296676
651
95863953
901302
19285
36257035
54663
252966865
4963538
2
53218810
4
911749
25610861
13
2
338962774
59868
23968274
16804808
904943
6
7061584
8872971824
32
372
8692607892
27113
1182379
280769838
13055
423083
4
7472
267708
39366913
61
735741
4261229021
47283
302548
389
4
5692
13462349
4
63659
5796059
18
4
9
10319048
34321145
828750
4135663
64
716931614
137209597
8748
8809741
767
766268623
933873919
944
5841842
8176860626
65
1055561
5659293509
6273205801
564777
125
306
7217438952
86202254
7923
301797322
4649649276
77538414
6858583530
55802
797058579
846179996
38
17881293
388752455
6
2
52
45
5090533
8
61
4201198
696504
3151
517643
9465
2871575
6394971
378549
824235126
63863
7072
409
10144
1307962639
7
6472374447
6776
91320012
835885167
75090
4745
490
4122801
628
17523
12
397084
873
88049385
58
9824
1412351
9132
38755
8126
4958731711
2
6491
869841
2286040
7434073
3019
2
4880790
1581
1758
58402100
1158997462
50424633
68
8937458
960900
3381601201
5264
439
999
795
2419023
674706581
96802
979815599
496853
818579309
4467
2354708523
4576661
85
27336
730
22920357
2169598
99402
45
8483
474
389450533
563
4
249520
139355
3
4
290047
990
62
94802745
1
171500421
26850418
5994549
5511638
727922
822577
97
875080247
30829932
5
60244880
3
975237
505310021
645534177
70694127
1350
42690181
8
663816900
7
98521655
9073
869870
296
543859
764
23
36350
323241179
614
150700
32
898081
617457
113
3
18
8963710601
1637596
925
560
877
546
403
255
3401383
94262054
6
795681
696
65372
64544
88586
4164
1
6
2232130902
7
1
26744286
1534741
8
77435077
32456159
18
8
7427065
77
57380
54575665
601415
585
74557
734
124
7
1
5589572044
3274
11106799
71
9336036
3144958
5011727
6656655444
8967
2352
42201236
5969830587
28
61
248193697
26635667
9711183285
9396432
58303566
6925
5
91642
191
447431
72833626
5190
56
61757
7
6669736603
1985379323
9791930588
55437564
59744
345560245
95174309
76
573287
967933
236
282420
8277382087
1810380448
9791
6517
9336
1532
860
260261502
18
4761648
9494228
93
268
929286798
2306780
1307142
4838507
5654153
7
2175366223
2571421
10165483
866662
79685
340001941
9841705
92723
65356216
66965
418122
806261
5453286922
18165
9157941559
5488532
619345
2393
4892
8871
9288903
4405
59082
791623
466426
26607
70
48
687683280
8834
3883687
370065
257
935663238
7777840
40768066
17543729
349929
936026041
466825
584183
559
6102218906
15
30592
5319177
3501
67959
21921
8558152
2179564
30
54475116
101439
5876
933953
74183604
5485832066
8560434307
250289873
434080
12373
344
9200
18377877
5514
453
5
70896483
7223
47
224325
527421
58938
4982570
7
84158163
6303
5430377
238
1
8699090515
2744858823
18094866
2615570590
48718215
51484437
25
71341
81
6476968240
43277449
13665
759451698
5179373244
2204
7
1450973370
5
124034792
5253
742149
5453
1732
49
95648217
43397702
8125
347
90
795
158
2706682392
311
208194327
4440792108
7287177
2747950
8601307
7
340
8407646
276
3
3823273894
41653
6383633957
45773594
308
1552435
6
56
45500575
592194486
37080
5820448
4
3174423
7775375096
2174953144
298142
605171
6
476716141
59842021
567361869
69131904
336
671437471
8528400
4662085565
3947751040
3637966
9660093
3550238
6031205307
95
6328805
8
495778951
73387
900
45
9601675462
62296529
708988534
101675
14508417
654824
90241039
47
93771756
7071822030
7939828191
126
84
463
60662944
417221582
9
62022
7115398914
6
477
3
1845
729703389
891627
611926
337889
1074932
13
658892
9162
334697049
53
97330
2191
855
634623792
317572
430621431
54527
126912205
6786346
761034762
55246749
379
831911
63645532
5
136493
9532055302
2
294299698
95
6882684
862035
5648464
951
94119
5711111260
539293
24076
702
159387528
7881434
883474358
60838
393906
9
10276967
36666742
5738716756
3675071
43601281
5205239337
12
9109031
63971
43110
1847713264
83651078
9
311010
8223
424700406
282814
67202
4652934663
706306
29
226977
69998880
5
6207423785
20
31858457
95
50
2935
151998
88719
639242478
117898
5020026
54
14260
3600116416
6775543983
89
278316
94369041
11749628
28959
46
3546
459
536033621
748918
808
58368243
126
61896
767061
298
6215360
52
4017277
3655780158
6272122062
52522
65605333
11
71
17258
907888521
8598
1574
50
22
55
674715786
702
470573
66561393
37797444
56
9506104914
1994446852
94
7
2
3426727
697966456
7840759940
72
68061
76451689
8023
5447707
45
8528754071
68981
70463
770025
3792755
1694
891830022
484747080
251224734
78184651
8565507109
786317005
3706
20535
7
6372
998160
325
4779507371
8873182
21958742
424345385
518849
6444154923
1143987444
6
40761730
87263
4503406
6328580583
8638
11
2652
2662895982
5131544
25
76299782
3077
93909
3
6980208671
47178610
6440916646
729102
11014
76
306090
7
611685
798318207
31831
1052643394
85
48213
5
9812
56871218
746
581936
452570
515389
3
28962977
62858331
27961
144194004
8750748
755580802
795458
734799302
7135191980
3675
640618
707
385142
433
34432872
7657999
4867875
2729285
253014190
78
2
39229974
5
328
3477184
9
7852717514
535405
17
281147
90150
778
302
567883450
995891
2980520767
2001
433
2
9
4138465425
4942746736
23
405461966
3625405
497308986
236
3489776
48469
95
797
2
34
3
96386
4969
59167
32968
4537218065
1067
3440837517
10741352
806
128
4
267
6448465084
157384111
768540
48480037
419
33294008
32
312770
8
665
623
467008180
39015491
139301354
2
9798849
52641
5
6529391
5006624
521
450998701
93272792
93161919
6456917
4909
54833935
9494
22
252156
6607870
7093
170150141
24341
1469656
8522664200
34762
81
983169410
4101993
54874
350293902
38
3919941
33013
9780567
347
72248
984
3
8128
90
5412
4294948
94818106
9633
1974391
1
71104
25462144
71489439
3445285
986335075
1854
621
563363859
2450902583
42
29217
4084624211
1241849977
93
94047587
57
20847
7706342342
360467
5
5453
5
4133
450111714
742
249469
17696369
9
7035
30789304
937667948
68
5
2655
1794008939
1846
33839664
51540807
3407908
2
1401
421
740871380
8448703392
95056
3230518574
14461666
60
115
8
67
877781
795815
70
84564
8921
15952
94
14399102
1
17
68261
267150
87686709
861
7420
57574649
54595768
9
212047
9
128373112
264209630
415
700305514
2
16719
7
542544
3140822143
873553
57736341
576618
3
83593820
515231093
4835311
737
9544
479870410
313
3931949599
933537
760
7044244071
386418062
767491549
929473
5371995
509
4047742162
273782281
278099644
783
6748747857
1257101292
2476902
7635638
6501860209
8841348
3064840731
7
121
68954
4107788469
2338304
815
732707
55970806
60743
46689
57643
9415674
819
19
350
4396311
4182
45
84245
12
51995
760731
6137541569
666916338
22383
79820627
893744
691124
502823466
385173508
288778
9201
53501176
4892031
41034
4393
106986190
4860
841785445
59
44302
23845
8275744884
513
411
994104754
96
5826614
19886
645155
6823220
937430761
1324800352
26192
85106
8
567
287
62882153
239
6
3099
714
6
3552299931
84515
3
90880
71
8
490029
7
2760145
44
692
9368
39
6447680140
55067
90244284
3007865698
534469
935696981
37
7430
3944
6772912579
223
9967297
50491
95
73313
298779
56998244
2372281822
77404
4522
2663008
749
14285440
6
81
75409
4664123
192
7862
915528
7607353110
525343
733641
63
7434566
64687
6
93
84505
17
8502426815
9
238704112
15792203
389668053
3196997481
643015
68
3727
16
2054
872099883
3712
60580
47
37
51811203
28
86
837
1633716206
7775689
203750670
321782
948818
55266043
690
24483
81
1580708023
2705
2990759545
3526554080
88
559108234
800681378
2157218
887641
26687925
7702713736
68515
2
645452120
1919761578
9619374710
61
70860362
451
407954
85274650
9809256
3442864453
83
498335788
9
4087413
36
532561652
6405
5954024375
92
91
63475
24108
2824
92482241
2419150734
86762
39905
3
5963484
329
328
481
82323403
2569008207
60042
67
72
4880545
3295
6955939241
649841
90
92
5854
782808586
70
6
310990769
97
6
9536
461
3206073
25167
969053
9495284
32429653
45422
4807
27719
5747023773
9852441375
3
3183998854
2451145
2
818678160
7968727896
4548143
5
267775
52017677
40583637
86194732
384541789
148452
6
28832834
6586718
7745582527
3671123
147
522
278
68
851
6000532
73
1300
554
45
8032
335207
281
66
5
6754658
21213634
41175
2
5
6800
57
156282
762667
821453247
3453
9192
4318733825
7018235
12
3072791406
15785448
2904
233667491
8465321103
69829264
11
8756413
57177309
51328745
991790
709
451
1375
6048
8
83
89225
3031563
16176874
3203057
228082816
2
94482
130991
4994272
381
72032
3
60227
94
8625
1421761
7
2
21
752263
9
1424647
9
296527
5031031326
5074979
89
725599
892183241
86549767
2
8282581102
5719498
6897260
338
1
1632652
6770163102
514591906
762226
67996561
8626
2
2
4980296248
3
64961199
504454
823623
4163
6
5389189
107229
236
4478206266
59996037
363375069
544603301
361833868
5
268438
727
70
162377887
313
98746
6292609575
197510
1
91105
67339
583422
5749412
8315398378
445361
22204
6196786
890120
20296098
9536884
5
4021628
1966516
801181388
33
403616
405748628
4105896415
190552
693
54562585
9026
142929469
8
7055870564
881
730639
3289
448496237
825170802
78
974088764
7016782127
9762534
6684478004
76587676
64
12
6246371178
33915421
8983580568
8
29981067
926
4052
59107071
6157323465
1397855446
92733
8568796
78
775
1744767780
52942560
937940243
4856238
900711
4
2753
5492770
2117315
7
1
5
537440684
5792
40739816
83910644
1734
895
5857985230
908709
2743204
17
375455527
335
7794178145
7
3
2883388274
547709
416873
58
7
979542449
67076
90
7
72
95
80
33
29217
594784
7
48557034
5
4320799
3666729082
633847221
76593606
5503320109
18292561
3317672
7
28243345
1012
59
3752
825065168
67153940
5004185
48701
82
9061020542
848
676
69775
12641303
49528
9560749558
7
92847458
816151
43
2080889259
42814
975
456943299
83054
8
1
56179456
5
2868281339
2770473147
787548535
997578
668388
4569
20
341821
89
5
75190279
8
5585084
535928
6866608755
2938
742978471
73130
844230
23418
338
25122
509523
858086
786029402
308084
157106
618
2343
4
33510
102
719213885
90647
5578927
571992493
315192
15
9684561163
17718531
41
660477
9481211869
59
963591868
8673277
4926832140
646483
2773807133
4354
281406262
715336485
3087243493
3089511283
1105220
90933
42439886
473417095
401537
3
786004849
6209
79361361
6542600044
9668299
175706828
7523037383
260
915919
79536
461633
7401001015
9215124
6942
98304
633245492
86897
5681001
896685018
98
798283
499
828281850
95385969
9434811
941593
3366
4
87
55
958
7237
14784
3455102
2112239654
178693555
1941241
849123
6268447
82437419
194404
6825
1
817157604
8275197013
981708799
28021
501143128
206882694
6744463
64428
8066403751
99
8806414418
832116
70
225105512
999828714
74351035
8907158587
74036423
3
86798028
5369940
3957738
260301202
3828653257
5
57365
434776822
2
1711
631
8
335
9
2007
1612233
90
286
1416246507
36662
227
153548
56
4857197
820679143
611199
3
86716
1183464
569895710
74
93676
92839880
1565
4520
187532
4831
6206
410
472094
9671
81159
5432
643
34738690
458
1
8
315978
9620
980475
8404057
7
454
927
55
90
279
7877
720241
609059
35940
69991
91689
430517488
8056180
87234
13662
9
3518321
66280753
21801860
3360323
550967
94389
89
68385
50
34760
1
657
9
354173187
709994353
937
4361081
2449759
9933265773
4
529
903264182
4071189
579824879
19103739
9
4337021207
5961937
4173
36960684
2368978168
624117
2
23
972419
122
961809556
2602
310
8
6475675417
38
5893980
1238
543
42472
3715902410
637572323
417778595
7
28919
84270
751
80734
807
30547945
36409
80
279523
3810
3190
7128999
2708
548143714
493758
3641263
7
8756456
3
648343
253400569
6650345568
660
342
85583450
835120584
8988978
54
30548669
406571
72
635
7308778
53914838
82830935
393375
37
278248
853308779
49
35601
4109282
6
7337546553
44
37255257
7509278
323925
7267827132
98580
439980
3
7646
1
873
91546033
50
99
2843606977
3758339
8624207
28251
6
766942579
772
3783750789
9651857
6
4
349204765
5356
23
27
1036459
61
7209
122635237
984484
202734
316
41599
688641433
51651241
91030
98
456681
1805813
2
938574236
4970060694
492
128
978
7483
47
3
64
32472
48
903935048
9147
8000413563
27
166174225
4530
229917
765144727
1127257689
2
17012131
630745
5549776
57779
65574415
8857
14292
427464
1
99
73961
4416947
1494
26
79746457
5186
25550
4141294207
68574346
36808
209
84924323
990
754
70839271
667
3096
1713
230116
27830
32759
1842519571
3100157150
457670
2001293895
50
4781
920327
6
20328
6608769906
167897
79
75892
4091481
4917210560
78956907
2429366
3035312387
76032
9
5791
92044
909371720
84
6
902
48
2
9042
7738
777
203
1208703912
24
44
30042542
88
4356
3191311868
14114417
211719050
6803904044
74
7854
426
9996
5541841
4537559733
603480240
269497627
703913042
2273
7807611
2697262
550435
6726933
7
23
874874
847
293369
9709
30
9148789232
987010
32
11510
86149
8257905479
98
597407372
334556
90601
20
6
21781541
7
472
361469890
43
12437855
823250297
594
281371
984519
1169062247
20031
528
81221
7674
5826164
809991027
8529374107
5336
34607474
71918867
7733261
78
93297296
96486
7515
44281910
5593185785
6413086159
1453779
24113
1434617
37969
2
21602986
14
59
9351485
3088
86753469
372509136
237223
73362
1829007177
4
5404850791
5874628
9343966365
4695
20
60
87
3775505
45507701
72090
273069869
2015292220
627097
48
693067968
1197376050
37
25
3694
6980415849
497981
825675737
9794562
259378
6933297
58
109733
67596088
617064023
82773250
13013
63956194
2858
8798704791
14159
717
74
3524271197
80
81183
1212997415
2713
95
4982262315
7502679790
969774
1858896
680383242
7250623
578658
65963744
3499507
3
8081
4299
4464277
17
674541
8
76360912
48183105
7268
296
2205154070
7721652
599528075
7495
94390
8756
71621
3376829982
325
95
612870049
4461753
61288
2496601
487969708
879575293
2317982
758614401
8284480
792049
3682905750
559730641
24582
7670
75
1
96217452
305
62253358
2
4
90558
69101
6322
786125
2727
369953
904941
75893
596382
409602024
7522572943
764
1
3718
9350
21594
328
155779
3058
663
86
545
5457062577
50
398553161
49
87
50234887
76886
2314941506
772
1
2401
9
52332
315807382
478366110
7251
5341936
16396873
140267065
428321
880057695
56
8177132
821
79224
2
2
751066
81
6
8633197130
240570589
6249349932
4
58
9301436643
8462908727
39
8636405710
6892511
9406
6
22
2717
2809694015
4539
197224
1
11542042
11334
957397
972765459
628
60553547
617261850
58
51973
239
963402941
29
945900617
7
6846
271608
776
27
253
6
903078
854503
55623
5452527339
6747065
6396
43438
9389724
98158975
93
986
790164472
4289421345
66363281
11
961679
1
4
5
9
51
89843951
575279443
2667
561292
664810
8
3045
9537
53
65
282957
775
4
567
799192
4520
69079683
28243094
235
8471
46
7161705655
85161394
93562137
56138686
6
498912
3464997
9826
6605
9
8536881
6926150
7896472685
539
1555546899
213
2
7704
7
1429834
8653070030
43553140
55550
91554064
46038
861332
654
30
2038
52502
54976
170914
1568
28782020
98775
51691
79
21
6033
122
497761969
743166
60301158
54338464
25
5711708
3
18
61116260
37830
202972
882
562951526
510
15
4
43843
8957044
3582180
29173985
3535
804267128
7346
52360
622521
663
27247
192432170
928175
47887
702163
329
6
8528850
9
3157413018
15
658
8887786387
151
758132465
1900
10
21145449
6829949112
49249
70240
68535
461455
52965969
68
556
88
524461269
9368
294819
14636433
2
8421720413
2563803
8415309
743183
950301
408
20395630
10576548
910528
3804107718
7518737
1907
3645
1520
4
2664
90
80475
2762
912
911068705
3
366136706
2960006668
744856
4592649011
50
747
31362
918
5351630866
5
3
62342
350042550
45
730682420
78832
773
2007
92606240
9498590
543
7370350
2
8389
8088428313
69111
60180
571135
1201
6198086188
9
9
76420
408620
4668539644
96523
826610879
3
5748110
107373360
42718
1
700
4195800236
1050
4413443320
47964
897693392
972
1172
7
4
542488864
9285
391
20964626
38960
881127448
5
292885
99346865
204592
26573328
7490907209
163531922
2874
8
9621037
7311
96695
52652
614
187
9452
6
5137207
28
9
49
294807878
56
98133
42
80871101
3456301
285285
48699335
8230395
459932
6916
9806163
89
12798403
1
77
747029
74625007
94
876821347
367645604
409
4332076524
90
36
97059
7997416933
48654053
6
189
3344409951
6272805
386945635
86
7548807
7
5719205103
4450472
2814526
52113161
5512
6921467
769545
76916
34
90
8
804
9866
41165134
824981324
9619276998
8068
1
20590461
817
7878024561
118
14
70710
6
9147
3205
88
979321759
7885027
884819
456672
860
4329
3629
2757609
288038009
37
6432630427
18
244401690
88567
127771495
1088
59278065
1
2248648007
3197892
639740090
670
4433510
9886293
96382690
50786
550889
97484851
21
34449
1547672
13
5404
8337652
671465733
99902
203470393
96478
539478058
1616501248
5444955
125104
881
5095108567
8036207152
886187920
8785264
8
4
5307853323
7702
9692969869
8575535165
9
2899
5869391536
5599434313
695384
28201046
678463
9222109738
5212
546
335774
673267645
5702157
931581166
538
163
9737800342
55372
4
649225699
817932725
4
6243630
7554369
49685375
90
8965
573
8882
77496680
67872
195102709
533699286
56795
404277
677256260
89104239
1176873
86315
332
3
7067
844671
12117
405946899
7860933
665
554907
15
9702
4223725847
722185883
8058959794
4106
922712972
1154
152
8420383519
4
5
28
10545008
25886111
5
10
5799079079
674924
1427027
4109
9186
58
9394646227
6775091967
5658490
50651
74
9971894147
72
774104
133629
25
7
633191
86037
6010390
315
4801302
30135
6670462952
1666
2301779697
17193988
96
1514506775
6
794711
95467957
617
4563046802
740643256
293244
9490640901
761408
8598
2138613
297919237
17719035
6793109
5
2729674764
2821
7
685837
332416236
54152645
758
74368690
8491
6926
833
9408458520
92667
25
663
8483617278
747680972
97
513317976
62473
1
9
8571957
4
263673
3204861
9
5684734055
544957
62413355
327
3
1470545
4502012
985452
324
443
4992
7446551255
3982
5
9124060709
2704135
8
780
750
9
15204
6031
181848458
3657589
11374766
46794
582334440
329
378524035
23
3637233
1130370
9054563
2134092216
8729
7086996000
8691997155
3
4536448217
7
77
109724082
231
3048979
9
7
86727181
3126
367
17
73
4
833
29572
93681469
76486413
798
14422034
240
2
511
85203350
97795427
5149950459
46
31
9500510889
54984517
6218
870
90
3
659718319
4266748
4
603730737
8335044777
54457417
263041
82484
9227677034
974997578
21668
264888
2529801535
2
45721
8193455273
23
9
9244791322
19615
5822421
86074
79072894
1983704013
309105300
331
406243694
7964298897
17115530
6868
290
8813795
6536047
7206830
822
3
31150
48681
46852
2019076
91971993
462
646944769
619
55125
48
855
58271441
332297
723508
3912467
1935936
97679281
961671688
84061982
3485
9
3407097
1803678365
4623153
14316
905623333
79446504
4212
8055975
717997213
5549532
91220022
12
6
117
2574519
1527950188
3432
58442472
75
9080283586
4777
68
2535840315
22514902
7703016209
44916494
73497
757550
2
92365
8910777153
5837017209
4081129
14242
9341124
82183
832102119
194
1643531
218149626
7578920265
9740
5712
60977
2
3382035250
245460514
21767
9
8
63
74702316
576
89990794
16932113
9
8151992
2678
120834
1432200
4902137168
24251
7471072
353
4761734484
441998
38
42345
8
3153
426617
6099
623100
405110054
49225
567061750
130407657
424
684607820
278
67
15658
19462580
261548
3
347764
7133515840
681
2420
911373880
155487676
914
50
282278
71048088
310911073
1
7909209
175
2
2606717
351601
159677
6415776963
38947832
766
89888255
59457118
20637131
52322
5738
514015926
1937813719
763
60992044
5133
729
82477
6437903485
6837640685
8558409733
12940546
7573044965
226828666
674003
19
95
66
4206
579685563
5395
1492443
612
2620022
6
448797
7078675989
84
70416077
2222576098
80166
35983179
1
677834319
1623
3810251494
658305024
80189
445792394
67787273
8963
76234916
461
293169534
28
420947779
1851850951
2748438699
12964
279
6
80
4
26
557078594
481415289
4488160909
6902603
534593893
715
9688034
8023479
69362
211597
46284
89
3878
813974
37
154148439
148927
430810
6892
8
79340883
9281890
7
22699468
49
4557
4
9
47712459
143
698
7965
14213888
9239267
58
624925970
2906423429
4198319
17
43093
94384925
60
48619974
6240250466
3931
97
2242572
301469
58521
6491489155
97873
379024
8070
743319
255
5670068785
2
1718
734777137
7362
456
8846829
4486872
99
3032687581
4
5068671150
957
9030318258
21239
471218422
3022
532431666
12182
751725
65111
34792913
856
51961
742036
1966440808
6376189961
7
51052
7240762134
3
7172116
8
8
89
64059215
6769298
63760
4077512554
186017
306233375
8270050
4
281319365
9755
540952
658835974
8927537041
8
9893272
91595
29288
6621461
564049738
6664
70573
821
20100389
6578439217
44736503
64
2781697253
9062
51081
8327299716
4032675
616
9995
90743
407374
2923899638
584
1795254659
6981
83
62485064
93991835
2167
786
5356
7116971
9701091
342159813
44636860
24490
1902
3796468
12253
1809301
464441634
5771067
354884
31880
9895546
769
29212351
858565505
89
75
545
4
618132422
68147
60502417
218617
964135
77580292
4684791
792213600
9926842765
892710
435188444
5
44987
868165709
67510
9590320323
4
22324168
711090809
66
94038
462680947
1983
932258
7
82885
1624
87547862
3958357110
20866360
9
6003
8
4038675957
82352697
61499
44177
451940
3218843
996460325
34365
623786
7901
7209217
487983
98982
121
941389
8500539
14
5
590032
9884678
918438992
52
7262331
7296572
605830114
4
78212
94304619
851009
62556
615
85672472
9394
70356584
92586828
605858750
35530
875
803134
46338
3
47046
8002721127
3904324459
28
52807
7138
3
2480
666529
3749567
76173
604477454
72665615
23
4151567715
761903
875295853
107
1
4665514465
55599380
5
15704
665
6322556406
550734
2001
5541082971
8
7777055087
1460839
1783
8861
98
1
23
7
5
78258
57272
30530
4961913
496007613
183125359
74611461
84
28
5467269255
89
5
22301
8643
84459034
44729389
8
2
529
215908289
15151
3
6146254
4
3044
1937553295
84521475
923939502
429
102160374
26654721
4972413016
99715347
2965827
582
212962105
37
1534470275
5664464
71
4625
694873
70910068
512078
30268285
74
7415249
8
755896757
24777
7371
4
276802
45358
65957248
998711
1948480106
8397
8432920
8720530225
6
70
631
1225
6163070012
9761800807
26994
3602085
766639201
676
1084473917
305320
418306306
20
756611
256475034
118991
8156224743
45
597981
493444863
28994430
9
398
171
6317104951
493
168274240
2
265930623
7
55
30555394
4567388384
52
308487
989680884
963820
2
298
705
82
9913
819093
364
50482
730079706
779774
52
2471
3
30
5191
479065175
24
730666
2129
21119229
39
4670092
29330382
9898
974659121
987392
1745258876
478479106
321034942
7696355490
57
158199
455
534954
4150335
3
72574
3244131
876
594148887
8296439714
4436015
3924
9
80983241
85816875
45363173
94
6586926
640
1883984
462
895186011
56991365
3
2550
81230321
6218685439
63
8155559
78751837
81593768
96918147
172755757
1167847596
1040
4702
2365
1613441406
548
9843936068
22
1641
106253755
54
10954
99109258
8730
661184901
526451515
399580013
6
25
222
50444
384
3
32981400
12726893
77516492
95007543
3
289766217
1422630068
6
54
48722
9293
2511470476
7111
69
41031
460419
4
9664699
9140086
18
27969797
6829607
12
189883
22752911
397862
125300778
875920
9675
88002
7492
86
58
68357505
636888
64
28687
565
7244402319
497757
86342
322802736
45
981
15545966
76177
568837
27814
9985906
3
478579755
966039031
55940091
8237202335
8445249149
4
89443557
39207998
922
2085
8193
7
653042
7013386
7019559099
903696497
943813528
57
11308585
8203351
3728262
83
2
5828
191
7783
1904184658
9
30949073
28430703
3616235492
575169
3903
192809
998146
5614119092
7315481
249477
47809
286073
8407
7413373350
240851
171
183
210244995
9457077
1
581154087
6
1594678695
596402
5
53494
75807964
2483111
140012
111
5237151302
6546913111
7
311
7598938
895614
5074121172
7
4519415060
326083417
10366751
69049
993477257
5526719577
806
43
307240314
2
811
9
59607840
94610
1906480
201027413
71653227
737557963
9543
7748705
540
981
180
492097
25
7033
1298453796
35
29
6163076
98264166
917520845
23858
875
3
47
80
61468
176202744
77523
4951920393
8
44798961
3222070318
71117
7487558
3246
327178653
588
161996334
1
87619446
6
6721330418
88427
523542673
64766
5234
6590
1498013233
708153
5946277
851883
929403464
7043126788
4933424
672
988
264
576655798
1
8086
402143
119681692
310
567
874374
680
64042786
6912
600626547
1998742
867858
81576
24
2096315
682
8853
297
604897
2453973120
539
57
8574
6690789
65184
5879560
80818
94429422
3916146
988114196
8465071
51665998
903638
73
22
4383796883
9987931186
4828
118581395
805334366
24
823239955
3108544613
874
7438237
54
142736523
26389
6
223
40912
894
484190
541181965
101334
52
365060
613034639
3171
4977027493
85448
643608
593
81600
5512501
4559929
7716347927
64
856217
97169070
79516363
34183
8
583827
850647797
44
8
999701195
2
9520786
1824
6035865
540
6327
5130650375
627953791
60
3573957414
12782799
5715574830
2002
3561
4976
6774
1275
385134433
5237247
9714313552
7
73857
8
357
64489
6
598995
316
37
6279225201
585566
5740285318
4356385
19803
72693
594120978
878306084
77670
509
6579892598
7403661
5
550591954
638245
88549866
314973793
53
5351208
6201243574
2507
51305530
3527648
6044
9
421874
827413
2254
8122315
211317209
2398
3629444796
9805
828652
9888
9092789102
760230
84703989
86
566008752
777643
2851
17824
28
911403
228
3335
4248518
5
2
6
204
7494
65350
1
3310597502
878849
80949850
38512302
3486709
2380808
199788
3444411841
3
41
9253
4969736
85941689
50439
784132059
2572673102
7831
8358889744
6933510071
47
8583829
97634
27737
520731018
61858149
49
36984
256759962
587
5639565
20
422331294
6880607854
8100809
67701
3133660963
56
21109549
1227805
202965
7511
16839951
4352516
5880094551
29984
7662
332623
6
824
21
350204852
1
6313
30
5
46020948
5
284349
58114378
18639
9909485
8160301994
483773
38635500
1257716422
9306989
2
367
61842
79620
5734
49629
3
49317
8340
234
14
6
435709
12923744
906246476
444
49
2
8292965
216121
88482
502406281
596
95156
16
8
653733613
473
4124189528
5
9
288142
927580163
629887926
288479658
2381166534
4839834
468820
204
6240
226330
2
53
86813768
239546299
9023651
6614409983
3229
548703297
4621821670
16392046
1593
1
62
6
66565562
7898856
2
403
25
7310470
128975932
9240565911
51075464
867082031
53
4644813
1519
1081071584
4
76361165
349
54
36
7115250975
8
1
7
96
410
83
71
2
847946
241
7756
65654638
89426253
39431279
8682329234
232
6846
6715411
12535
379098520
28
99
37638576
5019879783
4246748687
613327781
546
26
7
34399082
2717497657
864102831
56
1218542728
458531983
44
7
765
9232369010
10
28
47069
7
969
28484
8740
828
830672
50
6732351
1185923
393474054
50176981
5783685
714
503615822
490435
72032419
82652682
455
175
29
386
520066
6224
57
2
548313
588
312619
1809
4317
8
7650
2871028135
67403341
93729000
7133
21708695
7585
96
583
6788390888
42
2146925
481
7319127072
362302
8671250447
612959
618925
11301837
453655
6647956634
31125838
55
48
8140
8
682223076
24
6927385
778631
518
2625
7217776
2864
52
3218
4
4415626
112687115
52779
58951866
988149891
753249336
6
2
2904
436
290632
242024790
4947
9695599
20595
344650
6
5157327233
41249
183026646
99
1242723351
73252147
5698
95
21241
7025905
14364644
56
7958629871
1235790567
2790623705
555277532
970722
10029
877359490
44426391
41724465
8846132830
662
17045287
1
68617680
740790
54
390274703
11
17289
591
290073398
3863017230
607
9786485
6022260130
571245
4281
516
23
51172536
49969
746147
386414504
8758263
27075
685930
5912188
664962361
3634129606
3547160105
6990
5
611118727
325608
28131168
5032
75667847
6248998174
19353454
7595
9380
6
6559632
12698949
3
171
36326
116
1462
14711
27225
758926
587569
63062345
596663938
2361775
81230202
16
4
77008
43533
2125311
6
2
9707518
85689
41181
89
8824
79462
5380
7045
253982131
96
8
771215
343
133859
2
8579416
21880945
6102
9329995
10362475
89044
1
4399
37565
7747
1919746
15149
8931847794
7084212409
641
890304
780073
678678
6469377
590806982
6728176
8798
48084808
7832982
4412650
4028610
996532083
6978593961
64971
120
12
107995485
2
80709993
367011
374830
19299
5256
3299854658
3794943983
18122573
81968738
7407938151
6282426699
99605
541202055
8931864991
88
93649642
6768798678
75548169
5501396
7063747
466369870
165567793
18806178
84261206
126160
271210311
9293937625
107
2526202
7406216548
746
6977713
6879337
13599528
8
6033759
18158
82
5008192100
52383
620
48542401
4729665777
704950532
467537
497566657
6837327
3015
45570021
809697
38
12
78514
36
5524750608
2469602386
5803
8368
79
5177
49903
94
190
3864629654
8346694865
73302
58857355
692570
622989
9194965
1360220
1672
7518776297
9954
12206300
83956
9253
67954
218497347
7714
201
30
643
437155
3210850768
957983061
543820
692094543
8087591946
2
1815611
135313390
3543
43372
611
2506
8
23
30195
6488591463
2
239
62
8
2872762
1
839678
8100
6
847212664
239
70506
644
690519
6606
504
21359
4994855
553
715
16
1226
542
7
58158443
6403324
5
107
23
69
9093
169340
5076767133
28644
35577569
5147254622
8929040
9414446425
10
8238942
9964737
793775
772695891
6189804
4411
62104
4031
88
9357018266
7504564
9
68421821
471054458
7399792
591860
9653
5
314820
5338
7
13
35
664791776
694529
2033
254
56202416
63320
9233529981
3
6758778
343
9
989324
405
227
9079945982
8124
719886
6451350
457305
267013
604034848
22644325
8771572549
93208
4911891
2940
47560
1553701
136
716141547
2087022034
702
6376519
3
222783
8109038005
2
3702673100
886102115
115
6031
18336727
3318
62
145
9368
88669
69
364477624
361502
936560002
23
5480414327
84551
282
71011
14299713
851
8497
66851
867545
5782
85217
1177
27
33
5520
13678602
7242
6961253
6
57
68701
7813560663
8
1797783852
95000184
59868
58
1882654053
368
7
5546761701
9028173
48
679745
425624998
8358529
71548708
1897493864
325361769
93
33
59
772
470133782
44013
85734
37561
581
49194
647198
312737
2882
251
5755680661
28676759
241579
3
8
97299
2472837
98654079
77900
702048448
38185202
6286784
2961581527
36607
290334
45
438089
94173
42
10
93972706
116937
1694539
6
7358503
6
4
1
85793328
90645
1570417468
192418026
5
84588272
431
1969075
489
3186963874
70770
81865234
529542510
857740
903838
737152342
74
613631334
25206640
59639054
8191
83782611
893
2
398929
772277199
811
413
417737138
6220941035
14
1034655658
4780525
81247464
48421
9
837792250
4412889603
80
34535343
84
619591816
56
50684
24085113
459188274
49325517
31685675
8555669
9988472848
55124616
9
125
56
382
885
39893325
8
4
5304398104
539848
83150220
84864
19884
7
99376
1
563187
9
35409
9946673
4847832335
8666106255
856
32909818
8
3769642522
91
71860394
5717
169802
1192
580797111
44
7983
7096740
6554187501
228
640512914
9838400644
217
944502478
784752026
711
349137
20524705
3
2856837
3622698
77897318
401239
433934
4998594994
3250634958
49220361
87586
33
35
314679
5629431
5038
95875832
565274
552
1502173
7
41
20
67503
867660
301
437098
555848579
609
820
6
827005902
415
930570
5701441771
66
9798824
911178945
52424250
31508
699007
750958914
990853
909
661
983380864
120
8
7951815354
30
226711581
301309532
7580794
352133101
15253
8
46
6299480666
24034312
54230
5
9191
7
7971835533
304995066
54245
842951
95467323
2581019039
6
57375806
709
4218
2
953136554
1754
98289
4280
6423383983
8463
377926459
424982698
849829471
711818983
96606
6657
339232
43828997
94262361
212451628
7748
8834482
573811
84483273
87389579
810383020
5175599334
8432479925
8836550838
37
2
3510650021
4641
3
6097
7301
528554051
633
121
2646382690
74
7
14696
66
56364687
470594
71873
124
414288
3467
316
11664
837371925
89530
63102
23882929
6579021
8428
8236514
5170975
6528008
71973712
6024
88296
5
2403
88616735
3687743797
199
9561
276743676
469
16331863
972681
9355488
511005515
88
82654
346939848
144331
706949597
1150
9317544
81796
35742
4074
9512750
348659
9650
28
2629168930
5792347
273893
46
50969905
422396
20064
189
64377
7782706492
5
6162713904
92541237
607
32953446
5
1
2418721828
5866312381
7466670699
10
944412046
41243
749100270
5644
39583915
89
5827266
129
2819347
69890
253555001
698
3068135191
612357735
82565065
4
2991110
52
6
33771
94
424013764
7021076
9772324
94115519
7685
969627545
677
6271543107
788
5918
75
797986
7392527
9
9485
62
3461724
39
19
81056959
25260
1870294
8420732938
883896
2600278
59
20587030
76043
3552
150567558
74
92173600
91021684
488381
4563537096
296
486840
34617752
58
12830553
533016610
5453885
19
8795850
41536801
31678287
9616778618
84969138
854
322622523
6330437431
28817
74819
1721850940
9910005730
8352949488
24638
84485178
9844847594
600
1
24269890
9185865
18
86665
6396095356
1960
73722
2641
88131
811253979
30
289
9851553
68
4365
4409540
35179
160441
480428
8497477768
99984
6
6
6414507679
23247350
8443886810
85942496
984394
470840
8564310098
540
30277
940569845
668
4
1508680807
51798028
11228
3
38
8485496
7469750424
77401
34
575
5544705
364253276
2795285
5871576
9
7007
980
2769531
92354439
56
649
6
6
57049224
619078235
58127
75953
2027458
2
68798
5
6400069924
71278
63
43
5
31190245
24786856
63484
53672290
8
8621951
146
6715
94581
836305825
3000941987
73502
86
554
302667218
5010253362
365756745
35446
126009
5
5
2292284
56
947
6956749428
660
45
8
828054351
178
905473
743627
933740
80
76475179
8635693201
202
80947447
871592648
3179035
417
52418
502474025
1619636
6117982308
4171215
665446
486813
10993854
5450364
839389
1
5
7580
62782
932772
246150
941
7185
234518383
1
5384056
997835
3
94784
810967
7
53741
948
851587
508
5182249
8
96601
9931
86
93331
4614
37428882
71869117
64855
4530161959
4395859
58
62554
104942557
622406
75162
7421799
3923801056
244510
528
6145931926
934466
768376
71490
39
836
98639801
5562596548
82999
1
420
25852
96746
3647128214
894405023
260
4608517
9906811869
420750732
582731569
906
495
32
5959118731
2
4586254
9209649
440255
5641566626
64014530
536097755
2965156
53129272
261658
14381090
2399179
8577
3329820
52171110
1935554162
890828
2555250
718
2189
2079
949552770
693327347
690568
60131
267402
660416
847
1
9
952516163
804653
10018320
24302523
4375908
85179
546842865
1972094288
7
788051
7793414
2468206
522
6890933
260963697
253
3
56121566
3843075569
91559
8695
3443265029
234
833809
701362178
44
39
963
767
2575556750
364458
200
7
5
489
32674209
480
5782813206
13
248408104
570
88
6159696
6375
6
3226943717
6
3762
207537232
4
84063
9442705240
7189003
7849030
4367462601
49
268447355
440
3369
9717883033
228621951
9210
66
5
9521
623
1928461487
593959
10598
252
622170247
3237444
2173163846
326
4
2
96494600
9
56961359
65368576
1
84215676
644461415
2
21536851
86
9951505098
406
32871
18
7378735057
74585
24960
5250
77980
90560
6398778
594672663
46064940
3221
881064
35845
817
676288
46871069
950025
68214
73
91
131
22996
29134
1274
397
5
3200
6427046
99541205
7526
355957
7780
95638763
491090106
893700
850386
2
47
79005
21
90
8033614765
4
470
30864362
30342905
990068
933879071
20564
5251
42485913
923426540
5813
331769661
2850
9
933
2876
6182460
63041564
94531
69
605038
4951657
86524233
5780132
2579394
7665851292
310301096
2
6442752
8697
65340362
2520
5294839689
897
755449949
80582749
88094
456
193690481
988087
6045030
7479766
928465
7
8
2
100
700141
486217316
49
71446649
22945
22
8490100
80
8969737
3632
9340
1914879
3
87881
43699343
611827
711
7304691288
8279350
66
4
56
350646060
326
993308179
3186546033
66429676
199529838
6944984
512487
4523963060
18993
418
39965924
398975086
473118007
711363404
2884083
766092158
391
5546201
192429
632461
72
5091821
45
273893
7044
14
699959500
21315
2509907
8568159
1
60379985
3540774
5279
9
26724139
11184
8
2005691566
58
7165211448
745397
787225100
876532
14
26718172
65353
587364
4784945377
2
9308807666
691612
14
569694
4394
51986
78299
63
390
826267
1662238
107846
7729778386
21
61446825
6580
269440
35510
883274
66072
6
2435621663
345928
9311
380065
39422
732377303
82244
8
97
848058
4
8402389
749
1341
3638941
925
701
6444443906
1094
6
5
168
961962617
4737
74602
330
3423141445
58949
1656
6231
5
44310
9438119
24721
3203
9301
479292
280785296
3312201
1053642520
8371163338
2020615
380656
8
1
278
8033
71
30
865504317
2483
368
3442948
4
8
707
5985429999
59056
939131
1016148
354
729076309
7785
680417
7192
4634520217
16243
4
1
403
83158073
24
191
472644846
69
31
7074
1353222
5713133
3242557304
23414838
7
393
77928
849750351
7119321
5
6144923
1
522525813
9296
939
6614
9588
7691
9
24
7398776
975431837
5412
94
96529458
35
52428
4125764998
9288879
974032
4925
6
74940474
6
59145
527708
14189
48042
62
47950346
8254116544
704
313
56779610
4680994
366090160
384
2
5686
13231
92408630
707
2831
1
59369453
4306
442968203
53763457
463005
7969
5145563937
701459351
67
1
65315
6655
500291
653270
66680
852660
6636557375
1
552510
616
5328548211
8702654
3688706
28
784623262
96288963
735023
497369126
372
87
59
17
5146173827
2708642406
4608
914
698195
58
69
3
8
6523642107
289359059
50
874683
3035912461
6701690649
7668
5105
95
835813
217215
41546
271363
95
8903
467
5435
398
3538411304
51
867131
3
7495
95
5416385
95
953087327
52920103
111592330
684
835
94861537
9
5265545
28063494
59
4541710327
15559
1782037481
514496862
794
195766
5
863
2
4329
8
846340
40
487990239
5100133
71209196
6195
751417806
921
857113
5575
288
66
3080124797
19
7
4043657736
3
73108
98400601
14097
7951
879
7294137583
3538071
1841322605
2298
8206
411733
6209758125
584
758436
5
92
813259
83943
4609393244
4447960
5796201
6005815
387
87438269
13483620
883
6211
882125934
9
95281
42930768
2169
166564
98
8110
5305
1341402165
34043708
5249
4035665091
4447
615314
132
34
6072521
319
1
3892482811
424650
3214033
16583247
41548
130454
10267
9409607
93497657
5739622364
8
74693723
7263
16
4718985112
93
8
42197391
82010694
8256601
7958
660186558
730723855
859559
1620
2628887233
5158
6432687869
51670424
9478118
3095811165
29552
930
242199
43296
23791
35647098
8746033227
2
148703
626455887
884652
391123
187
40
3589429
891958837
134096552
944
24
422852772
655
4600914249
8219
847260
5973579280
57724
36504062
48918875
96
68
438
86653838
35
674
50773753
81
7497674
73
1055660
11934
753
669549
4
7
5919506
368465462
62744
31031
92808431
1978032520
75958
5346534106
2370690
5
344484277
4
807
55
3753327314
767495
2504
174
47
2696
45
8017484
68225
8586046722
52573141
848
2
442
65382
974569498
947
123
4264639420
55
110782706
6626603
673
24758774
936962593
8303013740
472862
133417
6154
89
5033238991
7016535457
10
647861808
728
5383832
29663559
350
31
22
8357
9562
4091
4
19
628110
600474011
47312563
222
5400222529
2369
5135219
4132
8457353428
30
337
61341600
1164
84
3265
251516555
51626959
9162751622
90949175
849
1467975
2434144848
435625743
7296277281
19
656
47534
286
823256807
71
867119
5164055
746299
30
8872038202
9982271054
490
858832301
1
62210635
7893875123
307983368
41160
593720
9096257214
2877372
11
142822661
1776353
43370
660308
2
11710830
2207101741
1813860593
579210
86097
35
61
730977
588302095
5
986621
35843
4486
3
6068
6249227
5392
5645
533423
8030
568816453
1126
876
62523
56781432
6
71
564105
226670
29409147
17
9520517003
307
321056
39908259
7
3
10376
2093014846
801244751
240
421
62580
200687
3357335
5657295
68
55996849
5376
7
108
4174025
28
360635420
380450
557
25468054
9235
6
44029541
6062
715358
7336150292
51933534
4
83030458
950207342
55
8
627743002
678039
1
203712
4541
29186
34092
258
694772291
5
51666488
835443640
5
5974
58
2375
8211
203018
4
149
886642
27960084
761449
53
6676017
7
70655529
2808636878
184072
5871917436
716195485
4450694378
4521542918
9145260233
57107136
68074043
5950001546
860060839
438
218583
409755
574002
6868692
6165
7798944
70
2980652335
704
59291939
2572
54898910
870743099
6540029353
45371
9419540356
321205507
4793160361
8890936
882
34310758
61948
9835232488
6437767527
93592
1547198153
89825710
62647
12
247288
51702993
5705905593
130521
997863091
5112
3080
155181383
904
1193166
1
89681013
28209
601224261
7
4
246901742
59738148
59252521
65308771
701
52061154
410
1050087923
5886
2551
397069518
8438
6598
9276485343
1458644277
683172041
54897
8
115819870
45804251
68
35
9
26
789594
16013
7726163
9753879745
32649
60050533
13649178
18264
564874591
8489
306815
159
467803221
699015708
857914935
28543905
24496
159270
85378
514881965
42
493
3
352688
631864
80
9
4866
6
66860
6487889055
19022871
49
889982440
94
62116
63716
70340136
49
6673992673
241596
14
8315
5878
286
6174082
5378904
40520
5676
8
173874478
616693363
4475
10983
18440548
4890716
5861045
1
82955
230001313
9704853033
76203536
531
8824666
9
899617347
5922
9524
87223
437136475
6026348
373470
34
819
9298860
46579
9
8662
40
85
49
8549
65326
7315527
78493
9
1631491
31561286
684
7864938628
4206052
65971991
787468
7
748214063
8464904
3343435
789
7743
102642
107
79
22167
7615629
708066430
2638243
8
1323633844
17296
745399
60102
267024656
1
9500872
6
7703878640
36771299
746707754
686167
248872
953
9578
63196948
6441
2
1221859073
587
1266394850
497
97573010
3331
6
605
6028197764
5059
11031
863
588336183
7881
65346659
203
320
48
93
81
36755860
54
12
5
7042173
14
50621
27719648
876518293
6031523
8923071476
694
885
495
21443598
23718
69820808
562366395
261349371
581227685
62
7468597513
738760
36497276
93705792
472992
7886
6711018438
53134518
34747624
74
34073459
422
63
131542
732
156
434
630951625
708
2929498341
7
9792076400
21943173
201499185
26751
8334996
431730010
967170666
226
27656
785166243
2483869422
366385
7963382
193108
58056
4383
619
720011039
616678
86
67644363
3362487988
2
85332
1
54069
47
27
4718271
20
684125519
7
603590243
1736622
789980725
9
78
393033
51
3
6927100
492
76602
303
220
8453619945
8650627
2
4716
4
394236
5479
702719726
3749699
7103942942
8204962851
73
6
22606931
242
17
44
71
97
1
8435040
1247
4813317736
8293682189
504
90400506
28
5
5604
7562194654
49883
9098
94267959
5350213
59
7235068
4
550040850
66
45
7271922
97296483
3
375800
29887189
734761856
933953651
5
88
46
324353
60950823
318157
3194654
523967
4030
5413
60
68910317
802073
6652
63797769
98725
47
9
9127
560855
12
11317
3144367
285315924
732793582
61
4755303506
79
6
6341
4
2028240224
34039393
8
72
74639
770815
2277081892
2754804
24061
83691651
940
547742400
759441
3
476042
683315910
81363
87695490
9059974
58
19645386
8468355
634128
662463593
138745
414800
3184
60883
483655
414588985
653101
704
360
2272700
354
88252
8197
88
23455
690921345
768902
19
183
364
44807225
769815
45
934
25957316
3
1
632
3499512071
99179705
80015
43314817
489826
67065044
49840
540237
31074449
6181
4521511002
4
780
216
837679
9146454287
786
2471572493
798
73
7959
42883
891036
1
36
48
65
441032624
1823774
5980625533
47
1
2
9
1225149063
27267708
9008855
500650
885265
5220
5064273
9
28728
12041190
869732479
458712
34
44
956
39632488
81633440
507693
28818371
4501
340954181
297566
34
68285
356
1255983635
4215571371
961
67
2
7341
9
2491401956
2656375461
459879
928268
657341
2839369
868024
8034569
2831630
9595673481
7073594
527
1637440
72
98
253
25911958
449
47317
4083794
9116744
3667554428
914
2776
677544
81815760
11
641497
629223
4130
98
81637838
32
208475458
728362
5147668237
1
53
9
31982
66
168
4146668538
21
546
41931050
30661
76305
40532
473
135654
84123
516690379
67
2889297616
21
699
695581
13
5724
40971
5294011948
8618449745
99884254
5494
24484
671011
40175923
218
871
919669871
1445307
5574
969
19
16720
3
81415
3334572
615
3
7930678513
671039305
87639
114130185
391869218
85989361
13
768853229
631478627
586025605
6345128892
236
245577861
5458959887
541002565
9
878624870
7835583
162037390
18635891
1110966
98382
5566046
78165003
24
81053
82
8847109
2283231
2855
8234849889
46
2
6
957
30030894
18
1
6625
5
954603917
4775
6263599
44571
4795
4
18244742
5506
93999739
662
70
39998
34669
442960413
786680007
37916931
307947710
502215387
984327
48
54320
635497
700
71831310
8
2692785874
68042
14946833
584562
9378246
8
300273
2944271
33277182
3175088870
179
4095
99644935
7796297690
865099332
2
2695783992
278
5047
94587
56068
5746431
93225762
903303
6202
90637428
85107800
56
3061286
4
555
209
482338
456781
6547416
903
866980
34
3331407
2252
58
350647324
431492
578967
8156901712
1
6
7803
34045284
61
6213638463
86
9917975
116113538
7
43
902972227
7301
5190
2
33
356123513
833
27
131439657
2231247
577732
349715483
6110933
4557089395
7
232
45
832967
964487593
6723519
74371343
45993770
3743727
94869975
69637
5670
1777053323
5918
182981017
7695000
7987241964
163216
774
26081533
611859
465
514331
8
9580353576
205194
9101
74744
9442465
27305
3464967794
4188692882
49749
95
698
996331
1004757211
241028
16
44
65
42665
8517477138
91806920
155054
1679231450
375
10947
1
8
5450920
19
9278
1742706
5291
491
9226687
218135
28180
18225
4018842472
772154480
2048
448325
5
850992
708295128
23407
1
26014156
49
729302383
584475
8588667
3316787489
3662
7
273597
76
537
930
7
913290533
8
156
2725
3700
7894
7034
817611477
9514959
650799217
1446
1
4965703
5958
380410889
39159087
9
679360
529
787865
2065
5288
81
5480
75535
44944688
188383920
300500086
28320453
2924
824
70865061
95
3
6
294
81
34786
13
5403
4126067
57
87
608026777
3
980677
81
7269
136088
8042
8049638913
1779
9821532
5827939
167611
3237
35
359
77228378
3877
31777
45156
2178
1161115
906627
591627863
777241
246163032
33
8
8901
6022916
81148
382994882
7278174
9527223380
80472
6338961532
3
2778
7398
4316848
80637964
7551638
9270793
8023754
6
10515312
40547
9748543808
7615527
6
6911
760455796
102083237
478924264
184059043
4520221
47721915
9729
4
7
47571914
1138230
449351
98707110
306
985
49929392
15
1109382910
86614
6925420205
745
2516
7
8172
446
900681
221841216
25888061
89681
9819704
2150672
1143893
5
594
32
3
9815278638
299
946009
6989
187816
95
259977
8170
7321525
4525
58850973
8933751
7939841
11918528
85628
91812
54483042
74
238624274
2827494892
9710920671
9656
894827477
745596119
319800
9
9105839
4669007497
722031755
68
697
243260
7875852
1134
741240
6870529
36864
1937
978
223931371
55
36588811
544082
81607529
28
2534249
75
66025
1513
604941
7640242857
7483
78865
91981402
97900
2
68
7
1528
82
4133
7584547
32023
295190
39
6017932
4732114923
8049999
7806
1917
28
266882
5350042
393
437
57
8546
9
770776
400406
3143
8179320313
26421
829114044
8
615
49277
13
2543408870
42
1136
76
6
80512447
72229
768
6709321
1929396
5885
293883216
95363
274401058
2729603
78878
78777991
8
584123229
2859
6
9941894439
95185
24
9539
4795
835052591
76623
43963
17
8934
418
6661925708
1890783099
1435
853983904
1058433335
49410740
4
53
3
3256662
22
1082025778
16914
402736
64
57
96
380205
2643
6883445
5401913
4110253346
9503524
63
657593381
68
349
9111546530
71
7095697
76024829
96
94220403
37
88240474
384108
4675349
478
1
85241
1555
629227827
77
838
6157
7
8
45329
1738
726025859
951185828
3810796
5250394
8184
6418055
48293
7401
19273
9
4881
520799697
7
48
38364
9
331598
50415216
55
8
8999
4459165
45183
210
2168130
44756566
89354177
594803937
2
514
5538400
8394686
437082314
85557
44539
1079580
218667
3938111498
17
6740606140
7
93903
890154174
517052
3010766453
7326
67016
33
88365402
304639814
39
93664051
8960095533
533006543
5965280316
705623137
129
220
52
3568469294
1172
16633369
2438132567
45460
648
89
488479
2
11412
3927496589
84002391
8513800
3391567134
29713
7
565428
89
68
38
395274243
80129
26
248085
8155021426
5789342
435835
6639988
92977
45418
8239617
84294627
9
7836742
97469844
64208
485704613
415
8717501
118069298
38
14211
177726198
9
683
99
11
97
7910575
2
5244969172
25
3
801285562
457324
6434304322
2687
533457
8584350466
3
5347964386
92
17947296
472994
133637
943913
555
191700535
423
4307937729
9614777957
918342
8529
7171
69
520570
2265134141
96921
90
3920405
194985939
355455
1
6
14508
600409
1468586405
2
2630530
491026951
3231
41417
47
9627916
651
379632159
70
28
32493493
334134
500995570
9530432
503818503
713
5541864
1750410016
148091
313529
1022
5900432544
61642770
53841011
573940
259850132
35618599
96
4325638
54091
32
203
6516
57759320
58248
1030579
730594065
551177
512831
7816269
333546
226
84463252
20
167
7435605
776808867
96680
1055596937
2742678832
7836465
81866
107
575323105
6195492257
261651
670212028
8203278
9605
4
228650
4913980
863498799
91
75609019
60
8
8099678234
661759
72
50
12938
3
3590
9045
87
4503151
95
1678
246559
7503
91
62990
7286656572
5470
31
836756
9692493
4299
726353
614125
8103440505
1783
1390935
4957716
624
47081
7607933
753951
1658
588
22
9386
13
3854212481
358920036
29827
9926105031
252
131
7918
51093
60
68369
8
437
3
85
13726702
67189865
8814271
80
9873360248
3021
7220
94
76544
3916329
133
528943
2169552057
18
29216269
94
9928903642
6940436
673692195
3
86636
661631
1051973406
72
73908094
3144863
403
8108
40937
48685401
929376796
71
641526
926762
2273236
8
7371
95120
3989
656
39665
6863
99572
9
384098045
5430
690281
28029788
1277647
5278230761
21684
652002
48996238
248
1256062
78622
97420
4455822571
8676067
16337528
7217304
55636
737992947
4
136620
81
63286
20
54167
30506
4734
57815623
767
4
2815822
71933
6851937
38
593858806
5961316371
64268
9652767837
347153996
5667931170
6531
60624
742364504
248786
64269
790347
8
5656
6170896919
332393082
1970001
60979673
344821
309958
7144
638936634
2513960
4
788481
406309
7518
5
4
82932
984
112351480
60318922
76423
697
80051960
54
7613126
337
4716162
21300148
46453
380
73915279
568819
486
902265661
21335
20175
56978
29609087
4445
60
8
8
5828346
83534124
7916697
6643
5076
87309513
248
83452
553
9435
27009982
99
28533782
103
21
63783
21538
57504354
32108
910092441
9367168114
10480178
23395
9724676616
7
545
68373025
65
466683048
621021
3191866
408
5455960
4931983
6243
8688
984
5634009716
448
55725
1795
3073584473
4460822734
85009
74312
8076984
5719269869
260671551
7980687516
833
9677047
8641
2915
1102904193
2
92017719
1
9183719282
6156
17509
967863
42
536
777
9
589362877
4
29124966
54409189
561
4
387816019
89
70005571
1960291582
8
7231167
11397
2018758
3140002
6864
675328
2
67978
86
8519992294
46729929
225481
9081019
62
9
64683357
161139994
8216777823
700993200
5973025
2
281
741980871
8
493
6768
7276
15240
7
71212
669
4615296
832
6529
49792901
8
963172820
74465048
8794
788332
6351511638
36565
41813467
38528782
751916213
9857
4904262
35375054
2787560
792
60810
740
9938294401
988
43
6
6869816378
101358766
6338058241
600868742
39
329
5933921
6199941
86975
6634706
155194
17024078
50098404
2934
32
370
3290335
553
9342
17
87
91867702
147478
32
2660455871
856621
275765
72658
36916
2123079637
74
215864
7884
6318442218
7
13297504
9781
6
168
6
3
65022
93001799
33044
9876982364
1180
9577079676
916
7561
3848321
4273
7947523985
68891
68487
5
141
577359
8055
9
37177
4412
544814263
4511661
62
92068214
4074853
5862530
43376
38
57
6016792956
27937
63576769
87415
9253609876
3825282
9
2848
29
9
632183
321269073
774531996
5286
4342118
2
9929
2
45
6222554208
3
4982
787270579
373
169
14504
7139427
6722926
74558
3160
71643
9244309
3776194894
27
64518981
5893953
96456683
10
495273081
71735
89
2040
97920274
36848
513345
5262810
590
875748819
25103
309
613295
4
11718670
291176513
47
789804977
556
34619
6785227
733
592
20654
96193
2278432403
349688
738443528
79877
821297
8699634
4077846
88
78115246
877701004
845854610
9
7024907993
8412
8220
2224
4541296664
8971309
71591
87916
128447505
2854173
870
7030561003
357230
929535014
83131724
8434835787
22232836
5398501139
2212441282
56381616
9005454120
553001
6767
36256793
669
83443501
6393791
9721058465
4274403
45
743785
9618016483
16174
589
33138
5494184485
9576
9
9422445
1360
435999
781384627
2536521890
40
360938251
5882
400
3866
153
5106008168
6872600
2971600175
6591886
28692
265
391
9921856
870778646
7586715
3192
7157527
578888176
4224443061
661442
4
6
77
9914097889
512671
322258754
7137
21776
751080884
2764664917
555772923
78764384
415428734
95044
9547497122
951
751415798
62410
19802019
63033
3460234
637
854959127
1718780
70064
651906112
882674058
6
74844161
2975
3699125
287012306
6188
940030869
447651
9005971
9654293
72308947
51
37972
315576488
7718
702550738
70987
60714
5421429735
470227080
1865005
50119161
77120
8597
29966
28095113
263686650
190834
66839773
108942
1945142121
73317641
913663
49156894
951729
66528
498050
46
450
468
824283766
2234424
94636
8
83
5
6444
46
9661491
299
991
90243758
902428
16
97047
72511340
5264646107
51
6930
3004358907
7242
302
56549933
5937003431
22807
1
643
66
32128
162665
6753
6
73
83
3972105
14083240
6403114
2217722804
29087012
185239
565749176
934695465
3
81939189
158217167
1864
96008950
6296967319
34303757
819637
65575846
84060033
4098
53
520
20639
78204
37229
124681
954899
400461
94
6
2
611525330
7092883696
4492737
3703551103
6000
5
21
773174
8249
31
530194470
91297
92834676
95
7417297957
9594540779
6
9849013238
8853221
91
6790714
6051
94
1994777294
4334
833
9431375
60123
284
1247364
545
1646568059
322
1520378
31346737
8816702
99080650
437478795
892138622
31622141
5232
2045
954108
90597399
9764575
88238
83
3
50450659
3531756581
783
336606
30708
962610023
66929491
940
21
35602
784
1808
80241701
55
9271529521
3943
330
589
66349090
354097
868650056
75267699
189553
55
7520927
7694
292115
891
96
284687094
76573
4497
7811131636
922
4830421
1773867758
31472
9
64659
6
4
2
2
8
9555813
9
62
64
8383128
681468
374620
845573098
233
709
60
20969137
64982140
814980053
2467498591
818430110
6954
99449949
77582
909514
56
194139617
3347385561
1705985899
9605
356
8
22218211
6525967612
64
4811104343
2077494587
2
6
9128742629
244854
873023
133
543356241
52077
392406
377305
634
923
504123
176639
1981423
2596514
9449
368462158
982619300
8578
3059
340183
9
13428
757582651
4290046160
9
5995
107861
13
8879086385
8302
184810542
8889502
11713
103884
49
69
630
275
9
711187209
17981152
63
96229
70201
1523
130406675
34145
524
123521617
84613
4448
5
9831945349
4
8688757
5
9
318297358
7813
312
9704979403
31562147
522820981
94486
145815
122857581
4182922317
2636
85265660
1520432454
306120792
2
1
3710346746
4
718
1
96
556954861
5
474221
76
744311252
2061003981
36
92905857
342118713
91
13
3869
31670
766
209352
6617785
87218449
948
686963
6
9467
740
8240117816
5720068089
99141955
38133
216
767897
15
6420
9272
27808
867148
77
9265840095
3651
9751
9332455267
8
96
216
313770
1
4685221830
26308729
5
8763975
39944
38
27
8
72209446
84
8026177789
4363748269
3887198951
765709440
4831231
49
79596482
563726
284866
88108
86218
73167375
415675925
4
37
72
12699
8777417785
73709
4
14078659
818
83331
7798553
702
8
5
7466961595
666
85764710
21600
7
827324
110793
64023171
8464
7970984
6695537
760
32897306
888
52
87841
42
687466099
5139764269
6860918
8488455774
6
40613
389755921
903106
5996
63117
9871
527739885
14146
60
4
8070
2
5
8250356370
11
11856
17
382
115
5428431
48
8560
4
765
7378
3
22463
577547
854500
3377260
3425867275
62861
3
91195202
613764
7
2216
382172
835
5165
827134764
6713715168
6999
991457
806
78
8
5150280
4
504893638
4267
454072174
579767
363982
14428
4646
9
609330
2703
59629
1
25130
8348808
451175
9771
79348
2087760211
8987973
7241197144
84
9714524
39932
11656768
95710
4
664635269
40113
653105
4
8
3
36163
920562
44
83
6
509091
55964904
14
6579210
772
4
70816
3820957728
230670356
6733
126950
6819519
514876640
4
1538830806
160
638668
563511589
148425
14618480
3
2165
2826
4845605141
98
4922
20
5901336
563
43
48
6753761309
6758653176
5870
2214608982
70016
45
2038648
2
928233983
5
5840664
8036234
747203
26126880
641888
8611808
43104713
8805513
66527
27352842
3
5
434699
660192
189
6
816594
957
9106554458
5977509
4
25432
157
666437
453895
106699
670163936
513
5
779123938
4670653
3
1567578207
926880
1335
6
320189806
558
92898856
5952219715
4380401475
9862993
87493405
60
7256304278
60255
34732
84926
9727047976
334296
72
562
73711
15703424
5101
631
7128658
4133276
263666118
3741777
88750
458424
6
8184815868
4
35
23979144
1622697
37352371
67741221
921479993
8
8857
48373987
2
3462
767
166940
89300348
974275144
16
81691
3167888
87734
9671101762
23997
572
5874351
6
7534234944
49
451493929
2304
74355
91287
173763944
3398887
87648615
642746149
228212938
17626020
8
700522
55580650
3
453
8817567
2992252301
3325246
9705658
5
6
3270
973
819806780
56872109
60
330051794
9642547858
164507352
4777
703324
990639
9140418
3379267
386855069
6113993
3
147519
326
750
79486837
2
52424448
70278671
56
170243
202
958
61177
19722
73412293
4
3115584925
15
54635447
6
38853
25
770252
107568
30199
3990694581
50382
443379608
8
58
787673
4311643
42
857554068
8359530026
13289040
7490956719
57099
365925
8170505724
4840
605
32498
7283
275365
9
9
88305
130427104
9239
144960
30
467501967
6521
635
178881
143
548617
60346
549071
798740746
1763603
540
7978
9465526494
277743
609888
199
75
1227
86934010
6697
9388
68640681
2
950
1390
68604373
136
666705087
7735345
9215502
563
992631
5736888369
5072914696
24869
452305482
44821
96292594
1063
82846
606941
39053
683742379
80742483
88307
6839378
2
648
4307885
92894
8617
71234
90745171
7931287
461300817
870157
422466501
37014833
831
45
2
285127939
649964680
1064217
9
769354
72249
869858
475
6158111554
6
28153
9
980618
4
54092496
525
202
26236849
4294092688
2252437
2932
8996213621
957197
28
5748251538
128679699
49346
7551759
3499402
1401601
309797798
8537694
500053346
33973
750375
9326195999
63
67
187
884464514
1
8300
34
1721
198924
56115336
5
6856778215
24815789
310134913
67
19
4207158
48
96608427
6547473
2399664125
740
45
6
49776
9947037
50586
4505
4570285318
685333069
3024295
4669079832
594119
6
380611
815
3171332
1343963006
211
223
403017460
36094949
2
37
9728
691344285
8074988604
738521
281658
8606784302
620
888368
81
60736
87
6200
4847547
252
8518
7230
86175457
1
954
60722
55
447
69786
118596
827639
317057
2613791
372491
38709
8675156
1
7105
87672832
86
9342188237
7861255
2010595246
942267
1875444654
7410
959648
662316145
6421723
1
1557834333
319
991
960088
5345436
85863722
4843
4626733
7845856733
76
31728866
2124088
890645707
4580469
33
58593
635794
3
8
71334735
883
80063711
4365403397
4740754
385
75
2816690136
76796745
94
466082
5732366
6475759
15
431
10295735
67
79747695
8111866
7
4292239617
852963186
66257810
138
83192
780664
7425471144
7981549593
7032698
855
745275829
57
24962
491620
6996564
677
9555687
72028556
6788639475
68384
6759
349485521
2554
8
439
87
832404
101
2411017470
9385366366
37902
1256339
818
60960959
178368
110655875
882200
502815345
474122
135986414
77
580583
19
75
73
74
529
5167
85354
70
541
81921
9812747854
7492382
4525221885
390306511
31
204
50
33
288072727
424593813
2571982
3331
403564
86
46930
7002668606
38199
72629
87695
7639526021
937815
428493
441
5587468292
92817
442291197
115478
883
376388896
1212553286
8717194740
2642630840
6563462279
75
5029363
64
9110866
9949
1668452
107927
91
25964299
58541
71
412170530
24580
3386323425
8
455
89
218
41440554
806
5612458519
751783958
3968624
7457
59
6
1872
74035
202351046
9
96192
341
26940813
85409130
3303312045
11935
94
952529
2991506528
487266331
19646021
46
548513
6030393654
1489
7342195
613872
447562
143
866
68
944317819
254
4452173362
8923736816
827105674
5321281088
35
90048010
4265106
827937906
8026374538
61944953
576654176
1927164
170
8731844297
7
30
6214145811
68477766
79135003
63
603469766
8494127358
75828
38
2443
663021888
7288
5
80435
18
5
427471757
2567632
724286782
874
916484
80203049
743179
43382683
37275
988
21421
6990
39117
5317137961
6467
454734738
15
54104
67
69
2
85
5502656
18
10
31
3
3742368
4510277804
677622687
64947723
8257
83
4458870693
51671240
358545818
16189
33394084
474037
5325592212
6841497
2610558
98767
19
8848
6429651
452
3016
7035183236
364
86331720
42
110948596
804241
288790561
90
4883029711
329782861
93299
91114
131779568
8682
59409433
7433622
3362552
91575
9910398631
54451702
17063489
20796
497
11462488
97
16
628366199
76434
6
149688
2
13751054
51
88903
59516072
2406
123
2597291
799456624
2541989970
85165925
907398810
2370149
87
4875663066
8710
14
7417
86352843
47
856275
163956361
2320
22764706
703374823
79283521
65
406
541
2807
690567905
642222
95938
97341
74252997
984055
75074362
176
269
77
428978
489824
108600
308521256
3348548495
46645
3246
20
11022385
99893
15
875281684
4
1668770575
1902742044
95859
72176021
328653850
3395
524435
89067539
29383
762149660
86276840
58979915
506435
6
475
30546
419
6522
210090
4029
899145457
3360
645
3370
3066
64
12889479
738
44602656
552465245
784
98
517
5377312578
4
841794463
611058916
455555650
456082794
541708
2446
4621015619
40617387
80
36044223
9330272817
7449
1524867712
75002
552801651
3296
7
733043364
764964796
5
8811
88
336062
43853625
73722277
2863
212165804
1285
492
6378598115
67
281361453
93
4832728458
6808
19
729597
89869788
1660515
3955
851
21
4287742
3903373998
438490560
8883747099
640844
624971
1966
1566262
86
55061836
12
11974409
4156
5380
17
4
1
4
8
361823359
8515639184
5567
8463634
7
963613
9481058
3
292262547
4182
621
914076769
8602591542
8472494012
10738
1687399256
812109
293
8976376718
18987
5
750843496
670647
7377
1958359369
8281
3
3554928350
65
114
9091
87184434
3591
53006
5564748
924
49787590
3303
299567
26
2629
68021517
6193
815
14
6684540
95700898
17658
628783
1809
72
839
3101748
662
343987946
88
96571
787334386
903455
340674
3968463478
97276210
76
68
9443863
304
745
5725102518
6458
6889011
7311962
1
82
89061
78173299
37045
2
82022523
341018
3360
39575943
699
5915024199
535383
90756779
709100686
6845
5372186777
3733
834
4641076351
594157
255961
21559610
69182
8115
257
598121
565961
64673
52496128
39
72
53796337
7799956585
9364313
26591
5728972527
6919
50876
93565
655580
935141
4679012
7845
4581085182
85087471
8473442
6
20
15825
49172602
200846
92572897
2
551986
50233067
413319
9
676
2801836696
9643
9
24229
6920
87263327
3801
739
390
6324211
6862180042
6520159621
3811336273
48601
872
114955
57709
21093
92169
98
8410
2414
2
8033443
9509
26204
78045
50
1314236775
338
78947
4
34
4
3934938371
56930057
1086
3060
52550066
649646937
31207776
704
41
19133
7358509
59
788775778
482312
709548
1
437918
6608601994
718
114623507
53
3250102541
62654931
1023
8597575
89
8600338
764
266
1741880
419
4155
44427
6
90452919
825
32003722
38
973
8
17878
60
463679371
1636
6434885825
777
1982
999075
5941
76
86732
2402
57760
70
37
6912716344
8960554000
182
8
8
99410476
902720920
29147256
689
7709355
92624445
4
9091845
98647053
632
253369820
758301
8926
4
5
365971532
5666732
513954211
92265
80756756
8823
7720
667
766100
778918530
4
5
22
5
38759
785841526
254
705
2062588
64760784
3135869006
7
472
588105554
956
390939131
424
6552
6871319575
8196308
7635946685
2603387
1
578289363
50
35018
1
5166425
286399121
11902130
419895
995482836
3066228
202752575
150018
663
3
887842
88910
9258506
865827
2340873228
30
9
69
68
90
35
90
34887042
20900
5
27175
589896338
89099
1926870
47
2256
502330837
972322670
4053
527248330
5
3898211194
357069196
47844
8048310976
55919
1298014
81996900
801261511
987022
5
63523526
389840057
7
2376973892
88806
9246516
212564333
919933289
4063
45002
7490593
938
8806
56661301
690682
4057202171
972629615
83
37626
5
4
9
6
8
40107502
7011799
73
938798
839
5106530
8
964
6
434601
62667
7713
5382
63652267
679966276
77959229
8375736859
75443
5806102
96083834
70
3
14765
14136
734691513
3032
288140969
479452783
636876
466992
14106671
9725771
2
46
64890
181638
67797
6449065130
97470409
99227086
451
840472862
90
4915703
433941
3
631707
3
112
14937538
5980998
2091836
1929890
79972
13
9
422350858
39936
58942469
2296810
2485
1704939
625
137030617
90234585
8642772
57393597
57662
1
72403
41303
9916636
203142
9008094
16
2
55693224
924
325983
940653884
496457
2839339
766553
7782175686
7174865508
182
64
6867318995
991
373068315
5672
48064
5554517265
225
89377234
27809693
724451816
2
464594
790
8316
268
2561521
2655980772
5868013007
6029188304
9532
9221
8543504782
255335
17247
737103
6
460250298
323421165
49937
438587
698
228694221
486210438
57631
60530
9321569559
951026333
9408157170
44288647
107
859321043
3727885960
72058830
1310
1018486
6876139
584159
315683397
6294
6585
12592
47
450
63358
203153
9
7
515850862
33071
70
9
135145
668267
199
34
6168673481
5387185955
7379
92218
61888
88955
4351787
7
25
7
71
5571009773
9864322
68184
138166389
245307007
309
82
80
7
136
300
69416802
944
5226923113
84290
4884332
315028619
3933570638
22
88508388
703387
8489050572
17881453
29172
915164
775
3
63530183
394363303
14379860
7626
7648005
93558
4113207
124201040
69
6251
10
73278940
818247914
21588558
16055
485
70
607
70682425
519431357
13
1037
17
32469
2656824051
123870
4926158326
316
9668
881
795653
694160860
294342825
967816855
99890680
1462987383
8
3955258651
14
244
2431565443
24717
76241
33
5
3
667298
400163308
1886861698
526
643261582
3950
900
9674195
64056
196146
8343707
76865945
546
7908306672
1445456723
35
6945740
665097940
8
392617982
9
1632374
4
2770538
5670162
59
20
5393
9237138
5142913
222
8816
30
493693784
57361
88
2883
7236
2866701
336079
51
592938142
23799403
371482528
8335728
744
52068
9274618
2280135598
4555761
425445
13731
13
9369072
12289429
92149
750345
6441488993
86641
62
5114180689
949999
25
74202747
590
596
67730508
5124211050
9789031
598113
65187635
38
872314507
935
79
1580
6806828233
64210
8801638
821575784
388
4
36
8006938
485716015
21535
282237291
22610645
69
30
525
5763
383831
178524
1
85402
85
9
60562530
304660195
4034659
4318
2705579978
1535706
302
191410
86
719753
61
773
8408
507852
847587
3
35
942
286
78153
7713
3681
7150852051
735048956
572511115
48679737
439844
5204013772
916174553
6249840684
995776
3
3
81
50
962536
270
7932
5801327509
127229
4045628
679104
391
9316386112
215
8
392467
9973
144021794
39
11
5484594
56716264
404874007
319696808
41
99288724
755974
5495
74
4672080810
247
52203
16922808
99429064
513307
243620
72
4894309915
719
8
2918419439
99228
299984
6
94
905
6227649
2
81279
536432
54
1292580048
35
23760626
4724111
33890255
8
6919
116219
551596988
876599
613892
3225186549
8288
7
769
70782645
5
1
726436108
2800
2409752091
224727
387163404
10
9
41083
24285764
4
3528
16172736
958525
63961493
16157
47782
62644028
603
72049
3491726996
1072
9246051
7175767
90
257126207
93581149
26
791
8
5
90352
61
107211165
3210
4
581939558
526737
646191933
52834
99821
1
6205193
2
35
826290
57709
1921640933
88464567
2285573834
64139346
9787927169
1142601155
5081096
4857564461
4
9
2
23
97533240
3986060549
5927
65
525
3
7884657
97911712
76510130
69
985560
385
36
5641502125
35643644
341844
192832
9697
66267364
69127
1000209046
9893
3641425161
91
6
3
73
346
36327681
554778405
7072202919
71407
242649
21
77
6
1
84897906
6387
5
302679774
78346
221828
99
90
849120
50145293
6
7551
253
610
6
7494254668
94
936572695
5657
91179794
28
16100560
1375
389953
47514673
13395922
273971
128
40691
895672
1140346
13806
8485
862
2
19118
19
74940
9843463
4661187721
691628
3675174159
3
156
1438
6691
743729792
724
895149199
5
5181418
3
72488764
28637
4705
6407751742
89
1421284
35
772
87
69
1
9504
9185006181
934697
8
4255042690
482
5294142
521419
3689477
673739082
891542
929
8
752503
77580
13318617
295
9
56676326
327
7247077567
314
5379623752
52
168
42069872
8754673
80639773
5478
562651
180034807
310414
4
11
81006620
943829
1
459842500
3962214847
2247848
96
41402040
17563775
7686210
849693553
660367984
919
8
226829
9540531228
37635058
3
9548
77818
57253613
61131
90688549
21
52285713
74682
1694845992
2468194
87605045
71
55103796
6715
1877392
57927
330068811
1728005040
1
1049
444475
7930
18
5694
8520232
696298
88
16
137
407718453
25691
80
674
26392279
631228853
4890678266
4968392
3587894453
855745
326567797
83399714
4463
68811946
404800848
360617
6807126
6023
30290310
94
34
1
58495
8266027884
93481
7365
8514182870
85295087
15891096
6845924959
30
94296333
924
18
840041
2
9794488181
5
6128341070
330414971
514
7287576520
8
65111958
144026
746430
466733
1723
543114545
3089389860
390
12344374
9163652
45476
200037
5614
8167
55025258
866194
5
8273
140630915
19084278
5514997780
7496395
886801213
242
2062869985
5
517821
5842239
751500
2
2
7424462
5488144457
2103
600025860
5
7765170
1368712940
75085
892451491
6
6568
345
9285
147571712
329
920
2639694952
1436800065
24657336
985
75
917457013
1571
1152
336493
287883050
41200388
460566
113
856728757
119699
3666
34200
47363306
433510041
1569
9262
61444004
90
42890830
5176
53
70
102842
29758
928
58405824
768560
28
6
3187941
5753
36569
3299727252
5827743390
80932
67088
71731712
47133815
39
227591
725749708
658
4
976
1916833227
271199243
10580763
956587
1337288740
285454
2991765973
631795462
43408296
25789995
603
6685691
238995761
997833698
85398
4235335795
61321
196276
8
515037
64385
24046
929
42
488
1
599
85424820
62041
480470077
5
6373861
29985906
204368
7
685
91098
4226370976
5838353
6701837765
1483222758
52064
998
21545
431144150
3779
61588
3
31540347
72
64700264
203897447
6644
998
7503933024
617527637
640838462
61012757
28979
924181
16
54
73
6447
200253493
47649
820
99321168
62
7069074118
92355709
6142
69560
285
9264
178296680
9
820
3204277034
45408
469915
180
2639230341
1792576071
63136347
544
305646
694787
33908
689585235
65949814
4179685979
99375878
26830
437417
25728
2991
664574
911086
2199963
251296
269181577
3
905
84
89451048
684379425
24139
1986
7716
65437
75146
943034
3002931
235150
22983203
50233654
5031395
852840129
2079948332
4279
4
5110757638
16805206
94
87750
91
6
409062
2301
672281
46447
559180118
82643010
3183875
43292601
5
2046861820
312
577526339
841267252
371
6882693
1810091394
92198810
2093
9
167
782945
87454
9632574
217676
1175011
10
6337
8059615
788283
7503025325
325279
4824
5
967
33458
20768
15700081
319
2367041696
722994
8319
67
37
4129337
36369
3808989
4
1740617
646263
1122
67475
32132
520845
690881
887
49
6609867411
58344
5535422
3225
366081
555
231003835
528
941385
46
927948
933492
3077
8306004
3447
935527182
9
51601
66914680
80760
561
169762
5586643762
93216
9882496150
3770
738906
9884026
4675074
497853
1256795826
8214401
6453
8488
486
47277735
5259
19
367225
3
21276726
99775639
1786205083
597
329096
96902963
43
342821156
170837079
4761405255
1582142002
29806890
77
9
630164858
4358415221
864527
629
6586367
2
70
4
96035425
57
91878122
765014960
1679725
2730989201
841780
35306563
633
76688
41584084
405224
1
28
398420802
591542
96030982
445
49444
30
3664
2239805531
52
286878451
226361006
210889003
725
98
5264
2321
863
1
436646777
2362
1
165497722
278308
30933
886468
533
18
8176697
5806
8620656965
498261
1
94277
5452
68389
8639551
19
46
86900
105674
2735968
84
4376947
4
4
3
856915
95895128
4348
7
188393472
62
687
115272
2094
1754807
426
7231146731
397630
427229013
7509
4
47286010
4337
8161
91108810
61
170
8
82
28636498
85534
48
41341
708249867
932
445
3449655968
96853
882769180
5099857
704747097
52070
9
57104
41249957
611
9604294092
6960
255
8188273
9334164
619395531
8
30086290
76346130
940
1
940546521
9
999504798
1426
10030
656458
7325670677
3471689774
74331438
284
3
933803
4569538
45
2279947170
48735519
75845360
13558488
7188
8877
378240
81494
878
82926519
859
762681
840874497
53
322098
5006724
622
79
5958028
65210278
7841446550
5
99839
39482
680310
9893
73
9825136398
252801
35971
6057561596
58867074
3045
848911426
683
5123
34
116208762
969954
1416680997
64408
78705315
419359155
753637621
5068
9911585168
35253487
2599275069
6029073232
4
4750
5394
781688156
5733
45
307582
267
68
8851872
62
60328
360
82474194
173836
206815
22
3482525
1085078042
390711
4128
17
4965861
40507963
196160949
212760
5
8911210895
510954709
1773382
766154851
1239543
340041
49877621
8577978
53
732887222
439
7
67817100
3016
3486
3121813
245
13006
8
750184
905221641
94140086
28288803
232218
7019443496
46
74
82348
9630004
47956
397
71627391
2800066
155113
1
82348
913444
431875
4
854
8
183
3583441203
5
55
55
64
377724
9112067487
47015951
51917
5324173
80384
741
50258
25
6
820
962830707
171635451
565106754
6256402195
302201
3709
16937673
9691480
228
8510595746
687947
1912660306
56018
43352
86971095
791385
5260010
54
78470
1979
9291192504
179
84
5176731
94548054
92
8517465
360
4500287
711
596
414314910
339347
4573117
392
564102783
4
2655656
18302
61193945
7
8
5293
886314
713
5344
2473
3747841907
8296149189
2
79905
386614984
930898561
78143536
3715
38944
699432404
170
186929291
234865
201
535817
3260804478
58356842
381399640
9937
2278
31472
4
26470129
654896
32504
3445730722
1654
77083577
104376
1597137304
408196498
86
6347
93
9612360
3930
480
9
942
380
716
201
7
673614
3021908
824471431
81173965
6934082437
382
553898888
57847820
3031237264
5112
648259
510551908
586
71
632
509434253
9058069797
2
244006
22584353
7025554
6189170368
174
9732446221
4953408917
84
7669472512
6
5418744
645
7644345050
645
8774
262
76546074
6388453
672822
1285811013
962773482
23971
604575805
78
3832854
3
7
5
6630732529
10856080
36784222
2244106
3
99204
71
799
19926
38374
9353132
36
458291
327840
876
7
97
302
977967
98
8
589
87577525
243369
9945129328
29
195
2610197292
84
887405631
1981930
57539028
226
381588
8
145631346
513
5797417276
8092803
3381
477662108
24925
8205900019
70716994
63122
344227
48691523
17836
1
618010845
710720
4064372681
76251
3999729
8105475
547
6491275353
64
1318
3
3043073
6433595760
8
52296132
7
766819360
6588162
5613
860971
8
3
9
37884021
6
20641
153
3
680506
4
3696461
56804
10582
4025
69512
867
3
1
726
9064129614
1091419100
78
6124
18881960
9
5686632521
9807
2
376806515
6580271
2918249
55669
9
7410451702
751344692
9276838882
2349659823
5
9
90403
103
49434
2975
783343
4092472
331817112
6733568
36845368
745227896
87741
6299013
670790
3
3
4
383
14659080
57034
1276401
9853
902768
30760
49522292
5688733507
463
328922
37716925
641
18
5120715770
52520990
5081237383
4592
626928681
7203404
559555427
81057439
25
982995
48218548
1228313
72
1
71895546
158
8448
7821851
17059505
1361
205419704
4838967
8995
7
6
402314
6
921158526
10
1860
8941714514
667
731
56
9818038483
527
401593
683212793
60148
732
2
2584
6031
3668939
11226568
6704
466
6599
4226523174
26831
73058008
2
9
517265
84
5013
902181349
81886387
660850301
421591645
4
9975
675
812368
605996950
7901444827
470
89020
9363016292
6025825
9341
72
553452468
65
7
79
6
7
42
7
6905381796
8527095
41308962
654645482
707953
4
1630209958
6238
55
601060966
6683888
798
2884529297
871
2497418
879591705
83775
921
4824
43737
292009
4442185052
34364731
90
79
217
2349000720
3671822
1354
6247209
49007757
58329
890167794
18445
17265984
670
9209
61
51
7142624559
2380
30
8616288
512500
22768
8
1314773
6
4
296
44018566
602589251
4473618
8749375
78
28796
88
347588
4023
5057436761
79
8
80164
2313857
5
76631
74
2
5
6012
8
73
139
4
3243
3329
609655
16221541
73841742
6088120719
16135
126131
852302
12
9130
5938685472
9528521509
5544
1193880126
659898044
42
3367086334
4372884
7
6568608
9361034
439436428
356166046
4524016039
97
919007393
4686
78608230
8729091595
4252403824
60903
721
3707739
50652664
808118
7295
419
226138127
5104
40720119
878868820
36869422
860092746
67960
92697288
814
158955
3515
7505312854
6
9448417008
574
6142215042
87935
12005392
95
63
24751479
485216369
13097562
19574
4140
1370838
4643034
74198810
5832
22182
339
594568749
651429010
6500
53
12304
41
894382128
72
18150
513335
30186
1
9375
60116
33
2
2969
113
60783
298
957449
1125974302
967436
34
49493336
1126916
36
2
29181
336481050
65815
70333420
28461227
7649928433
8580
3654592156
9146412198
207
1758366791
11079478
9337
7407944382
150468
8
9
96666913
8182
154379
17222670
60553748
9
944
4986
71082
13
10
4980
72
453609
762
9849
928750939
9603873
8748078471
66417511
4447004864
12135369
8983
66838808
94685
26
781
18243325
6
9082
4733812
947
1352324312
8
773715
8
96348012
5855435328
480146539
718
912359
82695351
6150213
22533049
3785599
93004
18
2260
353564464
7
1739
9
370
63393459
270522363
6565821
9017
90431002
1015
9171
6667014
917569530
10912
2
6
77998
829686407
6032
957
1388996
491582405
6
832
2
5
4382
521833
877622565
920173
742
6
2438241
906
4461264685
65720
20452266
3
896564957
444165545
8397
9722325
1021267
55
90175
53
494434068
36642
2533
42442
1
5223119
848
308226593
5847290
5827
6539
2050
275
3654324
952113123
730
631
8
49039
26674
3654289
3
8101
7826335
2
3
571857
37320
4
8
2997
544217
61
35893
363169955
60983922
362766336
94
11115
2952171322
53
238765902
43638
4448774829
9198
5380071
7777034
69769
413
53724
431
3256747
8
849
83061
19651
246
1692797978
2961364602
43
3
87193059
3127
33
758474
5365400
6152
96869176
3048455945
4015450562
6463035142
69273
998738587
460
94
8
70937
1624417401
68
8
45104
5
91
1
116
89863202
6137077158
2396963441
282695407
49023739
191757553
48
6
9672
1790767
544063735
548622747
71203424
2727341732
386
8
5810563
369923300
2
769
94761
6923
61
3920889065
6339053
22695516
1
4
8832
4082798246
27523
7542243221
1196780
9557
504
588136
25
41664982
326493622
89
8912
29794
99098971
80869097
290
2795
22
2
57132936
6153190851
6
536908
187527
782861702
7
82998
62704639
74937
7085347684
2
3806065730
33596478
29012165
6041997884
103092
7
621816597
8
8004281590
513297
711402215
56945038
5453
6
3471271
390117
988588
52
2509797051
596
23
180328243
6378422999
5802261155
96787364
536904264
5
19
37
877681
87909995
4138919
90825370
9761509
4177515
717488
8141
3481904
856
7496711
34337
19
70423464
84288999
553219
1026015
23578953
305539
376606851
9925121681
27195509
97485374
460541
992301
3382
82047573
32480193
910913542
98840005
49839
57
201
827046
35
25
7397963
42633349
4559143
3885566
651178936
95
71206
904386
6243220347
26981
4325692
4562953
741971
697385
58814
7690073111
81594011
3280
438921
685594
1
32504168
40
8060439703
22
3647
6920066251
63
899345215
29043627
6406
793
9820182813
6
7
15592
126224089
5
20630398
2
191749
5538085
6014234
92
88
6022086
790678617
9049
46
6149627
70755979
65207
16
5
415294246
971
865
812324
762166
64291
86708791
13172
37737190
350
342
367748
881403
9
93
480258537
7
44526
3606
38
7859848
32897978
74
63532938
14
97
2902549700
5676664913
77935874
375954075
1
3
8
121142
6603959
68348862
1803634816
9678
4
79
20839
17
2474626
50516183
2
98496
45247169
3387603
7153693301
69249
84
92309
98
71306297
2872746
7133167468
739886
136
29483
48650882
627
40371602
926
226
802
8898594
38109067
9135021054
17858
6670
796
840849302
6879216
1
82
599
9006270927
84
411
654
9223
9193
3392
900794037
723536002
561
405
2875415375
6440701650
9780
420657613
5633309492
74092984
7707342155
3060
83173507
514336955
50040645
879
1629751989
11
4180
1
55280
702777
32451981
7020307796
735395709
644781
66959911
684843
7640737
7
6042
673705332
29960001
78051205
571567911
6657
728982
258993395
5867
550911
99695
57
601266
910
88
21
305035
15214841
3929396422
433937448
357
1312148791
8297
3257
432247
113412655
43794
163399
1409
8300779923
44200
3690935
6
115
2486630924
63
472438
6426844779
7780891914
52165
50347902
5
557199659
5
9197321
8197178680
95
8162688165
545489
190985
3148489
2769
7797591
97511
725
1326876055
235045239
77540
5404001
8200
47
2
616
63310002
842514
60415056
63
6
220363000
852483944
10712
86
8143078
50
98
953912
243815357
546053
3228491
9
2414287331
1698
9572
4322571178
8062537348
62767531
645014065
7847604
1787837126
32118364
31722
65283887
7
17
4926739
16864
834
66418
8846
74722
75280525
98322
752857
4198781809
9497038
41
330
416
146270
846
7174668
38
440400
20838
815377
54
6235630182
8
688546628
73575293
3648
84
1176297
3
667197
46494
6
495230
1306668483
65271462
3915190235
93471170
5344241743
183212326
33
85118135
714164
181059
8596165574
480
13414209
87102146
198633
7489434916
7
2253
73352795
54
741
11973948
49020795
1
7093169815
953
9006607662
8969518
17
44250
31861
497720594
91847
73794200
46410
32
70
2
7584
225364
1888
3474229926
1
271224
91
32
648472569
3544110
66710
2182685637
8111
906731
55250228
6176
86
89
626
477732
1729250
84266
115
80588
85
4901820051
179955134
2653
4216898427
39
13
67209227
93247485
156319
256310
2025791198
4982
7149405
17970
51645921
2210918
7877353
2988082918
57
4844
64001
59925
5
15040
70
697
7884
261375
188610
8251358
4906432
250595
17492
447
5655144
91
3224604263
171257815
8626992645
64088002
665951439
7032569
3
97548
34
572
87235263
93833931
788
8036
46
502093
9
1583
3
596
7
5401327694
13506
1
4374
921
66794
33
59886
234
22
837
4515101506
59630
61258
23960
2488854
294749435
2
14
158998
6973
6218
7337594
3672117128
5982
7
828
185
12510
78
3874
7068293
6244
1032001
89
30368321
3538142
77
3
1
1373
785824
491581
2530
660986
3
44742
5847357259
355
371556
627617
486386883
5661954
8829117
199769
5556233
929
23565
75824
14877986
8577
83
4056595
270965790
616922844
9660
115
616112
31400
2770972
341153531
48410429
1030068
7
8105
7142243
956514990
4178117892
631
76486667
7589277668
93719709
3
40948
90
4870
8285
165
9408
499566363
587
757657636
208541519
2050
248842778
8521156150
9199
7630
720
931427141
25939
60
91
92620286
908
63
6654002
270
351718193
180
1153346
23385
23
1
145091914
6333995
9144
1
8606
3
34
46286
548
264
91737
6
514
99
5
924
10
482
180
543322
22338442
721
91859
3718972348
8
17437
995756357
5740
7
49
677524462
2581864
55
8
59715
5
7084739
2
397
715876
62
7372
22064314
47781173
448404277
6
9992
8852396965
48287
85
96009
864
519
591
891903701
77
9903233052
33707
2
291396
33746
3583
262422
271381
6540
9
1651
86
7417163145
6191690
4496797
6
87149864
8258
240424
8161882226
1
1059516463
751554
515
6717646
599090171
846
61218766
15447025
9
6638896
98326799
39150151
8201213
7
59
62395605
3
1424360546
260446547
3
575
1256310
7256996
78544
4
160
793809
84592361
4141
769485379
8038729
1760088545
928386841
5090284
974757235
6159780
9398917
58562
97232931
199968990
9871626026
926
948661
445
7628227
562
145208231
22515935
9289423116
67
5
303978
229380616
83656
53638
9
35231
1
829231
674
5520
86678
982892
97901
316329870
69
5797
24550976
670021057
46575288
55697310
2
42
77553
8735354
40292
11369363
3
7181109
19
79
82
6541932
95
380797
103
467043611
824032
85306842
16
217
476620
9241799369
17315489
176224987
2868
91702
9
5353410
422564717
295204437
3
8779397039
2875486
320151
161149559
2608
7
42457
92347159
38
22049
418
16
4109344
82825
543
554743749
75384
518014696
9138
35918
6392
652
719469
1
211906
453
212
286210
50470130
4
31464691
69
868162722
46201
566
212403
2156836
9
710063
31820089
439
79
9967472136
3520118646
648879
541459
8768
553
25522231
3493722239
4393366274
443
14735697
98
9
946
679730314
2302
487
112532098
28787
1822
5371315
4
5999757874
8353707528
5
16
136242539
2331920667
453515891
20
1910
265
1016
96371309
7513
29164286
74
999371056
625811860
9718063
7
87196
3
39366
19073
2245432
527
6719428135
75623
81
5648214956
4056
7516376463
36019365
18
8137763
4898
478
5
4052534
188658468
9134
8326382
7293
912
11
276275
40
785124
352350084
51837
52586
5173783187
718
9
66253
46377
13
5560
7
36009
9
15117379
55
5181689
9811
519654634
3176720
706730841
9
725556324
147526241
27
8067067964
5390510008
7940183
6
8057
460763259
267
71207629
802425862
22
41
1253
6121996
6
91551
779784939
930812
8
54723
98
116552
3214170640
9858
5569389
24
2714500033
515
36
800801983
5293547
57
2
89510
629446
4
7
89
89
7265938205
2427
75692
745817716
367
486
84
641
852
320
456
2362406343
68993569
41
3508301
8426
98965
792
7
74040
95
251
5741
803397
32798332
867479158
629120801
68759909
82
5
4481295940
921176768
1
3690
598975159
100
19
90
817718996
65310071
32
11590163
9799692636
5
76699838
1999764782
88608623
10335
648243695
4898
37
8
7396837
50721362
55691
50
868
5
514527
927606479
2
278337
9435539
41469687
1427586172
1869830033
1235
153975586
913
65417615
428
9679
991
3658281991
485
6396
8038
2541356651
1314
85
11740052
9858882
480934
612608
9444284502
4196
4452812
5074
616590
529065
947766975
7306
1911119
24593037
615374849
3260323471
91066123
7901298
1363990
9227573145
2193635
17
5021524
1595766933
279
5361
7576724
6
38610
308442
7
5537634
9
9
1191
979097
929183052
6798
6269
6014216087
2368
78043170
9
9935
93075
74
810286576
1
682122910
9417772
845941264
6648437065
3352
1729327732
8664023
32623
54606305
707731
769
755463
3103623
6127
204906
61
8341772133
21396095
4542597843
7884781442
98262
79
251345481
738
4566
13886
1258582180
77486
4969
15574918
239375
173178
1689554
977125
778861
845260
8017630
199056
373622749
4576417242
5
3051
3
836065
6782
4
49
709508
625
2260
26
3
10641
36
5032621469
5662
16
2
5002
913
9268111
8600
5971864605
6
2524015895
435
46981
3
18
7152736792
83142839
30126757
468864183
7371190
91445598
9823125
2127
29086995
12599727
4139484525
14001
778796
20344722
744847
733
60596463
86371
119719875
715127911
704596064
54099166
39473
115
2
940258535
2745276
34795
493
6381661283
38803
314
235
573915386
4378
291476
373059
1206044555
46194
5438980434
566
6922641477
4
1
748143
9
580
55888789
358623
848
1740
5866388839
9236263914
2382303
13076468
14
21
8336764907
514328
532
24
124133224
799053
7646841
137549902
5911674917
9292
9709
521077425
738
4138
952372
286895
8
4858139825
9464
4219561169
9719617
678
7997476748
3066850
1993205237
538921
651914502
2253935764
39105
837473354
85445
674443
3715
8333820637
85470
3269022
99984416
69756
48
756362
6548493
4596
62752010
58674
12184146
3642051
4
44737
650780408
75
49
39
7
98492019
5382859
547961778
8380548
244
9715224882
578126279
93
1640092222
583336944
54
924992008
631259168
275242747
7276
98193002
93146
326300043
807
3
853651713
7651107
7695423
6359
2
91304
2899
661
237744936
185310
58012569
41
2315766
8
92191974
804424
325285698
93
88135261
1123680625
661155367
71656
12753820
6724791572
9991
698
789730
9823710
136714
3406742
6031752
708844378
467
6010326
91465691
1347
313313
7756852677
2992078540
90
4292611577
5544081
1861937
76294
768622758
3
5355398
2521
3226
689115738
976
62
3139
802475689
12
70387
809753395
8265523466
94
7
6733
5884
3
623
92
38283183
579898886
899
71620535
239864
132248
823031
2175
744
3598768710
33
86731
16
12846313
587562
74575
264791563
62
52310
86
826282
772093020
328
5298235
20183709
23
674
33
21729016
97342
86
90579584
46439198
6575813642
15
302878309
1926873025
68
70
4
338
3994825
513204189
8343169
947
77876894
145
319386778
67449
9
99014864
5864017
5195447
6
62226475
64
53205
5
363
4227038125
258729892
3621005
766
7310252
512
22
5267504510
8
22
3331231550
2
132635
931072
2491
4737656803
80681143
8271173
4552
9486708335
8343
1029489
419
510
9606
467006336
655037044
79
811870
155324289
70
7781402170
6217
665186
4649
73452
35
2
44
92433
5
2295390321
23751262
92
49696
9644886
34
6041108611
51
171
68460655
24553265
4731
7666
95427
704
3
762162
8
129793
4146189
704381
950709613
856
119498099
1120697
83157
67450
656
744949323
3452839954
691514855
50
94
341129
27564
9133565
473868017
6628191428
457
7791503
137425602
5609890
3056
742
5187314
713074132
457942
5687238740
707006841
212442
93347577
8190
991
983903159
7899622
84477
29
48
6436136
23
5321854
49227863
16418
8135874011
86600002
76102
99609
43501
8640
652162
5361569
202
621387
2
5710
89
8341107
6202907435
3908
674
516
81672
8869764158
64588418
792006
42361679
3
25725886
7400160
56548331
314849694
281
12351957
7
32
2
4242134
21
242826734
3821911
654530
769641
187362788
169
522
37449
528685159
91
479129
6558887
7473280386
1738025
828
7724325286
2413
5477212
160035
8641136
5328
314
5687008938
7271034
75383
53
3213737180
3
5722
43969
143094424
387
91201
79619
4992135997
190259
872
89
6775530
9158205
14
5130123422
79368
550
254510
60162936
730427765
7
5793047622
65226003
33
1317342
29304
270814
8
973231
9291908
8
694
583190
9
7851
7056
79
8521185
39326
733530
535928
459316
53053265
14
7125297
8
80708788
8725411
6656
448
989792900
78588232
14645122
35397457
807
307815283
3182854
9198753
197
51
81
1
1
654433
7607
6081041864
702307023
417
29134
9703166982
26960803
9939
5
496
6
319722
680
641003608
472161
2707178
733121
2132540
26844
986117879
432
2937
99
748960
2
118175820
20387638
3199828196
723816
443935
345186
8490226199
2469533120
110710
77044233
284328649
65695
293698
52252
2747691671
60118
1533945
89
1262852
55
34925470
45563
37
10
9
4
32430372
4295209795
446
962714348
955652410
85064986
979
31609668
42991635
17074615
81267
8458467
57
78079
68251
9
35578
934747
2696
28987342
5
3
24502
34374
451121282
7912
133478302
288
7714993008
6595
393057187
8
31
36921
8914314377
19
2958
95187110
21
7874294145
794884
561239
41
1
443753
8634
8
3299
94639455
9
4683145460
26816
2816226
298028001
6610454
89011363
48
85523
634632
89227341
8525780740
7749303
218
568
27
9127033
96138614
6
219832
6263251548
3
5757201
49104141
764430409
3708
4817649
92148793
92
62013833
25
3558
223359929
847176
70055
411
1982079205
29057
7123657
5069049
1331
2
79133
9
3171352274
843278024
4045775309
9370452141
5732660
2011600
2616
87
527471
8925
393790
5727871
5152747
64
34350
3299
685873
9048693
633861
46331944
6026693
81
2
21431913
4995
886253
876900
12329
285823419
649626678
4724693
8506033
87418
6
7235
607
541753878
173
5824
98
7084499417
957504
461
9382
564320
7122
682699
631
8969099916
84377
4514
4898
39
71664189
7005
732126073
513357
3
102579
1
4
99595079
460590
62871229
26
30
2040
400
7652132087
8717284285
78633408
2
3230890
2647
459647
85
3910388
91822
3240592161
3892863571
441965
5723
932923064
3043
44947
3147087
503966
8417429683
19
734546219
212
15193832
2795
679839
4427851
68909
1919287
1402969383
9
5415
4950790
782857203
25203903
6120766830
4
9108
3388702244
9612
313422963
35031716
17
67800766
9380536
18086
732948
3
142
7452
3746278020
933
5
4027
109458
41136446
94209
9664425
8356
1460337294
920
31446985
80133305
152006
9
120
96979410
99671728
7899779
54774
521
5847109
77537
536246701
78316452
8408638318
99991
84602569
85572608
812
692
6
24
176422
1786
105262159
5952839
916074634
7382
428
8439
22253
902
153
3176023
3966
51
4402319381
532868
16711
28443678
89270159
4770708
873178
8
96866
811
64
149257
1
8425
6357796655
19
61778
1679376908
36386
523
21815
856328903
39855434
4108
1488394
83709
2697162905
9909
529315
54946094
1797246
88791
140
215
50053954
815
715970
3
77255
7810884958
130
7879494
68801807
1
800
1
71456
68731843
5168
81
6
139205
62
110368704
95783
79977280
8880381
4029415878
751351515
6807470
423439011
497
445640
20
3987
6492
81
647061709
10770
53
63572
6494
45659825
9596809
2021
25
8772384
785248955
3
9711414564
87964074
6612413978
6
64299044
364326
3864104017
21
5965566909
4274504
68461
15
7877
50688022
6810649
71358190
9
7206
2877285
573888381
6325856860
3206
4821
224
62901168
693423783
80
2295414728
52295515
6688882
8
1034896
860303885
42
2261
50176
18
5
640
55499917
3652
5785073899
67618
62
86406221
169037123
232
1737
54597
631170812
7165892
90268733
10624
101
770740
356641
51700663
688
6761433869
35778752
1792197
895906
4560803962
63
90253
3089931
87916
485120251
6233951
971
624786
76198
43
3835
5815
9
7
6892
2578390957
68231277
986
72634516
36
3040067
30979691
4886
35
85
8097499
5284442
3856362
7095
532612
560973
7861
109985
736196
357
4
87
5
375766
92361
8898663413
2
640699726
6258
54
4492457
6891
419700
734745
9
78
58
94
66148
1074
420672509
4490
245150034
6301987
97
37926522
851
571477236
4
404308026
416418
5705
65091336
7
49376
88210078
78448
1996588
74
2311984
3
8001511
4627730
375055
511
629489
4062
2
193174
28661
365
19713692
4251
60672
3
4069217
3427803211
191
6012778027
222
6
197778
79390
583587
13369
81216703
3
92160607
951654295
9
842428311
462112
46389
6
20144
6
4359233381
5
505602
121708590
527207
919177921
33
493
696
555
978
27570231
1568
52712
48954992
176
3339
2
73
843
71702267
589344
803613
604584771
7297980
45963
6
60751
909691048
611395661
4527147
827912526
5295070
19965657
4797619146
74051697
22699785
5057
8211546552
110164
47
6
2443566449
5969408324
71
76
6
51675690
148345
743382
782
9254064
45
119
40599
479303133
6173850
51842
8174420335
6430245
309
241660589
9071
70710
8044735
73535458
29
538267224
5
4936032012
2614207787
41284683
8126942
115
430170
88965
25897858
2581855718
98492018
2243142
3598640
6
5
53936
102998
7
88750
107924
468159
455664990
8172626483
9144456
9413930
736
2414817946
237
4
9692564
676013781
7231384
917
878692
567733717
3
650
2375979547
5531498125
519975
1
987
54
7657002750
4809
24
36
7279666
275752032
3555412
326
16576
2756353157
90739
617108
723659403
5125377239
32788644
62
1
72
5
244666270
82177
51
4113171873
2
195293
39521
6982200
46851
9734947
190
5639
1150050
5142952
2565945956
849
547
9672
305713934
8342
5206976769
708
768813388
34559498
215265
3
98620347
679
423031
14780
46826
9587480
3247865
118
321
479890
778985939
38
2833864952
8082
8323476319
990519
451895
4
4453546130
6564
2250600680
33
21909
214252251
184457101
136323
80710662
24
7095755
66
7762077345
201982
9221512
31038
96
776207
9600386
1380709577
42284
5746796
83454247
7749
9787432356
359043707
8
933565
35
593082
572
98
4951339214
641330
60
9485
108
2390
706534215
932
96
638522
907305835
5
4189
94
6
7
5354426
9701748
9375026
71174864
187458072
840725
6649477777
653
277916869
165702
9
63
3155
356
952
425885907
43212
693301
5500878666
235981291
49931352
7
17
816399
32
179509
229417
23704
5729
860211
741
9
65534
9
56
79
20467931
47
5000
867104988
8502420494
9499481
271052
3505
99387883
362217100
3102782
4
307332
2631520
527
42
38127
414945764
8
4238673
89
53734368
14027
3271549
9552099
479
38
10
97354
72818939
7125061
482659154
6051
6709
41
41144
1574
9456
3974808183
404294372
4021140271
67083
4519185117
694
8607509288
42896
5112800672
11218
3599
143362
22750993
598
3
35401
5911688
405
168031
1529365
18
4557
2
56606602
73727303
8345
76
5701212170
6671
60782
94862593
792265979
415069
414238100
75636
202035
890988
38084
17547
9
38
96
3586286368
80243968
2
94685
61196
2606
4883
1182309851
61049
331
6097
924
464522447
532793747
24209
3828
228772
925034
5
8319606339
1839
76521344
82
8630991615
2541474064
829500
6288
717
50811865
23
75538
8089685515
199717497
2
86532
4646315
8157262
3870
2448634
46161803
4166074417
620385393
76447
4942
826223
50897612
7083931844
69348
788455
540
395
58445
45180183
443087
3315
40417898
2
87
671359917
57730233
420541085
8063100
44
99
399943321
3207
3410
261
576
366387656
4097835784
81930556
51
454194305
24
14493
8338454314
517731065
7
24
3362769
214544
875
92340282
2960297
3469591481
25328
3052755
34934385
8638
53384333
7591
5
2850692026
76427
16
1998881796
6364
779871
2701799
364
30026
5434103
14525
6896772
1216653
36221
7642
5562
36982790
2
151
600664
2037
4322
69125
91697951
171222
100152069
34
455
97
998
13998
115
9734547
566971489
441505
52
900230
676
377
406422668
485
1857109
3
106
75
13863614
46560311
7184
954
1325
7708155303
622951273
40
554188
55293
139
53951
9094812378
35
23908563
243801
2000005
6798
761555
6346
7
8
290
62415
68129
42
468592493
98655076
89332
597414289
34113
6376056
78049
78066
1
6412776403
247996
502164790
87974
42933
1739656151
8
3920537916
4
3536309928
751422046
7
629551
3
9352653
4410187
403166
7
773536697
1716205971
45197
371
3915268
101274579
9013
502374909
6695061960
6938455731
2
273
9275
5
904232217
93885
5208251032
6712737
20
6
79
859868654
8764
28229288
2282465158
549672
4889415
67
952298
11711
3289
9
44
327
9742
626707
74848565
35230
7314
9780533
1735085937
5317
5296
36307
21112
89962
8974176189
3727804809
645
590
3004
90101
142670007
273
687733
46462
90161
5
750
438
16
8
5694168
40000198
694
6
398
4576409168
699031137
996
70218
8418692
3656
788
5
7667
363012716
9700020117
92173703
6661938
9789
5
49
80
379212
4982960
3478210923
29
5227132
3760300
12821636
54
2
87
3522594
7119311
631253
6244640
8905715071
3
3763398771
886765420
559858157
46284
3337911
843356799
248
13703227
54
30322640
177648
842016304
8
36112
2646
91704390
694
89351
941
9172739
39
407652
3
5296
21
347206630
98657
562
20
60
7
418773
82
2
4598
277495120
669612
818878
7639330464
809
5141611971
901153183
826482
95
1086897875
318837301
6844481023
25
7113874
3704
2196117860
405
3859617
25
2
40899
88999
426119054
5
47
341
51597050
5318059137
7
5887809087
41
9930
8312648
439824
128559
5279365096
86242
59
9
7086943098
558
4
3551
1654708321
897060168
63432
73622
7695874
33060750
35932
1
47565
8
1605
933072
59878
8415891086
974494098
21549
8507
44070119
87255537
1569629
4290
60
325595266
824
6
705071
1
2767789
5464
64482797
4265
32725574
777664
80
930
8460568
8
7304
6
906
322106
949
81284883
660557
9079
3618361
3590755496
745182390
840234
624611
72619
6072865
8143971
9819
9
989
6709
59
9
433126
2722382706
867
6
963866515
8547
29
33447
6001619451
9
4621615
434371788
866066297
88147
41632779
765
705
808855053
85866592
415
1596
5314222507
386907624
81
103296210
173796
35184697
28
28
72
44931012
96574
3
311927224
1
7030490333
91449464
958
2772796
7
851
433982361
697
1522592916
994179585
7
92
7166558680
5453
2889362
566
7
3479464
456081811
48701
5054
92651100
42136378
18238277
9619
26864966
368410
69
36890
937352
9
691953
5051247
9867512659
8
511
842012
2
2
1
3322556
531
597232846
5
10353415
4306326490
210042720
301461
4520052650
67408
95
20700566
1752
656142188
375324
6
31
17745
5939578353
66
7611132
81628
279
456105618
847676
655728
8276090
4
60
2
3352037
199
42726048
767103909
88037931
855579
7777664444
252837
22596
388560403
9
7393578
79529793
771030848
3498743518
7
3691
93174489
61939555
85
9824395
597230126
272168
108
993847
313000966
58323755
94497
593304759
941752
55
2
9784126353
36409
445
545237
831
385877
931
3625
459
9981374
4261
7778
37152
7562
3
1
1397252
988
56
7674
195121899
6498391
5
77995378
4
15290
60348341
3
805
3
21
916
98
938859136
1208597391
52638
178978097
5585049378
324819
924799013
5
5808
9861714208
18704846
6440594891
56171736
2457141290
300832592
71833
880
515318
690963718
2937910724
4306
74264
5364602952
43080
8855362765
8742
793
25
833
84514
8574462973
39351
12335024
362067644
6511
5
6200
7996546
8061588
99
98330
110518
43661
619481051
992579165
7990251
39
3606862503
97521
17866
1934
7541225553
78
32682
157
3662
4222
859614
8642509283
351
500165193
4296000
910508245
5089727
619113468
550269700
42535183
59
136026
9855
14181
897892
78337
10
703079
3836122
717
2156136
21236612
4
965471
1674
5
745
3136177
2191440
503708699
37430
384900343
940455761
83
4428580800
948071
831195
133501
8769391
8685080
746214627
5
8867945
17775487
5872
8
324717912
9881846786
488047619
837
45
146009464
8899658909
38
627949992
54
7901974616
7
169807
2
672727
95555
8817
9647408
965
7192
9
8
79
51059
828
6352
715619
272255
6
42943794
9875825
93193
304
15271578
71847034
57284
92139
8894251
997229
5799352929
75
3843547076
7483685
43522
553342954
4647
69065
689
50204324
25525
8760
85791
3
90758434
4
33478562
589937060
356458
89
15
547554137
71
279
81968
2
48813
4539
3689250931
809011311
378
26292
3723849333
98600
5311615
88305
2869
39053
5408
1061777
504039
2
1316
363
1125371
281966593
15
9
8488560
166
332
905829
9689
772785761
21345757
405596
140
939
83
9051114070
62826
649982867
599
2516730
2027990
5193
91186079
87734
90
6474026
249544493
5497147
9
961985284
4075471042
226109
781811
101874632
888372128
679
99066178
5
644
771031
7047637
7173989600
58
790010875
67696322
6978996
33928
3705955021
3535
8231406357
6
67
419331240
7644140
38885947
183103
9186680349
13
48050
88002032
32371568
4003
5937
32433906
761
61
9145229
746609231
100774
325648
24234452
211
737469112
402757308
5
2565601
1077328
3
834
166164695
411795298
948724
24502
6800045088
6589892
16
8845
9963
677
29432580
7879
3801420
84183
822171
77124614
4188
579
49351502
8523
85
29413
96
9061006963
60946324
6838785559
39740
977858
34829554
11
30
72166
5500159688
823845857
87958117
3
63652193
2749375438
1270879694
2526089117
2463615125
752150
39002419
973999901
1241948932
319381351
95
3326724415
4902992153
764780
5245030425
938775083
831508875
1124118430
3
674
771150528
497
146445
971
3
58
96964
298109771
2915751385
914980
5745807
5
5
69905290
406866506
7
3958
5940476
36446289
7615
29
21
656
87364607
51866303
44
2939
379292
850
1924176
43065982
3147436
19368
3
9814249
52
473564798
25
7073616
7258
617726346
41057624
55699193
2442011191
1248129023
4193739135
4591840
56
99
491
2416921505
6
930499
349499592
714003
373306951
524
2
599
548798174
23636626
621
61662
32
8983446
6804550633
767780947
4
7699
920279682
99
740761
681
812628
312119
8315
603
575
537048408
269
78226
1896
9
1223
624471924
2667574786
74
1
4262813088
1
4414984867
82685263
632
10710
847766767
460
9149
89627258
206
2620102
937080536
3
162030
831012
6021049
36
755
408995394
49987
712195513
11120116
8119526541
9858544829
26107361
34008
650217
17
9042067073
5000
407529550
6049
407
931
39944
92
2220217650
5
531
3989212889
891076000
82
835574
291
2
681084
185597235
9475605
536
34443
9723890
270
473527530
4485471326
7
21053
87040263
68775393
10669
5902
5
52319256
113216885
14
470854
42
9331
77
92433678
5293
8369
756797
90745
903782740
90970
7582726
8321589669
21072
19
820
733356802
52
25
8537
9314
4725
7205862980
52
6
66704291
4045069
63
3482304937
66784
88
8293975
2433
28345
78
6078410034
55
2162396
6
93413635
18335
7544177
544059853
868279384
5830437261
122039263
22813685
8177639442
5186
74398
83196
3780836441
3933232099
65741
78
572797718
9336951966
822
81353
68173
4420
33
75272799
809
6
959
462
9139881
58122
1122453499
69
4979490
23
8
1
67974542
10497
504289448
864723340
3602
2318577
75341495
3
472676815
418
8954659669
801595
8
6
853700860
5187860736
4
44724883
83
2
8
5769
1343
9
73
53146420
194582626
99915
8624141521
5501525939
4475
8
20
6271339
425
8489977
708490020
18386205
60365114
8876
8674897
92106678
9492563
6659583993
9141684269
45555
55039451
48
9439589
6
56121
88
85
2020
2
645
30
9489
9844582468
926
794
4464649
2852009
5
85176
782331298
9538
8852
9639689
8876600314
328704
88654
944287105
5020837
3269
4529202299
996
10891886
638013
8917407
23575641
111061
614835
435900920
933
2958139662
1597329645
6751255064
6963
68363709
18147
5
2
536
3583670
337
783743835
49746044
5957207757
89298
807148919
42254700
6745558189
2
2091
89782755
509
33739906
69545461
340101333
590594
114592
85365597
96095147
3
493861413
878
841177974
941462067
281782500
3
41
391
6298930
7
21225681
46
1739514
93
76410958
187286
18836295
60814600
537511531
521
169
588158925
87
546297530
375620
16
788
117515622
491
2320
8579
5890
36874
83929
2856948609
5476
946985
6908268158
903
512
4479963
4773
95909
9232
4
475
345838310
2462983
5920827570
75221
85823
99
6132
91499790
7881546
403005
38565
574
938765
40058973
388565864
1
8
789
380133
6601
123
99
34210366
35253127
70437628
49971
57839
5
537
2526724
359
308298
8
94000
448911
940877829
814494
604848
75
4747976520
9
6308925
864659393
6066
763
75792746
233
8437
7412136417
35728
413
10880
9093
684
6716
21
49
56889742
603647555
7942539317
1629801290
1589705807
610446547
4430064694
55796
7012817894
5394949
39
467030617
563
31819
105807
72969863
85
3121529571
23428288
3726156141
160563065
352
62201
714
3870279458
362535
6845
919217558
6250498522
9
9199
9166052983
47
66381
413
1479210756
1266768124
229847
498996
366078
470536153
240897426
471641548
169063
721170937
69
15815
805
8508655
37
79947
7900127
18140218
63787220
5969066
737257
20267399
25
1088931488
4
242246
28506723
914397415
59496
69
88
44446577
66873568
80
60476077
7883
8
31
7344165
6582955
720
1
96692996
761
4192969
49
51
51329306
81158
98923481
10035154
8944500
62
307452019
697
3
51
922898644
74795232
20148904
243866590
6
67841
35556143
4
89
5805
1508
4229
1910178798
5474700449
783260
7112280
271589
995724589
5239574
5867505402
847550
1090
47976002
101
4
5295210
93
181
79365
6605
3370
586
206101704
255798625
9
751306576
3139316073
61398898
333
871125
17211
528459
408168760
6831509268
870457
8
363
60851994
102
3567448527
2
8985938
327770196
755
1259580838
4567227856
97243420
9435
7204
945
7
620638840
6
10523722
23825
153
8
3
216217
30
89009235
31107
9815
55691
34599
8
9
22011835
8981917528
4289
28
4154
4836941842
264237
8260239044
8174
822473
492902
3392997959
5869619680
292
5067430
72527
9440009438
9
8548
6377026
96645515
62
6654854036
266
3
811
80439226
52
4
6684905
550681
603516591
9045865
3370258864
1652767109
76329983
7719810
940949105
1870
665942022
44649
8546372
58
664
18
492412966
8
9321534211
371477
2984
4669310
6
50
5
87
490730
6
564401
3
7700027
76
94431430
6
9978
8971325
225219480
1090
1362
12419100
30
1157741728
87660
585712
493
1142
641385
5358723493
7935291765
3580755213
18
8077714
3807
84629246
714
52233214
325974194
2874358
89606
8925339701
9
5377
99599
345
18529
25
936
5020490
329133472
44557
34214
95332513
93893
2093670
6330
81547
4002
426
3701414178
99
983359004
1555526
3285
2603
4597
45
18
2597164096
9
48560
23876
503818644
3559626782
77141
1889713
89
1
323148
314282
3
128187
55876
530649939
69993
9832
3
5933
198413
13054
60
9013
192
525
8700306738
65027
5522
21
69
1021635
8020418
5640667202
585910685
5145
24
1
24866
786
70298
335
84
9752683148
4
9682263
40229777
39963
586314
799075
514
448689
5702
3370059
48984
646697838
3787
77
4
8031
4391720
34010
13501266
7649139949
9584790
5300
2
69814
4084280576
3519891326
519905
590721188
5
98
5035
66640
5
51
82033109
40
45501780
9737561476
42
4143975069
8808
745297
7447605
57138
5324375058
807
70
5
7971588651
5441
802
83491
3
8512430
52151431
237
8319
276
2509
7941798
91
3
5403956685
9
7567708190
6231
6203772
7670242741
526032915
583766647
8433012
66
841042
9999
128652
4
53852
25772023
1123937097
793
249280
9550484
969358
440759219
1173
7432
627
32701711
920255277
2073
8557556
9389372
7777346758
11474021
2057
487576
420891
932342973
7866
11139
70768
141668
7397699
8
71
84053705
187
2
42
2185
982302545
27693385
530376437
213159780
6
184052
1335714
5284545
2279
841
50639
125627058
48983321
87194
16407
94785239
325329872
1125883403
174987
37451
4468
244371
6150121
490
163677
947
1401956
4
297573
23119619
749354
35936905
230131
6175521
391492251
34013
8486811750
294154
1819426009
849312811
173
88
8987251417
689402
46
5386
859
4855
701742444
80
7202897045
224
7612405
273024610
510
1027
9739352990
23756921
5606117
4090064788
677
237270835
7712076
533424607
76831
41873245
250422
3393513
21
311041880
42093744
41250
9157348
93
9
29450457
77251
86940244
8816007
6296067054
15219
9
456897989
342
11
69
6673442
4
28234557
44100
39759107
5276
67
3
4
8420987
524830
1194676
598
9363320
158
472223
648241036
37
1402012
90745
5668
6
810
6965426577
318175032
892545
92
2621038
5616
45418266
9
805901736
2790
7966098
61289143
9801902
1540977477
73902026
6
199437
2914
564901304
53227
3464
52205491
1762940336
121
3
3795786715
3510444817
8554945
4
173694233
657
41474609
635
6
6
826
50543804
6768
9
864841
2625811
73737526
26827597
2710801296
6778787992
8134
5317
29
680
2834148
7095524132
684146
49
10557997
660009356
59
521
9201608830
757
8549
9980660882
95071243
60
5
8307760693
93
4
776047676
374598
89741157
7142631
2521
78701169
769772
2
1
968997
50462803
548
3576
27964333
6038
2677726692
583337
668584
7633
12415095
6
7949167
3418441
1328
994004
691577860
383
630
6
7
4
670854
94
97598
36
7784999237
506
6
51
218
37
3286
62
2794
5194862
3
7
7
81624931
5436491119
27098944
24133238
82450
93515
66993
1
7902
68408
8430091
96078086
45
4864
799
1047466
27
9225
60879
6
6
89180
36850742
1057608545
3080205
945696288
3047
8983485
8
94653
507424624
7329
14
2414025
91705
86498
4
73451903
540067613
86166
810383
86
975017221
23035
6
7
31614765
389122
6
751721402
670523
1628035646
22829
393032
8
7039
48
593097188
1821
613
3609007896
1827052271
70944
56115951
5882449817
964656
18
9
9784311470
898423166
46
72718
235
946861658
5953284328
8
1572915
24
2101001
4989
5171109
9804
66
46
7439388
295
62145
952
1275915660
4
228441
5537011
7637167
5317
5920
4332
2838770651
13935505
3477701164
1412
22412
789812
895
84116
2684296543
8239
7346
341311
6998
5
59058671
376411
636675
227
95
320856
79
480
8571355993
8152660
21377576
1
16
1668281
60772920
5
3030275341
9202607
14430377
6872646
2787
8
428161566
654008
5
5499
18943
53377908
9293633
91250260
73022021
1575272749
19968
183045108
67
90710197
486498
7452792
5881130500
85
480376
314
44953258
277
7
541441
6
8205601
6635880166
989790865
75667
3786446276
1712411994
453050
60
52185461
96037967
56144
4
7
563787236
81901742
7329531668
4002
244
728729
80
271
63
6
822601154
626083
4965624934
91828
909
322851550
277771
730
924025186
6451
738477227
3
55
8598866
341767053
555573
970727981
38
7750035
3216186655
57903
27
740
9614609140
116962
8693180077
289600180
16553184
21457806
58
837911520
3098
8122892
599158
8852383158
19
999
84
91659663
67781
5
30042811
84871
339229373
154
2099028522
10
8
30
20
5847110677
117
657
125486
84674
65935746
333
43
740
33056
43
2
2520892014
6
117956354
8347
535612722
9388490
55979
781224046
94
9
5
948849829
32543
2
9057
577149016
976
739379746
39
971
2188
22186
9315
8799219
585749664
71068021
9885192
9569
761632
831529424
134
902438068
14643
31113330
23880703
12
2683263475
7992166
5965261285
43969
66794550
201791
4568
71169
6231924
5580983
1461176867
388349393
770
9
46
247281118
7267
3064176
944111
34231
1235410
36909
5066144341
700003
60077190
888975311
4361
786132
8987274
982626
906752
687
6268
77223
956
33576698
4281318
9
32401
5157
971987605
852392608
85
11
940
23
97419584
979665443
396
24890
9627
93178981
707
5447352
4929954526
417
9
940997
85851
99929
7867262652
5
3874555377
29
2581242519
718362
5
2
351058
719
72
6550549004
1093397
19
926
3269436064
26907
485416
6418194
46874887
151
874839739
59301
6
30211
13
363411739
479438
20712
774
59
3332
244894
25926
183
489915
4054517362
31
9
530183742
44834632
35931
5454049
602453
55384
734
7
9215744155
75108515
527189481
2731093
718
4
91137
4904507
1056888486
956840
6369
54583
4668
558
192
289299017
8
896881944
34643
902
5274410
802185283
47104
22
72352
9545858173
969152
2851411
139642
758
362
506
1975
589342
99
115101
920923486
6601241
622953219
711334
4756755
860
445841818
9
30089011
171684985
5691493322
4693017069
7630
1893444
68110608
159010
924
75864270
330570701
3024181
75126
7481
47681
96
1198155
3076307972
42167743
273
496318249
269445
9373334984
28137
6185115492
1
6195849444
737391184
2
9502196
63421768
2849156426
9
153720
672838
35
65431259
315
32
62832
7
51146799
12484
1035752
5286
9743285678
3
8819928632
324230647
5490395
82276885
4256
6906601
79873803
3
402661305
1400
596250859
24
15
47
2726544
75188041
7081
569735
68284839
857
4145554980
9421970
99
33974570
552
180181401
9354221912
174261
14908969
969486
9191599
707005065
42544
977738
932879
639171
125033984
1806
4
519802645
105
810657
7486
612097
107392
23
875627
801626
79745865
368674
9632454490
290
80989185
978030
66
2582133073
6638001
455891
26637
778503812
4890559699
449
7
52
5
306953539
361
62004599
18552743
5622449859
232352139
4514306
80456391
37957858
347
151046244
309
66
629591152
3577
852233
6049730
25
245973733
30
27735800
477171735
886639
761078512
6
8984973
594917
4968803443
277
5956716788
948539
2
9630099
686935
87916
8187
83
310
73307878
744147538
44
463
5125023
832089
9
5973415
30
233
149292
55778024
82141397
679
8105001
216
9733169597
873
773
41
46
3373
20
5
481827
7
1387476689
584955
9
6847504674
8
890158
6690
400020
16
74276
19878
229
857857
22898095
139164
1089228932
6
9410
94203
540814004
8
897
12
8623014
84697
7
8751687865
62
53675095
85
67929
6
596251
122869627
80
647623
934647
936385654
40
97996290
823
70238
659223
73800188
9048241656
8897695
8283300282
8724264825
295746
69
5576886360
55
25103
59338761
2147377
840
9
684485889
7031
1240767351
8893277696
5795498
4
371285930
307698
6657
7340488
4518773085
6366983948
59983
817464
11403294
333571598
542004040
13152032
5
8192119406
660
89
28675809
43326
15341199
48876142
68
40986554
26
239
892
8598
50456
9556098
26894
5548755796
69361
91479
2416062817
516278
2649784
84464
7364
15
616451280
85
3776982
665768
1294
38842
40
75298
961
779814
84251
456977
58603
38
943926982
45711
365473
73897
280330
10605806
1106587451
4958883
893
19676528
88097
700343
32608034
51108
98633
82475
911986
8555
807
807914
1063028389
6171
6064432
6
98237
582
576053
8314
6820800
5
49
7796
4170243856
6222
2102653
71642122
8382
5726396
599
1540422072
33209
90360
7384889912
906220728
4
6299410
53929
485277
32
781
6849831434
2
5268582562
313445305
522994309
804795616
7952
443213
1494
6
81559215
56531
22860
231
302696450
3008
204144309
86
358071832
7
697
3753426
56
1523208257
430
27986
6540694487
4275
9062954
215784
7468923
8777815771
1
71
2
1356
95864671
818755576
63521472
6625
586619151
528093
31747519
303132
766
615845
46415
44
20960403
54287
302471
47478
3735033410
9
3480
32
8153099
828170775
24
883064249
298021677
492
81
81886368
5548
30270021
24515
713
60
1848798102
5
309696
72
8624498
18475450
336
96515
9845
811937608
83
516734
22223315
474454
8
1445277
4614
6526242
5602939407
781673108
97424382
4146
4
999263019
596
6710567
9086197
261032
468
6499107
2055699
63285798
2431
365388447
75
4082
593794278
374081916
3833
345958020
4162
25194063
1318
48338410
7747153
96917
445089
51
8
1600922035
33
73549
79302136
134
7095
34411
160544
176909679
92
3865
548525139
23284
489001162
5954641
3734211
5912
98
3365590639
520605
97
95840158
54
2863258
726
6
671358
80441353
5
463651158
16
9602084
88023748
8
131006700
37
5
48
700316624
2692202270
7046550
458644
99
5
8762
3515
31
75
3
9191895
8
81
922
927375051
768060191
52512
76802
871
331020
6
268061058
1868
222
4920615131
392774
860
217
16500
929466580
85492837
1
4898
7584915
999370
7742465090
975714
983384
409
9
8432899860
644994569
8023184
966125
16503
631995
90041
93517
9
361256
27
3489
369939619
6118510025
70
3956722
654293
16402508
775
66
108
38353065
180144296
413745274
3251521
38
32350483
1687099784
90
5898
18522588
40401706
9209
9878720412
2626
26
3493528204
26
24472560
146
5808787257
96962
17156
79973
3722922804
9913570307
3761696
9
4158119631
10338534
36
36
21
799124714
63668
746891599
93685810
72913998
645
8354255
49502550
1
8867
14402733
138541741
400
7126
5
6283045
7153
762977308
90628127
947426
4046157819
525945514
4765
91286828
6878
66027048
6038
5357138
8
9579921
62573112
501
362398
450355
36992
829326
980
9851483
42027
53621
7473604
45
58718
4719734
785
86078965
288
6229
32891729
802481
6118564
4330154953
45
3740
394171
888
77
126
32966130
7002630
83816517
30136626
607
89052
84
709088
48695
75
72
4506
797006
83779
2256
1028954494
946890
8267619
764668529
920
6031
15
60526609
3373743699
706066
45176425
753685
6255814453
336881
7
53
75812
44851958
3957
99586
460470
7
82
893585590
39697
101739
5663552
640368234
76736
55
925906
29808759
44842
516395224
344118
2
8620678015
9283
685
6
21
33814038
95356840
797
4233752425
7801004640
26207936
57205223
17631
91014
9030068940
863
9457445418
58691
903835
131645
675590495
2843
5512879510
8928508
6
532553242
7815
979726567
70
123536767
3029
7369022205
6878700
213
7032082
7586824
591
9436617391
69
3783588128
755004712
4356670
556819622
2913253026
3229757
1352579191
857
41
1
2091068119
6263
9
996544
25437311
302887
42
1977619
23411
3
8
42706555
24
4148
36
9259474
92
65
982915
94616445
3
1657
3029309
4830
509961026
4461413
6215093015
430717120
71
39996339
5855
35858
93589
630839
762436
6348
595
7
78683331
9
85045356
179320
46550581
5
190066
656229
543440245
705
668882715
59434824
542126
67472081
7
84321340
566581
61937675
64
6968398714
519
585117549
18705
6
69383
6
37546740
3122
194680
3
294721982
327
73434181
62405
95351049
61
49594851
174581
8305
742508
16873
2140624356
8131516
7907
698788292
5897700
5889
16
498465
592531646
78865314
777617247
1
6608994
4027496911
54736
2
8819390
64350090
568
85126378
86922433
42946578
3761696
22202877
2154698
2787291216
7339
551
295
554851
405045731
486246
450101
5898
6
16333501
465049
73523926
7032783017
6673184
90621713
627860
33
333
1156540740
1176
495724127
22
3633671507
22
964028
750548
63
8448
28773495
348848612
7292634905
96505
575
173
515398
9001824822
10
197
7
464540
6
83542180
1450621694
95267692
9
3740742
80
363
869
3535621
2448220035
65553097
6651
65026853
8
158
810044
4
969
7
770180928
817
8045
350
95
635
59
4491009
16
55765801
703
1300
9
279705
24783898
4718568982
3
1
3037
7588725599
706407265
717
861
568210714
767643574
779047893
25301775
7313
1487904800
706
9301692
628
6455503
50534
51354636
5521024369
50645
70
6663553
6488219
940847590
996622709
748871
918
39278273
35490
7
91484589
9115327
1
14229
737704480
5
1857
66928
448723
1923039
4525
194191
352
53108
1
97
965969
351395005
1483389
224483761
54
774540
7
2460135834
854649
638807069
167511354
688975736
20440
31
596
467228
107
9210636800
709323
12212
3826
12
138970547
4833
366717
7758364046
266423668
4437
32491163
45405603
91149
41820297
4
11
6704
9339395
565
29
869610012
52
8475316
94154
715
263
8077
511338015
8395
64
9466232
2273
2652053942
6
3
342
369077818
6208871896
6288
48886
76
588
383
18
98552
9860295673
55333
3
26188575
628130641
457
279
46928
8150
202778
905732439
5691412
191936
43742304
2476049786
9
9894
2841184505
83986
473
5746
2897583141
29
70
576
2549
805090
2712
1746
78425
2831258
560394324
9492962244
578165
7
939297869
5516
8251
6322908
847011
19
9
5931602
414473776
9
9964643
52561
445904535
805
4179952
667496146
64824905
4255
724
7133643
3034613016
8612430940
13050548
3
8458
4
6
235
6
96
2540
23
86897360
99
33084
248
64
11649811
64
2265604228
97079
462952
9566910
8
6402038
424251
765846347
4
536123580
95461
4
865894985
96
2207
53
3087763983
53311
165098
345528
6769811156
2146657
356504535
25793
867
1
5019
27
9
91
7966852
473710
961601788
972
241856822
15096923
9593151815
934
49037107
891
1980984
9
96
28097
82792
59
55
4982275228
42896855
13790940
3781127
31589267
874495
7471460
12
569
5486701
432717710
27
7601
23764870
7918675
37719960
107001268
5818
618937
497
366140
30214258
2267827
5616
4
109
8908909031
26784075
12014489
9246
961798341
60540
182090
8709452598
5
9734270
18
1877
758
97684897
6457
35
7445
424368
228754
84
251
22
28631
15091963
8342705
6130028590
37
8980699
1
6043400967
8244
5
72520
4445570
8443
37414962
1396
19
6395940
86520336
21638
79519266
7253629
99429379
181427820
6
40
1823
69850492
97742
52275
422424
3042824
44
80
3
963
51420225
199
8183915
4
6527397272
970841
789125
2832418
3994
8
653776
7873
87524
7353
64282193
59
7
18789366
940893584
2
83921838
2558
6
551204
4904860337
581154
964873619
4209300288
3945653
811
10
31025865
8
963
4363502
828126
60714443
1
242581706
9
713901
5594
86
2061334
75
9435
2368728
3
8848218
13
1792364221
2
5102368355
43666
91225910
720
27529
6
806826023
258324097
3155063
1678702534
6007826576
48112093
509350
674270828
3563793566
185597353
9269766221
4754172
6
8102362
374
77310073
296141355
48
26484
132
2424029106
814634
46901157
349499
654335
7
505099953
11
9
6174
628440
5073920
221135
857674
85886
578
634864438
5656
70640192
985045
641347
5
190
5
2
3622326907
8
6554
13114
86648
3460549441
74874
9853608175
9
5004
4561990901
76
885
190571878
78267
1
2028909
2808800040
633816
3678665009
797509
4
7
8599829
2906861550
498
87346814
20930
342781794
667770648
53
1762207543
7
85
18429366
96011
988702
2360433
479
1803
46647
89006788
2
8
938
7457599
481
42734
2977
22
1904642
33473086
2
1439738499
82596030
674
5698838032
422
3921
81330807
34758
3773
59
802
672
96387
980
5925
3
23786797
6
74857342
97
3
83
2182
147596
748867
44548
391789
478017272
26225
2216
5481664
1
240
27716
611
69645869
803
2
7
6645
68920430
31955
5160502928
3
43126012
7532181
757
6640074
98706
8436576281
65676410
7498216523
1517315
93825
51557
8159779
81
96
3
531081657
3916
4781
24
9
81
2
70776832
769
736642
28
96
98871
5489138864
93
48990
299123
6118
5571
9301
29
356
581856
731954275
856865791
12506
431
9370594
3913
8998874
1
295
21695151
368
743643424
3
6596
49121723
462631
342900
4
36321
47733
36397036
1541
1155
202
72959
62475718
5116852
95859
61345133
83719
399387
3374820067
26839
5
19
8308669
44
1586169
79239209
218
3853938082
1403542
31746
45167469
9081
3299402938
8680
6410
65564326
2
497
658838222
20455796
395151
31
7
9750
2
23
2236428
661427906
3617136339
1970338
26500316
157
281756334
24
81657727
8535038641
75
4541217164
7067
49
817421
17942546
6
85386
40590997
766
668
7674423504
70216
97304583
616176007
59
36755
79
36
684431
2512
6886302
66955
221043
553330
1843698093
2055623897
304
39500
7
7725
1205712
33623004
25861
7760703
691922308
7
9237
54
1
628350
490
122
6047648
3578328
1150851
872771937
930333117
9
66367146
434
3413611380
54
97383
8029316
299588
7041100
47
6545
322882
8
333
2
50028420
9405
2021078977
993109
8450592927
59
51
310476402
628935
3209386
8824620
92
167591
7
51085
6
63077862
8730822810
778066
18895273
91
8
9716490
459
8548817177
1
7
4554090537
2780293
28969853
8
6579461505
33
11978
14
9653420378
600548393
88552
426474908
3623
98367
744178
27711
5
49
9470
395
168
61747
5
68
971000
8924
996743
6
908295
54317626
6
73657117
1488
444328
130612080
9557
8482637
58
77177807
250190
93642
6645619328
624549576
9292
8550182
59029355
88
736443
452
1042469967
1522709
279
83
329
6690765443
705557
82159
2929420826
2886676
618
5
632790
2085277271
11
96914
46796344
77
536
118673
160686725
90933051
101
8333378
1963340
929832
91
79
45
3808
9
95
2402
982
26407997
8012
2481
3350818757
7
695182
1932358391
668
8932
44470
49718
1
1649292
37
84630
344972476
8228
52
737997
11
92187392
7600014601
5390776610
790
2475435
9
7519513018
2636
82472
94249262
939
9867212852
2
724956729
90822912
5748758089
91179070
717
50683537
8916338341
3796
915565
793225
7583
6064
92
56552
342
702543447
49
77127000
3367
696
608707
5793671656
3811
70467487
3164053449
96590242
3
779
69230
8275075653
552300
41189
39933051
26861741
682385
741461
713
2035
7
4
7788879105
2
9898294088
4
696613
894699
394769648
9299
7814
1506854846
252595399
3644949680
2522
9926124578
8786
994
18
2289099
66095
9491516
5991
925
26976662
39441
4310670
1211
45615
41426673
9
5350467
88849751
22195549
49
341491
2197
96023657
512
72830
7079879
721
4
904708063
2176
4868138372
89440235
5941615
744138
26620
6421749407
42507304
2286
793678
76710778
69634
4165817
91179
949284
533973
6803
21335
98170
22
94495
2
97
1
572086177
7829
666
52
647388
41
96625578
55650367
941077
70
9007538
9
6486482795
668
57951867
58991
348161927
88283275
8632712
443
28090
561666899
797
722262
718657
965
641533767
34361
4
21730
254879
2268828
1120830738
443204827
28
88121
6027690019
1
456
48
82
42480
12
219
1355880
9223601043
271
970866
92309
83100285
816960199
4899105318
12
869108
344
78381
64321
6156
2874857
126816
882
304745
4401012317
82
189554464
6563
990
73
427483
2143
9706973624
930623
5931258255
315
1511432650
8230920
578
6
630094665
716
8686772192
5118328745
996814
2581865608
5114892
5
302
306538
2697240
776
4
4755791
3572931575
9513
732634
264416
664083381
32
1320223529
29
9335
30040976
506521307
6764150337
1027696
7818772465
381766
2703685965
4
4
5679029781
199734303
9117508
95
7696512
945
9
34321974
854799567
980356
55044
9885631
66135
805052840
16744623
243157484
9848
473
5
71739884
1838650
73543675
912921452
288880304
9646042974
59633674
4
6
10837792
7
6
743
4870969554
7
828816665
311124921
72
857177490
709
804
8531
6048
833581
63
939599
837655
9756980
4614168958
20307
266474623
96
112644767
154280368
73517113
650
8990749445
28512332
9002392509
34
8162924
911
75741
1872742648
34
166499
539
845
962568579
7805
2841008529
806981
38462
3
934
275
54
5
60551953
5832702
254790
95445
27
54
245
30434629
6292
92
5
84043703
93
58
7655756345
936
885
2
5688041
621
85897768
235522
5703852
97417
1026260305
6056
3245369711
8128
6
73597
5389943
33139
3243
2091422792
7462797610
4717655109
15885
7
903506
85
844019949
3774502
686998
9
23
8388568
5725908093
750854618
137
763923
706
958
96278913
6594062
977
4978808507
750382901
8132268913
16
3839919
380937
547712351
3517162
834395709
5287638490
87122758
72
2999194
29849
7045582
7
91523261
417
673114253
2946
67696
34
8848
335721
461856
7496
25547454
429
2312462866
347501306
4
594868
84
828311
63954
39174
98250211
94358
982597711
455
54161
61835
8
7
588661656
426368197
34
119294944
68015
75779
3387
91336960
873
571919
846742425
9001
10
379503561
772085484
139613725
1207733586
590852
8059198848
628
28
291842816
85443347
629243684
7
5924
4
64102062
281901529
84820
14581
315
742
1374
90
8
542
8508689005
9106824
899516927
148931
5850020192
4759796442
4
134
28734614
894062
3
6
397007415
307550
5298760
3065287891
4
929
6321
17156
1
587346
7636
5597397
953790590
362218
96766752
2364
74254
49
9324758251
998440
7152
271294025
58522321
9
65021146
9964318
29482175
818594
290
544588085
908895287
90941
9
6
95915561
817031
76
484
2019488
73080475
206005290
6588232
89929
482
2137653
3374162
454614704
301705099
3898
259983958
21114961
344
65
431813397
8969
7229078309
517383
108150
5
79
790
1
415113693
7
2012052
59
90788
6308410640
9179486160
572795933
695171
4895
6416
7
4
81211
268
546
2627526
83968477
7714433
7941367464
83749
9807
2787704
1660
447
8
801619
12598476
7614578898
1341
7194
374
3
90807308
20
587
302
486
2
41
2773659
5367780913
60050
8540661
212915
78858246
9
9278353414
3945199317
9845745
2
80696
213247
7392
7
725448
124666872
82324
8798120300
63
9
21536
76815873
7
6542631
267531
669879677
18022874
947453104
5526622
76029
6828
4459
774701651
880321345
8
24385
1747
66074205
872139705
853477289
40299
1026967
3
886454199
5
988382
48
956
8
67
4548045
559588
55864535
222
291991
5836
2
70865
920859069
46
954081681
23
1885534604
608857
3789764377
882
677449
49061355
20923
905949
650640904
7
93176632
150
1420023
79021
6249064
38050102
7338
66011
311396
3734
43
40012410
80
2046206
750943590
413611326
8900587723
3410
785
6
7412
5
647
7552476426
640
54517
889504349
6332583647
29963
651
7519247532
1074118651
19946020
186239
707
64631408
307788
5
1
3541460698
1863798
5
4102
92697
4927953285
252154684
220698803
2752
283536
5214
5254
6819
167417484
7704295272
3911
545445
92392710
72722
76138463
4483
403701402
87
65
7444503
17214
8081961184
555
86
36
233770
999
9257926
78
17
9246
1
9137202603
62041908
7920
372
78
259305225
1853271303
8798576626
30401651
8
34362
987037
20
921975227
7238994
4844479541
648240
966833
9002677
73
45297
18
836
451
28337830
3427
160498
4798870469
10776
136
955816910
8
15
316997
474443976
974376
8
5922771
654629945
7361918
6080
610
6428
53275
60965
52840706
643226634
65763349
3
4372736
2413945
506113
3189
3245
764
5315
5325788
940363325
39
3768
52398
948248
45712
6047775871
7928
7
4244410257
3
81
3018682
72899
408512781
982374
6011614002
36631057
20321243
31096415
12372717
2477179
7074208
7418032
5555558276
155548
4
1810378133
357597
692
5010516094
86661
3287316686
498
141830034
25782
3362279256
33825508
6
5
257357434
3083800606
668146
96705
584
139
9124534762
139553
6
457
299
8809722054
6508305
5960
7
366
4353
79327
284
6126971
6497637509
9182
368556935
4051
1206
8364449
53
6871763623
54911652
5296511267
64239316
3231
3
6627040
37819
996554
278
368758958
146132242
450577079
3583
35
6623261
210720128
19579121
5704707
414072510
7
58811244
8134554
6207904
1725
341502112
8317341014
5366522568
412544
8575
261
7
380307083
92076
59
51169707
37306318
3949102
23524
413672695
9137
1563168
708247
98315318
1618769151
85040487
376621
4146491
32
9635229893
3772
661
9701382276
6676748
68576
2142
472
6058
8621
92798695
34
66800
507424
612937
65661
5353
826
358
6236
3
17
989
6718887238
72347950
65367
44044900
10
311299
876025127
2
6
44
4757375631
4
31
45659
552956
8176
3089
8070
60
838342
111774
9623377
3180720373
71623
687
9990168454
195
77
105
25
6
78468
79
433747757
6494635
41515672
4490986
70
178
4158218725
8275
801682527
34037
67656306
56987499
2894
8028473916
2821140436
7435
58366
14
75971
53
522908
1433443500
9980324050
3927553
11989233
524405
6171352465
82599438
991180157
30622986
69178914
7358773
8935733
6136
7718731359
555218
896591469
5445
469347653
98892
586358
438993652
816
6502841668
160816
248226199
8911843934
760597
23920
6887204
349951
640572
407149210
9479
9
23
1520
74275870
87
2231
129914
3
28
5095249687
55
826
499
53305231
457483
84904601
747
38952
8
17682
3452
81
7471
86663699
5918
49291882
4829981683
175145
29230439
56
5992807
5270859811
73558811
523157
69
4780
7515786722
2026
919334995
793328
9968573
519812
9244
2
375
2431
509
4578619120
576
35105275
9142597627
6692926965
805265761
68185
95023
3294480
35807
883
171119682
42931
4570
5
7
30672
6023038040
3294
27
869
19
72
11309249
176
2
579697997
4076123
1317739620
774
6
6419639819
340
26708670
518842079
2
25572464
38
70630
9073973
7656343
6973172132
9528261
98531
9129514
949795988
8143568
44
1
6962895
7710664
3642618206
748
8479
903
932798436
4738
95328
8539108685
51
57977
2110
31402000
9694559682
7
7663695
7
5826680480
115082517
519
53
57900953
75304
57275
85
78989024
66296
4793540
596459814
335
35394866
96611
8797296746
103
173
103974
68
7477915711
489357
1489652780
73096
1387
9011
193
56
8739
912
40
5238248
777
34
75
901
1394065
843927
3766
1048993357
29340905
9
805
2878008162
343902430
622296
794949159
3171517815
3258
21
27091224
997
1606
762
8919450173
858042
5
8985376
204854
687717
769075
5794
41
79698
35155311
444502145
2488
2416
5418856
320379
768044
35258705
12
1738220
21
49
69
305666783
5700349
27924145
4641326
501539
8
844
36486
9
48847
4079
50687668
15474
4
7288772
54454880
21440
642080
3
1426739409
82
569
2051507
958388223
8104466443
4490693
792017
8386
54723217
20287
7312811
18
765943
602474
366798
374807
45
88681045
4008579997
9877163
118
830
9877820
751156
3930137
2896
6886488
9098692
7
53300018
716
237076004
2204231
36
96472632
645165
9908
35215
869124
1144
48201
352
696182
8
84
86259217
980083550
956971
138051
145576724
8114086589
6570
487
6
4
9779001182
18921154
9
4
4824924409
6286
191
86
2425913897
81572
99596350
3331524
92
5
3387885
54836
69899930
2
38
68794
91084
47242095
303
75
70120
2
233
63518
399401
58938
273736711
5166890548
6
41
4
2733
6160
9315774
9397549680
334
97537
49
2590441733
1
44
4
3702027078
30
384724847
8895381
85
654526509
472162
72668338
29
42
3
255
700
94871
2970
3885141316
54692
80958
26533307
9372
5473527495
195404
6686581
2
48606657
79
833142524
5649
232
2127
290
495359
28486
703040290
4595342547
25391610
63
734070
492
952719498
62076578
534375
2043
5
39
866
878
50983355
1
5274
259
9362668911
3345
3
3878126
315423903
551476
8289634
15565650
3345051
303140696
45537
160
270
128864850
758359
795941236
41648498
68395017
4343
67728076
320711
779369655
3
5298393
2735
46439
416776437
5036373
1729462
9142
7994
430815
3838139823
372633197
9
228
791781
639716068
14
3707
5891739
56687056
861957662
4359132
92488676
8411
7348898
71108
6980952756
34358
197505038
1030013072
65854377
8
7701665104
80
6828
383820
87
651654627
570475
206
5
83183024
228936
152434523
1
93273
9713172
9173251
7443
94931037
980
11275352
86
6122
3083180177
673
18
41
3967304
370
926
2111353
41751208
333584
7259
54953
3348159731
68756366
5710148
31
9638
903855
9898572
3
5205439401
69564
233
717187
5258678
21125
94582
14
730
8108
521403562
426738
7914
7265
617295
492
3642016
3113
251530
789
738486
4344
97152
5938730
5
432330
2216930
218922
6
53416798
6
317271299
272030
30
44
6792663
4
2067373161
42063912
4569268720
6759342
8795926
1
2
79892
3569
4161
1584699237
3266
425
5124691226
8
84934666
56356764
4
477893292
975385
589
10
354064
896
12297772
8899
350150
182757
9
7442
986
8392353344
6
43
100653
643
99608
66597
3985203
60
4991
9596327054
2
19
63939033
64765
1965070
72166767
7766
5
8576
557
9432801517
38282
76199212
381
32126
3435
79703968
12500578
6369
29
4
764
8717319
7778610
83
17
22893
16176650
6038
359
458023862
3885
6291
6985477
41008
6247825435
78
14
830887
2504607530
266
32864
1058697541
503764
2480
389074
5116447680
3428001205
5639
698978627
85
271
8818
36
11601
74
35
3263
634
2907
2513732
2862843591
9573863854
4296145
335476
82
54694503
549
2
306
29
3241592663
484539299
8098822
3
15080
465674925
483650894
2349826161
6
12
2
9882777
6752401549
9828365
13950324
391593275
9237447
166835338
56054364
76183
9168372
4415781739
176
6298234496
68359
2
433
36
638823
212131
9909907019
205
45045
3614
13
43
3862469
24287
43315
73741489
5601
35428448
48
248996
76457902
4654734
733
4
20241082
4175
692305
301090
48045
2204769336
32
8
619890
412538454
177736
440
772
2822996811
8717590453
86039058
475183042
2581
503
577
25
2
414888
2
58181
2736960099
84073
571296654
139
90099
607872
939070941
51717
91081614
664952
42
3584547780
94
59
1965592
67151263
1
3539200
460
243859761
1
35689
159242101
402566
7172374504
7398988
51153930
542
6860
60
907340878
4
647780
8
89976
382724
84803
9548757
920928168
6664080
4520
410
3261507
2283825082
1927
6624933556
744
8203
5355624
7231672
8537
6
458650
8681582445
315447
1
6592
2983024342
9032199619
9275
84941414
4115
560
760
16012
581
20787
8551
3033
1592
6165682
2372206781
1
63126487
66994756
12903
6486399969
73204397
59810
200781
857635767
4369788
646882
210127
33679
2
9703
82
3799919532
818408
6558
316251671
775
833153275
1780583389
2117549
31
888
4180
314120
906
20616
34
397095
755693
36282793
40793
6153449
3907
9620
809569
62
17250
23841361
397677482
5512433
51869274
7
117338670
9
25892
770
9048681385
248397912
83656567
1879879332
11283367
8727667515
3445
886996110
2
2798
4600977
345
952714
987
52688868
82482
6460665170
94543
2
77708
473
8674619
757031291
7481811999
9
55
45218
818176
7
7026
546984
2600
205878353
506235591
953069
54826
61903
167910
645
756341
2
71845
96
69554236
3601886139
135700
25417871
746884504
2123117687
78699
101
9
1
408256563
66
17347284
719111389
73880
1635865
6712775
6171
99665
2830
928611
7879849
22466522
7
544621697
6
79862210
9177
987775
186838470
287
4
3067
533
292682208
945716243
739400824
3622081073
34
95098196
3749
471847964
4609902893
2208970713
9701104
576925
66
5
723803029
44404
9904320379
14325734
478528
42543783
32942598
80
431
1470
417263
21842358
1307754
220294675
364
60
1087296087
8
848664
796383968
30
63470081
9
82147613
85
59019940
32402814
61272611
602859596
891247094
49443
702
13
42702
6323531081
7
60681336
796202606
89068
50
963673043
9897731814
8595
86403271
580220856
2
80371
5913
804
805969
28878
4
9066542292
35
81876
790
438292278
17213
32209925
421700456
90881
5525568459
1
5633603191
63
3259782954
1890843
501934271
5909772
3533885019
31877983
6354567
16948
717054
1
75
9952
3705
89153
857
3364761872
69798
4200445709
70130592
7443
1659655
2035
7
644544
418980139
7072381
179
55
469698
408926
9
454005
484242682
6228
526668226
779812
7446622
2699
39
431760
3140935
5810
877597
853099342
2
3607
599
2126203
31
4368224519
713
207830
7405
86334778
6527329
78587967
92779
960281118
746617942
9845685
617730
6825049646
2526986637
285994620
5978609
7071
2142
4687362414
785074
2702079473
95141632
1803146675
9870045465
888074
1
189
2684300
9
95541
76460
587805685
2407123
756209
489
4284678300
25
4737495
808
499400
132632704
69922682
265403
523125
785674
47823
8420
7980452234
884406938
25073969
51365130
631
3
621557154
7
2
12320
6
871
7
979887909
53
70406
121183437
7
8771
853183
5133808014
148
77
53944833
947
51119714
6
339080
1698
399283361
5423
668
5671346477
2291404
4632
36760
95702224
79
6
2033343
5
84514833
9584125
6
4
9720
376
8133603
1
95459
8763
8
8
8678844
5630321
380717
19419957
322446
276212913
141
933
742478149
50558
66300499
9266
2534101
6304201303
2561
280350
4709
86389
5312
909078115
2774031189
970552
726368
4231984171
590
503426989
774223437
46125
42197363
9
415567974
76197419
8007198
921743
519706240
63
63216
5999517
52
14737
9
7112
54244840
4
5628
132186
41627951
134
8877253948
67
63849930
960074579
68
2
65074
80
786322
85850252
5
104573
22
4631944
4799041
5479713
9939328
80
2795
5234929
9135148081
839897
979418620
99781
6
69233935
99
808344
157372
6
8058934702
1240
7477
2
62
6986255
179802248
777
361526
75
856561342
96208501
2794575411
4049
1500012372
448903217
69480
8322
503610831
2580129
791297296
681844747
404526
1807151603
3544821924
489411173
1349
2053635
5617
107662384
8875
34463
558078
42
1871302
77272
1
8201
945720347
6920213938
88360
70736488
975516205
277620198
52885687
318
609255349
56
15011
318410688
64939673
5266
182131102
281330590
6571459471
8976
61597
516765
677953
7685165
8
20970
91916424
94128890
4187
4739
46
9
271002905
6657
473
2395
435209710
438909763
2790080
278
917814
4147147
309067669
1036
123711
9
6349
3229890
510046
65187686
7
1
42563
41152194
68177
808
522446
3523829
4292125922
414
81350
80973
16
53242
808
689987
4
16390
9088
646
35399871
57
24718253
8929124580
674534
23
39116888
441
9
110
64
1
1549
56
883613
946427288
3900823922
29626105
70
2
9995
71875527
7378
970586
733
64
4009
58951731
69
560561642
7537269
4076722567
68344
6412272
7
4696151811
8
113
1461737
193
77
1
4
39875
273063
61333
2
5013995
44334685
2670124
2277415
27
11121
812648
9321236158
5
280
782
2134333873
703
910738
11248
457853851
39334
5
97
118247312
1
1846473
47230016
51743
8610977
492
16
9
2889014
8868
7023992
90
82051512
4966448523
12663
49728
599910
68552104
505550754
72423
448
40045064
1529614
704171
5754
10971
56281978
783989
935410087
9367895
5748538498
470
2990226
33
1913370
5383147385
143541
51087
236
8884712587
210
65345921
6670724
34177325
28626338
202675308
521178719
6
58
46
114
2279
23
51742
823
9060281
46861
580
538
391
674
2239831398
77086
91190582
8447828
8
17877601
19
9
911769709
20699197
42379342
7813
5193
7
7797096230
99645
8736242
71940667
167752
94145554
3
8587911
8
694
26660
284
1
1201
214070
189440
177968050
2501001
8295626
6157146
1726379
816
9254835
223195
397777
595228893
6
878
45949
89352
2
7936691711
70821948
79623
602065
11
87472736
87
187
88
16087
3231414769
6917571273
8
890
32678840
1425447241
8240
3897439
1
2128861245
6
605100540
7335905
90
5238
174854042
9301126
1845697222
528131730
41572771
37928
49
2557858593
2
2891997
26186670
13398099
938
12
817
4806331
479306
352
3271714
53641
674133268
53
5
52812
967167284
7967322
137900
9760
175516
34
99
71402418
281807
24348651
10158
612471
61138016
88838557
775374
55274215
696861704
6854
3859074
37189
65561
47299922
1426
45
66
944324991
104672812
64192106
8551
247
9178
7
1
64
6
3172
2541138988
5184627
37133
8868444
71920
9
24
40550
97
3196
16
97510
8
60303883
2998717
536743
60223453
1731162281
812335
16361848
769531068
3
504324205
130796652
7873370363
3749340042
53703
3207682956
48
896
8
28709
552340469
6734970023
5017
718
59004757
162105335
5089
47
7
583222
1
71228720
703149
73903566
6571431
52843
76
366604
6891
8
88428
6380428
598
21
62371
84556437
8961
2558
35400898
49
88
9427475
755
198075
980
66747
5073
91917
3832
6406286
1280781
791916394
22
662581367
424
55992
57340886
34896666
3335797609
15191876
707486981
8623
1
8831521169
99917333
34
76095573
6018677877
537870663
3355245009
58291
11123041
4149546
406727929
831834826
5421
14484
4839
87
7727830
4738
6
1016
38837320
7084441016
789601
9487
790522187
32506
20
67476
90315106
68
597026
7603340621
7695408
6046056707
84
33
6822331751
6374577061
8
3928
27553
871832954
30696
884873058
849
671278
42996048
178239392
253
8
7
2908512
6005079
46854
95707943
553746713
939
7228
1943620
720185511
30844
17064
52
659703
230243767
32
540
972965578
9679586
84
167627456
5787586
6431455
162511832
36008
817163804
211861
520032234
179611
2762
12
6512
9296
50701080
18352
1
2869055527
4045569
7587
5
4
1351
1588823936
333223391
770962762
3
3147
1819458329
5676504734
9024
607497471
3654019279
46
9
73124
529101
3671372
1558583
179380
26
9999167
174195
73526
10352
577910
898
946
59045
112330
760035460
151
3
3
2114466705
48857
4548
5041
9160323
393
26790
1324117433
4542935953
2246
983819
596
6743156977
1587187
4610228
6524844812
3234248608
4790422644
15305290
2914
968488626
6600660
3
2393
6449
4
1456328
80160
803110
3
298
85418888
953173
3119
753271
961
494158584
508
2250
93053154
6662
84634213
55901
6
836769098
41816251
3430217
572276
94
1766240668
29605
3821085
652754444
272009
845199
4
2895757
8722887037
756367593
5969
127
78425706
85072
4123887
4
797710426
5
3
91466884
696
762
16
57336957
6
3423
9963673
9
53540751
8972
477248
4998078
55398604
90841
5016818453
269967137
920767688
19
44
5
5035631784
75928213
3407476
3
8
464
58410139
1
633834895
9907
6931205662
4335
3133808
2736577804
8889246835
1
527001682
18736
278482
972
4996
54
8
313439
570422016
8
7707689423
278443
33915609
210797443
68268
705
458789006
212
624976866
3342974640
3677553693
78066
105
57123
7
389885
507380
1
38780
299715728
169
3
470782
323
950507343
87025340
937351001
9912
751378
8328240
591300
9596
2603928
5947608033
1719
7789127
4
79654533
233
460026951
1262621614
715
5457087
87968232
346016876
7084278908
7196477
2275230191
2259693681
60
24614
3425370296
736111
7027869174
13770715
98137846
162143
2
861669300
1141205289
4983701770
8077
920826
2
9563291618
37130
2290990876
99938232
39942
401121
36
191954687
9323748
110
7206
256043890
17278422
458001
58
970
2366052240
527247844
234
52710
32
91
4575
2465
64
35480561
79
8931
13493
306073128
852624
726528
18741
7446034
8561
3
44820
28
6076
7022092277
929492510
81
1021138
2126
408638027
7187551
186592
314386885
71891592
29107
137272
1777486
13955138
757968002
2608
9608
12258
413329970
153
7250121
10427634
822770
560
8904
78
61203
88108956
760647
18427
57634
9395907006
848513
7861
59287
78968697
40667557
4421809597
5
241985621
5161369
713367
44861
238
98307933
2
274
2
583238703
235595135
46
74941394
671242
411
447
40225
633465790
869244
62425
13828139
87216423
6
5612
589265
637
42
38
60
5047438049
3
988994377
962241459
56624304
8021575
4795506
941375
24
99
37
3437462
1244
3846
75
874460
253
21662668
790273
4191517
769464248
8078311
461783244
56
8679101
40982221
873
3
667
295235
471063
6
77
7451450971
315
9
73
8985053
258229
985890
19583107
795275611
1474
15
4457230199
380485217
1604
269
990843
2940
31135
861532008
4
156
24192
663
436
897
293698
927
2284
93172
7475068
8827027
67
7813862343
830
56556
3284
1894760
1079
6261
95504898
33982180
304557461
47603386
458122
7
5220
203926892
92
6101
165
2358436026
327295
3470879424
74
91393
973045795
8708
1
546062882
7458086
937
827
350174
113
426
1
8
8286268788
44
8224755187
8149
2839427
247
967459
863194
1
890996
3514403033
75305
8920
5331337277
4
6778
35860508
68371797
275981185
40615242
4
15113
587977758
355258
23
2
3747
129122045
6
9
6629806
75878
64
769793
671843
61
5
400
9
2
3615
4
29350131
13760
4777578
7290565740
8532401491
8338439041
1
7840
88742
65782
9338646097
45492146
1818
8387698
54
4716457
916
5
975641
6797
2617830784
2489239834
59
4581
8729
959965015
75
201315623
9
3785186852
34116104
571
314381541
23898
7471983
6930787137
344557853
31454550
6402897193
6
44
8
27179
3215
2301
99262372
646
68608864
5657
201908
733052
7398233
849
7
75027127
81009
789439
673783
57661487
8
408249
459
518
962348
252
3076066629
8170037
801
9609282
70
320420023
1581509094
9123908300
45617194
103357
9718
63117
783357185
4139
3611211816
50911783
38616323
944042898
7416164
14380279
9795041
5448192
582
5
578120
441599985
2415775505
3779955125
928
815455
332233
9
63548
46615928
161514070
123520
28
121823123
442680340
874911625
7
32
4
651
111
7412724
1019374
6
731856153
7923313
62
980113
6220604
809497221
31699530
9
16
86315616
4162
8773174138
467723
949031864
56428
306
985
95345388
71594400
8699130
5109809069
8072698228
59
87367107
5403978
7834
25
609
92662
8765357
781
2
67432
171998
937387344
8
56745498
29499416
4678796
786382
58663514
389195346
1245262
2595
6651973965
778192
16532610
470047
293582
7891475832
824005625
1257656
23
947407029
3
9638
8958060
95
417
45
25402
33
27
99518516
98119080
760
17
663118
405231
609
1926105064
43
78
30
170859325
5026040686
3
156481
68249
2540887167
4
7016
836841499
426391
665797490
60484049
4
4881332967
23255026
656858
8
93969792
34
635190
116
8
354868480
4
245438
7
534331
5317127
1994
6745
2805
20
114
9707031
6249847748
36
1793922323
5794192
6543936
83002593
7750760888
410
8
590208810
93
150
43888
74
22
1671
8813
591659
352784
2
67030
26
78828
3214309274
36392199
918
79
5
4541236
5013916
48
294092224
63337
10752202
170
429787837
774817
6209
80
5429
233437
2175473
9603519
90520
173858548
3702656
9853411571
6
211
16
8545347265
616689148
84
553224685
838680828
4679656425
10521163
4099148
7705
6202644
55220752
1444284298
87359695
29378700
16209
39032
470333721
7101
92741
73472357
15025
7
2135146
470447
56
28038526
1681
2134355
1940337495
5
6792109994
4
9632045
445157823
5745203
8573266
4210266629
801094771
532575818
37
5517
3064013806
632
840775
25025
442
5
9019
95608327
6938314382
54538
63647059
793394
7
699
189209
989198
77506436
777002
7701502289
8430
10974
7257
6790620999
9485115470
53595049
136615
57
3894185
2
25056149
1
190
1
438
111340
700
3540
68124397
633747966
1531763
72556
5035998
764515
743101875
43543513
60458113
998
589603
71
9175
2238
897318365
26
834
2021552
99
4902650
5590
4
2
5889
685366459
1820628
704232022
3910897730
5686
20720391
2
843
3
8320102798
85
87
6382
4362
5
54
653391
6770
49113087
7258772
873284526
13
7160805
148
715576
1
360
129700663
14993
58874414
4272916
5430702
926372013
5
70046
98291
7571217
5762723
56506
1
957982
76314195
13207541
97906
7
72
82
258939530
432407885
25045012
334
20332589
6645
117
734181
811231
302587821
25074705
3093431
136
4648
7394
762218
3
4480666358
9602870
9430383762
92434106
539293138
93
7291491
6055619854
3274545
85
98654
678
3235617312
963
351
2898
686
22516
9223329
5679346
250
42334
7864431080
7524
707756501
972026874
28235
48199240
338
4727243
259855
2002
21985122
7878675
4572112079
423
120162797
1
196676769
9028707
313
8
8064102
152
3885286466
17
3227655
244874
7922488830
25371409
4736898
636588
7653305
4
835
362
64
8940118
3459326
494370591
484402727
799
30
356
9160384
4621660254
873390
80
17716
4
6086049352
31460
4515
5
703545937
715912
6471
5382071
85721707
137141728
923003770
9886
9622361
37579030
287
4
46816
15
96517343
18723
875
2
8329536112
533467
672
174
94217126
188264
23678
6329
89
62892989
17
2
7
4
1246
6
1
77668
7766
8700
654383927
61189
5450959638
76308
4077
9347345
4672
6097256
3071719
946409659
6271
60
9
5521109
4027713603
851
1716614056
1823
824426
63589
89
8613202928
393
3044076
831222
35938398
50342
3
77
451657413
94832697
30255
227
9
8
108544
74165334
82
873141670
547365
3050
1
59773
239
5
714743
554249442
9377733560
125
771565631
587
821
342354
602
2869223446
57
371199189
4051808
755
32653
4
79077
2506
52105
7490
7290839
6669658794
808844
94345
14
7605
574
531810333
23033
4
4796
134
4311
2126671
144
160083111
59491716
7260546188
393616
1898304272
6112380
861
82267
258676560
5
155739380
7651762
2782458
89833
517618
93831
4694
852552
89956813
9934665258
7
6779
8
9485677
1513423
19
8195599068
159
3131235556
2205146576
58714
7105440
247902684
588234274
403769
6948
8840724
9055
75
9410014
83899791
5475358749
8254251717
57
950020869
412165
6642820627
54
8587
618
200
4543493
459
5393138950
7
50320752
127815460
347094
946812544
220723532
991
2310609529
22608
950348629
91368
23760
419354
6468981030
815579955
728248
21
82
50926
7855816904
27948756
5
997
67243
844597
44
626820729
68
91349143
754780
6875
402766
471568
188511558
4424
9298
4705202558
6699
3037
69188
1
35
8795
254155
338391162
497937
994
1182
302270
421570
930863
55183299
5579
449
1
2988
9758982782
2317069322
83
928131
11
915583677
8
8351593807
788042090
8521
756545189
97693176
7832
644304
417741888
7942562447
8
360038
819675
8236
9427511
6
269698
8
71574
1
84
1
617562828
67751128
362906984
8217049839
223835080
7
248
6515
18
18
510898
303930101
495816760
7318
865
1753260
932
82557836
99
20634
458458167
3999
4928651
9819264752
6105
13566
4406703
710419775
3156902
808231498
417
31
452221
202
84609
80
797406
998404
9441
5
1657
109
3773
880730499
360437
3812
59
4108
1038452
54159
5652383456
526646
4573741
88456
16214627
51343
3062116
55002
85404669
1
484689
8320594400
47331038
20
3975
8
93962512
19
242830
21538647
161
27087
893
352032143
755763
9072423345
7
8642913
8168858672
43
7
1594
8371305201
939
7
242064982
98586
804611
235886116
28397
2915
25126
6460191851
25
52
485529
10408
88384785
976439010
59330373
856789675
98492314
3349138654
31
2223
8308440599
47206220
86
731812
529
20759
599236047
2139226
7104
6156919176
2277865616
2122236735
91742
84375
832966
618295017
1630851086
6272
93541554
9
8
475024605
27
3646611729
23011416
17704405
452679
270836
31916
8100
185844240
89
479395
412755
308465094
7426
1803465
6
152
180550567
9
9411668
218841839
7801575
463
166921497
4
7417
3781501
679098
91
40
276
3
648392
7665
4375173989
30
3929
6
436155399
618
94
48084997
536380048
925197069
63865
59808
281184237
919711877
429681989
7
72
6516
8275
821
222
756330453
99681
2108812
50009
1
71476
52556
8470371
556
9784933
5
63675
3837
16165
20
17
39833027
99656454
1286954845
82
6865414616
542316
904
31
50
82609416
435
172127820
74718556
2198
764
1798259
985813
75
101839670
7520029
4033757
247
780704
6
7889
5140225
13080379
1
201141
524244757
4510588
74
5160122700
459873
7
8
33
3362029166
1093733
57
86739384
541
43319312
176415185
10756
788136
52
932258481
3027
34497
335134
425351
9844
3346515
48140
412
17
4232
72241724
90
9301
8701
3935564
95770
695
80
605397
29
335
2014
887
7994961
933333
107
5520531
825089
956883
16523
4597
26
2
6336
242005
59021949
52530611
9644332656
25989587
1
38
6196
504
71
499559634
58
260288654
25875702
94856950
943
3266519342
24376
1288342418
76585
5006256
7616660
371
945743
3
2660
66644
6125
7258036
6113
8123944008
62
742704791
706185483
3796153200
974
694
5
2279549861
844
13210
18
83
82
566096
550
886335
773317
79636
38
20
31
7309086
6
229
9
92450507
7202985041
46650602
862277321
41977
2719
98382706
27346818
90905813
6564032828
3360066654
8262
412184657
404779912
8985818202
6
228053
9907750
28
7102
28859940
103027566
42015
604627665
94110498
7301
682149
7960055385
3792686
9692
4
2964
162160629
537924123
9445964313
5141961
26557
886186
3
4872720825
7311
691867
906530319
375
4384286514
201509556
2003222
580
187656601
9979
407681316
32439910
797
5642818
74189
9
15134584
8098463258
918783
855323
3620021955
3041353
2
482084209
98280831
55407
1369151
1266156
32621579
4383413082
20716
429
97416
3048167576
27333981
89519664
315841
36244574
38
87791994
8180428
7076889429
5237721
168152
4698366814
6936
762729799
51098
87
2
403043
6
6305
1211421648
29882628
342216
58177
33
64
8080134
8173815615
80441193
5393
824829
6
21
52575
44367240
557042
80
13289183
3270002
40833
8366092
44
8678
83
223
54158
4984914
24597789
8658844829
79796629
79683
5
96511457
3141
71406
88683
31798
276
5
498
22
38760
5749
878467
7693
44048362
3022
56792745
83827
9
18203654
752572
6
3436283
824097
12051
544464707
353
1307
7803
951635420
800501
238396911
5
7084044
3
7422738
807181506
34140061
127
88909677
6586
3420488
941
8298004639
167
93895
9154551263
39505366
394862645
79872
78943
3
8835469
90799
21
50867
2285
318836
58103274
54
15
938149241
13370
41719551
8068081074
8230716440
84565363
282
8022493
1813
82739995
131
60
4900
5
5
6242241511
631
17433159
9374
452565
4120243
74751
2804002238
817517
69166
77021925
5316319950
578907
1725458
339647
7718
475598216
1910303
13241
649
4317048
71
22
5363586264
61297963
637277563
9
6357
7667
27923
18
89708675
12561
673
45633765
967850801
1362671
20566387
199923
582727
9588
3521297952
840581587
3
698378
306957752
815
431
549949359
75562
62668626
9260
4435957
60
6
8722
332397668
8
3417287006
34
900
5467794685
738
67
93
5371539
4682978101
1140899396
40062275
63
9203389
9083925
935076
652012087
917193
77
16
134647554
618974
65791624
7599
571768
1140
5
23
7033
3816327
2242815935
2
2547045226
38214021
9069243591
15708
759
6
31
5
39871
32535
13958379
15
7
468504269
9440319884
1634978570
460163002
42785
6962
674
3273
53
6
825
49726203
386300
740236
71
2
73754
25826
94574498
2265259898
8845
89
74
6302
6259
65764
2
84479978
6
5788
65026666
814
134
35058367
780095
72
273645053
49565
415
3138
47561883
328511090
3643017
127497681
5431047
24423910
7190
2553
5066
27
47
75782230
404840443
512212
7141908
9
25412990
6748772227
16137
462230606
48
841732
4
59458276
989010839
355140
3472
4382
4102
82
24620
5
756211
78432
83
8739
6259543405
700318037
507270
59309
85154749
742442
14056
10916960
704594
663
4126204875
1950561822
58480587
660
6709
5
8125
161
557
7840432
8742
81696
9329279
716268034
474675
9135562
3314
1165973
1
466602100
583747498
961935780
574498
862
1564252928
946
10
48544046
3295829
63693
712460
734777357
5029
11692
4090
9591395
977
75601264
34145873
463
23
13883
3399516
875501209
1
9
26487
1145011
249999688
704
78593
32660
82614
3
983
4126
93
250401
54922422
270361
9511939687
40757
29
6
71379477
88046604
7815
30124
5285122031
14598030
343424472
336012079
1901478
447
641938
6
508
7462743517
2629591
52
715783676
49
47
26
9494185
25
60914
62318737
4726999
935675
2051688849
11928138
9248164
51576621
19426089
76960
870
346133355
8999522226
804473
8731
50382
4228447
9345179840
6372255
6414
9509517319
60
800321177
319
4438805
745759
77
768
6258454035
1083954
81
4
97513159
65
27487335
144
555
80855476
34
9843698
95
4100769
51032
9
794063
210562
215089290
85873986
4911
631587
100637
702
356867144
12934336
7
443
5558576
6610
5507438239
7991784338
72162
8
72350914
90340559
721676
13106
2
7619350521
4048260309
60
5
59
299002
55916
81715085
1486138380
13
4477394815
98347
127142
1791117
7386
2
464870537
75236172
368858690
1178
3
6
8945470
540
73632998
613118
5
191619
93007073
5
752
70830241
28
3492
4470
953
234014
893722336
620580
727661185
81718
46574
3
1
68515
22
90576001
875
8
37041424
444176
9315886884
97075
206276458
667473
201314
72
7069461
1887616095
4093445
5
827
711109
470
7927
8
694957238
17917663
55801343
342994181
8
214787
791375
8734545258
6440460
10978738
1529819
3
757
2
39
3830799
9
397105
5748728083
3
5
478090499
38496127
743
59
83
13760486
9715093
44371
5764
5370194794
87953
5420050767
825
4287137385
6
28263009
49194307
1385676
94
64
979169
9740
1628
828354901
208401
52967
2119218565
7
14
811875890
6
1076896375
199772
76656
9
584
41243343
6511
964166244
4183
3
4
31932695
1682497
576688146
760361709
46405722
9
963236455
7607870
520
799591079
96
34
631208
5875264789
6339007
767987765
90119
1394
7885253
96434219
710188
61993
98480658
4891579
1762
7084438
696
1
3143130853
8997
8244636
7116920248
581097
49680759
21329921
989700273
87439344
916714
640
4465325
7
15
39447
5626141
320509
9493959026
6
92131
1
48890
48104
60029
94058297
711928
9092
2
6460346
5501494
9149
571
540
7619
98369
7658
67182824
717049424
1088142
388
596965
484640489
43692
4
6612179072
8
913458889
6347
127
21044990
379443987
837731
5050189981
8772353
63113
137
5
32506610
276
15789
692165
3527618616
93386131
74154
2460607
30492483
4794
8844368129
66
247
1
1493
904630926
20086
4199258
865
20678673
92052466
672
8665
47228320
79400796
11302
17804
6
139871
1390603706
51
8
6
585033445
6585
8637
778474730
5333749780
4291
2
723311
9564892692
9299163946
9013
45186378
545
4896084
6
96
143
59164950
7
6377886795
451902
7
249
5
406
185
64114
12753
99100
92523282
1192102108
543972
51
141
467295
396698
3134
2
74724338
2155599638
7991019
383104163
834347
1491932904
683
17707404
47284
9
61197
94804786
8446368
102
9031786
991
64422202
9609525
595014625
143911
239716097
9
189
386038319
5086094
74730727
5155581584
74
498865180
6330879
569340882
988854619
5
238
799723
1
801048
306
269378672
4
211824
13
719284
40295
1291840
99499617
48920327
6252
3055
84609412
92430
313937
41029570
8
6
4109790505
957953
9429
2085136487
6
112383860
34
4546
3139545396
887
73
14514436
10011
52
41893153
646480
4021629
887
3622969
3627321400
9060
3592
977310093
970369836
382
69
91764
194
879247099
49961838
48842170
2
5423
627596
80
735547
9845
86328
43678
252
78
5502046
38
4689
904896228
9752279185
106439
977
433581127
1509100
95
7506
818036675
912683
3931435
94196949
23608025
51
252315133
5
33265
1926718
230
9976
41668
63229641
86908
5
799892
37328426
39879
3606870722
12364
320881243
6655
64
434
157526856
570
64
59667240
6827629
39668876
35650541
55441018
4889772
342442600
2
983
3467
85
4244
597795508
74
6
67
47538975
2265
229714
53
7764029753
980361825
746597
173
516
8448503
23
122645963
64
247387794
2
27776415
7154475727
16105
81919794
349
2953
55
92
4491
392149700
6404
5
268287
635599
7694636366
70
72
13
71345593
5048
2
125
110
8161618909
84
901296994
765029923
533151216
3392071390
108904
29258
849428
38
41512065
92
134390485
617
112124106
4223991
8186602231
28829461
266365
598409065
48828
94
5058
6694
3642
5749848
7175352
942
2231635
16691181
5
9433430703
802865
39620002
262
151724
7
63
4706
5543307
6141460290
91
383
74512
64
56119
8279780483
147017
419547
223
90234
9
3606866060
5758994185
28321501
53792
2079955426
914855867
160
25974373
4
4022646059
787
383314
50536465
779307892
4970
8
17251879
7
506687
3727751
409802085
6145239094
2771
634846
84
46017931
594266473
3213802
614687
59506
6605817
145
379279
1
21
5199
70428542
72
7
46
109898
769423688
438051979
8249678
3906306
972012122
4342581
36521
2835943395
544652234
11616378
8809333205
5980381701
7
996366
767644138
549831481
2116
37
25
56333915
969
3659
3171
55559
6651255552
415962
3690764
931355506
97
8725067824
746
99956543
214
36118
12
27506440
4
456300
59169569
3888330904
677524638
9096
1166036
542789
9776443
136937
8
5009396
284
7811293832
188265
5684854229
946018
18896132
2
91138182
7783
82943325
135
889
12
5
68877852
63
34765
582516147
1505323438
3834
5084
6
1949317031
701498
6221737
8936
147472428
243233635
982097
169
7
15
5444894641
44150946
738831
9282
809451
6428
579
8957
340758
6025308968
2994705
4310726
327877579
5022954122
209
2914
102
1210499
27
81177671
43
67182
389863
5011021
128
95951
47
66272
8
1578046
6423285
3486052717
54
9461263008
8540588
3
72
16
17967157
7
416946
155244947
2716485760
12429450
9
2031
5268
22475310
49508115
835827445
4
7254
3520
37
2782695908
279244
32855
870
46
7038
619
5
605151
40
7789670971
603247
49
43
348349
5503
5169
64
39162
2557099265
5808322
2232
948472
9161971535
4987
9
369325
4
526096
852
295737
3138459
1520956107
83
39
3171185
290854329
930769
16757
295020980
77307
7359
80404
126
9730
81937840
8337
933684353
7585761
13119
34856
17
786
8
421
741931
13
68433416
8
713121104
1396532208
996978
906023386
760092
70
36299625
9067
442941
426747
2660
6
98
425
7614036655
51
74
5
3
10
569674
1684
8506181
4352627671
8561933659
828
776881
6463678
10218260
20563945
768836831
5724
7
6292
696602653
765
45922
106
90215
3331724
64057
734790
9086
2916349114
7069052815
8315735
77124
1
22411
848079761
60
9057359
9977786367
2669
6217
4
19887
3
4241815
975
1381310
69
914
3308089
9
74660188
734642653
2730
43253
7452204
33
399703329
723855956
471
353800
90
528
7104
792870
9944016289
554751
5
86750
8
6070
430704
6339121
1
7551
58321
86299869
1966944510
3
3872
8702686554
9
9691939333
66396
32207
786844
383447019
44468348
11576862
2241825
887592744
3607364
1635215
88464
84659
389524289
7
299105
36380
506
644758
497
55199
8960835520
696502
407
424
3455749214
1405
5254
82284690
11
639095
27307607
1450296074
859
26784
194
393729
9046
23
70214654
7952661
85605
1
426
31
25
99243
3525028386
78306213
1633
21
71
6546209458
587410889
141
23609
52022
327
19891361
9
4
25716
1175
314036278
33187
6
416648
6099683091
75
40747
4
968230
31
653517
7544806
5576593
254007546
9748363767
764446
7789914
6468035458
1
11782481
875543748
5788212
2326921
56
6
215433
97
12003
68576196
830521696
622383902
58238205
32
189181804
50305
71
911136
600
31120
7
951
44802
1631921
915729463
97119205
575
65
78676162
1
23921006
9005705
5773202
81385430
79866436
2083667
4282663497
816383034
72
402048503
578
6
30598424
675
40629561
6335009
49
58
842239766
9279
4826546538
5
41728426
36
854
6361598
38
1
2
160
5533676
5233
25257
76975
6987707406
75584
8
98130119
83265023
5
38564
116430620
478352
863
657595999
3839277
4919989628
1019040
3042
7284987
11
867112
84781274
7658875
6091
995845309
89794
614
626
345858700
62075793
90691
218538
11246
327863
1
80
182
512798382
3702
2758
98754
50
456107
9508694496
807
5867
5218006
255633
2
6
7449471476
97
51342696
3803760766
333780
198851032
33
1
898678037
97
534787
96922244
888
8126813
965509412
9
686
5
10657832
1
59618449
24274
867
65275471
385
7408083
99
794
257803231
84625255
245141857
4072240574
782586
2443
80
4211
817045084
54
399930283
4
648
2647384330
11435
3138050095
93470789
9603531
867
5
5
3894730
3405155
310487
356089105
452
4964611784
1
616900038
5
55897476
1708
8
31006
350167420
884
142815
12501468
295864728
778732455
7544
4326834200
1360341282
166
6
35891
430027766
63557040
7
8509238297
860
251
3478696138
7488
9
968786629
56
1211848506
63
5408121557
2354944213
7296359
907660
596240408
97
8740435
891446783
9046946250
3285569375
98913
12
241612
5583782698
567595938
41327020
2
5
7462978735
9971895
499648569
43422306
9784207
683980
79817
97649
53489061
930
166
81
601
6854676451
573358
7834698387
33526028
6549135833
2340711397
1334
617061
34297863
56072546
62310
6146146
98
78
880406879
48170
27088313
4
14834415
367738
3920031
1165616
546030
5575
596
4
1305388734
445
3
486632
6693158
10436875
9156133
69551879
51655
96148856
74767877
7322778999
1968
3456
60115
71754
290
622015
76
1048206224
89
3352155
426
424180265
40962186
5959038330
9504
423
6913
53
5
3017009839
7679390
3085
33559599
47233
7577828549
7378045
1445056416
15548383
46775651
4293
76418
33
29
213
18393543
3345481
1907526545
4483310443
4646239686
587585
82
4979
2327
41675342
2735
9429
429117515
9233
7118697
6
23161
4
88634353
93604
265
1
26
870297244
2370242087
39695204
607639
9307
29754
8084205226
8884
83
95
19
65
4762289
5
59251
6
34343
68842114
88105115
783545026
52107247
298
8357
419
9
4661004750
4991
5772
24413492
29883
314
8443887
6519734
5950035
63
60239
9257069019
10598302
9669644943
82751042
6625141
929
68929
59
1067750343
30065545
8
8208299
23
71
670774427
37253069
485540181
71054
73921
20981
8
44
7748
9466109011
64
6669333
831239
7189073262
6738891111
40
346
3154115502
282794755
77
8119055256
3920636755
593315
244918711
489
683156751
271911
4538159
7973907104
4913995
429
29
644
3
83298287
193
53324
657096739
8
62426
9239033
1763457
69
274904
621041269
1232
8391
146256
8902867
178823088
8
73
8381371
42846
91
3784749
69
8919629563
10
4012323
4240227994
19097974
5132395
60
62047401
6040886355
2826868
794687509
1247
41
1479
2858207180
81252
4672
968
3005
5737
838
994
4
259330
537
78284
3263880
9
6660
7248196
54872872
11270
48615928
39615
19335
159
51916278
3620124
2276238
81427609
274430
7692
29576
5
8304
8
61
7
3314
4240
6144645
8460
3749947119
622069506
5162706
567452570
30155469
534715
8674
5091052124
390
90445
1636335984
8985595448
6660905
759243
400
54844
18012
3365008083
2528
9
56457137
3676
98972454
274911154
895010036
4
30
45
986421
586359
834378
6
6258694
485072
37344022
34
31
182
4
129014683
171463
13380732
7884967028
500339
27831026
27452
1
11151717
687794912
28
798679
31
64
421
4
4567425587
2762
4506550
20871542
9016992035
15
48
6947977882
2595349
723799556
13
562
3
2866
779031577
5
4
2
71098
373161
3365
959415
406625080
7895682
174799
5515491290
26262
706
909
5210
719448332
2591
12
2739
9035714
9320974
914941762
3102469229
229187022
20712
79329925
5833184
7162798
35
4906955
47677
579126215
9071141
7148509
985121
6
21258
91
69424
90
238
1621235143
12401435
902846
28962342
16837661
4484265
221465
465184
66082742
536
663715869
827366484
3241883
8352767179
930021
9798672816
35
4405971
5313629
2991499205
1516
14771
10954337
75365107
307884
9
1
4
324
829963677
4263671
204
480089152
5783439235
94
6783216
3240365294
17503
84
386273472
3323201120
9445
59057
126
8
6083
3677
584
1
4944811758
44573132
808828840
727915
1374332
42
6049662594
9198
105
509
4896
854718422
89
91639
3251672
82
65
3296
930
89144270
697201286
9317017
7
3054
83
137032748
69
8017
1598376345
959895769
74
6775679506
112983818
6322
125549734
312
2983098724
76305835
503486732
248830602
6068283
692113
1
18
9331
467420502
95
45842
5264976308
4
102191674
10
707792
7
90430
4
9885
479264
67438
3991
5
5940
86791888
13
9636062
6256406049
757407732
9745
1
6121
2682
4609
5578
2739008
679003571
9851166754
914619472
4
1
11
6259860153
14571614
92
813
2
5852235834
4
1
2619783
476239761
4
4
9821032493
93281580
8
521532
561822
46
246
1172
9996554
744776
12
227
1451
9554
4006955124
55064
73450
89075
896
5
109
51586879
99052
351337576
9105764
847003
90
8464085790
2
6
5339
5167005
3
4358125
1241814836
124242792
537061986
738969188
18320
72499
11
609047
88326356
56279
9763085613
8
7847
12327
31
976041511
6756
5954256
360688471
1
19415
11424824
75853
5
2642
8334330246
6708278
31377
580981
11710476
919024
44348
7923
787615
3311
1936170468
6713
74794
37026891
310026
51
241335878
5776677
8
4087086673
825005
8850
1995160
57651831
570098893
82088729
409
3004473780
6531701
1
208378
753872236
33805189
179295903
264504
49510832
40732357
18
7730032
25
43969772
6141
5136245
91089
90742841
80413414
566146
906153188
50
6892
9362860952
73353142
8805
6
1
173
2347
24385
24471
719328470
235856983
31730062
503893
621020668
8831721
176
57
6980
2002839
599
9522946
879
5121
8858596
85532
4838594933
192266
514
74106
31
62
61891
81113
12125255
2056222432
220
30365087
409
3581
96
513
57682066
1500595
5
480736
89
57838
642165
3
24
9464090
9
260952819
49338998
43
392
441746596
5599689970
25443
565172
99954
129865
901
20986
597235
662734
2961811150
654023
495
86
2998504
18093919
21953
23430
3
599900
7376
24
426192767
7631121
305
790841
63
8326647
271867884
8301752788
459923981
76
862
99061847
26790773
7
2530725
4
20082839
25
53
2
824171
95712572
972280
104
42747085
56251112
612375413
59855348
7820
19
1028987
7526240
911
36858
54624
58070
174
185
410
67
560844107
943022935
79
5085
976
5993611
60
31609
997645
85
12
3206372172
24184958
389917
3
335194849
1014743119
530
97854
5656
93161
18
647064
518922859
731
741
924571
41894
628576222
866670
7309630671
89216448
4773
43
918
209451
61
3129
85847908
747950520
6
3094211
5122
23206249
2
23
992845
857463250
1
599816043
689470
88
31192
8991770337
75
307168512
3393
55501135
39498
2
58959
122854
8440798806
58849
7905537
991
474
6035627046
371764153
221
239
522086312
64
76
55652410
2594696
1
2767329431
7812946
67
3747
8452306
23508
4
36235403
8761
604
1
817661690
5
24912448
1966243
85
847
81732556
21753682
1018
3254853
122
8755236
453246
23669
7316880341
72770197
80
464
39843610
61185
4107101952
66
7449
8504981301
2
5276547
78522
13774829
618026
2584853
9580143900
54
7261914243
428807410
6972
2
82954456
9624
481
82324
95
582
5054
63
58682236
15415808
3269
4061271333
3523
3775992129
48973432
7250148
177
6568245
5577487320
4
71
12
530321041
11305208
69
860015694
1150
378139
10007206
8019
8335412
68
8876595860
303813749
8496960
385
37846995
251697
86219
45178733
101
125958929
5865488
815311938
9221557837
658
56375
32
6979
5509153561
365693
185286
575246217
6
115522954
128614233
11412632
3299958645
5302
7
194
18276
5
82382525
71847478
685
3782
6
2835957860
7644185953
9711019
7552193580
510383215
3722007097
5087246980
533202847
870820779
8349650
6136678371
1247
6807385731
70482
27578
5681
42745
3545477
12152
532425
2113741
27159
470164
968008962
5649066747
591696
98360
18
58
84633
46
4315
58037064
328050
6
1151089
55164
36
126600
717
8715016
839347075
6480491
5026
52166
7
997
8177
80195518
951
3
7191
269689910
6339
891
7
78247
94
90
3221
458716
99805316
94903861
409
46803373
49183
275100
52757
4687
34172
7
20593042
7572632214
7449
6357447
21
61695707
4637
397251
39084
3
670850
107706
42
72051
2137229
77422
506076261
9838810
6820519256
9821677167
2603676
83481266
3008892748
8
63907
30287054
352827984
5009199991
251
7614801648
4150
71
23047
496659067
329203
1729902458
5201
368607971
62
702313
731387489
702833333
364396314
4669
5466359
524107789
1980
57861118
6401
8708
8
56402933
3048657373
4
1441734100
798761741
672
898081
68
6317
116
404
25605
228
4
500
325
1
76926
4700975
3677
593346
69654
58009
963482
10638325
44013674
555288
3999
5489265781
91318570
7775440160
60011780
140
58620801
91
9568
15323
438
400
2070895111
90
88261
6692
85321958
61441
91473
435468
12139033
7
11716089
45
1099025
9696442903
19
6374712
666230
706
127
2596635
636
429264
258
131
82433
99475
995268
5
391238
90068
6348270
725
95
91
182
25523919
69615
612316
96
656
240410513
5952
4981
83106119
31
18
49321195
602
5
25812
7523300035
396523
44
821
3850
263735
259606188
26
6
438446200
7959
181593010
33971
260162263
858993
1403864003
21
696256393
2228904
581529978
7
83584398
87041
775833326
353
7162487
326608
742908
185468115
3882
1943389
230294
4084591
5346092006
3410
344
7872
13795381
45
99207
2487
3746486862
69809
63986193
2873593475
8
89
5842769644
9
88377
81437713
1
154
5401
2773811
2904
215
45535
852573
2528077
91152917
2757575385
61808070
134
894
55915
9
630
1608857751
46
91
477435
626597086
1
2916
8
34
90318416
1071
8906024495
4769164
991866344
754723
26674944
756983
324621510
9411270
6
2920
43693814
53275629
69644
987303437
975218320
19305206
87035317
871034033
6436
8895683
785556
2981362642
837
6998
289232442
46968
222085
8443
368442877
23784812
935
2
83041693
5
6040840
73033
3474781485
60225304
44887629
7287
130
1228
762
259452
7282659948
5797228353
1721734965
1341
7
47962
52026
1600079334
907957
9828498245
2
330
6138776
655351
8
70
6823764
72148037
9852
511401365
228923670
8124
39
2439
41708333
56086798
3
3029
64
111
67977093
51141
7660368
5344229085
3
959
91
823
25710511
65
222076
4
2355433
1416041937
722145
974549
7
23689
68428
1707331084
7
27830
52325725
3
362565
6010
76377703
2821974
79
9
59601
59420616
4
99
600623
8954
498156
325596
26
1102
385435
6904014873
468
38
41170
3
157053
41
88639548
918
6402
8
904982
666235160
29488
1261444774
2615048
24
64
24911
782
189267
5
398827999
183519027
1
6068492
72350737
50983815
88563685
231020242
99042
1
1
34
69782610
8
11227
1045799355
35980
437809694
226602998
167726410
985179509
11134
8
3349714600
23897
341795598
93948
81076
5790
6336592138
82
132824
733242
650
59344
7020913
397028
5513623
6
319681
625897963
8559583589
184869
5187195
9028381
9
4922696078
7783589
538275658
920
74
2
10349506
205766259
6009454
1
497807834
68
4870
4
53522
622
8
48582169
726
4178515
2563043996
846457219
797909057
46308
674692
132107
2871817
3489
78663
395523
9493
98231170
1
4068207
2842258705
15
944996074
126
41332
8221901624
10552560
291885
2
211
934
4412402
825
33973
8449867
39393
4
84585
64
9858486497
585
466
266
813204162
9586
2
5176620545
5805306665
79855
937942127
9404
15252508
4559792
30
6
5679578445
6195930848
7898854771
9349941081
30
49285663
1006
1407871628
12623
606991140
713941
4
490453
7055
642087322
26496
736
5675150
5630823
689996
2199
833380256
7565354351
56692864
397938995
4157218
6601182
84327
23371015
8
4
467045
27413696
1
3652910658
8473823
29539470
20365
923547
14532
7922
2
5066611
97531
61
270862
7800306629
8376151039
67715560
471674038
159962
84065996
514994494
4449909070
237322
757
264963
76
62635
2
6003967
9013125189
33
28
95
6
5960846164
511600537
1
84303
8
958828
6271
65
42531535
149179
95
88311
709
39
556946
58005447
2035588
5004
5847
902
1000
3
326191
2
2054901169
5
785068654
83
77721
6076778
8494
624
4
70436
4685894485
862
810874
8153
5760410
82206
61637
4
15048
66
8352821631
8701116
2209145
1884570
98377
4790529477
9604864
461563126
6159429
1170
695741
97
819186125
2663
715780766
38513227
220655884
5868834
9330
492649851
44890
31726586
530
7828496
49
8985562
35782
74155597
7142316640
1
60732
407228
175
6804704059
24878740
766102689
7
9203535
3067
63546
26
78128
385312105
35
4746991
4
64997660
7906252
55
3810912
5813
418842627
2427093952
64722798
254261
1281325
2517865
8028240
17377
33
323679
6518597
579698560
388
590848
5
1029414
182353
419514
50
4224676
928713164
38263233
41060037
452470829
937402
86311245
4
692292
79526436
57241
463067
76361
25
42409072
258537358
9403897
300345970
734951247
65205
6515790
81504
41420435
4
84594110
85
1263969
92025
9292512776
55
948
52498970
68818
9332546
47779
1451588547
116616581
664
72744
4829
96655073
393784
1
782857
284257
6
4327618252
1295524847
392360259
5789
972
3717925
216178569
689208859
73409275
8146806306
95
2470213816
84292
16682
5
256386490
856700
98
418165
53317
202159
9016
556318
50780981
49842174
32031802
5700
1471336
86365233
58864027
4260178
9580671
60587
262443363
29
548871
205712412
20
4926
18
6
92303636
905696057
615
610
14
530154
57930027
8332916107
163053297
292
9
407715
793604740
2
954028
2265
73496
834488
3752633
2170
8307
9716552
658426
7171
6096
7
984240
936
8672
1556963
686762
1100815133
88
911781
42
8277374980
559778757
78029
277366
38514
34014
1477
55769
28589989
6395996214
668614
12679810
142265
4484
6
1445390
37
6
498236
951892
4
244171058
61802518
281710101
214
7872
367303224
87262549
4222911
58826769
26001
275446
440
8136129
994
490402
2
6
1
1997150568
897014817
5123504180
840478202
8
693
9951
68973
36635
249045370
64
15566452
71328
2183163461
622
5946850985
24
20
5144
61272
5800069
72610992
38625363
2569480
189461
243785080
3956042231
4530235669
7177902665
4414389
745937
346
18432182
17872
22
7590568995
86
15311342
70861036
5
6
4518660962
965
862520504
42513012
609
3114112473
718809536
95
8325463658
139
74260330
85059718
268
228
94014
95878435
94810
188
140644709
222
7
4893135
3
16708801
440
547810
466352
56062462
676022
3168230
5489
2638234
33107722
38647510
10
126
8517
188866
344
1893693
705576
6
637287
590
17001
17
5660
23477
94
50580
233153488
9464409419
9263876
5845
96
840488
5
54923566
212070
4158996
5553286882
11
71
7447648956
5
862501
184
4505
332198911
241704
8751293
4
729834401
682
787578
925
6116023
3
10180
48083
754
931676011
28
941646049
835942
415
301391
126
854315
18
80491
423
30613
5
55482
8728439926
945492004
7
683055
9405
50586547
68
90305
91
3944
9446828788
75474273
944
94505
814
5140667
4315
6
11461326
89154233
453237
5931241
87604
54786
903937512
52613
1299656428
779
668490604
78704721
7135969
928978
34
6102
3610780291
48168270
2874600136
394415793
237634
991
7
9183038055
861250700
59
5
3286
1
509
983656294
83889919
6573203351
2566087
56120
84268
29057713
3
31075810
89817063
2023
514474
24150
62
2838237775
7411
751
413502
211
59122
582411
94557
35440
87204
2867865
380122
4621
916
8309
1
5
3574
1258542
143637457
61
6427398
69
474357746
37404202
8116
8278731035
16
70551046
44
9176900873
36000127
385278615
5817192
186096
42
18
986
92
95296042
615
4582423629
3971049307
1163376220
8889181
306
7
493
303402
13957
6172071269
18452766
944
16739452
207207
319559211
121326
3
85669578
80292510
27253904
154
4496786
571
3426434
97195
672814
1935
98109
9882177
558
3138418658
51709
904
5450311
402
574014
3
45181338
222487549
9
1855433
3141476
916905
107239541
5987749886
1288877
906433
86
8385778
446689263
86163
26
8
8739542231
439
2815903730
3
1770
215
297
9
31458967
6178430089
7333346
69262
13
8
8086
11
730836341
253408
33
204342599
43431
4273906
839
2590715729
30358
25
903877189
234640286
19
3023
6385
9062
36
753
4
1946110813
394836126
224463400
283
4488912
126346097
5
40
35
3618983218
7211858921
856918496
4921485246
72140704
7733
66
414027128
3
8371601697
64167
87
54261562
553
48416
88
7433
82
2954831959
927095
92874
6531
4
94
17
19532228
843534
9
1
3035705
9867967
8157535
7039059
158
552108838
99684
7158
66
58270
18390
9
1969086
1631505
20160
24366
6480
9
8
9135524
8
2264106
57292
57
5003968
53
4344575
3488
1
9
6
68281223
871009693
657
4150044
5499692
9075
9
61791
69834
7004101
1
556410
271764372
52749
7124475116
308858655
454
293
6165
4282525395
39220
90216
9652389720
634
3
182109825
32
132527941
656900256
9009011
38
65632
3174
363820
2923848
79321
882394
64
49079321
4513
6779140084
677160688
8900
6
6194
367
255372
59832037
8489195
615
221500
73
5578180345
5
6357533
574311
3971626
317
2
35368263
7
56964299
59579
3
641
7104133636
441707913
7444
16514
2
845042462
996
83
237
4
60406064
1407647105
88357999
4681161
86031022
2662
60433679
3526484
18859339
1
80130052
404567
418
6
3
77047
580
737545890
22360
3655359441
6082
5283135476
9597
3603
54
3667
9506765006
7410890
2803504245
7672668
272
955384535
2611
7723091731
42648015
8251197519
3
884
3919
8811725
726528124
94
13590
41
54
5624
8089
562
116
697
810167
83809456
468826883
80885159
7
1705905589
7476324485
2762203307
9780
34802
618218
7
26
6089503212
224
4111728841
6687
759678
84357045
1225
902920
370484833
71
1699384649
79981
9534089411
9445329916
89
8918657
58033
9
4295283
26271
570
331
7649613
668393
360188
39
2984
8966
7149
435432914
78922
97598
3203
5919
248265
3
2754
134
800595508
13
351772275
1
78552
2608
7
377
411569195
40426473
9
340753899
597958445
3136
552
7
1646470
206261683
8339
36682
28449276
379
41422865
10676
3556235
512334
92411619
8
77
2014
655487
865
8
345350
638105636
95169
2441762
228944
309418
11
8
2727789
1302
48226593
729267
9642
359
18
52
254374
83
9876090975
461965
80083114
999627
696
68
46
7154
354
310
8563
40422496
2034
40
29400
195490
59
147923
387271
3351215443
7596639324
7829
5905942771
16766067
3994521
8877900
77101
88235
3862251
474909120
31
8318123
3911
376545582
9
533
711
756677503
362
6
85156402
92455
1096464
8345395
9419152
638
5777
3
3564380646
9
605
6424478
3484
1437293724
90
8109
5769837224
73
9
846632
2027
997512
9399814
26
5
80002131
4
4
8511034
146881447
80159737
42112595
12
96
141120247
26930
3635751
51
8385
751897758
908
3
640162
9037572
3
261684
90340164
6380
6545
969355222
95262
9544438
9516
7786521
12855
54154
3
80197
972354
80799
732
6385439
1905
4534793
51179
5190016711
221101
372931371
5144686199
516671396
77693507
3952
3831325270
69161225
38
77
6030
92772135
9160
2256266
9
61
39600
2
4550255
163176
445701
718716
39128883
8812384053
7811691870
287995165
783
4103284
4122
6
1219760090
7437062
42871567
3317
6
107400
600
4171415
6002089
70
2
41765
99
935911644
57
678858865
7
1783291281
48
637139
2587831325
1030060331
4429758
16844
11
423082
696571
8347678
7421010448
8666499
497259490
9621
2838555251
46177
9470027
73120410
20
17198835
606369096
476079
9834305296
4
743
788027707
57617876
8804909257
84087229
1872018034
7040
9955711
39023998
90305115
65918446
61368727
6389209
9
3742
520
7500
552
9914
18663
839
4312164176
69328
538011
891681
87871471
929213374
995933705
3
358
884
355
903
21
769335999
76590446
23617393
721918
1642287
1657467
767698119
26678
7870737
7072749
2673997
317622950
4521
87393
6
5274791082
30279
2
87286
4808
110506256
3253
5925653
64877
41764
95519
2441
4109633753
512365232
215
621
82915
3
1100152089
9124
937238007
7
338
67452
422995234
82989
3089
3842932760
3620
4671369855
1509317994
487
6760
504538
602896537
2770029
927
5
40334
75998586
277971
7943691
8073
1001852396
53514
9986007
230024696
364304087
43241
9
8
2
548
3070835308
108384027
774
847352
155267
592
710093573
3292491
224268844
47922
42441
7683
10071
39877
40476880
47029
2449
2
44
17420552
45925874
25816150
49
5
4002
4354
13934
4640133021
992791729
98144416
490020944
49
182400698
4977581408
2391174147
489
531023
73
15715550
4905968
9
3
4020951917
1070
596
549833633
5048671
738045
8902003775
5918
959
25685636
210894
16
50
3
2881466456
66194232
267
100648
5260811
8829
4486
7
8012641
688535
1206991737
73
635397055
3404943
7
6696107
15255412
6165
191676
153
26915128
7317
2346217
2087147164
9
10
438050
470116
79
8952031645
3866479
65156296
2
66518366
30152822
77289056
77
1
83537
339
42
6867278
45253
735266
14
67910
31047
7
83
427
1211998927
9979523
744653244
2656555215
4
4
715020
7
9919505
672
681067936
2763
54
79875082
7129221
907
899
93412
624
29
645
565248310
8974
832807
44820689
510
95504
936054360
76840
47071805
8536706142
2
63140
4428037
10975083
42895
952
2055941608
6
1860
7944189159
31203
360812025
409165831
6681757
3257
6047372067
708
5425
2202114
6580553440
9110431550
6050531
321
82407959
58107567
916
718843400
661
40065549
949923
9135981
71
9
90028865
9
5
990216328
718677385
75961857
204438052
40294
529
942521
61874
30585974
1100190
1481384
4
9004
4857
5
7292
43999
230972
32199
86136226
3247516
3997797284
48
524
763034181
84
758090258
300376295
7507291
56844860
90
2
41
32380759
13492
2360350
98541
1525259
30
69602
21
292193784
760643051
14
4
52687638
40773
267892522
8
8495620678
875770
6420501
11641
79258
1087236227
691698782
1437607
150185
391236
9549
801356105
76
1
65668
50674585
474
124638096
662
38086
7630
6
931993
777
931480922
2407328352
7
376094367
1122
84
6714
23832450
3
305683843
594379482
62616223
5
122
8
805
95968
593467763
76
5416
7254023118
184
91514568
7143842387
34509
5465675
87
5
4
499
711500092
25
5
50
1098
9
2
6
184662
201
94
8
74
7081059
5419
5
8582099353
28
651784
33976
8214699
166828442
2557765
3706790306
74442
85638
28279322
9805
235
926599195
74401818
30425320
669505
205123518
4291350
64
86583971
21
944
2472179
268
1539365946
6386614491
550269
65
891191
3
74451
30758627
78
5576926
6227098
123103100
6161628277
43832
61561
25835
20713213
3656
4
6054210
12307013
601194729
73
10036
749392248
379342149
96717224
2398346310
71556607
9
787
8
92087
6754467538
73778315
97727332
191
72
3944938
672314
265522
27437154
2248849
702
85468
56537
284
894681603
439648933
9
5358
33
603874
6130474719
478209
271811464
50
55268
9
853964637
12673565
5809
939833133
30
242096928
687742
1789
7326341
52453
5456367214
43618117
7657005
6
52312
24
9173794
9575447207
713538464
95
710211
63218
3326
976
40839489
295
39
33
528471
55693
706
9048550
3049
464875
743973
37693605
73800
64
93135
915928
6846841960
51036688
2361
56892205
713
6
844465
73877475
13586
9
237
6953
1576472
781428979
1044
246776
249151580
214240
84687
11
81899
63
9695941356
57329891
668677
9
1018925980
32566668
12833
87
8264806429
7281
8452052
14714994
5
579607
85
690385
2842197
8952
441388
2799
97336797
1557718006
215
35355830
450784248
877810
6153746054
8171948302
7273
9675
2539304950
164059298
974
96819108
5770954
457293405
742681023
2746119
79443235
90584
32566380
201753
58
710709154
466
9424048689
33743934
712376991
7
372423
37830
6358703
91019
385547
37
80662517
60213370
7900662
9
6
3515486
6782
380339
99889055
405
5403312
2934325343
62090
92
797
212382536
3731225
162
7977110
82142925
91
8877142
5013
25323558
8955
46
45996
471
121366166
615257750
6
61761115
75523812
4731762461
443380
8171014340
482921213
566606782
90
873975
81155127
6524
10812
388991543
529805
9
33490
2164580867
84268375
661329
5268498469
1294364
335
94698973
91361572
1492443854
1305264
202494
2751144336
947735
42916076
9006287
72
204543
3642674367
657438609
5822001
29
7930387262
45042
925
99
26184880
7423
17140
9323720
362
3416940070
201498351
960
181047
808
778037
489
9691344
488085
5173948467
74973
30736170
1561322123
476649184
842886
57
3
253859595
29
76674
39
677355735
55251058
6
47014490
68703350
9
6525
5140459591
664662640
991390
719
671
32
82565
8
650988251
5150
637
8926704
6
488
156683
9
851796
9507089039
4125184913
89
2146
3116034
25
8750593
1
873
2935
79050754
5391
151
35
36
84
728
307459226
57964
423176418
89
41615226
729
26
17
457
486150402
306498
919516198
28441
6932390
955324932
50979
3695
73231902
9195517505
511424159
36
7663827333
48239
85
852192662
2788403
463605
5594618829
68811075
82725200
415990340
21
9322860344
5049984675
754047
8222923
9499023
66648
598329
89
55302155
87692581
758920
5
886
5587014
373
4
880
307471672
16
5702292872
46660
2139347
99
1072115200
993387703
84
7401954987
2965780
997021
3233
85982
881236
89
5131
3831540387
42
5423
11261
538
9011054
4771
23
1851429341
265431
516159
877
1
64466676
999
556298
545
7
9949
9806539
5620805
32497
66456
21
7926916354
54925
167782
873
334
3239
71
2669
376770398
1693069
79
385767805
2
99355976
998168
1
7131535
7110
9921476
62
7255445557
860311
412696
1993
3581
79
418694
4278984413
996761
433103747
51735
423023
392405
786880
787
4
200
843
36
9968140343
5573701412
18740040
43985094
35487719
6
8545194
9643735
15
68
12906
708065483
3141371
82645790
339384335
969720
439044
72794563
146179
1988383
2719758
70857
124
53130721
6
6997901
16310781
738030147
71
4
7385326015
6534504
57017
8937956331
3234
34559282
80468
75
82431082
72755128
145
3979467622
378993994
3
970543564
79
2
19293029
639068
4696
93
8372773
44
49
708762813
2940165
360665
62107
62229
4403877868
5637
7639
819428
6
536
4
31
2434688962
9886474
35251
855267
2751400
680
919088
73417406
5081
9107213
3721894259
36
88746050
699231
5508473
5749396
8471
9829
1971
3000
58468289
630
526
86
1
32841
9982688
159670443
2085920
6632277
7
73
4555365
144410294
21
34
41144
294961
496227435
8827099865
67353478
30002973
58776
63452
2703375835
655
295142
5
79
6329
98
2
769205
9597045991
26546136
8795008265
2
7216137127
110578149
958547
6281697181
6221390732
858
389132578
5269056193
7922
763
9984152940
973
86
6107758313
1
39
6236
841311696
72715
9175083
96
9011246056
232036926
3
779
96084053
949434546
8040
143925
7
247994125
170
4188931962
7
8742551
95
353305726
8
7
8438637643
3234
12258
9160174
63
310
863
13823115
774562
6307105
631270
4773
8535
545
685
48502
15
788459249
8
59072
7681252
339528887
8394
14
8665
97
285
76487410
165455
234688988
73
84774
614
4336
4753
501150316
9426932192
5326906
641654782
2731299553
179081005
3834
772081
5554641
2008777
5796630
7828205
267
275036
632269034
936
597574
14
9899
832
414056
15
4303184896
508101
4900
34561
750881013
9
84495237
20234
85373436
97
1499082535
2506529616
2806573825
284784643
80061
39
251008
32
739512
8902594125
79687734
875
226
916558
30578753
862113
968
2975
5332608
568083
4994872
30777258
839
790292291
4
85
231
793111323
97
8178708365
81696369
68953210
69
2295939
3
374642
276537072
400080
264289
841
9730
68491249
1859
648517
7659
4747
376851
687305
1
85
7258
1731395164
12180249
99072
25355
40247
904435
369
856308854
421924
478576773
4417760
977
8
5
66
823
634429350
42724902
1985849082
8141138551
367159
91639570
4914
1252964
905335203
930311
927
4
3812465
1498
345055
216
4491759222
8201
7666
255981
2840833258
38
2125648702
56023
8854146018
276781
4822942654
6329116
470033
78
13895511
6830202
8
393
3681288
6529234
891221530
323027825
27886
73039675
59
55162
94768
9273735930
3754414
6855
11242425
3
660465116
60449884
85
35873
9485924
7966
5058696373
5233644
61218598
86586280
162691
39061
8108
3
33
77758
9199
1272
182332766
58019523
7194467
42
399970
718385529
12292
1357852380
397
9312009
822777
39204403
22
128226280
7303161
29370631
41
79
746549
28342
603
29
8329557393
7122113
7512
4
9968094293
95892321
9
5098749
6
75
586
2458184429
4263
484010
3
2505
29343408
57162
785288903
4482
4365
793
7581628
1563474
5599310
1057405
789651581
78
53365923
133958876
297248
56186232
4310362
448075
9852
499
51753
561313589
2
41
45837065
7751355724
825890018
4337680707
8219874
497097
60
894941534
1
4
89279
31
5290220
69
1
9531
4151
6726125119
6302
60
4
20702
1000560
8087385
4373
9177
9465
508700388
1474
823613200
589
125691
5334420624
5
295062913
98
16
9803837
297211513
968558064
89291
7
6488
32034
918
11967
64518
3321552590
4414
15
8
944487
3
67699682
64287950
8
818133
466586
734306044
94828738
188147327
901117
806127
74
20
1524
67786275
3
9945
6538
76503
5961678040
61657405
19
54956
2436544957
235
2
2745787
9
6118
1736208985
5440858
5
70544555
912
128
784222234
988389
40
358409
2346
89729841
2107
3374
855
85312
32167019
10448142
24102894
167027630
954
1202
9570474
31
48119260
4337
24884
45884405
7091696457
74
8062567454
2972
8
25
4409
56
502800
8850061
2
54072084
787958
37646805
9733819377
143139605
9809937588
170192298
68
57275
876900
251
608023569
6691156281
293385
626516
209095
731161
6041
48287
10
2
33
347333
24
6
183377137
28
5707958466
87
415
7020914482
7270199460
9365541
6
12
7018
25847038
83
867
22
303
896706693
1863622
4
2500870319
89863090
9808
877397
654046332
271377303
77351669
3883700649
72
487369777
79525
12
8250863506
42191
2470186
83
52408125
9
633736
845803
7366343566
5881028981
203
7
71925
77
47732970
22
1438947039
96
40
18
32839514
57244
81259389
70
9040647
75
5625761
332117
90740644
513594
9578734
1310351
164590
613
8660067
85
10
494601
85
1414545
3014
4755
4708028
1524991
24
226905
842636381
30
6951
105897
84
6
219634
861445564
863641867
61381042
1
3239
4696275653
54
758510596
1207015993
4356325358
4821
34032
1
6
9216125716
45777
9878145992
25640083
4004558913
1562847062
4731
805698488
3685
3
335300
598
29
9129502814
1436578
71
564
180
223352
74034
5529626817
768
81204
8
391075
6707951
391
5
765885
466
9723
239
6
19434080
850805170
4368441
27803526
50647
2380
734
7912675
809
54
3426240
51742
6031321847
49363224
5732
78164
8459989
303491252
446621
333507
7787304815
17830
87742551
6
45683892
14
3
488369
2
717762095
974
54728242
828
230279359
6269
86645498
52
70825
3593
588
117
7818921
1246753691
8914
1961733
6979824201
57065730
77007219
580830545
5772
8
5826
2547136
79049
22463
3138018628
6079
5
392371626
1373011
111
7778685
4
1881843
3493531185
2057
619
423307289
7386
5231556
630221
38488402
70908
701947795
16
57125
9214
197243
9213037
35983403
92249
677
986
9467
9
20323871
9610234
70
5334
192
9681413
213770756
2
280
648828
866782
634
63244779
98
9
9231
102325
8591070853
2575
4655954662
850
531824
273741
13326
2763570
4525514856
847442128
388307
594188
355
3006143969
3244573534
3
517
57374452
119531650
7265
4631077433
692673163
1201722323
2
933
9570705
33612
8919887266
7
33
47694
612
5781687
5789438
622198
1169539
6
98
15966
8696
611885646
170
39567645
6
85954
1906530
9083700
400
4393786654
9819
752689
57
29600825
7062622
6303602
5
1201098
937053635
777822501
3847359173
437577167
5
951
4451
881
753388
1
40
6
250337544
899
4993
2559892
599147
987
464830
8892981154
4704948
4667
7
60199
259888
57584
7316
44
616530200
86923
842
110659373
484
4854096
638674889
6
5368
79019
8452929
5038753179
291727
742171953
667812
878262
9589
8717
2425
2
28953
3077299709
7634
9
80520
27533
52591
882
5046
103242
715758892
279027918
1
8303034293
4
7074
372749961
91
48
1
507119796
6240516
6227
9
32
81
8498916151
7012610665
4983817
996243
77665
478
8965623
6032
58556773
53348
59360
4710323559
310096655
3860455
2621
5916014059
580581
58
3852790361
898297
205
4
805906755
96466708
809161233
4480
52
8803
86
5220
5299610
899277
43912143
35
68
60160401
725396
4638
4
8
633722
4
701259994
2704035
3813
3192542
3
6
435339
790
832949933
773938
477431
7888
2326431887
114177817
40749834
37
324025
6318
23578722
91
94
2335
4538
717948
315992
7897
71055
61289
87368077
873
74232974
17635
208374
92
57
180134225
7890
1
110
9
93372
3841
695193
90
8871493
31898
11752384
688
7025
59846
7829961135
38797870
1834981
91
2
6
3800
3
9462201
605935
932
626093
757
187972472
964858
88
3741
88
9054301533
527
189
9776947
3984
1071
518
4444909501
898488827
81
3
656
2079137969
931
5383872
3696278651
7376737077
3
15
938275
83427495
36
1289674903
357
986825724
3758078
69527709
441752226
10
482190
680382554
555917232
78
9612886893
37391807
42
17
5533
3922743
717586
523
28885508
30763652
386576543
936249
3318945
883
1
4812087579
735710169
7997288845
1832
852512390
22
3483
54
29631721
87501
37
41
8
9005
4213760940
2067432
42948
11
2595576835
48388
91500977
3810300059
59156372
81539845
8
696820
45204827
52513
57202
2951
4580323195
41
30881
409808
3
814
6
44
29503
98932359
9567118
8433523
871053
36
2201479840
730
1225769731
92927836
165
8835
9140854872
811
40160646
6
4849211484
847674
40351
2765230419
6330123823
3356552398
2234666
1428
2
5065
6024961627
96828410
167
43
8267817
864
129
613
7868090
9843
747
83940615
775021
6601511
240457307
19080
1
224
58570
6759
855
99
18639
470358665
4838682
64589
6743279
2096573
838834421
661
908897
161
74194689
40476759
253
1
845868638
951
60
97683
469940211
1879238177
76432
4148760922
61625
640
543
841812
46803
487770424
5013992
986688
371319361
11362873
85
76526993
687315561
4259206
11139
165
89
436647
704631556
497248412
375616
490588
944
116311954
8
56
593
85088568
735262
3521736402
20
5
4863
1527814
42
5
89894932
72
96
31
999318
741984211
314635
415135394
1842773919
580505
2172
722
43826034
26270
2732435
7
8
6
230
33
831308
42148
1866781
8
3252066
649407
362
513330565
560
9410526
9814
5942240
1238
14
366147
29790872
73
58
41
707726909
92
7183825552
4306199268
17
73
54478949
17449619
412
538
6
184501597
85549856
270746142
874613340
82876598
652806
986720
1190478717
12730
593134
8467939560
72358
889713
2369728678
85387
799762110
9699656642
4110139854
893670133
571624
7613437
20
4
2
8
39392386
95
3887262
241812
6
490
539
7
990334
841769
71373537
44
14855
7
6110648
2099945110
40857
80242
9
6
2
47
681284
960
62371
82595
46226048
63
9925013
76
11483429
370537292
73
14242522
434
578618525
758555
440162734
3426728
91139927
2629764
5
36215906
6282680
2708895
77335
6
49851
72
9823990634
2
316
945442642
7634479860
6247435
83913
9348
47922
38311606
381820
79
27416150
4940976
53
63107
69477
1747779468
93874
31
91858
6835396
47659
4238473525
862628
633489
9523290708
5229592
51300085
124356870
5605
12614602
61784769
51553
7154
6219
6215
56963
440
1599887
5243755
9410457756
95
773
409370108
44485357
9855444
10251127
9
7
8
728654
7293971092
13716319
47609
3148436
39758562
984182716
481
14087
7341432
6360
905120
794792
8
3045
921
1561866
3
16
6088
69566937
25648489
4879002
15
86768024
677106353
1
3
4955351507
469328250
154
42
8100
1990223669
6938
468145
4711
2129
142386
7
3849650776
5
53322472
31
18419
294951949
50947592
3
8770
222378
4148
101905612
9576
23
81910
348694
59
64274359
5988137
7178
361
6833
213360
4736
5324
5970
53547
6697967042
999
77282
4043490
7679680359
20
441555151
334033
891
833578
149780
5
785797
323
569
70891353
7033
796
6762909
634109850
5104
778998543
57301972
192216020
8419607
6
85
1214401223
1478
55
3997201820
469
9109240
945
115466
88
1697
2473125691
445
552658
9900
42309011
4521846538
10737
4558304
7903253
37
9179475
2
1139
23
638225424
850318
854860547
4015328275
2900
185
208054
39266122
72586
60238370
4904923
9609
3870636121
58327032
8
8543476
935252
15
28556358
91
3
84868
793063
52
8040022
8588
25
6751405666
75
1839026
915204019
54
4063580
916860
2176
727573
6221960
403
627
30098428
216935219
6220520859
4595
6119
4630262339
6666
3
1146
13042806
839
437367926
866416689
5648
37262
756971
981582619
8
3968326
740
60887
1469
3
775790
200840
941393069
3693113864
5699223184
741910268
9318114728
41
5
304
7532
85648333
4362
69010
797744
3835928
5223
9
2798
548605
863931078
19
8287787671
53092186
2563
8
79640097
58774071
4170
9
9
1672244
686601
26
9688
3269
40
57
765120
9
32
55
82967
11
531
79530160
52709540
419143
24280428
63601
711059472
4944185915
464950286
63302
32
215207199
574607885
1
448
15
906256930
953306
7430
9904181467
996978
63988
75156
149299673
24
304564
476
6737260883
8165811468
1
3860229
5904390
59
7
4846
9
90501
1554609
18
64
8
593
59203
2039057943
789
4904706
7760
2263078019
10
3582
265245429
1561
96028
525800
881706
662742
2
3
652
26302839
5394
641072952
9149
555605
983666
1319
12853622
4981621
4
71
8553086516
983665
50245
9693012711
10027206
4733
5469847935
359
59448279
381
6434
115590
316468
643
91329
534058088
101
66779
792290
7884276
1044
4047352189
9995248
925582
866
6556410048
6181720049
259847
73855227
9930259841
4
4492631284
116504686
59
454
55270741
63
4459071
8393
8446
27
107489
53
30565
4229
436353
4252154
593577
22737368
86
4
11500
3518316
1037540131
3
382254229
37211
1801
487
1644409
64992
57353
848
6433
9401
690
52744380
998092
424866982
50374
86266
2867597
23
9848860078
290758
45305
2396
609
66126136
760
64905224
32830420
957759050
2842732
175687979
794853
6268228
7473424145
361
84385501
873710868
980
761687
6222513
14
292065
21691481
68999712
502088
96
923619053
749
527780924
81380343
6332
687
525
95
4
321672
5294
72518398
692142487
369
50
291917872
94
6
99132
5068940143
83764811
52109
2819
5941197792
9335080197
3722
16742
47225
488
87454406
86218813
1087427
15
60
96
8873
4941
820678
883147892
583628913
5
221
1
661939264
105695915
308799559
218271
865216153
1261
201
152943
9881644809
5
8557651435
3212287
902957372
67
520844
1
9518881681
7855
1349111518
86873
280
7039
690
1711
8
75
57983875
6195427
4
9005626662
99202190
639073
506
428070
82042798
7232068938
24789842
399
1062999
8866120
902583
22420
91
502351967
2394031392
9
64
2609114
22
60583871
87374402
5322406
72
5184029
10966515
53
320143708
90105
8
991180
44
35777659
325123672
5661
752483204
31514924
10467
954707094
70841460
7709405221
9646
2551734808
459920
17374554
8697
137533
3671
9748798270
5
89
89
99069
68882292
3
946
52107622
649
195800157
20796
17957
700
808896267
924
16
767093
955276
9653125
663
7786875500
1
8
359
97168
5
201
63007018
532
161
169439318
84605258
301
10403395
35
99
8
2
4022967362
2570593
970
25
28489817
640
7197177646
5968
70
9575
43490
16
638052
95096534
977
88525
26156
4544692587
37585705
10691243
6965
714871462
9448
750
4980676326
24438286
9568
79747912
171743
70211566
17
65915
607617
997034
98
2452957
9349
8245947950
33
6528090
839
4486294835
5
9
1668
9287532748
13285111
5838
8097
909110612
2
599713
79
343424756
4
65
70999170
27
88
379167827
97755
1443179
4
89535
7
5998298713
38296
16
574
322195096
91075
815904
183188606
1669547
20738
6040152
5
881
10486491
776862
208
7499349
474394
966
72996
645962
27
483379
3
53196871
7137
632727458
4
8210
54749914
530
43
11
29
702557895
20330
9972
5064708
1704985637
1816239490
3080
9
86812538
13
5
79
48084
87268468
896
51977270
710960076
5
4162150
587337064
22708744
7650704
2634318248
477825
20
2242080
9312
5
403
7087759
952187244
406028
3938
3004501171
1241163553
9283
776645575
1200266
87600204
3476083
789
497
4144
5464587630
9439755439
52
897560521
551
3497
9589327
9523976
817825
8416545873
1998337
15836390
724
194987806
5991
844805
674
1433581
73928927
220
3777
6944967
190832481
9427162866
2385112887
606
53562
9
59056
627362
1
73176739
4677495
702941953
9
1813863572
7
80965
415948
7731
72510
783233
131653009
780
63
51111
821
9092
63
28258591
701863
1036970962
844155678
5689
518323
819922
7365
8
5
6
90559557
220
468
262711734
272
6205306146
203922
91
91056
547
24318
4304192
496
730984700
6665486442
71
96405
132
62998
5174803305
397803
9089
5
488407783
90315
9
5
540673791
891684
392768
8461
60
633433814
2440
7036765
8
1858
13128244
809
575693100
2
84
19
5342
247799
6237579
296
1591550924
57268927
840406
6470
5
2323824
93394
464995
5
1
4594714008
64073147
31
56
53276
345
4965957130
6672345938
72
29
30565
80
7852
7660
58
4551146
93128865
2
2295354047
8119791190
805762918
38438405
51221805
438070368
54191386
818878835
615021810
9400
687
8
1974954
710727150
586444741
3257376207
919753
899827
970281516
760282211
9
924979228
831398
48
378956
7160
8974
85732
265964928
3351555115
860
808968
87411
8718160
56964
246161
55854277
6823
65539
6633064252
9024707
81
913
50549560
2
253
62
2357134
18541760
870037
8
6002838
151673504
3222753412
1122265429
72069
4921
59395785
778354644
7198985
7051452119
94549041
16478
61916766
4152
274
7055
4848
91050
5056
32
1
2733182555
361200438
1520739
2872
3014916660
522
13867
50886
400
502102407
66
3253635
72770
4
9871
38159808
371
465752
12105188
446498
4160680856
5514
9052228
18545654
7815359
3431450901
99591942
63
68410
1
556774867
793397934
437
767104
64
604545281
212
867
741478
1390660004
120
842
96793
93167
3633822
48901963
9
3920446818
93062910
49
71
138138573
915491
7752668968
32819257
9
860
43
81849
60
5008426
6754996279
269577961
735
3235314
57154
63407030
6
2
255043134
267093
70
4391639
7794
80554
87272
72576
6029023349
887342
28418525
9
99
482662
6098
8
681572
73
82
2567044
982
699
425
4063
86722
7027785489
34416
3395
3
2
4
3248146028
9311416
2
184230591
5361486
1896957
545446
8
7103833
2379
68
4
1565689
3225
851215
55860701
62202825
14472586
3850
65381488
54764
1279348
618754668
99987
5866256252
722
596967772
92890
5886
795241
9775
79
44
90438
200
94984
7716267468
614401210
629977
4606098804
2028
3918731489
760557300
2068261190
7966115
9
676452
998
62725
9143
81430
498293
3
15369
65
36420
87841
23
254
498424045
129588939
32
3439348
93
4604210
2427
5849956910
82
8383887
852898459
230
450
154331098
72
3638166929
2426896478
5229977
7298375772
405
7437329
6201646792
37075
2
2
3
231
416921892
8661991830
93265393
30387
625406412
23
2574735
525930424
620
88
983684
9980462748
3370
8559743392
40164250
2
71
7998866418
746972876
3758984541
6568504
6662
50083
4
273049571
1524
50446
72906
448855
5
3409292896
226385638
8206762857
25
46434169
3358223
341520077
1848038726
17172010
3018
21593892
867549393
872141312
162
3680020
86237747
884696224
7001123
4167
21387301
705299521
126
7843705
6892059
71
20293
95
975
1620704
2553
1
135
869926
859142
69431
381
5036
396350
98
2150
25
79020901
68270
24817851
423658238
254285
38
6167103226
96920465
54952080
43043374
118036138
86776
95319387
88
918043314
417
827
9620806
5578
8
25158668
6874648
75008639
398492
384836
7214477
64692
87
4
995526
5061137
278
1
142820662
5780736
7308
46
68355
181
2102
6
2130
7066565
422238646
996
1
525050
3436781
7
2818785117
6
4
5294650
9378387363
185092
72858
79310
147110420
643225
20
666987344
61416
67801
9
592
9
572075
311364
785658
5080
376
98875436
7740508
4
621671128
57912027
50518763
608
44261893
6
9929
4926920485
17875
9934039
795
747047
7073900799
9664429659
99817
299805
7
248043
4928152
6811
6423223
53478783
98782782
814
1910544792
231
7356
58
15385138
9704220
6245
9349582
5193654
18316
353623306
7320
863419237
960788239
71145
7
4435749551
38132412
2939785
47026659
13169180
8450681075
4810265
5577162984
62
648912799
139829572
26665409
9075
8415240151
287554476
187632825
5237
977955
2286756719
547
496
54345
4
3005
926
3992747176
186
78
49303
4965493
7043744337
423780690
3904325
9
3
210
275
480077917
2117387
1
32299100
16
4971464219
4055
4
4183101
1
7
24
506099618
6
4
2600438594
1
985765447
7112
4378161
1
36100561
6
749
594829463
4407
58943
1
5386215
209568
46592
69
363
1563444
1218938220
137
65
9485611972
376673283
42
65922766
5
3867011
8314
614
17318
675297197
4486632547
36721311
7910272
19
2465940
119609
141
266
3894736
20544
126335114
233
706757
11
4957468106
4638
3
6446785
6984062
42713820
66935116
4325
72359
9
6404
7328421688
656739
4617366378
113629
4936501
730
27422
3120
4501487
80024919
667839
9567094
1703
4392646280
4890853184
452763631
6778677967
8593
750
5816
77
103
585
6384725
923
8521540796
988978
8526
63245
62072
4171
9597
58271
999646965
249715
6504216133
913
3
635802748
36834544
908434414
150392
5132232849
58
43208
5869209
87658130
957650
7
11072056
514787
958390504
9930
3687423646
75359631
5200624
79490987
7
6867989815
3
52
109343
8104343562
5053275
445192
455853078
798
517
337755
76074995
6135690153
98334
6087763451
4714
6030483
2427335
614232262
83
822562
337202306
251668785
143
1401
76634023
3716
1954113627
136
54628
9059
9619169385
9
54
5
1901308622
1232452
48117
1958614702
454684615
39967
864395228
59286433
932549
797148402
40769
19287
863306
7640
3491869
56945661
8040
81828
63
1
801806139
747
44
793
558
1661643
4759234795
138593040
8
5477
9818203
173
48
436900212
8
19790
1965374054
635363
5
604
8531918
7377342820
5745006734
56
7773
56793
552362717
28120
474612300
109440114
9
65022229
867015
9200270569
5820519016
962
4784744
3426
358427
7214
4867880
53019597
44
143914
1424522
6016087
35244774
8
3291
364698
4335525
822
54156
5120723216
16472
10481
6038462615
6690
9
919
9610678
29788
822
7558134
772
958455
51367064
8791517
170
5961922284
13
822273887
29
398
6576
1482977630
496452323
64669649
2
9
183
972
32
7
641318
734565
662144
7983941697
1875805
7389106808
5394545
4623271240
83
5
5889
173173132
97926
8671776
83515738
55229884
2772308
254268
6012
1692
9544
2
750920687
7218
12
376
7035
2685215
17
12
449766929
364708580
995
2520
37957
9303050
143509
6
88
404
49
5758570
6360009053
89
64185
781213892
666
178854
76581
275472778
958161688
997076
20233026
9
536975
30
5830892356
228639138
770088882
36615
4
799919
657
274
14
549602664
8837916607
6114
200018
41876059
39318
617194113
27
18295
53240
936754
8
967768781
2
6
96
978203
723038630
1
9
165697508
59818
802602
223871349
68106
1709765712
312661
475825
1
4
854863
2080218
4749
18745246
5786
3040896159
2405115172
1615
1243465450
248196285
129643463
6089771372
962414244
85
4215252
1534
64823
402429
695834701
71
89464019
1
195
5308387052
65
4
31660891
713904850
9756
787
41600386
5
27501100
856
15
923249
2410
4134007
232204
2245737
34123
8766737125
476201
882760976
47219202
5
9
663192
9963878
732
55160
2111582186
6437609
2201
95745
68342152
554
3776662
9571951453
2164212
5491423
34271266
1
909
40577061
1170441
855992
252495
35
7974056
33527
615738
10998668
170
8399
9021
4686785
63625
3390482
5643724402
88592133
7034
180004026
8685291
868491
7043065559
87580
6747506
6445697210
716406
562277606
622
1
15
18948279
5
602596885
78
21
6058
80779252
8836344
1547022088
20159364
448483
10011
3845
369
3896708
56
304112414
71602
8
1720324
862012698
5099066813
40927
8594
813
250307054
7490
67699306
642378618
6733024451
9233
113
884
59
9938
64288
918325
487874702
702655
6870
7710645
456095
938141747
2888297709
807566295
56119783
66983063
71819
27641497
49171208
74
98394554
48
7845
89578
5193471
4978972595
528
7924095
73493923
740986
2
889902
8
318489594
4142867
973
39081360
6363334
903028
2
6615811915
9179
36
9
19005053
80632
6
25862
356806
5790948128
895627
69728
854525536
7432110155
676
633887650
75
87171
3916449
720153
64983153
506
83068
9878600
4
8770196
18823164
8463915
2498531464
918011
66519
22871455
6
7
1704310
2110
4665494095
23042734
775
3075
94
5
2672
589727890
56043430
104
4428941735
8782
325
234582
7193
6577
8626
154
53469475
1045797
334132651
1861446294
2
8121349509
280178
55867454
15
1345
7251
26642410
8770694
17465300
182153929
9495651582
3013906
3412
70
5704008
49873337
8
6761
5
370
9362452
2912
18238042
4633
546744620
1862780552
489
20374580
6485
10551349
826
15379
5649
1233132
3405256
4345762
249288910
1
8318205
14045313
5613416
4990181496
5902108628
19
311426
26143
21479
247
98
91481
22
483
590
5
7465
2020
28457
399722
95
66994910
756996
58
32952
282985872
8520
5952
6929757570
973314965
25874
46030
4899489
734874
804
731
24
1
7417045
3
831
9449763210
897
51086
4247615
400432089
193
1665642571
689415385
4166103
8797763639
716
4670487
3500770
49294998
48
46
830840731
67784
567186856
7612491
2
71949
97
853
1215121722
94485
82564133
9849020
3183292
982061
9722652609
9
1
6197084653
13336121
66
5
559
314
435
176764
512043717
9
173
9529872981
1
5
7557844
5
689509907
127
912452
937572507
3
5861
783639966
96482
963507
34
9970
9794
266313
4459550707
16110
411133
266204680
38
34076
410
758283
840770
33216308
72825221
3653
5
5424038940
959569
82
5
533203992
6
2622
89809858
8
7351990
2577
3028674024
9028467548
5
6164
62
8
7668
60
241245931
44475
18
698069559
48
698082394
6811923
6393
45085297
933327
424458
15
8828465
906505
69502833
229824
78185976
5994
113988772
7
59799038
29
265
35210496
897
2426671959
1271
621482538
61961496
5739
653461
8051
59924477
6611612316
760577884
234197345
72220738
99180897
25058061
3
79
42667606
3
600967
4
791434
8518633
915
7
1
9695843
33434
83103
58047
31775777
629939
8711958
29884584
4303833
5829055083
115460757
491623
9
9
112
3963924102
63
8367177
114
6839872892
898883
805
585
6434988600
75547284
9685
3
970448010
8
340260
84269765
79
759
3575285
473096172
57
846
59920
701103
89955
6965210695
13873
578423908
8489
488787
106932564
845
9565
88481870
228766654
787082371
59170
8765320952
67033
3684
9523006
39
91331790
106448
953157
8868
391
8388736617
1360914
3190
902
925
3285
6678236804
703
98
888161
950148
4331555
93805
2288
3
5451
347521430
744701
836
74746335
9148450
3735
686970526
4982589393
4
7
3718942492
88
523229699
90
310644
1908
7925
3
9536905466
48
33333123
3
8476868
89
9
4741247
3
35
15
50050
21
3635107
490
83361
108511
2635798
63325
470195918
149794879
4
25
18895
2
34
7325910
703
3546032593
99
5
5971314600
423
12309
59289145
89596970
5826458276
5
72317
30443062
131
4128
907
7498836
94
15103676
2
3567
93
292246624
4423612457
1
27862716
981
60816970
5489403206
34
44340
347
4220
40871879
437279724
1
696410654
7983438
2860838153
303367
8680
732183
43309
718829855
498916
8
4161429896
9516948162
6
449812632
39
6
9517149456
743187
7465991
3
69268
3212046903
212057
63
629865
6328814
900642951
869
9623
19866
42
8860
455198
7266
4926426
616579906
3824841365
18676829
94
78
32
937913
3028508
1771917
5140163
6
71658556
3701688
7045
473
629696
2363146503
3
2
7599735215
1
172273634
87
1001738833
927549789
7085913
97
10304
926761253
35055230
644
936376238
585184
9104088
26
266534223
454
720
7554
1984
3585739288
67821
64
299868
7
7966
78928
3
7
423
604766527
184701316
7322349812
48989801
79465226
779
37
86
2
631579
3
50
19549
2467
38943
35
2171066
94998
7403668384
6
910752749
91183
76
17
90655395
585909
2522720429
4305249859
91242212
2954663
49797842
3035
20522726
525
71238
2
941219
2
208857484
2
719626
874
679167686
50815
364
3
77
67760
96367
656
26399038
134868277
461891339
2350
3802638634
6930
3901606374
895
422079946
9173855
2894
400252
7778235
197857
1393992
518
8144
81
13086685
814602
918621363
153844
83877168
2799
520894349
5019131297
23
318
333839
40244545
5827
59
67238
47
2
973848
864494704
4891329
76899727
88
40632
920584805
5209666728
4
3
663199
72699
896911158
6601867
731
187195
841043
552398
3830
939543
9
955019892
5030460
385
165919
5
984047
8139177
176231886
92882
869652955
729965
51348
66
6634
8484423
5379180626
22381371
8
71
3649
8118984
5688441
44
3512
6107
42561
48
39
19672
2092435
81921500
57207
9537951892
495745
258627374
603932
87581
14
459986201
846
9918
1435
4009
56145
178374
71222
198
104
3
457
2914592
37
7
1375319203
6014376
1
9517
55872
12405
2
3540865453
3705511089
3573
340446302
50946466
862
895029
5911
3981535
98
25445
38880385
83
516972
24365
3
52222
13
922849728
562645930
5549
68
973367
1028
42141735
7882
689703596
701559
3
5628
25170
102492
831796182
81
3864151920
2
646
76782019
308
2993331049
41
9507888167
3852164097
2449805
732
66478
5
1
200188
10833183
7566184
7
46898878
5350516098
751194165
26383242
546
35680666
648406
815742
108670
4
682
78359
342598632
5
32509316
657525
6806178
9303804
7815087
25
900177
787
45
2570259
53298427
9
4
714943544
79643681
55
4154700
36271
5900
5604398
321
908955
852420
8863
1349
37468
698288699
6129
311801665
355
31341
2329206
67
1
47443
6608
281492991
395
233
9
4515
4019517688
17
5593730
457220
35
4188864
7434108639
3
822218397
6894
90835157
48567
2
15390160
2839067033
604618
9
4802841
69675
420676666
1762250691
7107927
65873822
78906609
37296791
6651180
9869498326
65
7
39763406
92547417
94110824
78166844
279509056
1
482750
47281609
847070217
3227708
825
24790
8762070409
3681
178
190721
910265
6
9447036
8204637823
4779
9903617
44969001
52435421
81133157
938929248
19654
82379
56643439
4266858381
162250
965672521
796244
903615358
88570640
21666443
3056291
91197627
3768
91709
8223120804
3267212
49
5357641
3950806273
705730
57929698
4735881
7725561
3790
4936
11
912091
25
33396985
5560679963
680524465
456728
3
986777179
3282370113
2971560060
89147731
8004
718
9869435
747540597
7630194
4613128
4484569
31433
3
9
6619
842
4384831811
26194109
432152
58078620
165
49313922
70717965
686800487
6664932
9701388
8
53053
1313492
22074125
9697500856
62730
6270472997
63
785788
6
27
417201671
395149
98404
9230
1992060
6322
83067
2094
32651038
312846274
24
315
3
7318
8
8931
9702852890
741753344
3463
175926
10928
72514927
55042
76
627255
9
906887
1
436090257
326180
301987117
1877
67689
307899
71972378
61
63820
5195228
7
4305422
257
26
8
44
7101118472
89602621
2
28448863
4582082
915147069
9159231
93673310
4
755541168
37963322
191434726
5983
3393090
503
4632500
6284567860
2745494
8
8
35
942352
767246913
752504260
4
45166442
1244
4800
947
5561
1928089731
37557
9811
5799
703878207
67
1
703
25409170
8089
13569
57087952
417682658
693
989081249
1280199
55042307
1435133
2
694517644
86
93293
622555085
797289704
4434230149
46431752
45526301
478
741697
6141
4218
764985
3888270
6600
2
4824555883
7828169
711312
84016753
771413506
9182412052
2178176163
3090
619
5474707546
1
9011
788
15773362
878
38289383
574271
182
556847
10279147
2756
4060309
36543309
47066
8
846722141
20792289
52935796
1487591118
3
337
1603947
17772
8810383
70686812
5646938
5
796
6
60165
7164250
585
964
244108446
8645793644
219
6409
7124978
2694241419
9861492
6312382039
80265
9
1127046741
3023468830
18294247
481
730
162786
38627553
42
47360592
20460147
886691414
71651
880
65
7501109
7815551402
1721440957
78218
123343172
36530
180591598
220709
46
304407
6302260
6132
783
70
991803
347
42957770
1606980
78
672340
5520529190
78554
27140030
58951972
13335
13038143
7419780
45371064
264777
322974
35126910
520827083
168437713
5625
7
525347339
762
9
85050
1112552
3396295
14
1438392799
3094
1
5
610806435
3934
33700690
389581
80890163
901979
51700105
1750406
2499
27374617
161177
541625
280318
31715376
533364808
8077003116
79211228
1
8
748175982
3219595
62
276336944
91154
5905116592
387
856
3309
7102
7
99992924
8471887
2248
408
266378
5
6346
494310190
51
1035386775
4
4714723
11285144
54
9834956
9428
102
787
1089
923881
35396895
35882
4
6
7
51718039
52
35009940
7804
33945931
12655876
8235178
9516850
4706345894
138042019
2926868
4946
216983250
1414
520
6638
98918
3308809
6895
1049763719
9802323
9802
5366
89221625
40052639
97042
55048
9365378
77980
600750516
897972
307473631
1590841
680343
826
289117458
68287
481911520
86
44640947
6036258
93484
7
93874
9
38
616
245
972
1
615798071
94423
3309007
9729118
879317
9540877
638
340
64
63
912
253
672286
687777
864598521
555406435
2945050
3171416
24744835
2491555
5704961908
830
276866
1
1
838
401
397
726675
260634
113
51
2
733452
5813
65586867
913185061
7022652
7587979
7694
59738364
71
8
42757224
47271
671823986
8
628759453
14
730783515
5851865
8568193
38341
2324769
708644887
513506078
4
44827
21266191
52311
677308
69026569
3401
2175205
17
8580613185
175317
9
6159452
6821
6
603550409
500266
655618378
84
29903
2
41
253
900
740588205
57
92053
32086
8464206
941167756
692474
5
1
1
227776426
5
8150204419
331
329
8896
661
4677
8
181744
62369757
3444293
2691
4
64098
6546052080
45259
9
1
21
355
9306975226
75217601
30098421
13788
158
199
8672967920
26079
3861
5146
10
74428150
59509639
225
795
1730129102
6796524581
753
42506636
519978618
260748623
55387
68
49641658
2
76
493
256872
41
8
9922714086
3
1187
4250
50
4
68
996
8596
5
3342330091
606102
2695900
8515749
9368
86390
85122554
438182652
10
32
9382733
5
348
26
53
113
1741715
316908471
342605477
7252367684
1972600377
58
24185
1431
66
886
69929300
998134
87
781538711
2082
1
48671113
5
779999032
722920
265314
8
17346405
6
1428
299289
4342
726
931743
5
6123107274
4863948
4
3
41984
4132981
3
449958
77
31
813
75381
92901
18241633
35509540
4561
1557338
9365
8
41
809179015
76116
30174000
662476
6150875911
249
4951223801
429984
162618
6450239
1588
402
99
237
4
22
743
2593015
42480462
535088
7596
836907044
8334140
829830
287
79182
2525
631
60773246
500819290
9646452
62211
4105595268
8916450480
1370
9
321816568
3837
66
4540
413532529
9034
293
95014
6
2733889431
4410
437644
62
3212864
15
3
2135672704
785861273
795484300
25
979552684
111919668
3586
2488
642
2636
12
18457320
70
14522
9071629207
40
97829
383
8519696
550
10936658
3673
1
554
3976
266539928
13221
780494
6063899743
21
64305442
675341599
2242
15392906
654701
26712
422222063
892255
22528
6
17
3636998179
872340
776329979
632127
6
9
41152803
5792168430
404542
296531
74452
8
611
310293441
95710680
7459839189
6
8345670
5714925213
1
521
5075
5140073
5768849745
2396943
21
20466413
743
3762251713
97
61
885355
1
59
211
13827
3485478608
1095
48
662348
348
61
77245181
6275001
669018137
7722
7
312114
722301
274121375
55669
9
960684357
376686
6
1183216893
92792506
258457025
1683
85555833
40951
9592
8192101
18257
42006621
306
372204
984304
508567
3
23451975
1608368678
7
985
528
87
1768
8109874
6893500171
7
154577768
856979712
70
48
5619
50
982276339
77
5027911162
6134556054
2
830729
79
5967402105
3540
34
32662391
79
245
42
792127047
3488298
5111359
3167
87450
80
5834783057
52
5
691100145
6939
7384965688
6926
4875
2864519
15445840
9853625
8581597616
31
32
86971964
80790
9276815
73963
704848899
4
21371283
5454346832
4002647
37
9559
977
3
7
512779589
9710807338
5527070
8
44
713700016
478
2948
205404935
39619253
98
81540950
2001991
9161422
9527302909
979187981
735283
959642
69173947
4
1388111
379740452
62
26908
9160606
750
3225249
678524
54553
2950
10540
7778384
931
28353
65
22329216
3979
1
55
97248
52525665
834
35583805
983895
6284861
44751
3081
18470410
43030794
999700688
82805
758769448
4854627259
390560739
31156873
49268800
994482140
9804
94207418
7045761220
204
88919052
9286
5385
19
3157894095
897055
130
379293814
5
7
68
88747
944101
16565
7
6
38202
99348
94911011
8265330
400285
853204
77
373
722758461
7
54
361
8497388
8075021194
81380
72
729600011
718233175
86
868741690
9429906
1914
329
58413
6180811398
24867984
824836450
8355131191
91
21908762
9909281690
353917
83262
33830289
2756
49070
81
315183
2
777
714908131
45
332127192
807483
6559282
2
435257376
636
66053704
690
597690
824
14791
5438047
85052
85865
435
34082588
98
42139391
749
8453
8
161
4768489
5940194
3
833137415
43
13908063
122448
32851494
589
361718
220911
994161
4193260
8819092083
132663337
2036935
81106
3662155035
33663
9
49
3038130150
87449346
604148
8
985
5712171635
3602488990
4
3351341
913477318
8503
425932
888960577
954
22098349
418409
7935
37375317
16
3946
551
71
4
23
6703
654
43641887
51686
558088939
1
8640
68
19353139
3367
422193
688
9
8296
3881182
9592696342
368440
342119
3731219
1060947
7946471
5
50782
571
307574751
71
1338
3490834
304
998719
77342116
160727
760
2232620936
788
89050
3573
2520
944423588
1706070
1489010100
4
6247252400
352871
5
7
3641
63871283
8
81
58741
40
924854905
780
3085
671093592
498197628
4515
832480626
322
32
965723
4
28
20821
62409154
220
277
38587
125
451
2211063
866628915
407143234
2837
97
7776984600
43
1725931
4282
4129337743
332
739027764
4
23505152
967
2244
8759826
126257
85618009
9183
509
7238782
1110273
570681
44
14192
2083
77936
16662592
793
164172350
9216363687
251706650
76651202
49
3241203600
72883014
444705119
2739516180
4
5
7736
7032551816
3039
49
11730986
67
336
870015987
73
570425822
89930
3827587366
6
40260473
1292138
1828652
160
6772171686
92524
12
7501664866
11501
168
5086
8987792360
221631
84341631
15912
8197
561634405
3120885
309385102
8144906467
48
6721922
2637041
341210090
3991585984
3
306686955
2
87
1550268658
544019
726
665554315
4
7705
46809843
675
76685674
297
46
6515966
6722
1509874
1
780777
594941071
6039121845
7973125124
3785
87
333992859
7986006
503
988
61
2557205
2393905
454
63
2
52833
4414
1
12
50
5614450
229
1636828
256
232
842537
4834924
169636
329077
986072391
1015977
7339
816392
24733
277
6913394258
10
7301513101
9
42
44
66935
1896948199
734163
7745
4
9
72
1210712648
86426
16
909
7770555
4210217712
4
10514543
47413833
4694
11656
68382072
97
29442413
8861
70
364335090
8125148426
34319
118
51
122284
4036991881
92
7285
9365
4062
9656484
567322061
476135
491
18
35401167
52522658
3681147
8033
276
169797143
29
6611938
44
5992
8
465481673
180977061
17922
619418307
6664468
7
4
510
2
1
22
9638
3
803
42238844
601807
172860541
7
55931821
120016267
5415216
755822
565248
654
718
1212687364
95
31516240
764583
406158
1963481
24378
89
2042
58
732134976
48170170
882100
38452
3387899083
92149
871501
9934
85254428
1960057
151885129
27208
72
626
1747
81996955
252
734691
7
996996076
7801323211
9244
2
7831112
866478753
846187554
189854
69
400
95559544
16165017
7375
49862066
7724496298
56263040
925
882
4572872516
7971292905
12203096
8361393015
9
72066583
5609344
95668
837771396
464
8123765
3932416
3
218
33
4333054912
955
943921862
83502
4409
66
50
9643228
93
683798
515277
6377
81
2026
4539651496
868162
5
33202
8484101
6549198596
418611
66713
5
207
680459158
8232944975
4
192063
612106294
442892
9347
6164715
2
4
52226177
147682
472733300
5364744224
637
97639749
7811
5820
143
9375
7932428628
5184004
7
97773750
672
5
41294
236
550217025
3739
22951
61568655
74
542691
4959405850
1
472906
9
845132
8
81328
8204
7631975772
1926898
4222410
7634137309
51975130
587407
81657498
4804599115
3
28
5571
54853
60
7
501165499
16634929
14750
1111
928125
99
4
4
9756500259
22
4512045717
5228118
69
86027411
35207568
1715
73742836
5950289
6894961
88375
4540
7338554620
7255
3497759
7
9596397
359613850
8590799
1232
712
846243637
249
106784238
741678776
582
22206
4705469979
81
68
3510
82786875
8956016
8328028
5087
34977
876731
3076190920
44749
6
4
9405133
70833749
1085871002
408906
6
40
75
14523441
31579106
3577
19463665
371521
41
1212257
77538705
36607285
74
7584076045
468886705
8761
15
3176336
84395616
44673206
1
51
11
62
549194
63322
2533122
792
5
211
32672495
66326
5068925
175
222
25
2
54
86345
31
13
949060736
538
6404585
2
90
5
2
8326284477
9
38
57337
6999026519
139861
741434373
36533540
31142100
66
67
49195
4
6
480
793496
2199481
1067070882
48
28580002
1040901
4057
80619
6070222991
129188392
1330
7384
1526
672072196
9199
46940382
5
8544
59063699
8756630479
365
11859382
2
5752694
90319
75622
3
12266997
270204870
1205311889
45615536
22544
46
7970407
4
754
542
598508742
44038021
440051
553115
2669
85767
42
25
55
99
1
9944
142589
61
677120
35
84
6392
199
8288
922
3877319
5
655055
84997
48146
5671
490846
860569729
77418275
327824
8235709
8117559644
94154
73
449
173760658
7
867292
8549653957
7358
618818794
704786
8414
3141741
1111513
985901047
81
9437327
22
223789
90112
898215
5554019559
9
43269888
80089
599
5744992
11638648
9920806
8999244132
35192253
854093
91738810
7062
5218
250
94352
9050702
947219
2
1928599936
5
570
4
45445865
290192803
7064329
63398
1841734438
9530605657
867611
8
19785
82490
159
698
6476173418
5565
365
69011068
904810415
46404
434317336
5064593307
1002
11
66
754055270
4443865
125936288
535733
464
476354
9
546341549
8
4864741
58818094
5555427
5
66144
99741
174360136
31
7
762703708
32
1667732
480444
8816
108644
14
48763916
8991546494
3577905
759455371
48
8115006
516769732
77
24
3559500115
150
377
4594
263803315
752261620
55
2
2878185
4526
85161634
2
753
2881
5918
104916
87881
277793
9
395749
5168
3587
5451546
5454006
86
9340370219
23292741
5145767111
750739661
8598616
7391190
4
656739
6
9400
931012223
31726
5571784
45935947
29
253
527106
6
73895715
2876266
70986043
856053
75310732
560
3512113
630145
733845
65421687
550634802
6746
2979399
3662206534
582
15751
404709471
18
229
206
880
8258
7640579004
746
5244
5
32363814
66966
56
46204723
9978991918
38708880
378
760097
872268
989028352
7
304440551
94
5522
1991699624
4925662
32848
8680155
2873616
5131730
1324
51287803
736160103
96308
11801
699
19
86
6456265071
45
87301
97909
7460
7434
160
8650
92438
92155085
14728
7743949856
1
254
3
71395713
480
44517290
347555547
9020
2033724
73029
211355746
263
7
72022307
255
6025526638
78139
79
915541
59
6
41815257
122402783
7932
5673860
4
867421861
277527485
810332
253253269
175
793787537
635120787
94
4
49847
9209774692
945545162
4
947115
42
35672
386
74
15508
9851472
22131981
239138
2
84906705
671571930
493587630
19117195
421
2
4355783
714354
99704
39
352401334
300549206
1500
6439593
9436
602097317
324074824
7628584
8466
3157
78303
3912
9203990
12
1
936
7580457113
5668416361
86053
9
86868608
82066
622070928
7761596
78
602
238293
79081328
979044762
22391
658900
76
14126
72347161
42
332113116
9
3
972
523184
9864390
5228657110
2
642323
9539
365256729
420481
4184802
5
493953
92224699
4117173
6783700442
691283
445722
6406
307479
2
96922622
8846498
5802563968
2933676
273760
771324730
7829
96623039
5024
6
1587853
2277
2639045
74964238
1994
5
505843
683726703
6
32574146
737
4290903
4
3
952
4507396397
867568
1346705
512662289
6
94
4103063385
512060823
9
86723
1791751
646
8959554558
8352
9492510891
592946
69219625
901586
62371
7083475
3
4808305231
3
175040
98
228706910
525456
7040969
6340
828028
707753312
45
69855507
82
7717
37
8259116
42474777
645
9355181608
546670267
4961895843
9578
51270206
7335
5839298655
1835149651
1114
39752
11
67736
360
914696813
87
34
7919383935
1410316483
186365035
9738520
6588
54426037
2
7060
6676096832
1483749
748780
2
8884172438
6706168692
92549759
5
1
34
35019
9490731316
17415645
7453753
506150336
972984803
534
4
6052381
1178
42945007
58933
90355389
285253987
3872818
8399
3890
49658
320780
3125482186
724626
8409
90
62
1633
4
3233
2
7515984995
5017538349
82626872
3495468
85605351
651385
657077618
698976698
183079795
6712480465
17675
4331
4372
5110853942
414
36694942
997829
5854418
65
35409
68538070
926
44222863
8
29771690
4548
69200
6597415048
9
5019154
27
29881
4022696086
106418814
549456
30579
29940
6
5737708
879666
584
92
3
123
819818894
49944196
672
9860135
2
856
67660
94685988
400
684
3871
3
50884434
70878
5182256834
9754
6567
648165336
1593
68455277
1
75148
1427367
22811
54402
3
7938791
424
655
513058
25242012
3098243
51
94299398
943018238
307
5163272635
337030800
39
56641178
8312
607609068
6477
60
40568277
1427275456
65253121
45
219
2822
5986691717
4
56567
81
557
290545
17545063
3033690
8672900015
775631499
9200010725
97052943
903
8558
8090
5740983571
72391
355504
746937
22
43787064
5557278
983891898
4247063
456030030
698
2601
207
1809254107
836278365
44
1
5428
20
200
6589906723
550920
618
4902806854
9458770572
404772
3905
7016608183
760
485
456133865
1
721
68801
9004
701200507
86689
881945
512704488
8393149
2567517
406
112641049
821
36148568
2069184934
228162
7820798758
7847
979129862
7452375794
86
29033313
51
2753
6233
328728
31
54369927
8
2392332
75963
138333
9241139
40
416666
26633660
713
8192655
386606290
47673506
648
80136
737146
3858311
383924
8769476173
60
850975630
694047012
6
76164
2811
15
4
16178
767629
57616
489
92
2
791491
168
255185073
88250352
222435
97016
359993
281932347
5
54113
410734983
2174
47731385
911453
52
7710
42640628
71
8099122142
466956
6806440148
555702
62271458
172782091
709244
920814929
515499
81
19619469
984895
45
5607
750266
60906
435300205
56576
5680383218
291546
31098
3366392922
5095
60361505
1101570
632
795119518
62178867
833664814
6145
652479
8
6560208
75
1
7781054743
15666
6776
877784849
37471290
327719
98
7942
5612852766
30
893
944087
81312971
3
2579675
86
337
2800375487
25785443
978
4925151
6418479
88316838
92
2840436
850614
745652
752
7
9171
786590669
898
14329
9374703
98772102
727832935
6128258785
61000
1029335
8043264053
67257
8843
211992
178014
567498778
1
841437177
4348104546
47
760275
5141026317
50763296
6754
649158
9968
395356951
3
368371639
53051101
20
566
716312769
75
698
69100
8733319
5979994428
628926215
295
729
9
9917
399425
6295922
58303
4296897867
64243
582963564
871
3008262210
9432699715
70660133
21998
844700
355
74121
40255
8
1687354348
61
18
79
7419519
1
3064
6436159
6305887
488239
3146918600
63875
20
7
2906991
9160508
8860
7691477
7
42142512
3
38
307096
103623499
902
46149847
453
7210
905088935
182056
408584882
7787
7391693617
464
76829733
9148871
236
94669359
6395
25578
2324555766
576779
591078274
639855730
4638766
74
128
2
9805
4904
798
366828
12226953
198645362
63110033
838
94
17261047
26920
56886
244
22588328
563489
12154843
547
2148971581
7
3326798
7360456
5375167
9129564350
9559247744
451033338
5
56403817
9678976331
21837275
15014573
7318
4910041727
272481
588
2902849
5609
51069
503729567
562876217
903442
582
21261836
150351997
5614899729
87980
6590676
628445
375713927
5704
185185
4618565534
75172474
7164783300
727
899
6790
142428
6152095
5300182139
431
80758
37351483
8939193912
908477
488135775
4038832
5670286579
958
2
68828718
3181018391
6
7
2
581850760
1306
737328784
583812
81924
896304818
59469
3000228379
69041091
67
26
5
31478669
9151713063
55679
76220
5136809013
432108486
16
340
722
81774971
495865295
15920292
63262
68080601
3435408
66631
54014
392306
7913473
610380
2
1063819892
6925
2
5863
8805692
906
681
733
890250
7
73014
864620
573888
9728233122
18580
8
4650447893
633431298
579
4747683
78057085
256463906
51
2460876618
1
2030329187
4285206780
5761934230
8235463
70859
9154413544
862
795
2882
369406
421061
26549076
163964988
3675128359
600
9705
850982139
509
137767219
127
617787
2554646321
70680
9524
8021379
5
65
761246
36144160
527486003
9925
9242
835
7994306815
9
63
76410018
114
32438321
11289
261
3516408
64
792
95387072
3419169
6
640
40648
4
48
51154
7
26828048
1400227647
384438803
9788220
4441
4327310512
5151
59997606
532029
286521502
82374422
39499
436
1
340518
723487
54484
8186
411134
868506156
9181
7987727157
98896
46513
58863626
102487742
19205
901
77090687
3818272
3
98888982
9408376
40
2442289
8
5758425
23066786
490604315
49189385
707
88577512
832260
76
9820
5961
76757861
1137
7182
8730726063
379870
3
40662
374
59
6
21025662
1842664896
356901
148
51172887
165254555
8793578227
6975413
760046
1159301
50346490
74227176
77829
25869447
96313930
430
16873
5994287
402
6
6750379758
3137
82360944
70842
3263
46
27
222795
41
228
3144920190
7942000628
87
69880
90
753
6136502
58
7856561
1356354178
365573
8938702754
45
535
92078
87
688036488
3449967
407977
8772
3262802792
222356
2268936290
190665
7805
950
8608313487
3452397935
39960
742
11
2
9231013
28
818935909
47829
47260290
2472930506
27340224
1517807797
79481
147237
581073
31673478
5093027
14260066
8
2
642322
1453755962
15055386
1052484545
922
825
98114
30811
689270
4
87
21
11149
58820
2
419968607
664066126
1
8386761419
975
786
54719
663858319
239
560037
71250
37221
1394780822
9149
34
59048
96446
7306
1415
5
772
622775004
35560963
54093
72949331
35
6
5328
654108
3
2677254928
123
219
3029512674
7897
488364
7722404138
6908652
35234585
3
71167
55
997585244
817
788
62
78106
736
3401993
4838139
97024756
50868446
3
7563
904469554
910
41315
2863
804
7121394573
738750
2
1
63409406
896361104
292364
3019
7295198595
49
45348690
9769122041
719971446
45194670
20
87017
63
23031
96680
89950
228379
2
11662
2102
2290674
3060
626835
26
24643825
1
7953137
778810
3
9
33009
823256
647
3252
1548028078
51338
8097468
3959883481
3
3806
41116992
676951
568104
888
404
1
1696
8881
47109
866
8970
517634201
8030919
964021
239
552004
9
942
598513841
2
9930567846
99611
965793
283
82
9586
4967
10
413702010
837
96854
844186589
3913739
1675872849
1893
3632779
78509
10900998
5899873
810922239
2
7158074
80
2275437424
9093
77177
988
79328614
49700
29
738
8206177058
7
31
3532307
89472421
220
4461177
2918257
6174
62253
65
26
86532782
50060080
6476552
3164
93730514
63425313
809
7746255043
231688699
31
41
50239585
5785227041
3347
17662
279593
5327
7223950
937842
610872
9061560
364526432
28827
225
5922
1742797376
28
9025257
735748088
32
384
87
59597
973557
45920667
2166463588
306
499492441
32713620
56
6112400
73
13648731
656
688186
198
36687097
7495472
302592982
73
300138724
73193258
1059501024
3274
500
502738
20
36
392
552061897
72942
8555180570
210013988
81610371
290422774
81665
9155991964
56668
55973859
234355
517021
2540915
3071
426431718
16034
115
178
7096087507
1015
3889193
292157
6
3066188
1642
2
43
573036144
302085
759484
569769
597619
211920
134
33051519
367615
4266451854
64980078
712711298
254813109
5
438
844432
4478888040
60
4599449
40747
8191503
37814460
77011458
3598
8
2249763006
68322
73
853805
66433
3937700374
148991634
7
7763271197
110
4944
44690
783584511
208
45280
1518948448
76570
197584
780329
488
827147
923973901
1628027
14081
543270722
988168
25907119
3442340
62
8448
29480
9
13342238
834478961
596283828
6305839203
6077328969
23894869
328268639
905094476
62
3793
46727
6035059
70
2285713005
23
50
321
737
106667568
60497
508887442
15878
7
343572
783154
44010581
10850
158983741
1156628072
796
1965017093
6
5494828982
189016
606994559
4
532155793
684696386
7
6
256389066
70662285
46981
5137335086
84
64166
670
4460605
546813
8277
744
2133
6
575705929
4852
1591685
38
6757065
3120
25477077
33627
18665421
3620016070
8
3
70714
8538031
49
3
7265
5331092
8
4070115071
368974054
95335894
3444714
8277
1963
6
1
974
28
940
57
3209239
69927
80507696
665264642
4061
474166823
94182293
39781
7812444
4
5617
8804
27
865803757
812557
31
703
128
67396
475508324
8590844
13185332
5226
9
805156
465310698
2
2
1
953544
668
9947288306
221525
81989919
36083171
9
9005408
1780202
5985
657763
987266977
5548073239
24872
51104
4374335261
37350
4483
3306284
77053
7162
96827009
9831061979
727
365762
9380054411
3728444
2
7305
323357
3779717063
297269
6
81338
563406
4
149655
272
22880725
3802
9997767
8161
40849771
7444785385
6099710065
64243
99879417
5111
11
677223
163
7921762
6358773
4
3810
8522388319
94851
906390
7536737
6862490
899400
82822296
63
99
93823882
6475296
17474
1
9789492766
642
6
85
7
86
141157
1
3117
144077
618
330341
7035585508
9167313062
199830832
15738
4177
2905
2
11810041
68582
38
56058971
39
3145
7
30068
86566
8
339521768
3022
2017545
64648
57479917
441694977
860
6904029602
2499
111
1
741431
26
8269235712
2442
91733
358236390
70
20204944
500962799
106
5509261
332
599
592771384
5
13085904
130460
229763
12
489
9
89561578
7124535
435814
7174
179346086
4
694423560
35087688
25
409903
26
38553
333
814420276
3211
911626586
89
534819835
971143
848603
319128
7692
838
9679317633
7236
94642921
737907287
92
1856706
7758700638
9
498
3527645413
7
5165
2789785
129
26131
52336
91
164399584
743136
27675
2971040291
4
2147057881
4441756
350469318
66071076
1
60
179469
94
4634
20719
1
82758709
8458266
2936927542
3074654
20
2264
8654
4630
985301
14
17
5044119180
996
89153269
13
90680
356
3
750
9868571
277367
8
72907433
809677447
4
4125
66921
3527
728964
3
30
407100
5222
383820
774
8
77928
6569924
57377685
13840057
39230
608401
6161586719
7536437
598
5089
2
6
73881
5
178
997057
1169388
48
2
59221793
6
1133
4496
30
115575143
13
112867824
8740
9
26774543
3
116657
56952269
864106691
6
9526
7
95852619
5
1705015
439594138
6143556709
38
9554
903366
392
6
5
245323128
3434
5175776
786743
1351
77478
5765521991
168325
7244466471
8812
16113
196209982
173
81525526
876022065
69735
3666592
4893061961
6093
281321708
391973
82627
447267802
1
913453159
7231
170
6447
494926
691
17233585
8402
990852
3387070
8364806722
5
27218
61459652
795
1399
2381777089
291
1
180712
755
98
19
3915633
9
59061
8478968
57094
6916
859102
840
436
63255608
345
288206
58
5
4663
60103
496706
5566627
44018
237343
150
7
32
2
87426
4958240
9
4422434866
463707665
6
251051693
7573331
7
610622
77103801
261430935
1767283
280692481
9
238290987
203815
760
330357424
683057053
242
2437830908
452354
73942530
8233
35151
1387
618
5977085
323
89812
5
9
7239568
1619
186
186039530
8834
602
159707949
854
23
927268
6688389
671238
91
1063447598
3588930466
70664
85729554
7
3406100
1
2
4
5010469
8437
5935652
1722
59750425
8379
7
548100
6306
39575
8729504
731
5
866
36
5928850
78
7581
41331409
158772
89
744120
6230
641
16735
314
533
84
5484506
5023542909
4131
53
28561309
267
81022
1738
75409057
896819443
36
91440739
989431294
2311549
4045633
4655719
128541
1904165
328071254
916521773
246947720
32350
579938754
2363371
8059674
1142419
687681
10064
766135
7897623
3226885046
8
9372024948
8
1
1374929
555193
5
40
7351217127
495
78
1825
28209
34646
9797617
7340036499
8436558543
339814
4482
85757321
66713155
241388
225856
47
383851
69717
42
920
235
514790812
154694
19037254
228
588274600
276162435
147765
887345
56537971
85
3
242866064
33929
1873354
87284
5276
68888
3058
1040
56809389
6317009057
757373188
3
6
8
3094536437
43673
9
2617613
3
4977
6797350551
525673
350
5654455
4277507
3103424519
7
447636039
7482816
6
349722
90245
27684835
456711
788784138
485
16414
9150153
224
4344688963
37
80704914
2
912
77
5
7177
495
7517231
587248820
4896
8
10
4430881169
52131
8457646
5
61346261
959663354
6452
6311
1
95063460
760376149
634194
59764884
50687653
43
793571011
6030412489
767898
784
867293
3080331614
40
95203
352628
859490
8413201
9461667
15134673
629594
81
35421
458
515817548
939154
7992608
31697424
4
704
2970061900
71578955
5338
4
5833159586
6
6212
7349
89418
992515267
1579
111
3229259
2852608
89
7
66361241
31637262
95671196
3
5749
967
9605
371
108741615
270245
1
52873511
5
5109420463
594444808
5958125261
483637848
220
90
66
3151226
862
16
6892
7115727
28877
796672
5342
79
9336002
42246915
42880031
29388289
82796
8369269145
245809
630623
191059848
1418077
85171176
8
9
5901571668
59181239
9
88713048
123
2765
9779796349
703966143
421800318
528678
397
920
25
6
5405
9825170892
62
7150
1039
3052538
85364
3093
352441
140772
1397893586
117
4021
9
77660
9757555
985
343
56807241
177004
633
718
129533
7468
616833
6594
73895
27694826
6
768
84
960
530
8
9
6274110997
8129
96
315
560957636
2
5385512826
75
715854
4734
541
34
169290
92
127663708
5993873016
1
97284
906311656
6523821607
653503732
7386
36354269
195
84125399
512433803
82735
42584
82139792
2263
976808
7135
88
3196567
4
2984572
95
21537138
958912518
3767
853609
136915046
3174796
9797293
2238
472301
6965083
2694
1915
674251634
8179593724
77
832639
51
3274026
824143
4486
3257008776
535236861
6751234
8
650304
488
5201
1448
57923119
919435
4887
6968
959730747
557875
74085344
49
105939431
8
946149
2193104686
99078
311357
9824
587939
123
2231644
79
197
67403868
7538855529
481
19
63
4269977
2713
17695348
33375973
614
96930
639
74
314092
42
635231
8507
79536554
95036713
7
239264
4979
7629577216
67909
2077895
87280
18227946
7925
50168621
4
2
49255
220
663716
44723109
2
8170757572
3741
4046
994558706
3680
34573929
1500769605
29
85
121334127
1
174351
225388810
5053652
300370939
1596444
6197
4852
972952
2454295755
8625299090
46899462
71
148
74
33149809
321071
1
7539352345
35736
745
8673
5942
2
9255
34496441
5975
2924758410
5455
730
10205336
90
543560
2543615816
3764
5573910
6269333225
7731403975
605
5655420
25
7448726153
1915341484
8320426610
18770
51
17422
15718490
932
797281
221153120
23
13765
9408424369
66
176
97271
59996
86755
32
832640
227182753
3710105
59516555
29647159
7685033
4105355
35002363
8418825672
45447358
4
5954620253
9879507268
467587144
537
33
1359
4389
420686
616224
49528
10559
7719961638
9235154913
63410434
54
5174
1897664762
125
8064410
69525062
8
7547079
9756
827
964
132
92
741
354
511
1479102
8037153
4717230192
858050
2
9265451
358452461
4700
8654
6886721
6890430411
45559
783833
833
19
5229195
9209100
1
373
288732963
685219
747
2370113635
5930466083
21
3
5
97
298732755
3347765
11144
162062
33651686
139497
286194
5
17332
968712511
3894446
99884
8093
81149
63816
33839
56656195
3184
4367180
21097
165
95
2521766084
301
320
7
500
480270734
255777
830
7734259158
586
99040670
4
6020958
62056258
884462
81
164375684
46135
31999971
3547
90
9502
92
65
796124325
6263116300
8390556
2796
4249638
92520079
1366018
871
97521828
23986148
3
12387
478245
3137
323439751
63565696
742336816
7
21
2011
68149
14
56351
45306
8
238794
9220176457
3219087964
55
146356239
9324
5
539
368496
632
28545
5634
9602
37172
5
20976672
446
3368039
83085228
42
1
11347882
485226
216
32283
424820
442
81
10847456
2512450509
9753708
772705
788
679760
38
891375
8417
7204481
7
4637
193
9151963245
43844
640975006
2382
2
9
20244842
2296000293
4812633
1308
66
9086060937
1633
19
4249
3974
26
4770348606
8267123
7627
840114346
9
2080
470564171
6
991901203
37158306
2820178688
3
306376
4114863527
818295
2283
410
18
7927494585
3645
1849820010
13269339
303197
286414
148
7820
8612
6100
91
436093514
40
5480
738
4525985924
22801
1235
7
7497343
131695375
7
426649380
895678648
6049751
79719355
5
875308124
5
5676
76
6
800891
1183302693
72
17
40992543
19935
9663
7569039089
24998390
21573
2764076955
538
460738449
774698147
1498309
36828631
586342193
5
934343
57123437
9
74513
395248
46
3780171
870329
548903489
184957
755852281
515905
71
6477817
43420
136
424256482
164848662
6857
156583
7464820
577
95917400
344215
261
2
28
88459756
3070744419
3899441428
732099
6765
906
288
8487315859
557
6669112076
8
2438
9127834
709
8313580
284908
1024591
729933
1948678250
844474962
5373
1071
31313971
849074
646688200
645294
69115
88
9713358
1005773
36781
6674734794
4845684
64
1235405630
667606
4330768
6351599606
57480
5
893
631947
877
545
49
89523743
4507876
339150829
2612
2
166136
38285132
41
830427
4259460481
9852368153
17516686
1752629
9897
7460811976
333486
9364
638497
68
5349
69
31
7705410
90951311
3713
373
90
578363
574385
3
345
4585300
67302185
2456
5
22
9142930
1899794524
600
9
8882683646
95770
7681
9814167189
673
373
643969671
7993321
8424447
9048747417
2050234217
484296
8067784
96187
10
7936759
640181452
85940904
6
8969996930
4
6627
225888
8141612
510390
6
1660081076
188
52
89618663
984
459702
484249974
824052469
15153817
590
9339
109151
9901304
2829218226
3030368825
6
874389027
2
6789619496
8
2
272252551
45978
4
5844813445
9481499609
9
390
397
173425745
2941687
8798
2312184
77
99313
4970
608
274
283905472
37231
3898
1229970563
366496157
71
885676933
28772
5
71520981
896
9
139
1725353
490597
825
3477936870
370396846
97232
818531
248744
6046031
2856
160
16941
2924988
68
8842733659
753025
45
534915413
152545696
5627
4096467
4776
6
654007372
568208673
9857129
7314
500
9783
9
3297165140
9057022152
61381
3
7794368120
3
7161
1435
723060
8717615882
370441
3306050
2243958
110464
9801267
2965786173
982256704
18119614
7229534382
2973551
5470953
37628
8
22501565
6833633644
6962557889
2043
44137
500765457
216955615
91
81558
232858853
4
3500290265
99946
4
734
38
505
22632061
4
6
9
99128
302
199421027
8324628
8
9150297
87525
75356851
84665264
71044873
80
482481
238
7456
1801
82896643
499228514
44809456
55
4048813
2998701
4117821019
2604139418
1262
2242
677
65
207635473
661943592
2
4
221
9724551108
2
1575301717
923728352
52519
120207
6877
8899
99
12506
3209
464958622
8
5071697220
4472891013
858075849
1608408
5877912896
3490903524
27781886
223531578
3758457224
8
9
9460157
56
95765901
359878404
84
9208814
2
77
591959
61635
5
4
37
672
1882877383
667915389
49433
7740435
2441369356
29192526
67
3
267
2900260
64784
4871148
198782720
3674271670
7978847817
1426306
5516282
1
40761
5
1545
2
37223
5439
82310827
27165
9549004
5674
665
301
31919
2
917
3
56687
7079532
65
9132
9366943241
39801678
14932
60697
9284745556
7073
67052
3292539
681
72
5623602
71409
3449880
9486612883
36
3681823
6647009566
18
67212
497983
620564682
79131
3395
2821703
93694
6244
3745379015
37040
90566
646
54
881326
804
600
96944
2601114568
742
142
7665578695
89
93140431
688625369
104
870
3886
22110
318446156
4109
1193622
7913
86643
11042
4437333861
8695
6895018716
95954
19
3356
411904
57
678455942
7
71354
818420
46937
468860
916423
2
377666
668288
8
1039949584
82
28758487
22934303
614475139
6
9917822099
6013203
63057
14484
222596
8203418
6
84611
8136772897
64
889004
37109040
2
38366147
4
99883
7173384474
42617241
2693606
160896
72
321
7
858560
80235438
585214197
919184482
290281231
2691692131
620133793
255663802
2900158455
1
50
6505
56567
8724456
69874439
343439
640348
7
71365
308050036
184
642
232
9
85
3001
1
74
48609
3
297075
61630512
5004421
26
1
180097352
3208147
76037
709607448
5440
153776876
9800803
122
6
5678073
47019
692
8
3461302
737136182
4
2
26282825
45241
83832296
336
54
6
53795918
612
5
9072520
5305668
18843953
10
85001
496250754
113668415
208440946
6616670966
8398482356
335
8621
2
683731789
521944
2537
751908684
93
31369
6017048
897969
8242371
917
4090234956
247437086
632900888
4471
33
6646
8602593
3
70
29089366
7
3652999560
6372336008
1937825
1236647
730111
6
77123685
52
948
176043020
18252
34627166
8604227618
5
54463
290954431
2759
97
104761693
738
516941008
8
4312984
519799927
87726384
52373822
8179159754
782
2930
8
37653570
717031
79429311
2384290
25212270
690096459
1
781937099
8271096
78354044
17336049
920
5
4162058391
98
965806298
5107307924
7413169261
597859233
8
69
958
9835529680
158819745
4825392273
75
135
5912
5498953956
483
1798
6079147
307834729
8
9674
1735480
7664
559
15
407
5707525258
43891078
1840518
3942863181
9
539607600
13
16
6990064078
427308524
779
4
17729747
23
2364
349
1703552
9639715
25408798
1538230
34592329
28005833
72265665
5181642
577754537
69
73
1
44
7188
5
2438895425
194892121
15327
119298
450
277
349733336
522672
5
1
5
4711171
80073
4
4685
1354446
2951748
530431
8
327
744
7032098
209716446
9652
5
2829976
54892
53633542
78841
278578
28241
417779
7621281
5
1
67937
811
12
1
602
5
2381025049
983761103
79
39589
7
19
396148
87736
5165195
8732
19
5990229042
3597647479
219838360
3067
8
10292419
2302
354797985
593
39972345
782
77984
1
968
88739999
33
326
4907169872
132
951221605
81346
294867276
34
4123725159
45737196
1158875
4054579
7
505
41707046
346433
501
3780236505
2818426
950
1
9882593793
6356570593
14160532
365708
76505233
58
9
634495
50986
37
34345
451980075
5188399
568
3672
36579393
6419
1
9960207
4753698110
380
7937026
8820952
503072626
8
3264378866
2329146968
536
9
9
5
445707322
7957198
514652
490154357
128914862
3
33791486
50
7
967490706
8002335082
3
52873874
70
8912362988
640979
135
51962435
58645622
418
471409623
85672
681226978
6689
72801
9
75024059
627972830
819118657
6
778
985329
3923333292
26542419
32922
630814
94
738
4
338841529
10216
2933617
682
90
43559
992698135
867300
517577990
28040818
965
16410
7
47091
386639565
3213
75934841
807
802716955
725523912
1
37783067
2
46898234
34
498108
521609412
305074
6411
7
523256269
4
66872042
21940
303
6
44018
7
572
480641
626
19202
6294
28583
7959305441
3955560280
182519023
705187
52455
47910
539582
407803231
7825860937
2
7644570822
813414
7797977
93
310
164
7497729
7614
459447
31768
64654836
56
3
9387446796
42
810665723
811
65931482
4786106542
5537
9293129222
39738830
8
747583
78
5
21766
368
5900376464
8696229
50
22209
9
455347
116441
8314284
8
550213705
37
7
9390897338
77
1
441
5854217207
9604813
36
9024160
37
4
92423
90
2
5
813
691500
4289478
950806905
2578980936
6995203757
4
5818664348
43
367188472
864406471
71101
63
453
318058
3938
2105
3
21
75968752
52
60
2159129207
17
3240016117
3778401
699
7
78428
697
39
273959
59880360
48078
21580774
4628
8046
82468032
51631890
75384714
7606
3
189124
59
71375
4238604
328481
25359
637497013
48787460
32138
4208
356530
746
4419893
1953026582
6079724146
769059
87235112
1448253673
2378101893
6
82760
810527
723
38
6
8
2382479557
348511346
89043080
300
65919368
1393
3152331
41863692
1628
95403625
8308
403800
279696607
67846465
87509
65422
3682333
4
5415429
25
82670455
286837
455
98135056
171108389
81844994
65229
2458044
738500316
2074
54
72898
9102820908
96110074
3574
9689281
7436103
3758897
37
963506800
2662981
2246
9
2849457
52
3861058930
4243928577
37641262
6674813481
5514181407
1
5871979
96742
934637
42428
9032012241
154
273
380
285826031
43834
287025200
46
4607201052
944864
6018
224814567
8
4643959890
7812
72848
697718255
42010611
396921
38865
7217740
5232
74575
525
981183
32870848
7345006753
171818
7230670
858872867
98956213
8205
5547343
4062
4110577
4992789
54
813
9459190
204510
784887414
131502
424693520
547352071
9575
75315
3
21799
826836
71847301
1
94419976
6
244362
4736253
8
4800278
49983536
1718
100570
44573
9664600318
94880
57
933751
97047
66
75
46697
5914
463646
824421
5057908457
43588
6
31701
584486555
1411773
86208
672596540
59658451
2952222
4560
693
46434105
38694
8050899
595578463
2
457979215
39046
23
74282
85752946
6
87404598
9931
516642922
501152311
4618538913
91413853
7302
676
1061338
25
40496
71462676
11
37641
3696635718
1
2168440
11647648
8064163
8937797
6877560128
119469208
18
3317656012
1
7803
2772883
2417939932
24936931
5691983
4574
753
820557
4237606
96461
75103764
76702
5167
219574
4987112076
5
65
34
57474
3024
71532
9663928686
27891281
7411816
9779147
3689925
6642687
840
5920160131
96458871
1056597953
68476
1
8163132
262398
160372370
9
4800368600
5
929936
71887
7136
630
120971
843
283825
2978135241
96
1364
39
1773241
262
497
7571152502
865853
79858125
276
1480677061
822
2
5556
220652
28
3855
3937539037
4768763709
81105406
1394130555
7897
33
60
6648529
336244282
25489217
2
482952824
464232183
60
4885457297
276572694
6
54701
427452
866259222
1
2792167693
2674910
97172
786070
3444596022
9
858
8166
6
315108
406
4572014
122040890
2
1995
4
9
1145605
5504853010
97
998391
9519150
931282
3192808886
167388
81988
74
956
104160866
92859680
56
9189156480
59
72218542
4506031
1384
1051823
978193553
9328979
4631222833
53506
983958406
88290258
5298624731
3292
1
2567943872
9876
842335
6146638583
82
4
98
2694
14154772
90290
9216742
619
632440067
388
654
1185
23121
236145416
2
845615842
414493
73
692468645
90
908
1945375
100590
78051
8434337
77591
746156045
462826
3890966378
420
18674
234986290
8
2527
979999742
67746486
3
89570
805
78509666
6135782
41908
8696
9056521588
490
78955
54747854
9337509574
811
7439016286
6
6819494805
6
38811256
7
88
1070
244
139
62466
38729
969772
323
882998
9799122435
431
461588793
1841916825
80223
18550865
34
90464518
68141847
9656
24024868
3377304
6234538926
4792328719
211
5
5458
79
100
632187
17848258
61
50702930
757861
555120780
5232043989
671293680
62
24868
2
2245017558
33408
9
9160006413
254317342
99
26069906
2025619496
71
598038
151
396336
6
60838297
297427
102
2
834721122
20415
9422197
61555
209
45
58911
531352291
6727476095
571
72
2326153
5879
3966750
547566350
83658
9703869450
51572
7
76058
52210846
80253
8880789159
9425432
39
22748
2502131102
699049710
47
748492
2
3
189002121
342511
134262543
1
7528414308
584
9125729031
84
35
1
5750722137
6216
657479822
8183965
8038600006
8371825424
622
55
6
1623
8892189493
8687
28599
94712
9619189607
33307
32975192
70
777945
6446
1764055
4
2927286495
37
569684
9
4534347022
6115367
2
6747320081
5698
54
72
41187841
9333
969
240672
4
4350777748
964
1868120851
99766155
506359012
446904
81671572
526638355
3500
391361
22
88324349
746963
2734675862
611
1032
5318053488
13
256
5338807440
2261
66598
15838
5608815
4890
34
4356725
4142124294
61284905
6967
6773509668
16676000
279
178466
6102
2118231470
3235589013
904
194374
4903043178
856
7
8278480724
189796
979410551
67452805
60
762
127
6666029
8661
353004
382592982
25456553
6
364846932
746280131
294
9
933893490
41655
890052
18
72310465
2587781
73609
9234
7176939
55
55
68863
90578
139263675
438247
7799604232
997378
486
3005269273
53998009
5394345
154179
93851
2627065004
891315
604670651
14889
1
4999
572362999
95557055
49049581
237218595
236225
88
2090827255
91713748
695
8487
2
60398794
3369158
8542546
33917
19
13220
59
357405
507308
955232
1
9
70708
358343644
71950756
728769715
3
2693
723
9395991718
9
54262
4281309107
362
10806528
8
670
8534
83295
26
5
3402481
345579
33184
742274
374
68680
84
171950
88012776
9
13173141
100
39
7516605958
33
9511555017
516
8
66360709
440273
1383
7848906
83335
7533119
85587485
74
8651271492
94278092
815
2634732
78274348
124
461
95
363
4
501
17578994
26079500
2894984
696
1
250271
807154002
23798454
1
8
797979
6763
7776
752
154604873
3863
50430782
29
28501
12
42215954
2125631
358361
1103775064
2
72797603
24096991
684041705
553916015
16690991
4075920060
7
7941196486
6
442176
56547476
40238728
754439
959533559
587563005
18057
2794215
35
22
631
571410106
32773124
70225
9796230
787062
72630
86
933
76965
335457
65544
8
6835352592
78900884
168639
2855
6911631464
872535
171006
8548
873410079
6743426
236274
5197
542
2
8
55117
98
3407104
8889
5553505729
986247777
9716384
37
595
2175
217446
73792
6
9804
32308179
25004
29
8903596
77517399
276
860
7469107
717261538
7490697356
1578
4212935
200
65
7371560280
2847458982
1538451459
54174460
8415785
2
5
70620343
304675833
8039
791739889
10401
30
230618
24
310
6181158144
3624887402
2697
895
8047796
3002422144
234
5373269
13601187
986
9462
1673854
33
94428959
3297966416
4
475548
7823993
5714
8041247
11941
878707
66
6787433
1579265453
728967661
73
80130
6
7964680
391380711
218999
929696
52885556
792795974
24575934
369223
217
11
911020498
449129350
20
77848470
1918956
516455
46460
977140354
539992284
1159696658
13662
82319233
4294128
124196
6031
1549930
5306
94989
54
2553
8
55333
2450998
2248353
86
625857
106
508467696
6
41492
8517
215542
5155146449
9063178854
3621
7606
961208716
4
2354480
603101527
5938526
2786
6267322
8063
5968674
542454187
1311775
44286
44
394729
4843816709
1263452
843
9733227
300568
9440128895
7
2356
42567
1827998444
4469
445576484
438
3555326
53
5002755
8
543
883566021
49224895
357
4858851727
35087
56
91994
2
71866
1605207
60208813
500465354
68
53570142
977
399840163
838424395
21
8862722
61051
63221
519791743
7892
6815915589
6966631
8271
8
2
73
258
4165
600874442
239800526
6
101
554084
482556407
147220850
55
33
1291430277
27125467
472190616
7028
26
5584
4811666577
879975
832032
71650080
9
9432715697
509639
971537287
281837746
3200
4132
658830866
811973713
834495
3735333958
3343701895
291793
29243499
8
98380926
60609818
4
379
9
33
4795379360
83829
6051534687
95
83999
761
931070
5440423
4
445
3
9143715
1320320
622
9240816009
4
1
447
1
279393
3846206
294239
3939
92
238829198
541095757
434
227106
7
89170492
8
680473905
581525
75489
73
68445604
400283
44672791
9869
7
90313690
46224725
507616
3294336849
3095
27
195691
850
8498
6
77400
108625055
2486
584
2225601
136
992
3287280
22007258
2235080790
48814
74226
18816702
9341256
459998
563548158
88739
36860
82337
5765466431
83
4713612
27
508002251
3
813358
69512
985378
967
7993513
5961912648
286241940
64111
9851816444
8
782
767
707
2
594
1893
4160720018
41858921
715
6320255
66
9832
9977052
371976285
6022
5914545068
97
63
2295013
9194131
965934
806148
5351850
821926
9593
232296921
63115796
7320
359942254
120
14
26006
728022
295
239849
4047151
51609437
253
345794768
513
7
134957
3754152444
7302
781239335
51426770
53735162
42729
62
6601341
19746956
3140
56
416996132
723921
496487988
237892839
241
62
51
786336625
86
26185
3765888
8138010
93781
6278
78867442
139299544
6524
128462063
68
14517797
2
568
1829
85843
966
98
3676
681
27590286
8
243707105
3
3842185
9
167516899
2206105504
17596671
8717
595544351
55
827
163
67
955
6
43
717
5951
82532432
267545460
67110218
832
150
1323696
59
3393731207
8907
9
25589
21662
151903
9292059503
39
4758
73
41271501
1395848
59
6810878690
9432
37519455
7369486055
2
4
924
625005
7
7
88333
1542639
64394202
81905688
5470713
71
341602573
2
3493405
24682190
60
80414898
2462325619
854969616
857046
7449595
16
58999603
9214
393053809
5
6363053
2270
15
3179
61
513
66
5431700
6596052
375318909
38
4920264
14907165
43497156
478605
68359964
1365
8
20140587
5
112994958
3290
57371082
1282218
1724899
3
4613869
7421791447
32616516
418432
21083
3904064627
69
439767719
35987306
8075
7514668
89660
1433867384
288518
63049359
91
19345255
63871396
7872
7478
3
4665308353
22989
93
3338310451
71
7719
92409927
4554449701
45
892
38144
470484
69396320
5
70531
624
119134661
55678945
2
541459416
837626
43
31250
6629699
322372
51738
75
434829
924595610
985
35274975
906872862
4
3
20
4653796345
75
9586005
173022664
753
42919423
83
26444902
76
1200742
4951
48281
37786151
281
1
5
2579432
247
92245
663633
4680
723648
6332758952
4075983
7837778
970
82075
2145
69964952
878314948
727
1215
6555160
40448
74211
88
57549624
17927
3011868
97323
30
593
5363389376
3766976292
3289935
76676438
63205
75
7559083736
263
228813
23
3
2
659020489
622414
34139908
179
4965515369
2943
2
4876886
42533
3
4885182500
795
72587259
9238696187
3028
54351130
3685767645
90583
16601
168
25229
99410
82550161
36327
3630
2
136779120
87184147
934
811127
247014113
6752
38513857
19356806
206
80
76244503
719
2
4826
881
506
384
143826
55869
1673435
2551938
9
949
795
538250895
520
7947544684
365753
6357807851
11
15
56
15660743
42194481
39
9034561086
172121
79306
34400523
758
799439
1550006111
3026832
3678310913
57
7833
8341342995
519891149
71
9
7951638224
806846
7639351
244
5660
1261700
335
6
2
3291187248
361968
935418245
950
7724
2320801913
35590772
7
640444
46518
330749052
7949
6144899
93
21659
153854752
2548902
95
5638
8363
1480106
4609
5928787
4386666
8646354099
3100361
7562704155
578
528792
5
9156595605
91
92195067
5
1736254
255
9433165137
50
8
984408
93
22
325246
59279
868
843708
145719
4634569046
5740
3491747
546
41175
3236
96619624
3
20483676
174242955
45
35
5
8
463
8986189690
4308545
12
32788338
2814
341192089
625695292
218
99820044
7
266073
701028
4399543
7
788
3801
25
837457046
4778
1242932259
997540
769091034
1226
815624
4340124438
5
336370
900597
7325
7
24819373
2620992680
3523
48387556
4326197716
224210010
2265
82814337
3335837781
12155299
57
450
7080353915
261
9631194925
7
3755203278
34
7342486
1639
885638
57259
63417
6134
2
73
2997584415
40
1154
2638
1113535633
90418
13443
792575430
12093
5650
1607
82822
8622077
846885
89517264
874
58
216910
530
778482
727354080
94
2524295
841
3060675268
8
232
10093362
70
167557
9
1606130
67856484
6934
376631074
76954110
66
23753660
14161322
6
5
4914
911904493
3823854531
63
89
508
7508
42269147
68182864
5664299
864
82
336102
165931491
3082726
2
2127
9899149163
6844472765
1
73144
701804170
5379451
4
95606945
67
8423147
137
207234
7
225276
190272
545839755
181651
601543
99500
9086980912
7
9
2601
955184051
6516480
81148
99127372
71903351
358
53621455
16
154647711
39335
89
62910
48220624
5744595
2694
56
9
8451068254
2
3022
86
49472164
18280
10
141
178
8574
265
485623232
79372
986093225
80198613
728
407
239
1
5356
4635569
156317
546432598
7799
536578
4
756314
325504196
11
584
87235
620155
28
20
610414
58659115
50766745
340
71
5199
318
5
48
57650434
369813
187326
4540
806489
921921577
44623
9
10
270597
926717
25193492
426
7237763012
834564
3
65
68715
3424627
89161
4119318
9
18900208
79184327
6
952637
848
769
885709752
80
640
27
4507773945
790053510
7374
5251
6146071117
83922
2799333849
55762207
31
1258152
4026
3518531229
1164350809
89540
19
611035974
994470047
1924834
4
1280244138
434325
311
3
672013736
2771274006
4964302085
191852999
31746
86926
294
22
86
2992002
89070221
753
787927
1394903
668387319
652803627
78
5
6440
46735
626659
981
48800387
3589671
99784
9
26
990612
892293386
24256724
34
837
4497
7
118810
8139
644970833
99017448
81262223
6
8598255399
3
831
86882
6988415161
471097757
29971
65297408
93050
353
4
5
674999
6
7500199140
2
9
630
7166611
712941
40572612
81773
75254
519315
647
86734
94
5458500735
979171808
1731315051
4
8884
95929397
81590
68469
222
879901413
6834842
1596090749
82664626
427630
8179
57
8398
10707471
5579
1824742778
22318
1
4543151
62531141
2282778
94790
10481
302
1250578
567708872
7
6
33
851090
874
3
23835304
5663
111
82026937
4274407252
6655
41677
8805968
521167624
5616442944
673
8787620
3
7457
5831743682
78576
68293
5668380
889
234296560
7949
8915610194
361
270
719723
6548864760
935
61312317
6
633
8091828
455757903
607234
9213
2
97
6
3306
59
124
8770867
931115318
785
4045
3
15879
582487907
31207396
1244
786889
986769300
489052
2171707
920044
865603
5046043
122396
277350211
511836766
9826945
960763
843
927
761385
993
8095
962026
8399828
16639905
7
33993818
901385
856018
8710
945
14
704
7013755135
849027
22
8477688
9624
52277595
870014119
785980281
42322153
7252005
34
4172675626
9894146530
11326529
88907
434
12068
7227547
337
984997621
25830
946829810
926
6
380622
8
41
9
6
7994
4938861106
2578
23944631
69884291
846040167
4853672
708041427
121227765
1103
2885409574
4426
807379728
4715869728
944
360
3861
745617
661071056
6006615548
992812
887
247122769
6690097
21
4978386
67380
961103
1056368
68160366
9883116296
3121745950
838
681530217
1625632
4
706049
98932650
49060051
40342
5228254
587
175959189
7755350171
137958347
2591277272
1720
5
6907049573
361771722
61
678569
3257624
3158
5257
6370942495
2632473
158
36
840224964
75648272
997
2188
214162
2989092746
7
870442
23
2
842
867329
66211283
6975681
8289193
871577028
1
14260
1
85
8869830
30396
98151661
96048152
5652269558
5011998
5
28
23
53
3273627
86917028
187969
84
456984543
774
475844569
660
58539430
4947
1
7
879
5
162638406
75
24
740258694
562
4788366202
88
7435
257726987
16694192
85991011
36
889804
2163081696
82643
6326336
818518
142
3890638103
942222
7646
923
3759
65138
99166
3
5424928
65
1981936418
1213913
1793595375
8526
815142243
2
8906153494
54
8
170471916
16148970
209425
41
1111
58477
7
5125086
976758689
97783825
7857625
727907444
3022191657
5673401480
259432463
73865
2
4041
4
41852621
3502276086
216
6585897
8
9244130
841572
38
6406910579
9056620
95911491
71838308
32652849
5
3625285
559163
769665078
4585160
267950
20661
77
915548709
7475673229
4
300965864
37
66823319
4
4370
3015
1052
5427559
34020328
376
35
1950173
46690473
743881069
88420347
8159506660
621
80427
682
75
85234541
377
508236851
214
965956
2001416761
91435
841932513
46899
89268057
33507157
2
13309098
271524
419151692
2649
33
557225
9958608
97967832
2552076
9144
1504296
932
79766760
1605
9984
429
5061411
46638
21
762597495
422018915
5822
3448
6200834787
1012588972
530658241
31
6868591
4623394132
60424649
9
4688143887
19200729
5294
36
7
88390287
720
20642455
2430
395680519
4
576126396
25421
24895
6843
172601951
8672996355
8830
9833039722
7086
4
54876659
325
91835
48
4
2239442
9489418
12671
868559
7605
3
8267
9913795956
4
3
327781
4053984398
1662944661
323176124
38757042
489025
70169
98812956
1709789
53307
342
69
473698332
803445
3168389
34
78426445
9195
48467
98
4
435
62290330
635851
3538018
56634400
45679
2
738891
3441943
6386354
9
5
4
911489
7
7271049
74139
64
8176
578974214
274
62507256
5312957123
6195
6
8362319
19
5196
88440
7545867368
452092
9620809
95
3970463231
3947
1277675888
97263320
89
348948492
2271718
31
9
7675737231
524254178
7708443
59201785
857
5302628
60357501
28
515910
83870448
623876
958
70478
1981908902
8200844440
5
63
9563
25
8021
4
29589541
7765
79276
7530151179
2
5611
20857
64
28253295
1111
3191454121
8049947
2207
19
72826
61603
50363952
743443
411
8130984392
53345664
79467893
377140737
291634
4320257488
1
1724784575
364907
30213915
6
1411849
319889806
917
97162632
3741
63686232
94508
53041
9
744620
7
982479974
8
41
295805
890278090
695882
87
59
9796
609206235
53860558
2606
79886
970
7346730
4727793356
909
463841475
5
8
60
3733966
965403224
60514
3444798
16426676
80796
7120
49002
281393
77997592
450
7756
53
4
8014
20484311
108
703343996
719174423
71085
39126055
843860375
38
9427
73
1597
2406360830
6074
455
86
250681
25622480
9879193
263
71
689192
922977
6794
56
38052
68527
2798555
34489993
74814004
45
639821
52
142704
4284148
5515
51783
27
53573
9789
5
88846508
5194
4906290
9764
8368
470375047
4165236
7339192778
49851
117
14753272
137973
778
92
548
94052
17
495670
971
9665451
25734
92
365
415
1591445
67521
5639
1542653969
20920
31
80233993
34381311
1
356316
4
7339213379
184480
7836820602
72445
1154059
68723
413
252252
5242817574
19353620
480129
112
28388718
94
2222057
6105850
5567449886
8233277
2257178387
1595
2976148
321816
184
6
31478
6355737
13
8964303
5031851
1
2051
219
79031
47821
3
63204223
271881
3
1
18558153
34
3
28
6076686
999170241
4861
413366
84581
1089600060
674
41
504
73193
4371943
8255278
56
1716113
65357
4083250
71
550791
62943
6077030
5
23682
3023
30379893
841
51021236
9183665
24
245121
1482
93
170128
84917976
656390374
1
612165
3613
4
950390775
995589543
5407570943
1151739
83505
33791
487349966
3
764196
2
5366047642
6651759
5635914
57218428
2473816
774730372
3640902
60795
54231073
23491813
4915738077
9
149889848
593957
902462042
97528
986423
32506
358956
75840
361436244
73
635432
8029848
5
18
1926559
909
2
3543
4
79502
911
2333615
75128
33279565
72833413
96002232
682
5771
68349
454329414
1520248
47
3465
150010470
5856
7479
2
202344253
91700639
7364475044
17947
882294834
5
1828541
394903
604533
8478955833
4
231
8141
3559902054
503528937
666029450
32
7773569
76
43978953
2223
6747725
57
46756
158506
64237285
8444
4186
325275242
18
71229
332337
220369301
9
9704
6201885
3
30124
6763
90268
466879
3557
9409988875
5080
69847374
28
80
28
62109358
82227
6309
521174150
108004
61475151
8438
143
436960494
583
587
2
37765
8316
8
1
51301
688947149
98216
1845
291
5353
513895
8340
704209049
5619
34078
89
7399438
5880277200
733059550
61115549
13
1402462748
2833514780
620
74686836
6161
363598
823
11001
82209
6437
598
5
74579306
2441663
3565382
55
74
33533
1124
128
26165063
68006909
287718295
97
7370675
249433776
22080368
3
866024
7
3349
6
44214
68
5
160142166
7703
3625536
69119922
5258400
4898621
1700496231
620917332
11428
39
569778270
430313
679842058
1832981962
633319351
8833832
23
187405324
685892280
416
6
9444
81
4370598
5440798
181
5793547
12
73011
4
75
495
5078475601
12244483
692701
9472605
66606024
580026835
9050775866
7098493
7398
218536
155
278636856
681
102
91401829
2
992243
11
46482
6871741270
7888239608
5620609
8224
3934968315
90732385
2562411094
90046
72578
16866
8427881
5
4
175577
32867
80746
11
6819459040
8
357
1492
159586
37640592
55313721
3470
6
6284288058
4
1
35654882
3259295
71861946
2
11094495
8255830
251371
76
968748304
86188277
77420851
89755
6967282
819815074
167502218
31151762
6950
82432633
652119
99640
48378
930
2418
323527960
965523494
629280038
116433518
48
593
935056
170194
87
68978
2
22
8790444335
2698459
317
570141
4
70696
20305736
184156246
74
6158855
1589386069
15
566839778
949
3475065069
5136667
586342147
17793
266
515
6836594
964165152
7
8186419369
4594656
563
768416
367260
46016878
6190360178
9473488750
769888
963
4463977762
9
625
1177758599
923567840
2
885964
327270
4947779000
434830551
46
53
9
264
4437
80
610702679
91
922690
322
12
16198
7921213
439633091
52
58343119
219444911
2938
588962312
747613404
73052494
361
596
574
2070116
3125115
732145488
474556
4392357
2535
4294
997
228
8211
848098105
145355
21977
761049
38489
412780
94213
6510069332
6
983538321
7
2
1458521612
2667517791
17625
1
930
887595554
4
23576
3257900463
8334
355040
508
6766246
98
4
638245
7372192685
204
8
1
570014
19904
249157445
338
8
5891158977
2726
489
93718945
7
6898890426
5
80386020
6
494
77665
982476
48354
2737620
843634623
1120
7
7047102231
4041796716
6118233
203256
9
76
3711
749886
3
36
492
17522
49
4
724043270
8075170
81883
8944
2104744
802
20
27052
57
5943882
7
5
4304
713
5246026025
4024
606
665178
8
46
2
3295328553
917753914
5859718
6682639
41330676
23030306
447739
997589
4918946
20492284
1
64
3
6
51549739
628839
38997
5
933670084
3
9278
6785828422
504001
8
2231628723
7443124822
15074860
38543111
65
250
14787167
3267883
66
2
5326
97013
888234
4845871
3
754722682
9735649
908615
143498
5380
48257131
241
408
71582
9815284
5165
1
6658958858
6
5359
852
725392
4257
65992
84968
69077
16582
254904
973616
8763550765
3
1436
60996880
5297
633640
945
31
7642654
8
8804941
2400
41049706
2
2885290
40933
373
224677
461703
366682214
5
3
37916
7840346891
89442221
95010
187055994
4691450477
2687897
358635712
35894
99
72592
2
2
8886
168648
6935
801717925
782758
531950076
67
62
53682
64
998939
6884688
5667799
356174
9329421
278616
170580873
199
8
452806890
5913
899
1419495484
22748004
155
2482902905
5370675735
5
64
49
360
679054
64716142
352204
678
7830
94828866
3815
783331
99177
9595376784
8
391
8372616
50
2
643
3
571019130
6293811
226501
42
57578
3722
353
7
8754379
29727
502310154
69
254449586
929158
230905
6810133
3060239
98
17
3143
3871222
210604306
9396771930
79
817
190
3613454
61076
290877
29309
65212
12363581
7875573785
727
31309
717869120
7095372
511716
7
78
5721046
3088654
64
744932444
45384
65
200
4785218519
73
6786717856
229
6
4093356374
57409556
6786
634
469
439827911
3622542211
744365
62583
21132
17647748
759
399495058
6
34
634476754
9984207121
36994487
10008
1100050597
627420558
74461267
4694458236
9434793
968272704
66367
334529
848649646
5399881529
84023482
651
5
8611777
759073755
32
181825586
718450839
444495
6
249767
1334
87647042
17
1477
57847
397025331
487666892
595
8652085085
412191
260
7393
1952
37851
65346623
7895
60245858
887475423
65247
9
6036
51
908172
90308
822271
2
2048856304
694467
4435876274
83
923292240
2
49
8956187
67
4191
926
2560272776
717
802159
3756341
3
7
1459493
230050
303841
9
9351
722857633
606
2568157
1113117
29
6830
9683644
702
73716257
2159492098
186077891
840369424
855890
93
8627
1228223529
3643418
9586406
8
72057
45157340
16018
85934136
6
523007159
520
9
358
900229
731
6889882
54094
23057877
432
6318985
771092
3867
303
9066
6254456795
919711105
3096196
53
95
9842
4196
7
8660025
694
6
57695255
76136
939
46
23581
1395
7892476
50606843
85505865
96
403505543
31213017
5
97717276
5
6224724
56757
5121315
7015493136
8
73855051
992
8492380
709223750
2
3455094
934084
56973
2833670
3790
58
135
2
1042
9475
7992938780
44251323
336499
817865
37383
7956717739
1551068
943343
4508175192
148025
63053908
6569
632801249
7134
1005920743
6129468
4518846191
11099984
1687546
96126289
5423384944
9123432
76
18195
59446
40846
5774487239
9
6169
1947513
160773
700992797
146601562
634632712
8041029
60467269
6
1
7
75
1579
613804060
9470793101
985630431
960983
6375
1098008
14019
685947
6
54304
1731398
9133022462
2857
668924822
8681777
81021
9965326
23065130
8851690
925536
97
15
277027
3541
2
8141996
34
158371
7605010
7297267543
1333
1639611722
8575803310
5
937640339
9124
87846
93675089
56474580
737
6
8
81
32503
8778750022
484206
534
278497222
609
9778
493619
3
4361923036
4
3777445
2367477
339733202
8080822
4
55
165178
286079903
654292527
14696
957387
1667598098
991122
13917
6338152076
4
327356
14034
4921741
8448217538
390829136
20
17
44558544
799428152
58780
30740123
3216
608122448
531445
9428
317898830
1450222
8478227269
5289286008
797
4010231491
3015650926
3458480
865
7748791
167947
18126
995829
35277324
9212
23795
868
95737214
79340
7126
9018
823
986
42
286023054
9440636817
2522
9404
446908
662043
298545313
6487
50
7101
9726
6
1
297586264
2243384245
8
140617008
92153325
47
55154
3783067
531766
27
123972
15
37406235
818821
893591253
335
734
59664725
3155432866
493888486
5239315373
655503446
95
7
640
34
1196
383462
1819782
7
730591519
3137997066
7
9354057
92120
6167234217
7457598
86290922
46
80873
781531
5909567
6349
2413752
73
56502008
185859138
3931727286
957092927
6822467
414301346
455
177939
17
3074136
2
109302909
7341
8314529280
9647344
51643
2
96341697
66
41
489
4510255
7723
1315022503
64027668
27297092
7184883
84115
251498
5891
212
6129348
1384874163
877523887
334281
685281
7
12707824
7813257
8641
7266
238950719
72371458
3537433472
4561812
163839
8840
5739622499
7
938771023
926
769
849176
484409219
523988470
408
117191113
6421692068
2302
2030
80666808
25
33602
577
1644046925
229
77823572
8
172570491
3575075
8190613568
85
49759
78791992
11303339
6008735
5095344578
1095926765
11426602
5135390425
5319
4251491
93
49205
882
135762758
9613
210419
67124893
305491801
9020660
8189
2
4749233
95
1
73
6569
84321
3074
48199
1183847
20
832
94
4966
1
67447088
7174
515165
79
40167
5583
961
712472
555370
1670713109
23977
31252
471
38
6
2755783
19381191
175330
71290590
4
906822
6
882423636
830783409
7095986317
4607053247
22333256
6
32893156
1404000
3007079
830213665
455872646
88
1
442757
8503
58
9053538762
225283697
6297328
2869
77515046
296
994105
8
8101
24546578
952
351914
62181836
267717
79
1040
3652604022
719350131
8822138
93
9857
44
2
76517563
165953099
78518
616
79082
38
449
9274535896
1920
660044601
9542
28638
234652012
239
164038697
922633
5329764
114
569437813
30387
3783395
10
59054
99010
9568821
509485664
3642
672
460404
62716
28
3891713617
609004849
30065
20
415017869
7283429
140493
430
923767
4606563
2
52040
79946
1897
575
460563
1155
516464
5583
85537520
814
51758
2616725421
81517
4177
2623475171
75
7
9587834
3632343
226
4559
8184201
449
1383
93930758
56
2
239691
3582215
459115
1191134
574987
645625
22839570
608710063
14
29616
360600826
817837377
508238
65731074
5
9244938966
29029
54426934
4695730186
8527202707
481976
40
1851
6945
20516523
13477972
457025010
831837
606255
4
726
396610282
310542588
3652519133
409347
394171
9485137
76587884
39
274721
452609518
2554153
8515
159
5
5575515883
82964828
3713685
6
283184239
890073
179568614
12488423
7302
126972517
113111228
3
79150260
95126099
21924
6151426091
473427954
7
351892805
697286648
2237857930
80348
36521
4048462896
25
3805135049
809
25540158
1843975
877141349
6554202
269372
30607
47030045
815
5433037494
646665
3442
904832
817517
8898011493
93280254
14
580390
6
667200
191
7
5496
94951
8640944789
82157323
3504
162696
281
398
4809
555
519623467
658
92852138
4139
18181
66
715
29621
907699327
2029110366
9540
437276
88171590
821009
9882678
38520
225
144
306706345
213666509
77601579
4478
33084
974
795
39
925285106
3546180633
10232
613361
50
42
11
41502
73687150
4238
944
4
3306185
827564617
29582
70342116
8
213313
968
122099
59959
3
169697084
269
295
1041
9089
131096
4162210353
575670680
5140094007
903867068
9431949
1005571
4
73
3
235161566
8
16422
9737767547
64
9631
75
238373103
166
976129680
8
41255
2949751
7
453830
372038
20
19188422
144574
8732
910
5547858
395072
6
316
34732
17592
419
764
47091
306636944
91392
3023425
92771645
638
236275
3449236
6117
4885
29518
530
51747547
3
97
560
76
696459
77240
945161943
61
6
5
7
1791
73
5
2
6575
626976871
859
8672306346
671452547
6736
447007
3249
3550
35
96
53
33
46203
8243261440
220893198
3074010
3
39
7150611729
413
44
4397464128
32185
1510
565501544
931545762
322448
88
968862910
826609
10
42874522
30
55249
23251154
3393598026
730
246990
9051346756
9082538953
640862693
8426949558
1
788805
937282
38050109
163180
21618193
79321495
54673
34
72336765
81805
859373
663925
4931
80726
770553
5
387668
80198555
8
3860
954
5599
936
2524570
486925
866
757791
38607253
1
422439260
25
5971066
4
2744025
877
2679767484
938976426
88975973
557163326
8180714
58
353065
9655704
536266787
99108
1783
337
174
398191568
6425
48740
4
873
6441
426130832
316887296
3516141
85152069
62623
21
5381919123
5
14
94
7
5989
9
792460
3182
49
6651055
308
2715567
610318621
724670780
8144095416
7696207
3
57
31422
29996812
9
9856802398
6227042
3828915477
95056316
95
2385290725
8488234178
60896
90
50802637
70243
90
9579740
49
83430565
207690
430259345
721635
92
663877871
177389
202533
5
791930
6
9080790683
3598
43
340752
2415114097
5
9853
9
938862
947578539
16589466
41576
3326290285
9390885669
321
41
434231940
422
6230352540
76997848
922
16552775
506166220
34763
42056607
960743872
1073359400
36
411
4541413237
4668670
21198
31842771
767
22882
570291
148964670
635
1554
31
11
443158
44
60707117
2307
313684082
61051
17
6025027
6246971310
34909
1900995001
8383160
1
301199146
9541435
48293
905101151
9131325435
232404605
68274315
59606464
12
261040
8504810129
8
49972
117249626
70
848957
160576429
68
3559377051
8294
15499914
132280
7832
1
940720
48414
9093085
3
220081
8132746
6255
5
89567
674203
26978
991
5131035844
21
5293
1592699
911125860
271629
91854443
20926
542043
242
73447757
724510
156589
2111130
7400365
9899551417
157638
6331229
9774359
862665
4294226
8081
39
42385779
6275537
7085474
526838984
941501866
25
661921
136793522
518134244
75
234356777
66
9
909
67087
61245019
664907969
880030
37790
2634553023
864914
7336537
62
69
928696119
404889941
41083627
9290103973
57792477
48995
41
502
586
9
25396796
226066
95970
81
53
4942490
255
6550542142
677938
9880765
118200504
5
939231
318437374
715
5
152497569
43876
8375203546
1965018332
8330
48853227
819
635815271
968131
76273
55
351105
637
8067879
5321
79324
6
4617916346
6459
12993726
832822789
2893722284
9236917
352472
371168
6911488
4
26
9021
6
3965
3410
908523808
4
5
6902618378
88
452122
4329569784
58526
1
9997315158
2627491
869706820
1889
69506
17
94739655
3195071111
213135
398223
289
110
45801502
6
4353439858
901799
52655
68
5344064
9438
2
8
5302
55892234
96083
49
426
789044
282197240
3959055
7081
5844220553
8934034076
41
463
7532266
97564122
8266
14534166
2
6552069
15507
7
140042
72799
786
51888
89892311
80347269
23
3528712229
75372106
94
6177311570
1
9670374705
4314
284
7
7391331
82951390
432208
5754
4368
9
82
7577
3707687443
198601047
23734
76
874
5
25964713
5
360200139
193
35840
735515
26370
681863247
16
252748
80599
36337588
8
9405283
43
301329209
2
998
17
5609245918
50
71
21
2416177704
4
892984139
61624957
5
75905967
49507
17
984931303
4288932
9349805
1667
957
86799281
3848448218
22
9983847
7
88114
3402520436
80997631
9879281751
67550685
7044232
696091819
6000938221
14
77
614050
439026
48
2141
3405444255
78451
8704
32362736
142442
146297
769844134
911
4315820
486158
4445235686
4
99445511
28577
202
25208
53
553634427
262746942
7222198
3097084
7539591996
7178
3524356
3
1248296483
927422126
2461
741200451
78
61135499
902771
712
2320803701
7
851366821
9742573246
945
68
888992
16937603
25
56
5974571461
128981607
744500628
4058678968
688
1345721030
540284272
6981
85829
9
68141
30757
426965
30729
835516
5143707
14
25610
3412
2533
844
6073
51
25105
503110
36271598
46978528
3913408
90
4047643794
25
88357
37
83
837221971
2470878037
97
548529502
4842269184
71781044
721
9549
962694
93146209
8
12
8360910543
343758496
3336939
3
26
4968572182
210998004
171987
608069
159955660
583041598
2595025
610173
2
35
358379
4746
9012
55
12171
9
4791341
433262137
825718644
2703379818
826724
4
868378908
31527441
945
9942818370
9964177
3970211
984
49364701
6703210179
97
21559
55445
1319104
14151653
75411375
30236
58592719
61240594
334978801
400595493
53294
974211256
5741715502
251056194
5075994
9
4
1464096614
78
99
2928064806
9145
302072475
30147
52025
11741257
27463297
5869542
89104607
734014010
797
6430094631
40254375
4064911
133945
7
9926374491
44369
38
63725
6745878
6944316
1546466
802
902251717
752
6887736586
8
55545
2462690
300992925
4579362
1548374
147
5410362
9222
939
85646500
8352
206621967
2920545
80414
21
76875
6515905321
782968705
95701140
68638078
351253498
4321482
9932556644
6382
133325
40
927538479
701337
6488863556
1029
23
545587
8
675424104
28581
6923612
8069643
9728132098
4484534
7075
9345666
93
119083213
20110077
2999
8874048691
40326
89151899
273288
2863
302
152620861
662
660
22
18
85569490
5351531123
1863
719931569
98
371
581
7251389439
699
3707500689
2
8
737542
4912331692
420943
8168604381
5585185
579
557983158
3
553
4001
113
50
350202
2
609
5994078112
8906478
752
83882462
22
412
819
2446769062
986786017
3
1595214529
49
49838
62765796
9167620509
718372135
983
1
23391
966235
453753
8
6999355
65473830
652557
85725315
1
157728
122
9344096
27461981
38227
4396520796
3682
82770
2905587553
51768
2
384736623
296717353
793446
6310
9
675307
471920
46662909
276803030
9
82279
710
63
8
9107444444
864
1
9441
747157
7912
5060
22905132
3323790
1
1853816314
647147958
450407
13
929
1
5222675194
58
253
731260
3
563
4
2963
95311392
645
491448348
377
1338
105
6378313
8899
11
223006
6249
513608
558065556
5672
57192
3984064537
253946859
443
27613159
7270590980
57414416
8612
86000215
6039394595
15508564
30930292
60299516
8
6816276087
290317510
709616
445
83136406
956
3426465570
716337
8
3112771
2
96
867680045
6025391769
302793
99483862
6728067080
79302
86112002
2
6130347323
96150805
897
211529
668807539
414077
6617663
9102562
23
3851
60
28529238
2190856442
2260617
5
107
5506580
58
857
596176175
37
674721
795419003
8
2674116
4
238470313
843919002
862020340
3405441
9390882
520
206404
7
74
812
861051
36
84138123
887956568
813428782
4
348
241055
7
265836
775874075
6741810916
9
10
4029365497
723184551
19397528
8607955
3929026
7
39316
33
2
8894583004
84
9688
8
8491742
899402374
95328778
7644612416
792996
6
73
3159030216
5
9
41068
1658696381
8601
8489
681729727
156
76
98
39185
64277559
63590
424564225
118418
185954146
287903008
60
5220949
8439958061
2
339161834
1790
9295650951
924
65757
24779896
844
7003128868
3658
943436121
8443547
178396
1110965550
71773723
815081
4
641
536347531
7858329071
213952
490
1
156917618
20
4766205
4225
115369
88
7821346291
537262
900
902468
3178
2243832890
2336102941
56872
4836473314
1898
292
6899960
79639
3
7
2475825039
7887
279
119491
173271610
911406
97488515
5168864782
46938845
7
607
2270000
7671
7358799815
6
8
18
584689927
108735
7929643
8
431
21829460
6909
2280
66323545
9182
64727657
488863797
911605356
68409
536
62853
808294
75564279
6424250
12
54
6419390438
1
537
87778
3
3654894
80
799690620
13
1148613
6100413724
2464376
194
5005255
518788
5989844942
3651
47320126
57
359
282
83
347
10029
975196419
83011
53002
466
25488
885660596
384
4960161840
94
110969
80
386302
105
6212531679
24
809951
65
610609506
28525
705374
7518
97
163984
91468
285
3846584430
2
789341
14376496
5
6444
4088824
2000
1816943
6
294
149557602
607305
2503743
8618645561
38
6183881
9358738326
78352
89
2136322760
8249
9740
74061881
50
26
9631
7266573279
4347626
739
7531
6441484989
8910306
18414
527534
633
81508272
406
2119
804062
99
5242
938
675297747
59079
9
453300
93359495
9389541648
2265
7
79
42
46693
760044239
49247453
44665972
25335
5641
86149
859164
6202857725
6101
558229
6
761773813
3591
17
17368
369375722
532489
322515
162
16817120
5
4698679710
2
848782
32927
63175413
1
94814186
14
6
3792
7054
118
35
73695028
9224991104
4
441877361
1995
28
3875941
53118
8202679
954835
39961
593706
63239
8775826
317763
707692286
67
359401
299
19
29818
841324
8821
6409
51079079
60495130
5252891
999299
2
5957627
216692
86818
9502310
842480892
3
1148871216
56
6334635696
7444
877532100
754
9987887
69
84423
788055
9332
86124
850450
428238114
25341521
6796475
9827248
64890
314478289
45
64657
202
56010265
43086989
7
9
7209
55389
858148
2463599306
433
2479374951
1
4617
2631235
86998045
283002
10844107
665122
8995
170613125
48388
873183335
16
27368621
554793367
54152202
1580
466
572359997
2
24
37354233
675508982
135033
7821876517
4702742
396
464184
54245
9
88206
8459
5
5667
6
5
779678660
90043147
5535958
65
97
6183333
238029222
3472
1
3641512
7646813511
13628106
9168
235770
751
78101031
99063
173
275
473
8
1164
181861830
4842
9635192
7901
1
2016
4792480232
3
5681
245222863
5512
4664
4
1110581860
234407
3863593
97983615
917
8737320
63
895833108
2
1
7718
686
4783501869
45202782
4520977357
45
40431
51185789
7771875507
45580
759684
729772
282
207241
112017
4990577820
78259
18
7110273
98101
834
506145927
419413
4697
80
1
465
5
6
5769788
5
769475
37
109
3945092
187230115
39
2747469
3788170
503
754
2965321358
67486147
740
6390005739
37
86983289
694
6708027
575
4
6779644
3873082452
977
2306
159279
6
87369
80016
7385
46510627
2355631
3
4378684450
3557996921
8515
3380565345
76288145
76
14569519
717437470
769
76641
808533188
8
128057469
18970
6292
9001
509
234071940
475541340
3
80
694
3537481
672
5
57390
47696138
9
404
9224776809
16
1635808
27000150
7339
633158369
941025
4965554423
846974394
30
4378
17209
251289
5651740114
5403377415
9068974219
65
62
961
69040
6
63824
56847
393551
5856670
5
6301151
704177193
54
40
5753
672
284340236
499651363
6923197206
435027538
9973
569
826
2103422
28
52
2
281951622
865401
220
9432953
41357
821393
2580165
43
7277
37029
7695907061
316270
5
4496
17142
56916104
36055333
1250460
6762
824365
27528
487
466654866
4907
89927
949960646
384772
6707
8
790
9
4373455837
945862607
26724407
1259948
76757104
9264938396
5612549
2
2454525
6
8635
86
237
65
687183328
3711
7
6
2
708
85324466
81
5078460
771242
8755
77444
10720
2021
8
1298855215
9638
9
7638652
20304558
553546
83408245
539891
1
805
14792
4839187539
370737
28021834
96190
563
5
9149698783
93457
7637592884
3446493144
28377
160211
612196536
569606
8
8773921
415
9453800
1469454169
99240
56
4852140
196
78803
547118
882056192
248
80316
3
8273
9359950644
56
88741202
5880367923
76419675
260
7942
22704095
240
34831284
84242470
876
2206
64972192
1671813
4665723814
1970437781
4636514918
104015176
6998896743
708
77
82466439
6383204
38989
507969
136244
178048351
306259025
56031
781316
9256742150
8
3037
63573
4
5780
7539032602
7521
599
2063767501
39330361
726820124
601038074
8400
7877618
554
2113279742
258396
429687603
288
629
159620974
46
5
302
57
9906989
730711
730856
5
9705527295
800
2896
63485885
9553
35
5622067
531444
3945
1
7974
479763
5393379968
393902
50
8958
4561628888
24683
5976800
4460331
8
6
47
4
7029115
82830623
19793
848399
23
73602731
61526268
2653440
7496
911960529
25281218
8
304
17365828
670
52672
283
3431
74715452
95
208358084
10537
84
275850098
7851
72374
379571691
9400
99360
81713494
6751058502
123355
9164
73628562
3825469034
8289
3
37928504
5
6896
638014787
7238513034
143
374
2646481
91
78660
5
8613327
915931
811057
89518184
1101238
69107293
68902
82985429
8317552489
570053
13
607255
5106912811
34
4051
65
12
96359
5128891489
4
509329
4165458
92
59306931
772
5
25987421
5444068
765758
1310416
39457
90331471
361
565
2
39496161
2130616282
9017901436
28421162
336125
849898
750488
533742595
623864
89
29107
4982
50485
35
88356699
2124
27
3390209266
3613
391621446
517924579
4791
616
90962570
648126
559
448419
52
439368
1374817
593500369
4237424895
4228257560
3301517
2377542
4919
1
88
6
5967695
9406321037
9503
7
4313
8
136928
943408060
474683
1639707
8
200180649
1825672
1145638
955
89777291
66186
5
827196
3253766
6479
526
17935928
3
3980046
8
7820
8
43364
19
9731
3
941
60597840
74608
65
370967
54144290
65
9494242
376
861799
9
67969044
3293103076
6
20355759
731266
6849
506018700
457
8814996427
7
34426
9974
6
598371890
8
2015
99559
6
85
152935
4
3335681884
17379
4695092436
6900019
4657477
16
509
319
62822457
3
1207453
81
6219
407284774
6
835
298280712
754126
150385413
753014
133
376995
797309
9
885066764
1610
857341
360227452
9931
4014
183
9
39063
90125139
1029
814306810
287
980702933
707256960
76
96391
520414037
513415
2
754
5138969674
683052591
5811277890
7
1
388
4517454
49307040
590
363508
97495
42373562
8115383
9713
802342281
42
61
89741324
649245
85066608
679362
284701
6854675063
637
12133896
18075964
465
9562520
7
4194482520
632188
383912
1058482734
2140620817
8561764
833813781
30368052
407166352
1
5
61
731411454
2078
582183
13
660491
11554
40662
5
8368475283
5
776437438
214
780623682
4000
2097
6231
7062
2115100472
24106706
6
1349
723
131588280
6
56
958631
5971
818
287138250
680977255
9339960380
8986
4673383580
65244040
92060
6118
4
864
2
2922942065
8443
543170924
40
3076064
533898995
5
34
198948
833
7435
26
25
2
7135535412
49
716
7849
30
4125925
9862357625
6683
82
77575948
67677297
51500
328283
45
997184668
4745404
442631711
8895
39673604
614031908
3959335183
4008
5
96521100
94418226
456
7
3994570871
2774
664
80
31661625
4
396084779
798
141924
55099271
14686013
64088
6958
83769
275340
4
77
6786
768438528
615175301
7354168
984211
20292249
731772420
3184672922
931
134687590
291450201
9461413
345236696
26963349
70
6381
3297456
8616621563
93
15
173
90973
5356892683
165
2
734730
450
40560
9
6138824942
6
17
2612
4006
751
972692
2878
147
996
4756055913
5749278695
9644
2805542457
248
338
349
705481851
219
2261030
593
353568148
44011233
8541786097
4
877275
67
5117959
912
94
90984076
54
984
442214
143710
4868
95
40
900956017
152
1
6
687868
956637
4
3119
2672699254
97459
640
2688791
60681957
223378
2360591294
6818818
26
6195084
1084663
238950943
6170079583
73849209
76282383
833
160246873
7002571531
589570752
1
60
8249
180
46112
25
65
967
99029
17029743
645
97520894
3112074642
5693965868
4
3103669
5799936
5792557311
29
97790
77
1623
791894
764872
708253085
839467099
72867159
542615304
4210635382
47374
943
56161458
2756668161
9961389780
14604013
91318
692574
6044563
3626
4181
785
86087075
980
13281701
96480
5491292
7825299
25
449989838
496
81176
672
43
55
65858930
7693856252
559
8
88846867
4
2015821
1957553330
3364186270
12791081
223562
627662731
173
7005901993
8533682
20088
1503765
2
59843878
71449
229766
7506466200
43136
94023
9046767
144
4669469438
7872
8352196
56736842
40228516
19302
29
337481495
8691
128
34507476
289643
90604535
589661
5797981
456713326
73788185
565
8
3
2762306
589886
73081025
525574
6760
18
4104026287
62461
8409238311
3899551073
890
6367074377
870213608
5
1005796
68183378
888741
87
686767643
4590700477
69839672
3867305917
28
3889
21502968
8288854
84442
74481
736
18
20186596
439510109
925652396
3525725553
32
861923
4138
23978139
36028
9645025316
9
6669
655963162
7143493408
1425
8599043202
14
285060
596234
70
7641
56
1142
7382
8087080283
2095437
18017
5940297591
4411770898
397964
9585608
6930398
69388914
19124232
93
3404
23
8056638
39
214990132
635338272
350432071
48359
5881
455835188
95835
106649
106182421
5
204244593
928
299
6581
411
723
594239
1
1748318
8550297116
1594646
48960259
9851736699
733590
9542
869248190
69
8
612
3430
91701
49
14323292
3128743
6760
5671
47
85105
6162465613
70729
5732225
830357
135
4030912
57306
9
4079
403273281
41
3553885975
4317
1913
238304
17849
8349
58654
479004
5
7551770
4074
770508719
14
809
91
8
9814968877
68
5411525
4939281278
3105
1422099
4797
5550863
4174
28163
209385665
687538171
404453734
91
29
64
113290
550350
5
85
28316522
8
2291754
9913
61901
5
8185115620
437
594363
6580192
51590691
6117
8
6531992
717401
313522664
6
6719832918
7
89
620657117
4198098
1668819680
991
46306
869719901
93
15715971
917146
86722
387
878
839
6
18403
37783
15024815
40624532
8793382178
4486641646
7898131561
3885852
31
786184
24051
1007958
98058
7456202
7
569746143
9796
2377
6609
30083920
8001
63990135
2970727389
414755
7646890719
3861859
48084116
23090
591
5
152
90
133260802
90757
4023018449
10556962
32
8844
942679416
4948449111
5621059341
5998
4299902827
154560
162071630
828
16157
17886550
9654129025
6870673
30213549
8
384326
27700
56606
8090145
31671229
9
47900
778
77991615
40926980
6
72457
7807
2923
623222
29825
36098483
9354
399
535228281
2
6905800
8623871299
8983532
6016
365474931
1144211675
3169
2831
360357621
97104723
42
38988121
272
619
513032659
43968924
755766
98535193
51
10483
27
823155310
16687
43841846
59
877992
1714608
735267355
7
421862
705752252
70
6752152259
331624559
7
5582017
9240405
68
3
99
17048426
1039715
30786
712
776514
7
2776
95811357
71
7262262597
67
988380321
164142559
8504
12729
3
27
34476
2911
857521412
5010
7410642191
118146646
72464887
1662148
73897
7719310
82295
35
5418839673
4566904
3
36886
21
9622619
30836
1423
543745
658460428
6156
621
2069381
3348248721
985
627
2321
521316326
248
6681
36
995437575
7
620
9462665
27584973
12733405
23917095
71992
5187
597
4541
60
1586454
535422
3
3
956
40026080
91515
28
38810228
4
746144
448
831
6427
8859459306
371727
86036994
3694148449
3374262
138437
27670972
91655
99346
803492800
909460063
71093309
2158
9185
45
70
9907671
6
979097
622
1
5414118679
5381
71442
671062718
977933
169115262
212
425490
799289
301289734
1
7
71
143
3
96967
81796462
45
7762192
69910
43783941
62904
31
71418
29264103
572805681
330949618
1
1
444
29
700866653
329
319712
7
6663977
11290
540845
305
604
999795
8398
647977
22612
9839606
7868189216
9906535151
4880906194
389831
542
78
4441
8740009
4273637
79
9713928
92509
6206530176
740637839
19
25414394
614293
3462435069
3
572730
248
8947207
561521
968401853
569278110
2806091
36702
23907
62168
2
262371
428
20
257
811171
88523
386
133050133
34300
3732763
799
4
805
12278
4507524946
670
78
97467430
180
119217265
77
1212
982883625
3801
48
77266967
39939
5814966224
2915758
199330
186
351294
25610225
578383018
98376
2
80321
74
79135224
3753893488
23786973
455
7031
27360
83
5462
965737
1958
764
4729756218
62
4889236
117428320
3285
6257
144
52284
7
6530322
891694
46
19046803
219282521
85436004
38706
54784217
23990767
16746
95583
758855069
4283
935
1271
130
27
7883646
36353
775730595
70
1675
375
5
9612105
11
1
290240764
3846609882
996
7500
724182
403555
5
462
7765
773202729
181265
408
8236
4
73
3
134
698
6374638
7
6
500468586
476660407
32553
31858
802639942
1134081
484900014
1700
7601021
9654
9498
9182
662
1
19943
90827932
480572
5
651226845
724327779
7018937
133892
294
775
78758253
74380
77
3066569
5723247611
8530
61294
24082013
69110
5362870
99173
999919
89525
6592
832189
569959025
5232860
8296874
960
604591781
16069
76
7850707
967
6951
8667
2102620526
70494
8
582
838142
90
82228131
3
47
724
36
547589988
8
3
5012
878328
32936
25542175
6024299097
6741388544
838937165
90032
58583
9
67860
5647326
57
48420194
958477745
7463
6975
216
3561924494
250821
5281
8145696938
8
256
700
761518167
21536
89829588
1324
7
716078
3897
9411621941
479246855
6201661628
42
2499493
926938
557690
97693096
730
5
56016807
3487
49463
55440
3
506813742
27
6
516247031
41
351
5142346
8120034363
155441
3631
1709965
404153097
3590553
524
97083339
8404
5002429
301016780
75005899
1446786
26662943
25
3930119721
2970
99608
10
80660
9125403644
1097317
63666963
892021
990
38763676
432271
6711923554
868388456
47022090
6556273
117
127197917
49
681787
1503812
887
646
989033
40488
59558787
395615
39789
36
9135
4727
273027
3455610
2
1650646395
7663389
9
39216233
262
4528104949
58517
6323733430
904761979
6508746328
4032681
263
15506
566790536
12
74199577
36650311
3981122809
63059
3948503436
8901506
83558
3297
334962
981782
2410
9
771
536569071
610135138
19298034
479082
324766
1817
5
7
37649355
7770
4030405
5646549
80
6206
8
19118395
19
7470
266
77697225
2269612777
1949
708351
796329517
887
5454646
9167604070
178575
81164
1
382367
8082669
179
7615749
650
65577
63
37185303
72291566
248782
94883519
282216443
9388267348
5881509356
6449205
5262064
70
749124813
6
25616
9184921
835
9601923328
3746555
123639185
8488
60055176
777
4
98490870
741
2
77537
51
5412279607
796159
2146173313
51958808
265017
7136
796989
3
42570
517926
4101
25
619
7
4026028
30330
8480
245
44440
586060
219736134
6814777507
5
2
69805
13534
70
33
94387
4
78
205503243
98010477
148
766952279
7681534667
7251540836
304661062
954663287
381
8138407070
400542242
36153
80
70
29848
3748
96242
747085
73765728
30
29082902
5732731
7799
99
145209613
64542821
78048080
6
8453007258
2
74714
332005367
233765599
6612429901
490
683447
302026360
9875770639
174147844
2618
3767
7
1
4935
14065
1943
447
945843
92
19358994
2624377
6
916126939
564
951
5
613549
7
13046
9011
67
805129
2603244
3
226594
67856
80153
7
5608
4166
13313284
8824
131825817
246194358
2254598338
6192538
450280469
7505902
525932930
8765569
67
9678744586
9716
55768
9422327617
265135
6587039654
4483
5473566
7589161
315
97167944
366461223
283570424
650
48130225
4
5
9429131
65
2765688632
291
7
271183
984
2127086
6519010
51763829
50271
35443
4503170281
1
401776428
7727605
1081512093
5823792
876739054
481
39
7
6499515061
5701549
787747001
6539454
531898308
688
7368
9484499
329
40
8864248490
437215846
78
79091
2
5
3534
476
378740
493291851
1794706250
6075163
2129505
4
7454234874
85957750
733798
5
96342423
373508179
65
3296622877
865260
66911
86
2206
877
7
848
323427684
504
495319
3334778611
217
8086
18103
994378
1187366
202
7226427690
568305947
5276587
2366881289
62
8582
9859
992007
35729
4223685
826178891
998132
7
3049295
9095432743
1
28
159191
6944210
7857
1599
46179
8
7505558713
109
240755
7302942470
9
59459814
67896
1198680
83
76
438
5589632
2
35094615
773
232159
3060
413
4744
3
11805071
590833
6
65427008
16590
70759
2034
596
609921
1945
9028
51491212
80800
86
9
6
11
4067
646171558
294016
32949055
132909
4064022
4663455972
511
287652
949261324
1
863993
3696
4781541
5578228
3567
647491248
67
6696
45067
232904
368
39520538
229
77
467337
65463
49156
496004
31
558
15
26
45208
3
942467352
9
388570
9244
53
859
9491
2
4778898
1
83
6
1
25
9
46
4
27
4500089
223311
763804
3
93758
31428
84730
969853333
769436
4697
24778141
2
8379868
6
112
8950
4145871
6642217747
392
4228
986705
396
26514267
905
153329518
7617804948
365571223
294
7607518963
7593746
407
1867935
13065333
99
452668
22444
41502
16
4056419
6
435
5008535765
3685
359759
8
6374
1
1505647
6875412
9326074908
890865802
541184422
96
351769
10034
7876387
590633
837443
53
827339115
4880
2325102189
80130
5103056904
6
4453
9304542435
6
1
1243001376
142
415656448
67035957
43372
6
86785
2040496
19847
783
629631676
1021
6665
223819872
42272
4
17392
45760460
9935965417
624
2302937
4932622
3
479680
1
9945
5125789697
392701
5671
9056297239
2
3806372
825316
7094211840
92638
2559398
51608115
42081081
535
28665
19
1687308464
62824
316
476788
778597
40
709462
604365
656
2
436
81
1
4
5742
364
45271
681
286
1350
63473
974147432
622608
79778
9421
7523959890
34
364
480690659
1812
5
4
72571
8313522270
7
52933124
790574
464358549
2
80
514
6617
306
54
74316402
91
570953
66559767
8931089533
678603
9345994683
58942246
103985168
61
1330773
5720068509
726171203
36
95895652
1450992
892609652
111153
28076513
42423116
14482914
5144111
6826422275
651
14
95758
764871408
431
153
4737
9385
3883999492
548
38107808
105081
597046698
762352413
172637637
2590
8950
3
22
55
4317495972
332
911349
73602
4421709639
8
15910
4
111505888
769781339
7
47806891
45
5280
375726
3
2443134073
68
5270413
899801510
605748
6756134
4
6339
58
6107735216
2
175417142
49
9769694537
317444
508
6
144847
87418301
62416
7
9
972455691
4806394712
5221
59369
40221410
555650
8
4984451621
8
635
73
8966780998
50
335906
8722620203
5703348555
5889118
94
467603
966958
305236579
9
630141
8451880335
523081488
21475521
48865
41778
2
993213
75641
64544
1
90
764450
9144891120
70495
25682
31266083
5
4979869391
723623152
79
567569070
814616700
4
79077
35323
585474
363615
1024857739
9162
595653695
32908710
31216
7912757
583108116
951929590
89446
974482
8
9
20620918
2657847218
207792209
5074183997
331373
136117
1291392340
438710
49820
9
5277270873
1228567123
340
73836
465618972
64
7451
5993673123
8788265
3280698546
6
5
70306
310
278
120754
74748271
51185
90
128
93918
862103
72
4231304
279337
934508
3076278
2434103130
11
8122279608
9568173
262547401
34613
82312777
9860707892
42464
78783
3763655433
4
798
829808116
316800587
212246
8
3899
7352662
8721
215437649
8
480231263
626
1845639123
7787375
2998455
159217
86
412516
92959
7467915012
515
499
466310396
141549082
992085
3034724
60048464
575
18407
49572
7721961
1512362687
37951051
1450
588867259
2511
341621
486
528
1
545037603
87376884
468
867
59778
766712863
636
247668
805810
3554044
29465976
4606642
8438
2
87
4
304
59330
3825745123
9574911352
51610732
2
88
140627
79
2712
292458
405651
5919322
3
9119964663
33
81768
18667944
481774022
2297170239
123730817
58914047
825987764
9
12
6176946
4
85
537707413
501
465
607673
45297
722
7776
6714
3854
26
113707
49
270
462369578
14
4958552
4223204
749315
268
62
42373976
900822276
4879553654
9874404
70980721
2706
6721
1431
33590
3
1
7
515
575824
65476360
686
2618
6142
16788047
2806107948
569
44233
9
21888
67
4269259
2994
430
74
50
5206374
7011091
2462045
233046226
7
398465043
41
894180
2392
1787212774
277
225
20088855
60426
1
2410250358
87031227
9481373455
25062
16
401753
5
17422
2838585729
6150176483
1
6072439100
684
4168
76
7186
98912
6195855341
295741930
23
2427
65804025
21
6627534
6014765
259
7854499065
49346
6
329
761908321
6918
54626
153577
73
12
370937
4427153
3449
61306
82231617
946401
46982
77
16625277
9597745280
1574322436
7809692
52
402969
3294255879
90280
400221
3
19
1
385758862
177597
854465
63303
6805145
872390056
340234
879773
288
269780
376010562
84849816
199
410
8777192728
6779
856056907
765446129
3209215
12372
48931776
171988212
8
8450338131
75987
346
61
80
57
91137
7
1652694371
64985802
54172
522641
972777
5646905
2285930
2636385108
2
503715299
48203446
276735
405177777
7719613
88655121
1332543271
5800629833
13
641
9977199
803000798
2660336
9056709518
90757624
6
57252
140156
648559436
7423
358262
560858
978396169
621
6197924232
912180633
391
51
6049
54093271
954
472
548091526
3927230
150310181
1
650674
6326322
93803362
2933
7903
92453
7509
7496475342
56116740
686
572
2
442
5148185
16
196
6412
38634
57010495
160237
5688
2338030888
60
472357554
116035777
9172524
5
418868
31547
984121043
5084276
57
5409
40996006
5
12662281
1127355721
633
641
54554
209819920
5613
2746186
1363706259
234
822823
28575
771159962
553
1997102856
64848
3423629
75079
4704930584
8
9687126630
9625524
45551
8472774
9994295896
6
185
7788
2996939854
19751
26352071
969515787
4871191996
17701859
9
797168639
77
12040526
4
849787
18257825
4508160612
1440393320
80
943553927
4426
971
502452
1410765705
8
2661
5039488
239610
570
3967611704
585541
373265
761212
7807636413
4086
6192294582
4614
37065935
21055
9704
60
529608
425554
2
85908
2
8887829493
9666688
13253
552
200
36475
4991644361
553822019
73245
5257507811
30
8262075892
48605875
9009129062
5806
7
29
20054
988106
2
935669
8708655
580
7490166248
1533920
33
91154877
55295994
9283386
232333762
465140
4705
13066236
461
434
4322
43000
64569
6409763
52504
83534
7519108
2
7
73
201475
8448
7021885237
292
9929474174
3398993
29
43673
32158
576758
493279249
612
727677925
87245397
225625
82280
84
8837
8121715700
2124414661
2713771148
29
5166
91304683
86
984146998
5
140715751
9691485600
63972
54855245
873092
8481557
4984449
83811
1201228343
1
929
14
3011793363
94990195
7980
6
7
4023776
453326814
8081896
25
8
69057976
996340473
7284
94
89
8774
3589273928
779764649
13
967167516
3
7
688
5572941
330
382161334
74358
977
9989180592
1
4383
8720
3058265030
9149
3
440990
16544609
619846
5446977838
92971
725785
68518516
1130887
786
80
352
8
186941
5857531122
18075712
39478
5215
69231
2075533
7
535105989
8029328037
71218
45424021
47445
559597
11975781
1428884546
48931432
7445049154
5766649111
318
7
439788
1
1
5
838
451914781
73
9550063
856198491
6332153
3
331
7077466
3
8450
95902348
63668282
1
924421797
797
8507
9967
823075
4607997694
677397581
7359391
5778
588579
3378787
11957
5568990
61451
665875183
1792067
35323
124
61684646
609
3330
6648049275
93991191
7360672
51696540
93261
61028823
78
7512805085
5
14791722
8
77557248
72276544
61385287
1090
411
27917
42491359
504
308227
1999251
29039457
9378644
42429478
136
585
521466358
80
69
486915
71
36253
40
8908132
4188244
517475410
4575577886
107
5
9883584
514438
654689274
549094
847
427
7850
76356
187448
8879465
233
532253703
17
39699158
66880
19
32
5360741839
98152352
387322191
259
80
527246069
4861
858539
688978
667
640
7408
45197429
917736
92
520033034
40143529
55422073
3962
348468388
118
80272436
867
3545
7572344
6205981436
3642551495
2
2322727902
33
4
936556
6219067
82
45
22669
515
11
9606
7252
6567
139884
81896770
4684915726
5542841
131
324047
21352425
5854582
46
1393
500976365
34338
881075
208143729
649485644
4470
36819
2427027013
348371650
2
3
316112520
55
367404
585
3
391478
35
126383932
977316
46365539
6
972
573738
48158260
7004683646
1632
15
234239
4033
937940
29
7225712205
99
77432
7
74147940
9886777653
6315518000
68494564
70440659
83
72
8290
112397471
4659888571
250
86
677
7333450796
710
929414
746
79464
805564
8588127432
4
20953059
1348028575
5117053057
481876561
469434978
204058
4439801213
883075436
9770
716218
9
9509419401
47234
22963
9818
8914893680
44913922
7591723139
129941873
93830
5
522904
93089915
390944821
403256053
211
1
60
93008
27928
9
100
9507449966
6420556391
4
583483
712474840
452870966
4
385262
4983813
9910926
5580075438
83059
264087
219
971097
110
3631
4896060
181270
291920
926626774
4890749
63776623
646725498
79
7982293
9390145540
5360333734
2888214
18556324
361076513
654077087
6045862287
71530687
3
559352598
44253
5429
5427495567
9560674964
486410193
5828
784
32091535
569
31
934
11626
966
90017421
1035120617
920401473
84
45
8256
218480210
75232
6
5896815
9704
69209907
78628310
567
6987558
6398
54
63797046
7605377416
8277
7316530
18384
837
4663021840
68
2912
152004055
83839063
4748
5013736154
58
96466
5
6022586143
522450
4402447433
552
7
365
587
17155102
96398
77724795
8346172
518782
712171460
619
893892
8626221687
1125548
62139641
558
58908
481754
2975
19
581122
42
19445010
451515
4752091
7125024400
94
775043
268382
651810
39
88
7
98964
49156346
635661
881037
3830522
45927
4325477
4408172493
3
194
76965
60820976
48501
145
43771184
749170025
895342575
64
18617009
10603
2366487285
3
570821049
48784447
776
6
91108159
53152
7378288
3195101
7820
33
906
562
9760
543
198
42085
7
79222
178233
3105
61455137
3269269
35
8
93
67
7683278
3
4016
2
920469382
7335
107
23704586
148
6823090617
735
1009
18
94730211
362883163
9391
2
92024
7189
10
71241703
15861
57040
8661986718
7262910736
8281128
51206
98
11542
12
3168104
35221
88
1
80962101
3
74756759
4772285096
2
564
56826888
7208914953
70539131
59759
1
7604
1114163235
346537222
501165939
4253142403
4545
130337
6772
876791
6360910429
17876214
277
3589948
724
8
5
99
857325169
26055267
4053
8104
60
9864
2126
8739
605
54249
771960
2337857409
373
9392987127
4590
2
811
36
6
852882
1775
1806785891
8016015513
589888162
91
344
17336517
990903431
50
2
440710460
61484051
54482616
37
12
9486
597655420
73
604995719
4077940
45716989
16314
8627195
1854387
8622118535
5418029
242729
486
507593
516172226
995
1165910476
6
8486488
1
415778
345
31261091
8925502
75741
4
9606
6
531062179
3044
4244685434
968
32
9099839
682
2
12167780
5523431
958221670
1
2664378
33206
4754
3107384
9
47755
6664
85
70724394
2
460361
715891242
19997437
88
2349458
10210314
77307
38081743
64837026
6
153401
946310
5
81645392
4
7
77801942
7800
8632118810
40922278
737352320
8078
4121
707463
36685
572099338
568
2
318675
536061085
91727956
1433
3206129
55
8326495
9
846
32
8
7066220
97021409
421090
9486310
8
64601102
6
815
307784899
361
437690266
8
3651
4053
395638478
23485389
492194225
94724318
75230
35
949928
77
4
451808
596311482
46
5706142
744
42
5
27
725
39237
879
25
66
752881459
72307641
90163519
860333
3860
1164777059
9
8
81042
2222521
1
3028898027
434134
315543475
393164
9722554
29198967
973761
6878151
9889
16270314
118282367
502336
704
132394
92605
45184584
1
442084
149
501675656
1691245375
366792
4798293263
183
84
17999
85153213
68
59
758400
25293
7175240872
347888145
15699
545
2
1792
84
20419059
4651
68466078
2
3143610
1814868686
593109890
48231
12166
886071
62484
7668
1986318
811
8608138687
714
920018825
51730
50037
275734692
74
441407636
55
5442255792
711516493
8692
9045
8057
3496
3
9
775
8942286
454
8608
438
75154
651798415
4470
17926765
9037008
7
94
74
337158773
608502
80
3876257
87705
1
90
2115701
7464147
157868841
120665
2061373
235968
88828
74999
2719
4
731
18133
657329417
821180605
4572283
15454565
7087614
9
5180
7831751
8755
1545854
2077457944
1135
11403131
85798
51
1312
5302
1704082
8127563184
67287
6
245825434
54401
5022214
930826
8788
22
6
469209846
56211555
77287
5814028
261601994
3930334233
8657325595
574417350
91296820
48957053
3028943
1
1138390208
925552112
4
737131
2056266038
2053463
6305258
192
331
97261551
110962036
205
14041781
224
5
970646
7
9785
7
1723150
922
7752612
132205
748545
97455966
81
93477446
7348
9
54908800
6084302887
26295
46
342
790
845
538811806
47763223
1774
24
14
125592256
1234556174
41
977398799
201902423
4507665
425017036
3
7312709
998714316
598744
260726213
7625731776
51
26
4
10384
360070
18
1
14
2540
895615260
405099752
865332
3501857
412646
421
3480304
1428446336
61875523
821305104
77614591
10014
1
897718
82
4394
3
555609788
193
990
7
6
4609258499
6
89
181473
53932
36432987
9
167
707733
33
1
43508959
6
80371117
2
6870
6170953
469894
14703
34
8798
139128717
483499179
684
2686210
49466
527485
1514783394
27085
6693
36097
5
472362
867882
7
5261708
715085609
94511695
93065682
54824582
3
6839
196
7327877
60
8
5254
8371987
63177
52271
7
15652
1953859
609572407
481568911
127389
817728
41
56
1
9297729
778481
764
6879015554
2466
841113
197
4999
64688914
71632252
9279212
4
110
83738972
4626217627
97065012
13
61394438
451540670
4551
1636
6342
347185
36
8106
3843017
3
99318
21
2530495934
39037
854542451
2
357789
7
7931
242706
251
7433
5204713
42
93988
38
9
3372694467
72544
3511
2770182754
4566858
3162
581568814
18
74070
64115
7
3
935
6562637
555618
245406582
63131684
74029144
3399762
1
69244
768664
428
2607181
59611681
105
736897
50489
8152010842
342399
1366733
7043819251
388
322432
5619099
9736
61436
327661732
7557076
206
16592884
119343956
4640954808
5797127074
710
6042041
324
324
678
8
310818
323
68865
399942
4
796298
976749751
67237
581
316272653
2
1
1322134
7454968
90892
2973750
84401
487206836
63
202276
77768
1902274
3527494740
4166
28
471471616
330
737702165
864955
665835966
15381618
4193
70
4734774845
26
445238
9951
2177764
77388
4388
54435
5
4048480782
5470150302
331257331
547139307
3774
3087
91629
7258
98
421
3
240
2041
800
1
6
381
915
9865818750
93909644
68
533315760
6850
8262219
6141335
824230
2369289883
123134651
55720
40260
22381049
7795
82115534
22219
23677670
56
67921
7
5005023
5845589271
6175887354
7123
52673586
99281
8103626559
7
350532
879736939
8673824513
50160946
1881
11625980
52746607
793421
1385571688
897333622
2
65
14484387
2998863249
431427
1931
7255348
8831914341
964555
3
86
3232154469
26342647
60554
755
89017
85
944868802
2
8033731
539312215
147
13693943
13569170
825116207
3
73
584516
63355
6011113
47495167
7197609
56
258179213
710690
1824653149
1754383
600835235
3111810
9637781
3987780751
452170025
50
1268844733
8093613972
2151326
2
3610392
28320436
6351391
440
9304
13
1677980
72485
1
390175
432
6083740
521702
909507
342208760
4331554781
1074824000
4750
279
8019247
7
677979
39655
9798412968
82718482
34
489
134161557
6
933
13163
3870511
3092132198
303
19946
823084121
8
446
32
615236
61759540
6
30
4859403
9810063403
9
859515
2676983079
37
6
43658
76191
79
65625
4160269184
6
1
26657
2192427
4
56
601268514
80190165
1717
560
367
5363
61562
412
93894410
34623
4810
98815
834117499
5
7
1802
48
4800
505100
602
966465
708112
6953420
2
9810
92035544
82438774
42488213
47392978
82041505
8710
13963977
49508
96558
3583836
4
7974
81848373
762698
47906
94
93
1914666
8856
843171385
79113264
91108198
64
836300601
3
10659
5
3887627083
65
32
353963639
476
4564827
304243
23
298
1638
836484566
483
7
2946587
6374758
7579644786
35920530
151438
2937600
55443
192823327
5493783687
1557417720
1
13
9
6185544
5417700
35849
820197222
470
7207912649
3178216
810683
8664
4124834696
1387
90
92190
4739178
108
8755672189
337593723
90456
41388
408352175
432
927271
154121131
266
1
3714331
5390
74054
817093
39095828
561840
659016814
86165873
9319063228
58274197
78769
14555
986
75020
8976
89
7093930246
87667
5887769
376
29050494
5813
727
87
454
566
4
64
7
8988315093
212488388
18
5225908
37725
2
6956089899
44
2731
4
65
646327
72
8427782998
7873
57680
49
4835
4815
5164653
16
48377
8
2
765522
7399
7237711096
32
149363
8
49
1556
7914307
7914855246
270
9102225
40822870
6337836560
458
149873
1639470723
147337
2670
6015077159
213
8197935
53437266
5438937
62093082
5803
2675603806
9714
4
658671052
85
922282240
809
1354
518097
85
23215667
918029
989316409
97477824
36328527
633173830
16678285
393628229
538036453
116
6
96435
3
5
9539899379
7008
655729
54674
1
72375
5
152473971
74276121
40925728
300844120
55264
1401486131
84919
29351628
279274855
3657179
686544998
6
860014
90808
896
229169
225495
111595472
129119671
28846142
204210005
2482970566
237
11409
63212
1
46802938
6914013544
8638134929
5
66693469
875451849
1377
467051
86
21442643
740869
43367821
80
1416
2
293150247
86835
9316686
86051129
472886
2358585
145141688
5779
348
76
26380
67767
56534
974741854
739549823
43
5629868407
28
2662
616
4547652
5107985563
645
5004151
598929033
49
1779648
9316977
923066605
71868207
916929
849
2323585
510
1126789
2283
86574
873
894419
7
7992998959
91
39846
3215
575183
335190868
34
2782073
745009268
211006930
5619
2
603028
18497
69
3687
92
47
617994911
321
4334
664
2538146
29
88504081
1561
1619691
738171
570567
350021
50
19
84390
91355978
339575006
1138905
658202
1763
9
353639
8295093
7769
9623043
5
1
17
76432
44901044
9181159
2855
55
4764614
9396
46566153
74340798
4
4570
5327
3
9
6956316
900
1546
3625959218
843826503
96624
681069
8583107
871412783
95095
88312057
895543
427825057
57711973
49454
8280074621
1886966
473
1406833355
819578
269551701
779
2929
9
8209474386
491230906
655230723
3064615
6689
20891601
6072
505640
854870
6598134
4
9
82742
72723464
7637
614411023
78404417
777839786
1
477
3788962
4
8662916060
7807093
1443066156
47692615
570871
6366
727
1
1577595884
8166
10830
49
51489
21578026
935
5926
9283250
792265
9
822
723142834
60092843
3470493398
4933
5734802
2706612
55
7986716196
15
83245
7598067915
5214762104
5352470
770
615156
611
8920320
156
5
384603
183759
764504
13
96066407
2420
16
640454126
309722
7794337
9
299
955591715
31
7469
90
814
1358451127
88728330
502131
38
85897158
837412292
5753762425
9214
350506907
42109611
542711
63211582
3417
1
336565
72688
26054839
665414971
319134744
41533
955836298
8928197
597662871
72
266320403
29776011
6523
12311122
108474414
74969836
2
80997711
2744333456
7
78085681
7224710
552
564
21
3532
7728499350
705530
229
685772908
24539258
966854
1695099
2274594058
850767840
1
1858
980543
50277755
2
85
8540718174
512
3
85
8949034
7294414888
92719
4
96
266071
630541
811175
5286908078
9708288
756166
258121634
986709347
9348
815108
3828
15863
7
9882
58
2264
6544
4082511
28193
77755
67
33581
4
7821591820
82
572
7618
84766
3916154357
583
477997105
223321
7188697760
74705
139
746668517
2461
75440962
355307863
93162569
6908
36453
50
90258
5137079863
993
2596661739
53213
418891522
2152
1133
234
373
767794
6620925
63
243524038
869
5
36952
41022810
215
9785392673
4
296212903
339868
11814495
42027
3373154955
40482468
389
3100
70
9347476
16
485149
48
21
71823
971
8863976218
73196
484498677
9309
25937
67
425
282
1549261406
393
851544
627550379
3978
17282
4457947
5967769786
341
32889
3967043
6623
688389
1683081462
4213925551
6721932
27397296
33339
44357
578678922
763270
2911230142
942
3837305
7
2212
6
735
5620974492
391518
9172561017
7649390
26134658
5322843331
71
33
303132330
19
9887822
4304
335613684
9594319871
787944
33
2249673
1
2716
83
95537
506751205
31698
504287
87561
6851893989
57645722
6598
1
1880507
1807723245
2293465980
99
148
27264135
8797607
4855489
17224
2801
908
4205883392
9490071
593072
209663
19
24
850758
89
2
378
9581665
841401
5280
6739121083
7410
6261189
1573986488
573
64423633
6939035
84
33
540
92274405
858574
801
12478
66072269
981959998
27558539
119
1
8
513
20592
5749050880
3561863898
8
60
905255
32243
8737306395
3798
3386101
8
5
5
2157709738
80022857
25
9
8395314
37964
94988787
21180
2508
6623742345
53807
7
7124
2790453301
4241
5761984
609701
885
46
2030
66
291060815
8404121
5
975540131
25
533
74670950
6962
57
3
5594
852967
27156
7146821
154642454
7552509
447599
915
90891
8026
128
7680784
58510
842753
5198
67581900
35254981
83405
3
5405
5837445
36284702
4
3255
65
5
92317
5590966
87259028
97901
46629374
613359
61
4492509
231
21835582
1099437758
49244
82
223
8419875
68
7
12
7290
75
7004613
8458
39
6946902914
47
186895648
7050
4862996332
1621
981631
827
26921499
7
9920717
1943511
69
59221958
419442479
193156121
27001
8
1150550
25
9747
608275733
3165791
67645
820
866861
111675
28681
860867520
12
6
493728831
75029
425407
4999
250724873
9478611871
401948
5844587
49394312
8
766136427
52723
252824551
131394
230674776
67785
758
9703450765
59587680
6266358950
648635645
7
407330269
2535
7
6515466
4325146
40
1399867886
29503
7283
395
908861
76480831
4735223502
35552011
7459
5685478
86617437
54
57082
6
316661434
49
9731827
917761
541
48
71467
3356
4962598
6
7954372
40657412
496
17162
94641808
4241021571
1552
9159189
9
4343
1
21337288
98275
9
756
530021528
7795219829
9
79
36
3341
2178407
111
53655305
4230828601
2
6363
23749201
71370324
2584422
30469301
44547
6709153
1370267
20629
9
7732
6
8
717
61260
29899356
15
2716
481377618
371
339854285
914405642
4618121150
5
5747304
43
12114069
330
764565
206292056
335936
1
50
3034
581
5483
1260556629
510596469
661
1418305159
2131
423402
882
1
91
165167298
1347
5502486
4267022251
7
8638731
2660608
988
81
939245
317814
9583342
39298
3
15
34350
83440
60
835800
5215
14
326683
9
6
830224406
1700453
528
13
52228
683999872
8133301
6492576448
14
4386
253843127
724
580234319
6
48
330542
434572623
532
6231557684
524432
4651960
687
73
3879495945
785
22673
22
2
8238679229
47364156
61000419
779382455
40701269
551436
9956747186
5244
5357103810
55
556984769
9679005
24771684
6271929
7637946412
187
34305057
657
20
639453
821
8
5391075976
8642361104
52092107
399
2595816929
7868
3989
673
6
3610
8924293
81018384
53742025
15704
84016635
3805907
9050624209
417050641
67
617319933
7535
3
1118303593
9160978
9223884224
51
89257
7299
6211524056
819
9
88664
366739766
946840311
57428
9291974
991
889951
29
3426883702
94
7848012322
8649
6
54744791
263297
6783364965
5584693
6
71747
980978523
3453201597
96178
1563
239
9
6132
32570337
99
827774
87776809
37
733784276
29955693
53907
1195912
2721
4738093512
9
56059
7519579
20
422441
685
2880
48
963070716
82336274
4
921
5
890661552
956
516
9
332066237
6740273399
23634
34409116
900793062
60
7394
535
91
121230
2
11354376
6978
8978190
5129699
21547027
5139
933663
40642843
5011
41
91074837
10078
6116547
7824064268
749730
90168
639141
98707541
52767184
21
3133836
86611
5981172240
4984679270
18591066
8
454643
732
30164518
5
2280
3125809
83632
2
2466834
23044903
7875
9
45
879328
7316812
80
681440603
1410369166
4440
811570547
46488
67458
5250037523
29341
119
92481
2
9460
91
816
634
352925126
640029094
29903
2998358730
22859
341
307
26802343
74
609
376038221
47
8293836
8133543
57657323
64
1572574
850634
780595
684
52316
7062500807
68881
574
876
1965814000
72
48489
848030
6150210915
368980
2345490218
7198609
19
1251239
9019406659
843
60
53968787
9162
78805
41
4678
5529052132
329461347
2829736178
649
55704694
1748
77801190
22991106
7769
5927
803271
7
9
79409823
54232
740484
81262450
20
2960912
95778710
63041721
7806397
6794
56847476
5302
4696291845
93
8869682982
6
4278
69574
7619476439
835202265
2366586663
243
59741
87942
8300756
920306
2
89632332
66591768
6
89
565
2655
5102162
2003
2464
1646594428
82846590
9905
6942
8166893
5323
262957
6105130
55299
4437230
3846026
362
779
6451
916724
154
696
5
313
43828918
6930000
79871849
565
161131
3115382983
52175709
278
418676432
91833
223658459
78
7947576
640332502
46771
866710182
24011937
8448
351
8010686
61
16927270
79437
6701884
71259
34324
188
895317
552433418
2096007
9734163221
8820690544
5022259164
8
95282982
1
247990
273807
928
741
74
519
534181
671040
235
709966085
4717844
36311393
88
442
657
3199
741897543
10
60
9372102
5
17
99968898
994294830
29999265
312
4
61
3
819475
77132
24079093
359
2
7981
340
10594
6053486
2737
17
733452537
45079
56
1237
9682255498
23
8741940153
861639
97
50
141259
47
3999131
6248092347
9
1278115
403
769642686
3642
9256799
67
432
381
1770237605
2
5367617
68366355
868
244188243
666
32033
55
328418
9836496511
53
9
5331855023
14
75957
198482496
796632750
1
7902596399
9
2
54153816
94186017
251165
143956
9890
1078
775
5577
43793
919936945
858
3039012
3929329299
4
6440
493
729975675
2
753124889
766
82215005
210111991
1430485285
594256
8077
6746251222
47
1947312806
932
391
1
60422
8372016
18
343
6328
40352298
86940
388846006
4114279009
63333678
73469148
48710561
6
33435372
3306724
67679087
7
7718807
775
41781317
4129981
518985
99
7088303
367576985
270103
1
173
6
370687188
665570329
5623
55801393
41235190
606402
2413735378
909
13357
29256551
7639101011
35
48
16376
4915677405
808
4777988728
4771
7
7366
61759315
294294612
6803700979
534984670
253
89555
4246132304
7135716
6566672753
3869373
958
21145090
3240060
2248336
130
57359
6649
181577209
240769801
684863
165626581
219230
86960
439077390
6
817978
571209
86410
286
14583
36917
4074464
9615360732
7
22080
48856
511026
17926
112268
3
153
52657
419681
85043649
2507
15970
775970104
571
73
9494602414
722686875
9
202
75
16200
1282607
8616645229
86999
92
255946464
70939673
77
8358655563
7
54371097
104771826
82
3
81173764
20226077
990
1532030
721262
436439600
688565249
527430
82
9710820646
5423423231
57
7317083
92792
635423
71599973
965146
263641
7
42533150
6171641661
64116
4138862185
60946587
28162
328
14989080
877
7
72309259
124899
1272100622
897874
3562866759
40831
6143715
512
71806247
38
341
2696989197
15473760
4353573
60257722
354559354
104734685
572966
56
71
171
27635
5
9716457
799814274
809860174
7696463
5411316966
8604807
743265
68564441
3599454060
3
96
54
756129
699037997
1
461
7
1691760
75
12460176
3
22
7827760594
5579652487
912221
400254
850
9383
37
6354802
5405073
167
1977009899
634826
94
17806705
6282068
3375698673
604752
6940612090
9
5
7
2
727189576
3865
85971
4945
807480
555
2903166
28616277
1711414
1833174869
1058623
621
25623542
7
5554
16
10917536
8386799524
66121755
471498
5018937
2531
62979945
808665513
4
5875761350
4018910325
657
5489734
706305
4463124765
2744
274919
86778482
46333
44839407
6701657
51
90798943
81942
2718482
543
510084769
9444716553
50406
7884
2482
4407
660354
5777
3651023
4570012055
42940049
6
837690009
5596
727
886009775
2045033
8
400439
7
6118369
9342816249
49669
3158
24
7731526
10083
3866
9569993750
282245298
9
410661708
4824030
3992918172
864
66801
2961
1172221366
6553751
9
2183
67918
5
4952680930
7829
682400975
685401987
986303051
3887
791983
610224665
4411646
4
36
1
876786723
9836197972
200458
98520701
725774
644076
114568
864220
60802
61
709453
7
4492
47885403
82
368
8143149252
59069
3412661
995191049
395220768
6556047377
87
56940591
788016016
462
37324
192645518
87000
3269659
2445588011
573360468
2608400845
324597195
2965
7763
2089488249
76274708
7
9
81
569525748
1577140
3
9
8123148435
37464
5282686164
4
3205417
810
1757023629
3356798128
4
2772100910
3891914
48517
4048985007
81638167
3436467864
8
134
6806667
7
4235358377
79
844225
1882001
4111
8
407
2512586
97
7279916149
104340
710862
258437
48457381
26728490
873
3
423962
5323000
7488992
42450
8807
9566250875
4958953
1312
3535940635
886396708
5299762
872244
520008
5728
3977543
7
9869096852
198
5
44059408
4033740245
106943
819210914
284587213
908260
241427738
7
2917007
5874256
458657580
8894431
606
8
131933
3077049206
6
22595952
9411303
436330
948575
15704895
71
9
50
362099
1955
44
402750099
754
7554238705
379
5737
44746
424
83
7
3689
1464610233
6970645
509177
60
9882
13
8486033
23
272
50403
51125826
1510
923
244
22207605
85101879
432120
41
738901693
5
8730
12
529
65
409
6
8
716
467566004
2219
337928520
84501302
236320
319858
93498
26656
574
241230434
3
9169
140475953
2059
4777688
4407
24787581
601932
85397785
101
6650
2
34410
33725618
15295
32947040
876940479
8729527
509332
6
9565
3746317000
87246
8797279
84611873
6054
3689
79999
821919500
42181457
6160618
7277
820373
376868
7966311589
8
14
57557
27429
2438871454
1062
11
48254050
17470463
5308
554801
684
2088970794
948332983
7091
4776265022
3
9583929659
40359
2910129169
377260
768
24
2
533
540
551517
34017589
50
106
21818
871
30329
570
9297
661788214
2596
87575
60930
63532904
4038603234
32
8519770858
8910077
4035776467
8975850988
8677641
564
6278930
346
4588
96914093
8
4691
46584598
761300355
221
4767447
4108060070
41251649
6369
587152
907
1580
242
5216
359
9543264
140668
109
17
414
9295029709
5761810393
90856
875591
7660222
51463692
9696
627562044
24104
27
14752
6505940
5
186893251
766391351
87865
37773259
2094129
2
16
322
31
81387476
155
1
55
13857277
2947022623
11637
97987951
291500
2110179399
3
920269749
89
1017185
230636226
42
265685
516051372
19950768
83881
4460797
7820544
2
76
12
96872
4773
8
676
8
4819264
33
4770
87742
82438
3250
63053192
12879
809119821
97751
7155937845
479
34229109
487
5
55584
276205
161
85833
7526414865
579986
1655
296676
896425836
23392624
204780
69783294
5025095
2079097045
73735
879649155
7
6400
304085
511706
262
1354357
900
826917924
58237
631
9
7414
60
77
33588
70
193
110
54708353
7668235465
58746
128
52
46
3094522
3
9679615604
1601484846
194353676
15
398544
3
28
65089188
5264984058
920
2311
642
548393133
706
6295165
724497
158692666
5
26919
4645
889411
7815606
8343
359824
9
64346
8060119669
3
339298992
4
7
7166259562
1987876032
54530
89355
3810149
269
159
6546786
55
967063862
7
5699
6
76
4881140
79
7
60
502466089
66
766619032
5892
4
5
4012774
1721
977
6224755
4
2548
662856268
526571
93
83243680
74188857
26083
498
81702
35678
3
37
769659
3134537
6
85763
5
38729936
4276988
1693152
21424
65
8793
9
3360978
141
977447553
39
111
97812989
554
58617
22548157
428
5047499672
792
74911526
9458171
47
9129566371
14041834
6125
7091856
1
519093
6351
7
80537177
7341
3
510937693
2
3
649361088
895492
2312
9472327
287901031
9058
222344661
255
6
2959861431
630416
7
7147
53192
393242251
11295366
951
2577
986
870180243
43967833
831
9955910
23
641412560
16
665
26909963
4959
4
23
7222343023
7402826
6114
7628624
3306349
925523503
2670
49
5966
67
870515
2775
4744
8418865
96528
103783
9099940
488522
26
14230502
4880542
8864170175
755433
44
471707
33615875
1909295877
997857484
52842
5159806
1
6605546
70
72
457331
270
2721
18
94116643
678098692
53
77
1537
989539526
7209204
6772694
2526293864
762883
15805
86
3986
94
692701
709
30884
8
4167878
2059260329
4639251611
90
2710
37884691
650
16992
21815318
63
35376740
6058
3014382
744223682
303432
17
661825236
9132553
7
614555
972
965040287
63111
966679
6262253751
41
4213204213
462
5464
431359
1800430997
7051
5
1964522501
1
9433
864578012
680072
248679442
77
7904
1
558289921
452217
5651665
9024
740116717
1
8184
8172
212598519
271851582
4969827
32516
807756
3545461
351543
217130
53602
6210446320
509
49
4726
619485
6283647
49
4065645
61887717
680980140
59874
64
96
223578103
655089671
673
473
71926346
471
85839
15766910
777930009
27685
8
58026
9612
21
1326
62
46554
676646
2964234
4873404549
71155902
2967247
603
7046154389
51
744401038
6416789
32236
8497402
6534473
46532
181
62159731
579075
73047605
578671
8935439
649207403
9
59720
80
3372444
848920
708461623
37140125
4206745
2308701454
75
3
16
11
989760090
5268
7233352
956615762
2095242
77133
14310
5626277
45965
602659204
665
93419
977
4930
881
59487511
46
76202640
497268585
359
4265295855
24387726
6
6513499729
635
1784
51109
53572
27
934776817
52
563
801025238
992164
86
56894486
342
2
501685
88
685816334
457
93545063
67903968
2675354
6757410575
812991
133
68958851
11168
14030
28243339
8027549891
92303253
48764597
788360118
7
7629967
582
66
198520
420161503
457886
99
274
445
77
5934055914
57
80060909
355
103197695
182658
716258
621
38388866
25059
138495120
245276833
101033
2902
84981530
79989488
2907
576880
8648744772
7281300898
25531264
1452299
20
4881019
3961
5
198
40831
4
8257018
61070
434132
3
57
6270
17
7810093010
381145653
5
2993917049
17719
875125
72
7911945551
59
680674037
5788194552
473572526
40370752
613922900
3220633
668149
712044145
3478926
6
2954918
8
8250
6225708
823
5349038
959
1665469
64375
13
3908056497
39969
8034272811
8333309512
7988916
635023
5077
93212180
3673028
43
761325842
7
8
787
6
11780039
24931604
2720051213
379
8139812356
80256463
64
3
811
840833826
937266
404444600
6551625409
25165415
7066269951
815039999
80830
2
1440
800054671
1109972
254206
7878712
13808829
4
77
136610
353
5083
42527
35685165
82
4
98600
444443314
28841639
29658736
8488
3
975504120
3715
1067351
431009
5045408
1619869261
147
8648
527347
476523924
8988261
824442065
1734
66
6972
7248790
791941
4173525
743105870
893095
5
4
4410038571
93
3232455240
446
50418131
65
184837
456923475
99212
62970
35573820
911090680
4
233737550
3090963
151423
8346283
5
66
42677650
67931443
864007
509052041
19
623
8414
9
28
1322403
296688657
34694906
2612852
708
312795
508
6133
11358
7193903244
958315
973916
3180667
6585451
727
61
9076
9875
6090326606
2779327
455
917489466
1501139
34
902
10182
488
4507620
220420
4
4
999
61351481
1
1175
629
2
7341
27578
5
6699411507
6147053136
6689637002
8243
45564
32155
60788263
14836355
4323750758
51204
9505177
9095
637
219916135
121
3740552
716
16595576
50662363
59
7163340794
1096
419794597
523421
8439783
661568007
82179
18
386
24
290963
6370
8440
88842
9896171346
8
6
376
1
27
96198849
802
2350294
13
8
9704239
4
76098620
39
3
184
9767552
824403
9232
6742149
9092422246
650796
4
2
63
175
6365940087
1633
28197449
66428
69484138
8643148
594843
3614777633
7764332
2540543285
741787979
5447460369
28
984689627
965917249
6
541
48716102
89743791
80305500
56918
16
1610242
4395
1
5192
8381188
4
56712551
866005510
5476141
45
6040482
38
689375
29
72
2458944
945590
1781
7
43536062
32600966
396288939
1
3760855
7567577
97
274
28584341
60305334
53
7563630800
39
9
596
8802421
7520295512
5767314
38417
29681021
72372
500045
8148
11050
387
2453987333
8
8209
8586
1252098
60676
51837856
27
706
658532
75473021
242107
93
46978
390100
30018
44
86641
856691917
143959207
1157575
12417238
7536899154
8545103798
628
54291
9023659195
28056
456013
707052514
44398934
5424321
2
49
7861
4030597
155282549
3
22
228822069
91566590
733
305
931344
405
2497
9502
762763
882663734
250836915
754262864
6352
374
3541
95208
9750409092
41779
686
25
266
48602
6684643974
22824
760903968
137606848
70516438
6582
28896010
457
303052418
5460
5
29219
116306
45014
6434358666
39993
891613023
8123207687
93164624
721960
753567
19522
11232456
11363306
22412
8
4671
97
757
759964237
7462837201
837851772
774630250
1707
9790994581
37
201
4630
489403326
893
8582
6
6218
8916200119
8
313
62802457
8383834231
1818
715
84
761678
3864453077
1681
7815934
23198
88235451
793913466
9991
70
1074
2
413
907
8979006
6
50
4
2
23513465
363
21832692
688
7508
803
2932
61084
35
413
812468957
7387
34443
720043
659226462
627732
6729625819
652534209
5
5105500247
3547747060
4299490187
779581
64190473
94
617241
1
2150834906
761738
598291
15
12886
754
630719864
1291
4
722
4117529
143327369
6
1
2054047660
79690
4933165
834181123
1196474
553
16524
663063
778
34093228
716495
6
9740
654731557
2335
21810927
33
94330831
55508343
5751712628
747147927
40
287147859
1
895
23
5914
8704999
4924
6994
1519
36
426
163156
317492714
580306581
78046
919956587
271031
9074989365
889
2387529
12307544
4870706
8443922516
4296299
804360
7118603626
2240116
4
332786
311
26936481
8222344642
315888
6
81818770
151908
33698771
26227
5
49
8550199896
370
186
874
165805
40
4081
6
91
783245
118391851
21286354
254954330
832155214
326
6648548310
22060
30233
4
898371480
9274
29384314
89804053
496
143
2
965
5661
385
25296904
6621
18
78905211
670
6484
3016
1
1508
2
85022351
5810584038
10065795
961424639
8667
2345046
7218912
91687
364073
1120
222
67873
517517
5638
2924243472
44
9288612427
741
9623
88
6
7580677
910847
830721
6517
6284144587
260
8859
990
3
7163574
4267808
16889407
63124673
5
106759
65
51367059
848632
365227
935967
60
6185
548656
24
4
3428286
49760527
2
68503493
58217
5150688
172
7118319957
568397214
66694
976649279
68345
82105
92176979
959938
9947
9498
97
4850
6230114388
43456
2
9
6717556946
73
371895
57141
4830901
82
645649
50054
3425724
497563
82
7328
58
7626954243
412
8318694
594
782003851
5362835147
7241650
325
3899297
99890442
5851980333
22602
661
2188285
22467
33363557
6657170191
51
90
664
50668970
416733
128555037
658
47
84141384
845
4352
14
9699118
923
697574553
6708390
33
924795
86
5314
60
8870246485
9
5627051
3
6158921
4305107327
601269
450160646
74027
83404
18800
998209
31
506529
60476753
6
807
8
58286
25
62496
872944126
8356
3449712
7
6
5
3093
791139
4540
272
5187683
70240
4001766
898079
794562504
919326161
21777
8749727062
9599
1
8339865
2276315
966483431
1471
63382384
7756628579
9
39581996
6575782103
241787
13
299
919
8282
7886211
593883
665102
5
44850
7064696
899256767
9783
1684457
317253439
580946399
889195
510945
1310369360
784
159341
2
1586532
9
7475
707395882
771013
71376952
2814366
2
1625467170
8728923441
3105266906
63
9273
61154082
9748774665
1810
8
8206713
301257819
8705597770
364
33039
98100
656442887
5
17951335
13612022
5
7
8202
2
4851595921
377968
930457
86623
4
65
65
7
7694084
236502
8544
13315
1146487
67011392
1380
6551182
18049891
59150
4575731073
56872085
4415
12509
2
14792412
4849506
13127568
8973
629689
37
11
21
2283904354
85074
962489
2328631415
597636672
144
4
93
192
671023795
2950276626
743831
3094021
54
87493
65
6433
61598
47
6770656512
10293541
41728896
763247303
280301
3199686
17772659
98761578
39127592
70
4872171
8
953711
1395
4986940863
6392144154
89927
95032693
1
818951
18820919
835588
3171
6
5
177610
711
152483
6747761736
4269543
543
1
5
744321570
2161792422
820
438965936
7543
577524206
512
6427
67472030
90
74824
197137658
18
3221973395
794457947
2
9074
4297089071
898
6
533359
1404585958
90
7520
13786728
7729809
94029
22316
33
1
4
933594
8
11411
851
89898122
743
9685613905
482
9
412
40045809
77296
3363185
6724265923
297043
181130
890511584
8802636
88353
52
5319932498
9755486
347855
760354
58766
1479258
4856
73041835
2
35
1965
5798021
753
3
2082
421
160470
9877581
84143768
4161028105
306004448
1
642379502
2
9277291
124609747
49
18674899
578
1878134
925
11627357
843
7
275430281
616713972
9541044
3348
5450011945
7090
68000
90554
1536
7453811206
6
279603
1056703468
87466846
4
26
2853106262
6498
17
22651
80
5354464489
7809
67811838
703140
78006694
12
14593806
33747396
1098381
2557241812
868473
4041464
255
5961633
6
619033518
6917301
290
42381
1867305615
9725
2
25235
577196
292822679
1212762649
5019400334
77901
657
6564772
19172126
6242729
8520
902171
429085
85137713
651562
66591199
658382
4904
32405
988
16591
2003
1254
4
69552
893
253325
6538
6663
54
9368449
7519801
919691710
39
6117600159
9916266421
32248
5
5583593166
580148
2407558
7724692
98
24076
1238731403
65
974
898193445
3870
466330493
3950
4130281
7624
215
162107
3374
8086618
864
41
30589
923
3611275693
2603213696
2
467932472
313617073
7329
50160342
1421
163680
9
68642
65321
2840533
7
56705184
5267
95
6
3042283
5
51083463
2420529081
5637303541
450
615858745
43029
57179673
192104964
7989
22880364
337624142
716966
3173
9026720568
79037
80154427
621343
3089539
68847
10823847
612691654
67921241
36
1452
833
65
292551
7050301
65
19152354
59
8739
43009
18604
40380
936471
2485412
93182
919
8268053588
70
3
871988699
675638002
5
571057
211216945
570863
9867812949
4
881
2962990391
95679155
7829454901
6100
3796302
3379447
29214
1387
79069
7
59057
392
4806452844
571
453036
5459520627
8564894
5
9088445
2245156
60657888
97
285
4651
894440
85673109
420124039
924758
9113357
93675945
405
31
3261
4640083488
154556915
2966
2
7
441
6
1
91
483763433
395
106250
36986374
311620123
797637732
489
593443376
3
13907
5165083
49
90
8
4035916161
222129
339357291
2
8
1179299
68964
443
5826929886
24852986
6413250
3294020
111013223
4358165440
3481381690
3
63331
1921492353
759430
1336831
165
9481
87608
83424
74
130762
14651
730
638830551
24
38304415
92
142
687
6476396
855534
8668448593
23344879
731258
8
7663
1071266
333581238
8
6848028
21
109205
35156194
78
59
37
5
12096
8914
844860
666562
1717948054
7693
67036547
7
5357693330
671072
7596
20341443
6991376
657823
756671
7044027
6
465397
26048
73
910165803
996647657
40495
161749130
2053998261
780
119750
148
160867328
4481553665
602
3
878423
39
40181631
6793827
6646490
2674
9921035
2956
3243129
44
452725266
322054277
44
24806
9017
440607269
474883
7851397332
23292
3
8139323200
99519499
19
1992
433967278
6
753310
8150411060
68
7036893413
8
503
266261193
63981726
848568
55066870
84330289
3628432315
23408161
561661457
8273902
43757995
4
757884
851177
188580839
4755792
7574732557
428227
5261538328
58292396
19586
6742358
8262
272665565
719
6575
4526266
82640
9085308
7
80274
450154
4412358548
9529
756
12747
541
2830918407
117
84
81462
26
235680
66800062
8
2
157
793
321
84975690
521114
5231702
52805
74504
7932
605953
127580405
66518133
902
275316805
53
965818
44
4482688430
21
67238
85869091
152
36214619
9310758
3199868695
11027890
4708262724
25183816
437
8
6096
41988
12699
6633314
182028
67
9
10
424862548
5975105
936304
15
2494139958
8754403
881134
476
1824276476
8636
9251274567
58283
556560
6974006827
7449395319
3
5964081
664
30380
7938024545
6
914675
290887
1612
335928
33
121
492981
4703766
911229806
31148546
6317083941
62900309
9
7819
66320
7823165760
30375845
60771716
1
7611451775
417591494
5646
62
1815868
6505624
726
532959110
9
804402820
824882
696396544
60826
332
6625
5281861647
38294317
43363
1090608093
977749398
7
882195901
8
327
3
94
9796
2296195
5367056929
7488718
59
3346333713
71683
84875
31636
48
3636226
5400
651764791
90
954309000
677469
334208937
1943888218
1
17343
13
64
2794760607
6
828
4680782
15573
76309246
466
6767294446
9550603529
9
7263330
33
8333
9288507858
3
520077990
6606
6
481691555
6
2236978
1
370
41
57112
1669204002
3
830
803740218
988198
238
47216763
71503
94995420
4611301744
163
275
726374
49884
123
29585148
78785822
983378
9426
5637
6881
2007023779
459
8867253020
9
8948
6389081189
189
872124096
7712941366
83722
768
5080
626346
142
5899250560
9055848352
31
88821750
4
699790867
670
8666314914
69251919
66
6465934
3116385173
5
6631257333
45964371
5609930
35369
754
417
680355812
40988
31
580561232
1197602
11134971
27265
6
535888
2768
996661
22304
23
2671
27117943
817
2997288062
5375542067
15122
77
7605513
937309352
679098
51659264
71191
2
96162349
7641542
5
1
211
8402144297
324544
297
35025559
8478
575219587
25170
66605489
7
482
899116231
9016
256
346
728099
40
1625161
501
32040
4433862
7143582921
472506
6
1071376539
3434006571
96379
427
9073
52
94
4958097349
6
193778729
6292077
400523
52322400
11902
905
58492384
341739
55173
3824
78
6466929
2583
3
2688
2107791
22787
370
639672
3202194530
53
3273246808
5624052506
26
90515014
16433
6
602210368
40990
7
3628394
1018753
334999954
5823763
84163152
696799
39585
89806
619938596
7701801
1822191324
7022
62303268
5
4116
865998224
563
3133511
4209703436
7955626
10951088
9175765
8
423
5583793
8
4479102
8008
489
285479556
60459655
969324999
36238960
9435598194
9494
406397
2682702
64
9576
3432960
456
998993056
4188787
4509
37
706238
63
778854536
78786629
117997366
78
83640468
41677624
1841338578
80371
9693
32385699
4699
823413766
42762850
8760
4024
861
1795
76458779
223600267
720925
2928527098
69432
816811625
69
650
69524139
715
1517143
662082
78526
4220985651
842274
3
9022534850
9849
357
3220016
70
6
56649
4504934656
6475512550
297
14233
822350006
169478348
58
7732913
19600
139641428
9
438460447
173
1292554
75937499
519
4632932
6209
5445
7
172862865
1370073
6966464
87651
58
75981306
21318877
1563014
16403
385
632721
50362
44812633
94
436355
9580
9888371
8973
967219
51
66444120
100530596
95
362
8047
659004636
740082
34759
6642541929
15467
37
4
53
788184
28853
445
19
497935779
447527
504
93649236
8300216519
3
583547
32357
46439520
95972972
527534
951458
4089
1629197
16905258
58025079
376
74408
2069
460
34216423
31154
93
73558
40131
6848068401
5588
46117732
312632638
9926984
136797
7
3483
452259399
338823
68
255
27466
28
7
703
607
3905183
5
52242489
3
2201774968
85904
9
89344322
295928771
20
72
223333880
628
1125564995
628
8878695142
11342
75768304
44
301706888
981
69386
195
6773022
92132
536142
4657296131
529121
6928
5110
707832862
4052213
12
54397
637583
18
4
306
855
92262
90
7
153
5345458715
40
700
2636
783
933599
923283995
2426
1292827
1646
3258
2
7
1793455
2
98
9565974176
37
645090731
7876945
9715733
557347
5031481304
218128
71357
229987
1153982
8126953
71849
41334270
69542877
498973159
832030
67073136
860573583
38791
30058826
117884320
806601234
28258
36
64
947
6461312156
27737757
73
7335523
40977262
966428
5079
393699612
840428
6087568
346385620
44054
6
2166856
407394785
6
621
4916784
39725270
35262
3026630
50159653
6249
9583698047
964
4340952880
75
507253554
56188101
58549
6
44239634
345
982066
8358
224
960
43977
551178802
2
5987
19071217
3075893
1
8965342513
2441
99
707235
352489680
59823
949
5
63
326
357719
8665060
33328791
403657219
9
56
666826756
19752
50217
201396
7394695132
35
5939722
1383341
49
8
137731473
1311194670
7932408947
727870
51
977785861
3028771
30309205
4719523562
9
87
41643116
54533258
4265
4623930033
9
873216
370618
400399165
588
731857008
829196662
9
31
655
1090084
29794829
82370
70228
258
340561
4455223
4836507
47
50
3535100
1858
98677729
9
4556
65
22
4
17843
56390848
543231
43200829
13
61
650226219
2
65
4193445
39510
67381481
106421
6812
7
126
19935
3497057
72
3621
3121102878
241900379
935454169
104
224503
332
7
362520451
84193
36915372
7
613055
8
141
9019
2412716
38
162666911
66919
577428641
862060
49499401
528
28122375
418
75830142
5
3847950
5979175911
99
33569
948342
8454851
544866905
5934995106
35391
9622
45
4
87258
36455568
617715619
70799
824486
988
605831
214480
9669672285
4
86743911
80158
74873127
29231717
8972
1328777
7
6
68781295
281697690
2
199533437
182426597
4
43
32639209
675
6184794
71
902624
8885
810
924
99242
46585
192489043
9245513
3609
8
36
7720740481
2891
2863252782
74277
344069835
41217920
37548
7979294
24
732005706
8
538995
2251092233
5701309472
63
7
65
522650
497216
800325332
39248
9
7404509065
130
254920
76
8091551
1
453319037
3393880677
3310258259
9087689469
20623
77129
3886995
663740775
462295
255257239
8042
2765754
454
9
4093952
88
2917393
78
27270
238654115
73977
99
42
313574
11095968
5934979
2115210698
99524116
44
1295
702
3172
2
424
3538
58363
905920
1121947172
4019
586524
17433
76
40871579
62
3290
7914073
41
9782019
5588102292
2
1944180
92135
9
1150441906
14
7854326
9631
49632
660
64136147
51856004
4496
524700
70728
2259757
562086931
3
206
52975479
4268
2
758443
76663
7078
1040384645
90568
30599
988
7260071789
87656480
343734507
6151
7882321240
960876328
649
7729
2403178184
496
3
263660343
18880557
935637700
88847799
2661052
52
520368418
6
223515874
4502355
6075204
67174673
31
720556
13308
420622
19
15718
5010
3356
983556568
63155
21964
28
39245
8
9799
890773179
879009
893
6301428
7090948
1231250082
4488197210
234
2328634876
144164533
18735158
415268
3877917
233990651
952481
1522633
49
930198435
399
1500
9982133
1913087
340
8100025
8757
26
197
649
15566
6805399
96
2841
11935
21444
957352
2223193281
907085
820830
942281
7
599639
2342
7
2
864
68778
392097822
33
213
77690
744
29452
484213233
5939308087
58393
3346445616
223066
8512696241
26320
965251231
5440
685677056
74587
323118557
2
644132999
90
8416239128
5336
3698398
931136489
510458529
8200539420
9842
25221711
11093
643207311
600186
4515337591
101
1
46124
3
5794209560
3491735696
612315
40163
73434
1080738
89
385607
330
2228139103
7628846
422601
4376268086
6253
6
467265798
583
18
168442
61
786
831955900
18
498809
7317976305
5717728
8487875
3
17941
3
881145975
8776
69158432
80419105
474270362
2825551429
29693
7
3660
473
695005516
37035752
4
8725897
1331
882888658
124318919
67
19510
54
316443
265
3201891
279139945
262446
7
535
3799
528524267
8
79
3
1389263159
6943872684
849168
463473
46985
685
5042866
87
20007
30141595
225214837
1988940351
7244710
88963
8844302396
8
7
1674821379
15
7
5437
876
512433
20319
87799
334887399
775
975277
402
778
4725003
439382324
7
1127139871
4050585
3229
85
85
7182
843840528
98554
33917925
9
2807653417
84544
9015
21174
2283634695
2
633
8243769686
487925597
607
4483954
842440
90
24867
1929
6405602
905282223
4876
60286491
921869
25
58
91456
318
8639766
6215820644
6588639
125881126
760256
4
885965605
28095
7215526218
2
12524594
6533306937
508
94
33080
246
4
386
419977
3
723224
12046
86848
735265379
18
8142
4454512
8428
8117
6
9219493
214159
45490
5271331277
3360916290
5916738
74
31474276
722
239107
828242
64698
314833
49
1417426
941
372347773
44
123229724
774
937916451
877666068
36
327649
6826570
292479
6
74
783
68893
59
119350526
7095880
6939
36539038
86034
2175160
78156
358112
706700458
99299
251
71
45401
2977
167308096
6
8965619741
1
789
8769
4592112
71198
7114042030
209507367
4604
172942
79778040
11642
1616
3389202361
2937078
431639
8667181
6186
60161
7472
3406372
572
77
9601202185
5
34919
16
714890632
20066
19
7
74565418
7118004529
62
3
196
55997373
466
10610617
49798493
22
120155
763944
489462
50
16610
605
7131168
24895570
4204
495
4429010
3
30842
3
528839250
61852
17
2107621173
3727556
61
864051094
1
6
36
656147
32
208
124771046
518
285602356
1062847
2634
40
781163018
70526
4
23
83567389
363428
31750626
38914
5324282214
38
390
4
5800297073
5216
951161
17816
986
2741053
34
7205131
962046818
9191141
2511564
48
9
868458
78519
2
73144743
325
1596204
324221966
4679388601
106785
43514049
3896760528
6735699113
9468
9
27870045
93398
500774808
8839471
93420
499674
84100857
8310435066
92191
783071
57
823395226
8142
8727
633
409483
9743361
39369065
99
2573897
5244283
14185
995765
630226048
76
32808007
5402
362
64091
40
387149
23299
80071363
608
137823
193248
40208
223345156
605019
62714949
2
84160
73242423
1093
84752386
32160078
1932593
8
9189874
31
143066026
199
21
4730760
584810
5992310
95
72
6
896410
552160
818486067
480
91
2422565
8152
61
2
12288866
8
182318
32595
859
39455
6348
83796
6795059
7
795820
3869544
83844170
492005901
3047
20374050
7040207
6655
67
951015
77299
17
48100
3578547
669
9439948
39821
42672468
13217472
7
3350
73
731
24
53842069
4
405
606886
288878
716
513941535
685975948
20382171
4600035
5312
681169378
677906
441
206
46158
195188
8775985207
7678
230980
646
96956214
87
4143878157
938
6742189
81013
153454762
75483
59045
219189228
63723
418804
895
4
908011
2356143263
56198
2081114150
355653
66770
4530010
43387533
368379
2844
99607686
14629
211
6395778105
604
6137397
6911
312456
38702418
5764863586
64348
1444523362
1387214617
8692605
28346
7
551792
4767618
776
1951995384
133341501
17
42522
8
7886
28
12
606420210
6342196880
119
12
12934855
938317885
9539589
781329839
9401236
629924
8
18
291729
6229619
9230241209
7726630572
422458267
56590678
29353908
73478310
65669358
690128517
86982062
9180
995837184
3971
3343304
27011
1
784
9471585
324000
194
584
598941891
538
663745
39
1
265484297
390
741943162
429
69
9179
986619
11273
41
32493
82528739
6030
977
8001
9097391
2439650579
41
9107
648209067
292555
73310
13
415807
773815
6
62
37224
3687
918942
81
2922
80
62612
4795
822
1733
4562607193
98
49999
947086829
6497113
4
78327
314403905
93214394
32
68723515
76244676
35497067
144110
454625488
710888
59
14796
1
61604759
54
709
56061406
563
628
912764855
340
570
86
2977998426
31559096
548875
812
8767083
86219646
96
56
55016316
96389
661
6216502215
59
40
4762867719
4778437
56
86815
1151
99284674
58
70
702
53757
4
3644023
158
520916919
7364602
39431050
176268230
278
931912486
407022
50829036
5123425
599875
2238
505
204428
6
6492
4
8458184835
3550
44136
1443961
41967196
22
833
322
2601
9738110
70
3986
210943231
785162567
26
97014
8
60
1544
5
450921
7
65671978
93825
5542831026
5
6526225
1
29506308
2291670
770636510
91550
38098
6014705
1340020
9087622
14389135
78815
558359184
219081
82098972
37605
253650
839
1626757143
11316
259
6
25
45781
679915073
9
499
375262408
53198889
7
9
80601778
56
193
4240
283
52339
619
3755
8634135
55
1
51196444
663922985
49
283
1912649597
76656447
2136594
854564766
8
70079
732924677
68863951
3068091
2
319
51
439798693
43056942
215997
592
2
7555
5823808032
4998181976
19581
12536051
50721
3511
1
2742
6713255146
291650643
1586623
82
241
8268734
329
1785
821
48777673
9809061
8
2
1498697493
12869409
979639138
740168180
402170597
46384
61712616
96324763
74026
9961043558
964505921
4267930
56
8285901
908392
5719371486
72819542
21650
92583887
5367669524
68
364340
35
8681
451953317
7861
8
19
607126323
7333611
5760733
82623372
23
3441432511
5668230964
339629
12645495
3803
7166865305
175
676583707
8
69836939
5234165434
96874981
15475
291
790831
672488751
1
91
2118783
2281
309849230
819462609
582629081
8625934
25
5
6001399
104752
845022316
67828
42955
9008
12913
9356
377002759
33
67080
1
2387950
58270042
844824
139
7
17590887
4335
9219889053
4
9431824
958866952
1560761
9182065
773659481
503
6905879
567936
83869
67011
416844
4291303647
1059742073
4
64
67
9693
103899684
847087575
8427453
96924589
64713228
28620623
43
600052
982
2494
1
4
5737407
5678240528
519672
2
33418800
883
6364
2315280
479800
570602
8925
5
97
4
438
4791117401
7283480827
136427772
378347
1825
2176686816
9150
693247282
79745
945837797
6
6743
577954
253031
120477
3
1838
1309452449
92122608
3560
7
61236845
223079
826783822
90
15149
3
17598306
80929115
9452182783
18
679087
9224006292
877
9111
50893544
286
800943306
393509
943
25793415
615795
11881
45510
193376931
959323589
94656
4022305
101
38786
32
6785770342
4715
988
22934986
8
2971
853
8
3206786508
4673
7126275
538135
183
49401017
203
88
443603
92
4706140
322
4316076041
833150
3005863
8
7523
6353
78990
67
36799
3
25
269317
94624
7036306
90
788100
917295619
1152064
9660678499
97620
94
182
7656818
1
3373
56788837
156334
4298233
1598679549
33
51918
606620687
13518455
31954231
718644
49203499
372630998
257137
50
71811474
135992080
530073
5
2132
67
83583
8434738230
811
272088
39781003
502
51141
5972787
867
4420
5950
48
5590670671
663285359
3429
390
344922424
44
7
5427303
35
743378232
8641384
426969385
73
41
59129
1711150
8880
33316
49491
9373
5
9382
1003761
8103
7
20749
909
965
819042
40082
8621696
6924539300
280199
6678
6151
41
1868396
182602532
5
123119379
36
5
15483485
69656
375340626
7452120210
717851
245431
55156009
27089373
65483707
73
3038786171
788493
46
9944711
44532
7683768
38998
3
662
727866
1541330488
12106
596127
222482856
249
16
88717
694553
503
298131
5520
58184
58
7045
3412
132904
8868
915609
4
9051414772
8
9775338
702642
516871081
7728
9
6371516
8934454422
33072
793247501
77
43
6
60516
714
4
2380366
676
978769929
8081
2
576289731
9
2785
6
2836419911
449750260
297
4
5
51329
9488684
2831518581
4719861
8452205414
22753
537214332
73532761
1013276753
5285172
93
3
59843327
300047
2768798312
478352
890
47
34083180
31917994
6235926
2864
765966
7603
9287
94134627
7
37697668
764922
83
549661860
428346490
685
430
893899589
9290
30043
445
806315
30
11
22569991
5
77
20787581
5952829688
681
2056851391
79679
90070001
8960849843
6
7
48730
534
572
53027
78158575
417
659528652
18476
95179
1830627
3085
10894742
5483610
3260223
76
936729275
175
2683097462
8802396
910589
9272314980
744044
50
5
199
8111
39048
40652807
191
4817727759
7
8070
137892
168208
812
980978627
804
8032108
12
1
102922
5
9
245845
585
3001367
5759
3966
69
16054
80776492
84
99383297
7
9
2568000571
5113109
12
97030067
7395373
1861
285796
81903
80990
1
7
702
481031034
199519
58004
951919
550338
5903
704225681
92603
29964
94
38
3580952096
15053
9
782920409
10514
6800
30679
2520
38879
179359384
788904482
487689270
6780438316
46
52171471
985184
73600485
969
5
26
93959896
311289
1450918
7098991
2
956
8011919784
716816
844301134
43
93409989
9
3512143283
165043309
18
876
7
603392
717574
41
2867
778
9
1519263
6160
46
5913279940
559
181
34
281651
67616059
3091085
62613064
12163098
57
16082
7715
61812178
7088613
86329793
65698
3734791
6623313508
14319516
886093
3536861
1058749
78214
626
19036
39505860
2365960
5823
7801670197
51
9
9580
6332091
8566411721
804
334148
8750968
3156021
9853
8377401
15506509
8460769799
4397
1857706
569149096
135393
283677386
9598
229003
58
4657
7871
388464504
380632454
19
19076
537451688
85189
89
579082
7675497
84394
4656
692
43173359
5961554860
65144906
74729
6
6911
233
3008466974
78465
81
1
718408
946682
426670
446226987
5265
79894
623093073
7
8
7578637657
779193170
9
16161
426
196
5874
798
3137
32267
223
64
82164
236182
72226
24
98
101
283232
54
7311
2
3
4941433702
22989889
387
30
82978964
50
61638765
347401
2803
7740238
8758787
5573798
335
35093
21826
80273555
22782
495466118
95577
88615
2033699364
83830810
935877059
32
5537806636
77013
220
17735
5141911939
69236
6
4538
7
39
6
3482877
4609385434
18718758
8488698
673544717
6663013782
19499
9
2858069
89
3
883
906374
1671
3
97
8185
1403
1206
737533
999237982
94652853
172561718
35150
318981
245569759
66320
83063
46604
6516
9020701
7483339
2158003
93679929
62952
47857
8567399
89
48163011
21986
7267
11336
229
87158506
67085
975878
3814416981
66620215
54401
1205259482
5725520
6865
726
48589877
3892
456559
1912864230
4531
407470977
936
842751
7144161304
7
50
79254595
147
14942877
91
2409705
205878
40
552
144518783
3041
55385584
630667059
926143107
6516939
56268887
89
74801
5
62312
51705
5444
26339
658273283
57160649
733958033
94985295
8
8
347
667
42384865
83
620182860
8
85
5291372095
526
532
7
999
387475996
407354
2
594882605
5221628
8542688
63
473
2805
101577
4812
9
1849473
5442
5454201610
3172583464
550428749
33033
622711
199696
63
8
8
763470
963767045
7479630415
84975
411
3
75
5301427
15
54811518
8299043
685411685
586544325
8159
86995
17315622
470867
237
55
603171660
10954
6140752
8896381
18
86046
8406029
366318304
7078212480
7
510646317
982144507
907602
193
8829975
7379265783
493095
6145066
95881477
2217573247
2484140446
55025470
8
8751110667
57083
8276
7386
47334180
50269093
6682595
47
34
902005
315564091
89412186
3
9632939
4
80
8
4
218090524
209954283
302
1257
92739264
5594
8
8235
798144
43295182
771
87347
64856867
643
845386720
8
5092756846
596
786
6292313
431785
7
73
137746
1466553
7
1
4
3242817
31827112
82
283488
7850314
87
802201768
3310918
4
6634009
1203
77169
80
862703
303454008
21046
97176357
3
996753375
44660624
4677951
12
439282197
165517399
4368517184
521
983881
36181351
7007075183
9043593
1711257987
6104819
466429271
11466
16348796
771689761
407
11433
21436681
511467
2
5
34
4414
259006601
948228748
8
4198341742
7592628
661930
1227826957
9829759242
3037
25
501
4767158
44905
3539198009
385610
942
738
420
959498
19405819
69
9774468824
809
83664
292219165
371028518
31
246620
23050
85
653219341
961
21
938859
21
8518517057
7892
777
17
44578
42421
888
1931615
741
7406156
1
4488175243
57803
59519317
892
8244789
83
773
28656576
2820032
994405
3
55
12
341769484
1915
70877189
37923
45063145
9
65690034
5165925098
3944984
34
2154740
889401
18451
658
80
20
72
1
82520
78249092
565
38
72903
98128
8008
5721564879
850
875
91765060
30977
2331
3690
7696091
50461386
5166
97067
245763
1305
512861958
338428395
324
198
2483452
5621413
566342905
232
60
76592
272618
95885
791919
26
429
96126775
7617508634
8
977177665
3
899972
88301686
3430068258
20898
9
236927621
47318
3037517
27765721
8
52208421
566666
5844830
814657026
66
7850950898
813828
33
142552
873626744
1874
478660
20
761
2763248860
99
4674436
6096618
349
61
385
78
991307521
78389
4304869
72
5883
8649502
647331074
66416
1908996185
397564568
66
482518
9168768840
960112
74616731
15
768473387
2044648
784563
910436
5
5740
8
86537
2
13
6276
76
3558477
3690528
8
1124891
8491
435791762
6253564
43687265
83080
98414
20172
6965351915
72
8976143610
32637477
36287
817
6965
485636
90273
93
880036379
3
849650279
656
503433030
1
718
40
13702
40497498
493895539
5
5427982
564
81872683
27
2264410
888626523
917269224
27727
75855
364231
9854
8
69
188950215
174133
7926
66933069
555655
58
2429171115
3682571014
206
8
786
3582158
676256
9
5423
81950
25844303
48056
426
81
9670841822
97
4765
61763408
62
245999434
2888
4507
857982982
5317327
90786682
545799
55911
42
388
63
5281325030
6
1000595883
298484139
5
7923914
58603
694620426
720704
4930542353
7591404850
37
96446
27041
13077
73
654489210
822
5
556793
1
43274
462171
6
9854487
363170249
24
2794
33396
40184411
13
674
9566817
286692
9692190
62
9787639060
429552
3
397
415
90609
9607
9932261
8
8960
23
3083710
355
4903759
8908413708
736329
97921765
8802637
1
674
81961
9
987941
83457241
51347
84813
54
7097916
812
5611933
8222319
5888812260
2842956
497445
4961512679
443
32
6
8516414
5
70
76029946
51
78722197
1754594011
8354
3281362279
77786815
69571
9593
7120
226673
4942
6484999690
74
443787
672932845
9939502
25
106
98276288
1187301
239272010
92
51
1025
25
37419
378842561
66025
382921312
4079139
8
9748371575
42
25867913
26
15135737
4
841913187
3573639
1
860
5
717292
32
47356322
3100
9
823
145
1116
32788164
28
1627210763
62
169737
229614803
869
411331609
2530
1
171291
51389
4194738512
1976627
435129642
758154
88386477
7
8046001977
6
8613
66
2019
6025
1121428
54107
7
2465420405
690858
928405305
7423190
222412769
56
43589709
10526
94298446
539258659
770386446
18
61703325
556332391
577721866
6758013
67
7171437
2901971415
8608319
23123
30175
8
464521
364
3924033792
74259961
38029
57903279
46
6094038
13741120
873850
466
502
17933
570
3
9
31231317
4352186
64
1
989037102
569
4541795
36555728
41
43865
158692
70
805
489565986
8807
887905
335
6179548702
4046344
570609520
812
62910948
966
9471908
94874
6
6
9098252
907
721897
3
947922
74445919
2294
25330
452177
304
8351708
71939
5
1229019
914455127
43
1
5612
67907
318929636
57
827
1186653
11946
7812
1251057
17336950
56
448076
4420
182
7373477
5741909676
221275
4315
927292802
4933
51057278
7741582
7824
9801620
84838
41025335
97
2223585
8709197573
3316435850
57654
909115551
8014221
508165
5135438180
8071839
8
6447303398
584091327
7904091374
916989
65215652
23884933
295617
6720891425
9
8
477717562
5272
131
6064475
5764795
25199456
17052908
910
386222610
25300
6
864144919
3867840740
53136
4983
7445329
6824
9221
8606842146
2004956697
3378
3371
343428954
569336437
73
842
287136694
5428811
8680
68
547151
2766078250
68010
769
620
6182786
25
69
7274483280
50
27
8
738
296
237997
90543327
76
37300
50137378
7311751936
4516
15958
9471494
19231
40202
488
55
84270
322266
9447012
51471734
6551557
276
6343091822
17235
1059816344
125978497
64
44124
1
4392
54494
28
3
873486492
311660
38717436
877852814
262354
319
89012386
8764
935597413
5654257
512814
68699
63252
9
7090127
41292890
1380742989
9450641
82902
244039
92164
9518871
296
90
8346716969
862139089
7265
354648
3
7602769
6
20
939
6
166663006
894
8552850
6123560
4069795511
60
9978535
516040939
581412
37764527
778670030
256783993
541
287
685745008
3587
27026564
202607636
27195969
9
466790090
8435
476633
24439
5
9536595873
695
907
8135580146
3883775
91
729380123
80565509
874041
14036
375
1
4875
2147361
987330
49425
89555336
5418247
2232438327
46758
277591
960094
65203
7422
6
758746719
2945
2416780597
78096385
266279801
486207220
405709113
171853918
52748
7560388540
3
467666
41
10246052
7658
732457
956641
82701893
71497877
5506076020
561107
31187808
7492453
7
58
1051
2892262
884163
799
3333
9601
7539
1966467
53951
838952
521
234925
12993
758
204181474
7978455
3390228403
78753
1845921069
1654345
7
71
4
3273
3306
46422
8219135
116040
6413
114825
7448085154
155
890
79134
5345
954003516
4644851466
8977
428114176
6
6172511
478
4148059
93
24447933
76112
6
46
891093
258
24331
4514242333
432965
300
753870607
7078085
8
97514
674699654
4
414929958
2403
7474433008
3228
24903574
48025460
2
8766351556
3547
493
942442
75857480
3
798527110
9034048
914357965
57620
859959
145111
5
250
7
313587285
21
22
1723409006
7589023518
5
2
39869986
36582
579
14036
604
3
974180352
69
32582
32
166711164
24
9934154042
73
718566687
433
8931616318
412287
797391
27662072
34606
2346083599
874435964
4
72109
84173
6
347081
82991999
2
589
97212468
611070431
75
8380
6786
2
868157392
19818
43005
2
3981
6565845009
66
858564004
4
92962
75
1855
445406568
515997
43
605466
6511
86
8030
11017
56267
2524
6034387
338169
3324888
208148
873173130
223002
6657823743
965836085
2
158432
6160124
50825107
6
334372
36920505
94
5203759629
81587074
194506
7
801
5
12782
3950417
1330960
28769618
790765041
24305
6144
45403
4945688
24372892
50
8590
2
94
533
1152453
7974786
591212
733540
987597513
4402140
72771
4011
454
51952746
539007
85
3083477723
9390860
56842658
6
1939
17435007
89
855
36490879
44
746867
985
4597
5576258270
936363628
60820461
896430
14
345
718939
4362288
44
6462116
70497016
9124
50064486
338758406
2
91
9439122968
1728
38490518
3372355
95221772
370
94
73
5902814
238792
96782448
249
72348
3653
9
227
3180
416
2741
728
150
145561902
8786
698489666
512
5864962793
3
48406151
183
1504540502
5
3
369
148463
150945
3
451904468
67
31
29067700
6578566
71149259
80422652
1774
629363
67572
525659934
405036
37
87715
596
88
50
99
2374
52
44
104749055
5568254
10614
52
898233
330
7453502
853410
43524
1936464350
8
9
3504272814
9075
8
22520338
398385
505607
746
197
7952266682
57864434
851752
14031
2531366
14708145
900968
245872623
198481107
2
1
363
87
970847211
4396342
6607
511721
105
7
20843
867040
1865447
55
597
5
3
37051203
84112
8594
388461
939854646
52588
57
5862755112
189987121
89
1336491570
58314
47
8655132860
6379285
528194
408519702
95
4940694
128
508
11
2659
183470701
991232
416543155
1672193
10836
8048341671
1024278
4839807683
745880503
7
804272
15
41009
8255893308
89461
8
269
39
57823191
79791
7324
5629
9674392598
538464
4
6764
6
682542483
60793381
55
8563
636594
93167799
38
444676
474848942
544018
80380627
85
62305938
5925549730
928
67
59301
1
256
9812933425
3614149
92389
73
88911598
603739327
1
4558450667
2103
6
734
621319451
649
1706604319
2844
930184603
623440
150
472
171801642
473684
2939031
218518524
67001024
5145269214
7450364
65600584
3038
2
1478937
99398543
80428066
514
2476
22752223
96448394
61599211
419
97072
277374642
1738
2232
1
9067796572
56
190812
5650243443
85618
23272
1
773
90249
3
1706601
359
448
7309246
9
3
88683672
54507245
40679232
9835
8531072902
829615
7853
270023394
160057
9687118917
955058
60552
8
1803774
771
76914570
64318
383
7
5099
467384
2129776
996074
4
768
3810
8013762
641
1101712330
33166437
287078
247761080
1
483644918
871836
84280474
13795
77669168
19599332
72180
9222
39
6983214127
7280
1
2508279889
234375647
24652
61765
30967863
7430
55
59
5681804
6838548585
2794
372652
171352586
527362
9337645279
121769476
175602
63608274
55491561
2
711155
99
3622428
70662436
68312
184426557
3463036803
449223888
21523
37
548483
7338875
96
3
754502642
556586
1
647502
224422752
1863182
3600712
57226
372644103
9077420
6214952835
73934819
1
6856418
305
629278051
26368808
461067715
70
48156740
3676
69098
393073
7628813
3570158
1171141790
9
637
3103445
4981837231
3874782700
96
7992
9910229458
38
93344
865
4007
9
4
5282883668
2772486592
63220607
778
7692196
138
207971465
38077935
31772
40
809
5196871
5
4829
818
783
6390942
79
16
7520
9055604
9
6968
2949859
615913878
4144028837
9
7304087804
7201469
703
164
746
114742
7469868
7663
1727190487
28242
219
20753
373
9
2
132
8
1810843787
8
5
12
2086
83317768
9241
6
50294
46926231
140
628735519
841
46338
4353957206
39102
51433
2
797791
284818
623
768
334704
70
41398
87
920053343
2
147230704
9792
3248776200
2842605
4
6070051490
555530914
61076
823103272
894
12463234
7977997
96
2022
2
85886
37175
8
813
9
837615584
78634705
30737
43
5053391
373
5189258
57
7349826
9608137870
189681
33353
54181
791912607
65493235
178
6927493
7148
8870879839
15
43531711
7686979
1
1
5564953
11837065
5
4642
483
77174
57736189
2423489371
81
73
9081230871
7
1
8
19344
892563
80535
72134
97610
266
68661077
642406
347634
3
58017
9
530
475638795
7023312
868628880
19354311
6383359045
72
221636251
308
8817
13
376637
2247297
141558
17
628396
5242
9164710
356
4
5152489
660284074
2
4878
293780
55226156
4105231
588
979461
37444389
8969274
3941915
247
617533
797
690
901
8145813654
4313423
18
1252529794
6
80877
56346571
8335179
201042869
861
3777015338
25339
4900937483
1277
2
922
248044
3440693
1169458153
8
1683949
3263877
6
1642829397
144056
939108
8505492351
363
3468923
49705
7004
1335883
720143384
3987284
77267526
959556397
511
1186889177
842028
864420
68
925146
5588402962
39
469
690797773
4537
3628
57072
143
4361830
1169
7036752
5058
474841863
22557
583654
229005
8534330
70157131
78460641
322599904
80
633486130
47
43
65
8922550878
8801065
390342810
95880721
25
666
70
49202
8542202
413
92493
8456
507628
16
421902914
505362338
444081039
1952238069
872082063
3
4515862
62
4821656
73372945
4005808358
4286
5
83588
909737
26
31
3
8380
6213381
418384690
8629277334
7978111354
172
46368
571538
203374
9570067560
6797
1
826569
37465486
329510
7
45495
2974685
529581825
686178242
44
4132710520
4213425310
1321
607
566260016
108484559
47720
5927925746
477
3868
5799642
5
84
34467430
6013
75
26271468
4
7939332
17
3662
83
441467
6
6228614
4048
927350
9555
422404
97180211
3509537
70
8
865345
7071487
8374
95
9248410
634
4
2023960231
95981
266080
1466328066
21283678
46
173014
617
3
440916601
9
84944749
436614
84085
8829
69
4
7
1
67
240831
8716717
3910702178
834
1743331
15655575
328474418
858
517163273
5
753566400
96419
234
85922639
121965
568254
6250354
148
40260974
56831818
1988080
34
1679571
447
94158382
576
6521015094
45
20978
643200497
498794992
9332
9809008
15627
1
65
267
8497
200069582
4558663797
97000480
98
111
4423968240
52378055
73126432
9
8695557
6313299263
7998933
22832487
491339
89971
83537708
355
34420
53044579
589783744
408
37544
315567929
6270056175
799
18053520
14625
71686703
13794
3830390146
91609
1517
806746235
85329443
42792
585527
38733207
315048354
791
91714
88623582
936296
11702
58120397
357513919
97
7782068
6664050
30
84755
9
34366974
9712860
2042768458
610160
16405417
3158089319
74579110
668787399
417087
2
997115
664208875
90
161
7
3860
30
7253681714
63275
244
6006293
223511
469
1382608
17757717
67
5833380533
4171
5447593422
1718374872
7
902177355
549098783
553
1393793
94756
217
4
9965032772
7045456
40
8166
5063
3787988370
194636399
8504719
30
839849
436475744
465259
812
4127259
96
1648649249
968368
5728309926
769244561
5016241
6523
8
448627301
4171
35796
715
25
6
4258103
525569
7705589433
5
54093
707038
2799560
7262533
5866529150
293
7100
909610816
7350491
4
6
24925111
11291
8003
2983958429
78588679
543508
5165
8166
10444710
16237
871608
565
498088698
2026426
65685
3756
18554
7146464289
970
3872486
90610462
1928441787
6672971
323779555
2132860456
88257
45025
5
88608
78284073
77
46
4373
1121
25
1167103654
2392965
6222
874226
89936
7
16301170
184334
21576
678862
254
762649989
640
363
7
497669
75
9
61
5
8180572
7447291
193
7
492694557
76
213238771
2537580
4844
59
3
50
2413328509
16950918
24995204
67575593
81145
155422
966
842
9527246
3
485
476672
6438481
1637714956
54
9341718
58204145
132
32
83734
522
811387310
96
575429574
685536221
636
515
75
8
15874001
990896567
3491094
9
112338792
4
4463
407
30454684
318889461
133
628
4582952
52824
70
1986571388
873917
100020
6395
122405
62259760
94
6276427171
2335
3801
9
3899
34168046
245286338
571
43513826
52051
48464874
845901369
5814
9538
329883146
3116536
505267
8350072
53
405
492487
969926
197870
222133
986916
3251
9373
809480190
24577
9641317618
226065
3941
461
6500265597
44525
5937309
77135
111611
3633143
7402073807
6666574302
23368320
85406
614767018
7411562
5452414206
658
322371555
2806114115
3
1558
7
4249054795
264
3588785300
3
14752
9197
809329321
83131
6835
73
853
403
70437
644
71
446830
87604531
5
143651
4822654
96228387
4408844
9910
24936471
839731324
2
9190474
97
88
5968684
3306
3
1405
97730829
160
4540301
9393
20087624
99
227049310
7
58064037
7
80404141
14
63
7938909
3924
737503
299472544
45
15649758
17
2805302
360
49547
435
9123359
264678
5883924504
5229
847759
10240585
55026
4109891268
2165
2580676
588528
26831
920
516602
31713016
497496
660063934
520
330553165
45185000
64451
4196727603
89580
8063384
70
7048
95522
1483
8846691
3
4347609
45311
587670
1
4835772424
63
785948
16
2452
3475
80
588
922690364
8
6073
1628625
3041859143
272635522
119385178
831
15
44
6117
21036376
503
1
1266765873
6
894966
82
6558
188
67805
826501
3701400
508026
59615
95328
4
4
46034
82533
811064111
47
1645
4735908419
91965824
13
2287084
380
925328
752422526
9020
8
93770
62556660
682128
2830335886
55576
1
686107118
321469
9984409
969466370
47994
1
622620743
99346087
7
75
8847
233375
96850
891031149
589658
956421
2825373353
2701
28672
2
36
7516300
9848701
35
13
96
2923
62795036
889190
9754451
819534
50344305
75250
23709957
17
751635
5341740
97766
6126
997998
59
41792268
587291759
9622907
1
38649851
5315
7624
2
50
3384624
1
5209879
7787052671
99621
293705
5854352
4074
170459
107260
307685
1
713109
87842
3439
6
442518616
92289
6
8643
35266254
1895
7027
601685999
264085696
6
5
987045502
888932225
456
2936604558
219331
5386245
2472
54
67
42908781
53538
7320344498
34129329
1648605
4018274
5609
8953519780
404
946499085
4320
8
7
870
342
228095
3
539
71390073
85190
64
6454554
959
89
2
333
659248
4819212
1863288
74129
34159310
18083
34
4464093475
4906608295
8
4135237862
88793309
333
500
9060
46936
780
64801
231804
772187318
62654867
47569
3215686
85863569
9
18
1142291197
8931578569
2321081
338
299
26514
31126
10
90
79728817
2
451904915
268
16419227
8
1763694653
846427
15
4083509986
53
68190362
9
7345
22643
1258411873
452418
1665128
1750593
8470879
43
1726191461
914743
638375761
31156
1
3
1
253704
218
319322
577437063
35
7975
9775
300339514
272548423
2
9
85705
889696
2
5766767285
9802
62
85975027
263
65008501
8301584513
3379358868
446280
9
94
528675
6
8696
278778
5240420
804
68
4414098562
3
3
454883
75405
2
296273195
2150
17847733
904684493
1842
816
9169607
6963106069
9404
180
55
197254698
58746
640
8718
4408071279
7088
2872549106
85924486
984200714
721818546
80778
28
2
1449503
48083801
32899555
6425718
3
504
52779
50869
4686047479
5774
54094
9
21
3346681340
4691
98005631
222842
96050
202360
3
662
421
4362113404
180
368
9372565343
641
82242509
862
22004
5898335
4
2
2044
1710
2538569096
34842967
277388697
98603
118
761048
3307202079
10131995
777414120
4
5017
306405434
64512
570814050
7597
30
4415
18311
5434965
29165632
5395
2445199
524090091
569916
2
7570713
957778
5286
7302
72110011
359781
90105290
528
34890
826896
148081353
8788
921576
391818168
280142988
956149
698
49
776
973326
20122566
630019
2183
269903847
1489
385
5800680
41233
1190091
966206
4638086
960
7700622830
7177768046
3297915
74402
8530421
1078463
256
90
7967086
9475101
46177845
6032690396
11598
923279830
46750
84617
676882532
51353
55436
5
2422876
5
753757685
7003988335
982
2
7
9
5968
1160
697
533457
55626378
22763
710741
58927867
62345963
74505814
48041766
9632331239
62
243
2
1020929959
75941
4694
778
179164323
4880
1946
839988
578668
9353
1031869481
5
1969264
10545
78749867
7
4097
1049
2704970
4548549699
59087
520
1342185685
892
1901585
940424097
9674644815
577
911046
44694440
67409653
8641742065
4815202
7799708
48
8718
2882
7454
2950
44508376
73035
4051958315
35719727
7
71534872
433109
110590841
113150
1375203
5509
188898
24332
9817
8094364141
7046
23733777
84415
66996
95901217
49470
7098
85
9
8997692792
33013456
209070368
93719714
5
1922333892
804
7
1
35973253
1816191167
55053073
2039786594
81869754
6
662926264
748
86
5
8000291
93516647
908985277
7322676
501240
13574573
7154592
9
1
132230
9401731400
1
3598504317
1414
66105949
997498
6825
62
7928
81
17
307133
232186083
3317635
455320284
4
348138851
2
527820
9771
9204265
83120843
8991776779
5
721
7421196478
6
3
9977
9958956
561856456
74
757
9709111
1119974975
5843910
45439
6052
11465
6
6576457
200
5146185
54405474
966
27683893
44
1652794240
905678
3
64231984
456
20
958
47
301
86
566236
545630234
2
2
45965
9406391303
46964
9183660922
10889
878410412
9435
82790
9425546855
552612
3564048
458
9641002
3759952194
9634757830
53
36076
11907330
373801120
2
7688
3
6682544
1226
791051819
4
25
870828613
4217549225
605611411
73555176
50878
14622
2164321
980
2504083
8968335
4977
34
9902909579
7827327594
2555084210
494
437187
7
649059
31964
8
117
27061
42
5523
8
344
1957
31
84838
9210966663
774
2591365090
587
895
37
2194383
6
2892903983
8148
1427
55087144
5444930
428008
6148005546
6681278471
46
11974490
264713175
3828
448325247
5558806097
344
158945609
58
898704370
54724418
238385
43561199
9
7953
392
49569
20651
2
837
246863
1181907
1883
6718
4549156248
791140
310216
13
9
5
582293836
6408
387
78053
29
745
2709
2
61955935
620
3658357740
360903
296342957
792078281
67047307
63
96938
99194
72
37
961939872
68710804
85
3240
641364758
246965634
4141312
4334442
1500
73482218
3
8472432
3495
94991325
9139639171
37237
95
2413494
16
824799386
4025016673
309597271
71
10129615
300825
8244003939
8
6675450792
300285
9
334
58235135
18693843
291619
3608
25
73021988
40320944
2
187161
28906
7
2
545800122
153918
9627837
591
170630698
8893827739
9216177887
9661
92752
974626645
23253
64
35139
8867601
35394
742
69444254
1
5933061
14758008
792957
8
177549293
803
192383306
96229
937326344
641904408
66903005
3019123379
97080
5
448215706
52109706
40306991
4300241
62
8
459
2165554
77972594
373987
525166
7270792
571
83581
149
7909280125
2074647
45124
1068683
3585527251
18896090
211
582
4162849
8310
9
939646978
94553424
45366185
206752399
970574
216033495
15182008
426
4
4131384
273813
6646
12545
876132073
99034414
47595
5823875
972728260
270
890668841
435179
150554032
76225984
49724
61037557
516
595590439
5
6
495820
21418
91
873771244
404067538
2
4
34513046
3870723
190890
5
1753
954006516
591
12713162
6746195
399057
52
94344284
7396
290120180
33
53225
922045
6315819811
5
6227702
8814215658
14
22
5720
4752022
82792203
738
19164280
545437526
3
507091
7
789
8664
47713023
44
95407
872
8
557542626
2
4
61932
252562
30
115615692
347
2
66
325544192
2180
81
9038554
6365829
785680420
90959834
87191764
594
55404
99896367
44
638
1892038
1004
3481
40
6300
9
7400187498
1934
289989
43880006
162634
74606589
134064842
940641
2632535
3554
581830165
557862
112639
8627637784
30205376
75991579
459316
23931047
26050609
92
256
3
915658
97090146
9844139
38
8621748792
465821771
440088645
562525
23392304
5
281581267
601095378
81062089
61
8089
90
99
501
18655
59318130
5
2789803
66894463
8775667
890087
854
1
2157
32353301
69
922219
152648888
546652898
4725199477
3880
9988
4431
4807841550
36
544
871
93949192
68967
353779
58
5611
4692
24
3
7511
19
703
735599329
288
151
80435175
379995089
3910697
9
20
71
70
126034520
500
939865462
9348393
74823784
8
56809
93
92
958
7325630
8771680754
8500242
68653
9263925045
1188374689
48287901
14398396
656691
18856712
3481151689
5130
5288574
56
8940933377
96798483
2297764571
418
65
6203241
841979183
7820707760
12177
23560
3
8
773
6
5144
1
1555019
1993732505
50993
4292184
658906639
476234
6
33051346
93560917
902
64292
2
2944015
4617345
158
140908546
33710097
517329
7233172
173539
9871
673
8224147077
37418094
566458
343581517
20204530
218
77889
618022
47
134
983061
786396
28040189
786676723
85
446
661410131
3183
3
6675500
488273565
1266
5
6051278378
975905
34
9785558899
2742
4659
220
590690
7496467226
8842066294
88143186
962129164
6493295
35890
82182
522769294
37723600
100030539
56998826
106158
78
36289
24
4910
1886493058
8578
56523169
505825
33397455
8
589
5099554872
6587
636986
5178
40755
492400458
541
55032096
47
8668
8
34492
38
2743916
80
55554
4
19492254
71582217
3
418
297953222
673495
97039
42606
6433845
8122
4293
38491
90198
282
443650
2142
61750338
946
89343890
58261338
85
7
18959944
82851
89749
8733360894
72
8
894596262
991
821
567367233
46127
904
72092
309582
6694058095
4142210
393315173
5471405787
132
7845
73768341
3
7421
642
662525
430
6512690390
3404475
50712
5
6540445
36581055
6395905
6569549428
88
352739
4573
457321
4888916462
8
27
687
789516
4245772175
2113018
7498009
201
8403650467
220887590
4148510083
999076
2
404
55081
8078376
216
717
343
98
941773
8340142788
484
1383
139650754
320
5375421478
46
1409
679
7550762
54765969
72657
74683
28189
2014000
264
285843062
4406066709
49
45778
232
535982
8567147
61454
3148167
3
3419959
150
4689
170497736
335
93
6
19181
6854486462
1
3836394463
39955
7
951801
463963060
9
39425089
7248
36821082
806355561
168203144
86
8862
399228140
583482075
2532319297
71
905879898
1522
76455
426629030
44
6041
415058
978034
523854873
456
1563
9
95
86509053
736
3438
218510
61786
35337856
191551
5
942802166
8333450424
19440
81199424
5192314
443872429
613
888
80
6626226493
18924
1799856
2668
291
91
6
2387958
34040516
815486224
63825
2255
919
9
99253796
119697
359903
32
8
40650787
80035
31230
27
9808
197
568
86
28882298
5417216
41997927
19230
48524
1877487
5
7705144262
872801011
182930
36018796
4938198
5504388
5
6947058807
2913
17956049
32817
729919
359
183445159
40
80364
714
7185114
3
576949
15632
91247867
9037545559
876
50
335163
620241
27447157
454990045
227
571134
8011553
4
7840785810
823526985
22531007
246605256
663484
686861
1667432950
84
363944813
60
105227757
6996011
88179204
37
2
831196116
8007
656040
660862447
335757
9172391837
54045566
9902
20213145
6
8137158205
509
993
3246918
6251484
8120
521564266
12
3683
32
85332387
255795512
6651742894
822047
9
13
5025511
10341568
7929183
92
620
276085895
568796
766463995
3036919
42283267
759
615725979
9857907676
1580099
488579472
2186930
509
850505430
74
4852
593285
6261
389409
37
46896
474
226294
17126957
593
98
958
28092876
6432
6475
78390616
81
2655565239
71036
6
8977946
2693357
4
8302
58353
82816
580974
6256001
115
613
40763
4568938000
71494927
361948
33759476
2356696431
99654
720477
87890697
22024680
31997
1734138441
81
716
699520
707199
1519541
489431
963
29944173
65
2
1
9833968927
455291
327597986
8758213265
2
74894426
67
86419337
9372084011
169
552718
212
875886567
751
6710313600
5382110
2
56
803100853
8281219191
79442
97358
386
5
55017
60
9129
968536
6184887
1330165
169747
64
81034592
1344440
395115245
8049232
789422
6505124
4895
817718859
386383403
1804260
7266
745
347424060
5
71259934
614651
91
688
7499
6358
431
2975702221
7
1
89
3690361
346812467
7
487672
66755972
94
773565955
924639
980758
76
6280807
66
36181808
30524299
8614
56665290
7263
9475264278
7522258
55
8845
2774
2
1031424
4507
37293
96
7164522
2
6
8036944011
19
673
8114
741749262
527738402
7
417
6434
4599076344
7
3769316
5298
7852500105
1726
759
4021
72
6560
741344
92
747201
501654710
46010
81347914
1
244934605
2
541833
78415448
2001
7173096
114
570124
535
9407078769
6
5011421
564
958
3941051
297846
84170834
21373
4176
4
9230510
15889
20
653340589
198456
326
87
3
8068
45
974982
91919446
6062394484
266
6974724
20838722
3286593
792252921
1368639
4859649
445726
20547321
440385933
91472351
92
7609375
8
1222
71676576
51497655
96610
3673232881
2107259
35506
13540
80
5347597
5950797102
9297815674
836
21
6
938001
593835
4517486
686179
45
27941
6376
1138
45990084
58563948
34
1334894
9805
84
528379789
1680144
43762410
274
9505700655
5735035575
489673327
2567200451
68071503
89
766
3
60839305
2
70
25988
115334
84
8055233
1814
76104769
8491983
52856
1
8246
3654394
6
898292796
57884
356789
91
33265
86
822
13
47666
9810
4157860843
4
82969
350878
28535
7
7
80
8447427
72
9503323739
3188
69495294
723
24473
438913606
319109334
848665334
159
6721696346
4
8373979432
838
998
8
629512
8450556
967989
8120
423294137
616
9617669
97
914
90405
91915405
1
91
24
792878183
3695244
6704
59465
32799
4756029905
2522228
843363
7101
673
93
9713
460
273024838
664085
3490917
4203136419
72381232
838657
79466475
22
233
742
888
5
21
537438455
75
364
9819618
7764
81
731494
841309648
246
730820156
2557938
8415017
8884
7688461391
1351422
389
44091176
8
441158458
304207
941017116
5
8693
488638
9289460
1
20182
4098897
363671
6736349003
309534057
2103
7176
9242327245
16744064
698708880
5001
30553619
4
709398510
6670165
68
4605341
246830325
3474872
226671520
69122762
638211090
67489345
7579
64412
82102
2539
78945
79921107
933341
5193312296
657234
277289
113740
7752
36844
8509289
5050197371
452084809
963
702744
8889
4524622548
199
529891
6055
57111
63436
94245
3
6263266
1
9684633
7
211
73
96940
4
5843383169
3
150607414
276277426
306
2655
5
58
811878641
9
6892853785
2857685
2604
200149377
3762
16
600392
65324
91442
1845296019
3512
717
49
10575280
951227
785392
3178387460
1727
13128
643831
8
27289531
8062900112
3
250
63
87
800550
4
6186783
7
90
18877
7
9257839068
92954
171756
658
638
545
53003557
3777261340
42748986
79356885
5628816697
78
669022
51559616
2946
36156676
156623974
407692179
94014
181367
519493
2747744993
2
18
627
9149942188
63971030
19466412
108731315
583818804
4793762151
361647672
63087
6855743
358379
5105
19920
558962
676239
12
7251773634
52545271
319
8455584
7
471
7
86672074
272290111
82
153577
6436
207
393988
712047
486457296
872639760
244
33697
7690
518255
7
27374
7037075
87
737483
7263784
94708
75
17661190
2
622
770868548
91659327
238840839
1081437371
940247352
184
3464
5894998
66977707
7681163746
69009
2
288337
7747655
5658522014
720
56439338
4967904
61
4111
3
7434024
3481725
7747734523
35724
306921092
29582
91940
75544
775992
58825841
620
634097
2
9875321
31
1239102651
78328223
97066451
9466969817
3098148
6682284
7544273
6
86695184
511177
2870
831
16235
7
10768
1298673
2822873216
230031540
435
403547
84362
2929
1030370
3512058803
7753311
855
2961
628063947
1
96093
4434059
31099
271
958054786
76945051
3233852658
23068
415627400
11265185
204191
8297
368
63540
9784064
73
1955846
708576390
9
7
850038
88011578
2584971
9
3853688574
472045
68401177
279870422
1890
335891672
17721959
7490734
41428
9994
45030148
56
7
75959
53809
7960
543
97847629
152135045
6356067203
42738
9
83583093
53077469
34
9597283534
25
17240
58446171
1
60215
146349739
5
5
36032
8977542533
2967726
730
60666840
4
779302
27
590698050
77016
812390
21936324
4673328899
49
45029
72742507
938041499
21756
598288230
40945866
384039
4809600
65544
36956644
5867
73356
266096971
60156
523
3
5237039038
57
296461725
73219
306913
73509
943
831727924
71
62
3293412320
99169
52
7
60212266
767499898
17
5375680
55439
3732328
8559574890
1
619258821
1980
184
7875438
4383
6574303
9190532
254192
926722
86
864
9579
970447
8090
74354
53
803946
73612864
566
27
40516
995
42588503
96034
423
51822
1206
57314
3579
869
62
705808
4442458414
4434036
210
8264
910311447
741940592
1
347770549
60
104520
325598
9468455759
740862144
443731434
5922
788090952
224787
91
332
164977481
8639821836
32610265
461194813
37564
57990234
2
647
385830017
760
7780
9977344799
1804213
2826254
185
7600810414
1
2696188
8704
930435
980425
3553135589
793
732622
634003
77
13
904170749
768662659
9
2975826800
450403841
9888
3041
914852
7348989858
530
66432
3753444
429148599
9706987307
5881845044
2
74
4896641
6060
90474307
175415
5548759450
66899
9038885828
79
21596772
3572
91794646
750818602
2540989123
2
4906
2962979281
9750
43711380
947
298
32206
779957819
79147
3
3419002
82
598
39374
93
80914449
8989431
6925
3232
5281648
3195
8561
94287487
6800
5632
83512568
610
772
93789167
1597
44
491054
516
33
504
738913
253
56740956
8266
999161
61472
59
8872141559
84561
380979080
5545208820
5
577
2672336678
9
5818
5317912
6931
152746
758971
9164885
326
6698
25121564
5736292
587
95783123
6949349
166030834
499
196533248
70
195315219
615921994
34787836
8533525
2721516
7896772299
2
5789354308
884777438
12
1554249
7949467
12282386
876904
8792
15099
48
307359892
4409783
8919362
11625872
43331
5633
82623073
93
15
45
99
34
88839
7
405
1251
612844
701
455318
7
38773616
16628535
32868
756
9396301967
19260
85
70405122
46
28106869
87865270
632851190
87767
411491582
132
668221
8293486412
1663505343
52547
877548
47
9123821573
5543558
5678372559
5750
172
5463
36830
1912642978
433891694
69
323
34023
851
339
1
9313264299
952089
8
67897356
799479792
649376162
5
155
7866609
56
47565
3353836512
4
7076846
690643613
892303
503753476
16
493554860
35650
936727608
688685
462893412
41874
28023958
7782
72458
365926717
2
5
53820652
925699
35
5835316884
1704
36
77996277
8976
64560570
31
322976363
1
68967
12969
92657692
689
146
6157899
3292787242
4439347
4425323023
2695858242
8
7
656186
317296
58648
23
53629
3871
5913
5163
6109655
74787021
7015776594
8277536906
2997657836
2528
452
275
22916
451330
8268802
1
8271933207
4
959
5879973471
7499040
81
7
36
45381
819454
8793
8125
9
51041
48179
146935763
58273
66022141
6
12
81041538
473587
51
98484533
3455179851
949
9413746
649484
923896688
1062012
52259
5643231471
8
722946
831249848
7
5391
38935246
8811
571589
6861126
44540757
170991764
25635
46804864
83062585
9
3919
394022739
612271
2
714615215
67
7198307833
557585
9856490293
1161
77413146
3
9262155951
7367823981
6254593432
96
9222762
707746427
452235701
3024737
6
396
15555
93742393
2893755597
2843499
9
217033
70
5
8284
79680602
6660336032
504052465
7108376935
1137544
3734853988
164
5380
8909
4
6
822573
8085984
832500
773102897
90
6596287070
727036239
8
7852045814
2643379
71933918
430543062
7731
2441717575
5
5459026
3816
8
233608
34041
26
7176
806
47170052
73311610
1131
95588945
9295494
44
6753081345
27859896
600844507
1973
27890335
1
702912
73500
443711
4431
5071
87
3
84317
4178649351
904971
342180407
729851
295962
893684498
873471121
325
495
7256
9
48526267
228504484
40300
24739
467424
354
8
6186
12519430
94
287
341544692
63
418356
3
3
737
268
56
26664439
41
440186
77
5580341
3889415427
32778
9981081741
239519
939
3738962
198256
865
3622688768
7351035116
1
4080
10430
10505011
436232
2
244972
9
103766015
2125430568
9609599428
128615912
11370
8108158746
60
93468675
1687965278
370753109
944
635
585
6267278784
975
63
670
69
9938583
93
5274127
495920984
5056
7128557
175
35367190
757
5223477
8373674054
87306
20976
463
15997217
43550
65
26644860
94411990
323067
92
3
786388
229765
790477
2430090187
8737948
1890
89220448
400813
77386
17059
5644527348
59
9494709705
4854835
6677750
56331
430475851
576661495
98726597
797
7390213
8865
3051293
2573530
393808
97
33318
1
5
8637
41561623
416767289
8863625
11426
1824186
146888207
51
4
1491946
82185
339428973
442897
315
646
9
4488101
230355853
430324597
90343584
8669
3
114632449
4690413833
180035
60
268544374
973871
4954599
85756300
16470635
8
95006201
92
537358647
1
696156
3436
20668302
545951789
56
779413
6964118
884279
393
87054570
28
6
8
86
65
4
7234
6799
291407
510868266
665
308616182
736560
7653015
5
724430
6
926108
642665
6245580
168
5923266789
4
71219
18
32067172
37909
790443
3763
673820
8213414
6722485926
83
228
9
564338216
6561047118
616
403285
25597
8
128918
81
43532
5462433511
37
4377
83
63775
4
8759
8
205290223
3155459746
9782
647773375
223976216
38738034
9539072
511994
2
1792
714664
45
551081
4662113114
774
98
41
8277
62
5
2994
441518376
15134652
48
1605144558
16
5367075021
6
6410680
5
348158501
831
547742275
7606880
332540056
11
799
2138222128
2261177691
817934168
6876704
64945
404213352
8983123
173705
26
7616496100
523
38474766
8270626
8066458
98776
958607
43348
89698
82
99129248
1476122593
6
4475450013
860
6966694
94
391
3074
57994233
161
588
840980629
22853
480312
74
3616839089
4056
73
48569130
73
9
6296
8176585668
2103832
6
4709226243
23594
47390083
555955
527483379
98446099
4058245
147270
763
261416259
3
452
8137726700
369775
9169843000
3920963
74088296
65089149
642038
4985454913
8
37
727
89485
59523132
41240
878938754
2633534
5
58307
318
34823378
7499310148
540
773640
53
7
148155410
7
7077
630593
409281
2180
100039
781329
25
511723
26751626
1706865554
343928
810
8
81424
61925
90141448
7068851
58
3
415091288
9
626
65862834
714249334
734858
4621
94
131054000
66756008
467553440
378
99
64
782408
7746
3
626
8
8003234
1580
603736
3383233
813
8
808987835
5762
117529312
851140129
6680430
51
3461490
9
80066
3674
5
753696
4
78998
40
82053
2687
74
82
1449078
36211
56
5
8073450
307
1
92382713
7227
95158
3350290
404
88540
931
7412592866
98824
252793177
340
69244
2361312
2455666
126
82312
628791
24732760
2841
24700802
4498480441
33775900
713914362
28
4823513
49172419
936
7
877589
7212
2397518
121687277
113018753
99
83040
348
989
2288
82024347
8807
372629
9
890246
525
259579018
5
4675834839
7080242788
670
471
875611
163088581
2795
21
6686280294
421886727
7216808799
899
20533588
22
5
1
18
3432693
147591
986900
659
2152251958
96621302
911936
1027849662
7
39
86277550
555812465
65696
84557
62431
19277278
226253955
2
2080560296
31366
710
3
714895
7
155928287
30719
35872
683539036
801260802
514811
822727
864125062
71639
577
79570210
463
108
2748442300
16
270
4543
952411212
909
203956717
65
62545
3
6917095578
6110173
5602355008
61333
7410998775
9682365
77
3521555
8599
5
189085
97783398
343662854
909912800
611913
72
486208
9057762
625119904
88910
2609
875133
640369
7990016829
51539654
481
50
3
2
5598184
77357104
8475381
9887
6507
6331
443
92786983
7001
80
4
9
678471
9471
8245475539
57
7472918
68743898
59275183
337
8800028362
5
8
27
7014
856334
602846
52
581
46669
41280
1449995963
7395636
45
625
9817520
20173
42756
24141
5939
362579
9709
5233
2
76595607
4
887
655
96
234181165
7476739
4
42
332721
5454743
8276
80
5913494317
3
83013454
1221397705
612430933
70854
745
9697601
19
309833
34
37
565991733
6650
684303480
6341013066
2980136
70635
5
18175
8578553359
5723549
5708413053
6
678939309
34378581
82644
35585111
2808
56546722
105
1194
10888227
546285906
2309989768
31343
90559
327498891
9
545510948
303137
5504927
8652132718
41063
4421500438
30273
63517
4
991490027
117451840
6
1741162641
567
1374347138
8934945198
4067497997
6978513014
322
8
691086358
9
551452419
81164077
77
70733480
172
3271
10
90600
1573152
924
354
4813698
4066890525
100
7
8910450425
850884
1547
5905
68780905
37911
4
4696769902
2376578
718091558
434
25149
9387988
1148663
9203229234
293709498
255
1328
1642041
7791296374
950
959
49833
320
60179305
713259190
5508474
9099407177
5863
68277
1460064535
1727729410
8585
125
19862858
4933
94980
984
7468
5
7414
125
912361
3003
80392394
756
6495
742242434
5
88
92
55
2511223
60586768
223184
9081
946
133470
7
162
6399169783
925473
38951
43955
329711718
95529
99
147
839
8345
18832
6510325350
69657
8271750
67330
47008
406337
5191180750
2661079769
70
74
383248383
480755
7359924883
2615877153
18223281
706791
45223610
1449
5738730
621016784
91263
14218
60
38150697
808
46
436074
23528981
8345
4476
15
1987
56310580
13
825487
12329
7
1
31
5542474
553341
691623
5550892
37883274
59215
482
847
85
4
86280957
280958642
512
242
98328
5288
12148178
55092
53542
486644817
8719
8917
1885498
37265
146760
2427009645
85
1875811060
8290279
215158
85187
88758
4
5886
3064
125761383
4291354972
17095205
719409
6621307676
1209
739
860995
33077
4374
13
389
7418651
8230494925
77105642
8485138396
59
5074
39522
644623
296949956
64327636
43
418248062
21703
7499762
5111418
912
230711
79825241
4
425484812
2039216
333732990
760
233923
1576
592501
3
9687
399
159
8376
7923261591
714052583
4
191102411
63833187
3313132309
58
1342
23129711
4
73676142
21
213012
44
8972
23
4231285388
659815810
171430
837
143202072
14865981
30
2606790
35891
1831368438
47586
761887
430
3889
4968138
17021792
8
787534463
1670294711
1
2012
54747541
3185
937198
772875347
537917477
3284395
36711773
127050656
9595
289
50429429
2955433
5239124
8398319647
731935
6781
677356309
38931104
7224
68
142
352
8
297803
27
5390721
204316
4412
8153173
80597515
120335502
1029385113
75
42
5435672
352650112
1
62
410055
94459153
75995038
978664
21907
695279
23
822588164
619189119
39
1796
970
879318659
3200
2871223238
5287964194
32056
5661
8433
476289110
968
999
6252
654844
2
1109
59
49
446
9346140762
7308657158
185972662
811116
84
2403
7162093
81442
2794909
5453581
4761
5185
3244203
65
93
2492788
17824279
538213
17
37200964
9
483085
85446330
7944965
6109893
177688
3
304
7595665337
31622017
5726
3661647724
7601
44901976
7571318602
944
619391861
55109650
11
587708629
8504027461
16283182
6987937225
510423
410334129
41091
286923
2
28507
2844872977
74209370
577
14606
1
2789544
8762
2119
543785306
5
921238157
640159157
2228636302
63
46
4055
1
7773
1683
663406642
69996086
8531
1
95460005
1564503393
9713317530
6
318333
7071800854
845
978
760540935
2177625
7
3892514995
623146
95300266
9596
363089
3064
446631466
286229
5489599092
4953
2475
95464
816808
32806570
233
30
4
9711303140
130838350
49
13038
538535
549
24124302
46
1
4514907348
6945655
63
1281739490
5580
7439318
34792
2452911045
548822
49033
1
10911
9572243181
489
8
75
79
90183975
4101910
78
27830015
67193620
7536430
4
77834
84845
4630
245807
8223807
690312993
927
341941244
10340593
977590039
366
532116
4869
57199
904835
94
42886449
8765
5
12681520
56
4599275575
47
19739
37
850608820
3
109149
3574
4733
2586
318031
8551437652
856928077
35301
48487
2162039062
3847
2
92
45
598075
599
64615
38659860
665
82
3
68416659
21943184
921142
9720
23501624
430304002
3726714
7993929363
48
45
15
9501
8192
7628435
6
77010
83847871
10
8
578024168
357257
26
64270
3
66
5579
2549577263
994
134
9364294836
35794
2203
6538123
5581831518
1042793
3472753
988418
19730
15757
921022
8288082
735
7297546
46399556
64225182
65
12171899
7
5762386791
54481
4049649
772975059
46863
2656760753
21083
275
86020
5761112414
9110222350
5709773621
12794
93437445
24
1587
1268785422
3
53726
9943568710
362634
8350
813455176
13813
739854253
743774907
65864
325058222
4706477
6213
3267671
886835
225496
748322579
375822086
6428076
5813679062
6931707
883230839
294324
8324
69
2387762074
489
8
6619767524
125157
55
8084934
97587894
544598521
36560
44843
340
47
18
91668366
86994
698
290
30
3325
8
5378336281
71
444
38354
612018
106325185
6127695
9046495855
9877440909
367180976
995793992
4740679
57
6547581365
7986
1
4
58916
315545
6801
16
668359
7513583
39
9458467
7158976760
65
656059363
8075
789045
4
763085424
369900534
55
355
509989267
2
485
434312
81144
2042
2218500493
352628330
657939
899
805020
65
98603791
27
9146550
72
69643858
4007197
4
4794
5278585
766543
57388
62982355
360873
4
5931784095
603900
9903542
1
5721079200
1506
87
46483
8553
35
41969
63022
734537
4281447
87
97437
7627141
86
51335
9637766322
83264768
74016
69
58
1
7
23276
357
87
9950
153
4442366732
644783
239432607
281648
661124081
73
600353
87048670
21
6127
4161
4274556219
4178066
8024
875110
713453
47405902
43
3
3421757
7
7
6737119916
95273
161
9836454784
74826
2118962678
19397
79736
1
639696
72120
1
611
99823
2
1
63676933
5286493
65960413
6332
9385595647
183027905
87874
9
6638
70886
88622
526846
2
10
1741
51
633
1993150658
45370100
77113
8
181048
7
84
403
45072
6
75194
8
615
175316
82
4575252
132740051
28
225
649212618
467
13366
1
8501940821
2798
407
1001286
8275429548
819465
3021
5854
11465
798852744
2791266
362076660
8
25825098
32238
791520548
947450
948167634
6045607430
7343186
96227
153828
87766
1
5247013917
3831255
478
11339980
6863
1163
174804
646
892
311352519
22263
54
9240988
4529387686
643
6437
50
52831
2571470384
42027842
89473
75352
962
7763321037
226
4670664928
2207292
305877743
380763727
937082800
2504
142
79
85533708
2399937698
973562
8750937882
6825
5911414
7487758941
64589
16
608433339
8052897532
493684
2003
91350430
9955697
293077269
4
816
4665461
9
25859
3303
7527592531
6804816
802022895
4306
3519602
23420
39885
354227
3343133990
4
5833484918
5
88
9465251645
6044
233515
55598
7979461
6
14446
943
8
477876434
1670264619
7874037
5
21008297
5674
246
445
8854
326
813
30396
45718
69668451
526204
1
8068904632
486634
78129111
225634
87760
149
542403127
7
22301
7022599
45813
3751224
6460089671
4195558378
308305
6537534603
6238784
83540
262221
5305
22
627092145
2622
9975862
81
7
17234
43233292
695847448
2220464
240
8719334270
46
2
7
41
5667
178944
73936678
4621729458
909547381
94373474
48892236
572338011
2
538
2
8753498900
6089127116
6233299434
81
26267
2086479
14
835398
6357
26477
879
78
21637383
56
89174395
18585
117504633
927025
2
576
733287246
79391074
583770
8336
76222191
7889335
21368
731734146
5671
2891595804
84296
72
1127219
64427
2609
41891
4078966
501
1
680
97
24604908
81
1
53
39092
6116
412
97588
6
926
986830632
2497153
76771
405
5788
51044841
5581733764
618362337
7824
8744426
33
626098615
21
8
62629
7961985
173038
82041846
52
983
324352
43700
995
54313279
6620827620
752779
2266100
3311696300
980484957
223850
7534222
50
4
4607286
4529218
333763
341093313
220051530
17
976949760
319822
6200846624
1845332731
3
6497887
837862191
94759
82754701
43305
9020
5
6676550673
87330058
82
9
4274891
64
7977438
418
2
50
73926768
19
524303
361
409
573075750
4
8
35
946534405
90570149
27920917
587708
180028
61
6707525
4537784913
7745189
7101157
4
8
7
65
524630
4559756
5078
239
936081651
1079
5059619657
25882674
5
980701
9
4934
41957712
9153395719
9290
6606679349
46183
49
808
233498
19780
6181040
358
2327504566
622541
11199
297548
96
68920
201
567
21856361
4213150
1173
849385
8343531012
18241657
947
40312
8457496
2421919
832952869
77558
40
5742140851
2
87
17506019
85735
5
1583541227
9
4860700
53690
9425418789
712466
142576483
33766337
5129218
3758013099
82
83372415
94153179
39965363
292755
62508
39
81586720
62
474
894869105
71
47
976
90
203
758
43
395
76
2728662
676914197
6468
9826
77
893
96034
932
918498
4428033
7454385732
80963767
834420
67747
6326284727
6117918
20
5294
85
63184218
5123411367
2196207728
929755900
108073604
9366823
3298430
697075654
6578
497
387
85
50
26113504
4
10
667226
73640
231
6730816
628775
2377531
5138189960
7536610280
143
4768836
4166
17046949
460678928
883
71
80009
120857
9
85
7
53226
12373
36213734
4790326194
3141
1
64360049
9
612208
7106870722
2
967742881
258
67987342
24638825
7190
82245
959
3067249096
258176741
6061954732
3
7789
12128373
8606051123
651
7568871634
72660836
75654412
24521
5687
43571774
416641431
462983
64926
232655127
49309
17391
327172
785
1303213
671
57133515
53
8197296719
83785390
879
8862
21
414
915801026
654
9
357
42
827682
4895883
1758
59
4720621385
9533786295
4747
59
3100270894
83036950
4
2842
702602
5
436760489
176732440
8795
18
3379367568
70
74174
586199
3436560905
797700758
43267
7
5157841599
663997933
81530
56417983
569972365
511813889
954013
6673635780
98800755
164
3
478222744
131
56
2530859
8
3841922339
29
514563
4932393
48
9457425
4008
5067
29
966701223
7
2
2020
7
60137646
8392874127
9452
5044
475254359
88689
7
75509
7460
91
4
909160
107817
123312389
425
4868597
8717228
8549741069
368660
9657968556
970534
947
6215707412
488074518
3913563
41543
3286279127
795
51678
95785092
28131588
6789
91911318
480331412
7386641425
84
50616821
5
7637
681
502
6419
21
9101
52
212377
4424645404
306414
9
90557
918
481560584
71615
925586706
50
771852352
674296
3
767689
931569
406010873
896436906
10405688
8675010
413276
93
3165531419
563430
697815153
214633814
6579556357
67543
574
5523670668
1847561130
35515
350669571
432
448313461
7428
93
16404234
780
970
10821
8529684739
59
8004
248616
977605
798804778
6010076
68765625
2
3
36786652
83336446
1745174074
992044
485
3232
3
4812
576161411
92
45862
9367585
1815
4111489619
700
65414680
3386143063
9
250
5088401809
24229840
732579
25185382
5899374564
719
742252
74993
992446277
9
900381
5470355208
88594
5
79
507706738
520239
27
19
2853
10135379
2315
3057155
118486206
93
410374379
779962
2248616
851
360419
57577
593388858
2
31291465
751
6
692964792
37
1
4786786120
9767409
5933498
94735
422
93
9463791376
8
535
745423646
875109625
18679
1985306
454
744
407479066
2020
6824948
2
3295
2996140870
223655149
324343675
3000
9
8
747267731
743365626
768185
8863212007
7
452
11
535329
37806737
94
83184753
90
740714
38453576
258
8
940
296
51142
8065503
64
5
74894
96084
229223
8
4
861401014
3010570
5254369431
3
49
3
124
849
270957126
5055758275
8749927
37
680506
454170537
2
914258212
4237793
67822869
6472643446
2394841
27
66981365
5
69
3962617401
12
604
44
41109
578
9204
406258
3
9399964592
17997358
701261
57
4
26
2
4105214
174
4879012569
7
724350689
8837368018
4340695
532261929
995
94
139378500
3861
32971155
69236888
63755
503768
279003763
126719
529
493238502
166
299358965
8465571194
82004082
440754
1239382
211517
7305500
312722
8391
3139535433
9
88687
86765843
15
80246
346657
9545
62395501
46
7813037281
91
9
61405959
2
17
8790729
6084
27333952
642330024
1423
531
53379
576013
41449
23410063
209812914
211
79217811
40
33
3778552
6
94903195
7783804
7529073
650313457
85649022
5887344
51035
625972
647228
24264874
56222
886106357
97638
95741
77422
555
11186166
75705
35
923969
2758185
8224
5463083
3463077
734327
2682023646
585715467
3692623
5
566154
1612
55036679
6950
88
6769306862
502294165
9416376064
5541
282207508
20
6647253
4953
33
1
4214
615989650
66586
6672686
37017761
344059644
22864
69273670
63
430737027
9076
48
539
2972701
17
7403348350
6018461
7
18
5263619815
2678
4
83415
3592
87099074
47571
1275650
4337044
1
80921
70373
6842108
3
647544
4532770295
55016
93903937
2522838
93189
95503855
585461
16113583
5046508155
5992372
3
344375
11857
7554190
99613
2422061
344
753943038
5373
960
914
6516870
45818
3541
43946
64013
84260
1856826
70117001
792216819
91171639
2
884
750050
332200161
1
73
493644
717
5112
328972
668
87358
13418
100083046
834213
8073048
4881
958
565792
168
7064
60012
8
479669
36274399
53564279
198586
52056
917845
24
3
600
88636998
62844670
798
10832
36370
11745
24
4489185626
6
795657934
7803677
68224944
86258
875999
20431
2
6
92
810
705850
5751898646
89664131
73
1
5422
7244908080
7728931120
60904930
420343
33625937
2918703
480171
184959077
8456
16512
398973365
29421655
851763783
2906
90397
9597
208
65
5220101633
79083222
9
31998
2
3432263209
43772
8441
981868132
2537193227
53
52926174
84362
80248536
974702765
940034
128191
2
190527
405175482
6
772302
45188
845452
883964
9642336
574240257
44699459
387
317930
433663662
653
1689217860
6
309
74150237
93282
9510570
878
9
7
714035
63281326
5
147
1
10
38
9016072368
2
6315025758
2941456536
982
2707
4
1466164727
6275
6691
38412016
9586087
3
5156948
79079
50827983
983
588693
96
95109
76339243
3
957
47619750
486115
82
5512
73817
3203537
432361
6
5212124959
7
9350571
3
630361
8913618797
39236
1
635
15119
1261
7583480
915642
1171864
109128
251498
8528071
3022324
508643850
760818239
6429
5
1999965530
8494592482
7
2
58087393
6
94
55193
25
235439
20801812
5
8
4385560
424
221458
896289550
4
1376030
82186671
639568403
18
895170577
1077
9490
4
281
5234
1
31041
3855242
26215
7515425
6143174
6
4986
95
899
844234
777629
81965152
17439222
5882273
407
440
19
762557677
949
54
2
286904
643
87041
2237548
8194708
94512224
946300
19257754
40727041
751035
8540
20228
8212791
17525827
632865
58
1
9
200378157
4595972
76568954
11272270
5499767
44099
2
893
30876
604
60945883
53606175
904634367
43
391
874689566
9505
7148
2670458
35941985
57746742
81
6801
3800316850
5743343326
417323
5186042626
7492
99706
53
7
1
101810211
1
1030845
1
98523219
32
6768303
54
1744
922520799
9756
471
7728189
4063027
60
17254902
163
60805782
142218055
3304318784
121
4334577154
86739433
867382
549235960
54
48825260
6326566696
5954846
1868277313
96636090
743
72212253
56
8750464183
9064898
1060636
657865864
4
9117113025
23274245
838622
98
234357
220392462
5
74647
20223971
4979357
951382
4560
639190
8
861830
3
8264172
370
21617615
53
29539514
6
14952948
180
819374802
4875209
1
8706
133575807
8705204
6687399
363832343
89640
188
796643470
438126
15424149
811482608
9
466207091
75
28490925
3
373
9736061
7598422526
4449412
2863838
82
2852
574762
4566
12906
4955879
2670961893
51
66379720
303
9
512731790
190055
2047
615555104
5612635093
481734841
3261404
5972543951
542887148
1509610
77885124
4399
619591726
4
63402863
1104
124598140
840
82558848
3
7029242
149
508928992
62644773
15465825
801495848
9136
40
7328778
16121332
3883886
578
5095279090
1431609
85
88
2193
740418
232164585
473853790
56383
67958936
9304211201
72332
22954374
671291
2
58123898
36
8
147266749
9558
88320387
8565795341
100754285
8583
22711246
9193552275
3
71692520
6
150065986
35
2592955336
4
6
40
2528132449
27695
9331
57750
57
73
199420
3
653
284
6317012013
39548
9
286578
6
97
6430355
61
769
2
5
291
58459
80488903
793
80
5572892735
49658934
79910794
774
19
279312
449560329
341
34358
54659
257
9
28
661659690
575859
12315821
239266500
21853
16
156289242
6956849212
26
75
1854315043
4222357904
293
925057
9535356489
22641
913
870
90626
5
24
7272540861
59982
772749882
92010
1990622254
1899907112
5
52651803
4042071
5
173231
2654
8
44989
6579
779039
3434311156
42
263
23039
5283
366285
2799
8
40636838
101254
4347
3640382
49012
7
989196
5312
67850861
6
59531815
198432901
48856063
81285
16893807
62
1279
5917889
68810560
23307
6
7993642154
8466926
5
44309
939
271007
549999276
1933
59629244
32715
69252
6184762
2
784625
31567776
1610167838
40
4642954639
710012
349574
8970066
1607138057
889382664
5050914971
204430
99756621
85283
382035
5299
989
95
645391
57944546
872
1248084
3
672586817
6245
4603830
49
32
4
84959
471098
89931
4079
1567630
4
216972938
3919883324
101
580
943466603
83374612
9
73301357
2917123
52247
2686220
345
32652
2161514
7270
9890
3
3051
65
2963742262
757061573
5379047
87516817
27765
829
44
549404
290793
21
54
277721
81308577
6005
9899351967
53556
3795
144
251394
83713
501653
86797
450304919
99094
8274
80013847
778889
8327992
633980419
81
6516254092
12
68754
99808
69606257
79114549
930893
922500524
952936
9
387212325
66
78
716
4
6
28617
755
322
5973527
735
83290618
161
1928030008
8912052
15
97
7
41283568
376
6
739476630
686
4075
14754690
1504
70033098
55
7894132128
993
929001
2159
909
7386139016
291122
4
9
715
4
8
837659
77935
82
7962413813
3123343543
12096369
5054400307
5905
9
38
4774163
3655482740
6740441
3673101572
5
4
79294
96
68836604
5799
7105489939
706125576
6367
260
623
867246433
9
36106
9261
295059
843
4358
47
8821918495
63281
6698277492
4829
4127004
87922
1816872
749190783
669693559
155
627
53204
5630844219
68731
2120
8
6
18574
337462276
893
68151851
7644198349
508
164
6252
3166
890
30
601
14975
90
37022
118455
52
649
68
2114288560
638
391402257
7
5438661898
2712
912853
5912941046
813
6
4428858
42074
53
37
98873902
886501989
667604
5923779901
2464
15
295438
40462895
6988868
16
16261
289202206
33259
54083
40774
16370
112
33
7
2358998616
715
509465087
3
44
3847458
555
1264744
9
3474057523
219
425
8031
62065341
5543
4
53678
9
2985458289
45
431
8013
559989160
7947554
3690695
179590329
11313461
8
1538
55771
778801
9859638811
9868
7277584697
76642
673898206
9707288816
4920
350985385
1936155
6206430532
596
964
1822704
17377
93979948
82
427355320
9
502507
985310
1073872
7
196
870411
772529949
13
640
871691206
32
7034853
964
754
588632150
7942
8
8638
67265
417451115
623841958
9
4901932107
2
86
55449
3
9368987524
80238
703729986
49541
183
327026
95844
2492
1
2
6
73094278
6400903
132576
7538301827
285
2
708
2
60595087
34952716
618064884
850644408
753008839
5053212
610729
784193
979762427
79794
9883
1
9065
595
880
91323
6770
7422614
10749
5
642
857
802163657
497
63
7176992116
6606188
58521
18
9
487496
6523
4977929856
3881010
24
578
464620
21
61320
3493333251
10022937
6
54
50
8
25
221
654
289565446
51743159
6794191
6256
9168
585257
6479590494
1
8
1401923
5
33136
3662943829
82
72
60
43
107570
267
2
1
490781
282
5952228849
10
15286447
369526274
5754089
577834
73
262511423
4977
4462
68926
765
1
1547208116
35827281
5
82
6261
6
64518140
4
9333
6
7142908691
2
281
2451085
26661
919027894
890415823
924495
178645672
123
3246003
9450337
3535633
57838
24401141
492
72
70097
2211839114
4460
287630
781212
3173604
28486
931097
437
21767
51715
138089781
865269395
21
214
471001795
562633
8604606554
286
59829671
128
1646
1501110726
2735
9359182
6019102407
40928979
42
254
4300
63160055
53
5213737
5500
639
485
776370
7
337
836125
89642523
6376
7442855916
1
3502
190614480
82
2
9170617570
2270673575
4291219
471731
106
6710
619587661
10829640
7461774504
16176
4012747178
6258017
444
660578
7575756
2004024351
42747004
84210
89005315
7217870
5704
43016
2
38035
3392928195
627292936
446708
614
74
467972
3980
160308
756
616335
8408952853
356543618
6617246
37
3990061223
5495764
9
9771756621
84092
179557189
1
6100707378
89924573
593617178
735
582
774
20
66
341886214
30835
98288
1
1722581
104797
31
292
2759722747
99745
361
4069968644
27496
829
3232769
128886871
28488290
13224873
623701
1
68
256147722
83051452
3558368194
2443072219
81604
7203
8584825883
1738052
8228217
70
4490665
926802
985
70325825
787958193
4
819016
47664364
66671
195510
6
323787032
86
25686
19272
46521
8
2276957423
97125
830507
97042607
8
720066316
134694
77
615725
53409793
2046
728572998
8690155977
804467683
93
1489552
67
925054
76840
1827409
824542
17508
9
4988946
8704408
26312953
62841
74759320
19022473
1967982448
96076
927864663
6
21985
8552
17
9157698003
94213
917125
7
441548787
51
197
1
3053
2890929925
2378368
5516966620
527809419
241083113
7724
348216
36811712
1937078929
80103
8385377366
7518
11
8
9033695
683
1
6
795
598968
323425
27236
2728
982952
1
69140
363246836
83072968
55
8061
616415116
6293
497202875
500
7
64120615
9
540584
9
115795030
349633731
93
1247645
3129847502
5418713
7293
5789
4604
6
21371580
75408
5007119573
526663
9588
9978757
353865801
963283005
713051
75864
251407642
33484800
63349162
10
85563077
5587555
19
40756939
76259934
709
48
5
45801070
9504346
9833278
4690648334
7551179
26
45636
512006
2187942635
500
49788
603973
47851
92
78659060
548444
320437
246701
645
6
1759959086
22
30319
532938
91542
76
2
689
141
31
5
930027647
6819
1693618
3
31
90152
80038
14765515
1307490684
6254
7247
7073
391573
98728
309907
19820407
48113286
7655035551
7
97
5715
841987
928895
951
6
67
497937
334248261
7426039175
8767095753
13116513
9
553
4
4259998445
469596
7908395073
658972923
9
4155529491
8
72553667
58926
200511
198452
1325840356
913853906
4514639221
847658
9274638349
4388
3
6655
215126513
4
237244
42
4893
412349
6815
2050
4958612563
22
345
11643204
57785436
6932494863
7923731945
1142667
5287096
60
49
2984
126615675
4888
6
85
4065423
32683449
857
9223746
913
26870
611567305
5487855758
18
2271
65
80066093
91196
136896
446280
860502
7903113
9
1515909
4
7085742105
219009
9713171583
246
746809
43874
921170
54754
883
92
4
4264
800517703
9
3
73
255
5908948
57661553
824851539
519346284
63
770031288
77966
317401
4164119891
86
7466215293
45
225276303
44
465
9
6493516
767
61
4983
792120
317
7792
8
9
581355
197
6
584161949
6831
81365
3320532
7
7108
456
4351563254
325225738
5485
7
1465610
54906229
7315691
37
4868533845
59919
50
140519
1
38
3317874282
861
7134305
82
1837395
3095326
7067
69393099
81
9540
27391276
291149553
6
69450496
837142
536242
623835
54467548
70330
4587561
861
16
87
955386
603
506428012
9169661
2220800961
63
57
91412
336
953461444
957348
682869
2384
6266682
2581
279482
161702
230166
81
95
161
4801287
991438
434
4
99583771
191728
542798263
81
64
327890
30750090
1
286652938
25
96244
1
653695150
1766185
8714493818
6279362
7
9524660
698982
7
686
693477819
40394762
81281774
74982
695576864
6878
359
96801
3046
63620
8
62313
183153668
58
333114952
20181
352617641
5
6600955904
2238660737
80
24
132
246
593545366
6390987
146781
983528
4244336
7795
397615
942947
3113134
72579076
9
5571
11426
5
5752513
8839079
74
1011428317
5229876
327071
767926
59314949
255
11178
26476
8107
42709
72498390
2712
40671
1471914266
466715973
4947612357
3732
5
4866
23231609
515602868
978018414
1690651
20
978
4848136
151330249
642080870
32
8822065
78
8
6172900452
9910175
38
4
2346529
94
891891465
367946074
8
8
6148647276
1
6
683673722
33476
7747604
639041260
9085692647
5804582
8234
1488649544
606937
422267
49681944
2
7456298
986677
5331863
391057965
3811843
822689
61525
5948
453554
994330
144819379
6
5
71
7
448720
885
916
973967
3551772
56
30007095
163920561
61342
90074648
59469964
4221980451
6255784822
38497314
1
65
68977119
961
28
2336
266095
6
900280052
250070
240508
9135377
512
5
5162233579
7246
75613459
8825219736
119
51696
2009648211
97220
21643
130541416
2
231
7917
3391164246
6058256
2
24
5
4154209528
8677752787
1007242
582230096
4
51005
7
3
9
6
6964
29
2999
705
99
1
47557087
3460321604
904675
3648301
873367
62861
888054
499512
8
272
7459
743024392
841609
1526032
1227
1
768252
8635863325
694
2034372410
50
630877
8
48938009
4708088748
8
387659586
7423882
9
59517029
314792
2216
330
67065
1549
514
9430005
278830
298
59951223
9859125
78449
6873
685110977
355712
2419716825
8
5580970
6
239329444
1760183
80711
80400712
93491568
305568
787388565
5333
1
41354
8
943
8744
5608999496
184560
42160524
5970866114
1470676
8745962882
511887046
5258219
67
48544420
699
9489
1023987
459852
99
6079
901656
59235880
36701433
450
687
7283
7168225901
1
1
7123
3823977294
326168
310
8474
776
438
3975067420
5507
734598245
807516874
1991294426
48540545
8182985
223777983
39810064
9
15
615735
4671588
501
315345
632647
77
79581
9
706652
55693002
97650604
3389391
166394
946333629
7317056444
598784
381468442
7104
55689
376
4767
8133
3464710
62494756
18017026
737597
6759
386040908
364083444
5116074463
94006
34937
40395
52
303
15
48145887
227
2058597
966436738
35
4368
3248
20
713
70738
10430
8215187120
158051
7180
3402368701
59890
43600
1794617
8752141
7261168
21507675
6
9
423334
6
11209267
473544
284
3185
5674904
6402444618
684
4939
8412202
10254396
6
43598
332291
1528
2851387670
838
5343464
540298073
8371329112
632882
443594497
932174
2592
50946
9996377
121914
2056
67
80
992
1271333109
9003513897
356835
14026512
913907412
5
1834523
380830835
3903
941000
647337
9
49
93466
21
120207993
986784
6200
5366317
6746882
33
947193277
70867061
262933
89
2157
3
3527921
46547
8070
1
773273441
2
644296335
85986146
13706
63444
409530534
6315
31
637012614
1103
377126096
75757139
35858564
90
1771735842
4470557
326258254
6754
30
2698181109
3
3158922
54897816
4073868637
83
9748
976
5981715475
494725079
94
2031
495021887
7
57790
7852376
5613404
19057
9206
5
9
48618654
65468864
79
848347583
58809
873
3867519
982480499
10
52935004
709166126
229906
1074
79
3601810
6586319938
751
658809907
45
83794588
4440925547
1
3458986
632391381
774
22
7829392
278834480
6
46433
2
44
6909148
5249
1
52180
3516
960922948
578400
54667840
9641
77
85
427
19366700
79862
3521
9873815841
208
3806128
275651225
36371
2
71152650
8507
598574
32
99219530
541844
4
13
6
89
345381254
2396518
5982261
582414973
329
96510
6671783228
5894562048
7
2404891
530032657
79736341
86619
401306628
838885
87705017
238924
723747
7886146
5128147214
5110540271
45859
417731280
8020
4
94243064
452
6696725
5484024
88
6751046
5937
7263
95463912
9186727
367297
5
2694681174
65853888
247613609
85256
546574853
6736428873
1452680759
5
31
47872
135586857
88759384
791115
427244
17288
217898
658794068
3085646664
997
3
20003
96588365
191
790961061
1984820
24747817
15145
69755
6751
78
387829269
9811387
64645
6228119290
84957
36580752
1103516141
845
1352829144
2719
2617
3
12
51
765410742
3
45
5
2
7512281
652293399
778
86170
183706
11877146
2312952268
825908806
5256
32243379
64259
96457515
775748
6430
2664
580472
492485229
100
560959468
28982834
290041
34428
88
43507597
639816620
475012
6009
9
8753
8
56926
641237
882
2112318
495642
876
57
740307
96408
981
8051585680
670153
9955337027
89027
77659544
116109590
1835331105
6
6
36
8558
6379854726
50935820
34259562
259082
317
806967086
7804
188
4
634148312
253423651
7338943761
4091
9
9514473
511945
348534
827436
390136
20948
9159
1467578
4
1633
5085
65
4098096330
313267
17
676256
43911651
4
66764
15149
15775
277380904
866
93182
82213209
642641993
230
947840846
4135125216
4
6405133
60
429518
35
2021628
7554239326
5013
595172
8106562
8908776375
2856961891
70506110
93
89
760217
619327511
971
70300215
30728111
70029081
8364154274
62348
8
14
5827092534
819
6
7532
97641
2
326656
4764707760
996
57
639003
572845
1052
4
3445460
4509040
54
26
87059158
4931655332
6
8456
214207
14
13683289
8105943
2168057159
4783326
50
66777
1883
188412
3513316206
89
85
9133935701
4529587
2845
603127598
45
80356
42965
3242921023
1861
193
46580521
40
25344
6107204
3
55917334
96234794
902471214
596718313
4929368
3339
3591
9
112804136
2103213
5597
9725
52
8957296471
12649166
9
1707313766
76
85392504
36985278
669398
3415
52
19527499
11373
96319899
6
66413190
4019063
440
62116638
10094
778911013
108404
28
6603340465
67625
967289
584
6785
7728165
6821860882
688577564
61541905
710
75618482
5923
2793831
430723801
621
4224
32
8
275989
7655
123
491516081
16159
3206988
583792180
7684
6604
446269114
34
996913
4
40222966
83853289
343970589
6492
6
700343
22453
6706
8
454279
822266
998
24137
5
54
488
2
424599816
9319327198
11242
7
788826681
999005
65
980
318
4
87
70
2
888767542
304641
7671712322
11540055
1661391
9772
97
845
2114184158
75831751
6355
963956576
39376822
41490011
576
84283
9707
9042
1362
5878589
234707
3542825564
50920
3388055
6500070
435426275
21781
2
2839441044
579808530
28
8523
71198
9965917
2
4
85
922029272
3989293015
935336075
9721759831
987465369
996388409
734
6747577
647
88
6675744796
73
46251
8913524
4
4
66541
80147
46
5519
9789203
445
9715
45762
32582
42711505
2
2819747865
8113
1733
8842963293
48
906119
51104
286
9026
48185420
44
7578
708854
151742211
55301
6704858113
9741
945441318
383202
720085252
793
86
4
975690870
7376
350402
6
408932391
91
10054756
8
7772580437
48852
1231231
24925
5128146560
6352
7751
7682
5578633
980715
310115
6
287
88610683
56577
52225346
8432
352392
69
8621792947
6545498388
9896
43
8
99527
7
966313
1
808988
3
919372726
898496544
4955932
96684
4
4146
608121014
327695169
9826159811
9931
6587277711
617598
262081
2256224534
41823737
4525
176408
198
179
2782
6495
244714011
3235
7926
1
82081307
725855
4218
4
851636
75
79407056
90784533
9734626
37185307
7844278360
4643651
968988861
36441
8
699
871
6494072
12127
9221042
32
33
23022644
683786466
479877
3850227
577890
97036
64493
1100810135
15396448
6939
867754882
159838975
5359758
4987
8864883
12253
338
723
59361
129
9532614737
7579436128
6
31
900
38977090
521503
57
3
1
2
388507779
1
3
20
424
57
70
4209
1233596941
81
2274370866
13232
8
56
2
420480
427772849
50205650
8783
284
786
52112
8437096483
2
7368
348863135
7338859694
80371662
4935
1376
499334
97129
5199367622
930
76480
7410217249
899286
5918
4487589306
1026492712
3359
96322
35954846
9
6799644862
2179273
8662006614
570
8400529
63693
679036922
72461
646947054
818381789
548889
278819
61527100
2940697
615930870
1158
930456510
6
78
77345
35081489
980933
190423
9333885
709405
39444
2
372
1
88320
30698
3766061
8986
596683515
86496116
31295
82299833
74
91
6
6660178
874
9304500512
56302832
752
367
9208
8113
53
8141
79243086
8560790
7
67871527
39170165
87008438
733623385
1190887
3896230186
65240
686264189
651617845
6314286337
546
8
3722976903
77328687
284927726
78
251
36109040
71
274103
25
58274
6
509165
6
2
37859
81
8413
1
39045451
137919395
755
3978435053
305254079
535171
789
1
2
61714239
203136
9968316280
828689497
7012
2723685658
442190719
3545633
62891
23692238
959974
41829
9813349546
691760858
1624215
3
9222686
53509
68190747
3
9874332835
7
88261904
35409
2
46125
31
6255580
671
75
583611
723
72305742
505722048
1866
2
6102
88379604
71307
593
2847131897
75157380
3323
38
5945716557
9039
8977278545
72313
18506
8
22256
1285400936
6511
1831933882
782048
1317109
8615826343
4530
2084910
3907068590
39
242
3934031447
6736
8
972028123
670103
707156
6156
89225416
892
6279
431268
73957
780222599
35737
7347478
89
794145
15372297
63
9783005
35016922
241
3
7337648290
970885704
1
590512
81
388657
92013
9636031609
53799273
34
5291279
988428
390936
8
4
316
7980197531
25
8
820684
711
863163356
212
7
671533259
2214586518
52783
966880
89
53922
90
8
9831839886
776
34532270
202
534044
992
5555
4521435507
680
2
27889
59639109
59882356
57
298818186
7050156
8517941755
4537614
85312463
1
51907136
38631253
65209
434
62500467
4139
1606475
248909493
8244
1602994799
482994007
564
72
749306144
229867455
7
6559584
6674153
66012
74365
121
891
6917
2
5139
39206
5330106652
8397819854
207987
782
25730
9792190
5
17478
81305807
19
3563077517
9986097835
9046672180
862883270
54631250
45011
691154314
2142571337
697423729
7277292
434
1
59414
4143008028
4210721
95
4372106
6458
8090716272
479478213
9493
2
712304
8408562
4715576
9533065037
779802
96123485
226501986
475856
888
4465213553
844324
191
5239968376
6765628
779
6713370194
764
4140
648170
35
909
8826
202
1537095
7961533967
666004
21717
28
481273490
6236
671
24249365
72762
65670
4
3261918
1879944
40
2
867431
819
5322546
3172439067
855947933
523792120
432611283
37477
1860725
80540
9
7371672398
9989615
34996806
483
30555842
78
8962
1734709
47089949
15590
8365568052
2986647434
5630603
7506226
5
848925056
1430292
21574948
601
9034186
22
448329
98
910674
61749409
269117132
3
79067155
522
8
3512443129
29982
17
25460
1
91
11
19561
650
562
7066542
9
6592129524
24978
709530922
86358
864523
33996
3849925
313399
3209340342
378710
85
9397094722
9566324201
8
32
6039
6
60923
6963593894
9485800774
182248
4
2
3043579
37019973
60756
26
5272226
448
1726092685
7861965230
4225233
9
7648
7276018699
71379952
4
2907
985
5
9722944109
943
5670620
2
8071878
8072439
724674
1508
790865
6735
97049775
5
1
556032
49473
8505
74903
94317
281
1307506
12794
3602
974750139
7
772
88
65788714
1
75
10234
385592
16691196
5647628724
7
390821977
48
4
1883
183
5577833
51890485
54668
453412
5474603
423765
9596703874
22786
4376199
25898
43892134
82440
2253
496
1742
8139
570435
63681857
762
813715
58092
923
961043
3
5868522
2
9962
3932694563
6
14
58
15180
5363416
26
798273485
42566
953372894
65011676
3
5941122133
55189544
6996466516
23358
94176288
17408428
2901195445
898008
275
3
36119314
205
3866
4
8
40248848
8102252827
860
111017245
872043999
2
600179995
6
512356
4
438
2263
191637
9984
1161631
7073142
6699466
2866693
37
90
3335174
482332
78432
4655670425
985
4586470
142
1
126917823
72116
70599763
145124374
9478
1
66326
63248327
344931285
588553733
707780121
1493817654
8
3519556759
552
4964635516
2
11026
4669
230
50
807130
7935077142
29256375
67870611
861468110
3490
85263
15900
5261174
41
915546596
61449
6580496
583096
74959113
76935
7546
527722
6
82608233
429
2174487217
618
9995
8441
1430325
63
9391501673
972839483
7137
47105
4981713
3711655748
201042
8482229
47968827
4680766
4894
667
291435
8944
2431
12
9589232
2957920
96
1095834
39948
5500855
71464326
717024
810151
888226
848
51824823
83807606
129704328
528
85729149
9018789422
41054
475375
437358
64898
258255
96
398782683
1
9392716036
9263383185
44
326
5
34529
9
6
5
94820977
966082706
236988516
76377
4803
1165431
9985
429
5328089
53
126
97
25094548
40771
498074
75300115
479908600
248
121641475
87569
265958
505333748
32232
46534816
73371458
368300
644205200
59456
964
625560
45563644
4959540
84
7011
898
5751
292
934863
1066
7600
6203615905
97
7
20
9905391381
54709774
49066
8913
653687872
13166611
520711
8
62969144
816396612
315341883
7332646
7
717612
3
6404
1
3761121592
761965732
6050009
120779988
5
10484972
449601610
57967
70
6818776
56460
5034
9696567
61954414
9
542300572
8
435677435
3
124
434428438
68984490
210932
622534
9860
17834553
4130914
94216
2
296197
329224
61072
1929
71
288
397
8263247590
471978796
7247098
4791501990
77050455
9
485146875
1598670
836122418
5233
67738741
716110479
9806
4
7568
732
1249192
7
475628675
120
65859034
88755
9
145289327
42
35054
515967017
62302699
662130635
58
29917963
31
90
82322
3
91
179382919
869372
4954
416022076
763408
630842951
94
74451
32
2644
2910235
67
226
719033
1283122084
52718
250781
590150906
375153
8329055
9954898
5595500
8
5
24
8066964
17667918
62697599
36326
785
42880988
961
102556
46
9139709170
7010
3666214140
750
2641673092
7757271477
9747856045
235444037
99490233
3433518122
6
8062813535
59
9477028958
54160
79933467
30
5
529117746
45019
936973
6850305
2363701084
7
295
24646920
3586602
7
824240
8345856
7768138
5
90
4466766032
17
7101537
6581
54367
87
72458
613
750223
3
6023
5789034
98
113
3041093
1830
6
6025807
6203849076
879
11233
42
44613
38000433
5
89
91850862
5664951
6737
60788926
44
32
99948
96140
424
7
78787
3399480
2744359135
227
4
526
7
667128154
11176
2386976
2628429
676
24
5056779819
182
3854419
939295456
33162
818693
7221581
25036
29679014
584514880
2508
7420922974
847
9233704
1391
897
52190829
3346946545
731589303
41
59556
904
914279
23619
873
55453292
57
516
45619323
986851
98901
2920679352
55
987338
9995042
64926436
9516249
2
2115
9
3
1436549
5920050333
5886207
77
988984899
9541406
18020
26612
4703398
6137
43443
807
33
2990224659
97
521780
182
599
8
403
14424
327413261
8348161
2625262161
5066
87
7364
505810254
410621
58139075
76369309
967988
540045
459727909
179
11
47795
95186
984273
2284926054
1148
497102
57577
803668196
31262
393715
334834
3
370024
5814264931
940658170
607156142
8796404838
74
78198867
6229601
88145
22874
3553
657560
28305806
3503423
888420328
6848673
320
3631458180
605777578
1
7368233
67
34
651
9419550
61
1
4
7503
66
62
254705
19881
8681
57901580
56750167
450
41
399389336
86755
905
158
2890
73845
398276057
510253
6529986900
72111225
482401
48799
44237906
357
27067
6315137
3039
49796
257
653379522
192821277
3239278
9
6
9
5
157913372
3382626
4
6347
7324112753
3
39269183
37097137
615
2552587
9552975
6409
5
34073435
142110201
7
3862
657107043
63
3961694063
354214
8597
50631
3144199
172
461896
45080
1512221
910
11946043
8
213183
99650254
579042
775199749
315
756735
4162237280
3028566619
4346346476
32023
46802098
90063
99439
532251344
93054991
2163989505
4897
65726
4653722
271250
158704254
8829
4339741
8278
3695
18
9773
396096
45259
4636194544
68
6495195642
4215
9
7978269284
10737382
38
16
756275
7124
73
777
416594348
8709
84
75477991
982776977
4250
3
6898026451
7504957
178
3
91534982
4557984
74502
50572
4340
942860
892
9802868096
849
5227777958
87
28296947
8100524749
1
905795567
99036
64
13597
37033771
8
651790
7168
7591
22354
577147
8
72
7491
39
12581677
749286
77319902
27
3
3
5682363
6189
643623
19691593
573586
8425178
5261
482699
457085475
3486
1310
3
4648622847
4082
33655
4
83681520
8610438238
560440
127
5
3
210866139
813
37816529
6442
731
313
9264804018
6
2748136
7
80
63
3788197882
54771
8439989
530
2
593916803
6438
39966
341
8866
9
5551
223696
8
1642188
236
953
99540838
195284
7738
65
5150020
59974
530
34
51189274
3
23503089
93277
4767390085
73
216165871
6274212730
115
99410
2
2
40622012
740708813
7141136532
4419
10
7225
43342466
6113422958
282532693
6508048331
33226
2759570
472904469
80345011
7667
4045023410
55255697
7
7182
8857
259281441
941552
8405086
771
94648938
8
4753982
70662393
4235578164
3167559361
3
53050903
9
8200
7338893
252967054
10635869
5
32089
99
33566175
23
5816660
20888553
250638262
4492846
49
844
815
2
41686599
8020
270291
2114251
748268997
8119211
495
337677
6909412982
369249
97
3093
51393589
834946
9159
6229706
203185
9623475
3695
31
7268572115
220589505
147717327
1609873
68390680
5438020776
774530671
1532341913
58002
75
2369767
2
2661778922
94359163
621584815
34674676
3152429
930
276675289
743320
833
74
9931
2357188407
977759668
4045
63
1
270416412
243965
65957553
531816
74
1558503
63307381
26
571
5824
54
70495
17
8341119
772062084
64
604131573
846152
501608
64263
2436234
63871
8
86879067
169003
35044097
862269748
76
694465
4009
57
85680
12651
6284611605
1
43301079
775262
915
930779592
21
1206429
659576
64
76789
2930855
1475
23353162
83
37
93
73
477356
152155855
592315208
91541315
2
5
421269084
569
431889
3
6530132043
664372
6981852
743284838
8526987
193
69200505
482317844
4473
338390
6
6436
592832200
4
659
500945492
825
858635845
725045
510
6897
67851329
936
91
54293
81760
77
9337
43872
85
54689164
49
4060
39816724
23
7687589
9643850
45101386
8204768
8
4610309388
417052536
9657637604
43539037
2295
1087
6117
772
2175
8818
530
2
320210
850
76265020
9859
5322929942
69204477
2
52266
5
1473
1218
85937413
3137
533
9593561
18009142
5253626726
7660
1619233
1278603240
324
262670678
4638
827615
50268
314356
5758828
3219
6
647
706004
786198358
777817
3983
88
9631784
9680
25020252
2
22
8798
12834474
241
33143314
32
59199
5962471
7721856
4506210592
31
66
546087269
2004953802
32
197492
4472013251
51
2430
25177
45644
29019459
7900941
6348613
75
707872
3995692915
821478649
265749
4
166261628
49848
74785
9688
6079
250209863
548
1
7856399
2835
2
614
8550
840353790
437874
66496564
47
60262
904653711
2
44299846
36
396250
8
185488
1931
7971843150
36701
50
4355415936
380
898
98930782
6
412
9
873284267
308
84908138
40
89121160
60785
7861757
18
8410686180
458
930816
77882
48201469
15
6
59065
70
445296826
307949891
5060342311
1
28351
57958495
1
266
6520
122854
9718134586
5
8
946197581
528932
6658867
46
78738
7206131
3
5945751
60322
158
95602
2476522317
8265
5478427
7874240
8332689728
969254
168
131703
9
85818583
9859
501621
816
88
866447
2582
2
643
5271064
2367408819
801
186262789
8806
9649
83000409
353380232
704901137
56225241
3433
98842
764
307
280823625
3393
109777274
3954048705
259907
1161507
92
9034
2
18
9078
850692
9437954465
932767
2876
3925
67
9
7
7930
325810
479656660
28573
451404
2040
5820
673
478
669633
2587069565
9
5
10
567
9108
966
87080119
7
5300
349749
762817
884749
206429373
753664
6
42
425
3319
2
1194
7302
43
70051088
9316987
78404782
2471054
654
4
85531644
173415
894740
2
9450469298
4116437888
2
609218381
456155092
875900448
47359196
208
6106833318
5340
3
37961964
1
84793
5
31099
61
4
86275
63
2833638
5
2020533
7913487084
8021936838
548
892
579
8683107
48250
708462649
615079
675
3442
3181173889
46961
370200
4
880452
9309240
584886468
35
68463150
5825
782484
488662
4131696
580592036
25829
646442291
29239
999658
90257
32854
66
2354
562
6936589529
489066050
9
8979066164
9354
6
6
52323636
8384022
3
791975586
26
18097
66
548474645
2
7
1573835
872162
184
225407685
87
6828
527286414
82
63
132907766
11023
176954754
281984
93742610
1
1581293745
510263
4973
4
8652320
2407
8
3
77
926550368
35174
601796
262804867
5
304753
62
7051267
59279
22
446957
3535
647
8918469126
786754440
5417718
911
5321432290
90
7937623735
5741826520
8
2010419
125
99951070
4
71
7678
123604369
4602
45825891
39124
95457
3429761798
762
149
2900
7092
9
6392
62
3499446142
7
36874
7846907687
162530
80085967
44945
638
763683632
533820218
6396780
32
35504777
142470426
386
999846
52480592
43601
87329779
24808
7
786396
5185734717
635771
576
8
1759
9
19
1660470
9588
880610853
67483875
59
609
8819
44340038
7555672
34
7308
62602442
78039
4644316150
39994416
2
545276
7182720
85
3
792
7298754
3849849541
4
28683
51797817
71933
2
10553473
443022884
376669
60547
6
3861460
77902837
78033
5388
453631840
21430
2901456100
34
21340389
1704454
27181
651
52126506
56
9
508
4169837957
233
572
5015882
74195
859
81
9351740
9221591977
85675806
71127
859506364
2865574622
391
134114742
348516
4866347
15365328
4
9949102
5176325206
475
2362
332
6162682
204
640390
459703230
747146931
224
8037071708
753
552624997
44505
30047036
54627
74500
8228970
553130290
36181
420445262
1362933
2998546683
70769
76919
747
3
4038853
7
824370
72626
56
1734
44934319
152336
3076229
4430
8772846415
226699
130746783
513
6808
75990
197002378
12340
8
20791
9
68967077
8
27395
343255803
358
40
934
128031863
6
376
353727
936
78624
3265
2702211
2182
44287519
60
55447
489318
3323
518
70663
137163
5366073
7192235206
18
78089924
9626292
58083
399855436
7
2653884038
58469000
7517838
79
5092
326998
8301
80636
1278364755
8
23852976
5173056
4864604
6475641
10539564
843701
99792
9619
4439074
3919
740
26
90259
1
52316863
19
8024463364
639764
45410
93
3969
973
54180
5809651276
8473121
3527266927
69961802
90131137
5782460
464455
9754128
3639415398
8404
93753876
211
245693
885293019
1570
92512
8337157086
5408
15133729
19
46697
9875681
19104
4594
570
482489397
88970532
8106
26285737
294
32929278
813
57534807
3
287
64626698
6613
13105333
7
3848226287
3061681252
9860571
76095
710600625
9929581976
600
41795767
685071
373647
81621322
534082337
91182
2
6976227973
954679
79775
968
69470
20155417
1875271
58588
717640
359
767666905
764929
55
989
730175
17352099
61204495
21986002
398
7231574
2
7
618
229
1900219
62
5877
1935
659
9
53804
431073952
2091
509881559
416827
298103
880755548
33099541
52
80
2409
846873
73716
23118620
7290943711
92432
47521
96185103
653916
70
1138
5
709
7650
7410
937486230
7819
753817708
496607
9649148361
80176769
3
284609785
488930
367
7259503553
45548473
974517
8549224
3
88
818479
8021438544
3
328
71521
465823
271923
76694
3
54935308
62996248
48512
871199996
69566
707226
707006993
40187
6646
551
850790
665
9244373
353
38
559344
587169100
6
9282559
117533855
191804770
10545
25465442
47
752367985
7459
31027
596216
37
18
112537
61803062
9
166333
31079
1954
39577146
231243783
9
566346
7251248421
524560403
36907627
6005738
6255377
20100
933556
1901217574
461195712
4215292988
18
84
168035
11
9
3404
2857
46
26692112
93
9834043
840267
169334442
8294
2
2243325
9640658
11219
260699
696319
15184934
4120715901
986
75360177
51696
57033470
19409706
680376556
18797823
69117
56967
754
4471
337473
27
901551
39019
6
133295
2502119162
540
7955370
35490
7059
9216177853
5
4216
431815297
380329158
6974
8
83
566432
985
956803763
345361417
5
6702081994
62
76652
2953716
10573828
53093689
1
9382
5685538244
8
13362598
5261226
295
968
6270
672671
9230850621
284998543
641727
77
725013201
2990
47292283
54589882
9
417
9306045626
2110280855
20084
899788500
6
68523
750807409
16
971
18890792
67862989
295964727
167051775
740938489
9573849
6811
4970778
50936958
2632437
75269905
7179655647
56319653
475
1032061
112791
81600
40
6927
662215
48284166
544
16419415
761297133
51433631
3
504178
638363846
444495358
5
38
250967843
357461
7878
627950
550
844
955986022
307
10
715
13680083
9
18247
80
6
255663972
33
6056473685
65974
516
38
23089
3358635
5447089083
741
999647803
3
217
77
85180489
5402018
2021290
5
616600114
6280401
41366
4
8
20812235
30703
206124
25
83068448
770081827
494
57892
8233621
2947382
220
7430248
3695
831293
650
1
19739
942112769
391278
1
2751683
30618
361
433
394
320302
5053905
1
920539
388203
316
672878586
8052
21102
18400
5883152142
455
62
1
844
269
3417475
6506
74
574167
4824222002
82185
238713635
169863794
5759
501
40266
58414
3811135
3824253
9228
797961750
55
387
9476
80
844
4130
9224897
7
60
9909
5623
330
374968
919
882915324
7543230587
41
635335
19297
433296
13
918809242
9019667
36
375
26429
1
86335116
55305817
754
4440664
4777660
7892
7590669
27367513
6334694
893192
918
4833
572
22947
376769731
393551
150999034
497
616003467
82889731
12362
7565113031
1956482
449123733
24637223
10
51
588
7
677649349
96772
18826
752472
163
86487
783
9934451938
97060
9
397
27146
4623
763480702
303
944655225
3232138
5
8221148
39750756
6561305
11
75816
79
5182
71785902
176
4489830269
41
471
6
2950562
278
6713961
7854524514
1793668
747
5115
50084
37017985
9121655
7377314224
7
705005296
25785
468049
6914501
7476
5537
86087
690621401
8276
9837829
975826
81
2599
591054433
4
44595
5
977276
492654708
54
5848359
8475
526340813
61621494
6193
51024912
31960
63934
926592
57
74259828
808
9
4435262
43376906
12827888
87096942
569449
7766166
9977522169
3130271
9370382
337701
484605
3423
743
149745316
2
26
8
3
62196
90662
86475188
3102184
5230758
2389642124
6898458456
79175629
736270884
3103152
579
17339262
5741
179600
21691540
87
98075
797282617
189367
5159809
27937
7024418711
6857169119
912034
72
8190
476106036
94867232
1248688682
53076
94
3467228
7842
8
8943
468
1
13
83
9
52917556
4261
1672114
5264296985
1
18
325077
9733325999
71729
69
88
4046
870
1502283912
515
717396968
23692761
6272
781
9351035825
4077320
30
2709721819
832958
86980
15
23
33014287
942
635957463
288953
48
440
906518
6562
224513276
90690
86
1970280
63318533
34
6126494
3051090
586467
99254
6396
135
418423334
31571
724436
345175937
4623
430910201
5558700790
70129453
78598601
327106487
200
134
85247636
562
147718
7327
55
1925
7665296
802358
64
406319
44
2
6957
1086889
6762
69374
39754
824553122
653
7
2740077795
3519959
67
886
42575977
897
8278168
27
537
994
39
2134540487
5239
3682
482212580
98456272
1
9378
329275
72
509697169
984541950
307071
949489
7
5744475
287344
89482513
9493783051
786658
55
5
504905832
97772652
28
99636149
9
209041
696775857
2
172530
3360672793
2887
7
54098
992
391
31964960
6579
74
1978388005
655820713
75
14
6439148
891
3
88
189797549
22
6387370559
76
35
7075
533
97
9509
2365603
226587
9
87
964
78
54703
47151193
562965418
86100050
8
1
467349627
22083442
9757307054
253
583035
998222
285861
1938166757
2
921054806
901747997
144
31953
7085825477
518
59
381422
9809947267
4646176369
2
570532
442483
47996
682198
575642286
2619681519
794378
56056
291748
262705899
6507339566
67
372
4863
7285598509
4851640605
9
706805540
4323
4
23
293
10237
9
22
177133591
5175966
9517
74902
75681591
8
652
83072
4150090
27
5974487223
1052990913
7555787823
807
410936776
3028023
7399
98223231
150
2817
8365610658
393
6624
343
9652472
802360
27
5341903
948
106
828544
48725957
119
479720984
14535
4239914222
7
788
1015
9214192753
6700
8171085
4155
787695106
9098714
696
738207083
559544
5242857656
64334
52081277
6529844
47660823
914
4170468
1541
9793411159
772534
5358
793435526
783279
59768787
56
8560362433
5546950891
1556257
87166452
257583
1332
108
303761
1190
19586
1818119522
16551774
8456
23450
830459
4290
2174555092
90348
7036
66
4
9
2
4131240
55686
18768
732575
9415
2734
3157
45923523
2045626
40060606
13845
385
5929713
877
2882302
232
63095
4693984400
410418916
2
7466
9
7732894
380935032
8
78
578816
4436106636
5827529
13673
2184766846
8370
34338
858444851
4807
9
52467
7
167553
5140900738
3417
3553
72
26479
85186946
292374
47905
511171
2850
6
362
469
903
517599804
289746626
13248
873019282
8386607315
378467650
17205613
5
649315080
482177472
581574
3850374429
970214
7854904427
621903974
2
23343280
52816038
57
566236
471
18
97669469
172304190
34
3173393
6690174410
429930939
410
9616283485
963645
923231
72503350
53975029
716
5
9
8353833
96642
5925
56927
739322
4150166
580732
2362405912
186835115
473093
8303281517
147918
927
4949874686
6184
54
8984527420
50
924062747
131118
772
2720249923
2
6341362456
5622185
331854
6900
7420309
203
6
60105904
516
636148621
44826632
7
7037
973602
919708
1822935461
399559517
75116
244818
99225
6569803
6355837018
825
8
511388023
9
357705070
407408
533
2744421649
63474785
4213991
9499660
9366
5415906
85
459901028
443
7906
397091
91788
88238408
441120
332142323
54402078
6198415
910
8569095
99711
7
28331
9529204
9
435098147
18357113
56
578134304
11513
397
4
972936859
864
529139
530
3
938
5639707
2
438155
5181994
53
649
7913230
77630684
550799468
377144
471235
4720
610973675
1896
127894
83
9
205167689
6990450691
52
3
189
700443770
6759898545
943548718
4519
8
844640
9667
1867206
2859
19117
70
3
688
2
1472
82903
5222499010
99762
2904
83
413343895
75310
522057690
77583199
62
1450588148
92
726
200853256
797676465
3549183
623898235
79
7
20
729000
16416703
51
1056084
252095289
212926
5138955299
373279669
29392
2819324
437198117
7773
3884292044
253
2496344
2
419881595
520
67458536
381084
73556
309279433
58480
19
677959867
4807
73
43543
732192726
320879
5731
15285097
25035
990
2567817307
754
36
718118
69179
260
131659795
632
521589
1
7173131130
1889452988
204268008
97
9145
92
96924
83763
6
8018787
191263976
21319034
5
82380515
63
59335832
1
62432537
13031439
20
37
6821164
603
79
15645724
53266
748
11327023
57564702
12535
68
8
2
66734298
158301
97742
14
92572485
700517596
9123138408
73227449
6
21917942
156103971
76512
6
8
1425693
4593618888
2198378576
247081
55
861493708
4790
4367677
863282783
796643313
7016156
6898866
5
7252156
47
8959227628
2459611094
273779931
37125
294041160
30946
47
1
4330
65
1191
61
87541200
670755260
70
833612145
6620834941
29859498
1737018084
1676112131
642566
261077
8310304037
9484
437957
592453
7962
7268311
357142
54750
4534
3788933437
960974
8149889
8795
94421
854709
3703
508
44
548
87924
9241
99313
29216
574611272
27
1
703088730
3729
32295642
5512
205
647596
15970562
7196889
32105
2812730
14
752704
5711317
608077189
25
5069
254
4882408
279791278
6999495135
30
931440302
9250034
2599546
7858656013
4551212
667497800
8
980
7079285400
243294268
1993
22
54
394967266
97
9
93960559
9207282
946
9319029
517
68
562441
7354
2865837707
2
19259482
25109
6537630350
7
9134342
9290
3331726
61
942484326
6278758
6658933485
2938862
72722
864099
64304222
937239
470
15
281
4974901
7830607137
1313489
7418726042
686128524
4
603057905
327
2445693
9811669
523
97175
7827
8969654519
737145207
213507430
138
8981
678664
368150884
697
3273
629
183
1121109
5665262147
251
612
613577464
4009
5189260
38831282
656
7183879108
7
379914
748782
760750003
9
54
3
3986
5958047
6
863337
89
24918197
487
247941
3650632004
25212
383875
58533315
748149
211
92456
94
537922055
364
1
2837
1430128
5
92
258083
5815621472
6753498
1
7307724
9
53
7871682
241330868
401
52118596
89845121
57
245827084
120927
9
115
3554
6
5365048
109
831
2970185593
9794299
80
96875904
70
9064
1612458347
61949161
8579
926
372
3556449140
77
36
395
8527345
53845
880
401
430007079
7198022833
5611072348
895309
1283493688
3
645
9544308511
6155293502
471231
8
8721041
38
96715634
28418
215711532
79
18623
1827
5
998114
41128603
34136665
6504953980
12746130
130
8467716948
928531
83
20
7
872516
7175146
1
7
8438
8954
4457
9469182103
348054426
5
4884511
120563
17
2
9534260
97
20675576
322311
9752257
262378275
16636
66117
5
89664
1614610
968
68191197
8
75956
6648496
38888
19296
843944
40944
2182628
568031775
5151
538
56
16095
13156554
4736944890
83839483
92
88755
3
2584767330
88952
2692
9
61
9290
5
35121987
362986
3913
471172590
76
6345
7555
214974401
2657039757
738
3486301285
6793742
806
3
48294154
10008067
910309059
23
4778
55203040
9
4602464
9442115
51484
430281709
4
557
5398761166
67826853
9292
54
8603098207
59402
8046
29686794
3
7268360770
73720653
74822765
4219978895
70
3411
1207
7344
4
17347
211
648531400
73543
80
964725
34250947
8
39
79930
7735
1210
47297677
7518702
3
93057
157060034
9
3928178309
179
5399687
68644797
7552
307522
2
84422242
87190447
4
2
8991885650
47433
96573
94167
93038
956065478
4891365598
606222290
31072548
21
34889
5
702315
3485
8
1
10315
64
70
2
3801270
1774542
9129005371
5411075985
7080534
343782612
7898131
82
600768
8929935
73398
5429
34606471
6478
200229731
8119871559
584451
444
5
362492561
4216926
99
55867483
2
82
21518476
8565
1563279
6
655810
68
79848784
87923014
11431
93741282
633881549
92
8909722
12919
411
717307981
798393
573829543
32687815
69
187603
75369
444295919
94
9143492
58
50982642
26
97276
4863151
16
966
25
739
6760608
939783
9585
363459826
532662361
752
2967589308
443556
6914
894560007
809
35996
465
5367220
7251593071
64
36
8
4098
253094
8
42
981575812
3035998
9156354373
7274
249242413
442290937
93266196
114304454
3746187
8987962
6334
9
997
90
4902383173
644901
641307
918510024
8
17
3
207462671
7912131494
9857331758
71
9374468569
3
1640
31260
7627941
5
414823558
50022
837872741
272
37
636
36715444
49
83634510
14228087
81
60
70100
92
51097326
9118
18666
2370923497
361694
32
283305262
37696347
9172572977
4
7372
43006
489528545
40
308461352
85
6
4
1834546
99003
89
1331326
97784
459744826
218601918
3
74835691
328
9
39
8766700
6773
98356586
1953330464
3258
5
3329018
2587414427
4763902
4
1211576381
924764
6
508
102
400
910
334
92354670
459
77659
617961
4
29064
91396748
749912269
2137883492
327
28888
3762
50061
7689974806
3340786013
62561
296
53063804
6358740367
221165
79181
5703705033
325
184408
58056
56
17322831
5253229226
6477510863
2311084
7000
21643561
556
93
879746670
974
315
447347566
97606803
88500
4204752975
600466
466
8701110
338336605
1084729
640813
58
551256
2408
3713149
1487
9098405137
981469
3456686
16136
9410518
824387205
63543237
5
398
882
5495
2365581029
8742089121
25
5671
806
860259
41
70
36009010
95967977
8508
6233
666980266
757
388
208020
355203167
65628163
71105
5
7732850161
684
9
918275
75
81611103
782
910
77344212
13
2
35001
14843008
4194772357
18048374
7979125
4110522
1703802603
984
1602
24506
6346
88
3747
7
42
6887975
87316
6706
360094433
2331335562
938
70898721
1
81
8587402
26
534
3146
8897
3046
4858
5
90
633415
334
851
2
907904
18
48107
69479485
48944903
2
5
2341995415
63372
1522
7
6
488626
96
23121
44052488
74974
23949781
292051
758014136
204
82405
2800565
41
2312
37803770
6262
9848331
6778
6242
52697
767854
4398
23098
131788
2734
5983731
6
7723955
202
398013
1673346665
22848754
151081
27753411
65
591668
331092913
76631114
970
7688
3688186456
46434
3
982899
509576246
1
6610
38114
292
1246575897
3280967233
8
320
57541101
3214131
6
24334816
557383
8486
310002
26
933
66496589
802418
596035
10408
8
49801625
52818
833929005
4587463
151537350
796962
844
9611
71
17932
950680
78255301
60630
297240347
995165
39239
42
73
49557
9685354
5283670
400839927
6286
11
7780155
819025575
5342
18086
418
232900498
9195671
7442486559
6
99
3925748454
7019525170
95448631
820686325
242725
1996123
994836870
858642
68025
9352543
4
7504
1
89256354
96687661
99405
71382220
3771598258
233
48453504
730
6132312829
631637969
7
69658852
94969149
4252422
450
88119285
4122490310
8578
916691110
50
7733200
64846
5
44030
1481
4777170259
38900
6535
7994188
664292124
44492693
46
4270191218
9325401
77528
1905426
50194447
80083
2567
7682169302
8
189872218
413069038
167663876
375103
3837
9
1
50811614
6425854
20
9
959
95540
1596489956
71220067
81426688
78770
6124982
9852632950
85725272
692
982076313
3354
9795
39
1
61612730
460977237
912759
92335
660940
249779
232
997179519
807
742434
17
29
1944578
39
815
86
14404
656
72
6568
161711
9150384
52
54
7
307126
3942384545
38180405
2359053543
209227871
49014356
159189
618833571
569
8162631108
64677053
74872
7235305489
26020
86355
642
5081
4107
74777457
86523092
1831211282
890911667
8478697
184
1181
5
5041091547
713473199
14644
9832
92894654
783
24118160
12808
163194
4
514
8287358363
2333
62
72195937
483658632
8
885525521
1063501789
215304064
5057
6302
2
979347
7
4638
159515965
3911
67907
99141
9
8849580531
2181528
13
7325378794
70352198
9453
134358
6
5290823362
350226685
42
32051976
3647
933231079
172789434
290877
69
73718
26
292678
3982
543522347
5
404
8378440679
20
914247601
16198
980385
3691183231
3086
56
493
929589631
8
9781305
7557857
6
89621332
53831
522
2294988497
16
1997
3
795514077
78759
11
89
5017384005
6
432492
293269
10914
238
6262
82381
3418140891
5
8452
37016386
11866715
5461106
52653493
759205
785332418
210577700
457
2412596
1787652670
50330
8137694
7
1
415950
2334452
85
4283493
102
85136063
7264534363
591563
9631
16113
4648052845
95
993827
6237081188
42941391
353936753
3
25499557
43
5003552
955940
8694630
945422
34814
12
1841
250289130
7059325
8639481
86324596
1504775266
93392
9967540
487447
55
44
972379398
730
261829165
3493
7872
284430686
7590
99834
561
441
1054878304
320975
68
2
200647
90630225
49117
22797363
876
79
1
6235946038
228031
27515
14364
3596
495768445
634
64760
220751
3754
673024
93660313
97425
566813545
175401
8708380
477
23126
192408838
2303
2355831
21
97
864275
7862063768
346479959
8813637884
6935
7489127
83
668105351
5331
4540211
372
496348145
6968
887542
889
74
8315915298
916
461013
526
3293742954
873528107
4429976940
7560099
31517
93
331
910635379
7024452074
6916972
85052640
42309896
2858
3
9984
230829905
52702239
696866886
4
7900143
358
4793119
4319
70284737
99398
665394702
979563185
6378893
79323123
783091
8417781599
44878533
24
1047462146
4
37962
1694484
402695848
316
264
1
7100
527
22785134
989
367604785
5747328
340
9768991
28127711
1080966
380
3952140807
271638060
5330819
3927540324
84369321
83494
5297049
2
988540637
98
16836791
4655815
44918
69701
62495323
538684
54974
605
60285714
9395
500829
6356864
637
243608443
28147
7
4339
7
9914
2094769045
2479791562
415214633
35253375
3400746575
7505
34
67228
2083997411
594
2293
60688423
3
85
2859997
133836500
4436513430
513577979
4561
40287
76431056
411070
67470
56815
18439
46346160
23872
3
2642
79290455
9038554031
27191311
595929
7859089
2002636
44960
136956488
83
18
8213
50380016
15
6558293
440085393
227879039
207880
3
5955299520
121
375
7551
180
861017
1699
931
260348062
504670484
1077137149
7545
48005
6
218077426
92
3451288
4401028
9
55
9002
5115807028
9820100433
803
28085442
1907094976
595653420
7150702996
91
7
383
7384314
4933892
3507
3649334904
941884
27
8143615
38149305
43741
958073
13606818
893503
70
62
7847804376
24
6
2
67
1594
687300738
9988825
80
9375
798870
36882
820
463212
4234339
3
161
636967
560930210
8
95875512
267
3861
1784
2954140
692
629442
3583699165
52
9279
7
7659416841
7768
22436
947
33
8853879569
7273586117
58
123355522
79
2508494928
60697
269028445
6430893569
31669445
6549
5919263161
7094
89048
1488441
28191
35893
6
15714714
72058107
816843
98
72
1801
4962329
8286
531209
1934
8445439
58
431603154
8305550149
63701
5075831752
158
812679
67
24
9837947424
436495
20897664
3191447545
429742112
48163
1
667833498
42370
886565251
4218
72
536864
76176
677
208
99
457630659
84146135
34
49
7
675714406
365896
78
9550407
9
28787
1871967
2
539
8181
551
49230
4358
663542
12
97
2218554
668992
7
9735
7707744979
762997441
871821
745320109
378129
825455078
575756
8489
54769252
83
72
84129
9921
17395667
9
119
2459121
13923388
29
15
912724989
628808
39
231
7844
6884518495
168
518703
102890
71
48061
6
2
2590485482
7409
14
48055223
439058812
4692697872
84032314
917541058
332555792
78583204
97115
431638265
14958
907705462
3091983212
682
843053
43809
3865
92
7154273949
6
19347
60468
473404208
4
80
9
1618346218
28
52070547
8582
395278
799307
633
4617186968
541
1928
76
32671803
8937228
40
412422
61684
310
2891932376
9
6462600856
8
37
1
821774
94625
1297576
84080
898469
93413617
42
591
430793234
8874893520
759
432638913
892183
83119905
710182
49
74934885
52045593
846995
3
8
22331370
278725
2211
2270028
9939
4697
15481
75
1936199
440
5508845
3530294267
15057
2257962
2187045900
47
6784653864
676364
913823
52646681
53
66
5594779240
27089361
83393
98841115
2885194958
64
505172
7595
50462550
854
77774030
910502
7928208935
278
1053250
6046
655
3
1342641088
532134
66446
91548648
37
9848
6075554431
56
814010604
2705
81460732
42147
39950287
8973367527
62989913
8676
95526
9886126
5
582
5541823
865
46780885
6
717115571
2327432
9503963745
59659433
2333
6666
662651
95434056
575881572
188723917
290746242
599505276
20003
3463752
3815
955
596
15178916
6
555029008
954
226
9652
39
637
441
469
629111771
2926468052
3
556052592
23
469
18315323
33045008
923
8842026
106990529
9275
44
9721
456272810
19066863
5171471609
549050
890359
75938
608
8582478656
1844
861866
8
295
50
499421827
474763869
7352635
31
754
9877427
463
7
6
44271729
30113
7418212
34623435
6199395879
59
6
2837236347
724
256101
2589
89
5
219330
8540426
60
21207
7382
445099
9
4864146
9945
937
3
921695
19545
278
949186533
903731
56
46750039
58
91057
9765199353
166829242
6749529
287715
499236
5087
3
88930
280786348
530406769
5
52
37466850
6695
2631635262
9089
847794346
922882558
12169
66793
10523842
75874
5466888508
6607
778
6
6743832269
34740351
48693
7
58629847
29187567
204278
696694223
771517223
489
5824220
49327
6
88
755
8735551
9480903151
68098499
7932212791
1050618751
5
850
59809017
259
3362229711
887
78349
4708825806
8
35
99135544
989212
83694672
8698845
472361364
607030
61
834139405
955
1
48774669
51089411
74406804
882245
19551508
2
327559
52
148258
38
571770441
8234
5284066
33
9772379
33206
6611884
23181989
6074
36374807
71677899
7899473
80
653270
7181
225
464864251
8805318670
2984685
1648936
58544
26869
711
77138
6316
206
206023
504574
4744
4839783823
260
5855357093
14789
550
944944
7
2674
81651
608
4014405
8823298163
443
70551
1255776
686261
7111629431
18801984
735
2
1561
49
18048265
6579
728
625889427
91696
488
7221
7598335
52
88879258
84782900
77
5995156
26
851
651911491
409396533
71593146
1278
7105
2040431627
1
14670031
47
25
266679331
4829994
9276838
23709656
6770921
681292
1340
9607
8538
476120
15
9856697401
97
7
195094211
1726
420154
6364585603
75116
5
92412350
6701346062
4359
5556385
2
4071909
81673
732911
3782580
261163
44029894
949
2024400767
18233
73
52257
1853
448
712
25233
1070626
56621
28
9983858976
172992938
804905
376811
414754750
349239354
48
3882696
92
25871
3
30560977
128289418
70750007
566
13
7
73828
4320925961
65697
117711201
84486
76218
4737308148
835
7806
3975
58
39
544307
4967875
1429956
928821559
235197
5
598163
6655
548043180
535742
1259
6366625
7
476733
70
352834548
98475
3816
2804734
1810435563
526004221
24574
61704
5794156342
505931864
51542951
7
254459724
8406349
15366968
6
774141923
9322365
56
1
519046546
4849605
367897
7
848
676882666
34689
28611661
28455215
86134
6
4
55892
1003
2314359723
803
6930955
8
4351089
313255
280
376704
81418
7180378509
88754
1374839094
76002
394
294675078
69
380441
170
3922
176
9492
31232
283
1643421446
339524384
7305204957
17762339
576
3150832
39779
27644
190075522
8928681
66
5781939
809210185
71229
9
4008689
665
7274046747
982836
93017
474
7600317722
5708
60744297
124
8
8913
93039981
68873121
9036418
9143
320
9964
30437
86491
34745
799276912
9169905
5324
45656
318796
6105
5618799013
584111679
4467900
5541
5831
120
48
15
68
86283243
2818
6536
6381173388
2456483702
39128971
58
448
878
65304
64094
13071692
818690847
4080687844
76099609
559773261
6
722286
4939228
711428
7
58782981
984
5935769
34
7921751750
56
2079874388
430877
4
95
4046311
7
9
1496625
6261
574
2010363
6
19429
99
63385818
60658944
1946725
880989
342447241
6077
430
6808437610
24640296
217196
18436304
7
331599
71
9632499655
338
3238
4783
640255004
910517953
6528557
840649922
490
36978
507798
60
2628
90063
3
5728860
96344062
757841
7750858198
855
2579733
24320
7645010
7147067
6
1
200
6787690
41
3827260864
82646
85898
97
148545
8
27468
37366982
390947750
9
63412
874889137
3430517702
74894029
377
3748526
59171
24082520
71491762
46
1284746
3847769751
86850063
978288719
5142
4
26335
80012345
1731
694
68991106
212620
6
69170907
17553026
45344
87774273
617555
28616
75310
385
16589035
8
41090
8817876
6186
60560
80541
6979099
93770628
891154312
949
1
43008731
1486483951
16210
5403
6201694
157
9485940
663154926
308961
5
85
276300723
46
381
2
1266
3374021056
38862001
540945
445013864
997151265
785682393
340866163
46506
3693
84430
64
811175
29
9
55
61655
2363906
3
88
67448993
999
180963596
1
34
4504693
1611
2135
656
4822427
151
34
478741
1768203
4927
6121726381
5611455
5
64
42361
3425064652
5364913
7528943377
8
519386
412784
9064512
52017159
9217
5886627146
166711
7411339
75756059
709522
3227
8
532498855
71171164
1267321480
72316319
49633731
6355062567
1890521301
5602199
84037
6175464597
913129384
3112894
32594
2208033392
1
98531
79823346
97369887
885
347
912
489987009
7
95118
981703
4459296856
73194630
38
48
4205173
4826970
2724870912
902130764
46224
2325347
409688
8
2
461
7
36
4
37423
5634747809
7
659598
309285
74936952
5
1936256119
71
5128
85
9434
4836
24913
2636231744
555622927
5797
9740
247
4
2429531333
855721738
5119838
7621
823499
310422492
109
19
17362891
966449011
531
110817
44
99
2
27879238
15
81905959
9472666
6556676225
16885807
9319597000
92450
39
6074468
1639
995486418
1946
51
1994876116
41132
7063
4737
26231424
269721342
515
2226
8
8382261423
2
40
605661159
81
89408101
7051795714
2
524
107428608
619562309
923153
5
23
7941781152
6308
155914
7287783
12
613682
4
9899
18198974
476187086
95
4
5875
1
2223271229
665
1200571524
34222
23777
2283
2
7102192418
90181
35229
88
745094886
1457493089
404
451935
7290218407
227276
7
42903
6757342664
567231
8137
742745
36
166283
23
858384
472828
66944570
7108970014
1136777027
1486
110772
26776
612
4
7655
64709
3
331
476231193
7734
1415280621
667964784
28475371
54954988
412534
388840356
5807774660
38104
736
53988488
5639605228
317444461
4724249
165988856
36887
9746914
464073508
72758171
168
8
408
19
110022608
98469
948788586
97
828283
35
33804872
1
25
9
80
682212
80545685
8
45840
33756
4082874469
4445
992568
9679
13950060
7433
73156764
5265943836
9
18673
62331
87
2446658
7604
2
25879
8262927660
918
49599
6
27273834
20
37852
604548
16518
3388
2188391
38924951
4
5633798
6459
94095194
33842190
6
78
322883168
11471
5537
5
3888908293
22447
687
6
9
83480
744717193
572892984
3076142
157
8942
187750443
18
131
6
259501
998843
8
306915
3
7824
798507
4315419
3189173
9
18025559
59
2043750
34
8273152
4401
76606
1308270202
160465
97912597
66339
64
441530013
6395
206678
33103834
626696013
8989212933
9659318
4785082
1376479
7482990024
17463
8298
56
66
7835939145
7174
6820282
81
75
59028
7625
318
68
6296401
505779778
975191147
3553660131
49416
74380
66980851
4
466703
44203
245
4937
29616869
5
50985298
1622666
988154
409475
23
1918
3845
71
90659
6005312
67733
198253
72
3890299
3764084673
612
4263597026
5316512
22266
60
8
5564007
4343048856
78010627
5662
9483804
6482
7122
704265385
884318
1664
205
65784
4509700
3
41
12222016
6873
483563
8812027335
447583324
4261042642
455528795
418746319
17
548
92718083
65911437
805
9
1204244565
3136695234
15563
8594
24
38
4
5206
360826
6
4597806
972289997
900045
3840
847619926
298680
16520
320
5602610067
8029498
4574
3300
88
6703232353
679176193
1
9393215
3154629
1720
80377
14
316859939
45398905
495
15123
6792
612563
18
21
1035
33842
81
832889692
6279
74956646
5071191
57825
1517261578
889700
111107834
1245422961
448814
77921
9822034654
4703791915
30
6078513658
227621
8901
6005116871
6
5680
6982
92297144
5243
29724453
82077576
3857774
71485
95829701
10
669004
869568
2030
5039
3207125
42867
923351
7792806
23949536
95
39
7063
95038544
65412271
8005073
92
304649
4919926191
84373158
502562
8698740
7
8418920812
3686086
40852886
4838
3
147160
5583
221
3918766
7072172
385894
74073910
8
1058583
8077642
42
6
764880
580553111
87359
4314
214762160
374974
410088743
760
10
361746
3190
6287647
6484046
356612141
8928862902
114588790
1
94766709
22587
70668
438
3173
13737
3863954
5682
30698142
660053
356150
6269224313
462318
878571
6507
938950895
14545
6763633855
185892309
452578472
8145001529
687
6
956010680
64
237997818
526
89
35
949
83
80
907979
634381534
8256306147
414181
2316603
17681022
65499627
5401798
5688927
1
3935229750
747721
6122904231
677287942
774006000
559
676
719627914
7060661600
470407
537
9
5998
2986456
1397
41253404
869
3
8627
98215
791
800302
2421700
5
7084839168
2246408
62
262
8380435975
49
3579031
692
1350895185
14258880
661380465
328444414
511
861847
8
95
2612
34351
5570151
69723699
4967635
886871406
938
1296049976
99636559
304089
688945261
8
423730
50034
811977247
33
24
6356786716
8902
844
41
193
79
84
19735009
7425
2478978
710458359
7825890639
3869
88967
111
67900
6486697670
452
359168
93
6
6117
9254635695
51
84882887
488
7094
73166
7573364495
39460
66809
8
8559796403
3219412305
1923
473251
2
4872208
3212
257187273
9
756284662
4230620
564809
7476
979678
319
5475
279994593
8
2
37461
75
8949159
161950603
43793
3197285
9944320950
152
89
697288
564658812
82596
85594332
32
5463
81507797
461034151
97
8143
56993
7245551
9462
67
94
6532752
4600889
4309228765
8
7980891
4540
5017635
66
4307
730
264
5622987745
5469837
77443435
6160684036
4
607251457
27269564
8
713119
13
49040
11918968
61414
40613636
11
34093122
9825266127
670311298
6516
52830
538939
69504967
5880793143
55387
59
88437
770782915
8
94548
66532321
6259998411
177199244
60
6
9119
99764
9367
112
274544
69624
6050762
21485
1
773
396
6
2416
78081
99093683
1723656070
9
9071375
3
9986765
7669979
4
80
9
3589153
677
93652
58926766
635251
86214
5977
21
286244492
362945
772207
36
8
6089887732
996
530087744
79639712
9156
829218
54913
36
9
81928
41276074
987513703
380683102
2180086
74283191
94
3
115
4856887
975514406
81718
334
22
1
49
4
769
97
6750
5999
60292305
9496808221
5141
9923978858
5540296
997560
43154810
620882
5147412
303787
7872
61
5315862
38462077
8417
48
78835
56277848
837139
7482
842312
2660063
486146
67
20
926425
88467
8104999188
1778893896
10011
3028606364
61
979
21248
6848885
172018134
21
149
52493
66
5584313885
4517602137
6
65
10637376
8987
8256
40818386
9709
9
1
3
25192
134197
65
396841762
315322
894
4704
32896
4686159
60447
4166
49426
3522514280
796
853
84627166
861812
7173280109
5905
3149
8626983
5
192714
357059
8974810
7
32635917
73603
293604531
6194
74
7380
8166363
9378503856
6
11
26534573
7353329
77
62
383
38527
8990433748
9084768
338
36
965497127
88
2
53323
4
83
21586597
415
926868
17
927
6643244
4746
9
369235
559
672
182332
8133
74
587
929
20432
907
824672
4163
26
1709018517
5436
31203391
939
80
1
37659553
6589861142
521881947
68158003
55931
6
753608219
1793249
11281
109282
612604228
5
903
7222396
4311784
746
3221
5
8937920642
5648
664
3
5083679034
2273
816
766913
8872
3448061
47869
92916010
85093526
64650
4
1
5284738
97
5726
5914961
2193267
749327
3
5424278
48919863
2952423
870729283
61
3
828160922
9265338
1846
37567143
75
39610717
11
2925
81
45637
4
4
4
5958
50107647
3256466
449535
68
845
52
6
315
980699
5430498
277107
57416
7583499
93490
20774
1061
57
15677
78
5
606
6200442776
438
669653
7452302956
149
17146401
57
9931
812
9354
230109586
29957
1279507
312172824
14860
9184
58702
1
6052846
90
22
1
1896
6
64
16
473
669493
1
84124
41
35118053
68900
3310415
6169381654
4
484432
853137263
9377838904
7329424054
9540926518
9402
9562
46021
3057
73
1
7
8894984931
7564
7586
215
192032989
43
4983
1128186
7047725
3590589
3
1
357
2893218
7582474
154768
4
580
60
9239315
30
3174813
1594
8513862
7859734
7222811643
958882
5292
7088241
590970
410984128
3294142264
4518
712712419
16636865
85173134
95
37286162
5539717
395537982
87665829
4046898831
9061
7
4443172
7650398013
4175021
55441568
6259157
28917
88655124
8342393
206
292107
72148
8201837
7887
4812568740
498075188
132805
39062
9
9435390269
86
934
482064511
31
2891
643
6814
971175
981
228107544
812063387
1994
3413202084
482
78
84404238
990128144
724249428
638455
798020
37
562
21
6794778754
703043
358
35053
2
2959
6488
848611
558086329
86902
29483888
927435
5402
7344
8213
7523207
54661
73120730
9694925787
63976579
416645
65974401
50806153
3771428
50499271
3
54419
192
8
14673994
7522
7902669
4184702
555666645
3031
62
715
28
705250350
60434917
63825102
89
60
9187
6501684
5895699434
15
72
29558
9223368994
976
7
912
3696359
603
29
1
361564
89671122
868598
80184420
782124
160
68
4737064
489664
84
1
42242
9549208
4599
38411
6
99693023
692217107
9864742
8535563036
37919
211422851
2221
1025
49623326
9565
3219
14
8992980416
55321
4909
994557
7
69
53192
95229
38
879
77
68857748
171627617
2776
4690167
421180
16165
9
51938788
82
64
5974749892
33909030
7159097049
520
9311224
56
407619
8802334863
841
57072
1
26523373
573059048
23
178075300
386
4599
694963280
8207946
4328020694
293
67
7876368072
1448997
3275
1175439
489517791
465
91
3530290197
8514120382
28673546
57
9613510269
57
398530799
262818679
38
3
59
6629642
6
669
669985609
17589452
2333
76
60308
5388
5
87254325
26167
5442894
34087650
8
1888805
93010
693646
29992893
552
9
8641378384
78899
3555516685
72589
87
423
174041
61397
9259068
181949990
930
2038851
819
83
47
8620757
525917932
13734008
132
62
5005734712
407957
857657156
583
1
5234544682
42616
120342113
374116
423378
6904580
29118254
3457556615
646
1665331438
9853521
704
8882919
243233
83
507
1561875
90597223
8818979166
721805174
619353
8236
55
33
833796880
43982
5362072
58938330
886087933
74
3
47230
285817
2227
81229311
442254
676324
1989701
13
40838336
480918
82503
57
66
90643
773138
303
97561
5545
501
56
442632
5
51865
6273783
507493134
5293120
4011
312972668
670
242
9272810
3360
1391
468703
541559093
77
8394380
791
113
56341105
3619439960
5179024
1
1766790
421399297
9692
987
89645
7815
7
587742
76031591
49
2
271
319843
87284030
62
437
71458
7259165
35
495377
4413
10535432
79615
2
96722434
481
677
5639331
1389000
326991
107
204091
320442
11
701307020
718430252
91
9797
76429
9659646
8003
80540496
347392874
379307718
84666
22
21309396
324582
6007965
376386366
28075
5
8377732159
63
80618
7491
3
68893050
540
66067
522914446
31544478
5
381936
6764
4619749780
660
6823663626
683897052
9821674780
4084090
717786
4166
380514
735420
106204616
932
3121205
242
73126374
8821
7107464150
6001
58452158
110494
3
7256438431
42
575762738
708
8437
7915919
294609812
66489
3
66246
5
3939
2041
55837
256
7015352
5626974378
363
225131
11945
746
57906894
16332968
33
4602500603
15
49
38
443828473
773650
24232
166619449
75
8075981270
7581
71557
3529902
25141
9709
683690
141700
6330416
133599
3028
85164
156906030
894849
3982
5
44832412
891315547
50508997
76
6979
609
36674764
82
51
6086784159
5
954
665
497985
3644692923
349061536
3378153592
6294
1
2098594301
37
495
70504024
392
463761885
7706
6605102000
499
242
67
473880
2791
6100323232
412572
9344327830
5577349
50
96872114
9340719
53883
86763
82850
50550
1580911
8655
1
18494
8722555
22460851
4326
2
906929
20628179
6
33795654
35
559525051
668
240807
9423976734
86607
5051531914
6
849
561941
465307445
13980
6426
605686
4692451
771
42908167
5
42506
397345305
533
73821375
4
696165410
835
36169143
5059
35353777
993239096
2690302115
3818273
74397
41
17
4
6
5141198408
13305
78
8673
37587619
8
8762084998
7791944
526568
71
83125111
852734
85
1078440
356685
67
757
3793
585
133
6785426
62085750
588847
573
49
3036
425676
2742
607
27
2486709
29979
30
9194
3
53353789
2749602511
767113497
50
337500
534356017
33
8
5
51979
8908672
3
9
494737342
7256
39795331
7502429
569165
349848
9096363683
70631
708
590
78863714
1
241
439603
95
9156894037
57031369
88278198
5798714
351
64
9467
61808971
7
982209833
96
3
1
5153255
586992859
99
8
2283
2283
3895548
4953900
939693336
7156618
686682522
4
56
954
813
1738747
5
57
7810
43064
2944619010
49
110461579
150522524
769
9
2638
95368066
5139042
969152
3096105844
396
96177077
38
6
2722
9
883213
9
3906038694
5569
145218
806
43
467680
502980709
87172
77482
90650799
6
62219
462
8744777042
3686416539
459968
3748560533
1284085021
690
7748739
51844137
141367
49636
7100494
3698
52327
917938252
47778741
67531147
96535788
6205727284
1466817366
28
16477027
972599
38
7196897881
8863
696
20
5680327
9
4252
99113801
138
1
65
4500473
2898
138978246
763704025
791
66825
4
893
5584523
6804
1151
2
1622
3740870528
513
78678188
4073
805
1
445506745
15471137
7713197
2273913
6
176260392
8
5584311
2272121903
762197
94687282
1790914433
5
7870953
9702
325
654
63666021
4689
1192787834
73909
19
158
5339954161
77
1074179269
21759
858166
333208666
199683
30532090
607
75
74273409
32689294
32
4641487653
707030
1
166544
354977
9533
5456654034
12
5475
21
934705
77
6462
96642
46646602
6
6626154862
5343862
60
186282
2734
8279413923
34506
4962
449029864
8470
5313748
389
586
974046908
8
73785
5980068
4382521289
8053329298
895131949
51
7
144
25479
1510
830841783
154912
1448703351
9505
41864969
206630869
7082344
95200
4
9335089
65357
702032995
6060892
115522419
9505
5
1
76
22720429
972216
415465
8037470813
45404
92022630
22291
817207
616658
6420502
6059221479
429026618
63
9765241
335573373
81
937956
16375
64
6501746442
485
501789
731746065
7468494493
32814
299849607
401857341
35225
90
5952536
6
8462
1
320
4135021
8162
77580
8
41
191207
569583
511
739
559822880
118494381
3872356363
599925991
5036
57324188
308480352
60
4795615613
73428088
2153430
4393674
7007078519
8122
3680
66
89
68
37610
13019
697256028
37691
951029
73303136
5
361407763
2
824
7
60135
3922175
573028018
12
98551
5069438
61097128
561209
638133
1
360
237988141
9120
85836
8028922
968016012
540477003
772225758
35377
388642876
57953
7
666936
1961881382
3821187
338027922
320738182
97
1
8037
8
411
9
788958
7
16461
109291
84
161
1286
904
677
4806320843
4385
5523
5
204631525
1258081
3211
40315918
2
568170
618219
2907617
2714402
647280398
282712
416
93308836
8967
79110
367465
99186731
988430
727358109
446995
82
6484
560341948
66609
65
3403302
375682
588
4
6
8783102
403553
1945275220
946925
1183670136
7
2684953897
16094027
8682
9075363
4
191212172
196650
4554
808762
75211
902538425
52960199
167
20565
100872
9193088681
874
89093
6
4622
971
747934
29
1045
70
82224
83
83404
5786760
51
260676
11342
37491960
1298672590
7
598701394
5198228446
392191094
5012
8
18965104
5801
17072
869404
34
4822070295
2711624273
818607532
76
43706971
1
1415983
190082
7839
523
91747
7158
376562
7964800
794906147
960208
8098
3
541278
884
743
77237
84
7119565
607
668576
559049040
901186
2772
755
538729
770
215413
799319615
81
4909464
2838621
1714
40613557
9200317
432044076
3
1572794511
953
285
28628
898709993
2628
8381496
3
6816
871
883739
690912
31987935
106
655587
67538059
31587688
80
20
706378
990
76074670
4841
15743511
9175
9721
15
282
5
9
635630382
337
441347
770938
561170
202632072
3650906
70587
6551381278
299341
62
27676717
282200
33
523578
9119706
4477
4375653
791
2219
32688639
943
5418
2540165775
3
4
2
587973521
8
73
2889407
569
764847
7
300793244
8190746528
7874
5
9571010
635962395
271808
70594664
861823
436286050
473
68712375
5
57538
8448
2155702
534489705
748843
5167389
14
92827
688
6963099312
12966
542
5781865301
25424046
7057
208652415
1425151819
427733
62163426
6252
9
7970949336
43401061
496610471
585
857
607280788
5156
40433430
20
9579491773
370339
846942614
8
6
5181036113
4335
23925881
996
93
4
7667895767
12
688
699386322
986199
48
1
718198
972029
8411345169
567
92703
932
8799346733
25
9865
211315
39749
3918
1
9546817
1637
99888026
6308
81
2560583
5253
309857
7
873219305
2855902290
9679319
5045
4290798
428218
35
7
8321
55883895
55715286
843319
345
6331680722
42
45572
1675
417
185646
753874318
512
9727784
819
2253513949
377759593
9
243525
4508389678
5
32828834
44695383
22
2854
12
8485597
364
81
88
957691
195024
108163
3834623550
1862
7832
69500
490
73
937
44546250
160271550
746796
7253
468941975
7683
91007
26314481
50
123633177
8500191738
97820478
1
5146774949
34
9372
1185
800811911
48
711341
9275857019
2733292
7169076
6
52082
599056
56
324500
58691
1390258
3761485
46526658
7
17099
8998079
14071
1009581654
133087
105242
646049427
3
937739507
1
9500215937
1
2988161417
72012
652857
988
1
161398959
560813549
451
8488996432
5083
9605806691
73606
837547
3906719358
4
173
7
45582910
2867
411934452
7037219
2762
90
7384253
3326
5737773
37095
990191953
6078
27
14
7548106
52
1314899334
4
3
4123
1481568
2010191728
17923
9704867
224
560735
497
63819
9638232
79
96444
6614131
149
130
4687
72392
2745850941
354826591
6501
9
37433286
98451959
95
850800
414652
685115
956072
512
565
36969
1
3267921
49
77175
514688
11150
732342290
161521613
88873631
624
4838218800
257249254
8842
298641164
91438
626455112
3
94322
2313838594
347
9
25
703815077
6
928108689
2308398267
940929318
77
830237
367226
6620589825
29393
74
6740
471565
10192524
917358
3895
57969
80408
397448457
4814265
62
176
727277956
8288648696
5
4309851878
327
11368
66371319
450
308236
853231
9580476488
3202272
315471061
78361
1
9430
471927
137
2879822
6696
66505
9575400
440
65224853
7279979518
8
822
87
2
473483542
58608
8434
566032065
28898
944590
17624251
87562
1578
4683
1105424614
3372
914
79716622
2
826
966621
287534856
67670177
914134
473822
725
186820
17278249
25944
4433
162358404
731
67506397
898216
651062771
184863
116236139
6590
5002
81144466
703
48
393155902
73912105
73
85039635
86706129
882934885
7681
5411477
5
25301
7
319667249
2540803
24129412
14762
2529
352600
872064
11522
78210
8327
297035876
5
24966
2311804
553154409
4373
62931
4302243
9900
6942002
3804
799
5650862152
1283
72444
904
6356
186887
510384
71875
46013
68946979
4276
422423210
8012337
8
34830459
855939804
9110064
270415989
50814
846411069
401338685
9454
27
5
963820596
669963
697
81
58050
9738774305
1343
54
430873
854
6952092
84173839
377
5
4764604881
5717
181
67
125217
826
89086018
76590309
507856
8116955550
180
436
32261410
6
43348
1
2
74713472
9
55377
97
856
16152
310
1745
93888047
46690
89
227265337
1
103
9645001
8
86695713
4330
3914
744412
30937757
10410661
889765
926449274
99522
3418
274835049
57012776
5343348
4
1
12844551
3361087790
72262
413722370
173939
92759
380100919
3
550
66
90
8123
22212
661946
531
6259124
728
60491058
544276
96600005
136483863
31733
660011143
758
340934
8676
843
54
4411212
3
63
26056
806
9864512988
99291
1317
707
6009
707810
45090
786
36156931
8523473330
35869
4196
66356433
39474
8
867
1730
21691733
8913
36067040
28
7733
4604151248
57
23
261225820
878377
3370007470
3743
5799418391
54487
122
388899
776863
949934
862038
245
1
387645169
5
5202
5
565
6
2
59
642
9555572
8207445
888
480
24642529
928945
584140509
572220506
2028279
2767974419
6341730
8203122504
4641
6802
98
8900007382
2658367
408193507
5770789
28898
7733
8417410294
36737
7572
3172182
703384668
4583
499
8344429684
6
809690
915043114
448599924
8948626
325271
750649
65
5699318034
8
997322574
251664
8966346
84
89593
416109
61059206
95
5
75
622382755
91
888
33528
50
75002288
191510315
513
4
811835435
1502165450
56
4
94198771
6633100171
384566
75192
935155
59
6
41314
7
5326266959
18566
3
32465754
3372827145
45828010
1
6132307
1735416
600917
1815247793
458503074
949
6
629
326
549
55
72
456115
125078491
9372
78
97978
960427452
7320
611
4
63604196
985
36594
90085033
658
527
5897865052
7143683
94833
61702
281785
3424
15
186268800
128
30602
3634
1224196
9387
11469184
67156328
243367
771067880
541002034
15132
54
49006004
667
7263997188
93
4024901
17044
8550997
9197974428
751246
39
92
7322663369
12
2495086169
13639808
20
337109644
3950643390
408468780
24283353
18526
4
110
19475
31024
82193
4
32830
6978
99
3550598
9133586324
4411637
8
56071
30268860
7843845
3498815
92567
69208017
38370
5275911
533
56838473
7719512503
536661593
3544124
6
15036
5377250994
861
31
1959482
361715
9957499
724054
5569761
957872
4
92
3001796
488486
25262400
8
40281
5277454
892517
309
36
84003543
305449296
1679185
768
40
204
26936
52
3
3740
648156070
1072486
7
8270941419
5
259
42297
477182290
6383922
97329070
580
193541
8568914142
5226845751
439944
399993
69
80
1441263807
1948
1
4183
350
2032
158189486
2904616291
25
8
1857665
789057
32454611
1515109
44461
251890
55830
5906395
75
51
431
7652256861
8065498
7
392228782
619747
56121
24
31
1
306850
62
3553443
81
385798911
7773086789
4990909
2083917865
818992
6326194
786800
290925868
304583
52941
31
3327
777428
32012
22720
3478
949793894
4097
335337
5745719
339
16047
1349638665
6
2
68467
17
757236319
79352
30611
610432977
8932583
382660420
77413501
7887093222
400
66450021
5
3
5092805
22943603
95
4457371
62
404858980
4401
4903768847
284552
627804
177665961
30611
69360092
7246
2193766
6645
1061
7252960
7116042
9
7156
41230
4
2597352
769470105
9456909
420888
361375765
7766626
8
8
44500341
5206045399
61785
227
524818004
7403
29177
871
10
195646
71
1183
1456668018
972590544
2305544745
4
570419317
5178
274864994
69337010
2555
3809477
372074205
21741792
5329009163
7844
643296
2967410975
47431990
665310
7608493
369880
178293
3
98153780
70166
998
298922899
6104275719
726882629
617857026
8
934
846
3406528
650
205933
8847
5665
20074
509463625
13641
8
59233
430
9036049
918466
3503
874364559
3393
65
3068997
1544935801
31
1
9616911280
409
1314
4695
7271107
3630
63
8157198
265
1728061
3
5487845
262213563
711161053
89724
9767299
581
58201920
92626
490256387
84
802088
6427019
45
84454
86
3838
9923457
19
27
8576334
741919636
3413009164
2341675
8367604370
1653
1521
1921
709618
47
633910
9596375
381644
9381964
343651263
695986
348
149720
992071
86597
290430362
2
4814752
4755972
79815983
8330506338
93
368110
8830
37037
23480322
9948307348
2695
9080
1402528
7299196
94
8374520
99088827
65
46681
757008
128629927
1
88581
8968063851
28151533
63966726
6
710
7228994191
6120397
119457
774
3678847175
64709
5
735
757006
4
280137534
5788
74390
342854978
90813355
1734013
9
717368
40246
81836964
58
22239110
887493725
6418
81594848
212340
55
3815
1
255325342
460074451
737619
5440
846
34
1310808
1351615166
27485762
8578
50122
1
7721562
8
249896844
47951495
978
6
117668914
512
11873
43315
22471
93215891
7969
815847076
2903785865
99364195
1926
545
4135512771
56231
907663839
75267807
44
8677239
5125689968
714
366689657
7929857863
54699
4456
190752
715771
3727938
365877926
81
6223272475
3992498499
752400
412741
8719333
476186
28
5726163
9755
9815126832
6
84417
72085
358421461
225
988
23568260
351155415
7910977
3738413
624257
3128834289
796
99824
37253
69688890
8
456448
7
1218909
153684
643266715
1103
90187
232
9966211064
8
2752025
863
6
7348
37380422
307
256075483
235
36
917800
39146400
7599468809
60949
820541991
4548916
11425
74318
527
74243087
577
2165
708129734
1484
64395352
8458
48367
10647
147
5606207
2230
68
322
1790075
9924
501
4279
3531203
1
10725
870331240
152928422
4253477
361699
4
893974
4988493955
994664
7775
2442
58046673
28
45
952058118
189
560
674543608
8932213
573182
6409193
57
98563
71557
38
466342848
9716
9116967
638388014
217402507
67064
7748637049
9209617
6
63187
76
8
8
6009
794078538
5157286
38589
68919262
2
76193
1318823
576
9299437
6296431
1916
5046
9
485623266
1
522648
6365824
7284219
131
8053471766
49455509
118024747
29704605
4
103551734
11553230
85
46
4340
2
90994
174745
5014
87284411
411
662
4530240982
2129778653
16
642716
421020
879
76
8585397
3
52450
4972901
6262027
56231
66586947
51548723
93395
61739
70
9079102914
7988613
5876170
1871
1304232474
56662038
7867439
1622
706
3750131
90408928
4059
22290314
9882623
56729
518282
1321666101
697122
41
789674
689283
5
12133575
7582
2
1
93524020
338529394
531
560515
501058
653875633
852
39697
1275422
3113428662
4956
684
35715
456927529
14
76641171
86
5035509670
7055
4195407507
2
1126022
612
1445
107
8985510050
49231
113
5674975648
865409513
19078011
2
6
7740
29878646
7101
148236470
352993601
501788709
885889
692
630113
57146955
4
6775
8049
81164
71691204
13624377
759400
720828355
51071127
3893567
147002
97
33865
5
7299
61326
573695912
816380565
333
82
5
962383447
7283041
43
2759
38870
66839612
60193
1129341
8705089
935915
9585
695802971
520
8395168487
2763786563
4
900849
3777619
448887056
6
20893197
6319259
23746125
5529968368
3564398
776616774
34339
145120
969065
28643
7
7
2
324278
8152477527
6615
2243
7354
6558968
4935202327
955540757
394
554
332757
6309
630
72
7221
7459364556
841848
626508732
3317
4973887
58
10248
8
842899624
42556
13
9760635806
64
61115
9313664
9337415063
5075621711
283175732
3177351890
1990446013
735
1
241
7152098
3282927
115
64430
190
988686787
9613404127
519988348
4014
6084
25162
3354
322716
926486
9
87
27149
35
6139294
1581
212626960
672
13727939
4886352
878454
9430
9
16
459
983975
81539795
1541204730
288775
6329844359
64125
85219
880712
934855193
7407758
71
6
278
55007750
45841
688
1633782
2
16171986
9337307
69332642
441196666
6346165991
30153
9354974637
38270
455826
78869080
25662677
62455
3
41038256
6
423213
292
169
122080207
9137165545
136235
9642
17213
57289
5033
62229
396348
3
34104
203334444
257220760
514302153
43
814468
976
6747177852
849683758
40
21
6416
45078882
3895588019
4515083047
8844361285
95433806
1043621
24983835
8
314
468
81943410
1292987
4199
1322
8223
72370
3
99
91790
4522816
1538
3737314655
172355
974
757
673351
452696414
2
59781
9
6
18
80818510
82
4
4431336
11
33710340
76302
9
65
3
748947387
1532318994
11470
6320052
63176386
9761403
49011
94436932
1538
3150
59000
7148330092
8375
3780151641
8489
988675
3615668
6363
6
7975247
2
22
52466
94724
5
67116178
5700271078
126477992
77626
44345
925625892
7432
892995294
2991837010
68
46148
91897745
1585171542
5603477474
4785970794
3995242
4
711885
79232648
4937846492
6
2696387516
5823907176
8
314053250
7585
167712
17
8266727061
1748627026
53
8712527593
2
24981
83077042
856876
3168844
264779
4416931698
308685222
51
2556
17925
999016650
1073068
31341936
8005809
805688056
814
484513
16423746
32020431
98
95156
8767342
3915872
421218
58459138
9957
7792423914
2
507689876
13092759
6
1920422
5
47658342
1
7
3952
1947242
983320
479731
738331185
47055804
4899401794
8763966
5926219
517
1
39
3
86
7384778
331658983
82
9761134554
19
4374
8694
2040
16168
5
6884472767
2792441
545
384735
62
693272594
92740
2152
190
1325
95
8523469288
372909928
7164
7207010
916373
77
430409607
6
32
88352
1189835
23
13625
984062795
97331
64891905
39
6725
33853
63
74
91020
204700894
1263623
49
4836155
412425
3615203
936
3233
5
4
9595322
137
9
415381409
903653
16141170
21256893
7
48611157
24195
8901
50
3384960932
3287
37981457
113740627
4255417416
5182683
2232726002
3195709
4662756193
8
32363
21
57218417
74754436
827158
26760
819999
793459980
95140963
3833
990
285827927
7909325
1277
2187624
7154877436
116572
98014
4
1
99
6699507709
748260
912340
13599024
77697
833327677
7
382
49199
959733
3030589
6721
80008
478
5
328
862
8680
96263543
9139329968
296
34116788
675655836
58
88
41
9216
2758438157
922604987
50387899
29068857
722
601495
9966089
4145110
5387854522
8
63448863
69911
9442366607
2551
4268
316
5652829
1477639748
4882356
7685735
804347
90539
73640
562780249
246357429
66341
36075
420
9586
1
3817154
842
11
300133867
363937327
159033508
476249158
905532762
293741
67
9
1
3666517079
4
88
99
107450940
5382
2774041887
21841860
88105888
437195280
728
824
919
1810
83661004
2485
210957178
4726
85
41
69688
619654
1
48813760
7
919426
481944
30
762926004
18
401496849
32000
7
5971456316
346310596
4
5
2
3122
939
79
8085
41816331
9993941265
2920795744
77356
42569
75952537
9794340
8
7
4825
58498508
532023
76
188106
3
746895
1230494032
2321085
1893912
3869428404
5
96
852
647295
4
3831332
7182769
4047874083
737231273
301
5828629
98451542
1
940
1322
57466085
8947705
4242
7466599
5276371
48
5991
1366004
9318253757
66388
1064088
72885411
1253285952
161120
5928648240
5
5156
244060483
8239511167
2624
58055
65
844
175
95332778
650712
901282
54095
176878205
735096
87
113692
2710869
9363
18
320
3
1266
461540
82
7631473737
3
5641
7589426
9448858
72973983
726218365
5
478130497
528
94746028
315409889
764201115
640
324
90
57888
9309080
46966949
1506356
200538
507512
551794
7
58938965
3868763
980781
263334
329264
2
7
4430341464
524044192
880218
2007868
6450
3
6978
99836
5732092
984213259
50597391
814270
97232706
55864
4601
743019
7168
10
176
8915
229
2
2864
9
616790
197960951
6340
7853
4088591
4
688
7646599
730487
4389
693
58011616
7520027
963395
2664500834
7786862684
91626443
7258949015
3757505409
713540
2274
19519
57400
938558
6
5
732721969
76313899
6
663141688
887488
26195
81
70111674
4
2
471
3866934
40
51148962
9298682254
536
8680110
9288580
8
475
9
4018114838
2180598
8241279444
595679
14124343
234654571
9415314615
334698
18591
29833964
72808
52
33
186762694
43744818
5090
5
9915570643
4
9637
949392714
32
66969543
33
7
5
4033
43
9638298
769829
428217
23
37330
53228
3660
59359
86771610
6655446860
8278
459535854
2221055
73
89
69958562
96985187
4657686220
52441
8062738
96507
1852335
21
9495348161
66244
14818477
3735895398
845
1495
6155163
774757
6047056
59
46557013
9258
8283
20216
17
116412728
427909
5841
8344917
731387
2143759957
1464
147643617
787172
284384404
9
22888766
414621964
3
49816
402410820
1627195
861
8
93
5
319
38015
5274354832
7
24393
4069417658
63
31
666366
5496404
7850916600
46675002
8887
777499234
5592
375766506
997129514
980
615678719
68
9042
6321194307
429911
130084
1975362
278
816
363
881118572
7639547
6402807
3949101
187
4800909
309882941
624481
885366
26382787
792859
437186
8899
3164
9983
90844
2072784096
505952299
129
55
24916
86795
69547340
10869
6992847788
61313
2260
68272382
8607
1623262608
674537214
6
2882
6
8
286
610
3199821
1438890307
1
39383242
3900
913494
634044
96
853856
4154937244
5122447924
3157369
2252929041
95
8638210425
8
148811060
606
6854782
21
657386785
83334
1
13725
819095061
99171207
57999131
84
762264769
15
71262
8210963
94
24
643
2373760
9
3
47
2999
9409072
125
9604463061
7745
1906586272
3025055481
574092
765794934
92372
775
959736
9144
69005702
6982772941
9560
4
84
911478
82574386
1604809383
76
41546
4
1
537565
3
56
4299706
3579
889899652
86474
9355482
61267
1294560
31356944
91232182
78
11953040
216064
4380912223
7
6
4893891245
277
740559
997
18941130
17
4150
958963
30
2587026339
200
31884403
31677
49609688
4275923
9641
98
82353
92296791
6
7732026444
16580
15
50
111879
52540564
3533450483
12919813
18307
347884
788
4019680883
1
29944157
3253368627
3685606
11231691
2
314363175
265514218
196698
496977
51
73281402
1846149001
4416
618013355
657268037
50563511
323872909
5
1
81
1
189927
476456
270
8
5242
8
8365706773
2398808257
8557876737
1510
4
224759192
81
297140
13
5044800
215517
4
340220
745438162
6410574
1446954
1266429255
65557
6329531
5
58037
8015
1028596
521628823
511
3
956691
206631
91
634857
170583
2721155954
38
798009948
26
1014087991
1596021189
7
5
665854
933978683
23072569
3347643
9562293
450920770
5832549
968
67124
3894480638
11409
408
8679
19
7749882304
488933771
7327539665
12
8868175
65983
81462911
56
99055
110057
506
4199401
9
45320
3471743430
85
55320
32245310
52084
9
971
1477962
9965
309259
325576
579615
11400389
3773534062
2671403
80
7
2036
9
3154889619
36759428
7052727
107373989
4
94158
8580
406
165367
1140267991
50
292467508
7880586606
829645
69245
16
6947895
97538
1833921186
4
781932
693627
307928
3432642
690368496
351462
10802424
8270
913090836
66
89691810
86738
7744
319
518
340
3226029732
2842
768743113
8536630325
2268505
1417677460
408587
8
3152773
21205433
4
1315
759518793
63
267142292
361330015
9356
2821583406
179553763
64
2
8073848327
9417327
65468
753
817944430
21
3681604
536860
79855
35239505
331427
164671
68065445
163496598
20503
6611106
7
425987
1444
3483477239
90512097
63759
400851079
604343
161896442
5892
6342215
713409862
787837063
283
14235654
6805654069
69468537
340488
3956
930795531
1307124391
56
59886
97246
317254
6330979164
7388057
97698062
25940
4320542687
389243106
49770
350
7051042969
3316
4079
9190420303
819044500
747192
25158003
837907191
6574825
13873
54795
896217
415649
4775184
1126
4508575
14404776
812777348
2188371
15909
722
9065632267
695604329
5789752242
838849
9414
5757792299
5
2351
47149
442356004
6759
9685642
32457461
718
45525808
3462
916269426
53501408
3900349
68559348
868082372
103652
31
15702096
76479
38665864
8416079
9277523
1304
69967281
566
369
4953219725
313779709
183
7327974975
346
4843705
883331796
73262
2849
7
8388216
37501
23341563
713
5
66869
733217
862
790180988
3
39
409981428
71587630
9889715
413157765
3
777158053
1
9868909
519
116826
583585
2255096
2078167316
5233220
265534842
893
3222359
4043
478
3425
64240
54803
2773070664
480297
2307451
68
61146000
288033365
433
3
97
740242
1498783634
2551561
48929
90
1965165368
798468788
74
45259078
40558
7515185818
1
32037380
791255
723213347
4957
2806
16
9595
63909204
2
340722144
8
3033478
229
71573
6246955
22
2354245
9602932244
2638131899
24
2635
849763
3562925180
237883
9
163996408
818
2385379
10030
648734972
256234331
528604233
148626187
90872865
1577105688
1169783907
830
772477
90
6370
2313595830
7
404
2714022
6470358798
9852230661
25158778
643274126
84711070
71855
9270
240810270
4061817
8791270708
29860359
7
1392669931
120473
3225
4
46118990
6
619596647
8321484321
5
8373155446
583116
706658177
7623982
14
64
4047
70810
8534541421
10
99362434
7
488600364
301920
37561129
814
686
608
319087042
10857
82634782
12725
4304618
73165
1530562099
6168490216
24204
947403
62381876
922834
8308841055
5232284
212582
114
658967863
685849
34189610
2
68529528
47728234
78425124
4774596
91090
5105636701
28
71
197452775
604933031
535499799
69
993308
2
8079082211
2427
6580709
9817
66
4764786
1868
1
3556993287
23916419
1431
3081
174781836
895346
6
63
196554175
8900142
2403215906
9054200
829380
73339
768
5520355
4364618
226883908
30472898
57
2448965
8743872
94623
4565313007
94
3593895478
7569
68
995118197
36829892
825969503
1
864536
8462669683
448501077
26
34293
679
5251
9378782687
3879
9200054061
291371
634148995
6649139034
4
1745
71341
52
55478457
730
778
63
69209565
198879236
23566563
221326
2076090961
613
584432022
6498
171113
46858797
13093061
6
1872046
45
54518
6
58
6000
119
13028
2
98721
28648
1741797278
838515
7
83
95190772
53
767528
193
8181354
977613
70036119
92
7247
555
731716318
42509
94547
149
14406011
25
4083552977
881
5491907952
91
4230
63036
930
5608624
652863176
142746395
171081
3839
63273347
9247
388144712
47
8560
75068
11499359
4108
187888990
7053
696111
48416
2749
67895
36302797
74110666
467
343822
8339
69372703
1380
94482
41
645
51493658
108386
2520
5434
2175710
7571914
8
5190038485
5884
26172
42983508
59948064
59073
79791
855736
6038372050
3666511
7
587
4679273
19677423
62032046
510
965
6
55923024
3756958714
243462745
338277232
99
569078956
917336071
941872159
699
7
3
5256
1805447990
961
4776
192365
14356
655
839
517995
579
9084
479
3425958946
3597720374
761028
2422364
66
3314407
4505
6814176
9156281982
98440674
52306
1765
62504
559425
2134427
75888771
335489
81
3
80273520
2
8845498
71175
7888416
3581915
1082
36980
6331
98126
878
746
254141
5144845
8
1969115779
1057685
102764
13
51
3
9395407
7850
9
354
79
794655
4481
73764672
515517
59
2743
3624248
7304371
8
433467190
322
80
50788
11871412
7399
19
224003
447
329700
709
688
63497482
97
62
9245600827
8100258
9
25799979
5
254
6
15786
747410513
81781595
280409909
2082
669513
9381929
6735897450
13
97
5774262606
3152695
71713199
71580265
75
9130026
91226
2666
4955852593
8
877
5628102
6298359
73
55
52380
33828
6
75068226
726056790
554593
78
8341560727
282
3590540
62784566
352823
36067976
434
3361927
5826122903
1335672516
4317312
613111748
64592
849792283
106
5651038
80
25
3
8070531484
8
3218
909
31458566
7
5574918
7603461
3
1836316626
86
44879324
5233407784
193326
65534
876583
979759603
835794366
35
7
55
41480
537927
1853
726
16
5966525
49704832
349090
2
83379
5348
322384754
671
216641
30500
237
773564442
13973234
289
875054836
2644
9022
6
177174233
6257954038
2056751100
4579885
113941907
213269
3951350
5317
26774673
7835
186534238
779314004
507678110
612684
68
7510696
186839045
1
9601880345
4183445
51288772
9
20
2045238
4
1740
928523945
541945
8
966141742
64074
93814
4732
709
6669433195
9030
3968236913
2045861148
5128
61
6890
50
8945217
47031
4813992
9031768
14
1384194
7483
781
5658231
8820375910
275
6936342
1
4599704273
59092
53
4406
58409
379
239655
336570
99357795
45821
5031781134
39
208346155
873243764
59
6
48594236
1693217
85669928
58721466
531498
896
85056617
5947722408
50
497759
85222874
36
23315768
18843
4962521
901106
121356
884308553
11
47
1779605
39124524
3884
6883475
252476
9903308211
8055992
3
4721
1078065
2622812273
4181
78
80129
35
8609551
551854943
157
4454
160435
4250
4805856384
7903057300
70827672
89
6565253574
5223
824406561
5747
65589
12425547
27102
34284282
424948216
7670535920
2
2822057300
60
636738347
5940
31583398
2370214038
517175
45278322
123
97386427
802000397
6472730
652
71
8358204
7236035090
42
1
806710
8678588
91662
47616490
854150
3861776241
7
4799578
72143070
265736323
94423095
33
543164
94807
2359531685
4881148
539850
122
13527
3063678
6198
2
59007
680
335891908
488053587
230
7256980
81443239
8592348143
402844033
168702290
4626560
602134542
79
8894
748
1536667
6
9
2
967
4448583477
14920
2961
38
1825997709
65672
66871319
3737073
83272928
922337117
9642
181045
1940
97336522
7
19
2197147565
194813850
999
874915656
347
87511169
64796
9805
2
41206
752
1676193
5450
84818909
583
26987
66574761
4141821
1563
8809
6339
4
46
1053050084
48
55851
8785379
7123
6823820
8
36345814
6101130328
9
3376940970
28
3
1170
1
79637007
9734384
9870266
562905
63
6020
92393
7971252227
357
348322483
596133323
664991
95
715
308
8729125416
3122544
65
5
75575130
8585494
1884081340
3788
3
4536294
44
10565919
868
7727028460
616181133
35031
6746954
49
278191
78464
5460
25599
3458
30651995
1637991
38714857
1851782
37761
917061
15
286403607
61088114
5177234
761
831929056
16
71396
63260789
5047413084
42851
5501423961
5
82328
5
82717
9551288
7
904243
6098560729
9342
58924049
83
19
80001548
6
29837809
60647537
18
4
3551721342
8
6419760
8
639450
3
45025
686771855
861855408
4249460
6358713689
59584298
7840
18
8085712183
8
775415758
935054
9838754861
4
6606783
1720
27278261
393731880
83434
786341
7340541
538387549
24604
781580
35753
475
92270741
24341929
380
858935465
4042924
7975
95036
54040728
36569
7
4
386164
3259
8399023
2668569480
18528861
758682
91
8
39
977727573
42598370
556
2
307
666725
31344526
76500720
6676436
87281566
91129012
79683
414343619
9484366
872335
5096184
7
267
7310194
77
7044570
967159
1
406772459
4358703
4478
723035571
563252
76
2871836917
1968
253
3001
3919107868
312014341
9
8300053428
8859
6462489707
328154
61168
46675488
453115
869345
84745683
68
34868059
387409061
6720
4334
5410022894
62677561
745
56871
711377
5933
14069
7
579953599
96173
400
12096
770
27
2576
3672737668
25180
416521
26
819642
410944
85981
84833
93286896
668956514
6364277
713
9268072630
1503538
744
955563876
50
2766186691
83638
4
10422804
4724299905
98876361
91786
12210431
54372
33
907666484
313370
7495850596
75716
36910
6505995
254
139147
34065461
691330
750879
568607220
45962038
771437
56599
850
7
7207148925
7
198
7859779920
2339388
251541166
125
232250
85345
509
229
2812
41648
480
4
8
77698904
2306756974
8291487
612
3303
3220557
21374163
75412
1352
845933159
5474
702294
394708
523
91405
40538570
8
91208396
9396977587
4333181
853631857
957
823118
79
89
7594899
1564350899
73
165212
3605237
56599
19083532
9481526163
5245876466
1
1326979039
32135
8
92458
4859108
7895
8
757
40225
9170138
55271
1767827
7
56624
438
268
5761869
3874987
164013
764
938
23
49
9531362
7766600
448608267
3667119650
884556
1547570838
9765
3
198872
62244
315
17
924714119
7
5
469395
712907286
54
140577011
17754583
6817828180
42
6651
13896
952
7737
7000
320
232840770
9
75
2592883
60398
381650
76
51143115
453469
972046
8312
653262182
308036
2004
5493
2409615254
4067111623
44
77
7788377869
509235378
38244731
6162290
52
36321
68823618
6
494
281
527375367
28138
962935
22
5983
7
3
2609
68541230
7640466
81339
4261975297
4015
7934776
307
83158
2822
963190825
173567
4229722014
100
34132
42163
67436
4834301209
913984532
1820
117274495
91
411156121
89105546
274009292
31759933
7393915542
40923
240
293
652
4383969619
98993801
8656687718
7215979
71433
27976429
35
6
96576509
85963226
3515
3594227
89903409
374
23622
3183839
3727
9372520
782127
46236
1383078118
352716
17935
8723047
888
39697895
1040048523
70
43
4479107381
1
562
63717
6225
1447528444
65838133
42655634
9425734953
2176540
486590318
635802458
60887
253
56422
530272458
3463907997
56355
5203
31191128
2
6196773
692
79183180
811447
85
7696271
68
19
92071
63
615606347
226
9294569
458
758195952
29096952
10768
22495
7755681
27073683
307
92028
5793039841
512327817
9114756
697105314
2757
925
578883042
36468
86
528562
658801995
705923
6184054
20
17089284
7350375056
2708465634
476977912
60549
25623
85154776
48155
1449031
445
73654902
38726412
43995005
88655876
49
326488
3637117
8986
9322
483
7
28
8240471
8169279
8351
69
8
79
4681446
3822348
5
9853584121
9851274498
5809
61509226
472056
962
98756256
992
414064
529
73382965
886092997
7227850
2681496
884745
1731411
51807
21992047
2
8
3591
7678652
78085
2637
395689
40
3093274
4288
517808
987169
7014866
722565
93
8506439
35752
606925
5534911811
895
242071672
9180276219
88
5450289729
6835
54
7344909939
514228
536
76
33843
4376
281380504
7
5713
54776767
186397436
71348697
8333982
6088249
952899
2461297
7189
475770023
7396
820195
30146
1415665
9482547
4330644210
19
486
7109801
11716
104097502
797
3329188
8173626273
387667
7904063
8087357640
1290039
6602
9212
1084
626935811
90220495
654
51538947
1932862626
8
603215353
23243487
57357
2614859
606571
9479
9
5948154307
3
86
135917478
6
41146
8
9661
766768913
49
906016203
8
7
412097
54848
2
19998589
547
64
6516
9408523762
92
761
56
3318398
3
45
96
206905258
22
26
1726
14679701
22
64
58
2608
3
24
3642858
9115
30
46663
94301
758
7355
3
3926227
2
1666544
5394
798673
2629
4982
851273380
46
30
376369
26372
623972
4086
87959
7542889
772001794
89017217
7
9375635
2651312254
7039
964767213
432028147
145390819
296882240
73
61172
78
9492500837
25
491156143
21885
605
64148
9990659866
942722804
124
877
972364
203106800
85
2
93499354
480690186
427077641
4619
2727
23
6427732
284943787
44251
1426467
623
992
914394618
582583
6743888261
4107
93
51608
972
4878885
7131920
93767
44644154
3080
369603357
763969
990644
70
22871
16121
521029
8023735
383730
1686294880
32
516
234616
9121
197
6041053942
3012808
77788
316
1265380557
594332694
5
3114665678
4
852304149
5
9576
981652
96196900
96791628
601
396696
6
6179803
4210365
363
4
3453928945
109302
63024
21153
28617592
880296
65171
16
10113
7061061338
667909129
10921
99199
6590694
81826
133
2747
304082
732
75250642
58062016
18178
65961966
50449
6
765160945
8169750
22480307
7
5
1715814
5795194593
3432
818
781
9132535
8448
694723453
1346
7
620665515
22892
53474836
250103353
2109418
333
908896
836
2035910241
529346756
549256
2379
779
35
336
77582
5145
365047
326655034
467810726
575
969479688
3
880
834767
3182343
72
4178
42788346
51
861864772
74247
2428
9163583
4
160625304
64726
62281
695497
98
8736173
216400
4008
2589727651
9768911785
8797802519
6655
381151420
1
82721
36
5655270
624749661
555980873
60208043
468
474564
282945064
1
104712
295897
2086785075
66214625
31
4721
96522
660
97775
7470
64
4583
6
889294552
70487398
98
6494854
15115
742
6099951110
67622878
738698
4
899025
97138790
1
73915812
18
161
6622114
1
201137
9870876
3
27
234
82931
60184
4129788194
4203
7843
1287
47
633795305
1364
9
27298
429
119
16224
769834
15182440
73516
538609
999791394
8182027380
73893
5
6822774294
692655445
7426066828
222534092
14644
996977944
75
1
327393718
43
7
75253
59116040
6185366425
22042409
9
1336841
838692
491
3551
81
574662552
2671
35597908
5
72
33833280
74318
4
513063
10265473
984029
1804989581
9863273
5175113494
94689387
59561826
6402642
56330668
292301
3717
9895541
3880546014
50016111
2334
859
3776429
5644
729
54947
78
99459
95004
202729387
17272
76184
4429
3468
8192
953750525
7383
69916803
2725299
8986389
112
17
15832
48399
19
51394
169330
8161
1604730
273844607
964
350772
61
5114216
78
554254
97533
2
62511
4
147913
4
7
709833
62263118
82003
73264452
1731
70898
9528
1772675177
999089
21329346
8055
9
1187
788270
31572892
7285660668
14855795
1
8
20071388
834912130
97669516
4608
4795
38523
78578
6
13495577
2
25705692
29392853
47
7406
8261
737847918
7
88459037
97
38864
568653020
9242019684
242207
2909
82205833
60969534
13
8081637
7241
43297687
265682656
3821
98744
2177548684
243427214
83245962
7085
966137103
91833400
280312434
33275617
6
135
57395572
64
1523545
3311889
37999649
453
1137660
7013
7895
605424128
1884
8771453
38410203
382741
48082571
2026
57963018
9
8
2906
4640213
55638
2411
52
782520
711
2
5947
191
27
596
7615829
297624
5971553
42
31772585
742840
344084
66
12
50575085
74
35
746130
808411786
339660309
728362702
6
32
1237
38978
4
636
464
44462
70
337364
7
4
5
58561
207746491
8156743
934
22
7039412
7673516
5231
7592696932
6429052
428037
957
4843
1
563
993083787
790765
34
612214940
87
5514603257
1
627721
477931
3
8562618
724421
7323672
863274243
5710
656628
2540
996
249536681
9079375448
564747845
40690
599335975
958
686
8260640343
69990711
9024
65280
30393
845674
31374928
33745
97922
56
7161410
500
60349
23086731
2819465
52061017
6274439
607
6272963
199381935
227853
30506
5
285373
1578939825
569
153
2630643
917
942141488
192519151
65
9159656204
18
2
2547
727448
176
64
3
222134538
3658803866
1000676653
2
831
2972931312
8798390057
2633142
24
120012
9
71368
336
425111
2
1420705
178892679
63
980761019
453659
65663
699888042
59379334
9
35428
18694
17914
2872
6
61
4
423411234
73824546
42587588
3417581
3302965418
92
7058141853
8528
62880
1882139876
609283
504099
2
55404
4532
521487
2387546
293011
67
1850
4473378664
4580
9397922
547
8390836
939
3336443697
92
23016717
64
3580883
340156
6031
334
310
3
51508430
800
7
976
722844344
230417683
12
64
958586906
706019801
4518
7165122
617478199
23984
4782492153
993144544
5701648381
8
410036246
1937565663
6298496806
92016
9504
473
4144124782
7
94076787
6
88
4680
481
65045
1068373
657
82
804092879
51
9
6164107
415859006
3
660
990499942
7538
480
10545
6109869
939
4258426
10274
35
2
2
395151
808551
867551
89
746394
44374
22007
9093859142
36843713
8
323407
195119
433682415
86905902
8171963
28887006
21378
5523009
51676822
2080249
2758282320
669
4118041
7523
8048294
51531224
476922
7961943291
7225178812
479043029
5
1841195
2700871
3068467685
8
462895
140871438
749
7766943313
314
525
138
993127
87956
52916967
397793599
39
5
5018628707
9722724759
5094637411
8143923040
82133106
404669912
48123836
545735656
718566
2
799
310
254290
960426
4
51
48
98794729
53
92
2263857
873
9789728140
400350413
872561636
5727406
4502383
88130
3
2715
61
30640365
701456
86812356
24728
85088
73
7790337
8
965
9104245
7737488783
4
8
874
8
169168
5
4078894007
74731
82163528
932104552
101550
641003
1
696457423
92018
64493853
793314475
62584334
9570071
28805134
243
16302388
676948
9317
222
7077
3
9530823
50
89
52352
7
7341659323
3
6583433
251833
566278834
6272
68
67163391
7
524628265
1
300282828
72
27460
985185636
200144
41829
597703773
234595
5
953
4860
9
211095346
69201
57
832798533
3457417714
61
2
3796
386
79543549
8669090
4377380724
1768294
2765335
4155
3
9056388
8
8
4893306190
93
795960
15
292
52425693
634
429337
3
7
428175
853520450
704163
663275
82441
9
474
78532944
13804
48
6365883
2
6911
5
344146
943
7
516183742
648
548758
51518665
9
386
251
189767500
5712482
120837730
569
71
9206629953
20156
220
2
64
4
131
815478
243616199
80073001
56
5257
849141
7281947
146494425
53
4925
54692
1049872
23389188
8298
7590308
27922
2079272739
989743278
2423300872
3596083117
20097225
625
3
6883010
53
56293640
55384463
528276010
618
282907
8914
64383
19
745159
11
2517454266
430700
74
4674
352854
126494319
461
295
1574727
7926510448
29788
767
71
76200280
42947
71
26843
514
8706542
4320731396
55
903916282
2773
6871212
4
7814737
920440729
69952
920266141
376816318
508
7783
776789790
4
6686786
1
255084211
4
54267583
224682960
85975
634293
1348
481
7575042428
7405542935
430
32
2870523835
6963
974102040
4
393866
735383
45055549
6933
302396201
33343
49899378
30980
59756907
261792284
65
50
1560
7
289
4
3110258174
65795
998
668581
33622478
594
453687993
53568215
90393
889
4890
511002
54643
36
6
6616596207
8616840017
715225
385710717
261677211
746970855
3
4440
44276950
82516
331283
4987874
929611
4017
2
9715
2307164352
441357764
4712547964
58639
320
601688
52659
429988
3147111611
20992624
1926
66621
4935439861
399
2439519
969
15691
57821
6056768232
486537142
9
1204
497550
73914493
94125
6415153825
2681902
629
3
519666867
5151
732190076
38
437
863841
554213
655
3
4479
38019155
215757348
850
89592736
5427267172
559262
61
768417503
423335
1
9
676
73
89447564
9993
1
76145575
647247859
8861597415
4759
765206
2178508434
89290537
5869810337
945268
733153
44485623
8305936
8896462
1079
42
414919
4667066
2998817620
40609464
907025510
92
7813715092
46229
951
9957557
54
64779226
5201589655
4476255
6
53306
915
929
236
40077
143522
674084994
72036131
126962070
3
27170
54243
238657
4
8668
518281
2703106091
691494
5626914372
472070
7424577
71825
3
7019
23799852
7
392879
7351114
7
89489703
46
16
6405
8240494756
398
96
5
2468293
94060331
7459
64351
105400752
61
15
18
66226540
7807855
17432978
188635403
9148004705
5
3811351
9125440744
12181109
60
8746498
5882
79006
5335382
7399425
9429
65654
306096
8
331
752197334
3
505
19
727
1
46829
32739
90260
7881
737101760
3649427
7543424511
6
9348
16
49
52
541930
5825
26714096
949488683
947
6562256
8718894377
4478361729
1689637
9909
2657
87
64
6
51905
276110
5325110
30
91189021
8167565
94292
162826
4940193
23132725
230
938871240
645925
3555320522
5748
504
59524
185349841
84019482
9861992
20065
85
7383604
175210837
492
813
98852930
1
3026
983
86739
9809
15902311
5388263
4
2708
79470514
975
30
9
21
91447
4
70
20612517
8043691906
8
38
711971422
620171064
15798
808725424
9420
489343790
94
7809239
24863
10
69
2262879947
9075225063
643
95
904
88061977
6386897643
472
72019562
63887
899
5
8433505626
7825
3922744
9557012841
348391
2053503
2
405985
3
4831905
65833274
5
1176333424
3
4788207
41
9
68491549
591
7
108
20304587
8172158
2322904
91143
89372
908221
6696967894
194
481424
20877127
3
6
5754526
106581
2
824
38921
41097
1
9163935151
77682612
5359
103274
243283
5962640
623685
193754820
625343248
3201
12
2656407793
99434063
2
2
591903060
33322
593
9
70078012
353
533888
134
152
498
5
9
937018043
61126
3283653
639153
572658
82013
6343
688714
586700
365623
316051
3966
5772830
4949
6991929994
5
63749367
9883
7387313306
5076904
2
46594075
380199978
360259192
5338
7457112300
85
4356793555
5867482
86418
817549
26
8365
86822
7914
50
3
618422729
6172677412
1
1631241
12475962
595639
44793
432301873
7344
3513458
337139127
5048456782
835
4690
2
8
9
4977705128
597
855222783
7666
2882
644084353
394
2978
85128
85471
194571
5101
8658579709
271435
152367
19838123
5469140
47176372
942
7497497
568465976
86328
76952072
317363
32
840352
6889088
315921
338941346
3418148880
26
251
864
9609602516
4165982
4284668
42326609
110
9981164996
7998
30323
7611821273
7
72969
6248
504678
931
76490
1010
4
3
77754
80290
203406639
7285733
78
38
513648547
980
4263509
98892
5794
5
3870791
785128667
1
4396908
23
94504526
29278
770015917
2801
7888
3502953393
771236843
2299036752
2782
222
7283512
509974961
9210870
6099
266
65823
186148551
3120
1866
210
156184
3660651
38962607
10
108900
5
52
2671599
921
1180661
1300338391
4
77267
563215
85
679
808000
2
33395649
33391
8978
42945
6357587
357194
8807255185
70014
4050248572
7678
9
33643828
875025
77
32473473
14060
6579547
40134
4
822270
42072370
7
880891311
5604467428
33
221
34
7949488
1630754
2
6654
6081130583
2473
2762
4
111527
6779363860
823720592
827820519
62149
764
3671136848
3241
101
425421
989829686
955
5690
781580235
35121917
491822
7503254
31183973
25
589
4729
4794002295
348
7078462291
8264
42280
8
4534317442
480295
834659763
999
4443538
443822
934315763
3
57801
2
84947653
5306641
8198
19234
798445071
9
959
359
1351253
49277
5242
90
39501836
3
774
30231010
59
580686318
26586
7511
52903052
32614
3831847
55696173
715
36
35771467
47518
57126
6521451560
5
60380689
81272
9
92872417
50324956
365089475
88
35683608
3289062
2718333
65274721
93639427
986408
6865
741
99780930
2885651
12823
5
55962735
11
27696799
14338
253251181
333951985
537508779
916575
94
92175
2959004393
4178689
8644319
6455113
885957075
6257920
4013894729
3
1
275075
476657
29652
4930
56
2
512722
243
284010976
2237094
168655
383276959
11
21845
565268
95
2735
493028
270
5444
9229
894125
14
72
266
2447471
6206089
6
493207
4023487
9
9861046333
5432004
51
3736995842
79
876
23242315
44117
6
16
4
29
249324623
4
2238659
12
462352389
94
43318215
174024918
7945
9989
10078631
1
318223515
692440
669964213
644458
418354
6911114872
4237055
69
644
15692
8058
68548578
93
5444
102671
73
3600321
569
329
1131965
9837941718
46
277
3
450616291
446358320
74378
172
2950547347
98254187
34
88687
1594
166
73
752510
81129532
6
3
9430627
24400
968
453895423
971010757
87814
786221
4
179611010
35
610
3849366548
558711991
1
8235421674
7
8348864
300192
7967529
2055068019
7084
9670113
1
9751946
32
3
7318607
271374
6884924664
13467070
78753
7728391731
433512
30
796
4046
6493
8
553002
1
6778
848340613
1228899955
7882368157
88411
64
448793625
5869014207
71283040
56068820
98014250
638
76
1506043
66924183
610074485
9376058
2933714
55069
825482
909159034
60931
5790847037
851992893
11775724
239
520
8356
21
4323571185
688
76948428
89597
75888
526663
960533557
54
933259
97380054
630705
7758599
64127
3
3427877284
505684685
803
291471839
7659327
952265996
7
16366223
43470404
79748
85163
60526599
6063973
4492856
9763914080
6574129854
139716104
412510
9087423
9473703
582924
44696
58
8
6
398
9156189
17497
8
184783641
6
7
1186468383
79221
5101363
19
57983405
311519
125230
6495581
5808
2787202
58262909
404
6860834
76
9373868050
5
6136581
4
61
620727576
2000
82200
9880
2066574003
8537002
77
51172646
4
2718963058
69979
642
1074442
2668997
4188099203
591411876
9944
34
24
3
925332079
9427246274
6134
52685425
6280
47
46232043
702141
6150
704
327
860
616648
1
85352382
96
918132
4715
96457
4702
334194651
1893
51
9029219
165458
53
512075
970089
16916427
6970
89886
65612
53
2556463
8
7697403
6578
5704203308
4221438
6918528
52350919
55916
90560
546850700
66106
4500471
387539894
2
3037
3712
77
96
9743288224
2647
56033
13
8007299891
2
144
4
34624
367169129
16
4750687428
199464324
3863
7075100382
5297
39720321
8046531209
9369980876
290
4512393777
3
8127146342
2926
88723
1592
9
51498415
98
4736
48408
7
199
359
4109
9984911663
13
250
1985469810
17544
32480063
8166
581195678
613553
979
3482483
4
9121215
7111141
8973257445
3603180527
9787926083
185145558
45
794544
710
6233028
6991198434
27227239
1427634051
492738
67047
7270
67491
5283512008
66996
153329
7419
97
80
523
6
9
62132
8421
979440435
4199394721
231
174
6530003432
8
9588038
8025985772
9832
208
904
49
465485739
7074104
78658144
254617
9688661
4521769
1399
119621052
3867
918028
6468
6097953860
5832362593
283383756
71166231
95089364
87
4528
349
552
6244910
14
28216193
35481
8325
47390
9308455
135
34063
5570286
91631
238
855
114
4409518685
5
544787693
1
4198
227750
4636568997
8520
53597605
21
538860617
46570
33520685
6532508018
14182065
36916508
747174
55652
785590
79694
16325
96
9
2069972
673053
52955
6484
94271
16800884
74
8951066296
4
913375461
470964680
8878683
9635
904241189
8714110
1957
74
625
683
8651403285
21616
986090
69
3275996329
302583
9922
832
173518
250519
893138222
3404259739
783
160995160
73
60997887
7666232893
877334143
75141999
20139
54806
9715646
3
624687
41
95916
3889439
7779
65798893
12086181
9437
414910
46519
1902784
8
5
352
65432234
4457
50285697
2477
309849
758930
999202102
60
338844967
259846
175922
49
850545987
1252265
584000
415854
27971
38819
321413
61143805
959
3921722
4
60856
4
332639
8614
10502
663823
1990
36435
18672
176200
8174955491
585214
8625
4111
5172918
37049814
60
24
3924
900354593
935598893
95454496
265783844
829081
1768
545
5741633833
226654757
6
18
17673607
7898921244
6819
2
9756558557
2043078
1
40913647
67315
1571431
3
5
75980975
85670
43535
818
73
82052475
3216
1184
12049
8
5959195
1019421547
257189
36474
8
4830
7
23
7636801
4668
16
578672987
4
634952
366
7
303
298529136
26712945
9
5204735230
602313636
2
7112
6155622
2327033424
516224
28974082
5306
309444270
39325
853618134
819788483
24121004
8842342
341
944615
5260
8496707
1
82423309
4
555058440
54077021
5111
7090463711
25576
4823
15091779
522
9100925
155492
61730996
3099049106
524375143
2548146
6
150224639
652207
966
7157832221
93522
5252427
6875746663
42
35
82828371
984799
14891489
918362642
389899792
956
7412609
665152787
425235642
8548593927
8936286538
7
3
74800055
4885316
8397
10254
3313814676
5440
215254047
1740880
86695
7690
67734120
8984035034
27967
108167101
334370
15741
392898
7
194266
28
623
71729
8767588
614416
498876
14258
28531390
115149448
34788
488542
596718457
5517
678
8570
1179323
5816884335
1901
3
852893440
365798284
4598349
6218576
1173
43384
725745
956695750
5418
482323913
267721
9
63
2
3775547867
4
655914
35783149
4
1028377
423041127
69529
865105
17458
3473795415
36353
69534
16926856
536636
118
41
9
2223
88918684
7000106
1
40
65290
35
77
49989
1702675844
77
19
242207827
9611366
9503
2119
2491348710
84
926324601
8014691
8177617
207278
97371
1
3
834
74
72766080
113621
5737725
2422348
664590540
996225
1
2001386624
6
3915876746
5795820093
18086
6496
9212
273064
878276219
17
4216
40637
1
5731515
65694906
30
96
42361808
829321011
275879
8277
349042
433637
87129879
5221507
7081
8072
4512925226
5605869
40747
2147786207
74
9491320
487482320
139900210
8684411814
796999
748449352
830308421
481281720
674271661
4434228
408
8569
637082038
4632
435049533
357433
98
97833
6756
3416904584
7515532
5441306
580832
914
6104064936
28503385
77
5764
357909294
831941942
253
42
58126298
5
732779810
774511081
65
8553838711
5921666773
6
505131
496
83522
9399557
8644390624
616945
8329372728
18262
9
9
674850
33
461904
396
837334056
8
6336623
5279930
126
70
9
180118
2986120841
6017
56329
559055
2461834352
96186
4192726381
87
941594942
9939
5728120
291
3153663842
549092830
63
82075
896
62497
3352625
635
3040888758
69
3016607208
70
5586745111
2014401
578206654
66
926
13118110
4444119261
787
6114956
8511
4
65
60
3906
662720378
792151
74257020
3350188966
672
529046014
83703593
30
89786839
5106
20201
9484
26
646395688
686705564
93
8291670944
513
2605
4474096
5575678506
3138364
16444
6410
5
9808958
9239945062
922747815
35
9
893
89418709
41
1313435
87347
806380
66
4259434
827
3160
401073
376528779
6081825
547222279
6433050122
326187990
1
402
921898
1066040
6347732
3106494490
2562198
396423
306
59
67
93010775
14
213522511
7
8552083
9725
14
3
618
4510749103
573261679
942
5585546612
5
30
615
92784
2
914
2
8659
73262
30691
11825
26
6078631327
9072945
20
991853
95
49743066
6956368874
5900
899724
697
5492510
7776863
184073
83535
371
5711372
8051
15420
697909
8930
2516
87
37899
8213256
6
556472
23944932
4598460359
9980707
948705
446740966
1167440388
280236
66271
72726
2379402
9
3296
4251
690
58
79532
32
4042313232
9108734
479
1415
6914980322
604
879581168
2031451
585
435
50
89
479487170
1849
82
38486514
23
87130
16104233
3631879415
3
435
23965435
9229536
31173
871088420
5731376597
3687304055
8
88
187449475
6
209250643
156685507
8879335
550
694568683
2
997542677
3900054073
83344624
5022976330
6033
141114
4258961
9
77
7979
43
1311816
52
8
11786
3784
45454923
3
7
374449263
226620
94530934
8523
60
36397742
30747414
128444198
985
18
7
271726152
98281
271
84911194
4140
8201894
973978333
86144957
101662
873
7
4
298793
233461
5
2303
7
3755943198
4371445291
9121
54
9371
900
91069878
85534
499310599
7587
2
541
9826
413639463
6767
5477627826
730
610191
54384803
29
83298981
8391727
97994
1938
9457677
9989
2
1
799048
43
17
3
8
5144573686
3450517870
38581
6890
58812970
6705572821
514739
3179131271
2
5262361
28070038
5294
8690
9503209461
419411093
170588
482859
411
17847601
346806048
7177378500
1334926252
80
2
3278765
9
254802
68379680
9853313
978338003
31
102024
746694628
6170
8955033684
59780360
14446254
3228655804
31990874
29071
248
405691
599751
6197697283
209449855
1020793
67
421177
49597819
3
5246
70288557
1770
7775127
79
6270891
486472
10259126
40731305
4386819
98858689
850806382
39718786
22
7712994
8240916543
435202551
27573059
12012
513398311
2405706898
10400
95
645212
2
2
8645938652
924677
735002
42117306
608288046
936515631
921
673068
1936670
9732
72151191
42
7783
509
675381557
734315582
834957757
36
509897970
3945423050
22300179
5733222
992
691278746
6895644
251469271
992013
173
577
693
34
803902891
587
6
383
5174
85
83214
4375010987
836493610
56407343
24805
491102416
910194274
136187570
3205
8999084
9737
66
4823
6934
39
3572676
694413593
6988007522
496159961
6
527
1
308
851229
240024
4452554
903170146
3
66618648
67
1298
64
42746273
53
21479
82415
57103
325410706
183621928
7040560
72976603
259427
93
2015
49
356982737
8
764056232
440
30626153
77605
329783926
6147
90184258
9135
104
91
478
2185610234
14556
82873876
7963
596319387
50924
9
4829909
80868
973
85311
135543220
31392
4175383541
74
481553794
8273
5497
19581041
554
461
47753
9350
1985
6683814
1368004949
719746237
45921
68543
971935
31093
7
8531829932
31
857
91004
972
73879
8606
19577
11074
47375690
654
7578992888
8865
1736255
159
954
790639
29455
607406089
9812453
96747
2836583963
26772
7160173441
4
2385
83
584068
8
85201
3755
5502
912
8734
1896162495
68
37080
6373
5520
57963239
98821
51754780
91670
2786122500
30139878
82538178
316
7847932
2
69960
3803000
681747837
1644651
5
3551290664
8
3897
4391369906
46669637
195846139
6343
7
797333
49
665159
517
307788243
22
8583
8
322417
71
5
56
220420857
92
7
6067625
1148797
5
8435967
1247146032
13204
5
31
2148041158
251780
678872
412958
8328329
687420
131020
213547635
67
5989778818
361
32143
73
918491554
1
942200036
3
2636
421850579
86018
74410821
45666
294
741916557
889
9974722093
5618896834
4547696
17327
7007299
9994626790
5308202207
159
222
998
435869408
8
803904
83487
1
7
228
76620
641659792
190799
7644907
7
292623
8996398
6940697
32214355
97673077
6627
5407029
43016668
14039624
8643
85860
53634181
8294874
193515752
329
132866781
2169337997
8709408
2
82458361
5107902
37705308
81779
8698851
987727402
782587
492
92
20
5
5574
282
8
118704
8007
6731403
1535040
93
80012
4
166
851528
44
7279
663
36
62401
1333990486
3045
978942606
311
9
458
8
352283615
37
9
6994241
977271
8569509366
57382
4047455
9431055132
832
720971001
74100
25
2
588026550
90696532
505576311
8149528285
7973533
5652423
48
968
38047453
3
94709770
2
80373
5276608948
8745
38932
27
313
63761
306921486
90972771
3
613545059
9716
3265956594
10029287
8680
2204087
2
71916974
245926412
9461458523
309
8814794517
4
19536
9
2939
40833810
82
16398106
266
47339
21026
74
6
17923
926818270
5663737257
27
8789
7551
4125480183
44977510
94018
934903
98
635211
86068162
217627469
32872
22
3
883
487363963
103
714524692
4831
55967641
6
5
83511073
482934
130908
86977575
945078
65231150
296109261
3020771336
5561
51309477
54774
8555722
4
34535
658338210
50040993
406
46262
172
531
675182
2899358667
446853365
9909411801
577976607
29751
890869734
951018648
97589
910
187374982
7
593
41607
552
7300918
184
565013
17802972
7246782
637210
696
155426003
80717
6
314541115
8558026283
945904812
747
542903376
175686
5974443
451
99198
1932
301
521350254
6450747
25006
52030
2949
878
1
91001834
51038
12356
54491
864
480
39
9961776
8
352811
562
80334136
5
490
8
85
4230403
74
4286139879
4
89315
1480300
6352209369
29
503186626
7610
686809
993
8362155481
1092628
94490336
26
7904398
936876656
4745
3062
2814630127
1198
51
86353
884916874
83520
41347635
48398128
158685911
970838
579
56
9147
251090
4512925738
1339467634
2817
4
3082202031
19
23822
9
1855019848
12114849
1769902561
802
7
2743
6893
9478
205
151219200
529
716744659
4587892102
652419836
6
4548229
18161569
12
912977355
570
8
1281542461
285455
56
639
9434
280236637
988845970
46786723
88467820
26282286
14807
43143
4460182713
39
5078333037
11
18446296
1886318
642183252
2721893771
654
751039442
9832879
42504486
5074
23513
622938
50258
15024731
631739367
185
6360253664
5878470934
6
219
370
7356
7833515
385656528
436574
36
2865
789
60364726
4434
44677579
4604651
9862
9205977
2711789
45326
41744
846429827
345337
888701556
81141
9
5842
460
8714445
95511266
6678901058
5
9125233906
9091886893
56313
730197969
192
9782
79269
76482
378604
84
10858696
45376738
74908366
216546839
352
6982999
913032
72217
368814
457
872618463
98701588
98751140
13125903
746
81
277881944
5109
50
3161542
7922390
171190
9345538288
18
21
16
90
16394
1539
9503
3314268886
6555263
2119692
7361338
5
15715464
50
80814
6353481
84590026
832153347
50294
906979
8707653
2152472771
99123
406190
98704
82
840007
628518961
381088
758001
850914
60
5
9
268981230
467049599
34228
6
5272997
366333
950283
84537
6
20
5706801
18
5980424160
552
63263
6665506523
325
4071036
2875
330009759
717
48512532
622267797
453291
2610387063
362164669
46292
16126
712616
44019579
5044474318
528396
6
7
43
8
91
650993145
641846915
7476
22
8961769471
70672
6187
2
93342625
8777
7645205697
5970360
65
442332622
6975691464
25812074
10970
4689299
7382753623
8004
6679648
2
6019158
893302
6521
477861
2795952
7937
8322490744
68592963
929
6
69554219
27783
339
1349
3
901827941
6677781218
13672
456992857
92649
97533929
13228
1
72940
870536369
50
75322
8
891758
2016122472
384880
597845
4248954
3
4558780
726
83643
62729
1060
36
12015
7
88
28171
5742365622
8833549027
18085125
7
576
8991
6826166481
73872057
9104824
780204
9732347186
41
4311689
8458
2238536877
8546434
1189710122
66
22
708462
5105242
952946
838
55
7942568500
6051156463
337680595
3170
83515007
55996
4
5
73160
9
8
144
380745053
828
3129597
8195455864
956803
9281
82
64428
53440
3
497
1284
495702
130761743
466627
92515866
111
125170873
825
3
66193
62
76934212
26
9357905
57
1492347
742609
5151
433912050
90
645343
5
823
4628
872023561
87
1
102427892
378
85
7115247523
56382
378629
872
700085568
6141968664
9351
11363
986
48559807
4
1517514591
28739421
36220
62194649
349
228030
90
305586
83896
977428756
1481
7
5692056846
83583
4748014639
310
4505167
80542316
159
357549847
598658
50
7126498
80775952
90589076
1634
17196150
25
67217405
5
541567224
452614759
59165909
9
222280
1177467
954264
8
740077596
582386072
7162
2
6576
11285
39
4559937
883936
870303
4988411
8038464537
52691
17
14
27524853
4860054
5
756453
414208638
3882
1723933144
2320950123
1
6341787677
2
7460
99960
70
1787643177
39337
9
70878
74
662265
841264
771
87076
23
9
9912883589
34
2108998772
400
865057
137848709
21980149
662
2442328
493942
785
8143539
759
5082459
9697881300
9753492109
370770634
7
619015
30377
40653
395842941
464384
531300517
39149952
291356
2467581
499434105
53251
6
41987496
747607466
2292
770974157
3
8
82115
1107718763
8720
4596214
345020423
98899
2830658
206604
2
4
511954
882207725
7
348508074
357939
59425
145893163
3
658028715
29
78394350
23750291
632
6362516031
9
730
15
199
70
98176
2852139
281
1503
7
42288022
9
50813772
404
2
123867425
4734755357
68
7151885
854252
3107198675
7343
731
9892502
684
14185
6671926564
5595
597
56
349
2
835407008
86867171
601883365
436318751
34015
10977824
27534
6495110761
457983
5
4469
18
7558927642
934209
476
974426
75
3
960537
8
9775888107
26
930
9471466891
1058
75947157
40
928
4
34743004
479386
9201
45
4544363
2549
808343515
10
283781
3
38768702
6
3437820
481005438
3099
6312813
685875116
80010142
61
554879
8
7413977061
13
311443345
3206568790
8583717969
761889503
919
647437481
239561910
30
89
599
191688
1
133
95205726
4
808299
2222132
34
85301
722
5777
4637
266
179680
566
70397515
1
25349883
7022507
5
7083938
418
34066
7525
5
757002351
8481845
259659641
952
9935862682
97
285445
149009537
7794707364
677158880
53
9
577910
54
31302908
5287317
5
6958547349
972960033
4
83034
2
2476095697
30308118
4
211697543
55286
8312454709
9110491056
87806846
13961
563792
2033085
585019
527
29065350
47703756
6
829
67039187
3
85
31
861564
89899925
3
4
620
23
8461734
70124375
9222
480
77
2781
759658
3320
581413284
116
41
8981
4037
2818896
40761
7247
79424320
973484
19200170
219
5253
5
480849
623
7
6
762
3667
709427
8200
17843084
5610133
51
588
2
3480698
94509
6835441
226422
1
7
975526843
584280565
66707
628734277
129695097
7
80
4501191608
252729124
466220
9
54
9
2632
64700690
290220062
2326802872
1452737675
1119
1926
1694177
5
99527840
5226792
8343978
6286
84681
1
89474013
114
6622852
584600615
6663783257
257
83
6
3
98
832460082
2
32
6718
5766
457567773
6771
32525
947666209
725589962
91
47363
561
88286515
86163691
707031
192647763
21854
431852967
92987
15518140
55
3365
1780913
65121931
1419055465
994
9010
1
897
778824612
92
22353
134284
93
85435
54832
110550759
2608
539837843
91778131
52798259
93962
68445976
308765
63
4
772861
2
95
9873
817052
9424
362
958342
9
40
9024
6313739098
6
60
8305934
72013324
372
8227
61816397
478449
91
70622276
8590990266
617
6
166526
1
819369
1
9784952056
296301977
814
4210619
8126
404547
608
2120891282
6
73
774044
5
1781
486266
85853
9610
92183
376
1
169894895
180908489
614031
94298172
773190946
798
218615772
189729
719
2
73020
92
944
975380
56699
7784448074
14892
35168709
45397794
300495280
47
643
1207633
689
236989
4478264727
622973451
70643
1
3900811
2010
4754684121
245
2717
29952990
532
702525426
93230
6364
91062214
80192
5717390
834
418641
873041808
10
9522509
8305821
79505849
6
863
2
38965
443
3140
8493126594
8
269000
26
10
316
1027887364
42
7
589275210
7331
514784
7
1815
443625666
754990375
3456
422
9056539
4189066074
7142
231806
781857239
75785220
1301602374
51228566
66
762
6516
46119674
4047155
9
8361925372
4567
4564524679
9
7462337
4845696891
9178
30
1047142
443358501
89546
66
745082856
75858
7
131
9
86394346
1006793
8220
71142
3642249
5
4
8
99202
132956
2369754534
3910143803
357605552
594
1982273404
653
886855380
8
1
83
270151972
124
15973899
3
999709458
5
64676023
25612
30825076
37
5606898666
91678587
8505
6661
4348026646
6
2477
2981026
45802
324
65275399
7478
9093794
73
9
58487451
1172
295969201
6401264
76
2224
7
47657
8
3352
816388
4848718
4
23177
5821482
298349
6976
8384593
4406
19759441
3211888217
6838
1
49745
20619262
873804
90
187
9430971909
383
30
947
5559
682
22181958
276844142
33
57024
137401131
8514931916
35257
19038
368
989754
10622
9652
320135
667435742
7
528
98171883
459
8889901757
61340710
6264699734
1244
26932
657148595
149
963184
3307803
509825
31
4702266938
5584
27429246
4453
3369409
1185864
7
1603200
12
8796
79269
207758536
690225639
7
15516183
539
39
96491
68282936
49728
5524384
107261126
76455229
838
1741
28507100
1
4930284347
69660
49069
828846653
1021251906
95596
4450
529989
9
55
68
416
3
5878273646
2697
4138332
7173091
30682463
5908
58770758
26174162
885914489
870
25
7
2665129
51289218
333678511
1745217
9596382
3366194433
2880697
954372747
6097269
48
3533418
764030
846
576
2
9998
95
8865950
660163
33148
11070917
672315
227328
571348
561
8699872990
7
26329472
688111
3
62835
39447
3501558484
16
4820912
2
208382395
9655609054
7106989021
389588392
6872
169771907
20467156
9837737766
5
5392802024
559640
9982149
1550
17
1536090
49
7685
8214448010
1050
7881
3306365
775
9092766
1216722
31672
832971783
5
2968
4675336208
511
7346724126
70891
27
2
479788963
6
89864503
2195355809
69
7418438
3386560426
2703
84828580
805026
5275
862163
910693
7591662
72
788372
21
360419133
6964010
44155065
85176
8216803260
611
4
1057679
455
49
42361161
5938
288
54597598
23877
7284
4204525128
212280
8676
2
49520286
3
6
34005349
907188
6
3722193
8427
7465666
563301665
899287
68397
8044
23739
1424
842090017
5184
964069
65
3
7197
103108
84596740
463
12734
2433680835
96491
231298158
53249
2903
1506917
510
21
25054
144867852
6494
630346536
40
90965
92550054
479
937466191
655940
244287556
6689807
1364243
2079
29
15
6223
2680
59965
9634008
7699
522172154
51415698
333601
3
61722
840383
71516
5185
2
643637
80
1834
744776
1
81676
585588464
7641072580
2788622
4
60969
30
28301
596035168
53651
155
514111
7
32
88
22206
18
51
9687
5867
585
23976318
36
972
4163047
72
8523232
5
5123926
1146512932
59336164
76421
66
9992
35128
947125594
819758192
3043955553
98412
8
1
79215355
43790
8295931
31919
503
7878209860
5295064830
51694
30963
3328927074
88235
22
7229432
784156
3
49987
8167
204
45589
6
1901856885
187594
3500896
6710446
7
7354998099
89540369
5515
5345699
6491547
34513
298
798043731
28410
96752
5868
375269
2
139081
1
7994668
6877139252
9638323
8285217219
6272317
595296710
9591131
48335
90360331
2357075
599048
87
2989796324
721544
8
910
530625
63401385
47
9183910
8
76456176
3045
6393451
611347913
54
89686
35
2202
3545
111803
6222270
6974678
55
6622
77353
4556301314
441
44
890920333
8
53564950
22523
94586051
814533448
11992
1402
9
3068
1151802
691354
44356911
759532390
7696658428
739429495
55946021
63671177
8372745
7098656324
491936647
1
512070
40
8802198
273198008
9436
25
95
4858853213
883516
9360
41992
614362243
7
8
1
16
4342936742
8228286325
3685
375
27107
597
1436020
7456
99879
596
491867087
7988779
60058023
9
671
30
848757721
917523009
8013243
48
741
7751
2330283580
5485729293
223936830
40
965169
8112
483
7769383838
4
181470816
7438988117
44102
5
700863485
1019
3067813025
20
1158
1161633534
16
5688537
517
2359412
24847
787
16436
4407312485
33426795
33924826
1175329371
407
76933
4490079
3
6075264
990891144
7
96533
5508512
454850566
4709496
787117234
44143833
942845
4895607679
529305
7
30272466
9151374
325179346
143636
8182364
3735943666
9995
509497
452
5
70147
63887
595757940
27109
86311519
82
84
46
235339928
423399
8497672
5
6217214
21783039
988
64
194290
81961992
6870702669
5645661
4404791691
685319278
309
4580980
95
141278
9727833185
849270559
98838591
474
17
57
6
1
533836
59021796
170
8289
76801
2
9912726
982890
67062
28496896
184851533
754466823
71443266
684467780
696571
7351972798
30356
2736
98630
211104
26047593
244129
2
592
47109
50668879
444980396
7
369
545
90451977
5032673562
8449
56346
9755295411
33042916
605712246
44393
5962417538
7635662
13258586
54
1726310
204334
696
6
71311
4394270351
571
24
73
6051549224
679570
209202988
8
3535691
6382
780866793
9248
561475106
890888
28
69
7848
25
411573
490173597
108866
703
302958957
3
298
49252030
2698524839
105813
93
3
11155
724
4902264607
89446489
3910176980
699
2
621552723
7205425
37921818
782813
2
897876788
368
835602593
7621914647
576
446931896
202
61537778
46378842
6493
44202
688
9
9
693
43499760
6
6041781
4656505
329
9230448275
7
41
9454797689
6
1214914
7983066
196207235
50664
8350706
9093
9329446
83657
2
86
361
279854855
8
463
3
9
9422734
17024260
172
3267
304285
16
7196491
9075
7665174916
483610000
276203
4730475577
54881
2895
592292
602224
2
4357913079
72650
7
765487857
8
17660
9
781
26943010
6082698714
149085
232961
35800569
7
65603712
5178608
454
62102
26498
73
897
25
91841461
69
36344621
328738061
486886
395
8191778
749
33352
8211
209719
27
8369056033
79819856
61893
65
13906
980070
448
98915
204924
851794
711
2253227884
4052261
51105
4721950
6411540441
88208871
8890041
1396877225
98164
7978049288
7
62448
48
9946118
29207
9819758
65913725
726100
6298179
9313572
5979083704
4
386933765
5991109
6017059700
473085900
34
496543
8175512
128383
92
8833526284
729888
390257
49
51914142
27809
814355506
520513
31979
767779
921
8
4193451488
8
6837
2
18197937
69674409
4
2362750
454
5417090454
9641
4
593
6
1531832814
622226
625341
974
75426
318
788114
62198003
64695
215
66288698
111210172
690
885138171
225754
5974773748
270
6450536
82684422
4631167008
344105
124486
635
89300
34
58768703
11324109
197
4671
2803
794103
86040
1130
4
5323
3284912420
96476
342
6103970994
69835308
2314
9804428798
4051655
581528
3415
6000
4670096
6605
22
449719251
9590269
7642
2
87
531
29659619
1188930
2
823
570657407
7
15833
900
883650643
48185765
5397341
80689924
20275408
515014
7164
650914079
3072514
74827
1937395535
40114548
597011615
8478629172
1730866711
726452
44446961
5687
3
213354
3630807171
8
7089990691
712702
422030051
79813
8218
96945
420811
512312
4037629422
329
81
30
5770
89
6623631366
5439523447
9177352
2933
25345312
9393013
5822
5362138461
51658
70
20935
32911
71
7
7212227278
1678455
441823907
8
8
47
452239
7050625
5291
69731
4164
6615
8688799
5
4149644428
909
76933615
8842002070
85
79
586986321
5738277102
471532
4831139
1133
342766945
956
142357338
5
5562
8980629
2420130714
43
876036127
62983
5
3576272
74
54779
321
466859
58
4016
9201387856
993130
4473504440
9957070693
714
8237
3664
8
2463428556
29361
240
7134
251781
12116
580764238
9376898
194749
6
87397936
12268
2960436225
494591180
77791
234934
47678
2375181
741176
54
606
2291
30420
879855
190698436
1803683375
85620629
50
76
9928587
42
671
7330
671348505
432
8
951150
3360
182
61
7873621
7107
872646
339233747
143420833
7009986205
6
23850260
95562
8149461
606927
8
83
88457824
95502
81827036
239442457
215
64265
699
2
707903736
62090917
80962751
95
160
850999329
44071611
143
9
8271804000
9
5296458
3519169776
9509609522
2207104750
3574
190
645
604
447073783
2174
123
3315
219
105
7669
628729
619027
2435699
18185
55630389
3795994
53760559
60871
9114264
92344483
320
41174
53573
53793
5860481
57760
316520933
5
110725580
799388032
71030972
24955973
8424034202
36971
907218
6901071
7935769
8320688599
3
49833
20
31367
3020701
54
181
6
3
379254
333154
4
885960707
4958314409
565
20597
5
919
6438010
829428274
9
53920109
733386
108105
678
1925399
34
2319519109
3
695715840
6
443376283
4261710
4540501726
86
61732044
30714
202532
1268
7286869
3079061450
87
3
428892498
800
24277776
3223899
7607369
130005
86851
6692454
964
65027069
3
46391235
80650138
279
86309
6905
9
9
9831839813
25563806
7
808
1241063726
374
3325013830
6109166
4
4319039500
170613642
921
4232306
5471
77
941800722
3910659
211961
782
6102256
7901162
2729351079
9936
9
4854276
612026
25162923
963343
973781961
5059
73626992
9515
6
2
5396
495
33438097
844274
910025
570
49669
19342
88167969
1277425
53362
7284623527
8165928
16488707
543072225
6487
784
7
375682
82744
4
58301
94472
19717009
3
45
7268353238
8496
3631597
1291284
277
39902760
644
1396
76902
714395682
27757914
16644843
9
7210837938
5720
19401
35071627
1597369241
7097
3173449
1879304
254098
146498
28982708
11222
1746648
105
3669631837
8632
177
832043
4577
4466
91656
43021383
33
3370
827559
87476
32761402
3676454283
39353
489
545
44528
88443612
4115
24
7722162442
7752144263
30916642
3901
750879278
363873
6832669183
9464997187
843247
4
8545680
451
2994091
7006774
9302
760183
7637934745
7329906
11660
2221525
2263
19
4036292051
4
9100
694219398
17
6212
32704027
176
44967064
66
62
398944
1769
408454427
83592
2742125
960426575
6
46501463
9
81128138
5355978
7
260897
3362
32
3797015052
9034259
7364
82395
13914766
581840757
2821057296
525374
7482370821
31
454781552
8208509218
9
577
62899539
22
2699677
87211
52
450
6
493618
581
79
686
8412828263
1963999598
905557
75
45303
16
22702418
79
44775429
77949179
410670595
82094931
34
389529
25394211
83803
4454
1
230326336
3976995960
5802
153639
9388655
8688088
8566035619
12817
2728
6528020649
1461951
6
2992
3
208593
63325397
2806898
414698099
732290
94007
9474210
4901868689
5
48720
6
27712
4700898
85363773
7370036
70915597
778677
291699407
2364
84
2551223
7
5499
5932239710
84894507
4762499236
97366046
5552909018
257884
9547587
222446784
287578580
563121440
4193203452
428979
1
705
341342
5477
8796597
8
31
8
9542933
18180304
25915502
8779756
9723670
9
49460113
8366202845
412544120
8981627
340418
14882891
6466305
4158481
15005275
9991530459
44
315
8770
6617344
69323
7170
4403825
602
938871733
3824289630
960631
33209
60379008
952101
6548151
9056274
72051
9026
5365044
63205
3806003
76896
534366
35
44869202
2427
7338560637
514
92131
2714924234
14
78
5837557671
71220178
62832
900127552
6693864973
4526516351
245
51
8
2861511933
571
38350
102224
5
89162
49894
3424
4601637
871455
751349156
5353753
329674
19559
5475
54
978354
83
7116085
71662918
921
26
62818590
7020
71
64
99355
8062203152
319
258353
303680
8
29461
7059338615
898
15773021
42981731
66
83
583273094
559837399
171365083
37904
14154924
53891
12408844
3385
32337436
7772246
35136078
947535777
869004
610469387
1290580
595738
88
878389
1764
8868030167
69479
365
123
8573210417
2480
9563
8577819
4147
7191
9246460106
4760527902
19966
85
14398
97386
3892922414
403669
9349892054
94439
107586
3519
5
747872
335
51127596
1
729329881
6917
936676701
6602600818
41022
8837701299
1752
1364485682
492060933
36
2
676959230
355539990
1137931
1574396604
309459108
9789
102
8
9371721
49
3522
1615256762
1
6
31927132
7
54
2
255771
1
347334792
6886891
764
7664
30672
374
740023
1530504191
948468619
930599
2
1240
174
7
91403
3780
91114
110864944
392
4274866
4
7977
292409629
22
6
4334030805
34229545
94893249
228
2685
9050792066
21742
75588
59
74281
173932
31
2481
56856930
6320364493
4577996772
9914
62241
35719
624071
3959487
6
6161028709
578447647
7866
93930734
2758711
1668
1396872309
18792354
46985561
76
1077385830
49128540
48254
376842
46219
83
68459858
303
50
20
6712464455
3206
515143
144557
15868149
579
28
3171828
6
2097
25
6353009
87591
800881949
1467
18109146
3649683447
78864854
77932953
319604
3289
5236631
2107615408
633473
59430189
14
462
17
7
5764
2
5196
674934
48904537
33348
9991
34442349
88
7514132
2
306386
641683515
7466541098
3169503241
2631940865
1932688
71477578
9723598493
147
7850576117
70
81446018
1422563705
5
930300
85
9
381
381621664
739
873
12
536
9
928
82806359
772060
3602855287
835583
6520
69921600
525
4378114
8526925926
217857542
63442436
40
4
672252981
8556104207
419330
71493
385464
314262
42
569
82824
7825
46
961710
4258843233
6715
2648
468807
56675
7805290
77316
283953150
8961412636
97267
5126604
791
70199999
599039224
13
4627845816
529641
42182
5
35906495
465204
62930
11322
5078401
942253
3795
95
835405
8
4501055
852761299
6840050
5
8
33533
65
7028132
8
4
658957
3824474465
68753255
49
6419168
84333
2635320713
5
64
265
107
10127
1
5377
907426
3723002
182023785
7
5891649
76339825
9
1752095554
3866
51740
97645
3052024334
3624081234
122
147048668
23845
4789
28439
516978913
8644
89662956
78714097
2935068152
35
163011
76
17242560
59808
4935
8312637
9786823
646795
58
8753
5834393894
1838880260
632171281
2760277750
30
596675019
1
25786352
2315663
640070870
8318
11
58
68735
2
350148
9402
20
8343137323
19209
126
9906
6423163565
74852
3
298
42
8275539311
90005
36
603296168
7851584
93667304
583198864
4899
7015091
2
44
9
49414699
398
5819
10
5483425
2251
1363121
531168
543357111
53
1513
95984
6900276
3
7
839
321738
4076
5633280050
691
472078711
335676457
6
3040911988
658
3018
2471
967143616
74884
16301185
1
827903149
906116572
7978
54071
391830187
2821900
136585
314236443
604485308
5
6
38303271
55205
7816
2972201
5788822
5
3978190
475968207
289955873
14
3
82667
590
84
9
410105636
17979
9920119504
8505590132
89
50
34612
5895539833
9908350
12
775
6109054
77782
11753707
559790111
59
2
820668622
6
875
573985885
8409051246
98
76738416
842785
2854
298911
718119180
6678203310
99735
4874061268
1728300
6025439980
61401
1650
1301029519
57
982
6
511
8468901
532551461
55
234410824
3
3
23670598
628783968
68662
567308
7
253979460
8560188356
913041657
87153565
702112
30891
2205
78330759
924
3
1
310769919
6421958045
63052
80909
4
73242107
64427
73
918198467
526820462
65
433126392
15626750
4
4605
197676
1351297017
6730310
392020519
535142
1799137
654749
106063
5287
6477533
2627429
92
19453053
2685
5270262
47
48380157
94914945
70888077
5393151
902457
96717
29
1509824
87681
354978
43220282
2766593426
5215
6649572
50
526583
3257092
287306
967071
625782
2062284168
9
4046
97
4
1829
2431360411
5822870
40
82099
2074639
2512917667
5393889705
148930713
223
350023960
3608932
520
23888
6640987
4
833599595
477122
7269339
279
204
8332
370
898
40090194
3
67
784438309
62
240965229
5224277
6275
46
4
6
6985328
7
95677846
9
89349291
31
83
8
9091
59243487
476444553
10037947
23413
4548399406
27488
748705
422927
3610337
29308221
885
810765843
88
30286
67141722
2170301
25
7
186329
25
4
9337
1
670401188
1
1
77341448
77
51238307
9751
440
43991
51337
62352
2811281952
9
97
985777
74320614
5
68947326
467
8406554
2376974
834862
8652
1879
5229787946
83357294
56368
54944824
57
152140514
5997046377
24979968
10488807
62439
1498212
1
7665503866
68609699
92694
156
185
5
664
72
262738667
416
29467261
9823
8
25
5
4
229169
78
19523
6016
55863
7
7
559335940
2676721672
3
85713
30
643
834555
819711594
931217519
64
34
675
779847262
4383289
2134
38283917
95805437
1418
97644
262529
91824
22
3462934
20466843
41825758
6178537
518239317
997257
582
83
3158187638
109
5687819689
85362
228
8246
6
478536
3
501
80
85
435842
58
14099612
770135257
1
63151038
660993490
353
27323
231990379
51236
9704710642
53154025
796
327291540
6127661
76306175
425
1672044
333305709
2031347
16
5
515189299
5242800654
6
46
809637
45433
43315
7375882275
178163976
50337
236795
1
7233
82
7797674
969118
606
8180060937
645580871
64805
26677
7
1
5216337
17571965
67796
1
4
3879732592
851783
225984218
7
87460
928
9719308
177
626152
30903195
51750
60
82353
1
64542518
8
3948
84
394616002
3241567
723
924653
547
443209
86078537
2
8581
8395
1
7533927
28
1
93155
2744
6575039715
3395967
809810322
5
376
640387867
72134
110
9797293558
458280558
7695
590387647
66559
3917067
1767432753
25
77
610896281
621663
53729
2
635358015
2
6655235429
9615484681
824871
7373958682
1450880
9268
6
8
588981
30711
4
17182
858365498
6478627745
4114
6
9
146035
5544822192
76488227
4397267
5373424768
92
33694
305
8240019155
671925057
96
704
19184
264030
6742226358
51
3731
738893189
5147806
582
3082467413
968
762
83471760
4205
87334027
1972014
8139
394326637
757
2
6
849953096
654163
7
22018718
561978
32330154
462178373
89455519
496104564
2083271802
456
7458
332070
8996
27049738
694666096
6597082185
2444283
155210
305755
33
2411835
1379
40
56
3
750
841
15227076
63
6140
732073
405
7390106
3687984
4
94780177
2
6931511
5
2
710
726
401795
3786855
3913025310
6260901
9983
829847
7636280716
3938139090
329976145
277895
873344179
835805092
2
18338791
4928
1268481691
91494452
802620613
5
161665327
6898067
38187
92379231
849942642
6
6
41377
6911896
9
1152054138
485429229
86545175
4
3943297390
162
4783116
90452
991025
3842200
38677910
7824734
193735096
7
495445
6
98926539
4
8
1426
1420805574
16
53
7834
1361513
2
66922
25623
2552962383
9891
75293
8037907
2684423
5598686
805121473
846778293
13
4
618
404619356
8
63
89
21
7172689269
43
64085
7929778134
6802
21039
49641
16917
92688
46
53825967
873895
2369594
104833
519892855
24252
1726209
473173135
796713548
29024
5
859640
67299972
717619674
73393250
9484333
884343
399
835373676
1463491
9
534857295
4995
96629
7415205366
5038160303
96
171
76717750
9517
75722
7058153
21423674
297572233
48039217
44027
293290
2832984
822418
4457
6038737550
7
53574091
7527966463
7984398125
89923212
720404
805125
864
4754
9708474
12592
8873988169
3
174
81
77
2
9812336371
613082836
143334
315
4
487
87006
8787255
54790259
98974123
938
109862
82519862
8606
2
370
533677
575863063
537954
25
170
1609151
8236731948
61213
3572477750
374169
561
953
97122515
247540
6610
22202
3664702
7077191639
840802
80242
3
30
290311519
3610925031
99
365031
99186
524581008
38514
8126
67229
197148460
3258
13883778
58909739
92965
597
119
4811
81
1862
185161748
415
13
784672943
6487
5527
19441608
76626532
675235744
55
43176
564730
1496
93175525
5115116
87886
762
5
6
7336734718
6
183170540
619233618
1663
693
439353
50869
228810379
58775
4037
3521299
736519
95
9
3
7
70
4
18522
57205992
46
71933
9209
40580070
98745
791
200
26305
9
6648978
3469897
701
734158
160
338737140
4
94901314
842949
117272
42
3
4313284242
7742
768864
70
23
26518
1502706
452179
71782590
1298
926210
94238731
86728
98280551
3517
7097399
758
3
81663
8175
97701
709556317
19863
22245742
3665
678685
495537
2360533550
1489
3746
3362427
272916282
841
66
6
973311
552709446
436541
9
5889610764
429316
863
35625033
8168290400
467
480
54115645
21408186
41
6639
61511
25
87
55504204
1381593
85099
5362947
1611329966
933
6
1901466
6597495
99622
261135110
39402377
2808399
885301514
437724714
66100
48357
270216
1262
335167
3320540748
2608
2763503
312716597
534492209
9043
787
90227576
634962
805089508
18834462
9597527
953491711
17011789
8
9154
87186
513964223
515
78
147627
86
4
18896
4298170
1284014
754583867
2
4986889942
7905916
11206
995229356
89
466476677
36898
9088
421534
58420006
9572
83
109035
1541882697
3798693232
6807083819
6948
1931259
24358566
335250993
642
25621
305
43
834770
440353
825386
45
80195
6536122
50
708
3
315073753
757750165
220
33622101
2526397500
78
5
3639
6056477100
12370
9796150
6
77
409
6
13838
16300715
9710340
777
2009380193
5409992332
5567
8166226923
961464096
4164643
358
507860
147408
25263139
928
81946
5702
7753537338
998851740
8077
9088676
73
95
7538
71610166
520791
1549169913
25902505
1976253
964
6
66329
5275
3104955
20591
6464967
16809
28
976
987530013
673
300270
1768327283
281891
8302571452
4086329265
35721
47
1
8036536597
15991
705540066
40
25862277
576043
780
728
2922992
10921
3
64268886
1776
58288430
494547
119031
24
917
3088364
4954384583
727611
188
49085
7200
880
2942875369
46633
91281780
4978638
408795192
8
370686
2487067548
80610
6563181
5516337594
7691154
276425145
2168473
3148031
926819263
53
3
74946
3849
108097
59558301
8
15507993
7761253
747281773
2247367935
416
19
7768715
28676
91784
534
40
560658054
991812
4325
797
5254465167
99
880048048
1352032
809
324514
58654521
836908
97836
24387250
432907
2043512
3
4664088135
22
747271
5
8155215972
5024575966
364119884
676307
587904
8
6168
5835420
2292424
6210071858
8651859172
2494308
582700
5148467
116866
934330723
55866
8
598623
369
123530477
1
4380668
901594
55
274979
24
193980522
45554377
58514
467360
237
3
928
99107
577
22
990813263
9
69660656
745310
2277412176
704135
19
497529004
2992799331
8827
7784847911
75
74764
4136750991
1907209
6330964734
87
2114
2905662
25
3
61
5
66
982138
17
6924018
68320
20361
5
10495478
360326
90
1
98244381
771361222
745052
296840
9140
64443
81
657792076
1379866
29
5
679
970307595
326
9800
201721354
7
400
2239808650
3
83852
9234528535
92309150
6465734396
4579824
89894724
600268859
9
5376293
6
1918
5470361
2582665509
84
5978
8602
6
69
2174912
3307
526222
142
59078
33327544
183596229
88
6
5331
76139
4050
90060980
5801840
5594992
1593428339
51604
23
75080
86942
700
7
3009
6294909312
7809
72
432
11
8430443338
5133081672
77
1236
5198996170
46193926
755662165
9302
6053
882
25
9179248807
587
3380
5
20224
221306
63806
731
8
75352331
5
502401
44704
953
5131
6121
52155
4907619
508836
10
1
11690
357
101
6738
81053400
6927
499156
7906153307
4
3387
476982
102778095
950506
520422815
504168688
93321
4899608038
146
4186
90865
713
26097889
821832
7024
648377
956859
6530764851
48850785
260
64355207
47
976
84816697
1221332
9365
6
40
60
72716890
37
367386
46366915
8396
3928323719
3
109
2505626
31
11922
2849
2029
8034732130
23
590494859
823765678
8
3025427813
36622429
78897687
6999425986
7261870560
6476
743
76377
96425273
41
5288
7357820795
856
273
773444
3
2
233050141
973635
9366990050
546294
62662031
275125
4614651
3
998251
4423286
75417005
8
86307
9863529
259608
9230988
67280
83231283
39829778
1435
5116324616
65678340
500809
619017500
3213527
396493
936693
2281784939
87130
27197266
2568
104680350
145369275
4211
9107131648
791170541
481
17
7
4708612891
2
16411
716919040
7332
19531815
3256728182
5068021087
9791241906
147671
8503917412
109171
72
264629
913
124
341125
138
559430
3219663
1884
98
98
77345
46
1020588
66808690
563036
10733864
8145
5241591644
87592223
150
1816234
33070
300
2909296
295425
921571
3
626727380
95880
4055461801
8021424
40
931299
2
50681
3832248
69
2334
8692
96721926
728119110
985
16163255
4735550
587187900
6
7855
519
374
592900
62533769
7967
98141082
9005173711
214016453
863118517
5285571
73361339
88518089
592
37163828
6
300
19045
818
426
423015
1199205663
339635242
633
65335617
68
42
479797953
591732352
6269443141
68899479
604
5960759257
75445754
1072396689
1631
298
406898
473539136
85
97032
340131
171414
8502145922
1
4647360526
3247527
78
5
223870070
766749250
144
483446738
26379138
1
431
188
9
2078346744
91854279
4625470810
8
79257
49648160
562357
985584
575187576
62
742313207
8940727
335
37
3835
422936392
338
9214
12855813
5794526452
4
61508
750950
316
68583
862869
863
2268
43875
24617154
89
4519
97232898
580396
898713522
99
303
8609
716263147
403
10945
6123595
3844719
9
25
935
67354
332200412
75955266
9359
96
591886
751
3159256
366
78463428
6415850966
4130090
5
17761
6046
50736
484
22774426
388
67
441524
29040
928602
3862
4
5676979
9968
61394751
934
36
6673607701
675863060
6801
67871
583696
31991301
303919135
27
4630
68911
467
2599
4696
70410
4
676875
481
69
5152204657
867856862
71430
9635783138
922
5610321
7991915
99
184
9623740507
11616
2
4
849757149
49
794131707
98
959
35132
91156
9
20675
52
33338
91532734
4
439
2656544051
51608662
7
239
1491125
29542781
6492577655
677253
99
125
7542934
756787141
12594
11
14380
242818
2724935073
74
72
811425
3976798
4473
60
53008726
9234694931
66978110
49
29360405
129
1513639656
633
22
2385555575
257
673
29739
9236
734459
88
494890
2906623777
6
578854
394475220
27
5
579
3
711018302
4
26
39
35
1740
5
3179993381
1837
589311
4371027
4545237
186547
5740392
22
2572985
5
3
590131671
31
49196465
29291
95965887
84013583
18229116
55377
618942
8641584
5
42076933
207
4870184401
616
17692824
477970
401
13453
36843
68
3264
284049
659002370
46784
86
924315861
706179
336680500
29
8
3
8542381761
60623
9058
207130
628
7
62524
451
418
32376789
1707
710
603
2432929
95
63586907
15578815
737
7643645
62
43
141740600
948152958
781325021
2925
2
8
832
99
3411323
85
98184589
42589
973573
797817791
6051435750
873021715
6269149
684
980161
3
1927900201
44
326
222
5309419
124471882
2
8
14698
6
34152301
287209902
57587
1842803207
74839404
2
8924
19
7586
285
398351
28192
24
942899588
22410644
97
604009
9030331311
78
75540177
842481
6679182
43002823
7592977947
26733394
4238232889
573
837809
5
356676459
8451330086
285689
3
18
97
1308
7778831434
4
9349403
89489757
4977256232
1
515
27
8089010575
6985609
62455
704989
587693501
27647
82518685
2483773311
49
129566244
501
4977957
74946888
88142
56683110
57
60
154
5854212624
47450526
6
21
631218
2
1433150
9712
75109
63
2785807463
441578337
4111
22666
579
4780759890
3959
9812
5813982290
613
6
825825535
4789270
39908
53907098
51
681
873
58
1481
20913211
178
13597
953
55
8
76991529
27276414
39708
290099771
33649202
1865553354
2115054167
3
4762
3876995255
2343575570
33
82
19
512
7447
97810
188852
77497
534497
6087925707
805
418323658
7
2775
8321441114
6202237
86986
2238199076
25810984
870
262673792
1093
18682795
5718
67
62
9027221
56222258
874
396619
915
67340418
827726981
89
349751
3834
2
976938570
1873625960
80
19
2580688713
1
36388398
8263
7294680074
737956
8
6
4872932
582371
3209046243
8390
24753
119
828901689
8232649
6015
6562
1383
920893242
143205
36521
30761
661
739
5
73
920264
854511
305319
1
4
76
385
81
50
9131
206645084
58754
35949
15
803860212
7095915208
92
56980
233
701495674
23686
3571612
6088982720
3418021
948
63080254
1
3
90307
980296
42
887014
9627
2393168
895274
82544
60334358
7954955616
12
62814792
74441405
9514
5765436994
651647329
762809041
5523928
8
6
75
44
521
9620070299
7
1895
61
61499
774891004
1206948021
87114
82655710
1178531
68657783
55
539506
8
8838617
5077
4
811435
175562003
271
5
8283
42
1436105
9510977
435470160
74
1881
724935105
35946691
28479
9601115
621
543693
6130
697
5899175
18117098
275413
6477491
7540911284
9733119997
847912486
14067
296337
8
5
6427805467
5787
943411527
6726842
704778
4527086
5258
73472
70
15782
770141
6
39
237
2
39551148
9798
190
185
1
34178
25
412715751
9037
6
112768868
884892258
8415539074
558615850
8468
306
5076
4537015
47707
4
3160
75
60
371317743
918
5155731525
8296105
4869696942
92099
7875091
68
794921785
861597482
36
567
134704
1
803
52
7045990
78570455
4340819309
510
7998875
5
17
7669714605
6448405
9420809
4672
82987
11477756
99234652
2521324784
700534
21012484
432129817
53077
219
27301072
594
90
18197
1149273235
1929368389
289949
881480
68941
840
6690822
838902
44306
2044099
527083317
236261195
42
6878664049
983432545
867
45
444
80553349
8
7029922395
563133
672539
39
42955
4662
7243901
64297627
9916
7824631932
44
9
1165196058
9869
6
11
837
4866
612808
420087571
82
800292214
27
6222601929
509083
809
1
123908348
85546356
22534095
5738586952
21518579
9146417
281844
9695771674
1054176192
3724468804
82
87
4724223087
1044053
3
73684452
387614
7726
3
7791646
888
684
7228
43900
56520
876714614
243
36954960
2539034
8304947
2940487610
58581
2836907
2
947125
665005
8590360
807430048
87001
975
23
3
957851
337
42
7467
2854286
7
2
927
4
3
76183
1
975
54747
7
62522439
15324799
47
404659259
487
439473
2775
22
31
4
1546
58
57142751
94920
2
46224005
990968966
80710325
981126
5866737904
93240623
689
281
426871
919908095
1348581220
650311
1942792187
3327871478
3
874
856
116
7662
3
1653063
141042230
627271368
117766
8948635544
4
34728826
3952
22492
8
9639707738
9000888
1894614
9
3555745
100
7689275
18244
13768555
9921
5
990030
21366
7086611017
68
67801
48766
31
13700
4648
59164
95
9637
16086819
412
3939
253
1054
9839
73
29968221
64257
884469484
35486775
9276873
963056701
67147
267329
766426
6816396749
887982746
26261
70619
141
769244765
8
31404
1811
15975826
38
9906820768
853234317
38
878
37492658
382796
4
52
909
51
7542
11289
99644633
917151
713019379
67022480
6
45643
906196
61345550
99553
20453
5769
2
95394
29316
6
3476675285
594
513516
339580
70
42123
64013
567779070
2414
27148
7516
315429
542
9086
7080
284575
56995500
450279
727
52344239
437
8925806
579351223
44643237
562497
3
8
2499018
105617
512
212974989
207
7072495
61501
28841
671475
641
190163
209
7066
4557
9
4334595364
61060053
309
463
754909382
66963231
9455587206
8836411958
52
99
561814
765602527
743844505
8995
2
34997
7593473
31300818
730621
91
712909405
733690577
3
3858
789
8828660
5347
8001321844
71800490
241284
6920
99947
652197
8065
48321064
5375567994
573
99704
61
68427304
113693
1843834749
94893168
7
53818
2
622
54474
711
6602549426
25
606023
2781215617
75134
255943806
823
6
93227
77
63715264
181607752
1359507534
9156
9093472
7121817
35074877
22105390
63315154
32
157808
73366
6840
11
64418
50
34
49235911
25596
7633
508
418
939043
450936
24507949
822
3226952073
9759
195394942
3444
5582725
95854855
4475914
36311138
7596
868
39553
76
1145027335
341
3003531
12962982
8218094
69
969039
93029
3
8863
34
555292
26925769
132809203
87719
1
3
94700578
7726302921
249478022
4873129
327028640
8779
22794484
811
41036073
53271
41247
176976294
62598
102
754
48965397
26192852
5
34337075
2665289098
7736782
3
7033
60
2980702
4197406615
6423069
902058880
61300
340
9553094550
92725
3765
75836
43
3
3104
84100764
7937
32247
87174976
8929
685482
5094
65836725
7424
8299751
82624
502513033
9211468159
1
95
19596054
4
5685568250
138
562500
63371050
19830
523
738
9619046
475420
73018
4
5388
5
8
14
30176
8139
612363000
8039450129
9
1401603602
90642383
94
70001828
9
290
41846187
9649
1105721
19
992226867
37863073
23975994
5647421
65643513
884057
6656
3930
62
824712087
6
54
676692610
778192106
83445
46
4884874177
405
2092658071
8452014538
1285391
6430757
4296026442
9811628286
642559902
44985
5
6342190373
7178225351
784950737
2501779005
548514
368426
6137239835
2361424094
196
2633
47420837
286
2759459
64697
13316
552329746
7450197735
9074040
508
4
9310688188
90
6555
851978
617040828
4699603003
7159624
1
722
541315038
755848693
36484
82310
7898
94544094
122927741
6844952383
98
9042483305
5606
69172897
4
8
11635
85
87
57318972
191366106
959748
75423371
15
4228722
6506134897
72165783
936424735
8
567720
39474
33138558
215483976
62988576
9322596251
4805101
547562
51
7159
1
268
988
24721
21863559
90457389
282
6688600
88604
2393951010
28
5794210779
3585
8817885
421455
38364
4071
342
300676767
38
6
45689993
55219
3812895
9562
92179
1029134865
232
9838847938
612
893
420915
4527267066
564021
74
8126324670
77
914096035
581459221
910
747014339
788113
590308
884504
373129
3433931
3
67974
799262
99
286419330
2214019763
17722
255507
7091
316
868
504448
18004
126332
5863
354461
88011179
1541
68650
82585
94
140410
3546192790
8038
6576643
3
18636831
51337395
66344685
93
290015699
42
11
5360516285
3898
27258
88738
803
322853616
89699768
638
739625582
4483737
256979925
7
396568
218
3
39799102
3
4607
9881767
516094
285
191525
362528
6820
3212484
51007150
558513719
124258482
399944399
7538
29294941
3257003839
4501454773
1703146444
2517109
4
39
3941951
8279404
1491
2
727084926
8193617058
221585
13
9536294
1435
63
7873
8216665
77644
652
539
5450373
510528022
971
55179383
486
632341
169
3157475
9767667
21
2464040079
303548
4896933
39350000
829227222
58531703
81
1
4
8670710
6537391389
3583397
906996298
306
85262883
469412540
14766
9695270613
7
8330617
6
15
75
95285
81
946045
980
889074696
584659
76143464
6531528104
84
9660
5
5703
7428274437
9464005928
254058
9514052
4767505171
9072
24169
98843712
1357
3223253
58103053
78
39454
500
1337433
18016
1128
2198
8001249601
914479033
9365930
45048
24
22395912
79796204
57
3
862
1798038
973
4947827
76
5128277
850
367717
98
2220707721
264
7946736
7041692015
70656
496
8799
876717
467707
7087635
6662757
8
3394232695
8912348
4
91
84389
308323183
57186586
321947
40182799
2201
99
476
81874
2
9949639691
9632898
55103450
557
532842
928785
4900
2377
94760
8
38
768062
982
796413727
5
719472
4546906
9759
8492277
9106
4771770511
27833
5315291182
338112730
43
174
32618
98131869
157
21245143
94511988
4361049107
9772
788922219
72
7458865923
33
10095732
9356
57320
1
773434309
3928259315
8
14677
446324
997
947448272
60270991
4932233
45252544
5653
73871541
608767201
4823
624773
140636
9581888046
72351
93792249
1
103
27
453656599
71409341
569917050
23514818
889
582
389079164
8785231231
38
4792
10155
626934336
506820
381
85230193
37379864
1
76342
888730
39
7
6367848
7380808499
57045860
2
7338925
48278
32173833
801517
38496368
7960
721826
9300745
321177926
3620
5160928671
472612308
377
56
2079
674
92539879
6362
1766059
9848
3529
9822453
590
7586
5314673641
61
6097386583
312500190
4
8
8921
30021
6801743
1158083
756359379
599
1
78250
48725963
5425
589
195953688
97306
37
793528
725530342
5
99333655
2078889357
90283369
7401071617
60
1
7793
2899235
3582275383
91715
832532
1617028
3
1259704
669593097
88384
4877
482
3
6
8022448
2
277
786
352616436
2625
83830
8912170364
7542574
597143110
149
2530486099
89135
7581609219
34
28030067
562749680
983
19
46475109
97
3236048797
22236
98125191
8105065754
36424
431
638886
12511
96940
819206
4594441000
804697826
9020428437
6132665
573
42
31652
1944
49862
76583
24
4680084891
72113
255511
1
455315
917
98606
4045
906433723
80954
5
4
4415270226
17
7836971157
47067845
85
70
9388
10
5672604639
5360
99
38207346
1
532
607888
243270
722
3
7863984
13543506
39361
427
2569
2613
291740
5
509984469
8
567936
286953
54530
89616006
6019664400
51733642
4846818067
976823
39
1600
1
7543
3
44
69463575
404260886
299659
2
9125609
7
858
6388075
6173310
73326590
496872
95573
53
9997
857364740
5810138658
479619937
7
5557263989
96824
73397
7282
9
45540394
6605522075
7645
1883496516
98537748
4827842490
570468
143350293
51553530
2260
8023470
14486924
171092
6325467863
3716828363
84
97
92139867
58
5295
143
96070653
15386
2
44537
33750
6
274
17810293
69358593
7
241
6
980391
8764266460
16281868
5
1367568
17
490716
7
4185
967553
51
614471
2008277
8307583
7
7
136971
7515
64
74684177
77605
4398274615
3595432657
5
13
708
9
576
637
233904
14
5302815
91931
6096
5380971109
776561890
74
38
58
859439311
9494
87742462
65826
7
789484
93
4470
8298
881
44179232
923321385
6353
47773
589728139
8
192
20136077
402017
8
723116251
19
5641073
9188
2866
31009881
27763
95082
5495078299
7536808814
4377262038
1868315852
8
79590891
8465188401
47908
8
667262
448014359
20134846
89607
72119568
24797
9047496426
9415894283
167963
692329751
35
1665486471
596369
4591466898
1
6315969
45164
87
751
68985
64
57
7
53927939
92
416537037
99277
40101
2765197
88
77744
307061388
895
257771834
190435361
3603900491
4474669624
2757250
84353415
179979186
3442448187
11294523
3
20487
617102
3
505956
1
521
12
199
534846338
4635309
4
5207031453
28
5705
62
40562800
60
84826904
512
9242549
2297
969166
5
26010668
6
8190489
60
2872699
7597227370
2115
6517528842
6129312426
5465
2531031803
633341
205752
4245
995
916027195
953911
800
83460
4210
83153943
2127962106
8786170149
637513054
901
851
9
444849
234891847
6816896554
3395277694
183183
538
912
52666
6456592043
117
98
6595773661
37090109
83962828
880
770649725
80069
993261
527
3900832
119198435
67995659
26
204
1905
9064324
6733866480
66590692
8749267109
347
6
815359
3212
87
2731
8009873366
665292
3335797110
1541000800
699171
6961171
888486
2811520689
73267
44054
10
259206
2194325134
73
831268320
3389022
7302462
3432616396
4115342
95155
8678048
9180
74425
23
7899017
6475958
4599415
74307
388065
538153
9
23436816
42294
4077421
809
5659950613
649799169
5527492212
3
30617
7030928
12605
62028833
383335144
499466
5
344887310
38923665
4109761440
4927
235568
815790082
578772
745471
490837072
54390364
7086845
744
7
6211436910
4
559449497
39187
30
6927
39
73
707073
875427
6833397208
6545
589983429
104868
961533
8500
740640718
606344596
34
770
33452375
72729261
4
553699
5298641
759312593
6625459
7393497
29738
79056743
140966
6488150176
810
919190
82886
61498
49237
232602502
58661
8246524874
58852
557
21293982
9287319904
19076
45
380
7798242
8490
454594
42
455661338
8279375563
8
4
21843480
2738
8092566516
12
8131199
910321
168792
5304673773
50900165
833024
99
445687638
5386500
9
42
240595123
9151411
8
8401559
6480142
19458014
3
84209211
689211
9976
4446290
830603047
9275050550
5060252
7918521551
6
357012471
3063947
564
883793
2
5437671439
98
77462201
26
6301
78689887
998316
452045242
633
84
5546
92
58439
64818
8199
78088367
23903
2536290
9417
14500712
3487246
439261170
463
878438
9172602
4679285802
5154
32981168
5059
9684
8
82
30008920
508
93416
8639
24
6126599
375
261
97452
3316466686
4759745
926891
54675
8375
788132
14717649
982
383576003
397
35
96
6351795
46952
2767853090
198
74
64
818836876
11770
1895
8
5
71734784
850161716
8691
30
690091
42335
354199071
982
67
4800
56630
6066829
7
568
2512
838967
36758129
32
3
25417399
31
98520178
739
47324
1034816727
89044
6
963
990257
1368220090
574138789
3305875
525833623
171
5744977
21
8230
9883
52208681
958740
70
2549444564
29284795
487
6781731159
2103171
1
1252558
6
73083205
1495
498119
26371442
6
22713
807021
1885
914
159
337526
6774412
5
45470
274953
3738522
251
1450331
933
113806487
411009591
1
59
8734421781
35
3160
9813834012
479003
40761054
6
8930
6092709209
143
37322
6100534
1756
1862684642
9433792117
56345
64296854
9
753
85829634
31656
5
262976360
4523
4329066852
5026687036
60290
385105
7224220352
625
943657018
6
545521
8955
55553
8
3240
36334577
23892770
5
1555
35320
807
3940
10
13900
122231863
4630821
9594540404
6446020
8756521
301448
6795659
700
7577
392903089
499570882
73
9861650650
456592705
632127023
52
188565
8302966
8665110
8
5
2381108479
634926
1339553535
5948
110
1
1
85
199321
3159943
91377303
790
29206440
1
906330
9
9954974
4
181
94
989108631
3526
11164624
2
15
363710
954246
288110
27913915
487036831
96367272
7526
7740
2809
704983884
6050407060
28493
77874708
2
297271085
6468
58
215685086
9329615208
56894
80231580
1330
47
915
5361207
6434
45
433729
80360
6047381
232993
81497
2223
265891
7961488
6232
7729473
8977361743
621
41017
861309
43
3303495406
11099
732
220564
4281555697
1681943
6551641
9193048196
727506
663306
9712454
8
98230
874654
385
9601
88
90309
6
157
185616
37240
297207
94513
580263475
66
9651
972142
8926186
848596
44248110
877384523
620454094
9771378
3
250652
7
13
50154
264311177
94
6
4825
710220993
4489
48020168
98738
7743591
924138414
446767
13285
76284
7116
272
9586951298
8924
9295
34594
8481709
21
9846729
1451840729
5264
411
462308
426
900
3799326
103105046
4899
6334267
7965376742
945
753627121
17960
45849050
1
5753
506681519
294781
6
238172683
96
3
2478041293
83414811
717385865
6
67387791
627282
108
708892
6
19470
9212
4
5114
7
891
89864064
6091923074
1435819
999
761321
4135281
9174613663
132810949
387307689
762926799
7
7184719894
8597133
884
291
790537
111367677
494924600
14468869
8127
82341
817
8433444
694562123
6
4984051006
2
7
6120
25320
14
71575899
2575329
296153113
49573257
66
867750887
2
629026
9469
73151
33
7
315284304
318000281
630
28998772
5105
74282
508343
278919
7180
3944952526
448012868
984864015
70
5497879
6103846576
571931
40370
557058305
814
4422961
4005413682
2334039017
56543
3038277
39661
921
6069653371
5243445
6826215459
6161684
915380793
10
152357313
76667260
3888153174
5056379195
3865575818
124201
3
6441452151
23766318
8
5200
3
7
674513
522
5
9340329869
53262
827401
55282
8422214460
519530
93330
405062007
243738881
3
7184
6998110
3
223729297
7497
70176
499
4986
7
62
3
326489358
478823942
591306905
723
9782324766
296
8177419621
769265
969757452
1722094
366145819
5627135051
3228851
81253
5960133
243073946
845
7
265442850
89362
13188678
971154
1725304
5590457
644418
916995
670
5692
1924
35133
230
3
80
4
525
2326
655806
9424
453963
847324
197
7128212
7373
292333
44409
4765622
1840879
7
29163
258665101
60550703
656821164
6048
7155500
5
765384755
20803137
8917737
686
2432
8987263835
5897
3
2429
856262
726270
3583083634
989790691
3787
11183458
4653740
254455
1735
868745130
88483
853388
11443992
2
5
76209152
689875261
1361617844
9867936400
19622980
1907
49815897
1184
749367080
7875151800
290739
436371
96081
8
79584095
2825650265
84583
761726
4578055719
12
87
94456312
2727494
2260
96282
8995
225
6565333394
79153
6379517936
79222136
854475
955
5170
14
835473634
55888
811618865
4069008
139720
8236740
67754
18272618
46313
8
461225475
77041
30
5047349
97007
4
3047
3238
1248818349
2393179031
4862994712
844
2616
6340
6682
1
26223
115
9843400
836715
11
1415208242
509316
24312
830484
357177
42
12
515
4313
84668
757
24
892
455423348
3
4590474
6
363742456
139152
4206328
78278
7618899
852209589
2062677
18
1771
110401665
174487
57367
246
545413664
890
615346409
4384
64
551108
75332
7235307
714
98224029
35810
799698019
706679
4
5037768646
86740
72
73057307
9486
1970310618
7
6709
8670386606
477351
8553
6242
467
9092
4979541778
768
8617
770
1062139
456874
189
9
472
7164016413
12564
1624062855
45767
593505534
82275104
93309
1
26378
66943
2170
646104
8831492
444903
3044607489
233690
970
39642
6627685
881718917
8188621929
36780905
51337371
6934
7409
958419158
4727875
783599285
952178
894765
358012944
214
670
588497292
886
6634
6700349
2412600
2946035298
493
9869
160235
3
752446
990
8329349
43653133
241924721
6390
40
4939606771
4
6
9665278
33959
673
99
235752
525538
40768
7930778
16359
391674693
19
73
1954305
92
57361055
344319
62145
9
4453773102
5
28941
835923
7746315892
1346
87875064
4
13
1576
1200477
70984
12
820516163
723490142
606094877
7391797427
7994702
3
71
6946174
36754
7
6563
36918
6808948226
1032
91181
688
5746155
690165
39280009
6187980
8315750
8839
15706
758047
2028343
8018073
8054692
65
710
1772375
774829
772467
511939921
77831
8874949
6
1456278
7640418451
3850941
6555
74683
24560833
77557
928
28
1
70859
7823468
6651238192
100
149142155
83904030
7458465
707534325
970
6560536
1
95518329
1710036791
107625546
4149701299
9387
2732389
692810020
28066404
1203264217
489334361
19786
670
354015
55598
9054010457
77
318209888
94874
264514
110683
6403005
4150
697119
6636510430
9470
2
3
6
201
1371
6
4818261652
47045
7314
70726
683371999
621189
37106040
73028503
3440137
48818961
5
8746687242
8196427131
271
502
3
77114
1164016569
5918
7285
30
4611547
1668843550
1921864
82
259229
626962
74800
32
313751
26
5788174
113101
791693
805468
246262681
21308858
8113892
411843232
426419
832
6
67901512
56511
100327
618767171
5009358
2468
20
2
817
5918881
84970
94
53155
78
691036802
9294
314317
567681
7
2003346535
8
4374779714
240237926
50008775
9822830973
98925
99167703
2550
732974310
8238934
935
12
158
8456031
812095464
7
3493267174
500
9843879926
1114
549189
2444
5
7268
808
2
5428958229
8170
725541
4
319
84788904
445196
2011920
675
827296
3500569750
516676728
4471
721256444
201118511
4314102355
15687
388874557
193964710
72981668
1155
8787809983
344
43736208
7
1043
2793846005
2619985265
8783819
5057114
3
9958
38
2350905
328254441
3790
764086
5
419931585
3906843521
170649
66250
1435
4657
93610246
7419
362362332
2230256
28886840
794
2
2
4
63870860
8440396
78140503
42357476
23143074
1528
5945770412
4
5169423401
223465954
355
7421700
87647001
3367616
1280877
27
8494835
3
9
92036
7465
53348378
262333040
624
6
968
2573
509255755
6
85352
389399482
86491
3479
555439
949018
80
8
25
281876111
98490929
38817
533
123488743
7901284
841178659
1321
10752862
968286837
286870316
40369
723659
8033257621
1
31972705
51093184
7
5
2733136671
80959288
92143
271565784
7721141
9
167829
144518
5117378
79576
76359
966315026
797
297606732
4857
2248056
722552812
6456331055
476
918649
49
4258918
588986
59
15951
6882864901
281190894
318807735
67608
42550023
11394
4324226118
4
7055262
82348
6014062817
8328821
3354
787235
58586924
150
8
9659
3246
18054220
9
76027985
7
153458228
9813823
773932711
1183
637598
7478168
894657721
38462
23
1
86487
4154139
5121
15803274
19121509
7
31
18934
3407880523
3
605
3716
3
17
13902541
93206125
269
175
206417
22249601
4048221249
8202
3384
1
4
776555
9067537204
8974768
91308
4656
413
9281
888932680
650734
971938
89
48387256
9918
3145227
8
597904
1
89446899
621762958
63877
6120
7468439
522680326
3812523375
1
4047
408140
44612959
73789842
6155844
8
35
13712638
688
6870235682
6154
9583787
2
163187
2156034
64491959
6
13013
98425073
19561
89559
68689
653369490
93148
6704390
4
759434
4223445557
567576004
671340
7487
79060
7158348
12450
24521947
4
1628
7816
248076923
3497381
8
7851311
2
430
38
508
93599453
14481
9237722541
7968
1490
4
127889
94
6
7
579
89066
574019535
792434217
55733
8380644
1519381
570
2023
42992
45458
2061551
43
370
18
85960491
304947
14434014
220
1640401473
4
226
7
5
59935253
670568
384106886
2295
3971346
3970934
847160272
942
5500605
59
850787
8799815
17102
658146
367975
58369
27
21
68253
562110
557478532
9152070818
46807
3852346850
7
81270
163559
4634
8111675831
567716
7581948393
497754590
7486777466
16
45
5
8850770869
338
6
87726220
330020501
8488611
346
97546808
9561
558251735
9020
3
484
79584
75
475
37
1213214138
3464048689
74887970
359
9237131740
196112
4
2835469
6554230
20054794
554938515
492627
926653
84464638
420
22
350
4
1371172950
226
92726
9200693394
9599469
85
8395494
2913
6329
3381
5184026564
2184631
65
8
5
49286361
2280084897
6936882729
93
409054
3
6252
5
9
90
8699
80577
2379832
8
97354002
7339
332928
107453103
8085663892
9623885887
659970191
20567
21106
343495509
1869
283137
264919833
72943288
328225
41874
47650
349401
464313
907
85062
340
31771561
61111224
177152831
63
4
1
402803
239929
4309201984
3092
58832
10178
2200
56514445
99530
4391
57561489
464328676
7127172347
8096
8
59191965
7973072
813405297
2367098777
6905671668
6160
395526
60
1566
308
88021
990403
21
4128585
5
769607150
9461
474
11
37948
78
27
24
34805
3
96
553364970
6929602
3970207
16
3045035538
3658412158
1
5646
169
3974177674
79
7
25537
2612916898
728499
8065242408
8082718581
383248674
631168
9309860
847336062
10340
4509663
26600
7689623369
4217
281314
8781607
82
6918
58243512
4439603133
1836352661
60717
9538359
398550
39402398
3295
80731475
3388467
10378689
41942
55108713
754732884
97223
80
760584
380
325141
6178
3792
45
13407800
80
31232
9821663219
278
6696758
9
8625312
44
4501
2068671
93223
895785
91335288
339354508
735814109
69
13154
555825435
4
19664202
8489
6059961
309585024
96805
691
53184
95606
1230161033
6019
9945
16492
7657948
51
54393
38442
2
3
221042119
45
6958572
660437
42207308
34321
5540
728605
2016481701
53048
217355
3
829821
7001743
17
87347
579
30899820
298835
61894
181046276
5498860
8
92176056
650046
36618055
49820
164542
8154094798
5205
936205
5370
835
6
9237
3513
92385
73910748
522412
919097812
3
910998554
80353069
2067101400
603352484
98
95172675
306537042
863188
8938972228
445459036
2
8123607
8127
72405819
5200741
5592
285
5930641
387072
720
6321423
9072581
65785
5486981892
1714590
627
4913794233
85906178
77290
77377
96
84
164
2408985474
3230422
175
464050700
2103
97
5781361492
2768831773
503715
92
4507474629
9731
6
2208026744
928821332
282
8
70074071
843065
221115
83
90725049
900
28492407
850106505
698819
1
4869421
900451685
6811182
311690
34
3296
2178575
957812
5325
1204792
7160
1658366446
6363371730
12889294
693360
90
31
9776917
4227872
4
31
792151
48056686
6467201633
2822
355
77
764315
3675767348
96
9972
55994
2
12254
9353
90117
567190
584
3925
9730320092
30437
9
882992
7372
62936
3119412027
531430
32919
95
20
49180
7
825
1686
287
2174181
7686333
616299153
6
9685928
163223
4589894
338
6460652
6112995
12
532856
915338
36
4082492718
27458
36
54
223536
9032995823
37446670
3450609190
8196096628
753
9
4
37
3
3
2
22
89
81858
858201736
5824109909
525151332
4
187
2378
810792580
14
6554758
2
17
5673439296
25654172
7437032
8204800351
278326
95134
255987
69
510196
886045653
608410365
2747215
435
45283221
7727
64366
598583973
9673561
53
736
25
42720278
7116362
52905
7812477
9700224128
5580419340
7117
2
78512
74372787
44032
64906696
3162
782370595
4645
8930
968782933
9601
440521
38156
9
664
4261
2358
16188404
5455666
723775
550826572
8165
6467182766
6
2
9
9
8
6
24
300
4600
148047447
60
4559367510
1839132298
107
3053437870
30398612
3791
317
5044305
4484
75879136
1
43
6
2
1333686683
817782
70409
309456133
962826
12
4699609
254
151087
7
9009130
8073928164
5260
17429
5472
88
97525
7521172
6110
5
5027054287
9515767
616988
92482741
3309786203
952
6648844
3029227209
5589
37320349
3379519
105592
5405420
856027
2786151
521
935510137
777726
4780
5680390217
87
7
743
48
87
3367
193
317201518
694794
241511559
3922858818
9278866072
19262
104254352
6912312583
955459820
86655
9991586279
83599414
245
664
2073476
132880247
975553753
10161
430
791815
2045
9396
1
5909
37
287536
5127400445
7042
5664780
716731156
1387
32614334
70603351
6044088497
92336
93
8923
4344287
422119
562692513
881940
18628
3948710
6683
51986541
8405655894
3493648288
526869
90313925
4
2191198
27089
514317
3
77498
739
195
429899205
36232215
7405
3551
1091
9448687
9
8
316
80848903
9
5571
5614740785
8196447216
402434
89
64877164
797472
1224237
57582722
18
792
3289
83180
2558305744
8175401154
97130
382
254709
8
6954
749
6082649
28590025
20716333
620900113
37730
6891545985
8796
24804865
596202555
847242902
4
504
60177694
48172
44
5656506887
5
83
74
68366
1838
17844
24850942
214581727
729794
8628
36166
3446614
80500861
1811
51521159
81860
5119337873
1670852
753
4
2
4449721664
3
633
386
31306
14541
257
6
8927
43
636640764
7896309922
190402811
79148
748
19802
529304
8800149
33
309
93
468298
10799209
94
5
7459052
8
8518717020
764581360
37816
191125
19322
659417
840624247
7035507673
7088220783
5011
6805442800
182464062
470
88
8359937
4
11234788
14794
1084383654
8571820272
7382894487
2004250452
34246
779903
41717
802312326
3
17113270
6288189
74053364
88221
1
4945132286
48806
6505189557
2
1238342660
36
11459
2137
29
3
5137
8089415
5643956
34
47104
3
28
315
7321587124
229
4108
78570
4
7
1240936
72035313
1
44446
6138
9
779337
5739
417017
99
3149261617
2528
582
6
7983
767
432160171
83738105
68956339
6106055405
409972
960884671
768114854
2974880300
448710
1507790
4299
6671518844
8
2829334
9626
7427971819
33379233
45428
7544899355
790
4928233600
238403085
148736263
109
519068
4960919
547647366
883149197
52412319
530271
960
189574684
5046589
582460
651
1612
2672
4185765193
3908
818
2445
5
674
4360
5221
7180
12655
1885
4479
971191
523
7368910518
10220508
126633240
2
420289700
1
458637740
68386647
392
5
51823
43498
86
244559017
807
8629
981349
253125057
18
503179
6618268
444775057
5229258704
240118
591484162
571
49099817
5099
4381291600
7
581808
3
7
57283192
3
591669027
7364499
8155496174
16344682
443
3762293
855187
97288
19305
837310351
7270
9574605
7
2730092
5241
9173509
410
927410651
6
2
47
23
946860110
2434
247
9
487556
667259002
6626003801
763
511
891
4
88559
6
3672252350
4053664
51
47
22
2201
70
6591715102
942448844
76949573
1874733
11
57001
56929755
8746168536
24507
6012582266
3808230
4
962
812461596
8146
5204189
912
9
29224749
47
75219
106
5454
6359
6442
44
71779328
5867110
59407553
877600
1
951329
40204
9542910
882
22
204
6905460393
92860635
53107751
4096
3
581
96
17235
54111
79832433
3
88359
27127436
1533799
84
485498
969220574
97
80
88151105
6643
8
7569080016
648064348
61
2487
7
3161345399
4344102
8258
7684623
35029
26
1381410612
28998077
32283
874
2
5333
53415
242752461
6488824920
7517279
2596106
97615
32683
548411180
6320
67
6
90057614
27673
44529008
908674
38960684
19171545
91882365
554175
11
76
6829
6
9810
312279412
8
705347
95229
268821757
488570
74
126
848692887
356
9492601627
336
7436994460
89959795
19291
8680282096
8937738
682415609
168921212
4
476
638636106
142427
13812
377712
4
417613915
755
8349514
436
7
2369861714
3458
32618
1503752348
22
616200
434
2395243
452
5660305081
9028
5827646
79
579484826
5854017
243
936585
7
82
423113144
43
297
573
317
421263307
73101022
40188
4886404526
540781499
57552505
6996
704039
549710868
5030
8543168
28272520
2569725
83694
387712504
77
9330546
873
562110
304317628
57474
3518046
48222
9651517952
752350
490067
543347
2291574516
97
4152163025
683006
347059582
8
797342
8330567
29
2300973
48955933
98879441
5488102
369
689961
6868
824
5010791932
75550
98
2510581
9294
797389982
3890
62
3616514115
9
203013
832912197
7
975871976
95
5849
4
5447
3906032
369
446738096
7
3
9213
4750
9
365
57
9809109
955
6314
7023704877
6048
105
914851
166454
4621
3878001
5226678516
964
3
17654308
1
599
968342303
1730768
48
9820947
5169338749
1301231
28847
91744419
4723483
952746
492
1236845866
5
411885
638977
46
1740823
25414988
8219278
962
476129
2408516018
38713366
6862
260
507
199811
119063368
9351073506
786671720
5
6990189
323
765526018
80
52739
79508499
92
8019712
9935770
118977055
932
7
700
8290965
62
3012
41677327
7663
9
358
31084914
70130
1995
165187714
16271915
68519867
43415732
5063
3966
55063
802490
4
79563
649665
2419855
2729
7130198108
19447217
7078
381731
852786
315928665
511085417
40
7546471706
118933783
505
192560
514885897
10431266
85722983
7676678759
549
449308
8162
66947567
61
449140
3201723
9445231758
4298433
200083424
387722952
446127
63126600
2
5
758280204
72
18939774
338780348
7169969
9
1743858022
18
988430813
5
3168480
13
3539926176
50040
3
507663
53331
9
90323942
34
643354
6234
47350
42473
74817295
41
846437424
93850618
54
140
68554850
183478
8981
7946894750
4
737
61764
39
8702870518
509
5
3869207
553289217
7060549661
2025997
1341
52849767
3796
2154
353612
97858
55151653
292673
435
58852837
14622806
37270290
2034836
182906
5759344093
88
30
7885744
26631377
95
26715332
2128502960
15
79032
539342014
958554
2
425214562
2108856
7
23918058
979
75677
62697576
10677447
8
8219238817
47623
641508
814
839783617
30080423
66
682
1990302
7657573431
5
135221
27174
42478362
212236
636
5755370
924961
754166
568989
8322053
6
54410217
444322420
9112
23170124
58633
8807659
1916190082
426
7971
9059052370
212
34771440
9235340
1492053388
2268181091
4
372271443
706463722
137976467
1
419
9648895
889898
157
696
3883
587
944
25
58885
192899
6201
12214780
8696
23487
311
87502
33108037
5998369970
2734
90609123
61
741857
295
411853295
53
67660153
193118725
55
3468688964
7
79882
1052236
129
369026
70830404
93
944
3664827488
4659
809375627
87
8614987
770
79708774
8
10514243
559672871
9157789
91077175
723735
8658
352415
836
700537
6415
4452
7
132522
3
977035
842870
735061
8482105
812736
96
426311251
4026088
932867777
1001344291
5364971
5025
99293745
9001725
372200310
1181798608
13538
11044
5
8134058
6297372645
465
4984641
91498751
964354
2
337745084
4
43627
86852121
714063
4
1259839
2505178
9400317
911804
778
8400059
9390
2021775477
9568
2
941911
17
649
5670950324
71117019
90
9161695
24594604
85692
5540263
88
6304112621
44
66367
3483710
3
785
48013406
232109
53090453
131
47
43
3517214392
20
18
4189400250
82149940
4564934
11
49
8325245690
702
7
4055753
2
25
348300906
1952629776
9672955
877284831
5
3231177598
602
50740836
6703
6204
742804329
23297
1565581
6634
1126497
7468
273736751
24871041
854
7
9781386
67
51
94799
51
341027882
6299488573
2784
23080414
700680155
52
5
6
7170900
5591631
2444722
3029
32407
7
61500185
901511
550398
5254
885936
5257
47952
1
5
80983
65
558010229
73317102
1044003
4
6
1760
5596
31
42457
7
1760619354
90643
2720758
434421742
5968779001
690324
79338320
25189352
264
22
812629921
98349443
9
6
9969523505
52591
848331
7176371
23296626
817
858360
1115
1037065226
74
2244196674
921
1368289
3
980137153
449078
3351
10651
53303417
20889078
232
5869953
1923
51351183
7597522
86
6669127878
8899713
626
9403
302895960
73035
80774
6128177935
70
76355
7
762976854
18473
331
52
63
962300
9453716168
892
317
2402916
605916
386340
76530145
3755919975
6
19260788
43684222
7414334
4
9275887375
1854038634
87
599073
64
1630170884
10791
4104
141
3175
60
164
806
23347
1165420582
1168
807337747
598
6
91354602
7
264
5792590
247702
14747351
1844958582
17
16251379
89
223
34099241
846
811
236738082
818
960096
1
39
2641639807
547303399
1
10260915
276
786573
64
498618545
677189
319828727
98590794
140
1286
47
2632
50288
61
142
1575918
19
290
173
97395048
110468497
7784
111035
1661701
256538942
81272
9486
982846879
5631513129
223
496
17308
413
93
381
4086
9
7779250479
2733
9444
5385
25993713
9
106
9864301
778076902
75217368
30297
89808
261
412110
1656
5
16
7218
2764668871
17289
1095648
19
50678
6512
8531952225
2873
904
80
487
97
4127196
9248
20867219
754914
2297288693
54454602
19
595804
757
7675927
745
9181830
291788
7747880228
794
41
17
348879458
3217197863
4598321127
1666574380
48108797
527294598
1
633586752
1222532901
9956932
835
32372376
19782
5
102999
6523764422
425
161326490
97
2679011031
641492
7683493953
6090849829
91934
842906675
6566
5974018635
4
645123
8685513072
51459096
779315777
119673328
20
27290
419024272
46
9273640414
293691
90922931
31
11
9140
498
51603147
2914446
771
14
7392688084
315
23911
995020167
2251697188
624914965
794033
444
73
7710333
9
52625170
8106
7315363235
229002699
15478273
37378
15115075
2097271
358053725
654
3368
890279864
52848
6445427514
524001466
489048354
277742
453355
221013454
823618979
95
9131121
66563
308673365
817507
1240
17095126
320290
94402226
83980
806066
580514
92681385
19141
2439
613
6124429851
27
97099710
42838
979763
5620731
3704574839
43875539
615017785
7544020
159418
82
138
5
11561648
8267674917
69976
68
166243
328
887873548
19529869
4281422
73718309
46
4485770270
684796
8681
227533
296
2596061086
5354076681
9
96514395
367553675
68864696
449
302203408
5702
39037766
3000656970
9823897090
312443567
142
855317
2258
4
23345
9675471492
17970
43
5995775070
2513463
778
893811
699
93088058
6
189
223755
29
9950115
6191
5314171688
6416298
76514199
2772384
1890897175
2
631
516899
41154
7536221260
970
530587783
194249271
2986299
919
11634
2
38
1
596573044
69
626951590
19411329
7783775
7875336402
3
2
676
52121
81690
576955558
7483426
913
1395721312
252
971700777
7
9894456
74722812
75
7405524
19547
909159438
5853
7
6
9302985
78
5495
5832310
16884
820755627
30620
189509367
11729
94
44903761
58
7
89245
7353
2686818644
7332087
2
4434276396
149
48123295
22022
9560
34919
677
72
7480744
1678049
459876072
1
4056
3257
8854081931
71926790
2508
3
420332506
81
144996
7482
618179
2275
49940984
360866
3333266
39185
32120999
817
6
562194
9986603145
51333
38010
791
5637273015
1
6280586
9050741818
570
17
3128249329
40
4
8585912
529321332
740480
74048
81
6234
9996329753
60
8471754893
90
78
2297013734
67358170
617322
46212
2
897
5168
5200173697
41
1070646
1251
68716255
5302
83291
64898
92188984
500136
19868
7076
8893126
796376824
9832
60
56239
8968
70577467
7
25518467
6851038
754038706
81613537
6682
733328
7
8700
4788167654
6537
4020152
37357
12911
37547515
9776627356
2652365
1838
78
86497864
84330161
4
32241
316
2155
683645915
4
287
5902
95511977
9496
17891
2883175641
3870213977
825
33846
1460357
866
8499576482
89486143
422
69
1619082908
4606673947
2
220
4107404
698460
369947
812393
24895199
80203
4911551
80
7799095
899534894
9592
403
7893453
759
2132455985
1802
284033
368304
7088
595
2017332
8893
2
21972576
78941
356411924
256179650
24651542
23362
73760
81261025
8242
4256549833
457954
7063
1223284
62
64149173
885
9610621081
147608922
489783374
747
85
43
33216397
89775
39800763
112537474
783
2737883
38628
344137
870
8327
893327935
959309
384331090
20033823
8463237
9660776845
3246
12
2
7110
462977
47421419
6
3894
971
50
25153541
7684
8
72545
28548042
989308926
3279409792
910811960
45
717188791
7216
947
6480703
8872536095
102687133
119
8
6021759
410
66
5846186501
135
5893
240
6192073369
33
361
91670881
717
25223454
944526
6930
796
3252834670
82091
693
70398
67572
5
13371
350
12649
3543
116
21
601
84
225
1154609731
797479
501
34503601
344
9693
97
722392
5007
398054617
75
7
8
739600
489097
5
4142
6668701712
8415259
7249
518393935
35519962
365
4358207
8302
18770727
6045829
919666467
4
55
55327614
50185639
7058763
3877800468
74080
658
144312742
72157555
619828678
1659
771341
819001061
8020716
851206
750740
37691
528
54973
867841
94258623
39994
353881
556042681
56
5517109
26720
6120
49
10038
805006408
3
94
1835
2440416425
8143
4821641111
3004248571
6547
92335
69484
256844
9615457
87
90
3229808762
241249374
8894724160
70064
837
6
9
48882
637188
28528162
3
6119
2737785793
1576393
70359916
3
444627050
928
116957676
3985
53
82886763
654205050
3
848
71029
224540012
9455675
838335
585649
7529003
120
2451683
598
93645
7740
6644
644525181
7230
5235106
355270
3770648464
6
973
28
212272
9881579556
4434
637
599
391079307
4547932576
935371541
3
8234
584
29355165
9
75
747157246
405410070
46
52325757
1146781532
500469
600490
9268509
15920
4214546
578870454
171
1510158
8495010
95891
7307629
8270
26
4
433065192
2702
20396
721
88885
30
8317245
10575490
46
22
399036
287694450
1
9418
55739
2606947916
2706064460
192486934
147
2335
6027
4768429121
114770
87882552
3
70
99732
16727
4518472140
98747
805088296
2
79731
9
2
1
23419
90221630
6
6154323
29199
168545
7
7118931
88432
60
3
94271885
24455797
1
1821220
119555
332297701
7
1718918
671
210734657
523
7597
17131
7885597
6319077
3366
522337436
9592105
9
991
82901
662717
4140
1
9297121928
169244485
5839
86
438398
622567
66
18
7497
4565140859
214721577
50866398
136
968472
59
6988
490384615
707849916
39678
536636
90680200
597
23038
6363
274335918
43733747
65
6028960
851274
2192
9361
33954
4
91137
690644
1977
93736064
66794480
9100862
7669
569
370078098
1218
2747855
2244
6146
54429758
1886
289979283
3485
64271908
1706
3670437935
7252
1244
75453972
64
6118198
89910
369194949
646246
83
658887
4
1281634171
3
57
466
9335
9017569160
7476537
75
822488449
806197
4252132
2
277
585206089
868166051
2974528
4
1
614928
5914
232967846
8242741
21607121
9785438
3460914538
486226561
462
6050556735
2328993361
84922
1
821817810
81
15984906
79957
8239870054
450
304
9715
68
811075
1
4316
18
468093823
8131
249
6178214506
521
8
784
72054
5643979
1085162595
31739430
9780135
8278052
2
189627
45321
4937971064
71853
91751
85434580
357173961
7
573900418
66258252
82018
125
3231
5951
82228
7138
59446
1409553593
67
519250
5000
7273785018
4745609
1193061
4738093821
766
425630
6382
338
860325316
1
78
66
30
232531180
5948
98144
40
8097
46148884
6075497
80
5732559116
172
992171
10111
587127
16485
7469382593
164645499
9658635
5
5
5196
66
4
5102161
53901
3562
4236737
45
601550
814
699
515456097
70677510
434779
1279510476
828
704996853
6
6767645087
72219852
7
8096553
256063672
828193
8322
9291335
332052
7697
57
9375514
6556
1593450141
3554
74
734
7793475316
55
9
7
65039671
207083986
5
673349
244
4020909027
2163161
39073418
429566055
8
9545
94964724
50855
3757497543
1223704396
827787
3753
9
6565
5979324
9
1
5570145
308906743
12
8404
3
621634035
183160
519
8737799
61
97030
323
1715831425
124509
7962
375
742
493821138
6985806
98747605
2971
35
4014
99983
567304763
91153380
2068
521056944
342574
888302
22294
998592170
12644903
4606474759
374548
3
245899695
3428476
2
60538966
728
9
936
874
708119
527
91421978
67499002
2687
38185
7489947
97
6380899
637773958
433658225
8932488534
35471
2
524
133837
24520002
7630881
169
1995
950
452340603
193377229
8
27634366
68513972
38746
3910634
4429
8698
654
525105783
92834
649886
5851604
3
117
1586
378608
86979
43807649
30564472
188560
796706
6
120721
7068434
580422566
368
460
8
6
97833
216556
8420921
42
4
41358122
6372717
327101
402
77077
8024
18422218
3493099495
8484689276
613
140766
491740280
1
56
14180
823682880
52920
5497524396
95377
694
8259559325
933495
79632
8
62997578
554405845
18199408
226
657075395
1881224
5875991694
44
48
8
7
5403224176
411597
748
497448
925246
6675212
50989559
2
76689
3460392
4771
46410240
46263
49
424
262332823
7950368070
2
1699082313
49808957
722500518
7004892
8
47656
50300
67432
834887342
999
3
49984
229832
40090
928665057
5541013728
26077614
747106
175883
334082
322863743
8333207
6471074301
194688883
1212986286
496
941659870
46
106246122
884
7865
14214
24276
822168
6919761227
428371981
2
7
117819147
977344
262577070
561
80
905356140
99
615319
6231
763862425
7630858
826564874
48888145
823485
578833
48948
90572231
175214
1
72661
2310318843
33869
5
308893
8779
4280078164
6411458740
529053021
2
3925
3579
89125
993578184
2496
530599
132
359316389
6051
8808737
61
88225
520
9799691255
111164614
1088050265
69
54678
840399
6
978593188
579
6789
459557
85
74
5
559147948
5840691
4212
614565
50888882
56
970864
746905097
62
28895
7
391
3239
411057
45
4
13
701564
26670201
89401
80477763
2029
691770804
84858
78708
8509659
6346147273
713
25495611
9791381483
51025
21430
822474347
8707924
72631738
6313810
4
32148
7082095
611742
66790164
57851341
31041
941
2
5236553
6814198
86
9124305356
4301039
623984
97230957
97768381
7818
71601066
5
74003052
9401
530
685166079
51525
54983535
82886
59407206
7453
1014596103
6632628
34053703
4950
86588790
3117
403
99040480
163405540
5536
6
826173
1164104
34039214
671795
1
8518646463
4089047
59385849
9692478
642404013
6397812505
5289
32542747
993
25332014
782
8171
73575
8981015
12
2553634
8783351
666
56
5239
5463193035
40
469795045
5
441
668691700
14850
2359
9
193
6
254404
1649492
280
85
6803778
99068
59534533
68788
7112
2094049123
6997
233
323361
4595871118
122
11556112
7
23074
484
45349838
28
1229
46
48318824
8158345526
69964
4356181678
32
9390
1244333005
379544008
685
471214
392247293
5
96682
1957230505
92
9
865493
7
3
151
1319
1
7
9534085
517094821
9
3
6
91230930
2393862690
56
15
3719831809
5
809
853527197
2513643593
440198
6676894627
5728
23964249
925
88
217429
317207499
25353
2548965
744
930
594
52193
729610
701460
3523
505
31560
1407
81910107
2662
1204
623
33460
29529
63860439
3516420280
2681618
14838309
7
3
978654
16021317
979955336
6539298
702265
2791400764
7263715290
773
57619696
6244772706
489
414187071
437638
7
387
639481362
93318
8
184
221706300
135
535325
11283814
5885644
908275191
864777119
6309
1966886867
2
876187
392212
8
5511642
8734376
12238605
31
38858
788117689
2756701
3182
324376
7735829
8972079
594217295
1
2
637464
37067
54753
17
83029074
6
175714
49
739959217
415057635
2315899
6519205944
117070488
229
9
154
46448
88091906
89
60160698
91416513
61
166
2305
305884
466053108
127069377
490
474491
6
9444
430033422
5257699
60454
3933
26012
7216
794750
5001968900
195
36
4903
656
8659
725
181298211
3
1
48
4
655364
320071
3272898
80
5
745963606
9787
2325913
38413
8707
198137
48
7981618481
90423648
7
9161477227
433412807
6342017142
68431
27
8404373
8693606
6011
475
27028
1
760
8526571805
54
705
17
1515
445
231
3515279139
60
4962054454
552537031
6016014990
34
50
49
5779461
1851
35088
534260010
440559
487535264
34
1849
80
733458
13949274
18
531695534
80
611105
10
35045
98014419
672
322
6325935
116
414
202769155
602177
3595503
7
97
79977317
166198
3466
280677809
3319561661
4719
76
168
2877376
3641267
519
882250
2051
1561
692009375
47
5157
463407
2
95
2629
8253618466
821713815
6744
21346
937728
8593909772
7947
4
6704558490
520202451
59801
63
5623
47
60
75
700667546
6358784079
49
456
907
44995506
604113
38
40296
3166926747
270
9140
15
227349
1794054253
7156670172
139639
3071
7270900
5043
9
41
9530590281
2260
2606296
519890325
940848866
495
610668
84420965
18139
6345712
6656925687
37637
6829
6583720
8
29058
6554278116
3
147907163
1619
8364
49052137
5
77
551507498
930647285
8415611
79568
84
8273
109
27
92431489
860174639
78033079
3
5228295
913890
7
4837314
547095
98
65307028
438
9052
22982
437320780
672335746
52
78079
56
86539895
9774061570
12
79530
25348317
6541980
221288422
395072
6601713296
1
5057307
24
3825
78083
5
322146359
5343
257
64
5
5146272
3418318567
310
49552
4
4
2
653411
93529103
9439200
3693
184
380397
71
2647384760
60876782
53
68096299
263932872
221267912
1033845
110802
8415433
771661
4
373294
2857
58646
15781311
74463
407
8
451819
5951
2450431364
38
187478
79960701
1310821208
895059876
9554144
89890825
240332241
616
7
184414441
319
44966
1035054
789
1740
5487547852
493696
1740251
458668646
437105
3
639
420342567
28
4
918516
69180
976432
6699965
188
9455635
42178619
19776
346
4180534242
102625
1
727383
57555951
104
16864
76719
103430
21
4
5613311788
9674121929
40
634387
5273200879
9206618241
202
1811533741
703
44619
440963
3614278
232465
97
800637987
37628831
83
7438164945
7
138418
47
5185066
49228168
6409809432
2
1047
85927
1554755931
758760917
4314
460676
6632475095
855
508030
8220
6546215
1791445444
81325
4106118108
7688226
98225
5858874705
461393
766254
5
474
47
5770108188
440951
9686736
17761571
101
3685
8876
248794442
823419
439666
273886
8
483
178951770
6
699522
51484
1240073338
357
84517
7316452
77049
206
605389256
28725
78
331938
505559177
37
462
9
38749
208
65
84605766
621
20
579702792
9183576474
2448064
928
20747826
27941
32
61999649
696907
740338484
269884
6950602
7
64726
88056
392931464
5
7653
4125677908
806
9394033069
485046
65
517750
48650630
998376
918928927
208959
88
1534
1978
5205
6635
886779294
314316736
14
3590
977
438
787
707854214
5731311
2464070
253182
1326699293
9982271
24
86086
64
247374841
19607274
5090
333155412
6
581871502
17539671
2
537
7079782
816
7624888043
822911
54566087
23469618
3665125609
39999
692667554
551926
30489129
82413040
8249734969
3
88
4375184
69501518
524
514
9
68121635
671
58
4056136455
3297082
587364
1
2
51117
50
134321
3
11198
598
6
998321
24260
8760973702
80
2
2559098562
5617
7105
89
91330993
7755
72897294
73256975
635082
84561766
3576
92
25
2247
7091312
55415770
653
776
563270
734218680
8679
7383814
50
94149942
71
567914234
7539180849
7985
1
3370587715
74194
45087395
10823
7591443538
692156792
5
7825
2346
696266713
76667782
2341119820
61713
441922
539918
51990
9880
382778
7
3309791
717395
357792
3054
87632170
11
6542161
76183849
6757346999
15064
937856
306729505
91322323
26
50355207
4102
7067715146
64
20
6493
290
1595808
997634768
794
54
2
20493
12601
2747
2
266046
2670358439
1
863
7987208
138712073
8948
9742366574
59874907
639
23
9
273140
188030
77060
7
2837618950
468
985715270
7060
95089213
9
2257873
203754
16742604
9913018685
2
186
3221772
9781
90578086
926021
8611756980
25
8727236
7967970394
305142
38230568
5662174352
9835872045
2828020
393757
8755329068
72722483
3813933
6209556
63587
5075
61283
7924
226007884
4
813
1821651899
698955357
554
25
10954872
326128
4853091007
13386
7770
11827
77629257
379676
288
5847876
533810
2736
61999800
5850632
726348703
7028021
3643198
173
2052744626
2614568
17172
196751
75214926
1282225
320
8145198534
7171673313
340
40173964
97
194
8687577
8667
52899288
355385
33370883
9039729570
776
57707
6984
542
14016016
3518803151
1808873701
893
16
1
563874
3
6
5675752078
9995459747
53848
33572
3531
65392
715
118655033
73234
523811935
4
757204
359
2490
157
600281
6415104543
3197592635
15373
9042045
965834
6
814118
39
937132
388
165277887
2664371411
65778591
868132
95643351
311
41787
42
101326
5039018419
19489
75
76
45865
410988
28423
3955607810
43407
9339731
1359659
284
957
608619897
3530541
444
355
46079
72912
689232152
60652866
6804484397
25906232
912857
46943
1711
7
29186360
995098
6
99
201905737
5879
125900706
917109111
585
690444742
77
1466
5054664
99201
2710983988
96
9217052
2
246489
5241763
5494540
2267
6
160571401
63877
344
78
664
3847230473
2186712
9954
810964
370551
248
76
48841
851839393
47289633
261
575
466582
72972
77595
6
86
3
87264
83557
7
4
641
5258
52543
3247611870
4863
555
672882791
91740
869
4917089
74
64995198
7086254
7421
46300871
630922
72602
5913207501
9373
62390
67
321567
231860948
711463110
67
169
84
6552346807
7
92194844
11916
3494769189
6
986
78005
20103
69
1372755
5
904
409566
2108068
7547766150
33492
62
78
60
9256832596
511
246419919
8768
8461
8203541
9250846741
36707
7275
34
8
98485
868944165
2
468517761
72025700
5
1586
24
3179
950
5277186166
50
31296528
597101
2482
4050
643362
717
3
57
3070
88
203003
6
9052674
1
690013889
65711523
432075
86993039
328828
275
9632246
1467
6453260594
94
770271257
4
34846655
4420697029
3698
264
5919
58
92310
21683038
247
1847222397
62106
242378180
248642673
189098438
2502305
852
991273
78
141457
2553
94039789
947
14084
859
269092
441
27
421
1
216737
7469128011
1593709958
55
16
94
8421
98047310
7701873
436
1678
92104
5589886
10134465
99869
85
91347
9804251151
3
85
35378
537
1954653
768616363
8401
163420319
7174328
3276
299353
43948
850
99
1239
9277
8
3915
13906330
242
12100
2859217
98
510
7
9
126101
609
60395
82372428
6032301526
528102491
90954736
88751105
953
625
123
67
5
6
31000
8159
412456619
59
6045532
386
55529
9163272
5
265489779
24058
412050531
1607820
4166539177
23490234
77000854
407
3431
5808493
7281
4362491
898235
20
83863
20071
520979
45961
9
2598123
7957636269
9
6156
56318
11
369
8
447657
8
233
2258088
2165071206
216493
942817474
974516
8364258
4479552
1616
2937
829486
29975
3954837394
89205
37430182
302148
94257707
5449880126
5
412583
99543224
7559
53712876
5650735
9414210
4
86425
6
366
504
6258486833
5
46
7
30964
8995
1716433
33206
948346839
565
82
235
4398
403058
2217
8217452389
63990679
96857297
54
2498
75167
774
4164876142
4896517
623906
2271
3964566
891690798
2
8869
7965
84129729
1948235534
31
53542
3
9712
534423
8682
67568120
8225867
17218
1024294980
147081738
1
73
289015697
2
7751306
67544415
5009
61836
9255082668
376
3923833
3536151251
37615130
4068150
4
58863558
57859630
74856
4
16778
21521
2
6
9796
2824671
52600
6702292398
8015563319
370069388
716
2409476480
2431
1709
1684
695597979
61730262
9370174755
41320
682
5
7
222557
167
32741
1
675
330
9405707
6
39321896
672826164
1720
5
18016
96925745
68633
2
568
386585
9333
6504071
62294535
29295
6673
49
629860
3587923716
13084
4842
379
28
3
3805155
50298
555
8529
605
633
2874
216632249
260
5079091758
77
9414710345
9
6
91835784
4
9819285
5853757863
4
5
234099
5
62075182
5
39
18988482
7
1028038543
775
98489
605
453517
930593173
358
65
871555846
413
556
5
72
8
7015
158718966
2784
24
540210949
7
96320
9
661
35764
933
496548456
369212
11428
329916
3828864688
35716
42
768431
2108
150196367
89389
4
72304
3091
260156564
3371456239
362
11750
366
557694870
37589
60582
7099419
319518
253853573
436603
245769070
101
4341
87628
217076
859
70857
471
3
7233
38195
2730024
163740569
716540
5943
5953
586887
68880
9579950766
685761928
1283790097
63734
8985221
13298
9
2644826739
475
9819
1989
434
2461496
2281511
32522
744
839
48
277696895
933
1433
5402736
64809862
67714
134244
540
817466640
924880
5137777813
3417851
1300761273
634079621
1002134347
945
4
11226
91
8099163071
640951412
811352433
88
141
952711
48400022
2163247
65230682
13
37491564
30795515
7461652230
8226437403
3
125
56619053
7532316812
753251
244879886
41169
33581
63
89117
1698918
2700
7
86111
37208383
7943
267449
7607
5100
264947077
6682276831
4
939925
860393
3
852
680523513
9637106560
708
260
512301282
832685939
555522
567686615
11
3280036
983
92856452
93
7
82
48036
26749940
57972
64298672
2
64363940
724
1888849
40743
1
74898
370
3566819907
69202405
6593546
4245137300
37461105
9608477
3594
162
620169
9105
44
12
11
36608
45566
37334752
11327235
8479
7
6016911
257237062
9960
5746128
9
788300
2791135492
121504277
172
4751
689098536
8296019
508583706
8981081391
9
770354
9667084
651
5679
986989213
86
183457
47802528
888569870
707784
3075317
6051526680
154679108
72709
3
771707504
785528
223
974
79056416
309949
364709134
7
271
53
5879051
29528
770112
6570840890
53
1
688966678
9503929365
1594
8282124092
1686
8
22
9657614774
84690798
2567
375
2
926444760
649453
7974
454953
298104
53426982
4714
264143
3543010
315
12045
3766314
4014
650727
40488
888
86889003
402627
317356
967411
957271
9468588
544
916328
9
8249664
21493
938954
3
3
719926
506726937
3428247
223
713
750192
1079738
3614988414
6092282258
738862
5115191
23810146
2325
41556784
1
51468
8820
897715
72445
2587551
76725075
20580
6889741
519205826
7357
632895323
48858004
1770648958
891441
719744069
676609991
34014624
8772229035
4705
34338
123105661
216999286
347432
747688
93508
50
506205581
384552130
6962
8430
568064675
6950365
377537976
2
46
983678403
35351515
308721396
927
571888
74
413311948
1272069922
721212389
8358
27
90
8332
732
51442
39
7
7869
2092620206
9748380687
8555452
81387
970057
71728371
8028280351
329
84
27480309
98
6789973
763
2
4449697
820
73833
96728394
67476269
9070725460
7
368437
4374
6
4
993
5695
87
2944
6800483942
3
87058
748619180
71964
767525
6
2143
2539001431
86753
13410
4657160
87856973
9293
597061
11390
618
83
43927
952898917
887180
1
81
784957
94212110
3
126767696
2
15450146
62979050
8597
68362
25740
5118683
7171890
69
3
26002
78
72893068
5082
33024
221861
28961
835
4
25777472
29869
6127882
940715945
53
4582384669
93036826
3304263
42
853673816
223813
3
89
4
79258
2
6870493
7212
972
60737
53164
108
74570035
87691
8260148313
65930256
3092671585
5263643
970680
481814581
324526610
45227042
11057
233376
274154687
8
5
713274447
590
8
351734735
9074265
7006710107
739182
394910583
994679259
72
56855
53527988
68933199
56477
414732
35986546
83
557
880
7505
551
8101597
5072734462
6071087288
2867386535
50373781
90
21912
243105570
47692221
401553
7003639447
54
83
629
7
5372
18990797
71790603
1
1802
3
2
61426
88
3757
89
9326658
939914993
17
411
27
392868322
888060
66465307
8894
68615769
5527
11542605
76512269
8
586231
153952676
31
174323405
2781
6
49838
559422754
19
43407
4
418
90766
918719782
531438579
7481
59
6329198
51
5479846736
7280
446538
208
62411804
1647
47
93817
2598
3517374
31623
5509
2183
3
53291527
24222
57
958601753
496738
26933733
808220065
7819389975
90765
4
6
9228544687
11624
419533
8898047
3
8969800546
13
3118627810
5
7223291
5381379
66
2025898471
82052439
688117
52777134
3978
2823007896
5575210
9
210122751
494990350
8
13210
13186606
849647132
4688280
91502611
87572
90
59
439
242972710
929510685
7543
7078512635
644357
31702
19171
366108613
161576
20695
6929549
4408921
147760
7483559
39419084
5929341
806
22136
72
8370916
18430580
682216248
7094095060
8
4125
675989
5145
583400
390671
5216
87152
101
889
92
84957
53799174
8
12189906
3
97
2
6778
650
9838
8763
5
32470
243038557
2795218
7
704495
79933037
3590257
9787782013
20836
34
817
40335622
62
9
135971
8454994396
972661972
64054770
32
87053
63915659
52382978
16
6
26
5249504
35107297
75340277
457861
939550240
5063762
493
43441
2718173
66049
3
2
8164103
618
190334
2481318
6336130
88427
863642175
7
7519756287
92477185
193673386
463649
6217041826
1
39
18232
108875
814496701
6
68
80
58951
305222
16
674800
1146
7754363
91782454
5
52
63257
189
4006883
83250
89801839
1362187
23
5676851796
2713535691
211243935
2442628504
33986633
7
392306
92118314
31
487448
9652
8990
1265
1
3
72
38871
6110
482664
8615031
109008
986531
397630963
4
51
96479630
781005
937
6920
28766052
4480942
3929
111525
930594734
71475051
901812
1
34781
799479
244147294
73728695
22185825
6692279
95556278
60
33
96
171521
565507
3772251628
4233
99850199
8408946375
969955
9276927
7571
24
987999
1596
68876195
94826625
39763
263809818
689789137
13880913
4128
9867615429
82705
9
306
2
9
637
917
8303416
80905396
140689
644571856
14
615295598
453340
592820377
950201
80767
77
378501248
4
9698117
37256302
83
79310
716939247
514456222
8652935467
886223982
51933847
781037
711
36
8721220
69
2119111414
1561
4810069
6468786675
98
4
6640856
6635159305
570857268
263529704
157
34383957
2983
8692954990
7
8432560
2139872
323984227
509963
327
10
82114
8213
70
97435490
4888174143
83
95555879
6600
1493
162817
896786
1431029361
3857422
264175733
422
2058028576
30
147
16
56
6335370
8
97735155
82947359
9270587117
66373041
4889037
354
645181
17047294
6744487877
719177585
4555
4129
78238
8964741446
2
345912
2
9401
21
986
51
7052
564422
827775373
77584
143968
956534
925041088
10
8
3777
6065
9875
15699
636
5982460644
75342559
302038
84956757
28
39
6932
41
31281018
7334038943
4896878224
1
2825
152
373026
295
9008359
1
45756
812230
7
18021635
71
1539046
962
1525122128
727
477852709
98379617
79
59007
4360800
862413073
75561
484165643
99731467
18580
2219
5594848
924300718
5445413387
606258
3677102787
284207040
39
8
422437695
647
15400482
136234160
76
748
38
4
7220905998
2285907168
231678
15840274
931072
5
701415
1096012
3006930310
561
61170029
56410
39909522
93135
183
7910008459
85
8377119668
674007
712751
1629343145
10839805
347407
60
505879941
6218274
191
741846
6
52
752377766
2112
28232
236638
54324
383352759
3365709761
1813219809
69166194
101967169
3528868
931
981506
25084378
30276954
6
96
1156065
6609
90
54676836
19534
309006731
515924
3
6965
7578
4
5
41
103831351
884
7258
1
304008829
126142390
9
8858815698
49065629
534992201
75733
975
405046859
96104514
337590423
7
6443812313
3905497617
401081734
24957
203
6759
89210327
722664
14276328
8
5519896751
45189
2
95674697
95015999
47856
59627138
3
247473254
652
25326
15
3
689287543
880240886
3730
3
90838
5861
4915
724443
987705
2070
7
7
33627734
578314
60
