100000
8966
39881837
5771
832208
64
2143460085
347863
4932
26
314585498
20437753
24914
3564150686
5929
267927
484069839
1238619918
207450
6105
341817
9
59475744
7
3203842429
49642
1572
1
6240418
78449122
5
22
8
14200159
3736
39691276
77729507
80585185
8069780
63271070
57701
1
1355808
52
8076
14719
11203
771283392
50362
1390
840788070
6210
26747922
3
92767
7503
63
7991
301921562
2698629
23125887
924411053
477756552
699
3439397
4
4071402
6
2533
874858
461655
619432626
677
723
39
358
65
868444
355
9921115168
4231626563
6540795
9
56210
9
37718
615
13655865
88323379
880
487
5473447313
9238
8857
6
593050555
439910787
215202
8855
397659
57088538
38318988
279
77401
3288123210
5970
4255815
3163058
2729
5897870
637
4
7637
2
894
85366
46
3
7863664
34
921026
59
587282
18618247
63099
975
2249
8221622053
8918020144
6450887
922
233969
794320
739656
800673
669269
64025491
9650175455
45
57004
19656
267521
93309
543
678
92077
78743
8658083
7124359
1709
3
9
25449226
570361451
336
57092
208136
17243552
118
137427
13867
42165
7432706
5
4734
21
2731248943
26377201
83685
7
729578413
1208
339213
3966
911546820
81
405
392415581
99688325
5180
9300722791
972
1
7
9075
1388
93183
3134710431
339061076
1
67
266
82171985
746843014
99995
9941
3793
3608353529
99786411
85
46485191
266
762493
9
3009253
3
52142
10831
79
5584424565
5577
58408
19
6293639
87156485
423150862
82152
229
143971323
240565992
7259622
2785160987
144354708
26
73725182
9603086031
243888
381242177
22
21853
8120
9954
9498666
1644
9398
2243
273
36542
1375011571
175260
966151
9
22
8069302
4051
851097652
382
576811
80
182081442
222019013
4752589351
73
5
8116
73472382
98234
556196
2395534
36699
6286
9555547
9972884
4008786629
31568
5953
6534719
552
63996003
50150
29496
7
1590982
9971035617
994735691
178128
624453
4205407741
83
891623
752558
3395047
48763129
71
59436904
808
17467
1
8730012
87987
170674396
47544
59657
163405
631
436057
1648466
6651
5713497
81909733
696842
4959
957163
5185
8431271475
415
31142933
5722777796
9814112764
720
8784
789370
67585
639061
576313007
12083100
89597525
2
7
6
9202581
97262
6453
27944671
7144
33589
54862
204
4808539801
5654362422
1601554323
1
9357597471
49684153
82404
779
7351091
3569833
4
613681
7526628401
35770
3233730776
14
36
2073
8
739739918
9416
7327911
844826738
32956174
2655
1079615197
38324
10747
142895614
5885247
97186504
80898166
3
24474
3874
76271
706016
330811
1
4
891328
5718
26
5257524
396
6512306889
933558155
86
58840846
84787
68
19337582
4079
686
8
6304
65552893
5311
92484787
1235107573
9
23702334
803
4803
16593348
79
2289
18093
917
544063
2
1584
4876276135
23636
1
7502207
73112
3
942702
3954
1
1
161082080
9455454427
6853369
13111012
7062
5021
26333683
16
371928315
96
49185808
6321430635
794
31098728
45100
4815
126
25732981
269611817
5992
22695732
2996915
9249007
826
74265047
17
16467904
7
17
87641333
9842685
1300
1895928
72
61086877
221
2223664280
60
646608312
99185
27274
30991656
14316426
375390493
541621941
8890172
320
7561683079
468
7
6558632
23756
9
1910
88
3133
81627
141478
9280
600
618727
8
4084143594
6
716554
3480226830
4286454619
46042
347060
27627
45
790
149261
1490478
7
6480591678
9
330282
5719793
52564106
8486
81
87642
83
44552
4901
8724674
12760
67789413
912179
291336
289513
9526
11
67143
68140
946729351
3176
5
7
39
25405
55257
4230963761
1
470550
85
90601605
508134
1641792
61926
66
914247859
3
2360
242340923
160
9872
318612439
2104572
50
28652
28
802301
340737757
627660
6646652240
403949
88
22924
2
4326245313
90420774
52346629
553677
61
84332
85554881
2971633
7419887176
24331558
68
9100692
6053018
93764919
922
1
9401
24213388
7746094911
529260932
3872116071
557857
60029270
901
41179
129103
70822410
5266890049
226220
4880143
523848
68
9642349
390628309
97
1831976878
2834
196549
19
1218390969
8701827453
884
75353850
332
60
2013830
17
6895151019
4076063
679
314450723
6904
1549203
3294
406838508
76970954
54
47
4020
661
52
57622
5107918
971283
806820561
42945036
619
8
4001416
574
2655288
648
811196
70939
4241043389
591394
78457
5
764366211
756396
5210081
7688657470
9
75
1105786538
11
611687971
353738
94
73
3970592
823238268
53
87941725
7012253078
3907
68518243
90168659
84
937
333558642
17363344
452846
943489365
3
765
73
5
82542239
7756
28101282
250784
81044
1
592
57
99571724
9103015
5109944157
1906
62
61
47
4
36
2
8050246288
48
16
30346044
7211
7371
310946
69705
7247985628
906203173
52
5692992788
8179
976470
7500370
6811073
870
71
32198
354
410043740
53315
8834
1425259
8855257442
36631
838
39348
17
72827494
630
439031823
6
24
76275
33281
262
21456138
69
924790084
8
67442
970682
668
8594235
9110
4761633950
93
53
632
684803
6656
486329947
85
748
9586819789
17876868
683263
8840
28039049
498
696201186
5
6131587632
283360
19691181
8195346215
2
761
1663
46
4773204343
1282215852
53
8211
209
87
488455
9483
743337581
1212146
53303275
825
4018
66
666628856
8
591
5434
4819
7496
3792215
9283
83861
2191
9
852149
8648956863
307347
7435793
34822
466537813
1
54
4999638
87679
44
82207560
988540
3
679511
41791
2017
47187079
86473835
451990
31897006
8974
4
54227
150
9
590
7016628182
579564
9220479
1909
55
51687
476780
54
4734
724663
62587
277063
646
84070867
723693732
26
5720
2856412
1
40310
531811
102
326
46640159
625051270
93503636
46
8572938
312880379
45129940
16116
111
574624746
5354743894
51415172
979957
62178548
31
77
180100
845
85866
95072
815181
665827078
5026
1899993
616003630
8391872
9437588
742269446
73
492324436
479979
5
114075
56115
81
294192058
46814
4420
464017435
854097336
10
70
37176920
873905640
4
1815332
4
48
776408022
6
7661121675
48826
7515105217
881091092
7283889193
1834
40
76814430
795215
357756
898432506
82115
1
441
546650
122898884
7647
94640840
9
6220303337
2627
103256468
9162236106
2839
310
82
52219
791297
3099737
557
6357
341729628
10
9273
4190007
8
1230
706942
1
1910613437
9225244959
7583006647
909975
377625
639751
308
842411910
4
6100880
67903884
83702743
60
2757403
2811
1853875201
707872982
172819
7962999771
93547
79350558
586679
83698
79
756879
120440273
86606215
3396
8
324280
8429
2298284429
90
352
944438414
71
9749861618
472257
202271452
5230562
24381
7590
4113553850
624
642578
296
706304
93635446
39
9931726
4644191719
43700
9069197
76
9728133436
5882
75290
5854481920
7366047318
5460770683
53713
846404
7
3
3
149
34040750
2883989358
94068988
7715671972
109560279
605618392
812664
7242470362
1182177195
8148500
4025
5939291
35
132
2
9882
118182
75
5864261
89400762
448
738
3
894
4
8942
8
649189
355453
9260
49964373
18549
358445
1475043551
3195
9
183453
1
65244
870315591
507
383126
7521314
29557
173326026
340
155
1598256
11
1753452
538929586
85233
6558973883
939540
6291435596
2823353673
1
640729
691746
11465
248579
10148432
2827491406
2
432706
3
5880346
67375675
519
93540957
556382802
21511814
97073
342358
2395108988
133245354
619301427
73100
1
83417
1143109
7747
978
6
9025482
678
3618418290
8
824090
2
253
5
44
355531576
501356
5574
13251
466548
5254807034
10
36
1673
5
72619683
32282770
6869
99
804
226420
788751953
86290878
4544687806
845821983
4247
7
66227673
921414790
4629286845
95634857
493689591
79508
659012401
48073
42144593
45486
120972
87
110366
5480152986
2634
36
25459
416
949
5952956
834723945
894577540
939
504
310192373
590592595
1560232423
6
125082731
190234
37920197
779918
3038044
5564
5205
8527198
903436565
652990982
2886
103878678
911062
496
519
3244
2399
24312
8
5561
91009224
153888
586
23415
683
6
9814842160
49017423
7873983
6
19564291
401648
901382
819794067
6133883786
6035
8399885303
331551144
573439
7136200
713119111
812569785
522
14
82855
9150273
337274858
5362726309
17810070
2
217833317
27316
3675
735
78
11218551
79
64675
4900605
396
1432
70440918
826555
20
80113468
770
77346500
44140
721
4106385
539234
9685997761
10955
719858617
885350857
1228
1710509492
8351890303
10146744
685179
333201
7697016
7010709898
8680518857
60
86211073
33
970732598
1573387858
61554518
379
382045
17
30900
16
9501199
8413646
79815
7396986968
672585
250276
33
2949
74104
3211161
7264
9333894520
8346
9598792
9
6816493528
816
36971133
421696
822809
475105410
585516
6289307195
1
1
4219038
81576943
2
396348
5367184245
74652
892114261
66
557
6304
6256271546
4737745597
26376
969357
3575503995
46471
14774367
228473846
4324583618
62
425
44
8
569362900
65082003
99310156
94
49
27566694
165
71588071
70
282407
94951
32549152
8640748724
5664389586
5
95997
51
7768
600093012
96
8430
968
1882264717
151071
63361109
7241
31541679
7281
2596784294
568
566297720
2
949
4801214
741644259
81064
3884173949
99397306
7
20488253
34
693
18721497
9764210
55930
20254840
846701
1130540391
449190
85834945
2040
3664
2422695
8
578
6266184
523703
6942618
1538
91697446
2
1776532279
6824018
864
1792546
497
297722164
43904
89847
55
54994
533074
38
24018066
43025075
36
6671599
4308469
5258284
546603
1621
7976130
9813
334124646
3545214
61180294
121402274
60328
86624
40
88
3289060
8
11531
2526
16
6852421
8278628906
72618830
869
172
72164
412
87218
448
5327615
91
8
299963983
129
461522578
6913
2779930804
8020853
5742089216
30
5273
744703777
9957919156
7
581
521856
7964444
81519174
3549714051
80183120
216497
620015
2
40
3
30396
26335
3
506439388
5
7114751467
36373
58572
79309271
887
553
60
35243521
3138979870
3
9785034320
350
4
891597
228621
880949780
42315811
27884
971
7142
567
57
8382538
6349082772
39972263
712255
7436
3410
340585703
51645
196425
76590
5
9950734403
8751
9124818414
5764994
616374220
2654
32955141
20645
22
9
7
6251
8
6395
81941
6815885512
603871
7134
8
36
62495193
82
88665
681
40
9500547
413
33860965
208
40916614
9956
8790
143818
63665108
5420259
7628053
5718398
908844635
329
60210377
2298578
1695303
83
28
45405301
30203
155
555193129
606412679
57722736
2
7497708
3825944
731945
793542
47218779
495909
454101
1
963045572
59388
68789683
823
81169866
11382
4773
675726
3576
5
2996901658
88
547719
418179623
1950823
248
42569
925982
2540344568
19
528
337503786
44
311082212
3576924
7131197
9266483
191
8211745737
74139
94151506
1856738895
151734155
8
4053617099
23
58958571
567087352
525
3962714
9
6110116
658
99850064
123856
20496
62
3490597105
718233715
89746025
88474092
79676589
101767
724
42853202
40
1
6483031178
9982734261
44726
2625928681
45065
7376325
7509
1999063
359
35874348
693172
7909619882
502
60
1
8
1
9772674757
1353372843
1805250470
264312
24987
586886646
8
6705
7
8388835
917
796502
24
29
489
2
598862
701777
60
73
17
4106525464
5522190585
2535137343
53
767876
5
357
93
6473557
2007851
6
34843424
20714767
6
12830
81
127675237
5
1161
6
148163
36
57944695
634
803
482064037
9652602
2929
3377333
4777058
6
694
5278212965
978086
3617
4012359760
8
54
35186
421965217
7
26
88
831159
78507122
27770
7250718
16810
67
3112032519
5719935
49488
7
2801490
4278499516
7
43507078
2
909195745
664235
777734
482610726
819511
75481305
9827
969
8236
5884741
35
9949
783305768
3
261
8
5147108
857622
6
7434316
985
5765606
2886270
8
7
869734133
6314
65606984
7
6611
117781265
62858837
7424480
39334
696266166
692465740
39583873
7
58
1999507492
554
79491
9775424
5
774448580
157
7054704
6
5
543189314
5404467783
3
331092422
63331319
5279103
4236077
38948479
993
6804295308
26
3
742
979
752499
357490906
198
25214623
5228
25543061
49
6860967
30899
44
54185234
9
78643
719093405
7261
95008
26629002
87
942
9
7029
1539
8727405
6
1
80876
898299
9576
80529102
66
591977899
3094
53569
4573
386557
8697516507
2
59129655
27313653
2941
36
87729799
7
1630996567
327176027
5912
4
3
8949981375
310
9985706288
4353
2809934
43
4292081
888
2
8
28529798
5915200
62
932712525
9138172
159
417733150
420
391694
18725693
66784
4
9680
6432190
511395068
915992
160620441
476
576
196766096
93385
7714
828
294021
253863
470561
457535174
980604709
134
641
7378002175
766386808
29
3774128243
755
5495201604
64255
4697
62
763680195
74638
61321
50166
4777
10
35973
894
11966
5138
826
219032
830337084
475937125
35584
960
938214
555
42949289
80521401
8132829326
67373155
852327
781366
56262
86108200
195353
24975188
2480451461
68
99377
2349
91739
54961
948
3399445848
87787966
6458261946
46
87937681
9191643428
1608241
161392674
8825901
155023
75017
80036
512075916
1309039611
615169
977
363524
95
616607825
8980467
4798536348
9419878
260345943
12262
6
51120
2
257060561
59523139
8161133
2230630857
69888757
483968
865084373
8051365
8
4851152592
4006275587
827
23263058
5839675
968500798
1150921
16
574444733
866805095
4647496616
431
645148305
12378333
22
7859
361778038
9407
6
19
6753306
58830564
302687
75
690519818
1
775904807
918
752797
1828
130191491
3661890
9016238
780145
171
7
101215007
98
4829129
71464
335500
8506004204
9541
5984780586
413
388105
8503907
332
1627420
1507855806
6203567477
2396
25092
154
695
198
891406
39582
8
652
98096385
1028
845206080
7380988738
13
96583499
36566
48
931917815
920
7350137
62369045
494718
38123
24
2106
258
718003323
441
66445
183671
81
68
7541982730
9800829
59996926
1
34325
1220
993
97822
446503768
36
7859169
1899268
11
344531999
2600
6850186
83
64304
537316452
4
218
25175
99113
8821667704
30981
1378
4072719
43229707
39463
5785103518
71571959
221
88
1561048512
271471
6060142
4815
2398876
9066312126
559477
5793883
268
9
6
570
187919827
478659
8
433534210
7469315
422
353982
8114
10461
9503260968
705
5529962
6423872
46720354
459255
6358
569
15306796
7148171
705413
4153925983
6142649556
6468754
3736
5946180
963296
214849
60251
74877
97
98339
5
4187526
56
87
8150085
774
7321
2281986
449298740
63005
3
2
85628
870
332
3
34
3943931
4196
478
690162
9
601
56
812
9117602272
9085
48161
17157
6981431804
2275375
114
922
9265852787
984
976570
261247
91482302
8843885
6385718615
6562690
30722736
7216
1397563727
3
9752
28299
77878
9188054
23125
6240777859
79
1193536905
8
19
2829851
5637810949
39
69
647159
3584
2873359668
2132
2442733
199759
326466
78
6569604
11401865
347
493229
9084573357
15
3416
708
4263247243
38066
7
591862
839
6
7938139998
5520219609
303302794
863
411
66684
9
91
9335036
19844
88845
9898
818822160
7
5040719
9425006441
3961748646
42415334
7
6945
69547
81
2
7
602840107
95701522
40288
7884392
134
2805
9319
1608848
4567
3355
945
208
5
36
4040935903
176
3520460236
8
77602595
22
436799
21022520
173369280
379
262479414
58484
1409708399
769442
3070
140921
53
4237
91161654
124330400
78
7982819
6881369424
7631
552113423
8600805
272
6526
8
225992
32
590389996
926457948
94334368
809264361
66906221
605
664925481
308
2
988477971
35
2900045201
5
4574
429
79
63728
1466618
3547498
847
18148
239265118
876478436
38575262
392777292
9
8953499
835
97
46654
539243100
181343
8805
4129122
37095389
7771830577
55
48793969
83179
632497
888265
72221
4610219
29
5675
93
7042060596
53
1273287
233
4229474904
645876411
348772
194060
861176
8
4
4
51729982
67
419
70718
771851
9
717
2589292
3120782
7
83286
9
532
2227962
489052
34
3
777772022
4461035
6343387226
882
2519943963
744891566
8218171
1286352
60958
8163925276
9640
971
218311
3
629589
80
8
32959443
25288
731830426
5663
35651
44954
5
29
936486449
212142373
63514
7517
1357958
9302380
9839159
4
11989
648826791
2614
462577
41277554
231676449
620877
38944738
7
721710008
8276102
95023790
6623
931390
196009
3845521
73258
46
3363596
496
465864
4691
473886473
317
9954820590
285531424
94066126
551430526
78
3
4857
936615347
9496018097
2
4552565
15305
99853
54
3197510
53568
648
9455616
6157707
826399794
2903
9115215
1660
8763
515
7485782
55
852
7105470378
66454468
9
90349
41054
858
2
7698
3
6174
333526877
159128
857
6444069699
38103718
4
475753
193070346
40
88698049
46057
6661444
65145873
9069
73580
9890
429505
32484686
23691774
389360932
7059126649
669
98
9
598883
211097
86837
2557623
8672
21658045
73
39
517
730
9559607486
726041
305112
5814450
46883
451387962
34192
97
121
26
49455234
94
464263
7
423
40661108
586
81835893
5
5
9280314469
534
4729
4549
3862695
972865384
81
47
4692579121
374
4767491863
9
502817620
695724
1380
506103
1620142
391673506
5922255
9
38960952
1
2
41887
554
938941
408
67826176
933
33
7888008730
96
4
236105634
7484273
747875
934
60780708
1
38443
59
20649
557
167095
8041111337
2677
3920499422
382809
9611504
693
642265951
53
7
5092767614
9650412
3
7502
367096704
39060394
99621
92698
6240
7
88704056
72
833626
28
574
231139
93337
87456
868456422
142407432
8970
239336420
59690309
355033922
54630
5251
32411
80
6992760
1001869
1126016530
4130942664
21167
8091567
63
77
66
6
5433
2
67431
82
55069534
6
811935569
5
9873697930
3675
3133755
51771
8
52
1013257355
285320294
41893
25
722486
8295715
13
3470
28851148
225621656
6064403376
8468
459
6126558626
920
475899465
5533186484
6997
83371
2270
196766
3853285
707443160
91
889280
575273
15237
390894965
5530211332
76
6
67091146
146
7
13853
64971803
90
222388168
6564956
5192919
15737703
379383357
3001
823908095
910615
4763
145951
631
32173
84021
338635
339974067
6
639
560
1
3
92034317
275
46
278757
648
354218
45
815327
351
476
952964997
42686
194938
412
731
833974
889143504
5487179
2643
6
7335584
2826782
24287
800
6105
8178814
8343237
7275024520
7432
6181308
20849
80
992295536
64007
7392878
6218
1308
66592237
9128695990
233
37936815
1839908622
17695
17
40
68
6526661
94
52
9802891463
39579
92
91452
336169062
7832118937
2058563
235239
8
643451
43557
31939724
989416947
3957837943
3285
791372
36
749
663117
71287
2588842
85701
915169774
1
2721261758
1408
305214932
3
4124938185
8974582
7712092
13997955
15
3349131405
8189217393
560
4227484418
17885148
1422
32094
372128011
917842
277882565
144755
3560839
7
7462
51649
4272526
719490
639
10
614768729
74919943
75
2038470
65
31678
4738137182
7352
710824
67919
818055
593393525
2148189986
6343461
866
622855739
5573
887854107
493
5166
7183446468
837422
3910
316359
11965477
36
8876763043
4614
53496
42761
322671
2284973
4208204
2244424
773503
4221
5384522
97413817
190710655
8397850145
7
793170135
63554666
806578885
246952
3642118233
43
9
31212
5066284458
69499
16436511
958
8240
93960
4709762
5585269332
7
45
503381538
267
2811061
675735119
7176043
18965
776320186
58097
8616454878
23194683
62
6
39016
8589898987
2373156292
210879233
26
249175771
104890
460
2
46
3434360634
9880185
2
38
66913981
835177
299660
745940
9111664800
3868474687
6768
297
76
4032755391
6381
98
6059
354915827
5591106
6725606938
6455011261
542117215
5
81995
8097962064
2
2
9
94
73
940667516
77
905
2700039
1534167
6
221068
9
2870468
3
9369321
2209
296300932
8
15989
292550
66563357
6256100
886
21019615
128940579
709729
131717639
759783941
6
53
30
430
93
7200462
390
5
93
5
72198
5358215004
4247
2707912
463
42
5
85582
6
43
886936
79
7517991960
3552821
4150
4877561796
5170
77249
8256
16803646
4
96643
2171
6465190488
79
5
45
86
31164240
9640738389
23064
324700477
9341743451
7772544335
19265
25
7462020889
7731135236
72
879024
504671545
80665
76025400
90
31
32499
94
2729212961
6895684
330
3
53956881
5628501319
9
74406
520
1778032
6
2
505
6771450151
6714689826
379
102272310
19392
68857411
95945
889914540
9107320462
12495247
691655
763940
294598520
5900
8
2
488
7018955546
494831331
7394
855
6836
633
12951640
636873639
72496248
293088
16
45964
275
2347
500
82
148207748
4
83364
8573149
3419
17199644
22
873999754
962
10092348
30
446109
35703
299
97330
14
129928448
107
336490
3
27
697816
121674
159263674
23768023
3
1
237826838
261481
9352
1249277
1247409843
4733010801
7
9962539
4025
35
31428
5541
357899
73
527
9408
55936
53
7794000
3663
243127
7
73112
38443868
2
6468692340
84825
7643
8472369
748356
37856529
5
8812346
492075
5404038723
2095930
7
5433
4
76370
5084863309
7468046165
543878378
794
9988331876
2454957
316
80
9121685
7998258583
594
91
29574
63
5221906311
292
175
2399687770
195
38985
768906904
3640
96002892
8521826333
283
31953
4908
1131
8504858
8450786484
933
906
2
5470143
561969
538416
58116
3372543
4357788899
2
9339
493
6816586
200
810
7312248
5418
453649876
45
6103
61
7802
189126146
570079
241183909
7233
78087
621058451
3423
96829
402825
341
619
2456495
86160090
543635999
300
65148
977
3717664887
6851058429
1000675
5864251278
95
948858835
794567
3
3290
4
68
88978122
772673777
783
2311
420163546
181291853
61684
622
499681039
6717834
7
87114
898
87577485
9641917504
984
77
330134064
86719
2350923774
166
5
9639
206682812
27610
43074
72248000
7002
7207
65
8935
6
155395
736911
802
2925071754
73812260
255833982
6
38
2106730444
4
6
8
1981
98
33
18
580
6729
23
6149
8898058
13032089
58342
6823589
38
14
641
812270551
6437
8504086560
1870402101
4857331
3
2074847028
5681308
974278
95758315
596
47049818
94885
3587427439
4974119449
294
408
365
2
408
576421050
36022
54
3444
60
5
2169
68809
165723
6343803990
9526342
5747552832
5467528680
1143738
2
1761
3781566
105
8
36339479
897167305
1896
3
94
3
309422
3141263039
487215800
9480
6
99366959
59
1768399528
61384
2523485
87
96239
848342645
52191124
6
60557698
288824
2
4205333
21580
37799793
11
1692
7571646344
4
6140
92
40845
498797
3234073
5011990
6
787545290
4
4389367134
436833
44909321
5264023
39
348
8920780702
43
813227985
3
4325
47598
3
174683
80
4569981313
60131
42478
2136907166
494611159
424478695
598534346
205303
201251
21
1084927407
9279
6225825060
32
36807
553360
47404
443533
73720627
220620
472563189
9
81
5919370
637
677
1087088
1729333
9182
9429569671
9
39179
14626379
257
9736728570
8
90573304
329425060
7
9
9
859138
1640
53724
8
4
78847
268228376
4661860654
5413961564
26377071
7738341086
47
1237
78
246892
927014
331680055
936
9
40324669
7756
186805437
57016996
66
4
3
459556
91394197
983
1556340
582563
846
159905
62007850
2099
67
8701
5
7498770586
9427
9806032
98
61078217
7792104
9562624790
9194928
4271449562
290592988
32365
1
27590803
82
36
206741
9
226475247
6150896310
8704
4513
77161345
76
245915
865990042
565697
7070097086
47631270
6670235
860803648
13141
3
2110335
8390171548
98573914
47
586754769
58
8750619080
4211116
7
11
3021019
407152136
563979
64953026
8397
2413552589
50562
91
369513581
841
100
1129846
943317
684514
2
832
4207381789
6781413192
491
658
9857294
780430015
723
2850569988
168
59101108
345275
794181119
38444
968
597549328
6381
36
57263856
6047767
361470
23726
9835
406085207
53569673
412
260983652
37804
682485682
84
698556
296894
46816575
1520457
989167524
51265460
8721854
27
4612799
3140761
9052425
9063
8420345072
1279853712
393
2
7867218
356
8265150
92375
675
965550259
454661
539210
709425538
639157266
7868
8
935822512
863006405
3535561372
440390481
9673
44106270
1039
5310142006
2683134635
25411
96
2898416686
9
1952
5120470
1
74308
2313734685
147842
40
5517573
6
4526176
60047
5140
890386
78412
9784
3968
61554775
7843
247475749
452
290322
490
3051227612
5
63751
69388
3280318
483
3964712770
8524733389
9
26596
546834
69
72128
85638229
7417960627
418
55442
8
78
23951285
563
80
6199
60304
9491353
692328
2
2041045
3120742515
8
487
3683
182
4770722
8939
7489
6406
3208779239
964246
5
8339515081
68
45104063
20
8038
14202
330421
2259
65052
868608
4184
37
30118003
220
3559325
6
9842
183328
670212612
6291204
67780334
88847337
74
7092
345795
39683
8924365
372529
776355
185363032
372010
8
8
4948930
895664
87859
9978358014
4712717190
67
50
7156
522
531807022
810837
7
2
4261624294
1231
7920833031
750296340
7
79336073
3
3
9362934766
6433090450
8058
31442
49
967354
71361120
21664827
9
79700
5418780
464074986
5525445160
670368362
3120258
11
931
33
31754937
29
55
8
40983021
9196347503
540416665
7487160519
3019
6593321
7204564
102
95
116930512
48454941
42216530
20
814465580
9
467419755
9
7925028554
550
47467
1
402
62
195325
363
713991
7398989460
4227
7762
534183585
2293706823
3
84567930
6320197500
419354792
5830329
1407970734
2
14
3
1
130012837
7081308525
9023530161
4993
667103969
83
2285
312
9156095
763856183
3579
9271700
180405
7
694165541
705
5682227879
47199
2913215118
717210
3158026
32407
735735708
249688047
76
6795194
274847777
8292383
61474574
2701141
3299187090
71105
19
63
7421
798541388
60289521
698
37
7869981493
193
998502
435
4719742849
29
2051460
14682
361
8736398955
252
1852
85774
2
252595
564619
4
820
8
4
844
852705
4325426420
167878808
286319
87386
346
97
51
5048
172
89208
140866
28186339
51388691
568547
75408798
83134
1
57
9085
7626787
47962166
385514635
84
6561338271
5503
6680
5
80355194
78
1232664214
19314536
21222
5
4382915364
973509838
75
7266
9628308
488897
193923
39052543
489425
95273
364884449
698908495
788263
3172406195
8810590
722489838
99280879
4
125361462
8921321899
370887903
45
86
89
5932761157
82702218
6392
9797611
64736261
7678116
9
41049
94865687
6409159292
3757422
1399216
37
9891
8263
162680924
245
643673
83
8535145165
96
94302
5982685
7048178
802
9251743
6770276
335
88
911
4
906411
5907
892382
32050483
982907015
605540
896342054
3596
2689808
9626
83301
781192
3431018
6623
834901363
5677
9378936
429857321
292725900
6
788
14272920
310995075
6254219
232
825437017
74632118
769400525
5417366
803220
69
947
1806945
241542
37
84968
1382
5
2001161758
43747093
3
5
58095
7445
6
892
42398980
519
8612923190
362412354
2046405577
144158
480076
226159
379466
4784
421
4555048
41
25444
9
290120
6980
36
7779
4015506707
83
372187177
88
290
1132834471
96
3
6945
2053
7981296789
930432582
9131189
9243546
5680817
833894
48861
57519010
787
8802
8
9803341
989
648710
42034
17010814
4
515
936
932472
67
406
2912103785
16218
36350
78053329
376
132071
274627
113100
8403532
1
821262781
7
1447
88
2810081489
55351
67583
82
2346651
481981
21
13
56800
789
89212
67
71958
19
7809657232
9
9
9392740304
151
46762
5580550
409
8
9843264
940
201
9325
709829515
81
1117069183
667172043
275428
616559924
8
2560
2325
31
7114262
61
31
379
425043901
7458
755
1
6714
4390
69396
7212483146
7935906989
9740236
9
7
422277807
79942571
2563
563
27095386
1425
6305281
529
511688
7819
724731
22
892503
68598
813726632
150708642
456224
62240952
8
7232
24837730
6778
8071763017
29630306
43
840
7208
38251
82524034
93596
26809252
34
553
934844877
741
3091049
49336656
628301737
7
5643086
427438865
6878524
6897879006
7
7810
753
29912
4601040699
8932540
3
460976979
9135
79
7271775153
90
15
6581954525
61281765
426
209781
5
352465
323
1
9209
524
8215220701
22594594
3509039315
40237099
4634
50494
5
5960488738
334597
26755
7418905365
1457
121158415
197144032
191674
2130902
1443
7313
3903
945936
9346183
3197171317
97
623
421
733122512
40347
2168891560
31
8580081367
9320270
844
43555
3886
150
9
9020
6467
455
6765721859
8451710165
15
742705
51508439
1
33325374
568574
52504851
28401896
865628
7
119
656606
3376563276
316968590
883425
122793070
2912945
506109
6822
1515218714
73470854
17687675
4925702
9194
2576
12957109
3794
464740022
2243
75452046
4
131477587
103727517
143
76
30334
27090573
89442308
1022
356
367335
169
3
225967
3965365
33
22
2
440
247605
8
7055
1465
3947583
329449
8742
600
508169
337
3827
4654
901
3819
3
94750
4
9902522744
72524
4316091124
208940
813
282
4489
8480
389681
6297
580144601
7089
74901553
6636200
1864105522
28
1
699
3952
123329
324
18253637
169
96
9182164591
228978
9
75
4727
334230849
30949417
711502
533
2
69
5999
93692
79389884
6521
829
486416
4386
220
449683
9947186
63
66067211
652568
97201
8009667090
8468
98707
316
355213093
658183095
1306770
8687031994
309755
881
66
9871131584
9
4080
7
93281690
5
27026
324385
880384068
71195056
841
9943257165
8232332408
528215368
902530
109001
8253483
488
6855372
8
1694493
22200
7141440
14987
446576908
1
934479908
131
13086
39375423
2450
890676494
873
3601
8
326310810
222707
75564262
904
13821
9824824
997
8651142
98482874
968357
383794
722522
578315659
5712680815
4619737633
473
90135062
249348
83369397
792240064
420911
4890
808387251
2760513
578
792464577
52314482
6608147287
389603
69
5449384209
3
2475
382956813
33
309234844
4678
4588
89201039
9703272628
1780999351
871504477
2949194
17
9155061
481
71122
5
513
4943
38376809
7
9782005
6443391402
91806
6
6785
6839611118
7415611
8
1015
10
8184
9633
2
136196
64
5
24136
125
843921790
161
6
69324
527
523605
4764153133
731665995
1511106404
245647659
4
85832373
93
7754880
516395643
986
811
1437248
1
7190009522
75979
43
70627
1
89
58236
5054724457
4104337641
3494560977
71
445061
116
2188164209
74851188
25176
307
470771
1972
987945984
815106984
4240596
149443
2733799702
124
88394
439795
4339597
857394095
44
8673752
80
335
239430
7592823
72767828
76
4061108
7776952
66684
3
65679911
48
7493181
1004653532
39133910
341496
85
296575
28187108
9466
80
845555
8377010
149720616
203396271
836
8879
684
73858198
9174975151
7
133276
90
57002
566566
7936125667
3795254776
737165449
94782535
70498
53042
2265
382006
77
8515511701
8047
24167671
3714701
7
40143
89763230
5
265513
9672
3
57341
74152
42655
9162401
6014
2
5762789753
16
4
87396
26621
8971
5773632
3957263747
91
925114920
4476850
965525
575174
87648
7934
1404496558
3846238
46262187
7
8
7415
3453
76164558
3
5571533773
30142233
25357
48
2617909
6
701
5208269
28075
6590
93113
38175031
46284114
2542
4112799580
3385
940342
9
879250952
6643948
802
3133
98702247
4892652
3
6
93648
9456207
634
7605017174
35
71531
1504
5818
21
3543429582
98508898
125744
1619600135
209
46
7
6756190189
277592
5554086055
676
2282
992866886
35
203
697
56
57664
49
754
194583
76
35155504
5
9000
462006
1777602587
3094955928
443
61
6
6848398586
4414418
831704
993238
764
189960398
473836
495817365
215
88966892
64988331
145059992
436
141502
50
46227290
8766796
1887338133
1033590
8185
335
841340216
204144231
1
391662
923164224
6414
1776
984564
714
64995
933
98360
94020653
961295308
5518398
334237038
7317043570
95599
590
5
605
5091292641
462772
3
642882
95422485
568031825
8523615906
84935
6852987126
5072625223
179963
526984737
5899
3118
1
12389
83427
352474358
8
3859020
53
52
612
823782690
2633516873
238
231
9327
34316948
93924971
647191285
2071270457
5
45
3207177
517
90707
6787204
3762666847
67
33
5
78529942
74688
12
89
7856
86413
671807227
877722492
58150190
990117
991
47
3116128125
592318
662406227
5009
971
82
5217047802
8494857872
930085
8376998301
8316
803957648
8
318035405
35098044
611073
88
419
5476864
1
58744
8716566007
94732
9
7473757
5
3271
3631791086
4799
7376697
5
511996539
3
55
84953406
59930
38
41
4
772517
2774
6209257
7201
35064451
604043
953037
353030511
639269
4250833
79041455
5792768
793682
2979019
7822004
96591
37903
5
37339105
47724
36603579
19884
2536
1089455881
29
297
245610488
2
99
764711463
9
4326
3533985612
96
5
206090617
9987642350
96
43727
5069436841
505950748
17492004
1038669
781806
9020627041
370892559
9026208
9
883902459
8075
7616270652
2210
962041620
8738226496
2579203
413
5744964
7689704726
555
543632
2
67793
5684554
10
8068846
3568
91709
4785608
183455
849
25872
9099957
1733082
8479344743
99083293
275334758
7
6
24
6936
220
9102089
401199984
54
66015
4453188119
10786660
3
9721585
5
1730634956
7089832
4734910
8232321110
3560
669
8663851942
72594
3
259699
51
5593755600
43721827
85939
519
67568742
78
881702
1
28
31
210513336
108
4594987906
406248
100659
61213
3869611
42393714
1881
259332345
465586548
285724
599174775
90844
216976
6
322123
69153
944347549
49235
447262
12
37
600
116
5908068269
95336988
3328783
5896
53004889
5915
670849834
247228
8
2247868874
33
14788804
3716
8618
4655896
63951029
867364
25666
9846678321
8202
30722
26472657
142885986
1648
818588
2
566
653229
3108347952
2524
177
4932596526
803923
297687
35
95719453
8
83587
993
1783752604
116544613
48038721
24794
4
54
18243012
80
832321
649999910
80345
6118153
85611168
94050995
3696472110
801928260
56
552470807
429
5884298
4133201
884
3
1271
98477272
83
44360
7701348103
5212471110
51
711
787
87
5912046
93078
526
899
281
25301103
64952
55111
203
18168028
5072
64845
4
375
79601077
98559
63376
398792
5438
827747
7561
21497
32952
6
626221
55601
4638016
59624922
257
68
9181900317
117842
8690352
326
212642
54
11114
1168815
235965
5466711
63931490
6076
2382596049
4
3140647
8884962
428551
9040675
176
692
5620347
55509
366842721
823
969101974
8974348016
8
74
1
2920
772387
548913646
262
49090
2163210
85
6
58219000
912337
5759
8967
28
5
3532906
79932234
58
57
8
8262
64389
174
8515139
3
33633
3171543264
7458570
117
769
3982640
6
1468283
63957
37965014
307291265
2350
569
730
484092070
138272401
39
558029
2932532
650201608
351
288565222
24
3235265
846472512
95630
6014170768
290922284
3833
15475267
4612
68724662
19017179
51
2359311940
63
634
40
311488794
112
5662
585057
2624
40
3846606
561033582
55
78
8
218906
10
3948649
1
893365208
8962
63625985
665829
6303523
394287
4991
781
10097388
394665506
3
566
65
3287622
40395
90
269629
291635
9
316606
8169
86
7143057
2490525
3172401
954
8837028
809
4809
31
94149031
306276
4931
917
601
868967
654848478
278
9047936008
9993
4456322
61
2399545715
5520916
19
8315608791
843
94337
239
9
89749
41905473
324291
615799
9257272
94
53
4396481
8
395617641
1235848
89788246
27
211327
4200816186
3033374
5084360
399
6
32
68
7798
64503
7626642245
984
180
1
28
8038
67974
6547484
3
6
21
36259
1336586
80738
311504
2553
26090080
846626
8
77
28372
166
3671313
8579265809
96805
1250561
5151610085
225
4964113315
9
795054945
35255721
87313785
2870
7
6669883
24864
2709499
255355184
2393
26
5959422
78275
95
6303379
102
68278
1
875459063
1463158032
58904215
1494343705
9
140
7837750
75427431
8
72659602
75346
11050
663081
18296
3973418
7710334
4
576556
2089156815
42
322090
74248
277779317
506567
131435595
53226352
50586
77329032
660157236
70468
124749066
6998544
513406
155070
2257776
6744862
99171268
49
18240
498951687
93048008
2704624879
648789
28
6339
519080571
10182509
8
1330
12126
807390337
1805
6438538
61445614
91
182625525
9780
81
384972160
99
259970
59
6668781
3669994
522
11845
71
9809854
7
735
23961
74490
36252
3487542
2108646874
56137
672715638
950107
2698950038
938753
7166
57
8753044
2556613301
2531499
1
14285
2
59215734
260974
992
32293021
6444630
370929
8101
585
1107241
3584648
463077144
21
672115126
1
9495703061
493
659567
18008925
9
52555978
2
1
810029883
7030
9
8538
399057
740089
203748829
285832
505268914
4162
728012658
388
959620955
109403570
63
852167
652664
92
2465795618
8229236716
471
9547
6
433556
661
6193330473
5722885
3897038
93057
7841147
36
8174194
7508
23734655
9104
932131300
6750372692
30227724
578183886
66884
78455694
62
72117843
6
28090193
6
460527
5
54947
473
493
661832186
2123
604
587
3379697
55282622
8803
256283449
2986
6
5265471829
321806
2430
8281320
533683693
724348570
64
8051951011
9289
31909368
94189480
35452
350886545
78
631700279
429271
84815
72
6032421115
431315
45
7
528953856
102
4899
2127
29
8016921
73896
1
7782
217333
3182829932
6559188406
8107921726
98292
328322171
295632202
407789615
9056
910232777
7502336
3
9453
9786938185
93907815
91904
191
376
495
1641
568
508592941
194
68538858
3557
59
234140
66120653
119
155390
36563550
347
6948
34120606
863310
5596822810
651093
67685173
5675
1
309
7936512
122
4466829540
55658407
5
8581720920
53575497
14527961
166460
1072999129
331
62003
5109
6185
50795
3511
7765238048
44693
25716527
2
183379683
97
362
4
177
53338443
9865
60137
986
6888
24506201
63
97
140720187
9526185
824574680
3
5670579
1880685478
297
563
8514
400
5183355
23
3
81792251
729075
573702621
44
927
5087718495
2867796215
45
192
48
14808270
734131
3670878
3236
5404961630
9560520
74
627417597
7127410
918281
9861
7746209676
402204
9878602821
90416556
33316264
1454255502
50194
71385
766
32749800
72035899
522421
228793927
9
61498737
52
73422736
730
211013
2055174
21909223
7
74949566
53
20596
562975071
535775778
96993
440
7855
992312
13326
6705
324507
8787767
7352
402290
11118170
8506245221
7830851
341039469
7044857
25287772
155113222
8992219437
41282
8
269581
742243654
944396845
782595528
73405502
663
8257643
792523
236212989
19622554
88780452
30
1
425
1
6136
668
91896911
55
6
1597353389
68374171
54912
17262
569179201
95074
64919957
65557
3
6088654
59853
30029
61867440
231999811
873
5
52573
180448707
42
9
50562
37325
8731
558883951
462
42035489
8047676
4716585
429385314
4812229694
17036
859410
4594866
554885
82601
8616952
603
8994
862748
4194039
283047
7460678434
6560735
6
282675
3168
1973838786
5457536800
38191775
2394
457321
485393
56520
687617
48
2245383240
9
37199
29878426
42597
8565
459872
377024700
623215311
67119
6284805714
4868
55
32802114
75680666
4244
48
4995688
115913
721877014
5209052059
2
993706
5427048
16
2321734
9629986895
42064034
46146
76
60280
623
63352
81008
73
668838
986864437
3473146960
2921212
995
38286
208
427127
7752
875175
2654
586856151
63
26
5
65672138
5457
84897775
16984262
96535
5
183
648
4
70297
4
8085975
260868
90390
583286421
1531
7376695
21915512
3077061561
2199
8955
89
504671
67773
470510202
32896429
573326
8
819929
183373
617163990
802
583524
53
79151
236
987551954
86916419
9018
4123698
45147937
2276479
100
53763
58141459
8
91
523350891
856727671
3880635433
839
7109
809
5
993
724894
60
42466
7152036221
398700
583758
731427
9416
62236321
15311820
70
6368
906
7147766
293728
87
9862076
8913
53
802479
83162
5
173347489
25317
6
7372079685
178471786
5096720176
124472340
3260821597
98458565
7
4483400
5
298030
5717680316
5989325
67164380
54250307
47529
4069109248
67
271265992
24635
89446
75591
38
693
944874
58144813
19
29485
6302686632
70494
93
8342167880
53
2162
3
65511
7583
64
306
8495787598
848
77
7
11299620
3997558625
80562781
1439
55988417
315
7
65987
1
179
907
634560
41077337
1103621
44263
605599441
814
87852473
36
7029960558
24092
105913056
8233169
5468286877
6951
2406910
8
8099146665
9379939
14009815
593563
64707
163665276
20447602
37
6446
2127682
5
85801
345933219
143
29141531
823173
705
2
38146
23362
4937
86849082
4039053
80
98816132
1071
507
6317849
332145
20
5
786066
59
757101446
4
85635674
2046
3955970526
89347
5
206319919
13552
6487
340
406918
712969
814969
6836899518
11995456
59
1089802958
63
55744761
1493
4579
39852436
961
5243
399
8819
750310
958201
3219218
1734391450
3530650736
387089826
3
8384452087
821751220
8
4712451
8
72889004
898
6234568153
53479253
121862726
782797565
3981653845
53331
38
85788
86023
138441
90608
614062
6304918027
29170
12454
378
3381
37
6362449609
1994240
15325
76
3378
19
9663757
7612995
2437171617
59034001
96
1
92684
302094
73204
75
72689400
496
88
23316670
61717305
43915
117082139
14
2275733933
374792559
1923497403
48
295
1630047
404
55001
866154
78
97
4235169611
3122
205
42
9144117
333148082
964940
3729753
3
53166423
9492
8137911864
578131
967
7
4131934
92
2142
66
5981372986
1
2
34610
921131
758
65012
4631
9496067
6568
45
2149118
21
61503
35455157
571269
78370
2
33549189
9479499978
15060818
4
5
5937921
76089
1797
727132
5192038965
769
9529976
4
56161411
85134058
355037
6545
5159736
6663645214
625725
267362
669
434900
4171771
434928
5841311397
8604
3325
221244
92239
5473
845
8947
20487028
549
62432
50
81711805
329
7895066390
8537
235071
475847
4989
1612
95154
35
633759
9
37171769
29675
6653658
8
693
2676096606
929708740
542
898785
627406
4
5256727858
5127098
95547430
2753782
62085983
27
3962603
75019117
65014
503847743
29615
70
49722622
2
533909199
4117985581
5613
494633432
5001323575
637297916
9785548
932357
554438221
4801110
8701
5307401
330
6368222620
9
4445969
2
28299
68
352
7408988
454
346
4581717498
29420465
423326
5730421763
32
33
2493288
9385478
7323711966
830561099
97384
70028
594590
5403500
5272254196
6
120174072
1912938960
9
639347
8594200617
6515041
288447356
927
57
5676
339
9855833
59676790
42
8754
9538
49
5
4522141173
3952315985
863707
61561294
3
2750883
9
8
39038259
5404407
887363
37067
186
48
99157
6516000
91876645
629701973
4788
6010081
24054610
9916021979
549850832
88
95077
421
2331305669
935
6665203
389
2
6240297062
88062302
22840344
9684
6239636
69800
19
4
4
5800628669
9233054682
60713
4662953905
277
6783926
3389
7939
7160499
15497829
373152066
431740385
6
8397561
8
3
208694066
93598
9163058066
7084
831994791
81774904
82
3626
3747522
38407
1183790
24638
88816
556066
5541780577
75
44842719
56960
37958398
89603
532
770544319
78
72437352
66
68
79516177
28
77
572
6
5567227814
75
68473
602922473
54746835
98637
16611745
5067345302
1
2395
1348520382
6837
54090230
391
80271
673
5375
40
61
885911
303764
83
811830
3085
3184859302
4307
41677781
24
290296
354007
886784
1996832945
788
2897012
49483
811974309
5797894003
9
4136147
8331861
180169
3849
15
372712
86
4
4
8154645715
8922
43352
7534655
727
86
1883198
273613
1949012941
28
2
1010197
85652249
73513811
6283708
41
96768
6362599
516407270
37
73684
79216248
9151440
95705220
468340475
32
9
6688
63266
489723180
6028
80567
7031
3457
8028493927
37223527
14669
893857066
4923518
61372451
89
57987
6900904
8265608891
7132
833317402
86272832
937657586
53172544
5
18
3192440
995
42
836704047
1287874131
4037262163
1677323375
1
97
187
2782191750
4551231
7905886
6004886
7842
8162876
3
515247
4507772
52528541
2118827419
619798
2
9307667
1
92025
5
63
3
1674369
926288
9633
4501
89
28986247
51
2400
7940
629367
2407953397
7
1130
45079659
1631961692
7845291432
91912
392887128
712080
316
657864099
2
5642805964
58794999
8457
601460
899110831
479
6232438
6518827
4
4942
12457
749
3325866
7602040304
69
922129
1360734569
66
2471923993
52833333
7
860665587
9361508
4
60
39524024
441114524
438130
268
700
639
88040
2
899151340
6
46204
847519795
581
333021243
13442945
369108420
2
44591049
16
7206464
60477902
17674175
1258549
2354909912
559946
354546
9
595
20844
3
74521807
6337522
878
17348
293821844
907
942743470
1
1297501956
52545316
7413386
7978665178
9408786
414124
601
502823270
506203
68992432
454324597
6112892005
6934277
382
26059
65314554
5554279860
980
666
309
213164240
69574
624364178
888747756
803615677
4017912375
5066510
66
692
36
978
9447
1175110802
214651674
528485459
382
96505
90195
884373458
8735851775
5031011
24
2633407
497337262
3
36598449
577160
57528
63853
1750053
803315
63959
760817614
178119702
49764
16615
597715
945105515
7886
55
643
8490887
954993712
300327
7557
9309
9725717
1425500088
8913693
33063
44561
43679184
830009546
71221
99528175
791
791
4489446
901761974
549633
84
7436
776172580
552120607
6986
994944
4
512
520
586634811
188054
98949426
1805049601
532952
76016
1002660
1009771773
20153
3159198269
58
3240774462
87572767
336760
54752434
539309
2040046
69852
4880
34
2549
11175
35295
91906745
12568406
6459115
7813936262
294331
82864013
140278
41137
2620999
322335
14422885
72490614
122260
724350
39527802
7843445
220274148
888663
2
21
29109112
20230923
80
148924414
293208759
74978659
41
68
736974
41
5088441
88381726
594121
2728
8483549933
45286994
122485753
2808
99869305
242
79341976
55
3240330492
1
1553
1167687
415363
282
2773067921
5
625244
251505
62748882
404
703093373
842
752779585
21
34782
58
6945
873246843
8779
722636615
27381
9711
7954030556
2
7016
2860073
579398
20580786
64162886
35283151
9110686
7982
48983849
8549321
8910
1002680
2289
11776
388366
25893317
3470
367378
19828877
1157387921
3474557
50067392
69440202
813668
8196
5413981568
718142642
26753
900154014
56
7751281
543638091
8119196
799683874
27148
70398687
97
287
3791092
2504865064
15031567
719432209
1676476380
5
40549
8723
700820909
4255
3786732861
62131884
322349
7385
7174
7087
381
28271248
74909407
82558
9632
753
804811
6110013
932060122
76
9739189
651505941
9704260
340
96
81405756
4682
441235922
963
4
5978377913
5273781
38
38
1
9530106970
610573079
2731447
57355949
2
4
37
60
41505
6
76
35
8416377
7060360894
91598637
253
50892
765498630
712
294
8136638506
290693204
49
2693
30
656
939
7845951114
104583677
7101345749
33
201071
9613430157
960
556700
3842349716
89922078
21
47854823
3
861420
41050308
1163
73853
71063
93713105
9480630
27
561
9635820337
4
1199888631
7852383
844
828214267
76
108516012
316
6251063
85702
5
746105
7821868765
3561
6948594
6409658
876154
866086
3713
6318
58089
8930695
368293
7
3
63
595496450
1329
502937424
770
840116064
83962
171
4
1
5982775
443840
705691763
6608
5
9125
3601480555
258925906
408413954
770953407
99359
371364395
87
6753
35079
81227567
50420
7460281
150
820058447
94
8183
5432209252
9
2332
52423
166527
2355
85139
92049
541710
205315
3
8218704
70
9176
4991042
532856980
5
2410
662356
962833398
382513
199
1611
237131
520736
6672
8968788
604983438
8023783125
117
778135
5088
45
4801981
7352253
101766755
163350268
76
9
3731932
205371
337
46734
798221886
5
760255
796512
3154332930
24
7
58659703
941
400825570
707332
83831
90705
6792363
50813658
9455199352
5312151
35
8
829210629
73
62559919
5
4057
6360
191
841727136
9459027
27417778
16
50676957
24196
186981987
6694
98
633381871
20032272
9257836
8969
293814777
598
22790
3959
96
329
3
3294041
6090960
11
89441
90821859
437237298
3
14126122
357
303
352789479
8845
759263
61
325
3560013975
74607905
787609478
54279102
1471
8
3
81970
582
3
8
6223
42541
290209512
8921
13894
1841
50
87475043
7179
23
884864110
5029343925
267
980
912
316
1350
281918
29543984
24788
18963697
42835879
58
1011711498
3111267302
164
7
30
73414868
89
50240674
25
6518
20993
962168
7006491023
7567422830
78
76
9692056904
9465908890
7019639119
7
8071
7467
180352
12504
65537261
8
78862851
56
6062
345945
793
8050995320
826457446
3
82190303
758
5743489
381910232
6
531166652
2847862
45335355
489
782
12317
68170833
935621
999
40
118
1879609825
43
215
28280
4435
75
921292222
613016
4
2734882
2831707507
5144
86607
1661090
45
59772932
951
685104242
681174809
31
7880
3819591
907451
85
84
8655673065
687916
8379608308
19456
39130
63225
1257299549
48336580
5973
1553
984793013
201552866
327226
16
58231
9441593
64163
37285
9966165446
11
281251113
725791024
125000776
549086964
36
435637
29
13681667
539866
711073
8436077
26110
97
941
2749
9744909942
668
769928
825085
35041
1
3454
6765170894
8315
3827633
62873
64
1045999440
77550
2913090
6374836981
21750043
41
45293097
9460266
1521568
22821
71106641
86265280
2925293
270130208
556149
9417710
5094051
6
7569970
993710273
588257
3
721240
3947
1658166
742
3330359
37214
20601881
29
92062
8259478
48869257
90436
62
208016
6523
74640
8
170
2
58
862748
28
514653012
4
4344642255
930930311
936162
9393881693
4900116122
74
6040010018
805687
15
97
974595
189120
621
7
35
675203867
1078254
754
98233
59950
5102605
531670
10988
740757
163574611
316
13
3267209523
33747
90
8206
95
6082170963
72798907
529
1
5
373
24
473
723669
3421
2624081519
8145977383
559351287
2191167
2802314
5
540780467
7764761023
469978
3612216653
6909
632
6
5
9
1609781
4903643
203
5251
341
5036409
980063
8
7082
9
6
191
407507636
988
19
810794
9349667612
3761998
24628063
485664456
912
15812
889889479
50
204
959560
1818527
2
7558635411
92
31895
21177075
35519704
881074547
867827385
2166867
8
81
54834
4660935982
40
853390190
713
9430
372143
7909836
9113
5773012
175
5472450
626046
183909502
22
4780302
5971708
4687
804980619
506
71
58829
905902703
2465705
6924964756
1534818139
76
891
33
6819
82
1
1569961
485
79434222
29196
151
750
6330749
38756551
51124
5954
7
102090
71
240
2
7
888614144
560079446
5340968298
616
60
67564420
333319670
532549
520
2
97987
4868492
8
6578781641
913364690
105
1
6953409
4
441
725836186
66957
2550
1
2771788188
2901
660
50
858
7
8316482
45684
84
24593
363
3344215
5585
553038445
6
1653
1417
165476767
2
2311284260
22560236
728
6949
2086151905
1761829
210533
6929648089
3
915735296
69034478
2
1017978553
9751994579
91620204
7631495490
8957
1140098310
24
6
8998336
10824
294
949
9526
3064528523
36
8427878981
4
214106
3
71
3328484
8335879216
43916705
9
686999
89947384
247617390
841960
1
602602
6
3008
3101
9682
47891
34947243
96651
5983
760
5710313692
9543762177
39
17594559
3485
9290832876
4
8350151741
56186729
73536445
306095
24086978
131
825
3720
79589279
6874933391
5473320
689189676
91669
938347
796
1923016
8179345
512908
2631926
558709
928672519
963508
1
964209057
568
87071
8087
8719
830650390
66482092
9984192279
4
4653160
36854
2153965364
68346401
82
5896608976
72
131408
717009922
28703
622209
3403474
1489205511
1271
6
1
567498309
7944620410
96681
5069
3
47282
220206691
1926
4
134651
6989
215867673
937
372
491220469
303
2670058
34183
536311
25738
58696
910772938
27
6320
821674
29
56
176809375
1817445385
99889988
478721
670661713
679
5852015063
195189
2786936
249116087
201
188
726473
8115
4075303732
53
7360215
1454321
3368195
692350078
99138
1663
9882462006
705
4
537
431893
5
741176
61
52020
72992
93538
5939323846
179026
9814074940
810377
58922
946219
44
8
7
33747348
790016483
724
4787146735
6
35662
7657556
166
449
45682188
659
169063802
46534287
1
908
2220898347
52439599
25354
920370136
321
7897
2493
931
122
94091
747
99968
57564226
171771
54997039
8
687
312
2697847047
5902428
6
38
88984836
16
4127
627606561
861
588217
111
5255714428
5970
7
297906
899123537
13875
2304
8715388
557528
708760650
296889
9
4
30
129349
7
532380735
38201
64215
5358483945
958893
700622759
584
2
39
69960096
9398091010
8877
54
7152349
48078
459
6206491
55040
577710694
5703
950
48
77
5
45
4
42
421
9352054577
551
20174
79042
8753631477
277
53900181
2200009629
54386
672581
804750
3415
292
104456
55
7488
92916
3746904282
134
5536
86326845
872
8898825
62
9219
3006033
19591
99
47
9402874
677546706
407773016
5516864
5832162274
2257
62
606
463141
9133660
995662
3509386
6805
124254
8
4914692874
986552
44
680150
5
2826
62
4883
408
889
4513175
533960
47769384
3
217085
426587
250678
1777580996
1332
79806
6039149278
689881628
62931662
798526
99
4078
7691430
9
72820
9
38380
64882
4
1408173320
7486151
191867
5512
1
3171813156
723908112
6410543058
6780062
113599884
431
8364184669
50337826
807952
63
80435059
4137565
7284
739784
81
87972
80892
3514
60721446
67
247231
4878174
849728
25286582
497031
8205526511
817
62
532143
2
32062396
92929
837
10112519
36
97
4292520894
189055
8936640927
37661855
8679943
92348387
228
89
8810454167
49
1
901597936
33
6339928091
985964863
653194
485986181
475977156
6869220515
1927166
3
675
64
8761
1
6
42
6
488
731
7086
9
801
1873
8
642
2499
580874
2832409489
564
6544125227
81420894
4711
46568881
504144
4283
430
17571633
7923056
4
5461
4583847866
4991
9043
43
799726
1398610
2325
1365
4
4301
86168
37778
93
69528427
136
8688
9998
87851
8742017086
785837
3
402607076
37552503
515672071
411882404
5568
4228
22
9850441
73191
350
2757656158
6331
30232309
81977
40684
837
856933
1436816
205342
105
12
591027
3603
3535307938
60071
8220410
306
569105038
154036
56
18
2
62
732
500
3425978362
6495739
4321
4743
7640534283
9470
338
7354883
34
64259
8941
3097418441
5108212481
2607102
54974
55132
43
2620
92
798
538
9716525
12
2672555522
6211078427
925995359
9959
4275055
11957
980852
54736
494974
1
991603
6020
67
2964198519
40234615
907233090
1949
182
68930
6
8961683978
884302362
1649781413
67954
364473
4321
19
38811714
951572735
80051132
183022252
2194
8113567738
43116526
4481837520
336
14
413
69163612
439022
46966
941
4668
20922
99
5
4585582
88
67571307
385
5225184
2252392
46204
3353738
31588
94759829
43370
885850
247470
473238
32242384
8423
4474573053
88
7
3974
477181
57744684
9587023165
74073374
9
40746
1374
86215
76168
16743
1187518
43
235685538
6668781328
1
76796712
462
296
412465
89901974
180149565
6
2823842627
422415
4
217946
52421
4483
2974470
465278462
696
245
4154192
12459375
71
567617551
784
3307653
47
323368
111644
1863
2
70961
1576500
7
89
946370188
4812060376
3477983
277633
6651618
7461381081
104212
6986
920
5839734
92905
88806410
1
9
6519614
8248925
55037915
953098734
531349
192545104
92810
1090403937
1
983162601
17957
3478347175
2558
52
8295304
9435204309
9471762
358496
85580
943883320
2959
633924353
18
91352579
9695755
107585992
9141111
90333132
92
388
684987
709005
1
755075
9
76192
4650
36
92649380
1911759
62
68171746
2867
35
9
90309
540
441106
86264
65
492048764
7
4
86
2
58418
5675566
744
585837498
32616
6494049
10335263
39843
7375546
17520414
9626104
8540993
2784
952527827
82962
1
107
915658432
6292702539
296019357
67935
88
5396
42386045
294874
31
3
81
9
894327
956672
79673297
58706
5877296867
8338
1812671459
769419
528696341
68
78
52
4006395
427
44357441
191579565
433721
953630079
2396575417
749065
2165
7170
35055
2382034372
34931757
660631726
206
69560241
60726154
5853318095
2
4768751
112190213
321
41305
5
5351645
486494242
8836
46
9266640806
57608
4367
78
3286043179
2091972172
2830
17260
38
6062456623
7555
6806399913
937118719
92581
905
60304
181635
8
1401424
3292596709
355020
7140264
17049
164849727
6943512727
526
9623
5
1
52
522181
732927179
46
617325148
88
84485407
3996210
908
90
84793
6056
116524
506897
456327
6266
574786817
5839315
432
3757497
11151029
113
586763866
3008
86
65
8
9746
3396289
8956
1983030468
6946
8
79307628
35601937
41013
886539
57556913
6118768465
75110
52605
152
205671
93508008
332183676
717162
26135
918986559
756639660
3290120152
5049
5867
822623
4850194433
76
4230442
3858235
7
743584
5601
180
1450
5954
172533478
168965235
1
40
545714
9
9
5
60
7230033686
354282
3298
3
3502908
397717
86
232115370
96412
2651835
779037
2
8013
2350840
74556
35334
23
6206262507
49493471
300965813
4
7651
41771
8437235102
1964
969877
7234124
8257
566621870
5461367
518504550
60452939
31728
861
58
3265
74949
854
50553691
24
6118871303
8
33870254
38
7557239920
343
356492
6173
7375885
525676782
1801651535
116
24
226
8
19
73265951
14296768
70093
85
216930750
41458
4362674
795191558
424750833
78459556
908
5
18
354651848
3121330
59319390
788134
6905032310
4
6887
73
128592
63619
583709550
4967301
9
24724139
209017
15828014
1803395458
196307
669948
29688807
93708726
87864283
13526
43742660
4729
276850
751
6
8
6490869
109143
99388
209
4480
4170361
11000
358589700
824047
20117
4944
1284969
8152848920
1
18
1970810585
47142
24
922
81800282
617641
2394
43
7
758
52818
39
766493217
5628689824
272901997
510895313
5145
5225
9659833072
807
9021893
505450995
28275621
6508398
957845333
6126301
3333
94998
65
968345
25327560
4
366949856
67053
509
727134250
24360
9395740
5561
98
612
4691
681426428
43245181
3414825711
349
49868829
82
40502925
87745
7
42
7885983210
8467191315
832680
353176208
49802339
12417488
1
1830534
282
6925566
582579269
232
887643642
298690526
4
57163736
8265543
269
4329628201
5837723
26827
5658941910
877142560
905598267
179376
738209
8156060576
1353
371201081
7011
34
43
5124086
10660
9771090
8232101641
9335480
7148
4643445
5279051638
153236
574824
9854
932
3913
737
97
5178
436
33158496
682327179
47
8
963922
4795
455298507
728
832
5791
8939447
839
6798088035
392611031
5900356
13
273
201778356
6364866472
46
8605321
123208
948
7502
80724
886528
107581
790565
3663678
301838737
617056694
32363574
459
3011033734
208304
9653656244
151
939
167740003
18
5
5994789
878708
59833748
13
631208894
72614295
336357156
768827
5
787811036
184239974
643196254
4634364
858917
615647937
7340167170
7
9153
277600692
1
221519
3233909
26551
51
41508
29
623462453
9489869258
86568703
1473
70588494
30
511
409231769
69865
1535520522
280510278
7153163997
9573
78
547
44116907
576973
158
4030
375
7917
2221461
3262165
226
275354777
8833950
6252878
457
68492
4685526
93695366
8514
2792819
8
368656789
520000270
6277
876717
1498
2260
4
90
3
762605027
7358
6361569
20
6
556776
454550
39557
8488
71300
6
2
92
30454060
29
3284816332
8856171
44
512717679
1445
651
7
6371694
7667
66518750
98416
3037124
660437753
91427
4602189
490301
14409789
40
76751201
4135
5
8
857441
661
11
78
127045992
1741228170
35780318
77
138043925
9013601692
9
86170872
79269446
97
4234
11
9743467895
4025
3754963
41
4166
97
4732620
85840687
21296272
89
149
317032686
561
2600
56032
9206
21460432
50318
4
78391117
5
255124842
503177748
85744968
7893479807
1011142386
59411
6732076
7444625754
879
763029478
167794642
720
904
287506
463
396604
411
7568801271
569
20077
517858850
6628
28377306
1
9517794459
120143
22284
89416655
8
6050
7233
56
18013
83
77612
15323
433034
16
970
5
31840
84040272
23205797
4228
4807
688102725
371216583
167274934
5
1
574
656558
55
465504
49976295
52831769
32
492935
6391873
6063897892
2523643135
130592007
7863521739
4
6476478
14
1741326768
78417
788015
4782757
98
32623
457
849534
42997582
665046
506762
705049
1504814
80395
9188
68689
29985535
423734
630951
1431
45
86
27235
6
278
6904378
3
9558685906
563
21407348
79823
28949
9043538951
7028085
137454561
93674253
85176
13658
320
39986
7
49065
542467192
40358520
5617
672
5889
58
835469
449
1555632
4364083700
82
48890
59121138
864325403
52279963
4741391022
9
51147797
17626417
6495889731
1415101908
633191411
8863201203
2826138
9526907476
91
295798
3439288273
962225
3
2048
77870713
274
7
3
1
7990
1719
5489242
877
432260
802802641
903172368
512653309
3871
879
7969
1113
26281658
35
79755
80
41983
476064877
83883090
128
62241575
8591969032
457054765
699
6
57768179
15168
132
27702842
630
2690
4532144773
683305
1823578742
5607866
833095779
828
498523
6878397033
1447
9063293708
7558048553
76668
636957
529
14388
817
4003278
1847123
3915
903921
513
49611
3015288019
71
983
8916813
701528438
45497908
8551
27739
598
55
9074
3863
71479
1190834099
963
57344031
827
28462
393
37
768529
9958
1
95489
484607748
3
8085
9993
49
58230639
451056
1484
76934531
5298487941
975449023
833906
859173313
565462
95028826
90917959
62387779
8623
74365337
5708
52
806
875086967
3
81
816
55370718
706574
4635279460
4
81
5
400436045
9589740
119007760
65
437
18
77
7408
768
4364469
829
9302801810
467
702337066
3475574720
9501
445943388
7911166
980
316423
6
5
64
244838
2654269876
8
406
174
2651685547
18045957
8510
3035325
23972733
253135575
3918
4805710150
2526667
1600040242
1
6978355637
2115
170
6018162
36910
536878
656296795
1424
5237866035
6746895079
9533
14093935
2963688
5247813
13
332
250
827113308
24734
948547
13347333
675
9
52196342
809
616232884
30
876
1821591
2571
548324
998838
7
91
728
9783
4882759
4069654676
867200
3472076
25
1353895082
310257035
88
6222
1
759
673
993
2641781407
6888597
834808
74790840
769
9946
883287164
5647362746
9349
106422145
342
70966
50823863
651129489
8630
8
377461187
6033090948
96
3
50815
6733230756
9178
3751093
791964
89
1
9810427523
5821161366
59144266
32415
702344
46907
31
305669900
7796018
2287406554
9317
8893468
2944745
49660
7131
69
29347239
493
9
967646888
425656894
25
44
6616128
68
3
763967483
1912235
170529463
2622
287476971
72675
6
807
842
8024980
6
548132
99721
610
47465
549
165
642
9350554
740336
452946157
22
917
648
96
29585767
86668
1
11223591
17178
77836
5880350
7
901
3776
14846132
58
79793487
6183
128364157
8525591498
458116
514
55608854
377257176
4328245
42
82190
132714606
37
4
7361455183
224546
2249
5558018888
1
8653259
518
3441946366
7
4489894
81851
1507952546
3
5380864
658334350
727
902
20
214054538
57681
84
42
55651
627458
482109
28
9269523182
1143860583
7325669596
995467
6911
81641985
72353
763630
1649590
2443519086
8629
7530006
6723912343
64
598002945
64
9
1
36944
8226
482
2999
6478774717
10873
314593
95
2239115586
4247317185
87593332
68511365
41544833
82473263
6319067519
9423317
72784
34300
8
97066
531794925
8
561222
83
915099
992052
4
543058
566630345
6839901265
53229036
6820589
35451
1086867
48046367
816
46
505740
688634
6
75
5785071
804652
3643
62822
6004069
1941312939
27
90
1606
202911
9665
9849
99335
89502865
13348
3634895441
9
606298
158463
21
145246790
437
5321948382
318218
8286451
884
54286
1805656434
752851
8166870
6041
25843
8339936207
79962
4822408512
5273328663
747107077
9071554680
9226
873
2160094792
2271103
9161
14244371
30
7355036447
259721302
4
561
546
169
9
796220144
97
5
42698
44387357
8335036717
88744
249
4950806
941
619
31393270
7705915
286
402823
5519
98262292
1
3752988
647203
377
5180359889
83
7
57
3578287012
255
7466
9
4589
882
30128
47039726
186
902224
907
5233226265
472
72339
725562
81647896
61038
3234
602
5764656114
2289997
8580051
87
376225871
2651939
4172582
1743734080
235192
8043257
1504419
3
626272
3530246
13793951
5650
8993121284
667
17578
5874163149
901717316
359276105
5141913348
212
766749
8713932
5546456
7965800
3425827570
87713
788712204
74
22
85727064
5524
13221161
57363455
95041970
56456761
89110682
8505682
6
70
7587742652
3
4512
7596319
451467
48905658
475182
665455035
79875
82103245
91641
1453200899
685185
25
900867
33665433
2
2149291580
425277262
39
98
99
742941
7714513943
61244
76341681
833
112377695
2185924
1629885
1039171
15182908
6245
12
4440517083
534791177
984518
1
9148244588
410
894644716
80660099
5965
81
48111
332121195
3
83
74340
62473
45
179334520
9003
96237
5132848387
636691959
7
988
1699566180
6658
5
3988981
4926852020
2534251671
185
2995748
74
13312
90998
414
5635399637
485
143862
8
6968750
953344
19
342050
348676665
111299907
84828
15596262
441011
844
613
389
17
491
4424
1162129426
45
265221
143407565
6114
87281
4193
92242153
1212527
88038494
436322230
959647239
308987647
86
9
7342297
230992997
9956465
22553
73
745
9504752573
598604352
821353
89417
777001650
266
172
13125
1221477337
48
3760689660
36
691006
4957860898
64835
397
17
9
31522
501
386519
52250
452
583
3491
9177100
1580946153
37326
375668341
6398
4988007880
2023457103
2
8231302562
759
219
114022088
38532
6371
6907385
60015
190321199
391597512
1798
616032506
152088
305
533617157
7
491051903
4729157343
69
5
582479
6820
1498152
79654
5051039602
61910971
83469
63490826
50
6787484853
792432367
30128858
9401637
236
754830083
85
109213154
5821616
40314933
5304760532
182
58743693
80
7070668
6
97618
3982413
903296
4368
2
6
27326631
5
782457
2159
294444
959872964
894
3076869
3720
5431
79206314
9532599435
3
9514548
620154
7080028
35717
19438
5
8310
277594850
1252712
89
2432
4753
1395
2685
3735524
5886931
4744
8
697
42156762
1
65851063
7216
4531076571
7917
437524
27028
653845064
41
469273
8657130
39260153
8211690
71
8456194
7152101748
402
61011
7152
95945682
801484179
729358
7903837275
83
941011673
9299073
7285
823172544
1147762632
5315829515
839649
4
258769048
77150750
50356334
94423649
9
42605
5469437517
2242297
861
54
9
8732
448943109
53976
2513166
149938411
7
536
6886727730
7
38098085
950991306
1586
853342536
4
150168386
60573768
6237204649
6045
5879
943680
139110803
6085221
6520
629517
5663296
95258
20
8118516
791093250
789444
7
694191
33
4468052
87
99396605
623815809
9744728
16506468
29
2810601
424312147
7578740916
36685
7120727
7919
7205
108589311
24
6070910
36219796
28
51
6053212
5243718
65
49168
280207
1291
9204
4685
517
8862
669872
727
7587297
19630773
96924
90171
2682245488
7276663
8217
990846
63
4282
85396797
61863
7010049
356
8
295580536
2150931136
27371422
4
97
2403
313
6
588495643
22135084
36917
455943
56
2850
484469521
1489140
249722632
775006787
3373755045
64729081
83930390
22
98766
64623610
54220909
11
4
7893022341
210186
6291550
938
2862090
1471638
61812
7567322
703321
200237
203025793
9317
1589045
48085
1324676
92174162
822006
259569
26344395
7
250356
2116
7863
956515088
719655
3014859
2680
6666389874
5471617
7551489
5316612
53
558785
665676622
976517562
34371
51428
74168878
1062523
500
124684
867543330
961805649
163671060
910507139
8143
77612295
3258
5680796
9719
5707658003
55
38849
83066
34311
9
81752
46755
6731251
123716559
183
80108
8389822894
976073
4421083
22096
7037023860
9499958032
25633
8509
24
8709120832
63675146
95519946
49
5126752777
922953840
1
7
7525085
3
827
62139222
8326139064
80434
3743014725
9848363
30735976
3617201
158490545
4512192
4030274
924
6673
2750712
984573
544827
80
4
69453
303683
41494
6100
18859
9514102
7829475
2858309
374
861
985791
837
2996
3
42210
7719
6
6859
9700
323
43
70
5566756174
7882093343
285188
1905
657852
167683072
191301378
71
8195421
3373033039
23
62650416
825219710
587
6043526
480168
86230522
2003
7013089333
81424
506137
3096184
6786836539
9820628
760432
470854
498
48817
13
390588
4113594924
78
68
322107944
129704132
94707
75025781
252896000
987174
32
2
679956226
2
4380706265
58506
80162
3
332006
8999665
6320
5742554
491
7264317659
93
3530914
876
401966228
726
699138330
523827726
224447937
82958266
5446508
5800840767
30772910
97
88910
335258477
4564528467
9019
87377
63783808
3968
8824722
7238138
27639
21077
6
72
393006093
9187
78467
206304
308
676246446
362
79509
882430387
59543429
2
744471
2815500311
58
1275494
4
237
7957
10764412
58229765
406857726
701171367
48092890
46
97
3
7
68
4014229193
928
30125459
900
873159996
22285
2564
446805
854
7253
823
3298091678
5417758231
6071631
7
419
357932
28362
69842977
194868
3181
6679479
712695905
19826
4109081
299574
8146645
2013806686
4
457
632
485379
7743
38
983900938
1
652
977
58210
22027490
637786
4086199534
8702751
581159
504
980251536
411337596
4559601920
4
9434664650
4702
859299
712152
8
96727
406
9024
84
876359
4129312
3
3373231
2
551028
200
7237
4468
92233164
6
62051786
755947449
123
30
748007
63
2183548069
76
484237
642411
85836
1175105934
313
2
559
165202
429123
5193033622
48
781330565
7330010412
29620535
1587905688
6
530
264
997185
91
64
79398
1059109553
164845226
7253606
9731406
988
195
3
1
968295519
5680299
95510
483
8396
33906
1
993253
28
29
8324
1566998400
85
53
5
16
469
1
30132332
7708879
7526564619
468
27560
1825
33
983089506
72118750
287025
20692
276236740
6987
5868
976509920
849023
69
123391287
942542
6989875
58
5406
784147406
530663023
3
2194
28088
1
603068911
143976192
552611715
6620
216081
36573310
27745
488878336
98281
2595
8
6
691
65
5670
84
7453
788
794
5353
75
62732
3518
9128
6647544
7639955482
439825
569
41
9590670654
888
877939
98849
756041805
11
1
15605366
4445334
509
4697
930166959
1875
17496
3104
174197
322
25754
7
975479
4718028775
36768
15647288
60297411
62
94482276
9015595997
96
142
523990964
3278
67847161
7029629
3015
415097965
18626714
254485777
867019
323
2
93
816562763
82687
4745
90257
78768
5440203184
8695432891
1696848
5462043123
264
9395
94518
6162484
77547
380768460
5842408
37865
846444
650629263
3804
8247
654238
411436
4330832532
2961
949088
7
90274
568610
72858
540106
4868718141
3756
7315
2508211981
938413918
80848782
3213661572
1706
419081
51189938
818131
856544
216
767345926
2
9
276
88
6607966890
17955
622
9678973830
47
80852
187
99
1883
3295258235
446256
55917435
528379778
87805434
6209623468
25016
95722549
82
564884152
68280
32038097
65120175
957650
793
381663950
6915182
31
8096
731066
414
361190970
58009535
8713136048
3134213201
3095261876
194094
986
9
40319
5050656344
76458
6
8451735
775317
86902
54291662
2
66
19353
914
586
2052488026
62
35
99
45
7395996
5041674
29
73
2828595404
5828
74
6049762845
41
4269291
83125988
52861302
2765796
19
80540695
87489
9754
5757492
8014
789
7507206
305611765
9
251
5466
13480
9380
60013
737
2442120082
6930847
199
4364393
85
632336
69418
245
82755
818926877
6041770876
42
872973107
215600119
86020200
25
51139
8241751
95058662
622033239
14177
968444648
637832335
645188565
40715952
1953
6
7329823799
1239486266
5
178443813
30200534
376883372
51901
163950633
14817
16223
4
9
42341
4224166
59039797
31325
37
5135989690
107941266
344091342
92
189220762
180646
534436
15580
2902508998
323488
9430838287
1015378
670
74479434
8
778264
53477
1014873
3722
6366386412
2784906506
120
34
68683979
96
261805951
31386
42919
7503
476538417
538327
1538321520
7918019643
1193560
7068
36019
4082230
7
3861064877
5870591
38470
763861740
69913650
1881
63711
6828574
3762290
113266
2473885
497527921
39123
503
345
5649312215
2909
1322817
2377
4
1188
353
25725861
455
3725
69
733383
9114
22193
8
4031239219
58079
9
7368253447
41
9
29689395
9
37
7425793
5564554
435014280
15
78332
8710590078
74
992
73316
707
7163
9422205495
18
757864
705747
303391798
180356
51591
5917041
70
69853486
6504031944
8561350
611727564
763
6
92029
692866
8
33514
7
1
68
828398
61492418
733117
789
63
5234607
29
63628
168924
133
7938547170
593810
22922265
803
80
22008362
2
32568
373
2153
2268032244
93129583
1309893666
5323424740
559
3343513267
20
8356299214
35
8030812
319
9245002071
2171650
653498
81
60310
92347
5989991
22614032
3187
1
2
987162539
80
3654321
9162683060
6
9304702
86752048
5
9
4
344125
9
79918961
757064
16823
224775
352570
5681
98
36143949
670537
684
535664
104772
18423
976120820
82259385
6246285
798282
84375793
646
9629609
699402774
59346981
7553856943
42212015
52
10451
962181858
2169
2
50384
53
4
873462
707045
45672
716867
592942586
97378426
625
546710
103478
3
7825
7923206
61
6
9
5
4175956
43
882
90117176
6653390
739209
4510030
660
254
889
43
56
62179
7
5320818
559589
761860980
97
47606523
7
7437179
6962360
61
18924370
781406077
1
98
22118251
8436
1
859
5225142
536293
252959
7
99198290
89587195
4
9
402231
596955261
7
768387
6270352
48
3209913
6467340
62
3178434321
1
94779
525
471004322
2533
128
863
2
9
1566738
225523577
31052240
257009810
76707599
30425825
9439
4454
4049132
70228874
482
34549
3
7
894361
285196538
699207529
24144
73718371
6470396852
392289
964
6460745
73114354
4844
1786
40997
4527
77990085
1844015855
25948
154
710424
727186
7767202963
3680990
974182457
191735002
85
77
8817746494
8
82988
623043
61068818
6940
6801415937
57743
8329276051
2
72449
1209
55
474273
85449770
2325314
12805629
41865
68
742348
6623650183
26782037
996319
721432558
267576447
9226555686
171543
3379854022
755680691
66141082
9571974
4339871
22
504118649
1309
4923312
32033
827209922
6
6
46263
8961657
8130755
30
5953231
515335
14
8717961763
118282749
7912429527
2189
660
564
530091
28
546
69770211
471495287
1076999421
8
7437
9
5725
94185
93525
263398839
2
2817532663
675859053
4036031
38349303
5889
148973
462342
6400
72
7524586559
65168
11
13427839
4240
29903
645811
202
1
4807837664
542871
453
795324
28939929
358
1492116
442
10
379
25
38892
97
33164639
2
8
843103
18042
7977396909
270958141
700860
7128646833
131711
103846
42300679
46475921
7204594
44919
7178391
8568
7498889133
8627
31552146
62513
313
8562010
476955912
770140190
59707
650
536
363662694
138496
2161346
72
1341
13
835
9
40
24
8753
39328
783
865675907
6
2602927612
90511
5148
758394
942273647
689857998
70460905
90
643545580
2
570720964
576544116
834819
617493759
53893204
28
2083737214
21521
3
82695079
2122223
1
101
2
3131759
40957
39
7
4048438
553
33766456
963315643
104973
24119304
53817
357330733
598
3
94959
77118
5228
2403137776
634753474
15
397347284
379427
8431
7349098
28
5212217723
6
2363879048
415185253
9358
698999101
9201418
6575348
86364
9981793612
8540
3
2203
76
5871150670
5
4584327
306914
6
730317947
5445
3584112654
487
4382949
561695
5289438
64
9194
5840371
49
1514149326
25
53471865
17
248221
750266
389380675
8927
99519345
638007
3321706
8531
2235426381
7323
2
46
85968686
87744534
88
37185236
7791
203
1919
4501969298
25
26
76167
9213721195
32887017
2784753
9601094
282140
50165
7672636146
4352746
95346
8
8776
49496
925437532
93578257
18893521
3882598606
5231142480
3345627
55
56804942
2649137110
597731
39233792
7433778792
579
9302700672
225707
84305
86505
34769126
61876
83311006
4138
4
7575
590478
150
4108313706
8250029575
6844
77
9745586935
787043
5538391
1
590
132
919026
5
97498
1314517
87693511
4
10867
9011042994
9736679752
89
89528
1143794171
2435554
2876426555
3336071
24
1
3311476
22763524
54217
3432647
6
56
44
9160
51280000
469418874
3138
346851726
366586
8697964518
202816
6541
2154
9
46717
6633559
637439319
95158643
7
3
9
29036645
20176
368
2397
687303121
71871225
5071447
519956
687489
38275
307151397
281158736
59
7543
9798584608
87298286
4001803220
110
3
45882933
51231
135241
75437863
91478
552
174001
54874743
1
8
118
23273
112401
39585150
69076333
674133
1
3847779
360674064
519488878
22275
7290154383
9119202
15904231
2648070
67054093
6959549247
781188257
6127
8312998744
4661
44
45116
95
98381920
2
159
6
4
5650513620
430411866
787882
3
3912287
9566544
9432208506
84
13
376
7004
36
939816775
8664380
74301085
44862
793919
4286256269
664936
715368629
6989
3877805817
50556
141677
724298570
80
4969435
449860
7238
19
33
4
1
1680
912
134
650356
46681923
67421089
115858831
815960218
3690943666
5599
4835
252789
595
6079522
2146574
6
5033822
4982
74
955487
58577266
65166103
733392402
7
9
3578
924
96957
1738809
3864880
540
65332957
29554476
8
506744
23
653
11276443
9405517
4108629440
4
84920
521
57928
7
678778
28066304
1253878
84006234
83432
1111434
8562669
6
662
8070
7341385
784749
398421362
873708
3116
650115978
30355
11735
1449043
9297
260
65110
17680
99242730
64389
850
28
262347
39
349855493
988967035
81724
7
3797
2888451
457594341
644
8853
45168927
252829
23
2
33149310
4361102
7270229722
7170718390
6110330
60
71
111
3270
5397
56256
96332769
3589
6417
8
3
9
254
5299269
392815
40611
995198861
1943930753
8727006258
886
55
1097
798
5087857
1
993
267475
7
32
19
3762558708
749
8252
922
7436983502
486
6786127
288130789
1
73
28934285
4872
40149
83587888
33808011
5099727795
45
3169600312
3183423
426685855
483808098
916540180
1753
512773
348
230644
43
14401840
7607
39
82
27
4
213695
21741
33863637
122609
5
89026720
864
65957495
86868579
5760556
835380
8409802
274966006
1019667
917015799
344440874
807368175
558975140
2
261981
84348701
50
550003795
692353
79
91
7
427102159
4764107
697
3987449267
2345
6659825
305
1020972
560
7
9164
734489465
866803
4505183432
355
163
496876719
216530
53939080
96653738
7435
2
9350616965
62924
6
9994861
619
96268
4298871581
624
28885
168
874354
9045049740
91186
9503335
913523
57409094
381239
210728
2993
6896384
8077510
69883892
646287
66829869
5111352
8
39724194
29392878
4457
358301693
13148
854129
978
206
25011096
67
73
557527
8238289537
132
7
70
3292773852
69187893
5360
8592831214
8453433
3
211
658
913
2
216
9900088708
89
72551576
1240547
63197
119469
93110
94
6
450223
234302
30733750
66
4662324
865767
74136
16
1492548
92237449
873777528
4117
69575340
31321
3
8979
5213957476
5337480212
5110819866
526773
3201
8130485
50
1906023
58853720
7
81
89
929099943
8
98087385
1773
99
9
34261
61
901826289
2
4498401566
1098
3036
181159
861936
3914
8979
406
9
99036892
8243177
1
244
85
2504341142
7311830030
6479
22701487
88909404
9895
6849831257
6889871
158097776
415
30392041
6847704
2
704
7139227712
328505603
3
1854
828844
40514
6632100
4994448
1359287337
532
1400727
94431
27
5152915
547058552
1
9504991
99
213
85360
9356595340
412735174
38
1517903387
8494
2850140
90
7990576
51322196
190004
977
185355536
956615
379796
5064465
384642557
6274058
9982806866
9133332525
829343992
5
6
496168
63265
2563251
943951803
317
52
4807483830
633504048
7592
70436
7851620547
99679
6810
6726494438
2944402107
828
44
61452
389228
675664
9741044
3856573
595945068
620230742
86
34754929
771099
8779780861
7275136569
3285028576
1327887
50
9
95
28
451
1472360
1
1990305111
86468
144267
9164
53791
693450287
8367
3231953
3797914
7229563520
4393864828
75
2657714
771076
6323578
6834738387
87
121781
9378909115
1
9675
205734
1262
5954
2636845908
254098
68830625
7882333
1442
77
239
37369
473432454
746640187
4881
474641
99
5
117
22146449
8565559409
92
92038936
79514
35
772411321
4
11768672
3954394871
52902
86
892
9827300
5646584
3017969396
773
4
20514
6339356575
9271042191
67805937
543063
236136
48294
5959
9442771672
39169
87
51
212
3
17
90076
43580
7
1333337
55823385
31
422331
92
11142260
78462740
49729903
5963
8402754
2246819726
856048
737806853
7
4332435
754306981
3
3082691098
4509460
6124614
1363013
50906011
9
72058232
2
4
853587
4940401122
5788318
458
6740621
31086806
112937601
710156
45758696
3
341570
97
9
2
732
19747652
235
97954
9082
8
36147385
5650
97
4
8139125091
69
267998554
792611
5973849
91073834
15
3255
8884
113667
168931
3437
73
159585850
8
917079
3
1504998
11
955639772
976
16
9689247
6180439760
1884471
3042253829
797
2
32
89676
494
250332016
842498
2
2650
3981362
910193825
281536512
9860596607
4938377392
1
772297652
76
7157417
6671693
29696713
1
6725244
6956318545
1
916035233
8614
456
280071
13170127
31935606
96771628
30616574
79
1324888
9879682
433934
71
70765
763232
675115519
1181
1778
11263
987
3358556039
7893533
1555
8991464
537075
7032
572
9214700
956722
8289907
31212289
6
364567
13855
82327531
770982069
69999322
493
852591694
40481
861202085
681056289
9018100
59908
8321433530
8615312
238520
88684833
6362
9848665
21746865
2568
72196152
61
6953616113
6355498
3848542129
7520
9
9948291711
68
755
879109073
8870690
621114
388102
515931442
39043
15347
93
96969692
192716
88
64053813
7926
351426
9
6
10453
662341402
4
5899571
3894403838
4698572310
835318
2759
6522198
347981
54
9691139
9
8447
3
7
1660
936
20362
3359
1874
4
4548
9
9886
485
42
196421
48998597
10392
73899
977929
45365292
1036236
7
15724702
61
216
48927387
4010491
491291699
9814932543
4
3
240
4436675354
3746
5405736
967300
8
59012
2464520987
1550494
570926817
97489245
171303
5763914
61035
8548992
3
909970941
46
3
1309
64950
92778
3577542893
48396217
9194
6271645957
31035882
2109751524
1198814
7
662
57047610
612256
3256688
301
599260791
8534557256
1875218323
6
6926924
28790824
2
3166220
9357621658
793452
4300987063
7041687779
559328
7098
2066
989150673
614
80
7355494648
7985134
8921790732
869275
176
51
857205789
435352
72950
704274
894703
38574
6
14527
41943
673670
33138441
58280419
4420
29530
43568782
162890369
2880
8823
4513622798
23
75452352
764113475
57509368
26
638
987252631
276
35641
27303712
8
4
3511098555
11693829
40182726
4085
80
2884844120
225
658002968
7
22115738
77
13204
59504948
2
887960798
116724066
82
53555483
51013
3218036
705451
60
829953507
458659
5807038691
1
9432445263
4249585
51365
39708
8
368056
49
85051
11060219
9191305193
9369303
499
2917
5574051
36
5898
8780
4516
34163
390306
189487
2754823
8271471
77668378
720402885
69
252634246
763
711
5178
9255307004
649256
667
83
539745877
93744282
6
7
73894641
2807
4
276
78
7317
68620240
20
704503845
800179255
9827869
59
12966
435
75237
34255659
2810
134781
79576480
55254
24
23237209
1497149996
6649478
7
5
110
691656
588224
8
34
86446
4723900
8
55655
31424473
1495
1
772450052
1031
430718
2770844
6
988623184
6
889
940292177
12130
20054
9126214
700277327
651
1
239344
8559
67395
9
654
8620081002
9449718133
9867
16
8257531
7495757
611722
20721
1979206512
7805
974970997
271
88062
14
7656230454
27
965
80827
500274447
31750
644
6
22
5919
288523210
20206
4795
769486
237366
6815215
2080
3433
722
69453
8222
44967
6
6830043
8339
708
9838
8
99642
5237550772
4
35
2624000
5552860
556
7635196
88
926173
57
418311685
7977
417455581
4253317774
557561251
446
469857
27
245
39
4821991
82
7180350
360721
9
79
263951
867865102
2
131
98206911
9047953298
9286840
863867
103010883
86220668
1451
67
289811
617
3828
1866618003
751657675
886
4811001827
645101434
4961155223
19155
6
86593165
1
4791681337
4
9931072444
40209745
4883
1274959580
55921232
3253487
7249
80
41902
62411336
5276120
5804905033
36563066
820459
972007857
8302061
86
98532
6
1049185172
2275
242206
18794
4
8591672
2382
471374
91982
3908301474
697
46
2114112082
774411268
1
7982308482
5391297
55970334
660782032
455780245
624366948
99224
67602
50607
1940575022
5918
879620242
364588962
398781146
392
402056009
224387830
8
2555
1
58370
2333
23
5121100680
65592179
251
325996894
3571
952804782
28677
39
383988778
8882
5943
949544978
1247
382486
3563920
28
71177
9
7969815977
1230
4353932
8470181
38478290
24643
3513
69
84481884
61
1165
66044
871411374
785168286
892082588
69027
9
69239
38
8178215
79441167
8
855665
41704136
823104368
5119133662
100096631
5
9105523
4468
2151943
5690453
6855735
111364
23
3110
4592989248
193770869
6
2994981975
105
8
86
4601927994
8954
4
98106637
6837863
12679
1836
81
176033
16
222616
75575
626
878
590
79245729
66523
7694575196
3013
96
228
12844298
502
213140
9724317391
721278837
811906
729
8848479
2920191
55627142
63539988
819103
81
79073788
9700573
1483
617222
443125
731587
311
4424347223
36
8446168156
3
998
6859686909
34818
116
57370200
64
2895835765
20407
3212408
411
48291146
5877833
545161
2326072156
64
410057063
33
11104
83354
47134
9867
58
1351265967
9655265
4397296
66
623
40862117
9044
9
19
54332
43834
3679175252
5
5121
613
93046016
65011
14932
4536308478
644828
71150986
9479588324
3447792667
1358602915
200557532
978
54311
762
5284
77
94284040
441878
485979149
51531
9075976869
225835536
875
15282389
844
407
69
489
524
6172
14
2814832496
71
718564
7356806057
285
9
44
6581
333185
141862
318528492
59167162
2129
1027291730
9074278705
6939232
234249633
1850866987
56222
49
98045516
90283594
148436913
909404
419626299
763
963472745
2786469496
9
67974192
352939101
808
35
14975
51
304
95
13
587038303
63
90
867629201
915
7217700385
389180334
8
178029
1364681
912
128400078
57417727
6789169835
5755289837
707484
492853
4837054799
315966712
294573
3881
23395
8565555528
335968
4454251
755751882
49
905542791
633166
58196
317824601
822474
83601
93950456
1738459675
9608
438333499
369
5089
4624291922
165129
802963283
2400187187
6256
4798784
751409
70373
56786538
92066616
7
265979
9407334
1005
576003303
5094794
4
9996582
29
7156
672011652
1944689494
8825524227
9
98710
5788383
2
49944
37448819
87
939912
5313008
315
39664043
767376
21362510
41742
49
5430575
8437959
816373
6547763
220
818
26336347
107
409
4788
7
5
1414401
4952
7534091
6
957717491
86684237
9672793
2165331
7496
13952290
645614661
6897044
57
1654672044
673
4
3
43377
82
5436568
61
9821321
8620841376
5054811820
5
73916998
27
537
1893541876
4054463
1996
5
652987
26540196
1927
60690
3140890535
949
211317
6810830397
94479550
800
77
2
2377950
82447485
808361
4493760
397909667
8
17703
3526321094
5925915918
8
1
10026
4
9
2
19
6
77731
2430554
751223
69
552031437
849800
4959974457
9786
71
11
341326
4
536
8254
156
923
7
6680383
380656
9024
3566750655
651523508
2198
8661
8657675521
3
47573
192898
45259
17118
1
119529
533268
953
1924767
588
5031217
36642
45490294
65622
320994
4815102
95702883
764
4
33792
501
350952
5192085
37
8675367681
4095465436
7321901931
1697
856900
221714
1607078
3377694218
753384257
34695387
82267616
991050
7235000320
6084945353
297
23602
7
89194
7
138510
943347
583
92
4565
3
4511014048
9
65163025
1
368073
55580
292208
2
50830
39
7537
124907823
429779871
6885083
60021208
867032635
34143
1133920
38810517
126108
8
6559445806
196422
17
4060
4
8971979
7085798
7235183909
61048295
37237560
997653564
980
82
917040
2872039298
97845
2720439
7
814
729
23
676653
68252
68207
4
995755
84027270
97546284
8011400731
185910
5332908
501249
882186
7501818
905
6140420
7
54611
2
3523
49
80
89
61474
2309396
367
911
110553
597
6711163745
113
164600
44984
134616
2608999
8337
6
498855608
31352
4764319710
384525
832795
6801503
2009453556
9747
9226313
282
22
85
8300381017
738356102
9787
6777
3045
503
5300757
14072050
21406698
85664
446525926
762
3578
651507
9992973550
70
4292626
59509
710657
345785
91
501890
86
65615
8890
61578
457454
7522692
979
7
2209764165
1998861
1
92
5220467
15692475
4129266
1191021430
8652788
9143
7066
5102262904
42632034
5481
67010940
83
31
2288124663
845311
10404047
151471
342641
307
7686
6
8333
47
89680
6994464
80555
38
1
371
956285
92774292
59810
246238
816943
5423561
1547362318
1254
90
4902
29262655
298
336
338
6961
7700176133
206177659
3079
824
7902292268
6137615
50481447
25468675
3667992643
19
289
7
3483453807
736777
53677
578
9
47834421
7451290
562
270096
8744909690
901401
9121798868
7490602
2
41080
1796
2253096
4428599
7282068
22710
38382051
271
78897
5250310200
96
46
307466
7
82895
5327206
376
300
107
51487
5939318
6360185
708660341
4390
892140
608310
514021
9782618760
64513
206
65260907
478
219928
333964915
196994
3365
61703
20078
1438
38491
3327789
620392889
550569109
597450020
3172627296
93404756
176450481
6501
7606303623
184
6
142095
1494077
218
4
775
3427686873
28545
9006683
2788997714
32087999
3004
345
86546
294439293
235273589
7619059331
362145
5555726
2
337786881
730800709
317973
7103
2739191550
2768496
956368890
2862
6515
58
1678835
24136865
34555
30290994
561551322
482964908
2872722
3
6
9071
5061209
89
238359784
4245220
63387316
1802173578
5220858
87
5428
87339
18603
30444
6283198219
24998
74
681
1914346
35544
8991915
19
3366207
4
645370
54
70290
3793801
16610
32488
6008331
1
8726345
6246260
66636069
91
4
32883544
97
56873
88893761
44
787237
8
509506104
82
5765044
72621381
8287410
2
507442
2232726
2
20278055
30
89
1
299958410
1537
484
61995683
387901408
53
653224
78869206
35233
560829
351586725
24383651
7471807792
877826280
5223
388424282
540534814
9118
5481
6251
582017986
8
86345
25754
2777
6
929
59334467
55776
2681
9151878
367076207
2309567726
46
765
2
3
90
4769794
258520
728
42
3
297897544
2754
24045
6333
33166
16062237
2
3008458
4998138
679
17873934
2476499
4788
4627325455
715
45
105
64351838
83439
2477369
9
1
6
90577
30058
87
699181
9035
9
91256342
8
2024329741
474
47
1247
32403
9739387
31
4
352750880
33155
7068296
600570
58
7554158940
4566391330
45
96515
375662
3437
6998
63288402
158116713
8593161947
8340611545
436480
20
98706
4126
6859359
84
390004025
1212320780
22416554
144893567
5952128005
99
2455925273
69908729
49583155
2557771
297558
263555
89746
1222450770
3
7
709
9515525
89683
61
5112178
4789288
6792758854
6726
63437
56882
76
76140
7702364
108
7983261807
8357316866
41
8350
7
385930
5369778
5
246592
7558670
452846263
9
1516070147
602854114
312831
3
145445
2715435971
2
4532
1
63504239
406424588
1316555786
8
380444
4441
3650
36906843
9227355
3231
1040
1114496124
522590
715
48696
64582831
347
853297696
1949454
7706
6211912
8754024455
4751607
37235
91
97868
6
66740071
13281936
41686031
15066
57
6150960914
17
540
26976
2963540
518614
406242
947714600
4606789388
93531289
9618
9269
83647
9809
4258
26694
5
64
7
706779552
3
491
886788
374
45477766
610
16614171
4
214559580
80191
96577170
4292
29750396
83616
412733
46
476
9495
25793869
5437
76
72
722759
105540586
4111156
3030762143
2969993212
336375439
2172403
20
49827
56
9187859
9
9
2231327
376
660431443
61498
839
3092982574
4126
75549
94569578
14329713
131
7
6769
5778602
7864710319
4244
290769
445
9024517123
758039
5
864915993
773069
5759549698
7
4573458
744217
2720
48124981
48546
66531634
4380
792344
688201
2909354
5901313030
7085288961
92762653
810672028
159
554500
444930
50990
36455568
6449500
12977
1244
43
6429
582768
2
299023
582
2667
6159
624
688816543
20965074
85105
33
11741350
9866214832
666
2155021
5189164419
3309
866590083
228
384584412
834702
109354667
80
51894
632374933
902659698
45350373
429443
9883
7813
18
6160
89412
30219033
845824767
77
19125
58556133
93811461
509701
6514
5
3107162
94065
655
4
1751347
8
8307899
2849865
8956902377
5477025152
2693783674
3092253143
74650
4286651659
8621
4
5961419
125613
6465950860
942416797
876301
21450
3
138
29929108
7
7
4398815200
528
2223
3761514
7
8494225002
649990282
23
305
9863
9
961588
6903
675068411
288017
508885196
674801799
441406
96114
22
45
4
4
6
879683
6417
399818
933
6711
10512
390720
828660069
3675025
1710236
5
698430507
382130
3972
9879129
7287201516
2418359
75786
3448
1653
6581
94552052
344
91676
2133102
72816
78747
139461
253139
8997426
91036280
90
429868237
6
534728
5237
46
8012642
20673707
598610390
46999787
87
5870917847
907612
4
98
621448083
682172358
469
2
59589027
9398
7798459
571202
2
21504157
110385
299468
11
79087871
8059
3231932
155774
694271880
494094
2943
5094
15007920
5
824076
24
888
187223
963097
3
758781
739862824
596240285
57883
2585378668
1658857586
528536575
6343
34655
37
93272904
6805
41021
470
1523737080
239194
696
846237237
79543884
21441
95
4
694577005
14
442844
32
689156
11676110
215
8947868
6542875
91064
44
1743
6563962242
7
72628299
2
1
14
40
71917
517941
6
864
706
2574708902
5369322830
46162347
28282013
27
48
3799468927
13021
841488
4344
197918
221001796
506
41958
460018640
1780
579680
18922350
98
920449786
2
160257
8614454367
917587
99311
140348929
95861281
162
73464
30
652154248
929753933
64757667
9346220
967615257
70433072
849154
44100
343
658028790
441
936523435
4345142
1
54747806
849
71558746
4938
881
908
5466
8377
431975
17200225
71656
2
1934489
6
401
6106400
478981
6613982
676
4
21512156
4549251
74
85144
570166106
4
93316696
8
95650929
91
444160163
2682
1227557453
4
98267
5
5340626
147257420
35
29
8342
24502
16887
36
941869
21
2032239098
4
9920
7466
7
8777196928
2015716883
41112
23535
2504976
1658
9167076
75119478
536496
2633434
2311
2636
363
4406934925
331547108
673300
33704
100
30068
8936
2430
799
137602
6759294814
74
262525884
2056285577
6392299807
2261
578112
9960
89769
6080
206155
50916
95022
444
53657
29833
566518
683
6
797
359740825
90
4
8969595
9
65748382
2220
511121721
4127035652
7
41
80518866
711398038
57714
554509
73957
4756058857
276455
25247772
55
78667
8660
8972627
6446614
81
58019
624
6002
66
81
5855906
586
793
5453184
799932
2
98711086
24150
607054
41629165
6
96324686
106
59
658117
77
9125
9
2522725
2151308
81069190
112443
7155871726
4157653
264
5
3895591277
55117668
1
1260
657241
3038184
824
194762204
85292224
6996953
9353785590
78591619
921808
4
211523
200477
7093
7739907
5748062872
5138
1425586060
3
9110039105
442879
76
9347710347
692455
6544187
475087858
7795260065
477
77228
52
99
96294906
447
73286976
615716
5672012867
2007
2422250963
7
8402952725
304425769
5596309
7595212
94
953845
8580
9357255
801579
977431835
4
8
2725
182267252
2661
81016210
6
38
26
1493182336
4218983055
31115259
7605594
1
159
8469
85593800
899
34339
1164251036
3
9
342
92
984106072
8725364900
466
1512
655
6
28931
42
9099738123
22
85387
62058657
745138531
961
5233528819
9909528470
2531793
740094854
160
6212884001
14843115
535715239
548
1159251290
6387
5066550664
19
2469177
182
44853
22
9692
894799
8329
604309550
720154
9538442
55224964
66
838
78308
627
975840259
8625
225772100
10
976647987
30
7899
82
154901
335417
20
464811
708
52496
249738
4
18335050
94040877
2304351862
46169
5597676
962
57400
676747196
76
9
661
45984
567082
75111387
49
357083
22585
5
744691
113595033
7053
6
8336129758
1309
373
4974580770
2461422
2789201
7
86515268
59443591
117139
49808515
87
513049190
6
9624
70109
885979804
10603
40
1
2080811858
10215275
882588
20
22
2
26876
4577
62399
4850480
67
5149865691
35757889
799
33988
5640995
44313
9838788
9300
30915
3
5558254856
3889555063
7509
42036
742728
3
4035580
6268
71484602
713171
3
2269565372
25118228
231845922
5
812
52
8225
9422
9463744
42
539377592
9
81907
328
88
81
47
56849847
8997
95455258
558101351
57
5932
706
6135725533
37
20
2288842
30298976
970516120
57
80896
58178248
67959
55019
48148043
6771113
4859844
966181
8
267394454
16229960
487815570
488
429898
5816767674
35
29
31874
551151
3201
555092679
993519
45154641
295425619
34
46
4
21796565
5690803669
22996
54184872
9142765
155999
11
959535886
44053206
49669
12641
663737475
97
783
286197
9694030178
76
66307079
8444471
193820436
5968841
475726919
273314
581009
5179780
371
15142143
482579821
7
170
448590295
917
5
12241
9950470
3
477705
41863
256556
71294125
7320360701
19
66833302
43284
700
8408
38333
20789929
91
43660
76320
84458578
7221
29551658
585340
846695522
1064
378
7486529334
184894
8487300310
8387968036
20
6757354
5065189
883141135
1892367737
4548367
64607983
4
4442296
15867230
4
82
9142663
692167475
89
824
609
1366793622
73910791
915256516
9118
7707
2
8218617
425691552
41528
96375571
8765
646432
8
684
153237
11241021
8858
739876951
575264396
186991
6963342
2265130384
6347
51335
7200705716
1
780620396
5534985
4383219173
327
4354
812
51541046
33
2
44
577145
8838980
71017
90
402
900927229
4480220
250184578
2295965887
4415874
75921
42130553
987
581
43183
46698747
28099
76
781
96802113
12757567
7416486
43779833
871
411641
54957
2814506942
5
97672
544852
114697
2027
2480
651
27
5198704498
265845585
2
99200549
967
562
71529
1
630541
6587120
59207827
49933
679
6
16695104
3
492233
9
21396321
9
344366639
3762844868
619
697
5
8099030205
7547357
32368434
3
88382838
3142827239
795648
58968
30553
46
5034678415
3368819509
134
93
4523
33
5
856
7
5804766277
293532
293524
8943
943704
686573
66557021
662577
5
89
908
9604736958
4268
5784
8
302128976
236
330891
40
5019894446
10639692
3184076
2087900
24740834
8251
7
204758363
42883
32
143197084
9688051880
995
1235
423616694
37
951758881
91925919
65216
54
3830003
7348903
7171009
9
696
244839
8889
788
8776931
6123022
10274703
79796909
35658
12972
36305911
42
3285
768
197
2274029386
2104854908
7329971158
7
73
717
138
5318036
15123
4837319
56360950
25
4058
27487
74285
38840885
29011
211062
214676771
2488262
584419984
3335
7
687143922
92954
555
48695
96915511
32051210
10915
93244
14635191
3140383012
2976467
430
442146660
698433
5
830
8217781
9245
58
2
358
2
1
645
665271902
19
6544672315
94915036
8976
166531
780969
775161020
1816170
7
7549599
741204
16
2780147566
3195880923
2943332633
239
4970
5584420685
154898325
771159
89
18136034
774174
6
8651571047
5507240
8572
423832093
357867
3865
16526
650943
546431184
3165553
5633455
42
3935909
63
68778256
640984901
290
949953
478207135
47807144
436704
831
6576627781
1
5109
41790
17606
9216
2
376
90318
496225361
177167191
122924
718447600
4103543
9241697573
693701
628616
916
401
83
60150
2418332
87753830
9068559
81056861
6911391
42
5597365
37099864
3
71
71770912
4155
8
561196024
247661526
143345655
85
37
9871090704
1965
991695
8253846339
136408
657472052
938093
28857821
3
63312
9247652
25
443
2431104
747
79376
3735800
8
3213679
6593452174
4960297738
2
24902
188637
4
57247087
7
8
17130063
3817
50
823713680
73943071
16
80
140948
217
167281234
12091
824035832
2284143
638
8454902869
2
2695
93
590
4185936
37803752
983670371
4982
9546
87501
6560
386050
65447279
7408507064
2150221211
28
83
453125
222
231268
660
50089539
5463964713
3285448
4
390
54139586
4523382634
1648392055
366
17066658
2
37351
40
9448133198
1193
47264049
7086
5967
7704767650
42478
7694444458
3450169706
58340987
5340166
415849
37276661
51760
23
90
3832523823
112896
7945
20
32
3319574148
5964771417
7
2742
5110
7520391803
731019
187
5
4282591
27620598
30636
73737067
583
27
919901882
6
35499
37
274344124
27260
117
739981
97330
6710283811
955
695
9
3
152885
9074937
4522789211
994462
2864
683775
44
9902
1763746
637813548
66031
4601266
68
82308461
4007
45907639
934
747945
392856
504484
564
30
2080
7
15
2315
2588911
807
239203
64491
122072
8814
36
21250
19811
61295393
936747
97
16
164
1778659
972
700441003
526173392
8
8225
2
81
85
1767
69354971
433
12945
11637080
9312080
63797698
289
93101
77285
2397335142
328
626138943
7
7703
9
1639670
563
864703
6482
2765127580
26572
651
885134
5
776022660
582
6
976485989
24
1347
5098
552
518902323
1208599
62933080
800224
177010
6649
4723
11904959
9489454
7396
36191
463461
8192
737
69518
3980
90090042
1527
55
1697832
31689
6689244
9382
141013062
524801
3
1
330796
8928610222
19754
7039674311
95
739552192
9
79699016
668771
657406
1489880161
25115726
6828220675
1748923651
9250191
1
99907
4453525
157298890
23892553
737196444
80430819
50091822
76364
4
1293145
2724039
293
789717
5556
4844733052
63
68332
82968928
5540851
3
3659403519
853
1438052
359
8
475963
6521
87447
6678046
58
48
6236
9998600378
9
194416
885
2834
18227
674382
293869
8859649
77
57
3
80
14
3
6828
68900
810109
4314564647
376212
2610940
79
7443319
5
1732789090
7962473
3490
6
8812
19
403551
9
88059447
39604
3218
86068
240889
732
950
840
3611700
5
5971768
6301
49805993
26575
3
1
2871175765
499492
55660
81
6
3748635
7214
7
5561584087
953288802
51
13
2965946
336
953625292
753468
8751
7239280498
88041721
52797
311557
241
36020027
5993
610133
4
26
4092403
4684
95
5317235284
6
8
2542423
9831846485
6506
688396143
208
8227036
215045073
202009175
802050334
882004
73724959
3376
552682904
722061272
9084583635
6159527000
315903440
185392497
32951
4
49439
972303
25710229
196235091
3521495411
4574015
347
5750400744
334
8749
738101
11865
3315
231
7583281
22479496
6829938595
7085911
143077
494156
785551831
77
4265817
2229
76
64030219
3092276
3246
4
5
38423382
481154
2541734032
794934877
2048
57
840
17
813176
5511550
9904531
3784040
246346399
7549487
941647131
1
40
8571
2143295794
1882172
631
3157601772
8471388078
889921
2790203370
633619
3
4
2658318
7505137
772
8
94
931150071
31832
29105957
64639159
3602598
1
418
7558778
6
7844795
186
87
597
89110
5055
39021
23506
6402859
63
23448216
559291642
124516
776
523405217
130039
4
3596922424
648414
36
5109
896
6188242672
6
88
5279
263536145
693789323
6449851765
5634142684
6211542930
28404
1209
99485
559910
21
8892424
5889870474
8
1
8020673
6
6284
3096
73411
4
97479666
46401
238987
7
40
203219876
5500
34284
8902
19
516
54
678247
623087
626959789
8098079630
221039
11496
18956
91
21
4219345239
674442226
521683356
1221104065
66622707
752
31951094
7195666845
23451588
75200
6126756604
30179435
52459
90184078
83447
44625
52799403
23934031
36
21
872
38643247
545509
5520034102
9283024
3234067119
31935
139559
961786
282920275
11959505
57366601
2045307
7
492419650
464662084
158
665860692
8661462
30579288
688
574
869717090
691858
1
8934741932
247416923
4344
8549895422
80450
1424326962
4063
13070205
7717
930
886
2
353969
60889031
82720
152959468
14031
622
306
27565310
7
7
561532598
2250
9858
692836649
447848426
454182
6913058
643874
2
702241324
3284472
7
9741287
8810
975231916
4899672686
534232
476
65
673
204985
3901
298023420
59793
9062
284977
3
5104617
991275
801
7
8130763895
144401247
8660
62
766268651
347346902
8651407644
3
2335
199671256
53621119
14631
37
64997
4009
6710232108
1
128788236
510
182414660
82
7471364
50964369
46343
4
114
21576
6
1
5772585
9217203979
373459093
9
45
8205701604
2781860
442482
144787
9
884029
67
5952828741
638417
650078108
337
705
25324668
676
85233934
75328636
97085
63009486
13489
2276
364235349
29344
9
335501
3004495441
5
576
23
9470
77519934
224184
302
1271578863
825407
25
2
220771705
44544
7493961
7190629127
1
5885956235
9982
7159737594
204599
95290
21741
4840190097
1488
66352443
313071
4
833
943
2
62
2
5850
442
6717757984
3
420
2358
28
5779081
77912034
8116900
7580480999
92995
34331
8469
4
2190
846
8
5
9
7521
2740103992
76002
8691
183266612
970789
498274
5337937
74192
38356
20547431
20
3795
4746278
3
8455751605
3015438096
274
75609
28148365
1
640976
6017407239
1587
66768
39
5722858045
522141320
404
763099
9
233082089
34
7383
14861009
6222321
26
638
947560164
70139559
381019
5
7318940164
55231
7943867
17952680
36507
666299645
278642
380425165
5593
450185906
9
258702
228
4586
674497
46
670
9247
70357
168481600
59
802565
6771061
42255
66102
6034337
909
956902695
3
1446733676
73
34456
6979560889
83958206
90734087
7959117
3056132000
1
6962
87610272
5570
4
5
85460
45410994
5873
397
95
762652
928
650
82
95050350
7
40588387
752516
25845
520989207
749050
9452261
1
8383074
4114546
5
3
787543
22560493
8
693054609
870
473536
94
969463
191
266
23667791
236824121
1911
8921972
7
5561536
6869
98713
18
6523
5606
33594732
172
491
2393
145843102
8049837
8
4
270
9029956
75106547
4
426
72746007
14033657
9283479956
2
849025
1080
266860687
6438492078
8
72
82350231
1742
7991379026
42928
5455748211
63237
930121391
3984701455
2434
8174461019
8
4
235337
9
41
17
717
895213
74301169
86
969
828084
9920402265
46804
9098
9
6
911
91913061
7445
17
42879
9
7025065
94787
3530246599
48908478
70
633471
195
56279
214413
430246
3916511
8
97
1
71641
17
86
90961565
9
14
9266670
2388332444
78
89802290
27781443
418661965
1161
946
14
97268
45
4
5
64860881
279859
49355
517
106589495
36
7776
6206842685
254
4975103
593380
1875
23257
196411
72591397
4811
74014
2486
523
5703147852
6
9221666
791374
483
658
9897430927
71858
5563
66145839
347802737
536834
57
6473805
478832552
127694
324067208
1112
3
63552394
495867
5435556803
9892672
47
9
412253
3268
4802
1488947977
846577339
9694346776
57094
482806250
93418
42207
52446
7523
114334
96
5564
32380
4676422404
9702485766
274584076
9534
2381
5
15488
434144043
4
3063
62050
104682155
49
84358
6899
5878
9293454
2352
3454955449
585608
3
1683
801
14235073
62
829
7087036574
7349125740
76
4004
4
2
4703985
3220478
578
7
257270
198846181
61
7
97
42906470
7025
5072697793
9211
646
11
3
4
3500
4
9956320
26
22130972
28726160
184
31607609
354
115
9790
2958
3279988
554
22742988
616
13595802
60
30872
7192502
155382
928568
6
1124
9976765058
8
4726
85697
82120712
24
1252417883
12331987
57331078
7371
1
29929312
20
5
43402584
2116
2151684449
1
37317
52572
526
3842173773
9062114450
941
365
918
3617
487452988
515939
435
698
92901
8
5792242617
752
6
771
929815
907271
92823
38523830
7369
89645183
7509095326
6213796
2060
593603
6886
6920862
500
84909
2031408828
23994340
772
7596
48214
49
9225079
4368987
762250582
8
6
31787172
86875907
2700356362
6096411087
57421
86
95
372028
95691848
5274947
91
30999643
96558383
93548361
9082
4378
537
550252265
16697056
8
49877
1759841
4
17845886
1365044448
64003398
6796
17926
253783
113616281
684545
8167045
7
2
802
7
2787
1956828672
211731727
925530
312
3769986314
7865
27
3984
732458
63859557
485629
2699084
422563
15036
305298
8080277013
9840
497257556
629712
572270508
31
262156543
582599
43470974
2227
3286
50189451
4367474809
84387306
2
10
542
349760
56048
50
75055
791
24674657
7930231928
6390
4477
620811662
65402
2
213724125
643337148
1766
259856156
2307
199
55
1875
7
5960555
8885
34571
36589800
2153645
94148080
45991439
397
4237412
3994198311
4559
344654984
9559102735
3267929764
8692
357142
67188642
31070
5403668867
611239
639080
299495
54854
826279787
85774567
2263088181
53847
391
19235046
4734831132
134188
89896
530
4083647
42
5762335463
40365
767447817
8771
99618
785908298
15514
98
84050
2459435
53740
7
834
79416
7747
46
4762
679604947
757904
8
800123
6043024
5084386
350875
6
412803321
67081
776567273
604134
856
31846
327
7906358200
65592446
700
38184
33757
5628
345769
138474060
76
48
116
94368
824417189
49128
664061995
434
2
4573693086
7821
529440
131940
440640061
558902
37210
9
50
781022
733915
949
6614
6892002
459112
567783669
906
7971
45549
61564
44231
869536623
314440297
687
59
73
782512
52
614950
419267
971856
4797895
6121373
4539928182
4
5552
5484140019
30153450
368410
77958
27903579
23
393675957
761
2585216
126303
30910
18607123
154186360
82
41111
6
145967822
9538
8
552897416
47572600
676562371
7
4651581518
425201592
42
6637796423
6
77090472
61
4365341819
5051
6
5920
87946
115015605
416160115
6
37554
275943652
6697
6428958
6
57
4467056
97
75
204174
726180007
22325013
67836
3
597
18
937565
8
3037873493
30747
87567
7
73483
85217
30539503
99770236
6
3260884010
79668
4744580148
829420
6
68535232
4990
523
4682
15292842
79641695
54254
5868225
168
25433
580469941
1198841227
44
8
6364269553
620
4878001
53495
79572572
493926
706
80324
80629
6827030
7177899
178069
3689594
8
19
8400243746
166
29
552537
8343052
2220
8676
21
3672
908
69
895629351
57
5
2987
27233
7087141
1
10796350
220866
837322
744
2
166675
6027668901
8856
530986293
137448
28225
2316
16318
983
51
95590329
345593077
25
74698
45
499576
563823416
2
9
43854
586294
15
1865
5
91
8318
414
9827629300
23187462
2465
742
4133466284
4745
111749
1
957536936
23
8981
96
31
2882182731
652328154
4
225027
491734477
21
997088
378
62
82150
9
3915952797
751897
84834
47551678
987968
72471
6
1249163559
9254
6659
9505
6520198531
4723035913
5
14
123692320
837
5605
6
70901113
310
364
1468
274
5972
3
4864791155
1555187
1
75423093
67636
191
62
172100706
150170574
3794272
219495
895982
6258581413
89
2378147759
4
59
832552733
2803
973
6128
979564
6247633
103165
824736742
68
684
844
1049174890
775487
95
533583
2923971362
429
395991029
1940294
4
5
406667
2
3
688
73149603
81338407
3033798181
6441
8525
453
4
3
1
846791866
6109811500
19
771125
27
41
7312559
2
95
1
6175089
4108
1405805
585
8333273
4246176666
804
62877771
90
64
77
8814
712783860
36389951
1
349
494696
1
5426536
490966303
5573449
780165
703346777
1953
4017355
803
4306931
98395729
2618815
6892004
434262
1
534601
3
66053338
27487
4339730141
678168692
5247019063
6
5292108002
6258792603
4973559
14125
45
943
6297039527
3591614347
405
9138
508932026
1
85
645
80246
93497980
8
4014767
807191
859480
72
74915295
512066619
8
90679
22
69336870
855264656
37
21
3542794
65425
3733
185769565
4043429425
36003
99302037
843229145
134
145953482
94054
9472280
3
563630443
75145
120
945
588093
798
22044657
64540
51
682988
49494
922834
8356
7
6
3590191012
9
353281327
38573694
9127138534
9
2438700
6077
88706533
332300
24348
2020602
9358691
77462251
700025203
6180417
4902
73
6459384491
900783285
780909
81
7438434
269763
5018
61667309
44376287
1039
8
340
8392519
8
47637
49788
790074300
6
28
22
840
6
435
29539904
1234757
973565539
52
688328
64634
2
4372824
60
773086
2883
1226925
44
7486
7467
7762349
706733
4571
79277
14414341
13448525
8214952
97
9
2072009
361771
8568
1413860537
137299873
12830
92276617
328325
12686
768542
62
778
67139
5842023
833773
6946151
9922054489
3856
5014863747
7432988227
45590
132600545
3232174
7731755
6548
84
186477
1441324
128922723
773877
638800876
60826
83650
365165988
821
44370
6661
5253444
7
4241
21421
6505322359
24
310946
1
6756420
3611649630
455953
7060
5
63741757
32290164
67147
95
3592
63896796
90
7126940342
5036249133
4300
3
90160
5
38933
4079789791
6
7456157
46
264364
19
55
7
7162
845115
66057041
1889
67374
8
92
14999024
747497
8
553354
732
73299
33
9
48007
5
530
2275546
3
67
6880662141
2729959
3
780021
702523686
443058
14035
697165
86094142
366199
5
7474
50
2297114272
5513755
889
96945724
3
3815
2007
4113273298
8
46
2403182
789862
6266510
27419
2809
13204
201087707
70
109221
3110345
67430
337569874
224
213961537
1
7
774
2609188845
193031
4
12480
356837690
70823715
9397612819
27
78073896
8705516125
4
3775
51
8256
160
8
8
7780012258
897
8903
990
313963242
3469261475
663959
21414
94681
4977462
1077890269
1
90
55196
85036
1441018963
5370578362
88909497
8
10
14763
137448
182371022
41834286
890365
2985
12721
34
62
890710
9986
376997
227902
6
565176
4964
8044097
3469
9678036
5
5
781511
1400840774
79
46505
83
264965
133061
40086293
8445
818772911
9723
115458446
7482568
770243631
7845831369
9330224
255772462
5039106
66063
6535669997
494
651072624
9446713
504970
9112768515
3
17
9885597
3398416533
36061424
119
8428617
2175
292
9670167624
38
375837
8119916
96411
345360
8845
585
212
1295
1739981435
353913256
542249
87416
61708027
234183475
832411587
691
792995734
619329
1145
90
21966278
838
9335405099
90716
3
1465275
708
31
7999011
2
443161
550386
358240944
145
30902
241
292101
3
5
4719683
19
292
91
3750084593
936089877
279415099
73
5768566
56
7597757
61602573
1
535537085
4928496
8
99974
4162702
904336
3
4671
2660348728
7661
90888721
121152
4645099447
763936104
634856
32970768
27097255
8951344705
317837
7146547
3814
9360660971
26436573
75
51673
45020
155
45683205
6814247502
4723
36508371
5428
41439
31832
11649
3583869462
86641020
2996
70
1
869625
419055582
7
5352
6
166
943
8375088
484901
52428
849425
64373
85364125
3054069
29
7362
46530387
4963456
99
52080
7331002888
63474
781513373
3
4222
1977598642
44580
3535593
1888
2250058482
278980
197896855
44571
3696175
629
24025
534
9060
86653296
4171962
2
874
59
13
5600298675
5
2
464506697
929792983
17979972
7
1724837
982
94
252921630
406632
7365801263
38167
86
420
422
348489443
77205131
479628
60
45618
6523540
885919805
13
6
9613242961
72
5
649386
9947066906
83635
609797
8402018984
18248
3890717055
2
20
87
7057614355
39779
5948
958518902
88509642
60
1979556
95825114
2
896288
5757
3
731
56463676
9708
80289285
742714503
343174
64
602
915
96
988200
993043586
329
6
59908
205
2
6
752645
8674520071
657
86
6535
5347
7736351379
33079638
304
69198660
79265777
425904908
80
7490528111
41861
756821
714489
6552847987
1591029512
8387864847
4
3934370111
48857582
21464613
312337
314972431
63139
552063549
2331218089
8873
56322
72908
351559226
3846103
8
662543
9841864528
35
68186666
502239571
67
571311985
5807384412
812
1883
82578819
829999300
27567354
92317
2055
70
6318
190819695
924857716
9222
738545327
746381
5103354445
23
179354179
172764
447
27
85
5073
541
3
580414
14710
508237
863
81729
4063
9307375068
53545
5124
153
5975500743
7776515
4
88431740
615
851833139
37937
619804724
6
217668
783790
6072
165463004
754223473
68
90701011
549344
57967275
3149
630124574
8111781
8187
1
56988
16
179070
8635
46
935
955836205
6665
6247769
815447729
477045
39168
1260
881491
961132118
80073
235058
2
6
2959337926
2468
77
7032524394
95489
984181
8027
6365
318
1225864
97
509578
1
338281
845
843
99510
4578084
92031969
2
863944
613
3589
33133447
902
26351
665973469
7174398
70
2305451
9357
11292
211625966
44759
86632
59
327587047
66
3
38050
6413770466
305406136
95012
3
648174
7516617
68506703
41530
8670308
5632806
3699671
667686241
4805115
251
5083163257
980114733
3639
498990819
73
70912056
356040636
7
95
71487
578
523
1727683
46
7340360
4210872214
128578
676681433
814713162
9210
1696246
15
712
61
81943
674581436
1233
389
9325
362
47926
9190769
9639393
16
865
6108294671
316786
593
54403907
7808949
92941
586610250
2313480
26661
38640
2711663749
4
78699
2
2
472798952
828688
41106
1672
1
3633422
3
18155
9366901
77975
337730
254082440
48567696
6268
9139687139
34895374
26
3
58
501308
9745609068
52
974399
318688793
693227748
29
12122014
421
5
6
90
2755
8
45153
22793454
73946138
5654954
174600
7438830
182947
26216
97809253
6980960
31395
21
6
730
4342
133
832422998
970192909
29
2753809403
3007
72328
2800593514
726751
867163
409
74
65915585
73
3012529
8100860640
6406375577
56199
713102
698736
75844662
49
31208061
95692
6705840
398113
9331941537
1029368023
512
193
44
2
72563
433
32
64
7449379
777650125
90476
8
305792197
2224397269
6279575
7602248
107248270
9889534518
25
3890
2
46160
255101942
643657837
30967
3452021
828726735
653778480
2672
57
745328
8239
9
6640695
5635
639
4272
544105
38116144
78011869
614135
6511975937
783021626
2
5461
7
32357
8989952
76
4010
454
26
78
26664
6
344793
348
2429794
6551409347
1403651
43264
9997421101
193
9375603
1657
6600
3
1419834938
81
3038881
686226
341
768964
856598063
8705
8
130412
87
87350095
46
218
1329
1552395
854407
29943
10729365
9911823088
8551777929
8247
1166
843841
711955
150695
42422891
167308408
655538
9
61673661
82
26637956
19
5
77222445
346527
8
65
3084242078
22302457
7160013
28745775
1884212
42874978
79333058
8602604
3266156
339082
6400
7
4797
8002
3362011909
24708
6175
14409279
55011
60
347
7456895
76453020
51
98839
656
8427993145
17220238
394159004
2197241693
57566
49562
5656062947
259647711
67180
31293851
433885
422262445
209
794651
8557293
9627
261202805
721143107
249328
207
69590
65257890
14792
35
6
68869
588
12752164
5
82445
339509
415733563
7872321099
3775485
366621555
7941
78484188
56480502
229
581577
353287541
931961321
592
920750
947
676554
4020122
6
58
6
6656
723
950787
89280126
1712575
76
6387643
3741596298
930795769
114661963
2763307
4690946455
7730312379
339649557
386116
77257
912
679099
34
613
132
9146
4679260
61870495
232
987325
54899548
5913
73424983
7259
453
2754629749
47
644911
42
9700069
2374830
23
3909757989
34
27785816
24
1677014
88
48009
436479
5146
374100
236349859
2417117829
26513
33
74552
378637
2
72530707
7374866
977789012
8937399946
964
88581
1223925866
263
8
940693
866677721
78
223701
6276
3
1065245
46933304
5538225232
2934621
1
5655147
5148569288
464912
720028079
3247412134
210535
9767393611
1930890007
556980
2747248383
1936562135
745
66771231
434835
81293
6534717
9797562
267390
19
951360559
86612
8437
318198268
6606
503056
311
53237
94
32215474
30145234
5676182588
8505746534
43
221216
17
3182897
553332549
4
486
957661360
128501657
958066573
90
36771
490316795
25159
30
61536098
8
3980431425
61442
12663717
252715
376
45004
40
364
7096
2346911003
185
561
180088
89
43796297
72443
6012
4
75194039
402677
152451028
51738694
6215171
7346938
13
3264157138
22841591
195928
310253
555802
16556
1975
912991
33907
89632
77994
464422
89596553
8
514837388
4349
6085
71271
4955
57315
1160
5056196085
66
823334
41
9382
376552
15783605
7429
2947
4051
7477910
491350
4
3296
52
1
267
24
2594907
2340
385542
8
4403428479
57444570
3247605
454
267094
139
987979946
377267837
75
616336
61400119
1112
73
72
856
7474934
707
63821341
7812
91645883
840
57874
92
996080
51
17
8883293712
98
435189
37003
99976860
727772094
9243
88080
825
372684
2689815
328864989
957804008
7922675833
8948
4758
571566318
4648
71774
49955271
5
5
712041
504704888
414323471
88
7792897
1294
16
24
6187476
6754465
765423
8491991
8242917
2231321405
4360
8687705
460551
48376115
333
1796281
592070307
96619
3315639
868410
9172
60
5
9424947
870
870
750163406
426
587628090
9976676051
22425341
646
8599049161
983329
29965
1485411
955973784
21468066
834335917
99171
666537166
7
91
69
400
825
4645868
7324165682
4688
6677802937
1306522
8205575
50969756
78122018
7226209789
9
6144
9612760
94302215
888
834143822
8900
546758818
274
127024
2
958887
27327
9038216
8
67089878
54
3597
960
8
4739950730
987
88248680
118
662032
6644693947
249743360
90319
9429
2204391129
4
67193148
733
636301263
8090156
877731849
55671287
2
5
837
769468336
62
1099707
259
1
2111995278
41592642
541028
465146326
11047
925
55
423405
9456
776354278
4
245
51841
84287202
5697
1303665
1638717
86
7433939
367920957
3254
8617118
3932165
96518
5996302945
8927
44067
12125
261476623
7
26369070
27852827
7706
58593571
187
1460978631
4930190
4
3263159
9590858
96353132
886
588003791
7514482652
707516623
6638
69
96933535
9853487923
751780
2827818
436
3138145048
24
86180
8877
36
552
819449
8830275074
7336747438
3870524824
9
8691562
57184781
1534948
2539938
8737171
8
390
250
72231
4311965
473116099
8726700706
907
181465
218
86204
655950
92
2
118685
4292
4163065097
359
781536320
3496
396504757
150552
975
56638337
5
937
3038680
31384785
4536421418
2
81606
56061
83041
43475827
7211
277704
9239695
3836705
72994409
9
2791331835
30337162
484809
420
2808202
749980651
130
360
74265389
95905392
7410734
53709900
3
90
52370224
297575
85
61259505
284888717
3731937
182063
809927973
1528815
58756362
323517
539487
154757948
9516
48001
70
453
72653
1610
220037583
497
8565152999
69575757
355875078
9
3441720
22547649
9169
7743094
28099
25
9669227676
19183834
8
6961734857
877
7313
9
2988716452
87072
422546
5
314
90590
2843608
226117767
7421
80665844
2738605
1903161255
110
2
1900999576
6748551
5630983
25883040
4458522305
8055
61132
994780143
619684814
3
831
4775190
7709531
4712875
1
244
7414
8769141146
124
23831735
19129
82501
231
862304
42
7997454674
146194
683318
75787670
9246126
94
3
252036011
1134393244
95
418
861862
248
4973266
842407462
3322764857
920
228131315
40579
9
1053502872
482
5434
39
3229825
23585
73
323
2633004
191885007
72694
9520470257
4461075965
2589453621
4289338402
4850
1314997
486917
175
54836540
5
338481
36
4
45825
37600751
55427763
581822
839391502
770025
603
9170
1
33
71
4783256
6357093733
83
3684
52807622
651623750
60
75180989
447
41
255
316
374624
966413
9
8057780
2
7
78908239
75
1563883536
50330
3746671
7523172062
827
47
54925
44692606
43123245
4
6
72
63715794
9
4765865866
28513
4663506882
6823
48
853689
49048
4502
87
15280916
488244
16755
1
952710044
2
69
56434954
1
8685
5
11
92288383
99
1197
4500
162606193
508
152
30281132
1728
36146
27410970
63393
68577
1
212013228
35021
9242431
2260998
59
7840
404
2
9055
24966
51637810
8192076917
250163744
37873
37888
176975
1
1478452053
543969889
57479279
9037
743
13556758
4
9551396146
1
626230
2456970
76548841
89901
81718701
3293356
6763818
98948837
908
286886
69423
76938406
807
8599503971
8041507564
383624300
23952847
59038
98252021
1911378
6
4
2551463854
88094
97720
3097026938
31
72632
608144
8
4
36376
330
25
9580254
68548
6594792
56170287
584
8686785849
4892961577
81
96
59
248
337440833
50574667
3271316891
9526719576
3268203990
98
76388175
7649146
3890448
8
79911628
84365089
974651165
172381611
103725897
357888333
497
57113918
9
344869523
8127558662
143827
249474
1358283
6
950262
56972
364510993
270692075
2155050573
978
85835
9
8828582989
844
7434888312
4322
5896507078
97
964
493486668
75
4571687561
189519016
850896770
786632205
64967
8092
335727
17095260
80
143658
1366
5367069
8
506404306
1846283130
709
154
58
713823
993984196
62502
4563052731
94
50513547
7
77
209
99
364091
8104475
9086849480
91912
1063178770
35729
942265
38
57388832
16887252
182198665
6
9459037
293
7
31135
692480712
1
66189978
617
631
39184228
368120
9
17887
4
96
670
230252779
99
7577788423
5
502530
6838930087
31363301
6
362564
8977
3208831
44571
1233923
35
7741059709
8573
71
578
59898976
71902
5741514942
388405961
7927719
126
953967063
3
2459995
142622803
449
8
562772
5606934
1970046
464807975
5568
166
43195984
37886698
839930425
50
6
485742199
8605734643
68652
409076
5223933
37353858
427
68
11399014
4
3207314
1796878
9349
29935
18126
53988
8
42506
6969901
3100
750220337
1416
3627
401408257
1503588399
821871409
4985389
68
94
10453
114776652
254
188489
39
1
9080863
458814
628
7
40775
9
955402310
7734
7977
3729061
559
4
4932
35790
35051
66903
21840
3851499
102
1357826259
7233107515
285
39
8030579
4
38
6516
592684
4970
4
854900
159
8973811
51414
270811494
2669
9995446
366574674
8633669590
45863634
730379888
34389482
88675584
7020
12196582
102515485
4
77
3221292
5638
712495
82847691
70440
70299
6240852856
89
893
4833905507
777886587
70
8
98
83287547
72
616414714
7837
55441610
559850
59494418
1162
92
275533669
5203
8
476
307157700
7
4569270926
55645
7808792970
82032
43914326
1206
861122908
43388230
171448
1553110634
73
6
781111
5455370441
3233761
46419
560759357
933
8840260
95906
8055738763
676
4
76054
64218
753494
5514015
9
17326
96282137
978
3619625
10
95
54826
155
6
1542
399545901
340
1299303
217756573
131
359524
378500
48947
830
5
26011100
523363962
59
62447744
5
39036516
173218
5694231
6
832
12400246
34
1734
5
316154
67024
720831
640381
58
97
122
939518542
766260571
933556493
8493
889435
151
38506669
92
8
16
58308297
416233
789105167
7881149730
2
7674390
684550224
498259183
391296
6546
5337
40
441
90085958
7338034006
27
486105932
3947201
64055866
5868381
2219658868
517531
22
4
70
15470939
955
6536788
6985291
30844448
873
85
761814
66071418
920870
7746
998882
7008
4311
84
6693335387
56228755
78444
8129055224
361029432
897905
54
8725023
62561255
25
527032380
76046114
73105
28640127
4264375199
4
323017970
90
3040
666182095
8959743378
869
436470
3275292
7362413
105
23
87566
97125871
38671691
21993762
2961277904
242102
90
49
9586
299
33
87837130
6000100
15361959
294
68
7
815798
8891808203
482
6397120
8615381154
451210
436489
91
3
24
43387
1796894423
7100
201
890621
3
63
50784
3
6725
3
5
845229
7439
2787842
60723
7
57086155
5036595
5108
97686
9155470
53
4141
1477595
11399518
30151040
36
4320942878
998
6397
649195
5
74246
478055
32
375957232
749588
4168240857
6795888063
8563
502125364
37
6
7884045
911307
998160
6440222
49
62
522
931520358
3
4
7827200
99273
93
2212079
7
3192633
4700400782
1
8
79662
6414343
16798
275652414
2974520256
7
294915
459972799
87
73283993
879996274
9166825
6739
53955
28
65088173
2998222
1
312034194
2
30
114299
8357442
6179014
4
17
58630
1783748
2138020
505
142913277
501314949
3
1049
613031203
5966981873
81475
4840
47
7049890336
480652278
486673101
5998114327
99
51329444
9546124965
57289
40575
90087
51
1
55582
227215715
5684819
616858595
849867694
695
6
424192
363422950
99
41
42794
298275
3
4141440
7
99345
928
45468
8321472829
49267
5
90
223766138
1181062
1404
181619393
192
7157036051
43
9211943370
674861327
354021
897683
8075
4056058
48097798
6374762849
340
107
41
6
759026
99959970
1278653
72045
14388
791760
291176
3740
17371
2
43552085
535750
15890479
48
62
277
9
3618
31086
14
75
2
62538687
841652
17178972
2
31
148381504
93
10339
826175102
49694
60661
229959841
8266577
843627065
8916
796074
9
775837960
66250386
70740941
94333238
18
3720524080
88325
7449
4012
1
327346114
2577520410
66
3598420
130977725
622738956
46
943255
907
2
42
59174461
2
837
16
994860849
11537765
731558454
334906468
8953
618983
865687
4337
56929
9338
58403161
3575150514
2593846536
30
624457036
6
65635
6618203
687814881
2
65274
30392120
26077174
52702494
887
932
796094
407969
8384474458
7
717450
84
1467
2095798
4
866700
3
1594170
1352
39914979
8391
8471781
37999263
546261
55925
91
9027799
253615
23668169
709
9003364
102921
66
493
26327
4541376985
62018858
724871391
2662113
9842
264095
629760320
7205
19309
2005814
9467
589230492
658980
4027398789
4016380144
20535343
3
3319150
2338287
61447
311574040
2476
26409047
250
3
407
10368561
750
92508
6783364
45849652
680296
583957355
887
8
9065854
4601
106156
319
8931818845
217410
8777
2
3429
66621
40
5178
35192888
727068700
9461042
289638655
86301690
8265
74
102
350
5292
860899658
5873210
502
9348414
147
585381
9314539430
4
9
5487622706
181036154
43599512
822475
32908281
82985440
9903
33945764
5058
5267
418319923
31
6
49690219
8
9
86391
789
97499
351
84859546
3
68396
5
761
8
773083551
677606864
30876
3
78920917
76621281
231
90496539
874662
852949
303708
73363098
61
763
848
8
123269
1
2
4
63427202
807308415
252659991
7370515
45011
476
9684095
71286
650
11741506
90074951
5124810
364628460
6
9806796910
6646
620860
232
84
4
78
8453
6649788900
55493974
220
85202
270163591
452161740
866
3760720
2
18544816
33391
62
8553348745
6646
692988034
6
64015
844205311
71153243
7815297
69205
2
4
55
1
4731
73
84963
995475
5
29
33
5534122
356275518
188
995437
76
1436254837
5266707521
539098
6934
516294
601978
46537716
335913
98
24732
526913
7892754078
7131
363161608
427220095
94351533
9040
3442907877
32
6849778
9658992
111700
8516
36
23405
30
2
155
9125024245
780
71980
2506122594
33569
4141625
84639907
55813
84815698
66
7361909287
7120
67238186
7369038168
5676535
960089
2
1225486432
254
314719
94
731
5442
43
459336
94935
6708717
63782
37
9
451798433
970
88646065
8
256
2967067
915836448
80721
7
607823755
8
459193
20315
1
1178288269
2068752079
1792929908
4855
53768049
88
67026966
3
709370144
215326332
474453451
5802
1
2906758
2
82
830349742
816
21
402
8427429
472906
4
73614043
192471533
683351
741239513
182527
23220
9
6686967471
4473
7372202242
7137682
10
578776
6686397575
188
6
147356712
803111
1738
984007
71548847
473438743
15548459
5125235
20878866
9620713
30100262
351
3341
136023419
3836
709642
12088993
1125
47767334
94
81385
713
2
805259
5331744
585
91798
9767776
578167
6434115
798352
274215
680
908510023
555
797472
30065
65529
67
44472
5821
6
4
27897
7297274729
267872
7463871264
46444
14294
971624
837661171
3840
64681
632
21
76291
48645
31
12555787
9
6322073
419718
3050
53
35
124474
1920775
6705
2503
831443210
43
652722617
365301
58
75894
45
45343
3
7214149821
873
984325325
9239
929841646
87684
95495
5
16
2496953
5829912032
315635
41883
6589
1507941
51
215776893
318
3038608843
96042
82391
7
206
6053007958
4093
2325587
610304
6
97842
62884
2
89865
9697405817
96565
4
892
4695
6680098
43
5032109207
84
977572034
2
91
26
62203996
30852710
3850657
52
786071
871
19558615
7984208274
99525
7247384778
2161650633
7176
14483644
43
543453933
36
48349
142798927
2931984
30
33
3
999
4279692381
403112826
9020
5928
762780
58951732
81
48518123
635986
9623189
129581198
3986
277
3318983693
3755574
808
3706
21158043
88
643744
9
4571692911
850444
3
406
177614659
9137229932
76
21
45834
264051
456144349
467672
9
439152169
5550326
97011490
235198
66102
5709089009
13760490
1261082209
7
75411177
84974
171234028
15756866
33567413
2851353
1
135227
8588231
8419
4
83508
5678
6462717420
36351
831
572720
8
778
813016271
6292054
68472
28674
2316
65528256
7
3565
542
2378684
250
76
5101
39507689
5
966
1178975
8471243055
72892139
441511
49053
6009934636
64766
7
70114022
6
37140659
1568891293
11
3349172443
35
59
3505805423
8
923942
10
779610
399358
5449
239
33029238
886668431
4052
87051289
49028602
59
542111
19
8488
384573071
599179178
4265
566762759
7
3982
3
9225910
3033206925
29524259
938802
9
96
12959
8
7501143024
161317161
4039
979047
21384286
10795632
49876
2924
25920
1981
872
231402
95
822
711152
8
594789
4884845
620997180
5508
54083616
5786605952
489875
6556705475
167
31846483
2231251514
6720
65380
7575888321
48852214
406
6178776382
8533820307
8017271064
868
1
6
4
88
25162
738
6
6514
2874
9330694761
467
6045
97677066
874036
94
252460396
98272
322180
346203344
7564
631200740
665951065
23
585231833
796840672
1080764422
719
4890572
360119249
74282
192
676
9427
2285086453
5
807774973
8914
4
7280387294
3463904
25
32
8938
5796
6680446791
40007
9731906
5565389
81397
1882
225
3
2968998
366606
38
63929298
20
546371700
879776
50049
8274185256
90757762
595183811
5196565
9577809584
143102070
851
8533473
6238
1370
562601
2
9333788514
663634417
9164948
2
82962607
23
260359141
757000251
9331551716
4720
6118
1
400287232
678991889
5
50
7
8320147486
3457631703
71
12763770
190658475
66679971
727
105
5
38029
57
471328
80
5875697
3441826
3216273507
49316
343174
704368314
7326975434
6
15989
6775708
9004721416
8426877
797
9858964
11084
2942
2
3357124
708435857
65193
15156044
914402374
1601933
52937775
3882
8003625
1209869930
9816913158
50170
1
484204
456
373
1705
429609501
458720019
36
57953
8308
91220975
474316447
83
5765
54703875
8436471023
959987
736112
9399
95909
23
52
7845230523
211
70
819
190225
509587
65497
28268
8
211136016
41
42
7825780
216316
6813889437
752
466754455
337618670
2437371
906157
874
852
963276714
2
55
373727
6741114158
457658
728
434646408
527744521
33
67785276
59866663
2034
184434
42
5
12
406
1509186578
7083
836760467
983508430
9265811351
7530
7
314476
821437672
8265688
862172
3659
9
8356274
4617051383
313481335
6144
92
88880
2924837
5
24579
72
1081246900
15850
2
8120
433859
613
5040417
7875
8765238515
22
138
82975986
112953
5646204
2823696
78248
51
1
1369
56
518
8172
8033
292043
225126636
310
502341
8
5
953604568
196
3077760416
5546283
716167
6
5618
5137
6623818
413
66230560
37217
2
2774843127
6
37110341
7076
222
6
920911
4
543551
228881
7474
74
6398378310
347669
8375976749
34294
97068090
943435
35
762311343
2563
90
952805
629053125
515499510
6930592405
819292
103027700
355762639
4
4947
25
8065211
6170831
2371521966
765134
79463
4293840099
3195
110095
31
22
9832751689
2064055337
68
48
3119698
404
32831
18321
10183
21096912
9863
5165361
22261787
1550141962
73134699
9716400577
63112136
21
6378626
3737
620
661
63806497
225190
68584307
75
23
9
796650421
793
55845758
19580583
9998
31007502
4588
664176
4706
38115195
9566
8
8028565
44241727
256903089
81
8394577033
666218123
29516
8117427
5860
310041399
400393
3789
663
764
9237519
51696969
73272351
5831111588
7010387986
1783434939
1
5109272300
73299635
2618651
1
25820
2006
21872
839332
23497
61524
86400
174
2
1190410277
6
436
69759
89
283
996
4
34957
39096
3600675061
89
1697622673
4240729193
2319298469
40552752
814018
3
36
23
2449152
616559606
816311605
2993588
10916255
2541589144
14749
259317430
43306
1029440490
6755371110
243241368
4753
745
543575
73748200
78847418
21
22824
79481
92303818
2973858
539847
8181385
2
3179205687
545131
6
97984
4224279
9333
182706218
2360868511
5
557
264558714
3378635
9496036
6322114
6930622520
295454571
7930089278
79
2366488515
5
35243
83255
432402479
5790
311
47663664
622
8441
26651806
52788825
6145407
8639
18739669
476
620401883
6914873
9314
768377
51016071
151703270
318
99170351
247502648
375533
77450
7732790335
315
282944
5535450
7490
780178
4151263
7
600275
827
8152
4446564
376
44076089
120501824
8
9138
1734
85417613
86778037
563953
383
8721936151
31279448
9
53103
5940092566
7961532953
53218
23
5
7
35
5205
934672402
30954723
8
31097079
1365473125
766
2
264912
20833
921
5199347187
2146184
3
41
5709869
761436
266204
58296
6951
5
221
3256
98468470
5743291639
6288561
2
8
5
499842557
455909381
4449232731
8768157
185492702
7
970
42529
723
802849
1054
19
640
942434886
66059691
278
786720730
8214886
217282
8474597
5
73
3222826
9273138652
32182
607112405
78654
8646
714995
3482027
6796262577
6419160950
42682
71
87334
2
315
9
8179869
908875
6081
627667
34592
8
423981
4
2897020
41994
8
7
462912
4262870587
221
6255313
65189633
108749474
819
1409750
58931368
4
6260367659
7947389945
51621038
779451
70
6240
810
3473065277
51250417
29
9
7
6
257
499308880
16
9535071
416177
65095
741827752
1762149665
193461
9
4025779
7204655890
8430840
25
2130
379
98
521
217277189
87078
680596739
37472
92858
615509351
1
8
851
643912
55834034
3468015230
1151
9851432
3704404
9736
842983
4
20
3738
908076
822
89515
3065879
29
97515902
5621286
870
37199
2810756776
4076321
68
5974309
845757721
4778837388
6103735936
117823254
389
51778106
6615
131196545
7855745
9209
32
7807087621
951362547
6418355382
89629
507769
7640754
5948
777
66858
9
316428
969202
55337620
93035380
12
9916574418
1
181390501
69
45348698
467389989
1
588
3157
38542
2311785048
670
69009063
6
6
26816661
2955719088
66603
86383082
20
9673538
36763
9129362
746
196090
979
1733
75493262
8818235757
969
9257
68730773
880780214
250593
238
19992
538734
7
625
234174
802
268
2066
4260
5383101945
15516
4673796053
83430
59373816
46406
6404560
786234094
422965928
9
45485
7
285477856
427
56386
8
4611
92486
14897
5453595
609055481
375
30135
6
7
33987
7727
18
3959929
9371
1351
919167
18
1934
61
611345099
5709935
22879207
4530055287
8308184128
432083995
8367
16449537
85126
8
41555
5539
651
26602
737
1601608
6135
79330
253
88372883
32
73
20561
4569672614
10
20190494
2496457
340307946
3629335
66250
920125
7380120
37
4
7369081
4115148395
33134
8331979
897168491
657309
5524924
2204308620
66307
94025970
3
8
6309102186
60177
86534
392447
82028253
7461000
3834
342
5
493
921624489
68
28
51860320
899724
30223051
996068
852003646
586932
4
911754493
277400106
94
947
5
2499
7
52
2174402
6075911875
1741579148
54
2463281
81656749
42604
179
28560834
853130
60832
1888
975693
90828196
620464831
83017
336247443
41384882
12
44
81
2288555
6
2
621415972
9072
94616
2716
6
6364
6
5946
7981833523
72445763
6
5181
12008235
9856263
33046144
1635568912
720
358616
6441462
7686480432
9
32581979
325
6201004
738720804
7929838
33
1147
9999
138725493
880859
553107189
84602645
72
1718813
9439
30
2468
318545212
588969420
6900888
7948615
61857635
2902160385
421822
5082376
1100608
38684
76
992450
199
68
9060427
681
72541
391
5294232
155498
31803
5893642283
91
702281760
41
2496432
81476848
4771634
85
4288105005
4
285046655
40681303
3723
96
80531
3
492
33246
20
70619246
42
92832
4
6847
34
86855626
6017591
803714
515018
21416
1686434
996416708
152769
369
4848
5725087
3943564134
79539775
88771362
113
464
37262
3457
72
21176
3752
887343036
74
959
71564715
24
239
64526
734
11
5
2
192
20
66334
90429066
19512
47
6497090415
5354387
1
5
21798
7390
841917
17
70361969
19029251
71636
4803732548
6322074417
80726490
386889
119
6026750915
2354392
2691597
463548
346374519
235550
8
5
9191128256
86
2918782886
61120
3184
103
637472
648495760
7
98
761
356830190
289
426506
46586
7592917
2
963
44581031
9190033059
645218262
91698591
48
749
653
653
682342337
18
1
45
98
38355890
7515538448
3
6605707
8314
4760
9178898851
2799717
3
8773128556
832076882
804834526
23223
264
92089695
4504205
111
4797718
9
914766
915772601
76
67044170
6317
8340
2355186
322855
320193
95
45
113
3031061
7643079495
3527
6639180
97453
82
6481572456
788449
41758
7940842
33841
2
20398
94015
5006
7298
6
75929990
60889
3286
406
7795715
425
456109
7
1936891561
4245523166
182085
689
18066
79
3
1425247962
136026105
1919703
6610235913
46
709153474
8968
9
9
84
5839846392
674662
1
16
909529
2930
36631130
3989864
186029
46749
28
5495
961983052
4536
132416466
442708
515
6235201
9857420
8
3
625318
583
9656514
67
872560015
88424092
55268
773623556
367683661
27524
19997856
861348
86543195
61
5167
3100294
976
9385054079
16330
515338
7365189
951669691
5737
423260
4140658297
7
98671158
999846
775915
4907
3021213
394
5059375
8
636180
287646
6522
8145
1372308651
5
5191011
164
261782
753710
28
5420
29023
776716209
9944
325298234
479
671330108
8398950
3494332
28597
341732
189676401
190
23
807460
1
42578739
3235103428
453784
854
3181104
6905062505
38608922
6366
6
591392
799254197
64618
5711120895
975067
2
665270
7
7343942
335
7
355685892
1
4911181
28
7
311311264
81169281
4280
9615
2
4039122
173763
151506
120931203
76
436192817
558863
7
65720
4954565771
5298162715
4425
7334
2345136
7925219
1396547
6538
4382
2840
2
258
25330
90
8
43428974
26
20
29181300
697236280
68875040
70222
54722
51448
56256402
1
122
802939399
2262795451
282
52477415
757815
869
3
451
17923302
63546
84
973054291
508
4002342596
94516
39
4114524877
26496363
7744
90
862966
55399
5
2194
251400
17400
857908797
7227
1
8
544336
12576
2
75616729
94
6
2090571
1
737551
465
7
29846534
7
85998
196000061
94428
863327919
57349
2765276237
251173688
8133
79
3411821617
62873335
5
75374937
9
804926
4950007
3
56
7935
5
1396496
232061
676
48838
3301230
6
3866265
6589426366
9760856
8249067354
38447
1714
15
9
355406914
6583
4424
25
637208
12474
1
8555
14061
6303
63981918
9593702304
541562493
774612
7
34
9523208
647
5583840
453658
787
117
87808
36866
3317648
184627
537797
90209019
47130
57496963
590
3155398430
114199752
38
668421
98289150
9364259
9041395
18654993
45322
2988685
82
837510824
56815866
596110
94884180
5486499482
8
25429
17422002
69511
1274383728
5205
5041901
629740
8387
155387
4554574037
45976856
4524
1261
1823816382
73070398
29494301
847798
27390686
7
68072
6
84422029
97
51012517
3658480
266
7
9631126
2572425
988
48539
500174123
60
89670174
17
59245850
59715397
1508
61
8078
185663
38179193
5
21047
1
69
8486006594
5
46667386
882
530722
7999
6988146
6452713708
785800080
2207
841238722
242
155
47
307
8
3
610
71547460
308
1
39
3511
1687938999
4606029
2665077211
6271243594
9130709626
8783568
7
66
469153805
58636843
70885614
8379829
78495824
960
3164
4411454778
8900756414
68
4752221910
839847194
19
117892
1041
42297065
655
82
3
9
310225
6648742
847812
3057309
84
17133627
377179320
80
54
9606
4940586852
181725
830
5
946868596
85716358
2198
729735963
76478333
3688548124
411
14206
2230
94285
5094346
24348276
179599108
779228384
46
936793030
49143752
76
370054702
14593
959492
701583
642598712
64609357
91443171
6429552
759233
6211850
37424
2201
120197
77186807
35
55810
950094383
789126705
9639
7599
74846
9837905
192002
97209
25
5798
6158494
17
5667014
946828
76
487805872
827616
5698659
102780
60817142
7
675815
47586
134288012
4114
130356457
88482164
602207
328311
61032
78754
660761
90
7658
283066
856752
8
16673
282851789
6762849563
1
737498
171543
5289638285
1779569558
756864154
7144648909
90740
3
430714
89
7058038995
48064
35687
6
1885
721
65
2237
15
4923
45384
246394898
2
3281160777
2142
55742
906994
7494933270
4886
1030694164
8
694188
4798
666
4180
65362
12168
68689
9327608
47
5814
8644930
74
693436
33207
98671862
92463
904564021
98594054
79569
7684259
747985
72751
454220
667355
41174730
3597340
537894
735993
69
1263291
7
63
3561
9191367
1
315622
50527
459657
9102570770
3
818
2760
369131088
474903
447
56107
3162135849
7064233
7143827978
712173610
29064052
506275
68046
69
6626
1
5
610099
67165279
65487805
787144
173351
766823
486
980180
1446377
25087058
6717555003
201371
67885814
736
5523119303
7536856
7771
4380
487053
7955137
5
857
6503
784627
2
27577631
738
3
5780
76565749
263321
6301034581
3
798903841
121088903
84201
765
80405
14078681
870124
40358
2082
663306234
5361
4007738
66
8836642911
1864
86149
99
742716915
6
33421679
4335027797
7357
26958
49709892
569170
92573346
2801245
544
768
450105422
8
828
20
7255501103
2
387
3576
936521680
1678594564
466926
4
7081540
19731
33
7194
122077903
2058312
80
1982246
259244451
542784
7488
852025076
19039
14758
393148
93477851
4988358757
161
909
7073892
558018
4925
5497878577
43686817
4
3
51655
47744738
94974477
1417
6744291614
4594
82
17643
7769
952
624331
3317
47821
187
728137478
8001215809
7
280283318
89080282
908980
801614
7
31693
739
792
808140
6
631385178
3472207
18381118
34224729
36
754999694
51
84322528
659436
1
7436422211
8854704
23
414
54001473
479
9791
4042958793
8909082
61
1888316
497
771285607
5
824749173
859500
9699
19582064
8950
6
61
9547
84999
64239
76697
6751932
5607016362
6673398
91847
845694872
5060
4804013670
82
9478043195
8183
8189912
752
6
538981
6794
2
76
7965306401
8829
355598
7309615014
5087139
996
9118412193
48
6040
2918381824
6049328235
778435
777
3718182
5465
228094049
8400398400
197
274
3155
521
638664593
8676319
89340
6247
351
5
268885
7
2
5607814
388
8304976911
33
23891
926940
19
15523
5974
801645048
33229
12
87
1
281
3727022
5019491
938575
6678375558
9299620
796394
74
3954363
34
67737
45
5137318369
9794893
41599
189924599
7727454
4242393803
47407664
31649322
994456
7690
59471
65025563
18079136
1226095235
7163563
698374
5
6106318
9322704884
680042111
630
4957
745
8
775
587962
814362
5024129220
688
358042
8
4637612
70427
1
3345
80
387818
366
18248150
5499
592732
8300
488813
961
2
4
560
5
3028394
81862170
58386729
6752119
318
817888
58884876
723474315
76875532
6977872911
308633958
563582822
4379080
5495247
7446406
405
2555
314672
174
9880
9106
6696648438
2
711074
52357
6282
252267029
21743929
7305259209
9289555
94
9
7019355
7
100879957
1175327
236684727
7020530977
4533
882460251
93
2013
683990426
9828334911
204801
9887
29885
7183251
84750455
4
7948
3
3699
3992732375
9005549
7
63861671
129
4830527
612631
18039227
5
3067432970
79205765
962352
4616260
93071
1224
34
7
773175292
836905037
5658989641
448963651
42475
510473
913783
674597840
636
9801704
95
32337
539244
364922
52
8497111
86077
160738
30233588
435688768
2185159
1
8817923483
165249801
7
1311980
343479876
71809112
1122422064
66
2209349728
8799402807
5
6145
6
37584
6
48870
8935079
13767
42
27830770
37934
5676
234931758
185586502
79038
5696
3053911
8928644
444570
2956317355
709
1640
6904274
735
8
3
664383834
52
35
7996426
49
887371920
1
636601
7414201872
63678826
453
35318
62
16221
255706
917
6135
9697
8044
215
78336
2
3179566
9
904664
4920082403
59
5163
2
35186
152006992
6002761
50
12
2852493
67
82
6
8058607
24912470
4
710045
412
71649963
1170357
87
4
103842166
4810
7809116028
9772
8086468886
899448
75702
87660043
5767130
2949890
55856949
942432
8943
1244819
26445
950395
75342
1597
376
907243
5351974835
1186
15945673
6723240
43
6553756161
35904
1
52
3512611429
721
520447478
86
147138
585363
3
634
53314061
7
99686
37
2
5928
850943677
4380094908
4327777415
5
7525692
549
4591863
860904347
905320664
57477
90224594
927155
880875
43683157
211933626
250
24829
75953292
995
42
710168135
7500234
1221913
8438
1552878
9953706
78073
44339
8336
71
87
9
595313
237957
942432
62
6205160
57
664416543
86966876
67300480
6
928183235
931
630
836733406
509068292
60412
42060
875547735
918
2015
30394078
808055
86474
8
4100402569
512991331
236417
9481146
41336
94535
2
16377
8210
7434891168
177207
116021293
61303701
2256727
63285018
63
4775436817
13
220405
9066468
5361
7838881
44434
97
2
3
942701
37
4611324079
7
173475768
149707
986
86575
35438
660011790
937654035
1335
4005179572
4
9
824883
2220533
17
220
9424
11190
955
712601749
7939
333
785
640733033
9032819
6436162745
5
253983232
8321664785
695
185274
4304730283
281
1262
5154288746
58
35882111
83
23589
5987962
2749571
40141449
337169
6479056
9427789
51
3857551308
4
10110
3
8295256
8916470
71727013
3080565647
2416
341050
532733
127831
6934
5981
293864617
62
21
7950038
2954243
1
689547738
6337204
49695012
25
7170940246
206290
94657962
23
3439810
2968
4
533
20932504
71
3155
2145248
893031065
6631811
6740363
33258822
40336
40
20223591
520490086
5943
13025
3697958
3
4330911
586932270
4833
3284
46241536
9
260251646
31663660
679533
915728
25479601
5851030338
604646410
92852154
34725455
7940551671
9265031517
7899854102
158652
1
15
2910059158
3
84281224
16124
657340
88672298
35795
1039161
9734941027
4
31
307785519
275333
9041
287
38
1990971784
855
2798
409
814
119
391252
2449991435
48738651
3
273616
20
63602561
60
82409095
5691314
63734
308005689
8047
284847
4386
46
800175
9007638
87
449339132
76
263775
808072874
5530095903
3
376463
92022152
4
729
290
2091389
40515846
6855
9
97623397
817230556
53104
657
1004435588
307
986
9806
136541
184
9807571962
524571
3506138898
9505703
7
91
33
3974
9267481274
487691757
296
69100902
9116432720
200929756
6
99633982
3044204204
73363
54
161751986
974
387
741232128
461315
4
6073220
8
2
7
3035229
860572
6823127564
28675133
3123
5568269
3722375
3398
38560816
9
9067706340
4596004161
20805
611
73786
37683831
467852
6
65291
502
95
79
494311
297
5965700
31
496
4895
451946254
978419662
7989657
3932444
160
3
224821
733973626
4922
99435
2
4
67098
695282
229487860
688620
52
958430575
7436081
6
73
7319
568906
7566657
69828686
761575883
6229
95
6494331
40745
99
9
99922
542444
134695201
877582977
3564
6064380
921
901
224046837
88
1452013
6022182
3757567
9683098
4119241
8712814687
806287
1436635017
374
13876494
1653434520
9
523289662
9109991690
4836659074
337742226
11509
80056953
71798
39
93946
790351610
3
725729543
1997815923
2
72999
4420
424337
393047
40
362019
14327377
234
1
59
492438424
69
32020167
844971
183251056
46186
6308091235
3751849
99
49491
57529
638307876
1891948964
6739902
41
438349
6
11637529
8913
273
32
58480366
22
222
34
8
513
45561948
6
5
6741843
401891411
8369967
9238110180
7029
1077947389
662543538
6766189
97
3400700
13
7982756
86
270
1215371077
4
41
212232
9948649724
2439
6175882302
251557
4328
8717672
532030253
58529190
167
88
55408963
330750192
79134888
7
2578602
883
1877377
27838182
5628
63
60911
1426
9631
169721
97
26504
2192302324
570
91412365
536453871
6
54892
4850729797
12818965
59880521
11771
4
31
795043825
36907077
360487
3
326
107757
240117
36
193
7453
3854034
6
964908078
145
8286898
896
17168585
935521265
4803316591
73327
764
7822947
8718157781
6
61
6649869
2681
1390067914
7
373770
97205165
381601
8856
64850562
4
18
6554664919
136839493
113434
50612466
690428
69995770
245
364
7
723597
5
9
6020254260
29626
4878955072
3691
9961899905
387
40091110
4062016
6502595979
916328
6232
78
322887257
599
5952627173
55515976
5796514950
84041922
79698556
47
9331375
66424
578556
4
46289
8300112896
77073476
9
7
7
233418323
90100
42379
59
602379835
4
114
559092121
8451936407
50
1046
477
38226
1382024
116455
183215
87797230
8312933573
7622937
2955
34
6047917515
29420845
60717
547435206
46256860
52472
5533490018
16
3
11521
1437257928
23
31033
7018171
39505
23688
54378
5760285427
632
4
3997679211
1248067331
27203
7462442
850262854
27443
826021938
8245495080
973284
22562
121
5458
31424
130
272617
32275
15416138
113036488
73
2426
9689
97211
71143711
8
811497
39281
495
766273916
16861
64
15901416
74
8420503
15
6153614
15234980
1456084344
719376104
2190
6694
6
7350394381
335552
8698069
38650286
2
3220
84
9
497631
5
837
7104341713
693556
663477033
199
544565
658455
32
1
9537634
8023
9580
6
69748
915611956
1880872444
29159
791389303
537218243
90046941
355433085
667846136
6365
3539
4958074
7854416654
851800581
750303547
9711
750445880
85905381
983150
3457761
45560333
6830004707
311
44507514
7652466
376
5
8255952598
8526
93061262
51612
864465
394724832
110162
273865968
5388
937582
71393
954088437
39958
211620
3749208418
266025
78172548
896
4375
161190
453
38046827
985326910
99392
455
4956986
333
416628
41997032
3673151987
831
38784
6
71704
435
7
621
476553810
521800785
54
8982055
93349
756065785
953545
9400158
265514266
3643556272
127550644
64
98112
5152603742
364
5792583
9859743824
4427
822253624
5
9920264792
503444
8916332
986
670928
45997279
282
782321877
291739067
4452031863
573578
7
3356
26670
21
79
42
3
789
93216653
6282841827
2
1130066380
44220
7
6045094570
7936093548
72
41832
78703
8047
7
59484104
28481
62828964
8923053
11236956
15
7
9
993732
214589
93133187
2197
23
833929
93154120
69
338496
60151
417258552
3035864430
73609194
51
15228357
4264925
716565358
899
457358788
668704
679
154768468
828
72732
4337903324
68051205
65
6035
873
4609
2609
48646607
78028
21900
4232553952
93699
859
53761
1078
8282036
13226478
521287688
6732868147
5
442076962
80
413
3119331
371005623
2
756323
595353649
57
7782
2270961522
56546154
5064312
5688420435
88306
4315727607
46524
28736
24358
4371398
9
2981386124
87973
537844
3
83848
91900
982382683
2887689186
1898015
3337902
49
9919314260
719946098
594976387
607388
7337013
1842747140
6895179641
44
11871
4117
77
2227381390
77039642
411065746
4116002
6930417245
8
8
4
8150880388
536391
66092067
55542353
4838605
1
552358366
7
1083
69784
7945474
46591
939828
249729974
2714111
1225070
199695058
23077
783166335
9170206227
47
28000164
705
3527
15668691
273
6753635
2874
4391950051
58
7
71
947016
9717661
8
2036166735
8
74225392
3369572
7352980777
6498343
1
206494738
8
218167
6
83867708
92970475
806678543
66218768
230932664
5
321
85999335
489447
6491412388
295
6858
94855
66
380498
9
459160
47942025
17
460548
59394758
3561398177
99021
72306
98512329
219783662
9
1
9
6251966
744
708943
25
3
361
7608
417196153
21173
471615
34
2
93953
4
4342648
975405595
286943
38
5
170365
56193960
1682
2
2353072414
252103
39018
28
9
797629172
8405926306
71125
584807794
268736227
110715
4045486715
3
10965056
9638872981
40837757
22
547169
153281138
731
5113600
43674
7947684
3208739485
874652
854
276
2
5268356
36399
41827
5339
8
1
719880074
20620743
38509
507
20428
18821890
2092
9
966
4926
2
150881
23259
79043
509
1
1975974336
6
9537984953
1943249364
450759
1831312311
4844698527
1746938
745569138
87328
85
97799228
9
86659
6
19062
98885
4823750
8583
956
785
175
321103
93244600
99
724977181
8511579092
6490221
48602
78335538
62629
68852
6442
6
65
3936148954
229
579942
3681301
71
954886055
64
472734
34
5240146838
9514139
61086587
59
8901
936051736
2
154
967
9942594442
560761
2910
7250
72262599
4584205
5001
6075506083
5738358788
892585624
43927
303118547
15
7
28
3241266
44580
20508238
9541260
2
13055512
905
11977
499
993
4
316
8220
4236585528
5
9027
2454
8356350
238993
3
42
2085
4
39739
512437
9919
656214228
88678500
955
287643
632102
890021156
2
2
95352
81
2336420
2487099
2990
11629818
780866
961906
346947
4270540
425
71383
2264865
14585511
85137
3660124020
246
17577516
812194352
9290088709
716244302
352579061
1
404618
2342
736442
75869
2599
84671
5469032273
2393530670
81702
79
13902
7374363
752
5381777411
596862491
69456
6634647
5
8810
546919
9837841911
8743880294
56
4
47062
26586631
3263551
46157
6967990576
4318902126
2592432997
2074
7083959807
267785
745096
777352
435732
902601
98729
1
4453
99450
628
1901508862
289
642310
8380550
97
333921759
336
8501699
358061
7542691602
690
9
4041596
550
80461
9658941675
309600
11
32
31209125
553
211630630
85740
2111930646
981319
679
9
37
4
80745
458
503149750
126391660
5
4034493
88090
72404545
57983
9
8282
8494
99590743
274
5745296
3
52
50840
42327
742
1208623170
13712575
2682607
81310251
1259696
2
241051
15679
741
3045442
27550854
4886830302
5733
5273939569
474544441
3849787256
1
2398405
3101756323
8038652337
406651
1461
790001
489240
644
307435
4143202
7060303
46125877
906412
6667827722
914580925
6
1389711633
4721
99
37679
8614664
2972
5429
242
48515346
9491
3254
35502
96368
8099
629161
17869010
714
1738673
386570
1716014
53476
7206884293
8826512
8
35
2127497338
599
99711150
42092716
719
14077115
1
51
17441
66696
4929229
99321
95
8
5622
4053
889588
3263
15215
5
69907
81
6142791
80191
8086
1581499805
219877890
4622587116
647683
47740909
8836726
79
77208
6
3882
8583014158
821
1514706
4
735001647
3
5391212900
10
8968045598
601106
4
4887702150
273682520
3737926
8043861
44117
5379
4
370098231
48
679810281
418
76591
9259510
5
1939774115
9602841
67098163
645243
902855011
4499
4012109907
14
919
259700188
4493428
358758
606
720887
9967398
59856759
15458906
1217673
363
93814
513
30034
59861
6
97
3484460722
5224829
8345896
85
65217449
6611412
2
282394904
8467
8470407093
734828556
89
80869171
402
9
5
4
1175
6
6765492297
1219309322
542983
14
296276509
2954282725
558634057
9
37
2237862
1
5223
9044025162
446657446
5577
42048496
91
75
65
20772806
96104
8502417406
32969
977852383
300
806780282
823
87
15721524
60413000
7874
3917
580706
136111
204760508
35073994
7
26481333
37310176
8
56
45309279
664
751480
37920896
52164
4690
927499812
2810574
7150791
1071
4462167884
7590915799
4843
328401089
438447
3
4174172
579
2658838
9797323
2537032
34
6220612
85
24433863
3
75
26370
32618923
19
58
7650944470
5282
2
961
20
86366
96379260
3584790
666
518
111
3008097
93286
2958456
6
63
95
2
37207298
7514750
882154
697790
48235
5307003
7
8695165
1267362
956104
2119
85
3759831
2678803628
173087600
40955
2591
45056112
66712011
6977909004
534806
21611181
2017
401014385
6
1530445211
87032
85126892
7956781019
35724
554964941
2
58071610
37842
920086
557305
6772563042
28465218
3614591
7
9635729
8333296536
723572968
973
201
64
1500528020
144
2345350
6
6
19
7722703488
45018
3525
93479775
48680920
2122590479
4225970
973574
72
1
285
5
8795346032
360
1
7
34
25
126
7707358326
94498
996
10
847
378
6465209
3537592433
2
407647
67
4205097437
4727594
272068002
8574638
3608113170
9685612
293
430156330
4
959827542
58404
5428
343
74
162
3755
63107
51
3
6
80
35721256
92
4030049147
1
6272993140
408
60637319
8839
3771
666824
9229
947236314
661
19485185
145905093
5754332100
857361
76
4341785002
4
49
8112843
267152
96219355
84
4
3189
7085561010
24
58
30106118
9504857
26933
876077
4564
23
1
604794
114
556816
28092
665
73
38
986154662
2227
9
742898984
34506
2
19224
435
695091
691183
522247
270964032
1921430637
1972052
9
2
9090
9997042
558
7006192724
1
1807
938
152
648663
286401
15988
9
723121145
1972287855
92912
9902371
80330
7196068
658
95046044
16580
6310
525277149
7
6670
12575
1
8289071
92012
29
756742513
6341
34946
45998830
222129053
543694
368257257
58
88158
13452
21330432
316
1436
5477
3184873360
1414
4
5056570184
7645427
3410
3804567
31
236449
65662
80941
899502
3
5
51282
34914572
2918
27986
92743
352795102
4
680975
5596
749
55
644077875
8556143837
1373117842
4
15587
654
277167864
84225759
91430
683
862
542401
584717164
673460649
79
554987
287024229
329175
70
337665302
716
517224
65
399168705
17
292
4651335
694
89932
26612
20233
175644
7
913
26608
8
971
702
1530
28
71
95077
311255
48
3
71275
16689
8400
625
876
283
60443
24483063
5
52602
7957
42834
2667851
887440534
6130073
138049
240033016
95
66
9170
26
36350
4141461884
165232
6029241
66828179
5511
12
2953
964395505
2030
6537039569
41158
1362614
855917143
79995
357
721747072
7931
2
41041
3760
6
550
703
6851015
39298348
9
304335
666217660
7565
53447989
858178322
968853
345
3051
4
10
6216786
933891
1
1980232036
6
907
589496471
4486
117
9780
6
771251494
9524393724
28975007
2292726030
81763282
858
220
58
1828
86
98223
21481
699
596713864
3902815612
4
11
7376
22717453
4
974
25
6355
53339124
4794
42
20
3
52843050
56227534
6706141447
6923757772
176
33163293
1592400
415752786
95
72776
383
989131
5412971138
7160849
908
2362139809
148519399
57513
846
85537288
4
68
92
46
541048739
89759
27051836
9566771
467230
2120896
4811925
6086
3668771177
59
758
4197
32
14018
1797
9161004
19744
7
667488
337
957759
6155530
24318
753219737
931544607
383194673
2344
9710097
739
81
85816033
5406
8507342
812591831
3068
9
49209279
1
155197769
54079
2
343126249
64486722
4664812611
46
81152
41817
64747129
219444
7
1775
1944
673759816
9383320803
1
55023187
44708
64427
8028251085
5505
144
1020
61
45502408
9
89
5376
476616707
9611
97293619
750951006
46913070
50074356
5
69
20026
679
9921
18258
4091680959
2641
990241
3421
7952
78
8528845
9
3837555633
234540
688379506
34603
895386
57
40902
96
71506
26388
2840783
69460
98656956
94
64130656
66
934932181
775
2389480132
787
415
4149090
98678
613
491454
5234
8
77
779
9571
299
4952
200
606
202742
68107937
79063
456
748347080
13890
5250994
604930884
9520
888
5275040837
38024
799456845
4
3250
73196857
4284367
3719
13
4
9674238
45504
7
951231
4
978311073
2472309
4087832096
8
685
8565730978
3
22621583
1785
80158
71
7
303
3720548961
40132081
4
5393
7930366219
1476620
36
1716406
9017500
98
2936679
775
280
9004622
256901003
2
7
817
16633543
708590
2674145
39946540
90982285
90365150
5784848093
6
458
44
35639667
8298280946
36
73
2613500
19724917
336162
51571
65811
1031481
94258
83
2328
11039
65479083
25864279
9269453
5527574589
40
3472042
2635317
394364873
10799836
726
17115
2006876711
938092960
576
12392
899
7221750
8931
931782
544074577
9
479
971578
640549
11929492
65
1644094
937
4747
92956
2176837474
1990
54483
318579
8
2
82
4730
1811
606
827213
5873739
901
4255915
4501385632
7
842264866
96
80
75161146
57976139
8
972416
409444650
78981
6906
92960842
8014021
77
6
6322
71
734042202
47
240353
29392839
89
74
7617998
2408
25
1964439
5098179
16799
74053
40377
196
19
1474784
897
82878732
26306925
59
56252
9578263064
581053065
6480
837196
302855
33997
9468457719
871622951
477004
2
5
4
597069468
7
4
90650
1549708893
7913317945
187
879
69012
490
1502
84573873
7377916
86
93
440876547
1
39
4465
468563
143585
74126059
9126678
603360
9243
44
110358
8169637
8628915
803871836
48409467
62
78490
697144
8
8212
6
9417427
5116460
980
35
19
67
52
708524
849607
2761257
93167506
50
5121837753
50
7212
154
66269
4
1178
33
1111085
80442
729
9758328543
51260
6
40
9
509289
8988611
642593
5140225106
90
435
40682983
7829745
4279352
6095
823607466
7376
2
62
8919
4
2148555
7888
3744247740
202478
45036443
173439
44433
117703339
70851077
3112230
995931
88665354
5505
52
941254404
80912791
5
35
513
62844
375254
596
2033924
362134
967
28
5073
169673
9
196890
59
8677
30
226
8174
8365319
102127532
3378
3367
87485
2388
245791853
268
95746
9
3734988531
71
3
79074743
162852
8
400724329
64
874168035
12875924
359559516
40520
53908
18943415
9616
8036666479
60945523
2
5
834183416
3
525
53
38069380
4961173
50968439
5654526
9389976
73162550
5518586
773424
36520041
44
3254823898
94080731
51228
3078
303038236
789501148
46
3065608
9
8
53290
5977095
2028967742
6938172672
91
6289
504
867
742821
5
1331
49589
6
410
1
73
8
7072989
45121
44420409
848
16114
142223587
431441378
105929
3880
5963905
905
9737714936
926797925
31997
582
879776
979950
2572892
6995705858
44093
865816784
50
1
3106117
1
5358302971
21079
360152880
754751
50629590
1417382010
15
8103545474
80
7209
48103772
9266299865
168513
743681
764983880
4126879
52618626
69
413193
6
344879
20
570679277
97800
150706147
84402094
14
54231
43
3503842665
16645
1
6133
9563989
9483
946
1260
4388969116
21
6
242805611
96269165
2757299396
4790
65917
7
1952
46
68
139512127
869718390
9385
36873
881
4760893961
96250
1491743900
924807
1251170639
596
995300916
7
21787
233258
420
358319431
69
849661
25012704
87
3831
982222545
899080108
67
51526343
57
73937862
2018863409
2276968
660
840
8659170429
5
90897
878
49
38627722
10367
807
587245767
74
43443
1988
4528981095
1487145066
384697013
7
558
39
87
6
922152354
391104626
172
225247930
34
22
47
243
96
84374
907624751
59
537012827
8030191
62
901871
904
4227
9
95348192
4
299703
2773277
27904
656
3
2
13
2073435
900077
29149905
9282718493
89021558
533049
6794
7901807
1900
323311076
866623
80819
18871
2
4784275
9
259956
38030426
31544331
7175800
309755
397667759
23
54868
1003
7568
210195
96132
421669544
74660
614049
1973
2
56
9734
941014489
58
991711263
462
6340864659
32
9
97423934
6
780598
85094
78035
6785
9
4734
23
33620
848
71179
179
7900074
6
47
83
764
5487
37047
63548325
8978142110
7606
9672262
3029
9045840055
9998595217
57
335
45
8
8458545
2061976196
729553941
4
35435
2063005182
62865951
451887544
722057
7
87
6002032587
982
804338
77139931
3641990591
2467
9515
3543770
910
3
4972884
337318
578081
13
2267802
2024095
34229730
3249270638
43431
7153
40049
42395
721
3110952583
257
36113873
709
115
8640363473
699861
28
380
908750
4108723
5431930079
770260
3708073706
102378
692
175006
30342
737808
5606974
84420050
33
174025848
645245
91136
516
5529925
49993
460553
74683
38806
1745
994
953
70307579
118337
6788045432
7619
59569296
33443837
2
645419
11
524302
11057387
6
1
34
15738391
143170472
1337
7527660839
569
741
8145635
467487
38056974
77
3160631960
162
370
55
6849076031
748
6
592878157
5830030
83983
9
8339
70
680325
31288
7
49197985
2
1011
664220633
96948628
272
27960305
2
71590859
41
4659546
4849596536
24
3
42
689
7813
60
8458149
706
1842970
1
26
158873
2108057
2
107
90941
9
7829
6439541120
7099242
390824007
306166609
43727
741
72008587
1
9168186
3175463
987784
8552754
5201
92633
90
48643
5624
228081948
92391327
13241770
75
9507996
7
2684937
1
11958
34
8
612
90506
665302204
70297
3756588553
1087
94995120
32
7752431517
26
50657
5294496
9307646576
41168371
5
4325297646
1311
116522819
7434
1558
628
896858631
36
761526
67233797
70469
99
186122
4396546
27850
1792
88905
267536
9580127896
82287833
2113709007
7826249473
4634289
4
7827
7643
6
59142
9
400892
958031267
3648
77
5578434874
873472150
3397923630
8
780
287
92
6171
8227931454
2799714
98104
571
4739
2077822641
661610404
97933
7229
61717
383
1152
8080499247
95934
668558
10
49
5
3908913
23677
5096997454
1027
736895972
80587
71380724
786971
98167
835791611
9
1
236175
58
2357
6353
449371
8207
2418687
263
51212
41
2584807220
2379942
5870
49901
50913775
9
981
7023156257
59512
1061186676
6
44102
8216
726
338475
35889
6
1
624783
8875
55800
5
576400030
99640
531253
273356597
786
798374993
718686906
5
9843
7479036
930449
61946336
248
26993
5515198
14641
7758320
715
787
8
634369
7075556
7765
824024462
7159
96181
2786
3370
5688140023
38
275
102837693
7654507
85
572
172152
7451
191503
90519739
12180416
499389987
955108309
4731803
634192
93806
905052
44
6376296575
1464689
27
48536285
6525
7
2
47757811
96
71
9794
3254446
25270
91338
2869
12336403
7364447911
46
3000
83
42573
74698
147923
595210
8023
3
6
70
489
60735003
65492926
39
941
146264
288733700
357531752
350895
62678255
1132
3634622520
82
21419713
505
20035
9800
3693874036
4
712666
8
3831413
244
81166
6638126
69
3915818056
4
704187951
62145152
8338
74473
71410721
6895827732
24555453
922183504
1753002691
6
36002
1
708310
5006068
6
149
6975990
6
4000201371
9928475552
486
588
895
689548576
309109
60556827
7121
5387678
57122
33984
469989105
7
32
5602
892746
3520
985327668
669525
305
13719
9
73612
87987378
56
7833541
8475
8
60835
33
5721326
684611179
9261159
2986812
719045
517
335080364
4697000
611156
54392
532939226
189227728
52
70
30
5
70
89395
8133
873370
9
7
96552
9113626
436150
4830
392546437
40175829
236460
52
81
1969579
68
2
9141
85254380
7082882
45129
4
335
3685466
651377047
31937952
45038321
62329
63426
55752999
4
3467139072
7
837
39631
475436
811194
90
1951556
6823080
576317576
91541
350
243998
7
5
32524
547795
9885622
8879949545
260
50
3365132
591063
84
74580891
8
510724
769
7
554666260
910
4504
81535
28010
371522039
78847752
5194
9
73862440
1
535713105
82833046
2612287
3
98658388
489437
480
520288173
29635495
624
2996
660429367
760519
96805
29
2220
122359850
81
8029
8537440
3250
173520
837
93801122
99700990
6679
40843
862904
9
9
5
869830
3277821777
34853731
7212117931
7539515964
724
25093205
389
9426563
24
7957706623
9439964
39
9039720
236656
2361511001
8
7515902085
804356
3
349068759
87210
17466
48
46925
8
8
962294812
3106179
5358944935
31984
3
76
836285199
889
875473
915454
329444374
97
94159
28
92575900
10348
52286
93
178224
453
70652
9842204
5
892
88367036
421829102
52
675
36
2
9
311935919
11354
310
580778796
458619
1098474038
191740
406
617
401121045
3
654391505
860924572
12
969402535
851139296
60270440
1
311
235769
398
45868
91110473
5033074683
17989
3
6677617
2
27531
4176771
4
5724767124
818
448
23
780488658
43
257097185
89
94
7341167
4
766
1219468
1
3974
77
3414597
1779237529
87
5882792
5101
700684
8963509528
6294
93363314
42880
929
7532840
646723676
4330682
409834454
482046
166
872097
6848994
13
667047
312818
4
6644
7455910
38936632
967896
941762311
1430
5970573434
185
87209
9546875572
673635
2895277815
1
36
647
78
96225283
391392
449
2
14
419565503
9009423293
577579
615309
670092
892
5314186650
7
290
115
72981393
2198337619
365808149
7559893
48
6864600349
959
6529334373
170637
1
933
9152
755993
55
6911235
995
2679949239
1169089825
99
54
8471
7251928
3350331148
5697398469
6
553157
331188
7
51266119
674418
664246
6914
8939810091
34618
92
2929
80842089
17591249
309
2958377040
71122
5062
5426671971
211150
27224
39526636
87561
9235
893168950
95011953
7344
873247938
412
266
71842
743458
465
470
1
477
696618776
6820258
84857612
3
557055
561248572
9
500434
8227
245
705924247
9
77293919
6
2070175515
6800961
40989268
1333651
448391
910
217912852
2341685564
631
58966
6994488043
8207955
887703
77
9289766574
748078867
68
2921975061
70
132348
982270
247439
251437
24503549
95169870
72323
1295085572
7
4979095
1777732
8813
8482078051
6232763164
72827770
88439786
9494258588
44685576
5734538
58357919
963190
514262
6921538218
47
92994471
7059
6157919070
62409491
1
703203
801763302
6858
3593655
4086207871
4202775
898
15170
142
9157412207
80983383
8311616549
635699091
5642
571747989
7801993
4835054607
8915922
4161448371
31925
39
73
674437206
8
9261976260
7579401138
944824005
54
4046
88375
89
932473
8
38138542
60036
7014
89974
9771034
9859345
60915
603
667006
404619740
34
65718640
7769429821
164394
582944291
11385
454501
8853606190
696245
785211
157457930
36
3
303594569
3
62435844
463825
69179
69781926
684
6127810707
820420829
3211074
60234
2
32737
380664
303402
97417
959924356
5752693
43
8759369
28858
96814
19
4585347
1
6754
69866701
78220
7468917527
4
4
97
58205008
2003066
560370
18126
3072133773
31412352
73
4457484
1320
4014
84783693
8469
1438
214879353
71
4
636
9054241243
833812
4567222636
845
592008
9
315
96344211
975
71
778392597
141
819516
87152690
9353
21935984
83168
1184
8627641
82575926
4
497
125689810
24332188
7
502543462
81293
4667060
9909200
378898
436932
6173189280
9286316
60468054
966161142
8
4478425
6322
57170591
2565
26
551
900316048
6613646
14257
43743
14139
915955500
2829513
26624
62
2
7098
32415870
4980810
80
4856726682
8950250413
7
63267033
65565
343866
55587
26395
3512
86949
7476248
67962
4895
8467727
57461357
9
885814
444
50455
21310647
729062
1886
5151270
488766
7799066632
166668184
3717521234
40214067
5
5
4890397419
4
589601
718647
853009950
5081
9417
5332
1994450
2234916505
6932
1531239602
313871372
5905
241610
157615
12278199
55167
7
50786747
5423754
367914
4
799
681315493
769685
81304
99
79950
965623
7
309920015
4225952
18152385
146
55168
167361
4850222
249399891
9083
2613
944
13
9912289923
99
89
368
4159
25176095
186884
147299826
9
6389
91574
4355382063
21452850
7724189354
716780
7213
86245363
93129767
543451628
863
563
92
6907214752
9
957324
57
8185744
2275
7
8783
478
38
6
15109
272
15335
734
814892
364481996
652969846
768
5920419203
3
491
25
6867
46308218
7190787
6165890718
7114205
9114451120
960930
2229688357
982827
7770
4716000
6730191
5
381
595
92
79499
2862164878
2
1
9970212693
5820520
917
4190314692
9477151
3115525
244258042
217902
707
33935
4
7028
71
1953817738
680
87817
203103476
152108987
16099
844099516
92035515
9071133545
7730
5039781
47202
12
912469
5504150
298836453
7823610
218559860
871
39
363681187
6529634747
34591
362955
37
47
65344212
652210
146
9250498
5
814
837998
9450
211
3337
5488421908
9
3
4137880177
94841
690956211
72
5650
8440
12227551
279806
789417
9876960511
65838
209273
5913025
7745617979
7381518
130
69095668
8679
9840111
3166
41167
55977
93
78292
4785
360771
31438
44229591
42975
95077417
56628
508579
8426
726596770
95768
36413248
6207716
633798
89
926158233
90036
27947
3147834415
91
67927451
957242951
6752785869
973426617
715
381464367
961268054
698
205498
8194
9297989
23690445
4109788190
5060
6
54816
790182
869
94137193
701215
7
3751874
9444739
930738123
81040460
3
5
342
27
477822
5042081365
874
86308
946721322
2098
1047705539
963239439
4
99539
6
96500
25118
82186
300061
123547944
89789
66491449
2684015867
70
27804
34465
4618
67065615
701
3
7188620
410551907
199780
928478915
213
49283
164221
71604
716
84776110
1200
242797
491
52
937
7129348308
832
34862
4786468035
279239
263723792
12
7564948160
897839199
4495
70458
2
366148095
2258027
928308
18735
174180898
5
843617
37
59050
18725409
64130860
4515
47
7833
8
72065733
3721640
3
8983
2
11728508
10052
5
311554101
400274
32
78374
425
38
14498
7315997
93850
942298
2206817
140941
30376257
8233739
278748700
4291
965532228
36823122
3746
7
34381
8942
43
60213993
56470
3949
27372472
1
23522162
209
471
787
941
58622
8411185
6125282
648067419
89026
736993
18752515
32501
728
5103378889
6208
93914330
78564979
18397961
834208538
5
80231
7
796705835
419
37
3278
643043045
870258
295
9829254
6393692
412789
913052
4295
212028
1107911096
8966616740
4
202911255
6839
574078
12897920
6303343495
73872
409327329
47
61908955
229386254
332441389
29914
91597
68996900
48735
90
3904177577
9
79
3
4064
4912895945
46335
4484630817
5419
4644387541
549990
599921
69
5342638
2438006467
7698890541
124472215
63756
4989
834205
6
8921
26957612
32
1924875
817
262
6750603526
2
9072
53
5
698416
317
33
7518345799
2384
38
80
826559989
10
394
2434142
8544915
382
382512
24555
67851
2
77
71960
877288800
3561789204
91428
554
971722671
43484322
73
82126
5694824243
65708783
99
71861
11457
73098
845833
7247358
85169
664
20
211782
38831
973841466
19722
44717
625619707
613903690
94324353
9
503034
13496503
93
2
9917536
7
918472809
632
6
4715
2
41382
7379
90497055
7973
7310
7
571
626262170
571661938
1799627
82929
850
2946983707
7228
120
92
3
29256
748220485
126930
950188
5571
439418201
6554
27972
129
175235
8924560
5683864
4
9
174792902
44038820
8734039
1550
977731709
558455
860
7407023051
2
6719584
4
3969842570
6
262036
708025209
9620141
90616
39
36907
967
475343
329876
17381
145
4259435627
346
61601
924812913
835642838
79746
35
41775555
6858593276
84820186
9
74
458763
6300223
2
973203
57022
9898
15
956838807
69139
5713404
37146
943616331
95
9031
387
69837168
22
11
5823708494
759506
534
10188
523495019
5449927
1342693
5841939
79
387301781
41
111
64
3192682
16386
6676957
649
5749344165
11373163
7581588106
245840
821
3241434
77492811
36247745
1270563
6288
50284
17638978
90524
17
371698
343170159
6963333157
3
81555
90972887
95413103
269683093
452016284
66
8105
642650526
3826377
199095
19331
506170
2
54
9072
6523163869
2456762
9720158
56922136
4369127
35863
1
10160796
452
53965
224448
62570453
777
640435
66061927
22482
1958394102
221
661743
1
31767
5668962
3741162525
9923832800
5213203
8820
812746359
5691899478
357415300
883010924
6846
7986413216
863
9
49474754
57
4
5941103645
2339035
7
270037326
8767012978
1036965512
6963
533354
9400330742
617
59065700
730750898
1954284059
213480
5226090
1606
76
8435
90099048
807142
521270566
71
85511
878
5111
769837
31875
38
388439
88726552
282102754
74553093
292002345
23539
20318
89015
1779028
6245
6337015130
720899114
21
619
60
9115
78
7875731
12
9107
206861
36
576
431
687931
6
1148617408
3774974
81173
1490079290
72
1810745300
77183
14
981451117
233
84
123984
8809
8929186104
4506582
251891924
7982531
73073
5247619
2028406
4336
3288532
5416328
192043557
264617
96894993
87
228096
54000
28349996
97
998525311
8
190333
8163951067
7130523986
1355545
499
74263588
37795
155063856
64209
258079473
820
8880245
391697300
66
5126
701321773
936883
269912169
6471351746
5632173
9259
8931083608
1
806
603
8830978808
15153
7384613253
467
4348
4307692351
48311
1487832249
1966
265828378
73782598
44831399
660163
8720
4135097238
495924
961291
2093
976111
6508
5125668
6181
506
37941275
997
4581387
79964
998444
85085
34
448
1033353
9642834
70
4822
6
8811
270403336
2702179
40390
2336813947
216
2753508
42112911
974203177
82
4
627530
6122
10451
7974
3
43390681
396998091
3081610111
29645
12857641
698375
55920152
733939
1085760
21
9
4172231
6
138
30500974
726
559
3967366
17
4631
4
46783209
330
134521373
96
42
643776
8850227004
9945
346533922
153377657
7793
847
4294997
27
647010
941791809
966589594
25
6
2
939562552
98
856
2
62
68483
3
83506023
3075656
3267764
2935
6254
556
379316
6385594774
774
675695
8167090
919470072
805569296
521
8
817
240844
5
472
5562726495
5185
446977
13
6609598
57151
190681001
3
60304037
30
119
3092
317869
3937
3694343642
2787
70591716
9
9
918610598
3926740
107701
2847552
3514
2
124335909
984
83
567402572
42583
6900250
10
6
90
17432
413
4242
1950450
394529937
829
9198822
4597648965
969186580
605447
2
521
733469507
1460530
42404534
81320
8126
96
6504099687
756
9209
23093
66133590
534
2815
93486
3
416126
4587317703
38627
1721
421
7
855940931
6971
2852971729
5760613
3
6960814
8271527
11113
5
89
41741838
3443
4295
473909030
993
924612
5543
29716078
4
7412457589
618004
18
22
82041
13566566
516
154945
414
85369465
56
3239
346
55679
1639
5520
68586632
104309
50228
130
595
47292918
1697
373012832
1
6
653034434
542828
16675585
714
303097391
2596926
2892457513
1446
43
97
7008225
81799054
30726
909
941329
5897193
12
90455982
8111297936
944387489
7291306
13779
25
8671418004
9706008
7310252
78
42676311
507577
32205200
61
9
5677387224
3
296
187669
3298851
8826607695
310
19549
251258824
493818891
2525867
45988497
35
218534057
62616
4
781358
706877
9618751561
796976760
2888049
27911196
98
980589
721625
85261
3523157
8712
16
7258699
83299530
9999553
8115138766
782075102
6541119
874330
6361282071
261910049
875032120
16
17
68482
7994
847
34400
3913351
771
1
649638
846098209
70
99
75
7402237834
489
847137619
94811
92275909
172277
58867
78095572
1607
22792423
43334543
21351
89949658
7
9388790
90
7756
2262674038
3280441812
7565436
459467
483150
8
7083
78414469
3253559503
5709
44925
1323241
327367414
56
899
124
52
91551546
23597
82
9278095453
89512
31584757
802336393
998
5880224
86
335911843
84
553
246
671075
812
160981
4875385567
294980250
6
283019
3039799658
526211
1877860106
483002
72
193103517
7
83
42720
75113422
35603
70
68
403104092
8516
323829
6754606
766199710
27
3013512100
8153680373
3807503779
244
8720375772
278333794
869930301
5158632
9685
8481085
290968
7316958
8
623865676
5497531020
4845117
67
22129032
7461
9635193947
6818427096
3805888
6
30374
987858332
302320
9983
1638840
837388
9870595267
2117784
2218107205
685221866
565156
4578934708
81
202
5320
25263792
9
75822660
2319
3
812966
1
52
571
7749203889
94891957
27336776
3187938802
50
896499061
7
26661
97557660
40
8947030674
761861312
76882017
316
8787
2551
184335537
9
1
55366289
126782555
452990
933320559
6237221502
5
2859
654
7675010
5158069
74397887
1
36
9992
729
9601317
8141804
5840
4195507181
9610734
23466
998684
3
54
2075905934
74373352
8
4455574
5204906
7298657425
12288
71972
2
6930845
8716
92854
448170144
7
646973199
226108
6
55872
2057
58
4
7151205
865508
49
4637
8197
471
2516041
98403
5
8049325678
61704
35
7700565936
6
8252078
97384
71
23935
812533
57201
736087
4702631
2387879208
28878830
158021054
4
41
87700
48
4
906
502661423
3714
4
33368
4561390
61568
24233015
7
20460064
94
5665443
4
96720039
13839751
1215
7
384545292
471851
3082
944175245
613
1
52417104
3566
98477
38894652
72532679
9
263082177
5283
7553
4
8022336079
26043813
2
3
72
28
2068128
9573218
881291
2032
9459499
3642314
737
2302261
3739
7450881
84686850
12688719
169
9641451372
36
894615
1
79
5020698
82022
47
1856706
273844384
2799881459
4651
9152510599
10432974
7
7712
15534
27394
543
60
3319052
844972006
4321
871799
42521
69580
67439841
6
285889
611894553
147
41375
25679
976040
269182666
513
82721981
1986265
5
1598649
990365
23765594
2
2041212
36034
7299283890
70085
76636340
8073144
8053
3
62494431
1678931292
83073142
37722124
570589
6711609042
277911672
3
8485742
273747012
7404336625
876843488
594586
95
2906
98198071
409214656
93368
8663
2256
6073108694
790
54859350
7
7879684
91
1492316
55624050
4048
1788
7717
18758732
71848
62
666804
6925773189
227127
987
434321
1815
135955034
739206984
512293
911282
3
588476
33738
4694763
276102
70783917
9391975502
77
908290
73884947
6219321203
2324105
41
4172
15876
8
94983
7279390302
6152
540295
5089253
9903870617
6126875701
89940065
475944
3209816
74
1689332
39
29
4363376160
610362
96869822
52944196
91
173
15
36123373
29
24686
148946
352741508
72
5899
543906
890421187
4829
7579261
854448
386999
87744
277243
1533
9726203
14
7896013522
655239235
855520
8045865449
785536065
569
347646
549
46370930
158886062
7
10573675
936016
9
733373
783178
3522556
1243110161
19
5757897
64849
756233
22695860
179
8716418
134153427
1469374211
634
98
8
948845453
90
4516995077
54
9
712507
244717
996
1957415417
6562
3
79090568
3
131
9394941
3491
2
3615
856682868
72205
63
621769
486911729
9008165414
183469389
9935729124
775885967
848317155
17
67190
7934635
42349
43320
63
1549057898
9621551694
877
48
40830
4964073082
4650818
6342
1448714915
867
83673636
128067
202336
682324127
331414772
5674
5
86341
6223576
25307
5408352508
1
28
8
1889
823051843
109430
352797
549994
6160172079
46702
8397164086
183
935114643
5196
8356933
425
27778341
2748186830
98
11265686
118748
73
5
105021
7581726
88882
18
31
3017158479
364683
6586
333524279
98476609
9626209
68653
111536
93350
379
8368841879
25
41768
453696326
8939451086
784652
330
25668298
384403296
748
848
80790904
1844631137
238
8
62374267
8253248
843420
157778
6
707246
3980123
157850725
14365
79
8451717
18564
4206384476
98
66463
30070
41
40846138
8287
6724458
47269880
1458453538
1858236866
232
8
95536
1242
444
5601406
73229
308919237
15526650
819026884
362034591
7626
114582
5258033895
424
92305
4732
912927
365584280
529907
7459
80486854
972
4902319684
1847938
6374926730
7913135335
9
9
40697960
4960163899
3268
621264095
9885
307129
8279245669
4529247121
7
27139413
2760502
705748
22209048
165434136
13408
46546
87
39530
26339
9570032729
1089771950
32427
24
8
87
9711
9890
26
6478735786
87
6704510611
281472573
7408517
537
37
3400702146
33630
8
131289260
852559
568938716
20424527
571082372
5127157865
6
83123
3
3110819
96138905
90622029
85
436121
950495329
61
7855914
970847
1580854
9993435039
860
689592
1140216834
926
11
67
55195304
84733
2418
8302827193
95377
87
429939062
440798965
14220754
97023097
3
266641
883828
333828
96427885
88249
462
155
4
72295
8257859
556576384
26
9
4
14663
3641158908
54
7057915
8353467
97
1006
4296
2984972406
200188
946167
4438120235
5251395795
7328495425
854
44568114
845
7828
2281
3871
1880
218
994
272377
762183
6602
6886718956
8388005
1158
95432321
56709
960251
593538867
56975
744630
19454757
965681774
4391
88234764
4549
8649905
85190584
7555
70875365
8935103
5
72
474145601
217
4
3
54
99
39674880
36
86199165
7
4021
708279
66133498
79
8986397805
647136
7745
5
9596
7
98
451636
887959
926117836
1103899
20421
677
895823489
140484756
222293
1278
28
9
6145569277
5896147
81
7806501754
5781
2427
733711239
628101985
41
8926
70662
53883039
1
22213419
419525844
44950093
732
701927
3544032
3
7669
736191354
14
909908248
801660
81930
89131
22586
294
893942
338913
629378
572
73
5440252910
54
8912141099
96031310
908370053
87
6698
1072844855
6142
40308193
19
8701
951
495
9989217
92832324
9757
696074487
8185
3048484408
133
49646777
903605
32876893
311753472
6177466
13837
2335
82
669700370
6578740769
8178954
20963
672000
138723566
906453923
3219783624
208815050
53
16457
92046
365367601
295404940
4
86
527039
333247
5939484
428
8
419970090
467080283
329991
143869248
879596
59304416
206051
845612041
6037181
839
7
686600
22151
89
564145017
4305
25617
2425
9631377
654504
5931188850
98854
97190606
11659279
575131727
505
58152168
12834110
38870958
690369
2055
984
625074
98
86
2852095
857285
9305
277363330
3021
70030549
894390
296832174
40636
2645273
53400
6619237711
94434
9986941047
71555539
93947
224692
3752514435
70640456
248173804
7
450140740
1783
2
634
2458
2
3907
6
93045
5
580373395
760074
8
317620
674603
512364
42878
76
1865290473
625055390
8867980
149
30
735
2840961
357
687
5578130
1
3150
564593733
4
269607
372540
661
1134
1321654691
580628526
822265384
81710647
769811038
14
82665381
607444238
7628947
2
99
2
5103043565
5898
93433454
2448783
49857
3591922
692770
97761559
26969
4591047
7868065
26
73753921
3484
2600
8429
698
8803020851
591532258
7748463
505
4951
39094
57862
76563203
354320
2393951
9872831081
195235
6562903
32448
2102348
8739041877
287
1
98675136
3179
86457
5021
111930862
5
898087313
98527206
77693194
869344
742
9
6
6980
197993
6736854393
150143
853
59
887195
205664638
59772734
81
291
87917
936090
7436988511
1329048384
870254
7576329987
38810
1
872
89
232798125
7
47428854
98
801235926
55
2989924
18096
42
7568
925887390
85
43654680
81
64
55
65560117
4732
12953
856537442
51
22494142
96393
749263031
57
6725861861
3833673203
3160884
26324423
17101
7727093148
8582155218
518680730
378
161086
9234321
3626177
11637686
921610255
5348
9137385
104
99213241
8
2804968
86395
1612
48
97387467
216
5
7
27005
919
40
1595384443
968544911
57
489
22
9027
8959
8
694160
41644200
2336
9616295
2
25171101
6787907
56
33
489
961
1430438005
47
9534712
7
7519749
1
8917616476
6455
5
97008
38
14
1431
8879
2735128
48232
63795332
1
28263
7846546
2581
60
59
235522255
469073045
80994
612011988
91480201
9944281
50
2
23088
2406792
7334
673660749
854570
1
705511072
5
2733
2652725316
90074
30
8452928
17771
54329
3
6
89408924
324276
9
83
9686450
92920
928138
5774695247
270
173
8476039
9
5045832
829586768
997329
408
74117012
2800343067
22245312
9763
98
572705
4855685230
7
79392871
39374
651066251
685
3
102706928
4796918
153069581
72726834
14430
64545
4317860255
6661585
3
265953
6192807
222340
7974
35163922
4
21
8512814098
8749900513
9803481888
38604209
8350
9238347
9574
637
818592
65492
7
9001
1651652
1292
350765
765011
917
3
55
38963
7846
687453
2
275573361
2843694
1
526505
7750041294
5238
867
3122
4377450
77713043
72263909
9124011
694661
365084412
644758
915485
1619
5086
7383142
63
25248126
5881554
512466262
24
948
7310600911
8469540
79
7568
68
272337
69274761
1
7021962
27140
32438020
7802587
90523105
7032510318
5795007
27572035
998448785
164944
614258370
23124421
495671
264614
9
45583871
254
24306
760251751
66788
63326
7
1805
21601916
70567406
19
9023
91731
3161
2016401993
415167166
8517182125
21192
18479
72043280
2543967
9139725
43
5
16
2855727140
6
920080811
104915063
8
693027089
2595
180008
75
30622871
68381923
394142760
260043309
8599950276
8969
3
839574304
5751
5837585283
325645
6632
876
4
1
281
3533
100692015
8250
141599
5911462597
77749262
62021
931
64029248
9878
47964303
2408
9131970
9128943
30
587901886
2343716854
410241
78811106
4501452
5535986
4
67505
168005
1374767920
70
152530436
73
83040686
75546113
6375
9937813768
86
7
46107134
2757786
408815
3111922387
909356
3999315065
602320274
58296
4318
9266821745
7715839
88
497261637
89503
12
45
40944
472845
326937
18438410
583223
615
5748782
311398
932
674
5
57
8722
7
429273
9440207787
793746
700
77
44200
233999
88157884
17619
85
353
896131
584389536
5652
1288270381
745
715769795
6974720
9351
84
83761
55192481
26
134446
6087
51331482
4167111
753212553
33013490
393359982
405143
16274539
45
88789102
318
375
560
6305055963
878616653
2082198
1841684
725844
6
1819451
70461992
5376002126
3340805754
88345975
256799179
1431
941191895
48
931
675304
88061
309
4556395044
3481664
67311658
4416645814
819216
32896
28507
4786621031
37822
49600109
1629612
597
9941285
1001
25
6847
300
497004
203
5315933310
8
9046495
9308926
67879941
5034368
2869962106
7255
91
1829
7
855542180
59441027
7148
15
20672
87095
6441
3630018775
953793
624
27487
66
1234
975424551
49
436991566
63928753
5439625
26942142
527
2100
9068420
368
6375350
9812450528
6095745998
1349
687093861
31
391386925
1722247
668303
4
776397481
462151
866201347
686997103
2554
12124
66506512
76333858
4
976547705
5
435303539
32
93810053
2727
9846
8726
41087
7940565954
779
62846488
2259
74876
6523331
36908447
79705573
2633440
6012972931
1477661375
82397
624
60109967
70
7830822390
4820228
5
17745
758907178
70
66035273
572658
567736
2299529
9702621063
84526
111318352
86762
72271
98
930548
3318458186
6707
3798630223
8435061
74
9720
39
8
56861962
2
2
95973915
3777737873
51
51586653
9256904374
598089
96
89243
94
181
78469
65
37
6819
1798737
27893401
2290227675
69968
6
66879
4947
533906337
88841
825714938
2002703
736805
60
51418
6
12065534
569393316
553057
463
335902
53039
99243190
4
6575268490
2216
538151479
9224392657
529490151
320
790
92052
214
683360
551
98969
50
940
70190899
8
80666249
5512598
6667
86856
9352946
1332
1058975
19372
7035099779
149285918
5686745
949
236355
481516
22
295
28259618
548146893
785620370
262774738
59923642
596383
525707427
44368
31
345
6
1494599
49108956
22
495
1256
178
22057458
627
34620204
33
3329014433
162245445
6369
434
8804719094
948
93627
551
72
85
153960957
48
226966505
3
13357
6
52
4
1806037115
4259509
3068
837657
2058747
593
64
83805973
42
397606
79
1
44736
736122618
69545361
283935
6998570581
62461
8435775476
82566704
82899
810289269
518931
35098751
6
17534867
48026172
5
11
8475724020
83
3442080929
1961364606
667582611
7259
235
631122
5679295849
37278
5731
559323
347404
551
705
7086510072
9440302
11273044
3914844
31583272
5029238194
3285
50214957
4738904312
5039184
3362585
87517
973510
66922301
240
51
278599
43808
43
22275
73773448
36
9
1097234
9821699691
2
3728701808
782686
252
88
6
7411031
9138225161
957164
4963390
96898
25359
6
7
779910
3919822
42976218
78779453
4427
32806185
7623215118
280632
476
3437
65
479
98930
2970853
949
2403
61
740272
212406
52640
81698896
51492056
49751100
422700
2277
636008831
4
34195446
20183103
91809427
5
245935
4
56216
111622377
298599
53
448870
1484854
459863
3467263
9454
165
3
68454
69013
273611167
83281
6733360
8
400
6213375
7563213
306181
6682800661
8902
5
1518
64
1198014
8647437246
86890
54
8971290
4878956
7
1276773
98
28270578
79441
26493566
9
965216797
4992989894
58
3
311438652
8
1
210350
5
50009
2872421
99965
270
742692390
3368026182
2
21
3307505726
5922
6232
73
79663
317478207
821
2836
687195
15438
885
15
293
75713
838105661
678
63641181
55472288
5343306
24573
4
5294
6713476698
2582
8986943068
7
9
504905389
706011
84
4740277593
128
874
89
4
56678
8831181
22
6371245
7195
95932
4
3064465410
816638
7784
1763982
1495641
979529
296962843
22177
7160
739
6
909210
51063225
9
9596660
9
131104929
58323033
950
504
648
2183
4923819928
757955156
8
861
52
736197
2849
900859
9315760128
82976865
88
1
5582419774
526794
557104255
174641
412307228
7222622657
66
1658629
605
96192
82
75725
820150420
24172754
979
6772499
948187
44345784
465
142
8172257
6
3218580
6855740414
913697260
839
7157205638
1
7207
48649973
31
3
191
3742
3607741
178
8
6
909154
2490908
3044266
229233
1929075
3200180
2
4953
59544
2504583310
492374
2
62168
1190586
794740
7846086998
536888
380
243099857
89990233
653074
95037
76070155
928871
853321
9983018
60
3
8807116
157131
2212
53642
983427
8763531
3302635
1
2
7024324517
7689
723906
363139595
1555976481
7
8614
915997
70
599664128
7799
7
8596
7701
81009223
412848
27
8394
2161948
3067011
4379
29403
13041
472
7
732038
83964636
546437115
7356575401
56
37
26508
4765305
969440757
7
8558511766
9
96696
8819
38955504
49073977
9835094
411007197
381
4155161
9477925214
8875709056
650
60383266
15222298
3137813
60194417
3860052
249999
2953
7457716006
4324
899380
3904
80
5038008
8393220558
5
893
219034
7636
39
888384605
15754884
4828
82533
2864
447277842
232718
1705996425
3369501
457094164
864
4900
80
105
310033
41288351
87426
752159951
9424
87791798
5337664
543708388
17129
4
51461
4470997
162048
15790082
884791
7
2054
3075696
50871429
510019
353223
1968
1259
2007487067
192880
88555
30562288
16077802
7
855
2699346114
36049
525
52192
568397112
44485
210420
6
4
7
69
3002203
1379
73742057
74439756
93686916
7
4444911
22041958
6639
152
2534
4234635445
2319953793
6456649525
18
830403630
75822
97512600
8024284251
9
6567966981
5368705
89431
844285191
58
25141
852520
778671
8266
5
50554077
2778532927
800081799
133
76516
389211
850653
9453215642
26
47983
75039
54
7292
83918
6122980
596680
68
9
512233
450407208
9461551858
663152841
529
1592
33859
4
159664815
85
1746
3831430
343611
542948
719304786
1636245
280478080
502801
9596707
34227862
991420
1212294816
34
4625214
2965
65411048
10980
694088
3170
9555
62
60432
63
4
8749
725
748152
73298
30
943
5926230
3
8
12158
8
9217077802
708784
9443945984
404242488
715533337
837072792
52
7
893530045
25317185
592712564
82004777
18699315
88471083
3460601
253791
824
965
77
173803296
16
561917627
1
996564
6090487
19776720
3309551
30
134
19
6193087
677
5
833528
1
16
23920566
115
60640287
84
5
607006
7915617703
21
702101
388263961
141
9
15145145
71341553
494451
1609
7205507206
522
674
517
891450271
7464
6108
9
40
380179
4799146219
5
4675715
9369742
98506379
5963575
90661182
717042276
4
1675
85161898
392547014
2328090
311
91944
829883471
8208
8554388
65634
185471851
3962
818255
83383044
59
2526159
42
29062605
18
87410
932
6182
53
421659694
3378318535
35254649
7173649229
4144
953
88649
4874184
7693446
7928500720
79190
83194819
90448
127
261405591
3049817120
72747352
2053
7978
4062585439
8
35
94
701559
6877
53
3160
180
284008956
89
552
797
77
4798
30955
13
330255
89
375
9403
14705126
2
177561356
329
86
6
66288
19083576
7592
173
78211256
44
51
1206012
9372
915
4814721622
10072797
3187968
16
1989119732
8
2
2854135850
997788614
83839
3307481
416534
57
7310709280
184540506
189144770
55
1941
384508
405660
8676935
4454895005
5
252
40965
5661
661860469
755
188939156
896121
9239557
82776722
89515034
4847
9851591596
5761999208
43
22607239
523758
71428765
72803515
86430462
53287
44266
666584973
8
2
102237673
32627510
9992
924245
935558272
188379847
5588940211
1195592816
3919
5
1
480274
478
70
74719833
939
15287944
9130
12688875
935
2
22
7911
53912801
119
3
50590715
829
7161
19
41
5080
6805741375
5058198
57306
97309492
700787
988
48470
2052901
6
58545
2126901158
265863367
6921
2145954
33399
696886
340658
6
937
9474232407
3829375770
7
445
179368023
7
52
6505183
20895
4650021786
9831126
944870
4
42436639
707498
995344077
429832
429
5
58
990
8000
5425548599
1710121054
92670
98
46076
8437396242
7008779043
97
1106
598
719345780
8640908016
5089674759
770445274
18
952008705
14922048
13309
315
203
7122917
1104
22181568
78022
3136407
8416
699970
1833305
14
50783543
8052470422
845333
22219615
578
3609646
1
243
30811
16101
928556577
27358591
17252153
161056
8470205220
53
2112165347
63115
4970
9007495
798009
6809855
54028
537982
360544
858083480
267450066
88607559
2
26281724
2681779535
31006
30
2
56560
143
287
1829
53961
176149
8
5948
203
595289759
11022
491576457
91149925
21
7
186985100
410149
881790
93076
4810647488
86404
2993653981
1
10
47475
578
4328943
928351592
32217
1945399
66580
6847894
22
8
22
63189595
8873775854
1319586
400343343
7
22173572
2
398248
933
131523538
8805238
69
4863
11
4192168137
9
39868053
20
7191
438
3
42114373
8
42
3328821
3202
488
5220598044
6055889
423133823
6
5541
15
9
36
6
10704505
22722
5640886
618959677
99315
6
6
19407306
15599
9470731087
7666987
8093641027
734
5488
8078
95156496
1
43
265
4778
3030107807
3511630584
53095
5
4658072533
910607918
17875
50822
4180625
325023505
17369
331004
5
81070432
24493
8434
157180616
3653542
56800
7285
744566
8528416467
1838891
476132
938288380
919190
3648354755
331
9
8288
4
979945083
1214900
8952
81758
5
881617781
3588842149
9
922
27961208
5090707
6078
50318651
6
4825319
604
71081840
62816
4467
5876387948
483838716
5
358625653
5377
562
62113639
656802
1846533
413
53941875
828
751353
544078246
6
4248901
887030867
979
3912940
2
3390
56495
7
5
96863
79
59285
248950351
354761
88589864
3427
91285539
3
677718
8703715
19142657
8938202
494260792
392658782
5089641
4926923106
905483093
8922058
3596332555
105954574
6
1922
2134261084
246
792080
8387
37
3231806
87539
98639763
3099080471
612
2922937561
5523482290
73547
879
427
7
6825651
9
329438
7437
82769695
568687
267997220
6818383
60
7581
610377
95249
5343453276
1431046
85833
24
79197797
4517197
7714245
341601029
434051
6508541152
565971
7
3986445
87941
1
5488582635
95458
77230
478178
2397
380733799
1273594
91003
1
6991115
369152629
909
1
22465868
1508908
14729
7655077
663019
109070
47
874
7800
32934
36141
2
9306599
28842
12
9394148860
6898185301
1603869
348
5369412701
113
667761
1
781
113713
6754
97490391
866
25183943
9886136
3347352679
99949
397
791153
7
55
35141763
723038370
12351
32653
242946
642906287
1854
2532256888
85017727
23720430
28693060
9038163
66
68144074
81673350
7293681520
654080
63528
88757385
890133
48891
6821767257
980209
3477416
788
3572886493
994
52750873
768
8
469
77
330
423993
807464
7
75888
332
669
159844601
369552750
414
644070
152651
1675
3794389973
709
7484
1825368
632923025
5
671
779256
134989
3024
78447683
824
9645205077
8514235
2013700
24558633
644987
603
2
62735901
662990539
25612
78949095
8087690
3
2
76488
7
3100626
898356
74702
5347668
902
54961
69822738
561656387
70
23
74473
44817298
5146
2151024
7425914509
5886991
883440665
71212848
3
7
4
858621
3622671
81963
1270511911
459027
9707
827143
368824
558243727
8931
16161
4
146255
517
6425
64
3825
4838
272754548
465101
9586279
3885844390
90518318
2239175551
764571
2279
79107921
945011
51
171
502376
8
195937
30475
835080
5203732
777713
7909476
95
67
240372
42175
477
235
67
8183
163329295
7
147
28907
7630831588
698676
23723
134
4
343695
35
9567255595
243148
13
9529016
9779581
8233065604
942217
72
858768936
3281379
16485774
83723
190618
2
4936444
683106106
799448
431361
5781514067
569508
769
42346914
71
204883952
407243221
429369388
630448
352791
828951833
432749
669
2302221
3158392114
276793584
9292333
2738626
6374
950182
4162607
1727814562
636
7
951
190
57185259
6135488
429
7495842056
83715
48
9121223
4534493488
9870
3590
41
382951
533
606014
999922067
659
7787170552
53953
771889
87
21
5715
8620321785
704
404990
970861
74145
3997736
4
351433
4044905
7059605
381822169
120842954
4472854
8033
33
337521369
4746760480
2
318233
43122
124568516
8971413249
9340907132
4773005
3594288
737581
289802405
694938
4260300
931134198
3015250
165
2651603
63107
292
8721970770
7473
996642
4702823580
1837476467
4
993
8804704062
10598581
5
101483
212
4828
77895603
712316748
6468222
1
172282
8244784165
89
40263
878
293447
5638859
2369
445149
9
697014285
132182
8790449
124560589
115
958
116992
791762811
49
8
84937
13412
7047710
435846
7
8
453
5718
8207270454
18006
774
251130101
35
5948840
64
55
7121
342
27
3
39809632
97622
28
85118
262359
9624
33573805
8107
2567
84800
5660
245
1935
85287935
529
59742224
21
2569
437416833
122
4
156474
77142
95966
5163
30
6
808483724
79696
89456710
83
94101
9348350204
33432388
483
615957
72169
3563404732
23
4786912023
35
69851
8
4887416659
699055
77778712
149790
63
91194837
12
1
2694886548
9
43882
99126720
947
257617
4339
1789715716
8548
6494
74
116054322
2
3
9205849439
74479423
47
62704423
91748085
2302265
655
91124212
9711099786
40370
13702134
9102142
707702812
62195126
83
6066
6610
6
54755
167
671
93924964
64968
506532
8935466265
77753258
7
4488885050
7364
54791
63736748
86
7534096568
9
6997047373
40435
12
5
38686643
323536002
1
37994130
32004
3408685
580187188
224
603
8730
9641
59
548166
1274358
578267
341
76
1591982
6398
515440
201860
42689357
4503262
8363181
881
170465550
821566582
589
9468461078
65193317
55
11047575
64130
290382
28
22
137913859
8111267
7
4730
61
9148802
52975847
93709514
201
60
9617
5968
34784
847145
56941
55
2083
10
375649614
659
43220
7741736
2638447
662416
3
131
3040497
198597
2820337581
6931939
44433327
773836
7507218
65125093
482
332957063
6064500
76082649
31889017
89115
459099669
89
796321121
1983066913
2
99035069
28186
75
1233122
3113
49484
1809551023
19411450
1084159
7757597391
479265
95354
665
8591028412
6
68
845169
7173
69640
972924534
1994090941
8859
63455090
2408
65
753319
8352969
65
5
5
27952
6
75573254
50
3
165897407
67073954
8408780
1
55
29415
74948162
884990932
55
238069
979221
23110022
11029
814627578
73
323
57042
3583
555903
772
75123
98347
6
166
1
36570237
1895295
7072
45065
3163628
7
3383
4237
4811
77708
18123
7319766
24904356
3248476
2476
85097
6300
776310
113708
6955
28461286
7445
325650
290
906658
7
961
69770
603051685
1989086028
3667
84863671
798
2812224
392765
13636094
7
905293317
9144325656
2168
14953
81
55
253930
1736053038
13197247
61268
910761
540748
891001
95258318
31805558
73
4518
335028799
5746181
86
552474675
5
9428736520
17546
4879
147
99522
629
1410156512
9388370
33
258
1745867
653
7197
642304455
855222
6
8393765
14308
36212
83569863
4069833869
28
206120126
82025
88020
3
9540561832
261774749
92263
559
96091194
269383
14467
4360105
510
27
81644
425683
8328516459
4
79533
1755336
614736853
636426262
8
51
80522
478646
149647389
47369962
969
38
67782
64
91884615
8215
566
6640892579
985004
913
98637407
23028627
44979381
3894
2111327
6931
5145534202
2290
6508190
286
53024
1
8716402
206023
41610871
24
85
86075
29788
6801762629
3950
50
9
66
95788434
578799352
380
6
1768869
2892873318
89
612941260
72050
14
9
12
3160984
4
2486538
5569
6816
839707778
20361344
5622
17100
4106724
709
800610
9749495283
6147014
975363
78179045
50381473
9171
162144
47
373
55
27087773
1381
76012
73844425
67300580
4616870
23834
6274903
605364
988001099
9686421
1905
8381
2
80806463
42
37
14487687
292058577
907
8
1991823
1885
7256804494
8122
112956522
86970672
9485652
5962211634
8
390
6055
44
46
8472
5031
918
1599407528
322181269
157727
383737520
6
77
65
4191730284
3184765445
7439550973
406532
9
4346
5746394
327
3
3044810
695451773
940991699
37367947
54
927285
6628769
361624324
622815
88035
993090604
810571969
199209
81343211
83
667423
377813
8
447767366
8105023743
706845299
715083168
17
69024741
58
1757509
541904888
3
2585906
77087918
1
3180306016
3266
149774
41422
676867476
19713
7176871779
995184097
380713
85
21798
226
38084
7352356811
33388987
71280
6017351259
710945
125426
999558
99
8997383
4983550
15592643
6
18
915930360
39625383
3627
49
20229
49
148451
53
59
54581219
18180375
45
129081899
4803461
69134638
1
8
6327151
104727892
3671752
2267048
38922
29006
4154
65555152
49
8
880
27411
477
20963
60
486435676
314
9009402
7011
429841
408195
65011
7345658013
92
302251
146477786
8
6148111427
154732
107508
751
989407
983016
653981
417973313
70876760
7034943948
45
8229982
72
4598
8773
43168402
230409243
419351
516
910103947
862463
12936
16428
4547195902
5517
7684683822
911173829
94136856
554
83274052
729723043
8691949963
1
5600
3739705
54
228
45718
1475224237
460263046
9670
4914798
1813
9406766
363
5055
863799224
40
766905509
187
840448
7546088
3015
1836
9083837701
3459886
37105652
85
87864
8855397589
7923
405335904
445310627
9275210
1
3844
6294
6958
3710
6856118648
31403
869372
72021642
2549782
425216
213955
61
35517
57
962091
487
132
2
56371388
468
19
1154611
21
888066
84
2857634
50302
225
78
36344101
6
3075
30707
494395425
331081815
35
4073
3581059
26
1599348058
929346
84
8574740063
734613
70121
89
3980101167
9891080404
36559896
5171354
9260771731
1761
37268688
9646116893
575
436
1
61
1692
5
14661
13
7
2526145604
72290082
5398792156
66558084
48964227
45
13613
524967
76505453
3280111
7577434050
657884795
69
672020
772
27
2
11908632
7576
67102
84338745
1333255
9
542623612
431354
6
8439
184086065
80004
80
510250
1
7
19789
37
468
5860
2869
99
392
56204149
90
9892
29
7277411
79506547
204
39966
403604028
94221
8638
7
51
184023
69
6155
9870477
893927803
722727
65
265396878
81596
65523583
8246218218
11
590060
511958064
831393299
776530996
2989760
594
979974441
6970168915
66
398064
237433
8974644772
502273
542
6867470
332014
731
6770314
20461
903908135
385
2225853
2386019661
453579
2510833
1
704
360775919
87384266
92874937
62138
8
6128
421248
824055870
185980
423
527790
951
9421475824
272434185
8192770724
63645746
2176859582
2282
7
7087496747
873
8859
3435
50912
73656
6600199204
48
98
442220089
677
75668016
434
81864
5269132432
63
77709407
89043312
94
2
8
447
2
19
5758981455
52
5
3284999176
6370640
7
824
3
9
9
50
56070563
2722889
5393130755
5094823
3
811
45158
268
44
6
5810
41153
4551638877
3964928
46757644
705
50013
2807165
7504937439
40
502064359
50832
68999
78
7
40066385
25032
167318338
8826979240
3
6
25234
6965203319
22870
5346
2869361
752
432
385
11715809
45382
844
579938974
657028410
96
136505756
46
4401
2
29269
573902
9
7824
6675413
8490
2771386
1222809857
84347183
4236910
706422764
403867
25061601
928
4550
4057
56307
36946
7869014455
331145165
215190
25959556
666453979
38251573
8857
3075
8
3852104018
299013
5026
4802499884
985684583
519342152
51037309
544064
812085243
860510197
75
184
553
9963545
34134475
6684257945
14625578
5473619
1449633195
595
763721
6608
6959
110
12
76734
25732
83689781
396
47198
75772
3
94223085
1
676324029
32062
932630843
7167
500020541
567976220
8
41784
23658
6806755
4718
16
82381511
187666
953068
654386
4
9411194
2488
983
27920950
77950
181334272
119566
730724528
278
7
16646
266221
907498193
183482540
888
5979
18105
395336
43
7201790
289844
919359
854843
1370133685
90
887232
36794
966759584
74659
9
906408727
6732525832
3
1
405753712
4
5037
8367
7789587977
60945
3730609
5022620677
9
4956950
9341993272
67971
9020636
1088
22886
85534
9044531
96250
333
2554596
799
258
768999
8
853026362
97
1223784313
16
3859
81
333
53
3
58
8622107760
56
40483632
9228443734
7569
2
76598338
1527891623
6
6
124
202
74
553959217
357076590
348741
96030
61
590608
7322
75865
7247050844
773328
58390
6
1137621690
10
32924532
746681664
363632532
3418287747
8663945955
8639234
49
4079
61386805
1019810963
95934
2
3
2646664553
363761420
773368261
825618
9
6365
110993138
6443
269
65956509
316
846924
96911059
67604528
6366
707860492
34730
91
880
464777
5
4
3589581827
6241529
33
70617789
676104741
25209745
3253
7299
26188063
2028250
342
295439503
766155892
9328912496
8906847
8045950
2
471071
2249
414307
488917
603158
9
53217
718
452690
504
64
6516
412838582
150693522
80
3722038355
3
3916893932
821402739
436666867
60185
162349988
109449
4920644603
6
95286043
9621452875
619667450
40
8128
2086877
165532422
16200
9
4951529110
2727
80808
9
53
14
311
8211216
975025
76255
9931
9991
4555308
6831645
4933328143
6
1
767908
444117183
4026462908
9202993579
5727570
86
2990
96425
977228
484747032
7
463
6364
5150259193
69536
11495
5625205
6639
77691750
32
6827361451
236
778795
41285806
22025
139
5261113
517780
8585298
130914805
96769645
43
71
161
6420705
59341
3667237255
4297637299
375205850
8670
30
5817
67385
64378028
864711
46
7241826
4055
9455694
32836635
3518356481
253148
32608886
971906420
71
380459588
3664798260
31535
1765230703
975
2789962
773994
2195989001
7779145
535553045
4
6377
613
672747
80270705
7043
29690044
882
624
116839
302553426
6601638871
859
9687
98602327
9065886
88794
97672893
4776523
920
377600
4157
427520
217891466
46
72
64
691
67353
4697
90
517
2535237796
498737
7880
5888158
322122740
1962445196
497140698
11
59581589
21
3
582
6818
47
43817
1472895
8401547
673
532706
1609131923
764166709
1
37
320338350
7100572592
1
122540
4102237
222810464
73475002
9205061925
47364894
2069799
20652551
3
6200146813
4
5938
2259233205
6397240983
186
5575733793
430324399
7642253
4975689
660025
5044756047
955706
57752955
686
17411
499
1738811416
5
95980
493111
3259256
105746
2606
658556
509206205
35
119896
27201807
52854
92
4316148
4
56328975
2209
587
27958459
2614
506844
2844197
3550
47134
55089378
5051752
6495399
7320
2
771770685
72
51
8259
6656362
714965
633
222452342
9
2424363
147711
839
64
163072025
2551
8882056262
9373
526
573
4345787
7974
2683925
8644892045
9041014
6206014
3710377
1156665
9
496473242
55
2764
9585980751
3747540071
77218
444169663
715
6962957211
210
608
3740486
9397
4
548
4701673259
91239
69
5627171454
272002
16294025
4353682
11
40
152687
3645656
3126607
1567816
4966
739
62888
87595
3545
155992418
5
93257
374
95
1525779803
792135302
42
645091
286
7187404222
89
804078
18482711
21676
703521141
8212395
51
957528323
6956
21
22
2
168
539406448
8091
9
9925691157
628660
3419880629
4177587761
5475
88371
20
11834
74435
78
93054
2552574
466379680
9557337474
53496048
85
597
51648
94532
2
2660094654
2292273803
328497673
6010598
9
56694300
74
3839
1268914
45
6577
7392983
12
97836872
6263036
77
79
97
896546440
634
701
31
5675655374
8
4047753
978
8220
2767843
5194466
728
2
72615
952249842
637
4
18521414
589214
506595264
87925
4602
9446602
76
395
454
7092907183
4
14133
7517
375
2331
3954931731
5808
2
11168
88151325
1
77874
50
24
82495
31067
72620768
47
99213948
5995928958
6
794
564568108
49
72306261
9226291
3732772
9
903317718
618535837
8
66423
615899
695480899
36018
19179
9
1
711485
584321333
58584823
23629642
5855
6
7759217
4178343
996
34
683
2375311
4117
1
978
69
1
8456
26
301
3
695942
99037692
5
62627709
2012732460
1404630
7421411
20565
578109
61
807971941
45
13063
8181161
71392782
977747897
758550002
474251
25583
6
646539
9
201104828
515206
35597699
6
6172774
9545317779
3935
367291335
9694
43
152459293
38518
3065225193
933765123
9
635
665
819476176
208134739
359
8770346663
67032
4379
49340774
704
46291
3440330
8414728911
186455971
62793123
44
4
6655026
491452743
985
9277414
324187678
8967913290
7256687
66628
325688
4682491
2129
6246426
4
997842785
290484728
465467
78947
68
7670085
3
578148
222929663
253051
53048
961108682
52372
8799428
8186
1898
6589
16
86980049
7
6315789
998658400
64979
439
306655
2
2946858343
4870775327
4269130657
78302996
838791914
806772
476
1
505
659709428
846
42376598
6585912645
7674752
608
40075699
3
869078002
48355
586
83605181
320202193
5
23706
12677414
96266239
989629035
347028499
940155
262398
932
5
15
621811
8252208
276
995
273577704
547723287
8153644625
38952
1
74935336
4555292361
95864
9975824824
86720
38
81187
7
63
18
59945697
6515004
7598
9171
2317944487
6872233
8323643502
7907097229
436699
3252252637
20677945
21
5755807763
114976
137
833
331573050
71
752307
5
51230
6232235592
74530025
946
78626869
792823249
688843
576886184
7574350620
114781839
212633
436
35845
34010269
836819021
469526641
511358854
6
299552
85436639
16
219847
48
9
8085348212
3
88
494005689
7391
389
5534915
927873985
1
280803082
60282
5832484
29849
65852223
877348
2
89488
9448
4863232668
66388873
12
98918
43
38360
65283
4
85
138862
1664
301769719
5811802159
8544
4
821
8822
14806544
291138
8012182475
257486923
430283
8434071
24502175
7127
540392509
95505
7809
1180
11775
337051967
60
39726
446823943
961
8813351984
8622
365386
1848648
803293
807
613829040
627001779
8049003265
515
142010726
76654147
100055789
65519875
6952
18847097
98820079
88
91
9684
927652983
2908416
9913
6694
338
53
78298084
6195880675
3528
5
3232
91344072
48125725
8114
729873
74658
512470
910
514626
48024921
1973490563
49536
9863714897
67284
8966
91
57004
90630
583121737
5
966
67130177
8
33
578639
18
208149
18
153393150
70704
4619550505
3938
60
183
4916056
3580
4369
47275
6708
8965231
9964251
9
957
1
8097
3
15694
67139
3212
79901103
1
2490
82845
1098604
503072762
314991551
231606
899815759
60772
222761
85300375
190180
84192809
5419
22
5752629055
4000396404
80849
20690
121979007
469832
7500923607
8608214
465891136
507177
44
4150679
5
20267
91
976901658
4740
62
9164
37089316
24940372
17644876
35672
8422
5
71297754
32484
2399
9
2
6
3
304035
46672754
3294596
9768
3226
600
153
50907956
8
1646624554
39396
62430828
3
598
369612
82925211
16297110
837138060
16
775779018
1513
51
720668
6058
22
188350688
4
283419959
301727448
578330078
939063
1
3722
227
32035
685
678744712
807
1746695
650173
352219790
5554
615914514
1334837755
2645094
93
635
870
74
57
1225
78993
798
46148099
131668865
8
308
4966056262
93394091
3502916154
90929491
738231687
7997
310011466
8394225654
6699
1
42843387
287345726
84
1298
221397384
302031743
4406639416
390365
37301225
74090
722
2926464
73202
653
500
6008041602
32571
232424361
515292
581382
3001736166
9917227003
1
470332
999
78653
9
293
9
5273892
49
206399543
9660
1543
169
5
3307295518
54656
52540192
9
34942198
2107348028
743347482
6925
2
535091
4
182188615
87
6
9
3516133
929742394
435814842
7
8999
3867830703
14444
340273915
796829
9344
3
847
934398
119972347
2
234336485
6
385638236
7579819311
937
57688735
52390
6621544
64653
7266065
568
94021469
5916882
6
5
90822179
8199
4021
3
8
838432
61
646
97
6609893
692
7175
9
9
8551799513
88309
4451
75516
812500769
95843253
755
381
50313
210677622
4
48314
6826
6407
4
79
4222142675
216038175
795723
454877
7745746304
2120
58345
989
2217
3310629
3456415
7754017
999704109
2
64
4670431179
6
7999
3524268
5355254388
48503000
38011
8241630
5839955
8082
4
480801
2654
9467316
4
27656
4179
2
1
615230027
9
3
7
4028147
8
15992019
209680354
604364359
36
73
6
3612453055
604189587
272299520
47275
1305937
486976259
22118
745
5166330527
277
741903913
267147376
1415885612
76304
2
404495675
92
20890695
74999
50
257240518
9
60876218
2796735680
70664396
89
324
205505466
69
551242151
61168
330
3481292
210465
902172175
25800632
3867373
7
71699
696109
2816369012
602566078
60371035
63500
8816003
864961074
3558608593
876
4
58008677
83188717
9501179
5640
2
16
15277
2385
5204879004
762544379
646002466
997273
811927
4693706351
272486143
754812500
49995468
43961
497
81
77183736
9738976
8013
43
488
1709300
455389866
6887
77
242919
5013497529
12990
690725
698854881
504447663
603
5930062315
385211264
110294
64611
38219343
3511735
29158582
4
631
72310087
598
28826
75833015
1
532948522
657872865
775869376
40
1
654
2724990
3
81640186
399882165
1344
6702043
93
97111
34798407
3887404696
3034
6
6966
907403
75
43478
123887106
30317365
15
603318167
1052
974390844
97398495
7959
94030
858
2733464
97
440445
8228585966
32
29
64435
6702120
58
151
364271
7699819
8891893
7633680824
15009330
33647
6
348100
5415715435
72
135504670
498668987
53461
893692
1
325
5517
756
917942
6330426
716
11024840
743841
4383
756352724
4570133348
26824
153842
11448486
340
855
950337816
19058246
6
3
4
509967251
8085707336
228939
4214509
60
22375706
34
219262
211
1548117
8507
16
419204686
80624
72883873
1055384
405698
1
701997
666
233
39899
571
4792526
9
136261142
51
65
88590
2986925
86985
674930
8
594
966745
9528453
406
266
25724
69517425
3507133
1767
6247939842
9201880331
61
13
3780590
4
5736750
475259408
580101
7869469
9
596
9223463975
6085542
927259
95046592
29610627
149
95326
900962018
67
55
239266300
8388221907
38353
175
642475
200164
106856
1586257128
3567235132
6
50950134
58612
62
58
27391
227007
8753951
5059621
6131
925
3186177179
31
50103062
5
50052
61815
5425302773
80668099
8899243
9797
8288797893
5956617487
4275107278
5317639324
90730
6628196702
22
80944
6159
176
5
8
301
8774698301
524092
5329630479
9722
188099
761543139
338152
22710
6616317793
9
2890873858
2507112
15032
24780951
9488
7191683
1679593732
2674369066
9779870297
478013
58117
443974482
2
42
1055618920
6
4859529477
682357
965172279
9
22
9041908
85287440
7820015
483
31
471
61535
9
76666835
1377727
7279
45121
819474
392502193
7
6
4385228
7052973822
96
49840839
636115796
2882629461
708344982
1506
216500
3
7171
6554
6645545419
264074
841136113
6834692
26185878
36717
7729
99
68807579
202
3574
13530
8348357
2
3421431
4
369835
738395161
7654257
5
940
73
1216561
5163563
155
77388
3
45112563
24
7509797410
139
65847
7
5
7459
6726
60652
9495
54
97676731
6879379218
850
7854570
78
397989853
580032
289095856
3277958
336018
79400322
5276672657
229374719
4827042614
8077818536
520079627
64
1586033178
19578
944
2194244912
6317
15
606
14
64988838
65
4184904
319144
26072368
541347988
402214776
7467188
973
42
29
4870
441
91
9
302217
8012293039
19100
73246
980701
847550
680
10
51
11
8188155
598
61522
1
65
7258
4741609
37250857
3004
31
63
8987
1883567642
8401964136
5210
4964283
61
1
86631155
310228680
481254376
563047812
483346808
113
6205336
7198
61778
4279564
42097
549
507953787
706129
8457
2032043
3027634
44006
199545
290
1484745710
9485
87489
359
999
980099
903
5776037576
166709
7
5332
7808355
162208
69
9
4800
814484
13944
524890
7
9311
9131861
905
6682117266
93402231
614553
9809201
9600
9645
7172
187416980
9934252595
629265833
5427
125034
3107
2438
1046
889399971
294
4146
87612
264
7595855216
115965
205
68
144136762
52082
971432
13
52169866
555092746
458655592
521
9603718666
8
9060163365
288260314
73480795
717
80546
824934919
43
6930
1
47675348
4
8579743
1886847
30776
354
1022535
113165
300
2190
33
70455918
728039066
973
85280
264
663374015
4519312
8386
2161
727501294
4719583
596
587848376
75
92329105
963787
48
69032
15341
76094954
67455
990448
938845436
8
20
8248728
2797
4
9749246
36329078
783063
7
936152
48
84
67
7496
2681257
15827
69563
645
7
85
473341327
77706
25812542
856
52044
9667017
993033284
9
6480928973
539872896
84776991
3
3
9029882
848935179
8451446
3596
301
23
55508009
5573447
877
88743125
394079452
1
9103
5766565970
7
27
40
72
269192
1
25994
4446855
312697
38489251
280471379
297104493
64720
74353336
5978159272
3710
48
42
245
25184
725028
33
92603115
343065448
9676897955
2
7007984
7
3863
417
957002
22390
48709
660
11
980
4
1
295399
240723852
30
3457
685
2805
13722
1620
75931
26626
321201462
317848735
6188
3853671
4107579971
39134805
388642021
9354
22999
2529058731
6
1571158
5371160817
6341
20071
5
11
9764
3619120
1642
3
3
3591334361
309474542
7
8409
79526946
245300367
98002
53
174341
33011
579887
47
6
822534028
40201392
249697
6010819
78715
122495
12
2545088306
29720949
566221930
77513
57
43579
4747097
98771287
80
1158
63
34472
33
8388
48794
71841483
1881
921
59200825
867
5
7
4
98458966
30239
948
72649
7136721231
1
4567636
30
19
56
45
460505598
79
7224
8492639829
695
35266733
16265
7954630613
2
49340
97
476092026
9986284504
455214629
358819447
9460
200545
767
9140
69675155
6428491
4804951
8
500810134
485381
62941
54145528
999
97
455329645
78
12522235
3682265
988436
48
115
5052381
8656
95693
2791514
220
3388327067
20948
5
7613396
8232
77
970426
4
8993
128840696
811148856
866
48306241
2617
5825405
1330828
592918
78243
92952
8902556
25761
246
6367176857
929018
73762
3638
670177
4658700938
579279791
1841015
8
37764
66
571
501
67882
3203
81071
1027264
335176568
20
9134556
5294873
187333
17545226
475286
502449935
9417418
63576
42572
72
4811126
385449
15
251
8
510
707157730
26144854
2102984
417574645
4362664067
44719865
2115319824
80980409
9102798275
34535
9576
158402
638624
1387786695
86
9797
49
3387
119
454996
242703785
23959
7162972
99402052
196905969
7248982
6
964939
9857812
107779
39353
799798
57
933195809
1174
1615859
75349455
5
50987
64315
704717561
6
1346592
2565476
689
6768
14048922
712
7411
36601
68949
3909193
835803356
3
8629
6608
49
8743150403
8276033
117646237
707
8392
401922145
9
664
6
49190429
602557
5
7553602730
554425440
8122969583
317506
364572978
706
7248330427
9897564
61
26285479
815493
15674
6618601
522
45
3831914630
3
32
4067021127
6785203
35848
7347254198
2540001544
642437
661189967
5632408
4662894405
4793211
372
4422001
89152
40
583
7
6381
1925935
2248641972
96665384
1860
72043
76521086
97184319
2
8
207813219
8515964
813688870
8108623062
37301
2074031320
4328
7822468
7280
1419
4137
1238197145
77
66026441
20909403
4549925816
815184
73
3467040
9399
8734
55250391
328201
704282
41
6502686047
968778
5331
9
9598383
48573517
2102812
6394537
576151
4427
3331745
95536233
42824105
76
2803539898
258
72078
38314228
2510843721
3449
1891823213
817172287
56113
137973
416810916
1
7801658411
5
81
36773
186124
438971
952254415
53180
49641167
3289405184
9248378192
8311230963
47884
142819
9802
75777
737963
9123915
8
6
89
5525
5203
8227159
35032013
35
5306847
27976319
989926626
6
495187
3
67238
223317
9
603
1103196
8205266568
585772166
80703581
653312428
1398983
5253573025
2
5298683
5
52
89289
924137
37
767400564
77393723
875269802
8824013833
8695
11918
2946
31984
280033
3241658058
6972678991
18
47099
880
50805
1
917092578
81935
3703189
8765989
73367
5140050
5692
3091
744
969204
8662402
104014048
94
89521
487072158
7
5933528481
401920291
644646
414277970
34
784
768950613
51445957
67920
3502
88701
419
76766
478037
242408690
274
870
46923062
351238
793
7253998611
4095
5051090590
73
830170
4398070966
596940
86593755
899191198
7826653288
757947
3330714
238
81
6667059
1183233
4
273051
503911069
808861441
349011435
89061
7304512117
809927
1374
923
292065272
725566135
88
450030
38
6506
4326051
2927234520
3
53992
44102328
952762208
3
11712
33
99
803033
757
503
8
2826031588
91667
9575781150
43
941585501
442815979
368
103
509904
397001146
5997
3244202
2377218
24
3504896
2
36096126
6762548
78839
4876345
13822075
83506578
3893815
77171
5
36664791
11708
311219
569
5
6567816
7845
74
420
4841855730
43
7
5917
159
973680
26
11854062
9545983478
25628600
36583829
2978415962
7133920
21
475896228
862594
980523
6437373
5998264683
236910
637171674
5462543
66439
2
4
2438798245
9
46
583481851
189
8446511
236503182
2636162927
6458044
782388664
1
4
97952
3
249
43794963
574713
994754
40701882
129
758736346
4039
484715
93285
5612711646
8
34888
4448
576
72
639198
20
845157776
84722
9278022
797084
907947
972307
680
559551
57
956
2
2149367
45603559
54251
494144969
8
4792396
762369932
955956
2409
4594
268605
510584
8886213949
8230
8
62491830
653
6
200
752630
8074
59
86548612
2837776
9259323421
8731869
93
15246
3
8658351820
950
3394
4530
148
27733
15645
58696
4715899761
13718181
5
2356762842
6691
6
3007417630
5
78
1405432542
7123
40
31779757
82137952
5
591392
852007
3228403677
4638577
2725085
4079774130
3474
673
5433
92
4
81092
5037
927
50
896241382
30551
56
803
6551
89824
607
769130
53371400
98759745
6741
78238710
72512
6692528826
90
38842
8
955279338
322
8520
85713090
660
603
288362295
355925527
997351942
12
46237
37940007
20
3599
5366
17481
271672
753537803
2095113
2
53
486079281
5859121372
73551
7417
5
286230894
3298043
62
2806
93968
660
1528696877
9818607330
939518
7246028
31621
52969576
2634
856
5
48466890
402793
861580153
55851
7443988406
8007615
611
4241
8076
6584
1066
2
2961802992
647578088
99
38
4849
2241993
68
9172823
9
5604572255
5552342799
57
922
2326563
534
3
54764
78
6
8
9445683456
2331
552
69
251037620
73876
2264
90809648
4823604
114726851
76581527
91
7555921448
13482999
31237417
129654
7459875
2768
2839
9
18
5298191908
66232
333
6240864
97706648
30
524
76202
364329
10
67
6607
1
6542671076
205325
123544
106621
26455
684111128
47794
5866
59
5978966
325
75994
34
472973
4178
545807312
3080425
523
26085
95
92
947273
5713938957
8347064
1543819
7536783
660492407
2
2458426041
500401427
328
990431722
256
670339
279786224
508312
3202893140
855809414
192121060
7506527405
1
99776052
6862942
15394
4025024
125
728
30
57
39562462
5270
172890440
7961559829
272509406
9
98496
3461
757575003
20
79
69200
70707847
8
489156423
58
12640
1457269432
8296
43
53
29
66998614
1
5560
322648
62737958
1592
456765398
883
2996
299490
70137
1129
987
2629787236
9426668
45813
812550294
797230
343187
7
65
9753605
90178765
79590994
9
5981259731
1296
3598
60941
3177354109
245201595
8952912315
5
840815477
6984
4269089300
688368
840171
959
772893
2577
661109705
82974885
413383
127240042
868457
944854540
6211
4548
437276
82
4
7177826389
995
62
3370
96211173
6731347
3222161
88
9575964
262
1
4582786
46
9318953268
962127
64
95206
742803220
57660303
20944617
781
21
7415484579
7438588574
829932355
26
4949353
9929626792
7245
37940
2552665
976
1031
3102179
78285
58
56506733
1
383951681
798
1
68767091
351784385
76060382
9936877483
43
61817708
708532888
9821300
2153
1537356
394256061
9
90766
2568613690
7706698
8636443
7459
6072
3971147636
277202
90060
5682649
332479
3982
229092442
896284
273755
43022466
8
282284
8094
93685
889305
28508871
5903002
77956376
8759724
99
70652
45860582
2878400820
920
230536199
2475896
6
2
430
466184
800
95670838
44
8200
59
43734922
13541827
7867972
73395220
6106175340
702118
3
57
38
4
97
9
43965191
98003768
8396447389
807
493411
2576492
9987918808
54
457
376285204
864
9774197
1634
20536021
4
5766949848
745721
221
88
25198729
3038756107
3058144272
2114642
8085985
74538
7087
984626763
9043799
969
321822886
3
1338063559
68707
546
152212062
1337696
145
3743
708305
337181
4324
53756291
18531
332989
5
376469612
898
937108970
8504059192
55173
806455475
5045
29947
915625746
56971
985
74
107
229
8427503
3661
695
85456399
9493810418
60839
4859
66539269
640
57
87161818
75965
7279116
5
18624
572
98342595
553577
322660350
882884622
8
614365081
8351980365
90470587
421148
8176246476
2
5176
131
1163312
407016
31
995681
905444
80522
1197
5
7
6489446369
2
226927
6590326
371546725
74085
25474340
583399
8954175136
450
93
3794394425
839317
557
762211727
4
212104
98913
40635972
57
5451052412
69774
87268
308855109
442654824
1418735
716
6
6160981
7525338
7613
4233457001
4175
65
935
20032433
1600
662951480
703714
184
189013190
510885
6
1781898
647289896
225224154
2821745
427
90
3169617
46725612
36170
907993431
896239
32585
64
3991384010
5025723
574632
61964
5747
834545841
431
8
9558050380
64673
806701166
32
6821
5844590930
9348582321
71014
2543924
5
7450560
5706534329
6920762430
1990
1961795898
682
1
425828855
2745
3323100
172
1926680
8583151089
728295910
8
61501466
797566
463179
4153046986
54571302
750
71982871
1978507054
791797
94249840
67054
162394
8
28
347
8590768851
7202867
394
925958770
72
85
755440
9219
577916
4
614809
8896
9876306
134338
3725372137
53609782
5
7
77652722
2479
32497134
545918507
794
81098021
757266030
4358081
4784526
660083264
604
39377790
84
432711868
382530
6342512
30330
496411
175592784
23056508
93228
53850681
24
7790595128
742546917
25167558
4200294
9110
69
3
181
7071443034
1591
35
7034028861
740555
482912216
6837633926
39024
84998
83
8537528
6006215685
60507716
35739847
53
8325420527
500
34202
3386667
8
294171
4505814594
34781681
30623
7036875677
818573
599777809
6
60281
3139783
3
11
195239
55419487
4
9
8821167421
1009
3212830
987312
250945772
828
21
6494
2
4
19
82150
67
958844845
6
115707666
3187597
4004599199
2702945
26521140
47
46968
6808
2210
6
5726661340
98220
5020004
3827
2
42141059
4937768
6
2
287844
58825
6
5037
67581964
804
60
705863
60621
4268306
6071294849
1458
65628
5755306109
666069
978
2
174698
12
855964462
70
85669112
8617068758
29658
31205037
9152926198
5951
303481
29397528
65961
22
41
738
13031
71830529
18
1600072421
52
529280711
63
7617196
5519254292
851
23
185891939
98876934
675
3061657
209
897
149
434
59
2472007351
75226744
3365960256
9
50
69468
5411701773
45376687
13912737
5
25153694
7582
1415260
224
17
292822808
882
11
18
197484009
3431
1768
802997294
615844
47877
96
9632732116
372550
7673
7
9
100
6
3347285
88531
8
85260952
2
482171
6018
539653868
904179326
49137
850
3189
491920692
3026
9567
62369651
48440
466
8
891
569
1
955515315
900705
165868135
5236989809
46
18576100
89
64805265
873322
6
556126720
7161029
7284479
530418
53672
6176916060
6
35786
2917
7753366
74
290052769
53921
72
9610062
416018549
623885698
6
2975
28
6603204880
4741
23628015
5216712880
439206384
896442
1067
4
25
45
803433
9482915
679408715
899
633557
3574941853
37
67173246
950796008
690374
2
43994
243
231442625
5
26263
8418349
66012
9859
4869740
761
2947
7291079
5482358
723452
867658593
7686
7
7016
37706997
195770694
5837
90255193
4436681238
1654
2054944
89189008
5063948
303322703
295094
85214077
48678265
957621
383
27725712
2848
6507669
639
336297
27
75676152
8009259892
791
41999
6055
475016823
6315308249
3
8200314
155462
75144914
26
848648
272
32
576
4
65304390
1
29
2819
9
715595898
6240714528
892160
442679
9501
23388237
75
16
50105
9846706924
61
77588173
5769
52655
869165
1294269
254835
77489766
911
817
4947
133597
3
55469
59439800
938252684
69
50888408
600628
15285
4021
1421
76860491
84880
3
1335
6772
254932
16658
17845
30
191007937
3
5
95090046
55
3852
488388
5
41524
58471
3
7943667943
3050
8549
36
988203
1
2171
732576772
504214475
3374
2297876
8910651
6
437305
1597
302389615
2390
9025155477
146923
2128353
72281
846
2852
62
3564
201359048
20305
2
96
71280258
3637
94
101795665
7493547420
81178283
3404372
742
36
7708473778
6645659284
65157996
880
1613323300
73
128
4
37073016
68501
6911675848
98505
32
752
78935
496
42865
7245
2
481044040
8649411825
9758017
4081555
119498
6681940673
58
9786222
75
2044101162
502057715
257095
5979515
74911
3899788
88117
3837308621
272
757325186
42
8727746
8285
5747
31519612
6251828
34414
3084
42
82
9457179
3390972011
810731
1620520
8149636171
960
9112565909
9430220780
934613
9215235517
84
5367097
59
8908478090
5
46
7986
28332
8582979222
25624917
337227
41963
8970356
6479
2
326593702
8178351792
87413
4118
59858293
25409
7814
13
21
2
190461
3749
623
23
1987677952
2
77464959
7975
26383
896364
41961776
3583375028
5961668
747817
8
52
8018619661
199
921
51385725
466
4910
63302602
479241
345672
15
943329475
3606
57
957819
28591571
219216055
26942
609
87337394
77
29529
6530927
95
98
2967
5427498386
206
129057
47486
7077
2
272482642
48864985
69872
532160
84616976
3847536563
7765541459
7018
66052512
833
1297855541
229747
4
30638105
84819079
873103
7071489088
1927363767
22571001
5366926
697
186
6
7619
730337163
2405
5841664841
17972489
42
918000257
9
9030277814
341
3560859820
9
6239397
981552
31050
10370199
17
20582106
437691
216
4482303313
571531943
9340217871
1
590296
2869611
5679
13230
91536044
9042387
582559055
8810343069
39
472
410797
243
539263120
6512882
2
724017
8753
94
4384
6143
8513341
327
976
7109228
1078270
535
9670
129
67038273
3
3391644
4368439344
70530267
17639685
253
3738
63167
4636445606
2
21
7512
4307302973
897
769565
65
733292
2985948
2114
8113813217
562033817
957
47
349309919
1550615972
783182
87
754
99879834
76
4860048729
6
86412642
97222991
517
3694958
706083986
3640
11
8
5954955173
645528
558706
72982256
6392457
44430
986299
45358
800
1009624
7170240
6648303850
1139485
9804970281
958542712
1
9887
8206
83834145
23
2095943152
1160
221138670
4305
56140886
5
72424
4
611
69167265
3848
46
94
53935344
6073995
30
45114
6782
1604
35807
503707
5646
5885
8397887853
2476356
662
71
35767403
7
2832
81486613
1717827412
7317
269
373281101
310072
2839818715
3133869
7050987130
6360
658200870
3240651484
288585
311
1373343
52
4558140
998
749698518
71
5767918
27642081
55811
230
800602
9296924972
618853728
2816
6865
77
5664812005
9
8
37
1376917
979
12
6471080
4999394
41600275
375598111
2690130460
8305
62
12176
78497
7325
66352
222593
40612707
34034259
311415
3083587770
140173434
50483
13
374408
75
6777
5401699
6054362081
133854209
74
54159
76012
1
959679395
2247
57
16479
9913071428
6772916
495787
9462010278
853301
7
75873828
22
83231088
9897
86642639
9364559
3
1510
7558
36073778
7526461
818992
2
3
101072895
2393
9590
85096293
64
7511805465
2543192300
327659
2118098435
55
6716
8316542248
94741
719075206
85
21673
259
47063151
679014
4
57510
6610
33661
68201
26760292
2300596
39713517
16598
4720
88084
8844574
945969
713413
706771
2710
7808752915
28996978
151
908880839
56
366
5852262
26
1370404181
573
23514
4496174045
99805565
406451389
2312762
456511
3750
8
85997721
681
4290
3984
3180
15452271
1176501381
79843
430
98793944
18469866
8
686874
7504697
6497472821
8036142
403
409
968
1911622
7
5441150718
93
1
8362
14910024
619044807
63865446
8750557
34306224
65712
94193
28112006
87130
266196
291708
55
3
536
371291
7534013118
355978
64593
5649128025
24807206
133
65
696221404
90150060
5
4473224857
7846721087
9
356
186795
391939
147
2756282806
87773
47306387
2
903904
4941
28139416
72868892
8819326400
221
331
271640332
6
3736262497
38739
9338808
2344
77
88814105
6
992141228
1866
6693
3024739608
6375274617
9
3
28
5866395
38464
2241
2
6589088699
57
770534
9
82329744
9704885
6
2407864053
97861630
5263653616
96
48386
6921601
49
7575
9351618661
4215
78
3006315705
9
18
5316
22888
8007
793
8119
43
2
5157815
725599177
11715
682753
7243697
5607283
658
6148618497
3192
9526762166
52
39123598
578528
962583645
41487521
1
17468861
7917248428
800
21444
89744339
39
3143
13739026
983176183
488029629
511601
2331364
981637
342937796
1681696056
241
26677945
96
955058664
5
75991969
53699315
5417265
2166365158
177934623
6702834178
354
913
76
6
210777
2223
30516913
1307
21559428
7511926
621088248
757701407
484
9846
892911159
2267622
4878964768
60
220454441
285219
552579887
1067
3695
45218870
7044215111
3
72704
569
832782506
327
200563157
269559547
699148
472
27361
9020
7692495
3
1969251
930432279
3310854746
42596
892
1735
707886989
51
2582497769
7109
9589
156902820
9
235169
203981327
125
875208
88110896
3003919031
9262279548
54967329
65
73024
54
32866
5955033026
935
43327776
65
8086693321
8146041
4
8714
7301
62457
48
1606
302
5
9742
92
6150688698
7297
34787449
5704333
23311569
87411
273256
91
498
10
78910444
9
50
6
91
536482
3631368
7076720210
47832
8936220
5
3149
7223
264699
9096
5415523
3
13
81
4
3139462282
43054
9
327303237
82145194
6413769322
1745
21711
8138589382
8831795
6668791106
86
499413
541
19508642
3462
47904259
38469
2047600632
7966
73186
9487222
494415822
4105240
5
5807
16
234645207
403197054
6072381940
54069
432632085
24
7
6639704
475261
22
11508321
702
7
63545
823
8
2322653
8172
75
7392383
2037863869
850
6650
75
10094565
96747202
568
4241934075
310623
7796
619182
795683453
8
230754
7442
32310
26
961303241
8982991445
8752763
851
276530
25
5306646
5708709942
632504297
41
1394910395
2135370590
4188124008
74254
3855558515
4336
7990307
4
6492218490
658633007
5088820
95291171
5810
982
5711950
456103
55538035
4005867690
54
8425
81097
844
99074252
8528949
2189400
34156553
5642128
494498
4202810
96
4336881641
3
283813720
663
96880097
6
5310540480
385
244081
32951
2280816
4413423306
8304608096
214
52
7198579943
375
307
535866551
5006072
431
2
97805252
81622
800440
376
3488
94
30
440
186507757
53
43817482
7306668801
88264
5517674150
2155981
996
9321180
710500
351248745
81556044
41
6747
6885466397
76675666
5875877
6987
3937
413
5433
1650185
491582407
4243
888
94
6
185289890
55142
8656
5214
6
647469333
51
54063916
995716092
82102
486028
102314
271943686
73125321
55158515
390
744894799
401457985
6609468268
93
646338
106
4
593667398
484599
5
647807
134524
122269898
83067
5191445
80451
8614463
678479
955
14370549
8433444
640837439
425
79272
791444
8820058
23301996
123
549233
7505891
52019
6453546800
9540832247
3467178
3495504728
8405
89263
493797273
31173818
507766
1233725089
3754067
7537
787
7
8792
2906
677266291
6899027
9111146963
67077
945846
17895
7405499731
105
12142
7953
675793
194
5179728945
1275
25
74
2162
1787308
147978829
7286
26226777
436925
89
97267
56480900
97777109
1475
2693078305
8750
6
12
335383
74064668
78
5695071318
95568562
8
88691
1243
865
150883
695
77222138
62090
652176231
944785151
6529171602
232761
951530079
2403763512
52
78372
23049
849770917
969224
3301
24203
42334
98971025
9308
9
392
65
574701602
42301
421125
605905517
29149
9690892
15
7287629
942009724
23846691
4951854236
4036596137
659952
339
857734
59575
357299623
78660785
807
51926
12
584171
3
2962122335
4625795
887671
1
659905138
30
560142769
896
61
61446
4127282
320017419
434462469
77101115
748
4
467
3744656318
4
860386393
6018
210054041
7585637448
382924
892335
36683591
63564
2936
1669665724
7179283226
13252745
2290
837392
4470748
939
127873
2
317903007
7296145
585
2618665
285
3735095208
1482704
50
44
4710612884
3695224
9811269
69124510
9207
96
741048750
3207605
145597
79768
6
171443329
725
8
7362060
21514
51157598
406691696
2
6
299523
95753124
9943
85526
90
83
7107180
525936
54173234
865599
1
5219311649
68678
3704672
7583139008
480186316
53265228
869078005
943824600
121
39946974
6575
8
282539
210406659
4308288
36233609
98653
73787
83660
1498357
16149970
409995422
79681
1411
66716736
48
14518375
589
1
585
9371493
2028
41384
835275395
977
2228256326
5307898691
19192
63587
7235422654
3324177256
75
49292535
17
467843
845516
91
7719
311543
6913946765
918
2275734
138636902
4214605
631591
8264
793
62131123
409415
42
4618261
6309945
134595821
4
10558781
1625387
16111
54
10891
3379485220
28
395
4880610
9238939388
448569951
2
654
62
4882124
7988
311947794
266827493
43
15900520
108758
305
6303560656
1284565
322213664
5236692293
70
198214
703209
80
764214
456750
583
9238104446
943254
549726
859
8
7264684563
301785009
6871539155
510
99
1897651902
61080
92524794
1
1261
20866
789
843906
387470998
40737
10
9
84023119
9431
7
64
5920
282034777
29848
15292330
890
279829
1874
7756
488184232
56704688
9
99185
1983391
76963203
9593916943
6514
235
719456438
1733
64576
69
550572
236940083
6390017936
9
6218698192
6322860
5161591363
92702841
392362105
7879966253
512237
631306
897
161182422
16536
944
274054
86540
6591463
966888209
6549668473
697789
97
1
574872
450476
5045893
1
47789201
5471
1
19734729
8
44
2726
9
31
6457005
45997219
52099065
517256
149535
5182092404
418
1030511
3392642751
544
82388570
1413716
532
19
91
42
989
7794933062
5755
5
29
9538
15295820
4304
3273
959
78608
68575
4618
183605301
82
462
26061018
542
638767513
38512067
696523
43652480
8838917054
3626746251
2095818273
192207
766293921
47712150
326065661
9390
7168
74
4280
1152
735596726
46
25210
335997
416
9661579511
958
92
63558
1
16049230
45
699306118
699905906
80
2525913
44
1599691
918334
94
8141894
210456
2274
67522418
163284314
7071316
573
53339
2
247670
618691
563296
17604549
15
966569
4814447882
4
8812
85197
84634345
873046
2824234392
2306
4317571907
799459137
12
1709816
7144105123
7588
67629
35
9185595
9
335721326
1
2344
833334
867108470
69298917
2123
54
135759232
55576
36
36222
511269168
26097530
6661
70272
488
2925776
7325
9
348
68522
4631
531443
5275459
2484
308
6
4140940
3683245653
4913886
6069058130
5976188778
16
2749
434958
5598
2
9340
92614
728
88
8482290338
253134
29378745
33
4
10550502
90451258
816
17470
555234
9530890594
107
474
485195882
1487234886
946958
525
78497
5
6715
1921478
152447045
3380
5502
4
5664
73001753
84
8133
13166793
553
359999
39207
56374355
469411
6872
4235383755
6480661
1
75380
597493253
91
9427
5
7525418440
62
4278
43856927
9010896
187
1
1
8
2650501
62643
733
163
8651727233
2314207452
1
48583276
8736942685
9931
1
623818982
428268
835049680
6482146
47990571
197630704
6526
19
6336
91906373
3397
559
17143972
4883807847
8
133
3070233951
489982
338
3
3394
53
291135
304
1
9541416704
323849
40055952
4090055355
297189
35189
1773898
1
5
7134514983
8963
27499
388329
7
38544
26754573
6293
114276
722280
64
7774
4
467779
259
1899012
95082
42852
466
407664836
4631
157751
3669
1055563
8515607190
676
625368103
3545
130064
39297333
160129002
25960970
207
2
1955658
95100449
813
82470719
5301
176612
6990364
9789373
48497
95911804
42685
65
5329
19202633
93552251
96077
1681553
8
36596366
2
17737435
759
726
6107928
9354
3870544560
68586992
76
3
9974772
172134
9520
7046
1
3819356289
3
1778516359
3476
5931885
631611627
53
6112307
359032570
7139102
91336971
60
43824
7224589
41627
3230113204
5420
32
1970190
948014404
263223
79
86151997
48062516
90
1828
282
862863775
4889718
5361104
3665959344
3703
72286
5529280243
30999214
8281176
6185270150
638046
12836
22589856
67630983
70
1
2
705
543731
7185137
3702329
6540026
310310
46985746
75983159
81669188
670360226
39
82767448
7865
427843888
2
40415293
9770286
1927558
9
119887
8459
92312
570
803015799
36917935
600874
57
3
6862448
9301
553104
3625
6285276
4007331
339254
1253295267
61988485
937
41726
18506
966895856
763
4440
6416184396
268
70343
9
389071
32265896
616624
5697603
5943795
63218787
316443606
454504
7739949239
8
36674
80646
8084676
9416187915
1158231360
9878708807
38152824
3961076
97369
733
727
746688
6013
2272283
9406
198560
26476
38473632
192222
206
531813676
38
5
8624751840
642486527
437
782
809
628026
65
320
750287
4
2111558
5187651
32
316066
69
8591
45
7660562
7105461
9886
84793
98534
12722
608455243
86882740
618291318
7
265216953
35176302
24
910
81
6472712937
30
5333441
15557058
136412
9114
4288152000
145045615
738066279
859398405
65896453
63
43
80828808
4215424188
4
87584336
86
8629062
13858898
5420785351
548817852
4331006671
5847545225
984031838
100
482363664
42860973
701
7461478
54887404
536841987
3605338998
5153158
13
8
7548324
3
264
651980
78215609
92345
2487031
770710030
1893622107
19
58
491
1
4271234
268488776
7
89382
4629503
489775
98
9799544
2584
441293
392338326
690286803
659156
666
24234
5928
3360641
5928260
943060
1009
4
92624
7
36236741
3668250
8898170
6
78527266
24
60406
2020294000
6301322231
6596992
801632881
16147
999615595
268813
90225030
6954867
50199
39569
42803
932530739
4
492
509766553
1
7234615
817771
146
16677
394
206
74073599
551005004
6682533
54746
8233
45679889
526964642
386457755
603761
9435581209
2235
4479619176
342
552487
72260
170150
7
9331395642
412
1900
5
6841052461
66414657
6
452
52
6794779
9756437547
77363
8169909594
11320
7
204725
420101
33
642736
424
498886
726251
4250820
9991740848
95771
7
9746040077
31
42408936
12271
65395
29126053
726
52116890
2465756
3985300
7928634
64040237
295314938
2359717
6188
7
1329
322891
363070869
2
71094233
87322
894584
783543
589825
7124313
5151361
31489586
44409596
115
2775737
80
410662
1515
452613
294661
5474
510949
33164
180751209
30
200566211
1685590
190287
231
593513088
544635368
9855
6545381
881
30
943050
17349880
75169676
521699
8
34441
41540297
7
624
137873
6279
2451
9
2127234433
9671
69356078
199152
96
894026686
4785091
4335
8617
376
775
1
3
109
9819218830
23
39741
240977
82905949
900065296
5
54
9
2031
564850
52804
899349802
289951
422
4
25441
190
987168
7330635
9218
8
84921270
96003603
39
72
427923
40364374
815060
8
536857291
5570
5453058
722231310
2
79
7753973656
125943453
850751208
317171181
974726842
6
209728529
9132203734
4
8887
5
3613
3635615
32504602
41774
479
37825
8211768
2080751485
511242
7
6036416018
37217436
42
8408404415
49451692
66
13111
8184
153274
7
88
8
84118211
19
3
644987
34261992
9794862828
1740
146
4884149027
537828
4363
309667
18082
58400900
70
421
6860639466
9212238
5602135978
886641
9535
8549090
13
9077635943
897186306
9762
6518105445
737144
73143146
406878586
57781
1929813
799544
41
73
32
2970914371
243
755
54390562
8
79
4380254661
163
65011
942219950
414
64170
85821
4729
379281
77219
3665788140
37128812
97634
320339825
730801098
9036
6367674439
61685468
12
3790
211610
22
4380528117
6145
45
6672
625709294
280110
1532465508
28
345730615
3943054300
668052681
4590547480
57663
661638062
2
223
7926863999
76
90781
807709991
767581
2007688855
14552884
86912
97
51
871
203600
68717790
8514658
8514763689
206214972
297
64047
6640183130
387019
7178989962
83176987
489476583
8
2264
4
9328
293671
851
356
24657569
6
86914
13991954
8
4241019
46
536872
3450487775
3933
6
7
6571
5283012
9603794377
383924
4512
165
724782207
532687
74045
38
7701
52917
51
214306659
31968439
23
286596971
120
82
45432748
66568
69
803
743
11209112
24
54226
17497969
656811
43533
7
6299701654
846107748
23586
36698
275
4382
575
640
8741195944
4665854
37
85989
765
3966673690
6
9
392
306232
854832864
822
80
41
57
72379
253837
601305
665
5787845
589108452
27
641
539520
529420
423200183
773623
1445991245
67619751
8970
8549511223
275583
979
33
46914
16802
35
2530
6996720
411890298
436
52
765
32237
53
1253295
16861
8914065881
8183922283
7301230
46590
8869602
2
27
53605
8400
31664668
2
63524
7804972
598746675
9477
947891758
16652243
1
34605
1186
54270398
719
340887
217194
4
32646
3753425
53
3937
5351
96336
4663225076
131
387161134
54013802
9
56345746
90372
95
9
5
517963
5
6
972704
5
2
3
9
23082
36
4469
3
771980375
472
1844069
46
522501381
982184380
5429887717
9795
861296012
68029
2668
8460730
72312
4017
196708
63536707
49432
4766636928
85069096
826
466600
241
910996
572
4902677751
1015637556
7
7445
29831
125
2513120
79267
71144579
53711
8157524
5
7313394620
522
3
5554558424
142
25
89808
1719
404
3663
120129486
550400
3
74789956
70933500
1792734
9
94173
786991
16154359
97
7010
47279604
6
18328557
1038891561
8442340750
1582673
50060
76678
905020503
893496
9773165
508
85884
4147
612595767
739013
1669826
75
4903113325
1668487
88726877
735962640
7155285
2018240419
1000679
67272
3478
47
26121
76
78938117
2
617
9516204
472
5188645873
4
4502
46498
7252
5741662
3175575777
47
7
9826485
8357411666
156
4341
1451950
1
5140344
9105407
2
701347170
25
1408
5269
672679
3133929084
8609119
7946017494
7950
22
917012
780868
9131697161
2
81
898
8758313703
870626
532420907
8443
123143249
1810
9
358
5202
4195074
890410
33120
25063
5
947785
2113240843
311785
740
6215030
8267547
59670739
239
9
2201
35
47821
8
8797
59495241
366
88412461
6789
502
4
2807542774
466422
69967
687200
8339311
8239956144
2435046
9664006760
786
230720
27
779
741195
9158
733
76663
7083923656
266909247
159
62299
901298944
9978
676346
98128447
70902072
282658
14
500869
8
3480374
14492435
70034657
643
79802643
53154
932886640
265027
70461
1430779745
545
525
784484
499
97008782
52
4984858
79918
439303
807
496590753
4722528
470
5316320
9
974
972
3
95
25
541
925
40
796
767554
88920
4536500679
275231
954134
5940670271
51116
9
574
145315177
57505880
1
53169367
4354354
62
5
4016403828
956541602
10428811
999
2740582055
24618149
93647310
32705
42189
459932
1412776595
937
466047
7643
7115
8207470
36356646
570348
480141228
3417754368
7999394
43819543
7140677
932086727
54243
259569
24893714
5
40
79904402
7968325
8335052
84
1
115
648795539
82646311
4683955617
474902
996065153
7168413
30244312
53102
8948237913
880760813
7496050
51828867
553333294
8604
7497
50376
8
9609840452
21
945659
84866745
2968
1654
629
99
753559554
844
22629645
36067
84636018
32093189
888
82841
694
2
44906930
48
594
566283
991922
3001361369
487709
34
44811187
2073992630
908156
596396
642481126
9
26177
14872805
5415792858
7745
2635
5333776871
2
8161
32300658
7
3867
317863739
852566376
206
53035
28
292190681
68080
8516
45009459
4132388
78595248
679
6522375
3
76966
296141
878296927
7409
4311784100
722749513
97
184505524
6583383893
7
2
20
7995844
65559615
71613845
3664
7020877
72701492
63096537
4291139
8487794410
86187
43
8399933742
579171520
5011342
93
4550575311
9
818
4
873195
184
38
7632
7350528291
468
898433682
245110392
79231
359
899780
289598616
35
82202861
271702
5
6
44283
1873
7157433675
722
8595
94008437
2155
723359922
779
82730
2232488
69048
1
63574
80704708
5175083
620228
709
548
498322
9872928746
768979182
6984
5034373633
3
339308630
14416
8
139
3828072149
36278
9
7819845
3846029252
690
659
935
153
46
65
614
629053868
23
6399220
89596
61405527
5821760942
772945206
1961
16
7180339418
48226164
641516137
57487
4552411296
458388877
1
8
847107
42558567
38925559
654616680
728
2
295
175828834
6
839945
6048
60
7136
3842
4506046
569637186
363005
65
493938020
48
7099098779
7465
80022759
1859
1137242
1771000
16653291
887610574
7221738504
3651268736
514605775
179
4024776773
1131
16858244
393
6923
605235
1557099445
5948629
26
8541695769
751225
63
2680736359
7584
69
41
67
71
883
696
34571
8147
76089292
6159
489524874
6
9661659720
247358
4005
3321
31432593
83236
64785582
37971
95329594
2
4085
23436
95467
5839183890
304833
93988
3337273857
538619
1035891197
5
562660323
3
4747
1288437
9559182131
2
2582
7
2
57292
897284
538520849
5820
992294286
428604485
52306736
5352
8909
9400224979
3039
99492
92677142
96
62
9729284694
3
164445677
7796
16
868985
8145474
1689448870
55124743
54
9474
222
66
9558
4599
701877910
7
48368513
947
320014591
885
682139
503
5
457507078
510896254
51824491
409819626
51153862
9375753613
46028
68860787
31130
29
288539
669753648
5
122373
524409190
5
7050
4819
306
61755802
503
8
3070
87904989
642389457
6748910
1787
30014
137
3572264
5
897
4427417630
4831
9235401645
82246791
40682
99789
174809957
269
517
207
15544
4096
54
85525331
86036831
86256
74414906
774329
8341465
945567397
88
4569401
953
156698734
10561
79572394
496
369095
1582016
1576
906191
4962499
5359674
2
9593
393
863
4676486
8725536
98627
98560697
24120
93283184
7865198593
39844
23504
309
1
749
81
8498
2879677735
471
8535
71
34222
8071
47738352
944666801
6444236
946
894
3
476
6
7909
26049023
627
7
3563482490
40759841
822146796
5229461
2472689954
387086
9432460069
57
80
4
35716096
3445
5848866655
47492
53
700614
976639480
469604
6
5533244267
7
50064
63
8026559
19884
779034
3529689684
218470436
2785334
70822879
3015266824
9923
92
306
430416493
4807630636
8722
415935
669155
557
7671108
4543174
528053874
33666848
362164865
270122032
141428
92
47
1092059
4
80582
8184877
6
6058706
134674
1432851
7681373
589
2760
187
3494363
49
43377
79
86111
439323
577956
54
924
31
68663342
49
4
47255
810
3367
254510
5
8
2035
7
71798
35859220
59851
52652428
2
8120846863
4639194226
27
284784
982
8726311697
5
647853666
20039
147704
296036162
483817
674726683
6886
74
4069
8612
99
3309201478
9050
9961
787694606
5498917
1
839222
5747
77581159
44968721
4859809
5033375
18
4159442
11
9362
5591
243003
51100
736
6874
4016
93
6
207
404211
63775
62375
907755283
3
7
2228818
16
4164583
1064461
715899
460
53578
114
2608239
7282741
2038411
9093
40
7389
210412448
2279116
514236895
6552
84981
596402865
7
345
2471346235
859683696
89
6589833
987430146
8926923
878
4003
682943285
82
68206778
8
984
27
23
8
22289
9752539181
502798
1495090
9151733
76005
77
214
65218
16782132
98
7536184241
7412
870658
4771
375177
8
69
497108
9547
422
275099870
5727005
46
8085
93348258
34392681
456
9
7657754
7
2795048
372168
1600
182
2616992
939
1894922
58554
4718822
79068
2819
7659682
938843572
4958140378
52
817345
87643
1909552093
136256
752084569
65537493
39002
84
42
6503346902
181140
13
775091
15722193
72
493876913
9369784
27
577892
2808387
4
1082540155
54
6935251
284285
92
1
61
495
680
5
609
89908
14437
954412
1238104
7357
332
244
3218476276
8181696038
9805721693
763290
9
1
8417
4
81915
8709914
7
52
57843
7596700
1179014263
9271161
5
6072125945
1202
1927721198
883446279
849313458
4719117718
47177
377041387
13767
768166
20128
120
6897
72
1
834
8111
4
58330695
912305601
746175
79
1
1676
159086
899
11347811
724771
689789489
455
7
9
326
44233
5671029
9368378148
3
49392
568469670
6
129414088
57691
71794164
6735
58248
2967
762413
666592977
50946
4046298
1658322
9
33516
1317828212
576476
5
180505309
27602
60115702
90459
74
700488
14
2162154
7878
9
39850632
483682
378551
421821
289998
15675
434053
8204034472
114334
823676519
4819
793126
1989708516
7
774039
116234
1412145853
2802588
70
7732
2709300309
7837947538
2017165864
169468
42
7194673828
761877
392420
2659
24433
467666
164985869
42721480
88143630
29
150
211793
951130
719
87228
547249005
14805214
406961
74472
2
5
2896
468853399
470
2686
4598
814558
7373453532
65476
8483
36895116
225212948
189613
870022876
8818
9604703
28
104
8476764
3096746885
9476
7865545
98706
17398
645744
320520
20
2387417003
362126411
7
9977974
1769
1
5732425
2803868
8136005
30
65
797920550
46
976983
5772405
8
5417255
249163548
42177522
203710
43679
706924134
1215
1431332379
887
81416295
6204190237
19020002
303251786
186
346050754
44
8
3524
6677243359
101204
71
82272340
269207
294889094
163581
69
731361389
1208616795
25
23252
2344502
47998
8846
5994611645
4517
883
8851278572
29767
992780022
9956129655
6655
5557760
42832157
3171569427
1
133
5737
8472214
364713408
21811
420038150
914904802
89728
550663875
19387
6201
462
7
7186764312
348718
3225965333
78307
7994952555
6435489
626391467
83753
396608
50847
683
5072935
92442
85583
43045793
109825
8824
11006929
3705
9989157536
4530435
7849
5
968887
974486
33702276
834
2583404092
614993444
1524573352
552623647
31253325
281341536
833239
7260908
7801163
9969379619
4
2202
5748892
8000369735
4
562
63562096
1012819
7428666118
480
3643884
1
297955340
7465
77
6429360573
142206
1010074980
7989091609
9032
372468
2176415086
569
7
4017406
466
12369
790359
9
9995465938
1210704308
8740643
93811
3410
678
307
5485076
38
326094802
70010
88719172
382063
7769
18
1654303718
7754761
95468500
1491
1
475832334
97848
1901970243
8579799
733562
5060
51248
7
3808569
73766
4206
6196276505
6131280
5380162
873717885
2671439249
1861
97
913340678
480
424226
83261
8320255
6527778
644158686
2150915908
6818996
6019968723
1497231039
8382818140
49520683
7200485
239
5984
7855947789
184430
859
38693
814091
9713
793880204
1855
3927
2483930990
1838338
94
845
77223
23
54225
82622446
3
2
27226361
5528952
8894
34
940
7
489
7
9
435515
4835412812
6
156872
67522067
603985681
9852850
37813
78
7063
4
18369947
864955
20
548
4189
997429
6742
8576177
6
48736
2951
767367114
5749
4502031481
305434
266899
54
83975424
503
696
800
3909679506
527185
621636033
32591903
976534
61
7159
462
834987
7475409849
2849
77
4620
390
592841
4383
82
825
134185
793674
718741
1757847420
2202419
16867991
87
7
71355162
56361188
9239751725
8028494729
55088816
515881727
8846
953
96
35544
48998745
5
5398028704
8973
137412
76
4
8
1046507324
7
71551615
11
1802486671
9
78
89259
49242889
3787412628
165669
948290527
31130
41863
4153
5773617699
12943
59
2687315
92055
98
52
26
7357504566
393441220
324536
5598080
432
547
36506
975010162
145967062
5
532414
16235
9944091476
85517798
49
4
68146
74
5027
3228
2168932251
2021656692
968445738
8442
327117380
9434
6418962
43242
686348
22997856
2
8
4444030
7623893702
946114503
87172348
241759
5605963270
64
99
38105
82379
295
422424
4
7892
632
771758
6
58697534
4
4479
179
186
1640109
9
16536
676711147
2057367
91002339
3203988
78896812
6657826545
4757845697
35511
889058370
72003773
3
3938067287
5268
47229263
16514
386722536
9828676135
627043240
283710020
599
13964214
362038716
11
119856040
54
964225
84
776786
6015
9433
83
8247
2576565
845
8043704
558128
4161
22531177
4
6464
7141868
924
4
87
205166
739577628
389
7
35
6
2182195
1531105
722019
9561692562
48950235
2131293872
53722671
1
43
8366536
510062
1867623
5460369436
59806
258977
6433541345
32197
649679
601630
6995
398783
60379
8
6763930055
4504
9769
98
39722
441
45939000
7807430744
4183239
3641883349
5480563711
9519626219
2664159832
6006076318
319164780
378360044
44
3274410
988509906
673
293
279261
1095518054
3369
94456248
3739164234
52376072
4
9072048963
1
6434810263
7412
967587
270822
47
588785917
562373804
4
7725
943
22409283
2
74974
57599421
274
9576382040
3243042
901
1823262768
5633632
3684
7
5104655
34501158
3547
568
132
3
2
9279
66
380269425
4715497
47229
6446443
4633688
222637
6827779
3988
7864154
1976756
3331
12715
9
8377819328
80987
1583702
784413
1
8133776831
8531484
252907880
29
50870
5573
261
821194
65452
8630
64534308
58280
261296608
8349
45
55061941
502023952
4173083082
670166281
156336627
768860
216
9
1152469
557
779
935
806400
12735
3233503265
147866391
19795
2
3585
770524
37
410716298
377
6
24
5367011
37249
83087
85956
8836
174187891
953445
62
709339496
621
235
79834590
51804
10896364
6891
75175455
632219519
35
66791788
342147
9
1653842604
356
8912411107
407021998
611
3217
6998759249
133716124
2560877568
779
7005931
916
75632941
1147509
98669
63
2015
7
6465254695
8
97
574541
671
2536
129147
787
826564364
79025446
98511
99012
781867
945955
3092693
225251
41489
454731874
998
9753
884701
952522628
98354822
568217582
9996447789
2687539064
1987044745
2496006815
3
57370
21199088
34993605
643099
5
16073
43438764
59562594
1826
65
21107
5
2
6
1282769
8909190388
5
17527
5156876922
415600575
202
7
7476
2
6048
91
1774
5352138467
5
17679
9124
3575
3
3
60
889897009
8985652
485
120
1853776
824131173
1579354
1304049
7
55870020
124274118
649934
842760486
705819
4387
38222979
57
12427
2930433108
3840707
1
6670340
107884202
1356
9743
2001
14851
788115103
2595
780277
583156711
8627390261
11121
694227
331849633
585466172
401
8553752682
869559
19598169
4
55933611
32
570
6
13520211
883
734169
9844186967
7
5325558465
8
2
10504080
97
4
98
8389963
51263108
8766
7031
202441
4796
456748045
680030
27969514
91592588
7
176544135
9335784
99788356
8
93069
2321810022
2
3230176624
759610
14152970
675
71916
198981
289
4587838
734387318
1047691366
4379368770
95992013
4390
96
75460257
3094
2685
19787
856527
863881
5537
1251
753934719
38
467
8
9907456
5880951486
77
990733
298
1507479
52
56
9
70325
4186147
7
2701
953015348
608659173
8259468460
6724
676371802
43440
85
3368074
1865
7766631919
68397097
5758
42683268
8024
4611628
38950
66
31
90584837
2
364743
3838067662
9123731
103
720283
8
571
38935733
569
51959148
4
6
55380972
279221
317141
268002
616956822
21
2003963062
6828660
503998
298723
918368580
9908463
9243519
54
987846630
694
3650
11
7380
1
1
7034510
2225
1992021902
87
8
1375242
737
97
72
4812564
6
42589
3600990083
5733802155
5636248776
45179863
8014018
5
341149
91
96909
1039041
777065481
4281675
9189949
8071207
8937
568066
40
86
422
51175368
6997630
6759268604
675478
8019146109
7999414110
143236
8923
9137719
93
8733831488
1
59864022
390282
2701253
54
549082613
66
20
9796848
61036
3945
198
7
6472648
2911786
61412
8236763160
507
3264060
75374
528
417
70665553
86424292
7652477
348948
89062718
445954799
6344505
69820164
5930
223094214
32502
8510
535511865
7009839
2955
9411070461
55021028
6252889
58
735
9
9670437297
4324066
5138047
3675214670
522874025
8398
142
15127
7973494291
461603204
8662719629
948269510
778
789
1815215498
312235
352305
8389514447
4
27
8959
31712444
647
544814
7466194
10
4185
89246414
3896
8453871
6321416898
6920
252310
2494764
821651
49582
88
319302
56
4
590
4
293012
8
485
1665358640
6408603645
1954505059
267573933
1
15944
451
8482005145
24
7780466898
8
849
74
47
6543
9395871
8464
2638
445157
2666619061
328
721
2
585669750
94696436
823523
81586
356263
620
816522
54450444
982567
1458494
839
2849769163
839432
622
442296
41
7
75
364596344
6141652
202738
51036564
27
67
66127880
3732
636224
32977398
455689
4
75926654
70948605
11402
401894225
4304
9040598
5446860
31769366
324784
5386421737
2131012
831450
318
70826
277675232
11
9387
7004
925813
46592295
1445257
766981935
91251879
4343848
6953654
758319
6283837
7
11
377158
26408002
7841
357487
154
24488486
565629643
793
35110
5
29
3433
8886775722
4591
924
618932
8
43
719900
66609410
92
818060
8659942
594837
59150
8425114061
6299552
84339
75301
5237557
6665175
637649801
7806
17770
562809
97875
92490927
8468227
842388
11
4
2473
48225
55
7
6
86208359
5
2
571
821
8975736
68858036
8933214550
2337
24516
254105
279347
51603
28170087
587133
468139367
413
7414349185
631492
9561456889
1
6043249290
7
317873610
4453354
6
78430
9849070
362154813
433403
25230772
7642212
4
6907257
90
44
1626714336
91529
1235826292
4992
836909447
90
874
70013
567
399241
89930
791109026
5527903
161
97
96167
60279859
5
9174263171
8172820953
780835145
8916770
14563
9771
8895228291
89
2
642038
572862298
13
3
782151
930370635
1738
2134
6
3724135970
39450
26476
27
969
7
6265647433
4
731
25361389
982843619
30191
543
17115282
4
7337888
6364591022
71722
2922795699
458
9828879
93857
940495
7509465
8140048
9
6389452220
4
81
35022
2883
1
34
95394
544796871
91500
953
667547375
73915
7008
4968
714830805
5
642734
766953872
82193297
567
3237
629861
643724412
1551616090
528686
942
190286480
56
7285
75743586
746
78129
4308647
9021
9648
28931
8821
249
51579
7526981824
59
44128792
89208
58
305787
444209800
9357
93
20
90
7113240652
4858014
9567780911
3846
15168
3
706546545
657
74559
130981554
9566
107
7719
66029181
96767053
532
2423
240444
800
7575388029
2
2452
2997983469
5468939471
7
7414553
151465642
57875587
404686
54184138
932035199
85
21
4398
175055565
728
117
450413
9248
20841
4
19006534
667038518
94
4705
34
119616933
5329682821
602
9
59881
14322
93239882
5923250
2413531119
66919
587
542
568745
4044
38
38
2387630
98
3511749
35
3182
77683017
8
4
6586
4191428
853579
8
56
73595622
27
478736
7836625982
265224581
5922980
90
3559
937080267
256911
4884
813773553
54
25
667346
757
68884455
90358881
5
92552
227471070
86080269
6103
4
436
86370
4597088861
8
2930
98878
933276
9351096
6192274205
4606613
4342301541
7919047
68
300
5578611
528175
76096
67
20203
373
568
9899318
337
7202060498
8822
17676
21
2
3349623
1234
480
401658
6783547654
1657539
9543797
200490362
8
160
19853887
93
3
211380014
768103
1076793475
290278
6433365553
8
6093265661
329050
6152
537
168767556
682689
3
82822511
21
9126
7285006139
701
4691
718078975
2698293
68769340
616140
2
2112
66349
97151
680
108726014
41
692
2211270
96767416
731886
7
3392659797
3275074
8
513030
6236589
7742
431017
314
153396070
802
9523679358
573128864
5053
6637340404
94
924
619259
37722
3425878
4840
160465740
11591
9778
866809
70531837
17986
277345689
2060555501
1187
191
610
83034
82
22813
6853
19062
9
1
204
926
78516740
395553
865513
2
62440
3509
9188
57437
5
385352
67699242
66354
427
936768
8417935544
89
54695021
82
1773259983
3
94510475
6018954
81976
866
9186273
13
91
8
1556
2749617528
62
6382580
787
30
86550
67
2854
92616
8416356
1398
36548
2149
4996
31223350
144855
4738
8926449870
4
2288
799
848974043
153702249
4925159
9
278399
1624
558913334
6061
89685
148
597779
33
50693
7692773
4526537080
4210
4
4
839
6
2892
5242
5024139
34315
6
51752
20265592
688167341
8
870
7055
5263324198
71747610
99386371
33534821
40384688
993
94
841437
8
3730051607
8670545
473228085
2
81492507
477502328
1645882
767257131
870
801
479126
34870
9243204
5
1202128
1427315
294
13122886
1155780125
6802643295
266
7687231
75728603
4
340966053
4915083
9475
3580326661
456
502
7969479880
8632
56
870897194
34436020
410
7803
6897609
2
7475818954
581262449
1977206
3778366339
7697424
9221
9861470
8913972352
190372000
87740822
1671
6
2813
9660257199
2203
91605
97936724
806285022
89
258406278
7
3123798368
2702769
6958410
560
86962
9
1693
879
352312407
58
67
97328
518649699
382483456
175
3694
4084
1897776
590079
7223749
79685524
83223949
44
476397152
68052414
14
949652
236255
5815
9372408
44667
93353
78011
29468202
771746653
7032
99
76484645
9299387554
30115382
272616
70119378
7325
40450
53018329
1674106716
3486082408
3442
35
471635
13
352294902
8
9610677525
7019700967
9220522
1
2821
293
15203
208487
1074408
1859
377
3
926965363
751
99177866
3
51481591
3294
8679462840
71653600
467531
90110129
60587760
28
5
754200
52804027
4683655415
7
57083
997016
173303468
2197307
183982869
7432012726
4033553
1909283354
420612
329
12
45
4682205
87334330
8302562199
2372819819
790
862499
7526
6157
4
60444
367112433
60867
6959372154
886282
9187815
846
796
873
784486
66327469
16122
750569
24
9556558094
8395212451
3064222
8668242885
39577259
29
748505113
852093
668
5261
1117
2366
9927018
46
2053519
860
89784563
301
98856511
1414586
2785
1453
5217059
942275
89589
57437
96
816775
48
3985807526
87
3095609692
27278
82
25
4717
1
5690218182
9516
869
978887340
53456
689
8
6
986
8
424
63582114
406385584
309077127
6525
294413637
5258284979
62
97415278
1966
5
1361
6555
59980
108780706
4385
551
705849
762990
701894
6730155163
89
139291
750319154
210828887
1752050778
5
18261014
15327
3806921
177903
932
2457854
17357
8806
6108489961
18423
3716
76177855
1000695062
63
7613025740
3674440463
477213942
1069
454673709
6365239103
9
2197565
33873
84524595
5
7229
5979845916
794027419
12
82801
885720
8787851071
85465366
3476929805
92
768476
779185633
18
51982283
9
83
506
7
87729
99227
45
9577940319
8480521
45093285
7
4759661
4736848
44550
800285
290779
4792731
29
94606
596299695
231063
89190844
385344312
11342
3274609381
84636490
12
3101691
42122
2271285858
1
601
8744
612268820
4760
20797
98
507875
48
20359093
96
837848040
9830
1243501190
20
828514
998879
7384580
3564824613
588484566
374
48
863971
80459567
8112478083
82965990
92244791
57979
90872429
2812220624
79
4943025
882138773
8996642
166429764
65575687
3654286
559
4523140
4689147806
482223
52353
49662077
50735488
25443
98
9277866
2
282452
9
29
6982
553592
26321
66
522
88462
2098026887
373
234038677
2676
1229
14681773
8400
9447720271
5857500
4635133
7310261290
31701792
4
5605359
2936930882
1218511154
890232
2763266156
665136728
1557850085
3174713
288
71692
19
718
19
3419178
36574
58384
671485
93101
6
470906
2619762889
58778849
9849057261
1
49984
931
38663058
599696561
573608534
484
9590588
3262
245
32862763
508063
6
6496613
539
790
237957
468049
482
60418
82208
7168
27332
52
974
75659315
217291
66595017
8
63035
572
4
54
9111657087
5291626896
66
4978
934775
11
416447
423589
853402270
2267296
8759558
239
49
9
29288614
99
74675815
51138
9
9526582486
211
74748
52456
47
59
9137
6038
35571468
5127091098
3018
3381542188
557510345
15827
1510943
24
31
66610148
792944
5877664
8102485
6481172347
750806107
5618261479
3202241
77937
3469
47336071
92430540
58
667451714
3980
34
695431
110183205
37825
7822
1625
764
814975
206603
157704998
147453
801118583
3
801587211
1
7
6504834
355758505
938625903
69836968
4
7418654847
9934037438
141248782
84356
332933
3
9224758626
13
828972
1
70719256
4539510
27032
77903
970
7744
2435070513
523231
1
5659883585
137
887195090
766397
8
3230
56824
4063
7832695
2521216796
1468
25
614
4017652
380
374940
5
3
976820815
50886
255
562431
55112599
7695372949
179827743
16
787
3
9352379
28426999
205816
8260915554
4
5101
362499
37775963
628
33790
559700
85994
222031148
302231509
3745047104
18062
7
5669787220
7049424828
2608591
9887
2
57
8019258
8079907
708667467
2223358
52000147
635904017
446804936
2084
57
41791632
681
4852805
4
7418
5429
6605372
336
5508596
8
9645229539
226418
1609651414
739627685
6736
74
84138
79594210
2
694496258
9527610997
812
313
717319118
329502180
3337
13541375
50525263
114
74
72947920
953548668
6
3460
64620474
7793402
19
403384942
86
34
11170
4
5
105160270
516795392
466
154275299
990419
86366064
742429
21
267375035
14
6179019
5
8531772
1
43
4393942999
243851
202
1
2244539
9841907
729197469
44
4730000790
8730
38806
870
63970
77
88479
47
9895604587
63370
786602427
319
9623002755
1617501354
7332
4316831858
725
75375286
55100
38
992812844
7668181
7422726631
96484004
9195
42
5221208615
4636609
5392
7307239828
24891918
7058
554123
606
98
7
5796459
6
2
278
31
9107
349
266940771
364702
79797
250207134
737529502
385706
724168
279276625
46
7866
45373447
486832933
316179856
9294616
41429
458317668
21
63301
966000304
756908547
64
380002916
471040
36
248450
6642381839
75
52
375413
204439
218520
709101026
25303895
99
20600694
2020485822
2012
5286
42850
8414525315
5148220159
224406064
26762
406251397
7905
4682945949
194
38104
9352
2922512
72
8872
16656786
9897
76224033
8709476168
98342
50703442
8145
82078080
1
724801
542179
15081219
6
2083510
1
267
846781272
7
51555
1653586
61928
69105
363799
95
689142
1543393494
9
7061
80
78065254
8014506
806767041
62907
77
7488
555094
58297384
921386
35794
865504
7
932971
2220
463453
685662
642
5
50243
64
20074
59490
34
49941
14
468
61
474812205
79630835
3534910341
63906032
744847
503958241
64088
785
722097562
9
5833103736
8995639
8
29388129
44574058
18
50568
1401750
93
61
60476807
1514816368
89
796204
70601
380733414
81408
3554905055
402495
536200116
5897062
719
71997
8436
59
8650
1688754397
816424771
88878307
451
23685
9
3265236699
1238827
93741
25242991
89
5992454
797489
524928
29285450
2070101196
470252
92244666
33566
2448392604
5
3569592
875984461
90656
4678554
29681395
185
926388298
69674
83
8282422
41
191
1903733919
48330295
1535
270436
1
468868174
812194298
7284612315
93843610
7
682
94410
36389
10883
9292
8262612452
337
1823993542
2
5246557
67524347
81
5233069
5379
606687815
450937706
7793870447
995072
251821
5840366
245372325
9260646906
9387
954569772
905390112
57611849
49
942
777
862105735
52519
11542
82471
45
85465841
1962
8031
282
9227031
42361
818295
2526
282856430
3035459010
3588078056
1945112884
231
60
583030471
9816
34327641
660767
461926
31050
34
7900561
50285316
1189
459
686850881
28041835
458278
52
4344416098
44093
4090847234
2
3505710930
98575218
85934
57
729
841841131
5250754
14334739
384980735
4289
7756
6752269147
376
29069818
7423
137
524814149
429095474
277101
787139
45470
76609996
2082726
740902429
453685
76
433
987
89
4393519
41
665152
709
6049623
19
17794822
5
194868
70
62998
519712
894085372
94949
52
9114659
911
909326027
447
126532
2331747
18
1571
4
1259808
399956096
82850
9
734982812
97
6
171908
9669
1375394
65346
4958
676
898
407
1917117
46731
62248
674
19
1260
6930
852780342
20059
9
710731644
2121625114
9
189
576436
95659988
104701
5786595
68276673
105
7348265336
308510540
47742438
630415222
49
15
32284
9434137152
9391301253
70659273
3234565217
8
915318241
49
711213612
37
94650767
9688470
8027990
91153005
174
75
3815
4993961
742
689332
47042219
92151
63998688
2
32494
994547674
359237
52804166
6930
479350
158137359
2389594588
36
95935993
2610440041
3
67
62620
98979
3513259792
8375
7313
1015362784
84668711
152464120
83758061
192730
3817184
908362669
78698104
71481
2110
690
9662730
301987
955
703531
37874
1918657920
858
4726040576
86
4111243
50256
865290
11450
532134
8
4
76
354290126
634200
6964
36824
101177
6636
959
3
3707
591896
998693696
204826880
25
458049695
1402545009
1
31539841
63
5236193
346
5003165
372
159245
91359077
4284021568
1
622
6420059774
405
3241506348
5361
9400170759
720161
710987746
397
38419779
7
4932463
3675403
9362937818
144
9131209
9
993
147602
4131577449
7916062
409865400
5427811407
3206
8184859
17721017
6862768289
9
4278365562
5935826763
65773571
747351916
52155300
636
6839440
6977871
8664388744
157408212
2872426967
68
3201767
63602462
7520
6221
484
92647
300
8263961159
5613211
715491
52527
352274
386810615
155
34370
4142420
697805618
91585938
4153
3735615469
4
647562289
24
7
87100523
149160
622148538
925754591
6613463
8661927
2696375514
1223063
86252
8766
2
543210056
82886615
7
85
43358
839
339609709
398975789
3958711652
8277505
4855201
7631684726
2
27976
4215714
356800474
388226060
156
784
5079
26168
79434
81013
540414
23595282
2
37887714
6
75849
69956
84
54
2052
220228598
2
482473
837197
92755746
658716095
8909
11402422
1815
5483
66
522585055
74305521
639
4439
9546
3951451
6
8758
31
33012238
809966
9340062
554
3904277035
7409
59322
45186472
7283
4194850943
975607
33
790738
233224945
240350136
8981005
6
8055
14514
834
10
6302036
746840791
7521665437
4874262
812
5281545134
17838799
2784710
4772
800
45
73905
4108178358
358294492
677558
3
4
9345510
3
6078039484
34
628624
8225
3693181
56241130
578535
9148
4
3871567441
81376193
1260767
16714
83921
345
241638
78079885
189132
726
5811020476
525
8648895
87486
439
960599
20681
758983292
908636601
59052186
1326168690
2566
78716
9523
838
17
8986295
48
4913
75868259
1654
2
2540811
3
64379793
13
777
72084
88416086
9289
85
45332655
37
38
9759
375
582
13
34550
96
55628710
608091822
536784
3
745324323
37
7180130396
7
25
635
7
102225990
505529
1682163515
5080481
567603413
5880703
7191
71
188913511
7443986432
4135387
6801713
8340138021
670371736
81
887931138
494134133
817
154709
28
313041870
906
667
44413
425302118
7242873
6
12033
51916
451
690268975
60249
536977
45833
91
3
8658
795355
8564
5824
3962294472
5074990
1544226
4234011
31449106
8195470635
20
4698
4956168339
92
142930634
754
3544
16
4457
97932600
50223
6773390478
3
779616701
41398807
554
7705358021
7914073310
6579733
5
9
144
9871399
5
6
45
9246
3895368
796563
47
27170424
77409857
88695002
29022
448032
8462540437
246863
2010978
9571824364
64790964
9066
653753700
38
77193
38300430
6
7
3392939
489006
113
79937262
24
3213488427
5137760
7838021
371518
7
3860874
2681
118863
80
733506
1268462112
78566738
2429260286
3
2518737
6417750334
4431512
3748179
14324
2
2748329
63889897
991578
3186959135
6903
807587748
898
797311601
824166828
1721
7565544371
8719
85799
70
8
7482633
571187
307534592
593987600
301759
813075203
3607001
73867389
740397
62177850
16338
9923405
92
4577
5
792
2878
11873408
9
2951665
24723
4978693489
716
54637
734287812
8376218560
97424195
51326295
239520612
90918874
2
6812584
251780538
4
2
829922
7849
275
468692
92
87617
3564
859
474494879
473964006
7811220044
81820050
21473
4479408
67238
5684432356
6061976
597020
9307293
474986537
6
416
1754741
485448459
1943
4
36447
44408925
6681804992
8848195402
447839
814385877
23951956
6262
601
48215110
61863
70584542
42259314
4311268
108
80
6029893
7
2
41946
78052261
9801401
6342
7
2
52852732
632534
659
30231
10299
9235
7195511
81
4583
6729589
72959252
22
4
9020857856
3901
888
628562079
914
997
5775178
9061
264
54194
65547
2441
8942521596
6
7009999139
8764
676209
638751397
57091
35210
44055
4691384
8
71
234633149
51560
92462
1517655207
735
14907793
16523
33973
7
284008
530800
874616825
11255
58954550
1105196648
1970
631
9700361237
378
125140065
6
4841535772
1344
49033
3477409433
77367
5
22
26
533
2068762
252
952
554091
8600
6
97
481784943
719373993
70237
54666
370802
7979692
27044973
5650
4311155
8
700978319
193
929
3151396057
966618
47605
691469
527562
487222
61755
7
639635
7195
58174
105
3445
735547
67993
61
258271
9317885
69468131
6330
3
4609
296
389
5761975
72501476
4041834
37192987
5808551491
37
461013
921461813
5
21757
863
8752207
73319481
6955838
901427494
523
88232452
40531
653852
75193
546
22921846
8934607
932
9822
1347
505792
3
12744
519474451
5040861
83732
1224481144
98932
96536
512
30
77014
26326
3435756
8014
25676760
488749873
6220937
83442
88
135
803
11939805
626146
649044935
1695105417
4
94769406
18
33497
202721
111722
145223475
153
5
808983
859123185
4624657
2020
49437761
1268235070
418876022
4967
1239683
210601
6120655712
892496
153803756
2675204654
4789
1
7622030
1727
9610
739178
3413198
384
8
5853458
709537132
5945246054
334128467
1
6
4
9988529803
61
821
8467313
474528
1134524
661
351978928
2613
41813091
42867129
5481
152
31276884
258203
312093544
5
4202510829
6409
83
344739
243
99
3508089563
6915204
5
7616216562
794318057
6
380205
654
11
2953111
8661682
6032
7041795
23
4973
57531938
336851
1151576
845
6
475
1749090399
5016506788
347
6288
5298074086
2022
163859
9
570238
6157963
8503668279
1403
26565
8069549321
2451
9199
203
260868
1723883
146
3
1570368
6
4466
2667623
5782
7475790097
6097703
152777
67
35221
8387643995
2765
23085
81713360
3664
72085
4145382684
51375
30
2455
7
245
287372144
5225615546
9
101640132
981
777260
320926
14488800
5993931038
642991528
72101346
91
5139
92437364
1
76523
83287064
35
68
255660
72707335
842
3183787
92
7889
20682042
63
7
3
8765909
7
52
836825820
98
31189867
68803
65809
87
27639
760716809
9
277
203304
401438248
7368
6282
5
4038
79066
55
94264
6302
803618088
508554
5
414511549
897650
8146816
54
43678406
2
67516984
824136
654063
49
208107
8
9605683
845
55272
79860884
99711
90861
388832
1801
41106
875258
204662
589
34288
792
357426
987908228
15627495
68
223575166
4593640
1861977358
9445752205
22747
507
95974341
8
35
539
7072051763
9719591
284
626839830
40811863
96434
43254
1983235788
489683352
9558552
6023629
4521108744
2930380
3
134
31
54448
6
8164
347
56
3123146
421839750
564194945
74723411
5327687
443
817999
7582634997
26095
7444437793
1176
2
5566182492
7873220
79263
1091966698
6377
61199928
7648
80641
6842926
5834525
56048818
5416511356
149
2820403795
3
1902384
955
9497
8430
498613797
212072
7
163998
6551699463
3350509805
774
93669160
4505202812
62803
92961
54181
36050
59788
58014
8807272
8
237
4
13442327
875799
9
5369694
60
694934840
748
4449733654
88770591
928618894
6605602845
1094
1571809
41252
7
5
891
7726445
6021622091
4808271
70829330
8485
97
9798721
995
6944946
4857
4
3
91
6489
43708
75
59852719
948579
12378607
277
81
699207
6171
1
28423942
19260499
7911584
64
4288476
193
8929137565
9392690066
4876
8
5460808
7
90082433
469
42235
193376484
3671
6249726336
228323
164
9218827072
4767187634
367737431
87454883
8
483120866
3297662
1
23258
9413987845
5
2931
3335327
78149
718980
5027
1004432
36368
4
305971766
9737666
112738647
8198699829
988
73
40174
8542660
25
235
50
7565766
5237
89443
4440213990
262801
8242244
6458820
5476095853
85148547
2
7421292526
6391
9398
564
2899883
2819933
93
5665437115
866
8703713840
7500633858
68795611
6570878
7064
6320706914
393914
28
844957
1
6704920
89
29
40032
4
47
1184308702
7
275408
786
748034971
3
17
255
7694629
8236
510317
649794
480421617
7973344253
18904
280029362
984
3829235405
484011
24009
753
62
13993
9
26
5183803340
613133
86
4654778946
72376
101237613
1127
175570029
5
622255
4599
6407634419
7970030448
18
202540781
61589298
676659
22290312
349299
7
140477
159
45096978
890248
64603083
7568919
4
96
8329960
72
2680
389
786897
327570
7
9234
744335020
877
9513
88
310385303
233
3445
31
43457758
770124116
450270154
137194
39827
670196
1851
315228720
496850
329825
60263138
1906
957168265
16
53196
9
95182
30843504
45704
9164551
8530489569
7427
7799727290
43
26117267
37035
6
68983529
84
7694339453
3268087210
16155052
758953
3345300178
6528
450
11
59167
84
366312018
32
95
39470344
23365
4777
461550933
7
876
31
849244605
986025251
449
877
7
48
708706147
621272
9847392242
65430759
3486986739
5
253757813
501382329
7538
533137799
150323299
23699
335031
65894726
34150
3872
21
571686453
70645
789
51
7113
4658302831
2
944
5076
4731
1
33
56459664
30
2151
4107
7006547937
2459412
778003
571001
21683
1
1381
44513857
93110
38675218
251933192
183
72493
486
2753891391
642107465
756
59
462057832
87711
84
972
936
7861323201
6443527
72
45680990
62014272
615153
54997894
614366582
756
3349483717
2
6868
58
59
38906
718
25
111179
610
37817
2
13
3
70
9091062442
3340
3
606016
911060
7300474
30389
4120859
181
7467619
599736217
13
14322
181
742
354439531
5
819337
50
1
9573698900
4966
165
8
371
7592
7053522639
2
2360710190
808423
4853361
133
3128942
19420164
67816667
289
530
27923
335486591
65726
29
57142
3874
3675603402
60
6062367603
110
81917781
1067059
902234018
4153
395148486
4916374263
8698782
4198456683
8376
7532104
6748
1171728223
57
15555952
780
994913
99
271183172
22262
385
542246
7016932665
35191
8
63
61
71
430208113
17981138
28972
528
1715104203
47
85921477
29
2
68451
667324
2242465
305597
6
6396050
994
215
755306
87375
2393468708
7
7639004371
6685
2
65697
65
83
8514548795
34119
9
740596453
57765
3041437067
583521
38
184
31007
764
2313495
4743043
4
290129101
725492881
558
35271
5517248980
74
67882848
4878657
85229562
226696427
73
2
6
7
1535
97
2555911
2
68787097
798394469
76476
438498393
379141
920
239866
4
115825
64716
4260679
37094
28
434
6
8162525902
180
6693440295
90240
379761340
6168777769
9526035378
48
3295
6
51552339
558009586
190074330
342486
656
6993236092
999926
5102401398
42457081
75
68
2177
52277447
43
3733332174
8198
19
509
642104
104617
93777535
883984
8237480265
1
6
334809
2945
1653676
3455406867
688511794
33331654
948
559
223160
5049959
839
8751
7685572385
255134796
92398274
9
4470821
88178
839624
667639215
66
627476
6417410243
1552721
47045726
167
6
2848776
370
853034244
3
216
8484545570
1287607115
109069
85582
323
76383607
3078526
4
8975982
5645210905
7786241
28559
1883375043
5
69602822
46408721
2877
30
79
9141151
6930652
331684926
7
1903644204
9
4180978
634819497
8217523088
671380
23972900
3947235
5371675
7881
8715742
98914643
91
3722434
141596
8893625818
7494131936
64142207
382613
3865421094
36215850
2858
7792807196
31984
880509314
76127322
7
85
593027
52
8781033845
543852
7
3318
14941
1982
67357098
47
554
674
82934530
262167
241261
1398732
114
6520
167527810
2926
65286
94
47
6
18
5492034
556980
26270
46
8454901
468419161
73
124975861
8
1028
9359
1794
7957
5758
8599
925
5158072
848300262
9
953
5863
2
8617
64
29
7254
4040072
85286772
9
699
7115
7
46832
62
7792
491677925
988
613
97415
34
822
26
12619163
7
492335955
27
30
93
40
8838
6581346
6
9766
42513
7
8827841
77596
8
1253689
61058
89
47171
760250
37253
6218399
76
438940265
958155
98556
76672
588
3476042
707376
814226282
7218269082
3
8004
651759681
571231
169099752
1684041
825046
53882089
4419
8
8663963395
1309106548
4454
71269
39999
72359632
8421623918
110
265696531
20
964773
9
9
67
61891648
699367363
617
1298
2959772
4424521
4291988514
52112077
642
2357325966
7
7666480
94409038
87574
8941058392
93599076
27
17096768
659
48
29
23155
7
14
289863848
5329
379
77
5
91324732
44698714
9940
6044566
74025
307
5198644
40682651
6872705
6834
540286755
5438064482
614746
250334
637998
738
59379513
52420
576021463
742
9328786749
900510
6
637
520277
462205315
1
708709092
5410122105
324
2
355570959
3
22
8435327
92
8015159486
10202791
3842074300
74719
535
973
8493352722
45200
185722140
6
333838468
385
26540
7168633702
67
840758
8
817
65874
3
71
4
4287
6
8
471
3109272503
45
309
763767916
6630144
421
157
949
9315421
4159866
5783
439073846
909090436
12002
34
52152021
3679421982
82
2098293
72117126
68
86
1168
4765060098
940831
280837
50
66914428
477120336
276456486
2950
990412
819554
728649
482540556
73
455360
6
9896260599
29
8349
4117
1099500
392648922
205700
19
1994477298
40
7682
3116
3
14
248
26526250
62140821
811
155683
5516
60
2944490019
889
8828
1318
7
2969266
413
357377316
99735
8085232
9
62
814554
6
6911919635
58140
5779
89748506
452
3182
30234530
5592149636
898
239179543
1223969
93469
3100
23775958
3949427568
4247274000
199
55217359
33365
4965038
29
2
44012
3
2684047283
56516524
361
4421307
3332
6014302091
94541182
91500384
8
6
340691
286173886
307330368
492573
38
778793195
78
5936227436
7417198560
78456777
48
806808319
1714012
2127514315
8677
224523
408549148
94665275
34390
51239795
42
9433708775
96390
3957319157
898901
6965980
99352009
9
4
20
5177399682
58
52841
855784
7206685
2940943925
9192545476
5883883033
35
54077
443
1691687041
80657316
2977618
60965
284234322
1
11239
54895288
8828
171155
5782601
94202846
502
8692
330366513
11742
9
319937028
2663310259
48368341
1
138815248
942
22
550
5591032214
326893
339125
893811
90799
7615
7820
957669
991079
3
58
4381
513408131
19
96524
343713
131
20891814
60144068
573568
1988598
721
9
430039
5765469
900486112
45
5292851
32139135
94649030
9066132268
8
54040
463
9
3178303
375
36836
154841
40036
852
4074
7141
210097
43819837
879320
762
18374
98139780
5617101417
908031798
88
313
2683
65558774
2822942
8873
4523497776
593
79
8544208360
80532
95209790
938400
2919
6992670792
88663007
7791205
437
3393837
4
37112625
933196816
23135
2
7464353589
117
95
558
2707596
3139073
55181
93604314
44370
6345068300
278314
15558625
7405
82086
594550600
8870025
7903
21
25
58434230
16869584
75
759965
694406
6647533326
60716
964040880
10866
935909188
93
76833
41141
733186
16
823002
72190
47331
62183
5663772
70585883
6
8508
1294728664
693
166054917
3381
8440662421
890940515
9162131624
2809270
789
37
873
110745020
8969
8943875380
1674762664
26482619
59838202
19117
703652513
87
54391
149457738
16902
1944
9349
53919
47556511
7753451
1
9720386
293344948
41613
7337472167
248476
60
45
921
92162
3317939
272026586
42
6415661
723381
9804938506
794324870
2993392955
7
6809361
732
362059700
59841535
248827
38
469808300
505523474
62
6992260
7463349238
2903
2609457793
94191949
3
80033169
557
2
363833787
75743
3
5242
1594989
827498
32
4868
791529
20061
259583250
188973834
9
1781
64965
379
518923579
8
632425
84948
56930
722
61
9
81941595
3488
29508084
410806567
252040323
73234104
3532
8557536
61605
7291415059
488347173
460
483
150989039
81164103
7067054206
58869747
484
630653621
8890147164
6334
793
74537
15230
533953827
32144068
73142479
1397236636
85540
2136
84
5090
475247
42782083
3
50404
209607165
80
279530286
51
790
27672651
53
329730
60410
70691480
7
309
8
6
9295027365
1785225378
36111
33409055
173
86127
2109
7640081149
7
58144267
4156382954
81
754
68
4
7048601
15542
274690
5500857707
724970
9
2196318
29
8330873
894
2682314649
551498596
56
29
579300
1146801919
8
92
1729
56250
273799694
2764126062
998276
8
62429
59284942
849623
6723
2002644723
4
260292
930675
711735748
4222
645491
7497
428070073
7
1220
36145
306180199
65
1
2425301273
45174378
8
3
698683728
2263616327
333
8107163389
3
635731
1
8047148
85500552
608011
95270
8657683
1258
43908
5729033074
637018
47
3137785
9760477686
4230421
1424110519
10
480589
15974
33067526
18
67696
67533086
81920942
727773
896775
8
5
594602
3444
46
939324716
1
4021412719
60
953299
708
75
1789770560
482173273
7009542
9
62802217
832392891
4
4383210047
45644
52631974
3293583710
87
26
50441069
81
4
796
82
5820
555
29212223
57530489
232
60877
2252441800
80151
84694671
60395
7371
43
37167765
742
12
292109049
4003
812
87632
8539
247977
654791634
63
35323117
4941643
99854
3007839
430279337
891
69672
83
3
214948329
5867287885
7
55408
6668
2209
87271
86802
118085
22035420
2058
1133421192
8
24
6396753038
139913069
173
737
6474604562
3397990
6477099
7468
457718585
865177198
939067963
5645845
765702836
267158492
9
59822703
74
7324
8
7684454352
305
2596
65
2865
8
6
971
17324287
6668
37
7800650025
8163
718
601482
85876
5923813695
239478218
615472007
31270439
3588
97226425
970389977
37651
379294764
8
95
1099225736
64
35682
4525
78333
43
6
2583955
5147855238
815229
485588
5
67
800894496
91
73183289
4
97163
5286016
101781
1371
6
9291
990318
29
807865265
4668
951
1391917
66391018
16523295
2329
8530463
5099560
8537683
7
3763035
739409007
7
7467
889239841
24
6
21542220
4438
2903460
7699
84679242
31567
83464
8
76493142
2401500
675392938
2484502
7421795559
83
7
61867
300572554
83292
6694711
6637484
8287547336
943056199
330
56655
7359
3674149293
2
938116465
6682698457
4005384
6
273771424
27716
44
627252
7012644142
2492681130
501404383
2664498209
4
6
8921104699
16
50895
599830
4366
364789
1
8727909473
7674438701
537447
7642
1
15152237
3484
73284779
484
63
860231037
96
37
31218
5979274
3145012
23
8723469
55566267
7769
57788
922989
958530349
6
5426
206542
7
83844969
68
95024069
844838471
37
700952819
3698446
477454062
132156976
999148
93533902
60
18269478
1095893064
919
516905
88
45656637
150371
1634812238
679
21548
7573
87211630
6815
73
60912257
3908717157
6
317
43010
874
74491563
2489501
83104
1121974243
182
7892
67
417333433
32415
59
2288872
8944
84295217
3064
8428
318703909
555
23283336
20487708
36871
642599
1606631232
123
27
9
7
4417
1211653732
8802
318984
66
670645
9564813
956038034
6611062
30
38005298
25993
877
66802
7051977
6030999
2951096
523
318488
8
2
2739
2142917856
4937535756
69
56
42
802375
5
3480970477
64528
8
4
9242920436
542252
16165
456
703453
60957
8704748
85415886
6
4773
4461
166772
583
469367380
8209539790
22624474
6104327
15963624
19845499
37
746
5941149
195569
1653386191
459
9978964066
1291734613
86
502760
2886321365
331151
194146368
15
100252
3283
7
407796250
222679069
145
7422
8898
9109
28
4
37391441
11
8155
174013
3611
718529
1102
59561
432
56920561
4297926875
6184
51
6453
359834
739649
9659
8
2401
4
9824776
6699
7
32027
94
77937
3391
5822900882
5627554432
272296902
5036839
122
360808813
4249503
1
18
7134746
73
469539
548396
100253154
925
619855995
5
9198
964998
620068467
1293946
587
761
207677934
64348
615
976711871
405
2999
7
8
7967
9
69465
483
106421637
742
17660032
93098
10112433
3022840
71
238706329
330978461
4015149257
5001742873
83085
17
5901
25412316
218135
9095
7796439336
895559
1201
79929812
717810400
3
997
518152
74
584617497
873
9015
3203304534
225463
7319
134910
9
71521442
1484756903
759429817
4625975
84212827
539423856
22193
22
3
8089348
82697501
242266017
1139423
6
1378902803
4062
730
21091
925
9
835616
63165
9
7630963471
97
172686
24940995
3461
9
8617
3749782
315082352
30978
282
854
41
644
8757
102618
705891
1148129
2344413
983524
52
53485149
1167586913
21
6459900
2
7
8706858336
3383323395
197045197
232397421
8930312
1142191976
59
537294
8468063634
32
8
10593176
1
3798110779
89858366
34
1518629
40892
93086649
38282639
715951291
28215880
9366
4
5957924001
4514682909
583579577
356
68540
6890542
42981
5
58
671299
141
4248979362
62427791
477040442
4519900
184992
22117
42050634
632
712980520
3332960
511350
27423
4422991157
2
591666
833423
60525
973725223
39971854
6158610
653085603
93254097
225
4880820656
479632152
832
19
7965018
403387
9146334224
4
169740562
761
848641958
2961
374
3840313888
2461400643
27820
394
5741229
512540811
4
7486516
73443
24
55333
190374
402940
3547
86
56
72
747
5000011
1140932
9721777923
9087119
888785392
438249138
7
806961
611027
547180359
670974465
8729
2762452524
27946
1429
259574
4527513667
4
94
8
40295615
926199
76016933
7293
4204426
1526
344078898
472107582
76024048
703088207
5854303164
36369
4
52325396
78854785
3105
73893
63587013
9398108937
3722
520125040
766526
11
10
6
920794467
49914
94645648
66271
104646965
70616718
377696
8707932027
1631
31338
1414326
444
789968514
98
7
3020918
1259
4635571882
1381128136
569
93
876
9816360
44474
6912221305
14
80568494
72
984630488
4937
30
837
74493
4
5881986059
232418
56
6973
83
1
68244973
16299
7
96866
104506
844564529
4194
89936597
9545192942
9254
78647596
5025894
16
151894039
807
96823817
732757400
44661
4354963503
44
4210841444
4737864503
6866
998
61865
1211
6038971507
4049
529
433362680
72092
878490816
79
3540837
1
64638636
312583
6
193306340
649918125
8402526304
914858984
65
9015747513
167
1
577
512076647
2
523740263
507418
762139627
69315326
8
9
7321024087
38615054
26618
1520008
62
1470384128
56
9936606
67
152945
4354
85779606
90375
1438046470
279
3605328
66580
11081
335
5640093486
4
398396
577022
393
3837791
435835984
32294
15047
3048647082
665
834
5
281703732
2291652683
638159
3733358220
10884
3
570251
88
25
3
658543
624
383331
7842
866718768
6861261
97144061
1
68886344
6734
5332917563
78
231423
54
64262
36
9
458330620
1
1537302
8
2020
14428809
2014055635
5628
23450096
968094
5458038
934
3865
5954330
39252647
7159971800
334803374
595469036
399045303
460
545824701
198295468
88532361
18
15682
426224366
6240
4727
6245
13157
658
64
36934
785
632529001
6
27
6898
82457
2237
286617
36
3
957235
23471622
2272325
855346988
11
24
5
9602
25126
7197
61158
2589906
2487044
45889294
4959480
574074
8477
7
903
5697933275
497
963279396
1885779
576621114
9
653009
541741
994
74326
61
4
772273
1957288
736857256
16594
463
1
8728
6604
21
7
843415
2333
9701279
35
3294214
113399
9586785894
88
9095097558
90
233
8468
2665
8464
7
699
3357045
1473673
5
6599098
8455220771
985041464
3843
6396
54694
2056336
8
439
45
4
428763
428
7701012
4575243310
30
854
35
997
600609973
1045826523
628
812
138955697
43828
680962
463611570
8607015
642340
36136982
4789129
50344593
782
4656529030
4689908
3162807
6202232
46789
9920
110460
6
28
516
169
9142673936
686
562370
8043
7702429213
4836648676
777244
73514
8316972
4860
417
6
7
83
9447419
319240
225
1614321
166751410
77
2418913
1050
56838289
787818152
927383
501971492
4453
691
1770
922
5494383
1245
6974207
5
1425551912
730574
3
771106555
83658
6835893042
670471505
982189938
95008758
977386
1950374
953399693
790460
85155
31233
1305998
6414
3293551
8572168437
879444
42253769
36973
410737
924969
847373
508909117
191
494116
186539
7759500
389
450182002
99652
8479014
5
8
7834
6
32340076
224945031
125135256
602672477
64261616
725464938
52
948415315
578
9877
8975929652
295538
9224918066
408740
3835299518
9
975558
6132
293792414
67
250
35172
237872
3406350234
9158115429
84221433
77105
4210
80793005
3812657
8
803618133
422
61500541
4
89
41930
788
9
7819537763
78905016
1
3129919138
3442198836
6364361256
285863346
27397258
6258642214
57649
56160615
2412
6586858410
455963
9729893
315842388
90296
6
94884972
8
5
52400
26
561817
55
30695
8781
6
169855102
942024
6621
877706958
3742
1
708014836
75615
1217123973
555372728
6856053227
165426861
48
278316
497070
74647
83883982
62379
8813756
4
4837
9578
4568964754
8187416
479707
1951305
57098
71
3661807792
1
23
47
2
264969058
7
616526
69365578
940919
66112
44617271
34175965
975875538
1748379222
9925
34
86966
405403
35
8949
438
885675031
730353
7107
7313340545
823821
508
4
7801
67465001
1446055568
42
88191
274402985
6941
60454
864291
7
164
79
2372300
403728768
293711507
35501
729768
5164759
6603
51555181
2225841915
4196313039
52
3177449
953020753
2
828
172768
421
94601
28521149
3
1447785178
569887
40
438320
912632911
45538691
296
83
631918319
6588478
9866083
23
72989962
105314858
75579
54
742633
664160
59674458
858824462
6849
96180
8661
500571944
7121186099
8989252998
93
86
61
3924
78086
94158956
5371195995
9467986396
34653025
8232132484
96
785
919504
1
49026663
55088
50
3198205
365
13
646
8033578
893476
7312272
214799
6
32
66990
6714033255
9916239308
33
52
2966302
3474096614
9864960481
719013004
88590183
319415
45
6054
2
7566093
643
275
51317
4
8459
89
8966278
34148949
85544769
2374082101
5262
1968821
5
8760
8825
7305951899
81722893
863563
44187308
784
393387694
9
50
43858
543092
4318
3
7
193
300727847
1232054852
294384832
94
108
3150119
2828594
721401064
34711
31
60773
78462
51499557
43080
4123983
77122
7144183315
250694543
902
3101208921
3554268429
5877
58913246
872770
90
82715012
196850216
42395
668472
92129417
6980550
212386477
4739383
3469
5506195765
31067430
9877133
6578
71920172
82
82137069
5
10317008
18504
55785704
74
670483979
11014246
33959
82277287
813
989
89508
24403958
6311996
284
324385082
5131
84665
9240719573
6328226
5
1691
6
718830843
55489
722
74
57001502
91914
64294931
375528
8141595
8969706
815294
7
58557
289596036
126446833
7491
24
390057780
2
3540352430
3271429
10641729
430815835
77
6276378171
4
878
3146617047
7998
7
300
8714189
9561781951
1760
9750738
3130300
8722530205
700666
4294
5103929701
577
7273428374
8790642
98709
7739
123441803
7364
535689
1039
357935845
21511091
3128587955
698040981
215
495044417
159073214
5809743691
901
27195
34879
9929
5830815
6668924023
2530
42215715
57676977
58893784
493674292
3359045
8636893536
965506521
5
76317942
4290425
86583
57480
42
48877
4
182384523
9269203
365226951
338
28
48
1712343341
82136884
7632719071
3885775880
5745
48
39
2
2678292624
76
631504437
3
505
7215606
9558
648713
656115278
56939
801374939
21771
4034455454
7178212
8485405
7518
3328456927
1711
92667
90029
1377
8754207
647264
5449
226629
6132061744
8847
3179609099
76156096
8848069
82
3
755
5428296669
828736
578206
561
90849738
7712454
170160
28
55
3
89
142
5069
97870
733
5341
192
369010283
5973070
992
6639929
9
23
177
6250959
4141429395
61746
65692
206240773
26528324
17516071
1081430
4558143
5
9934468
6562
6299667
6956
6439
725400
935
6250
955823
783449322
247172617
2126
89
990
6028982
619844549
8405293
38
529883535
8
102
323
42111684
79720628
529349
1708
78110605
4
6548
21993827
12809783
982866
298473992
44359653
9
936027518
22597239
838450117
91352
312039557
8633
68123
317951
8660293320
8246
6
2950
89538394
6853545
4542919
8721176045
117
6138670
95620
45
751584
1947162772
36396737
388300
916243
3943560
1981335
985679
886043467
5492268
63349
661434
3
7
6712998704
9
14
285973
30588159
7346808696
166086
66
615
382
1118224
455152886
18324
4368807889
1497876042
805188
123222
668
8407
35242
302581
72737
3508306
9510
97360
3670665444
79756158
774693
82
3188
1681
2026853834
86
44
35712910
321808902
89
1734
273666
922
34
1102
963
72513
1295234
275
72
72645
6149
7858648204
981801608
77179
46269805
49
507
9051
4178122
5096
160815801
41992
684303273
7765055244
22007
17140537
397666
2695569
3
666
7971
397577
260964
330
27246243
1254
10
135694
351353
3714
565418873
488
7
3982
792923
68
6958118173
3
783295
976214550
129085
37433483
93953172
63
5
3
1074085
1080
67
339969
401067
62
9213
721
92
7560849
71446
9685997733
6304
59373
5920527258
186105
65437647
7914
1873
2341144
7
2018552
79448
5632398
25253103
1595
7335494
6
7433
32577219
5956
1625
2
38074
87861623
64157
17991220
77
7184
4435940
5790679
38
80
81407
424612
4
58
25560
966173
3
97
5674032
884
2705648
7427035
216230
5234
237542794
2044815051
602603
254152
97
38359
89
596066234
496547523
348
8
99
93686623
11779
25
4305028
818456
158075
36
77
70545536
93595636
9526
139641
17708608
441542404
907690655
24559847
5555
129
6589219560
32
48961310
477374828
28754722
8510
6
41268232
861
22469778
46957
5478182
176
15100
897723
2
6967304872
696
5
790851556
64670059
7683
4701029119
42
2762043841
907
316
44
16
9678440
191
236209891
890820181
9843
7
4605080117
1
431
822591
61
9551
25
18
726851
894832
481
836
1
2741317526
630
1099
69722197
3
81
9248279882
8801075310
4492735856
1157915745
585976141
273
159703448
8
8213
87765
2855
5239
121
722887406
4512791290
7811124390
3565819
9703
9004855
880
478
2152986
769548
3675192
73302
76658
463
92915
383
6049832
73143484
55
51236045
4
3
28101
590
8065904
35130
16
3349
51929
4345
84804
1338394583
695335313
20
54074
7
892404474
605198
4065240
6
434
3
296016
36589
2686
2371931
2117
31651
1
2537
3409820084
9036
3400947
1418209
40262798
8975844
614381
87855
96
131785334
35191
12454
514
567
17137
17
7162472
485911
3402
7904706365
54598343
16620
6975
27
496514
8995831
158
1797454
536912997
53670
463478
71103
807317325
2517
2
92696733
38659639
4433995
4586
317938544
68
28903119
147220161
5
2054278638
203
96324481
1
42
9510857
7
1774474547
690111430
61778462
668618678
72
89262431
1657
9084367
5015
7
3328
640
4807510395
7338
1
61457
58472
988
75405
1
62778
330853
8
5239
702626
35586
530888
309916419
943235044
52621094
9674016022
55094
56425728
182945
7041
83620
591039707
19654
13761
5331211349
63233
78798
18694588
352591309
81196502
5101
4739795
162398961
458308508
440
640837
37624886
401336336
6001160
133015481
75
18
872074608
6896898
4546340
32649613
843
2
369614143
7
516
179
48258328
8
2
749611
7205242
6474071838
422733
9844
55607082
90484
9
41145452
2
4317
251
5
8015928
25417670
9113
91
35753758
319157267
550949
784593
4549
6878845143
6561836
6313523
27678663
7826
2736
9224487825
68685948
6464508
63426609
625
16
68011971
79
3499
3217145
48082
8
809331
5
72580
2985962
981091
358215
184299
283430
64147
8795
417574020
2
2
18
7627330666
42508
8139616318
552095
7302
6315
2642
88280601
7028437391
6
303
26369
5005017
43
3
6178395
7
83877788
7360626521
7
821803942
8705
3018
32
4
51962175
8206
34482
86055
43432904
129
4113239088
1706323
23
44
52510
756803970
34484
70
85830
27
857431
59
9346270
99
3
7729720749
136
27
1104230
985181161
16747
4008718
43137
762470199
77822
5079445191
9337
189924686
23097976
650
629
30030
9069633
5876
84409
75
5
4
473
50246545
2079778
45
85
602565671
5064166
5488025951
8414
958877884
92317
3
9455836
152864765
263373652
2895107
88
74
170245
50
3621
766106442
5
554
81858
659594193
3
21
131
737864559
375
94879
979892
900
384075167
65
308
988
201
2818545
4740
66
7108
6600046673
2384030
881
23459
9945
16276
8
25200941
40362903
9051
6551835
840195308
21003
38436
799430894
8458399763
1812520301
951659
29824
5115
10574
570857
6305074
3
29
185
2561
51909138
355290877
93
235
81175
925182367
45832
66780057
5859281
817750
51726227
7
62642
1161601011
398384259
74364370
76
133329
7668
703891389
144
1060293235
38168
3752894
9790
3
1759443713
886970265
5049
9040774228
1653
1709966
7704
3749900249
536747357
1588
20
2659744696
5148005571
3761136
780709
37660095
81908779
7769972922
39
956
759640673
90369416
910838047
2823
4898933
6246396785
4
58736480
785938
344
85756
825335741
7091169
734348104
44541239
136055
34
5547164084
571
1898
9926
86742880
40111557
64241712
27242423
8
8
753
44780244
663938672
6263270285
7889
2
70691
6265675104
115937798
91
4827038754
52963
693549
3081368
3569548
96959
622586271
4308974
98389
1231075611
9401943450
26032
134
52749
7314240690
54056
61062
8942825
8
90
24788
47
7634922703
1479
21733
137069177
83798
75939965
19680525
674
3003368219
28649026
962366
670
4
4206078
8235
991
62
54873
281259
1187
83248627
23
900560
563947
1253182
4337774
176070211
816126717
68
42774086
24349988
68944
8991
636652500
7733066193
61454
592
34014310
4424009877
699
79
9
3
6550738
502
5409751
58
5018
4694236965
8662729
4667
3132723
916846
616
882356
67
447454390
9808030
9
1144900
8
289
69618
793381
80250222
9306829584
89
853557495
495
3266427774
4386272743
3016
97288543
69997
5
9446
485443
48404771
8761477155
664115465
9220
588321934
130120819
2
8
9254620
3
4156257
93610
2935
615950440
769
20236
2901654388
30244
7216286
9
6
64183393
8503125
102
34301
294406
2690448
939767536
1386538825
34966731
7055
40
8139906298
145626
157963
93779458
957
22269
5960691730
5740592617
29227980
9333279682
256
6
746
160399506
7
34
236830
713
199
63
34319
858
7512
430
28108885
4379
636136
9779796
4173572
49339
5211
162923
56540
34929
187
96
45652
20074736
40824
433213
10237
4107
289997350
1205793892
729964
7056
9
22601
52719
742
6130
7740
4097536586
64
641
3580357188
417
776271
91505761
52172
381
10
259
9736276
48401661
145
873140596
517646
64179361
40774
4
3
7624
75
957559
52362506
66
17
49471
24718
1
394409
11722
7080
379
25478
835
9406942028
48
3
3
6
17
31
39412335
1
25
6056863206
8776881303
4
53016
4652
420160360
263862814
43315
39
509
447384579
7684840
663
2653
762
46642493
5968
63519819
6274020
6374
91
55
9766
479211933
247
5
8168233642
7023
817196199
812
2543
222805
39353
81906620
11497377
636
9150
6287
5086
19
262609083
8846774
4342062086
32144303
647
63472
7491
58
3
6719461
583
4425
6
957990
61797505
160
5953729589
94560038
9568523311
993007
95
571998993
3529009375
364183
548989
625247818
67475607
6
95
83044527
5719064012
37
47500
63733
48
1755872814
4
245
44819799
67767
42
80
849175217
245659344
37916884
89
4
97276
593585
29296
15
85913272
6664
86543593
747719
78
61465289
8348720452
5
5
6
51
9125102914
60002825
5148191801
4840979771
489
8627
8
525067287
4982441379
50891090
3539
88872723
40
49
6
3361951
8164150
4864443472
9377052
3780297669
8
40
65323466
1957025
6634
633
6293398
222496165
378085
828
2764457527
85434600
9082389
59303720
433136
70601
5
9
416
576268
300183
606316577
99283
44745592
552736986
2
344864
3705341
12100
81361
754809
967503
653784272
16
23065
5
41
53
54755
407
30
117
624
124
8865854837
32
313010
3
71371228
99772
1956265642
70
35073
1
535250658
5
119671
7455078867
5865801
8554
597987
14
94268
59009483
761269
7830242673
9637819
8623
580909
951687
4290
47
960032
753894374
793383936
8
401683695
1357
28970738
7
6001742629
80983
254
6208
4468
3585465235
91
9176810
99609
384934518
6632915
903001
40
6606883622
6761852142
3824183
4
330450586
5861596
701
46845620
868509876
608454
478
945579240
8615
23035443
537
722580
88912
868791075
8666393392
60231792
296
813458913
810776
397488164
733460464
792844935
112
662749
508205
2174928349
4
7892197
84867376
987314275
812
323
49520529
8273
9300526
95629584
20
4671569845
9
601510
707
950520
9179393509
7418353
44291849
306
753076
173256105
43003813
4919203
1
6
4735118
7
83
66
7670
1145002275
340214163
2
8245860966
449
53
610431
4
549161
84
276113954
830765858
2591695279
869998
967
36
98555
61935
80878632
4
641
906072661
88380851
39
86
9
8046365
1409227
587729
171
838281
6507201
2
23860
81683806
2
542873
5803227
36788
353
9726633019
82
4012
398
9960157
87038536
44
41
6493456
11
85
78982807
397
88715190
465
68372610
86657216
52133
82868
337464
168652
4099
650376126
9704932
39
3653327
2523380
518
1761
4464881050
183485227
472175
684385
9504106351
2335531
5506
975
788
98
71352255
86
352
236304869
15
26
9
1296032682
906010639
70287
24288327
3
64427374
73404
4
794
527
58
97631871
49124
97032
9547125
87364930
241218293
3613800077
149929214
87
6726351534
7868161803
48427609
97660
834223443
66
4
36021870
581367
160404
22
22
923767091
718
9123
7724077
5060699061
1814465
13574
843462
8481450356
877380894
704726
2
713992
9187
7577619766
6135462399
859698
1004
2499
9366
8696
96
4032
69819027
3938778664
6695
7
706337062
431334045
3
1183087137
156
5303
10
3206
54
347
9804544
697463576
2734478229
1632029
5782617746
5577491627
21381
6867780
88749965
847
30341
75825
19
312456
457903
3
27666
89
8
7047
665054
345991
2752418
1677
56724
90
6159
462529
636406338
8795059701
7248
60840
962749583
82047
90396
464195
846776604
69769080
5
7
714213877
220476341
987
3810899343
57047574
53
41804903
1
1429242427
244174
28
6882554
3569
8815191
96
54220806
8992293
2676053
8668490512
388459477
17
8528762725
25484654
1568611
876479
589805
956
71392079
4
6891
7837531154
6
1
640202
28466656
37361521
41897509
334057839
949
58
382017833
14
730
2
6176698878
6720577167
234
8
3
8654770
3956951
78814055
7587797
9
2688676663
25103095
1633
446440
253862
26297157
945345
205965
577069
4412059
2161848
53
261
4460612
7
99367298
6351
6945090360
96
725
994730807
66459143
141924
2584521750
3054
87
771
3578239
2900
572239466
51
6415283
8802169204
291
5192844
6042843394
3064888033
955399
1765078744
30521202
75693
375
585
1
8559965
6054025625
985562
583570440
72539159
85245219
328838790
770
89
8770
7275
866781194
7
1698746326
4759628
865083
1095839283
5946868
548
396
22660296
76305
84369
1
786319
47409
4055119
113
4106367
70
294102068
686836
906639382
7747188242
7907
3077
142
509336
85663
2738081
983
3882
2827964
5616822711
743198
51161
233
2
31
142204498
61
7
373968
95318
35740992
960800484
91122
127
38
415513
7
9341
722344774
698101
7899
661950
328
9185262200
4469139
807
781962026
18495
97834
7129296701
6
2
60
208065566
271509738
1748379
15612672
719644235
6276080287
74
977856891
769
934185419
15
73532
637742281
309
533014670
6907860
2754
73314
6874419441
74098
89854764
587157928
160351
257
1909
8112696
4391130
480093123
3503123
530215
723750309
74
8193432
33855181
1
2
56288905
504169334
6675
2
260237
8
7386043949
7192391
1
17370
5
43
31703
804946
56266
6209701
4856
7
3862945
7
262802928
119
98042189
8194
237280
6755864460
9
2457110071
41292273
334022953
66982653
65429
928927624
93280185
651127001
19
26904
4
8218540
66207
8774039
4
1339
124955
572444
110755440
607681
55
512
183634898
8803241
8268
399929499
30131417
5
7432498
292
9
860562
9305758
8542
89969244
425227
80
64898
3020312
245883
505
7348
5658279
196
89
36046
7053
70890894
84
996404
599294
3
8614985742
640068748
62587
458140
2
93664
4397
57902414
87263042
3001203
74185232
763203
86444853
91066
868
1354541
894090
23574
83737533
37004650
4909334504
5765557
6
1
304
43093
80517829
2481284521
548162
255
8024973
521027
427241314
757078
16720174
35390
9650403349
121
186812754
6884076
4892843362
81943326
5246569369
8
6664692654
9277852099
838646
8
15818
619694863
390460817
41819483
1
5063176
643976698
36
900607798
816
1783
5087703302
1
3414
34936751
2052600
8650776265
86837582
3956
525443
53037351
5398652
8584739038
210355
1
87784073
4381945
765500
4836698
363680
20557
5243692
360567668
8920
6568249
7595730373
6740473114
58833020
726871
20158
4874
5448255
9969
638
75742121
7984723623
9934958
8483491389
3406063
6601500
43352890
11877
743
5601402
142
1059288
92
180008
2937452
561173
245613
3208
2457961453
723006
1
4
426354074
39
189246
627443991
643145469
4
527171322
3
4536176396
328
34424945
3
949
6307787
83741
292401
332046920
23
9938
4565
11952
732287
551120
26011
73907
3
636
4332881726
443236291
204539
79015835
9508040501
5036166
7750
5
7579
94013329
80549480
145839
1
733227417
11
283
700612
508642
6059179187
8
11081613
3483
10
63484
9978390
928363
41604358
6
59134898
1194
49
54
21240
924577
38516184
6059950
9271155028
1
408
908
3674
7028795459
577824891
400899
856506104
135800
1932887
3
90165641
40
6086529446
6174071
4161
40
94894
5299
6817069337
664566
4150172
32
844069465
2
7300103
73070
4083437
993005284
70
9356571434
84166
2056951926
4974
9347139627
552262101
899185636
1
7400675291
5017135988
3310411870
48457861
497850299
41475
511
143540775
3563317
33442
51901
2626378485
395
6094317
619
2735193
327993928
26518
22
9
7
58522
2
85372861
9711705
7123364446
8327226
536943
1
91636768
569413
7490
93
1764
584566593
687611456
910325344
4921
84
2314895
469794063
789
6641
25474
14
4893
583471
355
5204
30636
563
12943
2233
10
2880
16
59564
6941402
487
583292200
16077
33721242
6358
553231849
46
12868960
52603427
3527
1985
391208
29135
1
1481
6758467
98943
58
370407
9770
133
38
35584600
52018277
883568583
445531
159481
42
5
73
6011
3546
288040
2710740
294588160
90788376
94093
89
16586
22962463
26
909
3810
565073
4139371187
8658412
189
691
263
68593455
78508
8629750283
7571867
87244
425798
30568
2277
9974150
8
43656
3
5003353266
121
31
562
874139861
5677690
7469
25
9
109339
5910660603
9492
18791630
104
873537865
252313
631
286
305999958
4861
28
78
4
919
37
40760
60640212
13
537515
5
692243
8690060513
942537111
542
41260
28749
1824416671
788196
60801
103317
7
88
2011279269
99
947273815
788
55031
9061
70671
1272
4484314
751
592
5
142772430
786269
272283379
502992117
87632
526
8989
1052317171
821
54899392
94
81
38
85
349
2061
92
7161
3155494
9
780822595
28716
22
30140
191693
93
522610
10833726
4813332805
268607
546756
4608549
98611429
3762
9855070
828941786
4921398178
413573
834
1324438209
6414274
357321
4307868388
517522697
964208
885683650
1467681
5
674944364
25171
632
544979850
2612195511
86
160412
68090
78393
8535
4044569629
704
3475
7885
6496551306
25
7612770483
4909515709
775
53743129
7126221
8
700961
72
9827836574
2393036793
29546
4477689
41
67
524
44814
431583
2461
458251322
3321316
95654
284
362
241638249
830657
8390083445
45874232
3944993
882880691
4384743
4
5259629
8408
835446680
895072
9
115
336975
711
4565
5575
9
390
63
62612830
484
5668084
577807
6613
82
308651
51374
1233822
187692938
75
68488
29
9909409800
830456
11560
434162
8081
879673
743924
144878
7
177
717239
460763
79802756
3194830
53508561
9268922
2
7
6812
9674141
600
423
68413691
40198
282858
69
7646959
808570
9585830
8052262872
4321212167
423411
199271172
4829
1888396
5207329057
6238779478
8026105
729
9607067
4
1
8
87891716
846064
2358
93647
3941935972
2865266322
87
5225685594
5665015135
2741
5
4
7
17088
7447
9
91764
8930971
1
6
62248
7567944
262
424075357
563877415
31025529
20486
6982
8353103
9842535293
54837
996
114
68
6941833
2058863197
700214
65917461
5057426
256
995213
2698
596820
532569075
47982
40743404
4513366
7807708
2183802997
24799795
171
8958
7978
94
8
1
2529388133
54332
623079
61821
65773
41080
345086896
9944364403
95955
520
3141
6506591
5199073
560986844
899392365
15187873
8
3388151
635696653
4619420
673219
101150
9450303831
28
18148888
786
3353176603
18
881198
2
30355503
2103966664
4210
86
6
34404
42946541
85
60410
9557
25703594
29
3
8303
2895
5723
49718
36
2396
815
263092
770685
7252561
475966
387
764432
7278546
8
87883115
7024
5
620633
493326
8488092
6842188898
5248514
64053687
33206
18788
6661
3269556
8
607344319
6459
52567
655
8
73337
89
26330564
3
27
1269705569
422531
8
5
9602564
8486364
9962570857
874417447
85
741470
2
9852940
4320789686
3771
3
557571176
3003606884
44
40768
214
8
3712726
905902
5798847
15
40
559
951
150434
33
31302
35830
505864
30
3621011517
7
36
42
532392772
239955
186979770
641170
8088306
26
55
4017266149
10
315941
58
660932381
58332
8844436
8
84
7998110643
79706
87
486863744
30161
77
70788770
10
62587
54
18
892326
304676
475366
1793831710
8456732046
5078508030
6
9
609833
882683
38085416
64560084
9
115308440
776338804
6575
450045343
2077
394728721
34020270
42800316
8169779191
2
8
752023
3121876
517327504
7907
968
6877894
41
682922802
8
4847
884214
217451845
80507
5691
41941
716435893
88336145
786424
8864
1670788
4649
45
95630292
725941
68036429
7
47
56328
309577
89
31
79302
21824180
100700
455
30150345
1
2581724959
14
49
692
6935320198
8539680
2538479
51762
62056749
7990786
489681
161
6821875453
46336533
733
1
1237965587
5879634
97691588
828
528331
96591911
360258
57352181
34115893
1228349231
576442045
15
8788
483
61672428
873470949
3617945167
207093
32674436
78
1159
721912437
840051
7
679065636
541394389
95
7974
7549
52221
9
594
5580117
5821352782
61
13345896
5545
6
1695225
7658688159
590
401
128
41826
77039
4466695723
2787
68375
173835821
43021633
1
1858
6266794
69452819
9835
92
916845
69725
25789730
1395
48904887
3309
93271745
7387
894170
638616
7129002048
8269821
32815554
520110906
34
209394
4457726
73
9117758
9375
67964064
85095
3
979794
2765649
90839874
72196871
992
248
398
187842
64
55967323
324
373
7
73120
450
1648
8854107625
9
490
814057215
73985
6
94527978
500276677
2694711
974423443
64
4552
9405
30998
16829273
93796
618
8289
59930443
79782717
2819231
213
585
411834
2575215
87097
97
4470176920
9
7809196
8910124
252979
8187
961800
5722061060
7768171719
918
1206069586
5999846
1790
4
127300
2644
8638435092
4994093500
3262290235
8
711
29
23214
192704
63588
4
8
5829
804194
7262800
96553124
98
25
22057
6880754815
1
7600437920
8963
9248
187311
67811
108925159
1502558311
16
3564
2
55687315
8018999
9867872
603841102
863405
828
755947835
107
75515
225874799
732
72626
97132
9658739755
5681041
8
8
75887348
40582
419841427
2982
78182311
1882250
530451648
361508
7609449767
439
53
359069
113
76
455030067
271151
180
65699
2571813
28362547
69824
64209690
1969234228
432
1283127
188
42
1630
848035206
2891
437
955
839
8519660171
974920
37
6
8
16309910
17052364
151019885
714943876
5902113342
421
11
84510819
509771600
43479998
94555349
37393154
203294
4
3698498854
61
5678
852
2796
665041857
856663721
1347871
139170
26362838
5
906
5376665181
9
31
3713
328022236
4042051
4
3855095837
908
9431342277
207985
1694
22898813
5975556
7717887
862304
3838013596
95991
99896810
424
5913496
1
71
936030477
96481651
35
40
14
3143998547
1655502309
5267669
544815083
1134296
1
3
22551147
36441
8461
9
866724456
980
4365
33062
9608211300
5678234313
195108176
9764119
244
34463121
56
19499573
6172724
141
83
214516
976172
8851
54083
9935515351
7257131803
79928
6464736
5723
1377231
2
2383623025
3543
9840
3
2
928
8
289178909
2109909115
11637
68935811
23
8481
86885200
2868510
72847717
282792
5132
6840466
99
85793
687211
7054693
550580
25
8949256991
167305366
71095
5770561
2442029182
6
196381
93
342498151
4528771239
2214
60465591
1438
9478
38395
30
30
698032431
5
7
177
5
439584302
16084599
1
837709
750
6963
751949
4
1
98135
82
300626434
915360079
51568
3918
703938
84276823
6
5629
13408598
418
2217042169
822059
1211
6
9791
83
7954
761271125
16094147
78331
520614
123966
61
72821958
47
7335365189
9095
44
4204458697
1
8588249
99948813
914283
383957
239
86859365
8792
191054
45837
7823
36311
7120426235
61322775
27591
4482842
35
8424922450
93267462
9195952
53
907
890
24823979
5979
5577684
444
6432233
880391
29
462346651
53428531
98883
6919632478
8324
405670
92847760
9
6806910282
16169891
2665
26902
28
5953671142
143
252599164
8791830
5
9344379
94
990
69948275
66350
8321980870
5
3606479423
3534264
164539028
760828651
91213
1658190
367
3388978010
195
89
136567029
24
56336
390
8394244502
7684351
80506190
58
7
6983
7049
743641
1755110755
47
9157316
332629004
3
662736289
6280920836
319711866
8
44
340
930776828
695344634
834
71455
23940600
81023
8395
745
896285509
7536080
61974
960509871
44109
12
43
28
195
4
54947247
45
1686094983
8
9712823967
7
6411
62902
44304299
246
9822
91
493
53
5
15979311
20362
1
214263
3636
34144
8
67
65
377906492
6837679023
80735259
274468
66
8023275451
9061034
3774093
70184
863884741
535573233
68
6129
5
6830
1095
21586
4865721045
7530
163352194
91792
7679791
6632006
1131925
7136297
8
60934409
808676
794582
1975157
45101
633994649
970614554
6588523443
181
38
524529
2295307702
520
94905
4258709125
3532546
7369093742
292568
358588778
8774041544
4
255139427
63675
6132
181
7908654
6933165092
705455808
7325213
6079900
958705390
764130546
4920184
5497
52
5002
22454
5438100878
14
7390
5458682
814972
67
75
7271
5785370
5147327352
5127218
5019613
6451236
315964950
3131924904
540
7109427649
5
71
63
185
271615536
69
550487
9153
503404
96423
8881399
29933731
28411951
3326
16357086
1
35
24394
35
390
8668
9
699854513
700032
3
72835
4904
89017
826869280
15856431
1948053481
8674951
42560703
3706450
377303705
3548072
30721950
947
387994344
4410694406
37169889
3422156
6987037811
426
9
610897934
8
87206484
78
1
20025590
71726
2286163650
340797
8691707272
495635
3
682850
2
6651207779
9318
5857390
3402
5096505466
2519753384
849497515
1355
6273
6534869
6
8493442
504
39223
8066617
784
844153
91827
2919681212
5731439891
3
996102919
896
6
217
9153
6
877973
8
9134710
9
939575
380838
853
96800220
3217581
77
55406
12481088
5111862423
33383
4006
7725
23884
164169
8
691118119
4465957
660204114
6
937664
9805214260
2
180
7078271070
1
25516
900
232268788
880
292
418839
2756481
7027320
5556294
4226
3
45126
44779160
6158993
23
45149924
35
4525339
9598
7654
16638
612
822
48394
8483
35
7994
518561
36
6309521
7362721
529546
47
81492590
314454
2356
4818985522
51765
439
991735
8
765
3585805422
991180
3
130
922
8407
61
3628
7239203
148423
6994
960951470
86
1006529
60990045
642233
8341702
8138268
71
5014
72343
987
1509449
546090760
574
759634594
95000606
425243
27317311
2209843292
627
30
199628256
749
92644302
758
924675016
30
7540274117
2933505
8
8020030024
9745534811
88
95
37
599542681
66843
878816
2695
6751
346412398
49549478
1025
81
806
9626
156723
849617
919104
2
22984756
16097
816
65
5929660569
646
89280398
43334980
66711
9545
57009318
6672
5062
771519823
688921071
82130996
8856
960692261
65310
2539453276
6
8840320651
4194
628928
46946522
9
6026421
4340
5605369
74384
2908
389
384289
128
264880
462409901
95163
6230
8156
799359808
44014422
99
433910
95522
5
1768640
77052
5319
1392
36319
7
646234427
472
75
7435001
16
8887751104
75
4
638636
1301556
65
140078
306140972
26752599
45683078
337
8400298029
7
6960773
859381
988
13
4156671461
744158902
341048
4904093
2
7551081220
3039
8027468
8478
6
3
8140289
2673299
1
2346567
5
12
959981655
1432128
1552411
547543
742
489971
962098
82174
39
31804668
495
329
7555
419403011
1077542
79349525
82503663
5
67670
3310
3036061233
2
588
6460
843
4400
6236495148
739311
10547
9778482
797
993998684
5870
424
548
835401794
8286889238
3856619
83084402
798755252
814917914
24442
3800155
9926498408
633589565
7102
5538
287790612
8351784
2243728
109
7507179
851362
83
96
708179
7437606
22
419694227
6005
147364018
656
190289666
3507
89
12613707
24
21378
4
51356
307085
12
9526688957
9398193
68
9
6342433
5
639
1960417
5927
83280240
13774501
6029931
4
1
3917376
95629
131166417
17446043
925
5426421
27
466
330
7845069
96074320
19948544
9362
5
4008910
146672
43
885086865
778193549
1
6044
31287
3626582
4854640
2151959884
913081
5275
5103
8210285
1781
5
4053943
832567244
9458459900
65121577
611358501
6101512
7284374198
780775883
13145353
31
77922057
9647653341
683
8945748
4934953
7321658505
25642037
190
209
5713
927
1885659685
45
8187540227
1
9474419478
7629724
5599315810
9734392
9371
95993807
1180842
562410105
326
2
5
5697481829
5111650
309
2766
4701862
8357549
736
38499
29
79984
1034161432
807
21623998
27
9
13127898
8410346
7403481515
3823915516
14
839225
9191
41234340
73
1068363
9763080889
526594
5431091643
14
535774677
6
35673556
65378853
505
1410302
863485955
4178741
49575814
441114964
3
159378947
296617980
7389752
161
506266222
62585839
7301755445
786389389
58904445
344
486401740
146224
691875
9768
73945
9270665
12
29000
5238
88821022
8805
5004
94
933819
78
6551417
52654
136
49672
49602
5
4
75820
4574029907
30319
64682
711
903111
7836
51
40132
96917
8345333
2
5847
87120
307909820
8220190
761
8
992
77093953
2133803877
74
4
9623491413
350020299
26241763
183639
11
799157311
42555
4966592
1
351298692
979
630960310
91
57837
571
3360750
8
114634
88
5366638573
4561135359
97102895
2207369021
8291169767
98483565
1899
93
19815
758605332
5928768419
773189
6164795748
4099813062
1
99
8001071
4039948
906353
2
127674831
62
35978
73
1899696125
57342
23
377
626
9
21990
6918
1999402
604130554
9112
73118
5411858
7693816
3
5378144889
348
14340270
62108845
566652
72
38416
7
73
3969
73874
97833
407905243
9489838
97776035
60528489
99784
7096826056
564280135
97555
8
6070
5
437549
8
1421167
328891723
1709807162
12891952
555
70
7269037
854784
47246387
7
39942816
1470
963
3
61343
3598
372177
75965
53768
656025056
590
90961291
99366
509
65
8
78717799
9
734
82018
98201
352565485
94197585
80855
62
3
862706866
845221
591
968154626
180388
3909590777
65106377
837508
90247
84284271
26
339
212
5627
57
92259071
8
6631
62705
443901
19804
379
5042
418
570
6
243
6551964
461029031
8945119
827583404
15708
666
45
9494
17
969214671
202
5075299
16
803
4749
5
88854662
846426820
4
37
57535563
587886057
175171968
26581177
80954
7864
6719784
1080520
15
722
4
5512
8611
3590833199
62
75228
1192316
1238996
37
846
70
5306381609
45496
7896
810888
9118333261
4720452
66
93244
6
5340479873
23839135
58
635
25444
7
961
90842541
921724927
4651
2
306765
9
55
6680850
477917280
132
57
28185
97749220
23363
5667479
2008
911988986
35146
9
37734085
164404
902
9
102
4572
7494
60967
23
5675497
1
8
8640576
369946344
703968
25869
743
80
2197195931
4723500
2025050925
157
2255
8645
64968
31
4569257
1
84379
94456
788
6583
783
428077419
3306
9013152
1185
790
5963
8
6
1106299630
6593
8357963346
8741
84149
48291
9683249756
8645320
4339
6
96281
9
33789369
5
385
7488421
14641136
2
4
85
4881
945
460601568
37634771
5939596
6243
471073
162
4051892190
6
42509031
8148
96991764
114
615009
7687280
44
1727
105889724
665224
88
8362699233
9428
2164414
37
446
5655666174
101602752
854
211773263
66097772
6
844074
782
78845
544
27
8
738804952
98605
228317092
3570
34
4885
95428935
7311622
95336
413982164
1764
92
7107590169
655998728
84757234
41
589064026
7
887328
27563
6241228
279299314
844
350137
41
783
9202519179
723450750
8092615
779305616
999016601
4186648411
15082167
2260498
144455
2015760
4794283
344342
66780
391232040
415
2920999
20547
398846
12
5558104
80
208611
1710
5505
818808
38542357
64186
42898509
565
7262
5421232
8117
3049056
7
971
8159406780
91
27502188
513268
312
4981256081
4117752349
86507303
70697
846
14344072
46918370
285501582
12610612
57218013
1956166
129187028
222658307
29305
2030630112
36904151
45037
6619
17063
88
36656
7288316
453009638
1480204
446
673
67769
2587
956618
23628841
6571458
516580
22817
5
5694
969604
28057392
60242340
7193
21
2231
14
388593337
933833469
757
648624142
1
7016032822
9062
4546
1187
42985163
350691485
5565503772
6717676
2255
3207
829
117795
2
679609
6862382452
846
142847425
72766914
9738997788
624633
610488
8958310603
5042241383
76
7246738633
8379
4
34568902
88200288
1220131815
712358660
64
9107818
7208909153
5763527
695
46
3151
528
8
164776
6348
1393393
8453419191
75259905
6533011
1
8335458195
506858
8
576541008
2792007642
200877613
6110
32
9937927054
434
2675460356
71537
921600
7
61898068
8399
8697508
224509
88238766
7810
3507
16
85069112
74990
64614241
37
2
8883285
847101198
80975561
660942
7016125028
51960884
9233495313
67459
62
677582045
61762
5596148330
420528622
170
704
101
36686
2973
985
79107
4
9
3118
90172
11438244
2430824
1829931
8
38616
71860656
29
38583
998
583703829
241
953956
601
91
47
4991664
2
627378
494625
7
598
6421107321
2
3266131149
44
24668775
464313225
1
44032289
488827
4671943033
2824
161147538
9804664012
971848592
5861950
258711
880902480
373
469240911
50145437
2153122546
691386
438130
5595126709
84358
111524188
24064341
81842622
52022
9
3638477524
6134
373109
10386698
11477
14122
121678024
6
3
28
8195644177
6966793643
257624930
3
3298830
5
58965577
85
241467586
5275153
66
7800266762
176471318
16425
85860
35
523020145
3103
483317
7128082
9920307780
308
51
3176016370
590457955
38890212
3029842688
2764638993
5
68179526
166098
1312756
18
286005
3257117495
3581
97174141
8522
94
436168164
1842
9073580552
620519
668136899
6850
62295
4484128
892
1315
2
971
5
345998
239362
395833
61653
21702
893528243
7276727
8478212
96
361
735081
1112172
4
896928758
696428
41
4
44
9040368
9
68298722
207
6535
8
38431608
998
4446852
9520
973
39081
715096715
3819873092
442481
7
69
5400
85148
460548903
2213
6986
6
42619
8002
1996
6865
8766
459
5883945720
1958114854
8215
4689209
2649865
20
834929365
721943574
2012579844
169
775267226
768974
7038693
609627381
969455652
226
86162
933724
6967
2328
9685777373
7
8
80789860
96340
72739763
207
3689
382
43416934
790330
8370
4478
13009
44454
33
65
9385
520
97
90582
48
5164971
7
602278901
8951268246
8551770
997524026
8618498809
4315629752
4955826
91852233
7902
3490898
147166
7247428974
178314
10429
6881074068
1
5633855
920
3481830732
169401
20
877235
155886
89082129
49870312
21168113
22
16
10693
4
15979556
2
790
15838804
2878747098
383292
536111654
39902040
21037
2395
149974516
2401
4043960649
81472104
2547
85
917214791
4
7
6
284257
6
5371468
892
8
49070504
2220747
3129
7186
6
3
55475552
4375457
3812615527
101233491
7844578350
5
86750266
4691447
124
210788112
9253184
753491698
3056116007
5
227
7959
752335
36516
4
89019
830231
641
120560
78042
62440
527529
36131577
45073
66
55648
645989
911872176
5027918
65725
85945
423615
54
1
3948103149
92
7693
1894476
600519211
340691782
962
3182171
99987
4622710880
19
7070827
9
142
85
67082
18256477
5234
5218169529
66482
13
96391027
1570
771
52201
971650560
9068415671
2290097
219
3
195775
58
368884
6508031
4439319906
6
683879389
5
28
4882
83
4592
45098
856
36620
35582675
512785
9281
86
13907777
21191
7288
5
19
451709
7348882833
6997424
47432
1102870
175078
830119246
8
3370
21694
96
2411114
67
4435208
3327956
16
86126
98
52
227669008
27
3677336
385
87549
4
7346668337
95
3981570115
6
683133
89092
5585801
7136
464
55190853
3
135766
4449
544522
82529262
462590
4
6319311
5112536
390
312476
22
8
8170489211
739911171
345028612
7883068
5083582428
262143079
8924985
238
595
533892831
3
80995
5147028686
2624
9591
199
657818
92038
39178568
409
55
8148226
8023975596
37105
5658150249
646787222
34
9855249728
1968080
281750427
906258098
213
57
3
1
57510
908
4563895706
901953946
92419411
302
623907396
72847
9371
503
56904
319019254
32364
8098711
972319151
680799589
5
205884
66655466
6742801
27797705
89
2289517
513068
394
196452617
88502
398174
4613
429656970
950341
9084350
9630939
457
1009991622
258510625
73
34431
6725673
842584090
279610
14
53
37443875
4187724336
32
46235564
3943
7831144642
80
4
49
459
700043
6
8583019
13055
6083
42
20598418
4621208
595730431
4810895720
8271
1311104
579637759
721
410215689
430097184
9839547
79
46856421
212
96435672
45310
5728
28
886899314
16050
970384063
860003737
6623217
6673
7035584891
7593058
958103358
33803
682
65265
4275108243
161357052
13
2144359022
4
52685972
933177
160384152
4289
339010
554288498
96
26
228030
6693
1
7397272
22
704
97
638872486
5
21830737
771566
4
95537
76
1505
1168095
6
47240
9724
67234426
4598
6662
70404
5612165
8078364706
453
9350083198
5
42804
9787
27298
9094741506
4
28014984
884218
8348
5
99737
8
1
9576090
9
1417164538
533017535
5033
6
2695
1953963
65858
9
818623949
212
4639093678
5292987290
2223
185304
4498889444
4
41476
18377
4
2246710
25
48502075
984
417905591
3
8304725
4
337386
5677669962
9379734
5
93
8
711938
483
22191901
29948091
45
4345246
28682
7635065608
4876062110
114418
3202929909
398
8958723198
445912
824130
74373339
5007165
764262875
34924153
773528907
1156562200
54
7
5439094475
24
5417438
450
7732
554967
7
812
834026905
1454189
3335401
4238
2550061783
72413
7405334009
5923429
10477660
47
208
3520359664
218822247
124519
1163
87462140
2098
607599
47780307
9315266943
717280
316178860
158391
320388431
762844214
2674543024
1267
2
77575635
9959292
3
86
3447670
532
1474775
52
95032708
42183
720515
17772117
3
833
2706322
4597046
7
7892630
8063268853
485062267
76713864
8932
42
351346
30743089
71
11621333
987196
523
1004912
608092
71
4
7431
549
4369169
3166
7891464471
637
916898
2
531999
6026360522
3
1889838026
49163
54462758
5176601996
18703595
998409829
231480556
1817867
583003467
485
928014
66253357
501845790
47798359
12792663
6543
96174
9670454
227086
28155168
5945
82
23
7
34695465
92
30781190
69818
4177171
583159302
531
772254084
8157969
58256795
1097635
719058
991453
34248
9093
62681
7711
115
88766908
196
5
234
78884
7
1732
66197191
860
9817714737
48757097
818
396832
4237623
85765
823791
23
7
536125
9475
5109
794
64929
594
643733
60802246
2
71
20955
406350
1098548263
7513
8
707498
9093
35085426
54090979
68
1657274
15048
1912048050
553671218
4
207
79741579
348522436
730
8571226385
5944331
3
4941159
761755
29874
65326083
749074
7
1247802
3984083989
11359
3743
641
5363949601
5288079490
10
380002306
730874
320121102
8879923
22736
2475139166
6
20876
481
111
5531446
990434061
753368569
8866
656455
33827
642032
251238499
645
708
6
3845151
39
80
972315834
13614
7389
93
4630630590
3016336324
3277026211
4411049
4303120
7869396
81686
692846
256
399070565
1551354217
716734980
717062
8
790
920707426
4444
30
711154895
6164
43011036
2
9627732
91263
64
36464785
85061389
7
7
4552976
30103105
82
2964
7112556
62701596
52
2033
269
4
2
54762717
335
787
6
593442902
82554562
9
81
798
8316370161
7857
64149081
632
64127841
114108
7850173
20344448
32856
6
2
17469468
272884668
590
296
117657776
859
57
140946035
66595779
4500
2
19
6694219098
96563
486
8975634
185319359
3327392
7885059
987
949333581
7
71371418
543385150
7827118
44
753350765
76512044
8784169
259763
10740853
56336916
236343695
4215365606
82486214
41
9767642
15
37379
59968
653533
984202447
7
53389079
876469
9782685042
81000
40403613
21849
58
747480
3780146
249608380
29139
8481660768
73243512
8660
7190030511
582
677273158
6558065927
7403
189143683
49
5251
995178
317898
640701
3
781
91032
2
160253062
537197
101388
11
912
36126413
9225305177
7354
699689437
56526601
26662484
40
918689389
5
20378308
721409630
86617360
53505823
3867069867
9015288195
221
5343
703661712
3611884
959545060
3675670
6
4913718681
818705071
2255442
148927
6
47151
24887162
7534636169
73405849
81161
8478368800
8935445
3885928614
7459
87
8619341897
9447400764
1
83901610
4358022
209
470641288
516449
4765
2
59070350
2979
8130396564
764603
8
72076
810289382
361
766851
3
310
18032000
390
5
6936245
212
8217242741
68059152
2754493
3283792
9132
645742412
3301
1841
4336
600714
62908149
675545840
8758927573
54896085
6705
8756
544
39993327
95772
36
367
888345
97
351558225
4367926
9396892891
68526004
883337763
61472
720168
70802
91522
1984791
7758681
267
4570771
5
7601
9059
7
2
88
15277014
924068
511192
279693
33288846
9
9913259
347682
9
953196
966
1464811120
62388083
296948
7029979898
977
312096416
19
3
7872736412
8
338
806511
6
427242
461140
8178
3221352515
3241083
55587897
1390
32
88
635594
73
7652351269
2952699484
3835840
11
942721
280541
8104273865
3
115166493
107
139
884
64599318
773238
8949643
15420
9
6476
795924386
7
3010148
127922737
9110
46217588
1672290
762
720
493874329
72042
66176
451158
885646964
65578
564145
3030
186912
25511068
5
28180819
495487
6449280637
34137991
79475
164
583983937
7730121639
8
963402
1567243
42903164
64214620
77640
2132
4
8563
2968
81083310
111475301
8
5
704
34640
5439
4
630331870
246
175
67122
4030068
5410134
4036314
5
48564
8
5964
95
9884534481
235
3790
942237455
8998750655
81909107
4767952
381618
219812461
266430
34
9159276327
2690092701
768853877
62
1717983
54202463
2
3272269
9435981
85165
56485
754205985
9
7913633
4365102
5595
5736167
7839251527
869561
44910489
1250
82147087
85609095
8888
92449
9
6095059
745
8
472373512
8
37
324425176
4
9633250122
6204
9941621
9793
8
25
7
66
374920830
90597736
68
3789
856
5454321687
2450
92
71524318
470
61131798
88796
76
1456
7605864
20629
66
223664339
800215
46
465982
29767206
222697443
13
4
5440
86729436
6745027658
5158013829
161
704051
6354949
48
604922118
763657810
401
2638132383
80
35
869379035
3772605
150641
264696261
46
4
7858559
4808
9
4706
3
52451
28131
35929619
23
33
566826
69782206
667479723
161199077
7892
701
97282
38888
8091
8
515
5
68
4749710055
836647
977
4329264330
172651
9042561974
1467814
9512633565
7406496
1050749
864
987539
84
937071
115
2694
954
542656459
5
51105997
5073441641
6354850
348
222
6865397979
60
826599
3139291
5764
85108
228364
4250
77100500
140
47
24
80
83776
17008060
10
9
5706835140
596055008
6749
63634341
3
92
732033
2
8895
1193
7681642354
524495962
9521715
5752663
897378913
18077262
67
4
736555
760
99131194
801
855972839
44
13
5
60300536
63610984
6
6081
82049483
3
566
2665
559048503
641298
4757817091
98
69128
296605
39
6391338485
2744657
452
58307908
97
368446
322882708
959521018
64
8654
4970
456619
21
5
1
348194
25121
8790794
507489768
173127646
34190937
37
6397723438
114956
3091
3
7867761241
839
6472355773
578688359
937
10739
399151
79816
2651
1407793212
165944
59965
32395977
2630587152
1232029
5420512556
11227323
429176229
5559
961593994
10058485
15417583
376326937
43672
1870854
440419
6181
542
870497
78421574
8
2700875
959258
87114512
60304854
75
2223039
774549
301
4225112993
2
30
5667700044
1
6196
4
102587
2768
7
95110
9
5
231568730
4841039
33531761
92672
218
149
830331
41
86297
2782
1008912646
4
128
77
4
9328057
77448282
8
2311956
287444890
823400
22213080
608834690
1708
387
3339
3
3
251
68734737
96203
1873
51754
859419797
20
3
4969077957
8
2271678888
37043296
86031
2165792
281344
326800
32840623
8
1799623
4816761
79
1
1578111
290199
2
36
1167
7956397
6656135575
335
699988433
63361
710775935
3524757108
2
2233
73299
9885
44490378
22530979
540
381498
78620
5246410
538574
3648498560
1873
538
486
440
7951132
6328
89279235
8267444
1002031
9
3
790539956
52
181
7
2345308
5107
197324
6971961370
30
76
4377
920
2614
2304
895
550
2
6787283831
3170
376215
2590
809305910
99875736
234799472
777029642
8523
22
72
42487511
77777
899950087
6062
9727360832
651
3952
9882221427
897826489
509446
66871227
89611
893992560
66016
5057
2528450993
6684075
6694
739293
7597272713
35696
8121094
921358
623901820
935451
29124824
70784974
8
39
33926921
41978
72065
8952579518
29445878
5982
165722769
94061
598
2577986
3488
57
6
7
1933
42343291
245754
886764
8
61
321
8491061299
51611975
9
79
419995
7984025078
721192483
5064
7401983
26
65582876
9
357
72507
7379492
5
9212756864
6848
284877
2074
4
23
6950876
317
177626
6596
958
135922
185362
5
6217
5750
7455719151
2879
83139
1755230759
46
525625191
57794286
947
93
56
995052
3668
82842
603
3841572243
6035680
4488503
8534
697662
266984956
198
5141564
433728187
184058
76
4370107455
3275829
83248122
9
1
330585
8413386004
309818
5
619818271
74
6848739347
50907
7
5157003
53766
711
49
363
46
51
374096035
3426
90178
27586234
8
353
1574
66014506
267
684702
8209930
2878878299
689
68
22
3979422334
397
59906082
931069
13573
617
7680007
90
88603983
4181
620715884
38541
17594
2
24
21
619284
3752
20386936
99
83750408
6762150545
67276
473937
9
9885966
3
222
157855
93991572
5525089
224571
96132925
958211504
89749707
3905243268
75014265
376
58
454513
6
7
9012503
3109
927253751
9667821404
7758
730
52
318
4804443675
851537154
32703
260
3794269
6557693252
1454147681
4132438661
544223082
180079
280
11203293
2688012
532685
1380
5986
8101444
5631669722
3
65127
4088056
12
119
8281624
573411
85019
32413021
1693342462
53548
13625
6825080196
6
2276220
3
66
824704289
61
78
15595
814587
4
23
5
59587915
97862358
5009232680
1
870
30
18
4805609
939330790
6882681498
5035613
97517
32854
16
23954306
721428554
5576138
9375941657
734
695886196
118
4
1668917669
479683846
63754894
87592
95421040
913590
28147954
76
48219451
9105244
2732708
577
625815
829376061
376
376
24
3866
694859685
39268600
589648095
94165
3
93765
9
148605149
838
100
4894230
58
2
987558809
524
5128199307
604261600
5702136762
97
4760041
9
8355
7676527454
177204
62764
94309
1
470
191892706
267088
551569
4281066813
411393
51412
11
9821157668
711
7042386
33935
168521
44
278
1809139
5378368145
7
219492792
6
3594206
5
23
850304778
257302
308502
5680006383
552130
3261565
22390
18796412
3680284732
47
5
5
4
499
8
1440992
17
47460826
8241
35617
309880
5508737138
7307901890
830
6615360
4156990470
591178
5909640939
1590602
202
2055708028
4
8
53
94981497
6651665
2015980
9
9562
67529717
613
67
7525182090
109882687
1
5
924156695
518749
89388
55083
529
438762701
592
4
49415
2
547
192462
2019061512
33512026
73
95
9075062659
671586610
8005918
2019
235148598
64
183283
975338151
5039199605
442990
5
109698402
5491754
37
8204158375
29728192
461
8
646345
308470
851
5956854
2
5411
2221806
60074957
285936127
55818527
78
51166
6242039948
99
498962419
938661
8031935347
6126712
7
27246995
984336615
24
6
9541
34814
4454630832
25101943
557212
36
77375
11696242
928496875
597780
90224
122894522
3944970876
866
478559876
9
665018082
235
2
21368
4121087689
7044128
4052665738
8652265604
14717041
3503
813453
957
45454
668
75414
2757784
7240524395
274
1398855
1
468026
51010
6320
26061
42486
6579116
580
320304
7103
999732697
17
715710315
4895
1648
23
569
395422902
19842
706365376
7
189
46771674
53027295
6058
8823562891
7708635
721268
1
821889692
882561385
9676047
34
9781639
851743666
6566123
44228
9
17
8983993
265232091
1765693
91848707
7148
7150
229212271
28034
7199483
57527635
6285731904
631469382
55894
3
8822195
38922
353
942
1649058942
45319685
9977
2
1178
864
38973
28954
41213559
4221
5528
1
90156
420884638
8318637074
87236
240
7701260
72453869
3552
4
21411460
5662
8731046153
99879
23
79286
93879
3
791
133889
6023129434
81
35326076
8965
25
22
99554
1129
5291355
7241
299301
9292
3837
6667108081
95193
90
4362773
842
935
863336184
2348967
526
85
6142202
172903975
3712751873
9899681238
657
140
7
9
34028
23425030
572948152
786021764
9550
5005205422
1552
874389072
6
192567927
947765
437
667929631
405151
2184940
8
59406
1781
4254153212
38617
1706560
24142392
2567478130
9106
236
64882
5588
6
7
4501130
460233
7104773
3
6528
1
7
2344
7996220528
114
138322
40
4710805
7
477286492
3658
75204197
19
8551
535066
41589
367873
9
19784993
5
152806
7
111
1607033146
43
8
8363493869
46
952761
89666
956513663
98501269
76271
461989303
919
95
78
644398686
85
2
90422
93
43989694
9392
50
3737
2975
7369
3553848
559208
15143
974254852
140726
10251
1337102852
5283
4
83
6067768995
651
5916
7084285026
909360
579683
20388837
86037
5146323516
44766202
2588743
6
652463319
26
96975
200
3546
96916
75356
53162
8152750900
77909
88645
446709903
169
33815910
2264303
1786269
97
1
52464676
2808
4
694963877
16498
1526004085
87
80
28584
78995287
190686
177571420
407023
96636261
467285205
17
953637
350070412
37402105
6094742
4288
56773644
54230
6
35137477
99209
76662
692
8153095606
760
8081
498726554
1880767687
2
552
8975549983
61948
6369231
1
412352907
433676537
9720674
1209874995
8563049
421
9011
736528112
1423
8
534156261
25352
4151243238
814730
7817222
7311
479
58781
5005874
9315
4452741076
2053361
47
6
4020082408
32522
4653
9436436
3575
6294161
56652
2
414
742446136
4
3
153938
3016
42
326226571
3214
533949
9717
7741128892
22191002
78435
6151
44544
967197
122
3
14167106
81
6
92
5
3
2
949
7091
17
77
43050590
76248149
6951
4671
688745
11263
60638760
358356
278
33625199
929
22708139
1971847074
8026679
709727
449861
23586049
5666
93
20199385
96
902744583
409
455
79
101
7643
11129
7
71457299
612371288
2313
429983603
34
4548795828
5862
5553711
2908498583
2657
5808
32704455
9989953883
10
354264
289124525
6223631232
9312
24161
2381762
89
601127205
1303435
6207
1
353923066
971343
3
1741502
9
3070
99
18106391
829284622
526064
8
87211209
56408
72869799
818045233
67523
4832
5166
901
66183898
6462268020
21923
9029019966
41162974
213365112
4002
965352
233247393
706
68538
136029948
60676363
3600
9825
873
565
18250
7859665587
7
4518856251
388673
83834920
4892991681
216
366
11329639
10
4384
4216476
143
540
8035284423
815539131
245
88942245
2093241131
7187963
352758
4447828644
263008
21
101
1205720
42369302
1921468
98494342
485013
7679333202
872723
4471
2123138243
54249716
7
70502
13
799710
2696
8134330669
22444503
8433106155
19201
6841876590
6
4361
340074685
917115
73355
332
299
8848
724357119
2
908579600
1883605
342057
1485034
429257548
750442
38572510
869802168
38768684
4995
5570204433
943512
5423
123812
427
4445890537
11
84
4581572013
6200
2444936
87627
9671
672
78541
67627704
690
334
22
71
14717
27
62808830
290
1445532
28657024
420
559130
7839770
3212
993
206600
2
744124913
26265
8471562
794213
5644
53197408
816129
290994
2980396
5646
9336885
43569402
8317
8469
10119
722
176895
8589382495
3
59086119
211145
8762824
846016
1872
7449276036
10337497
1811672
7449
40
148919746
600610659
883765
689531061
8
350
9060
794
979128721
49
62104
8059
2583186
75460834
1443
77295375
309822626
70
601
558426
363
2064196
473
9066
69787
469
5051
4
63603
58940145
253972
975281657
960
883653
99398495
57968584
23684
75
37
8
507
64
674304789
331
4369
676
3366597023
880569
8029994
1669419897
584680
905666756
844161
673542
4465534098
4388242
74430
7
2507776
6
90839
94442
70892
604809
7395
979
65
8
40164169
55348156
4673918
5385
8572122
9
70
8033245
767682739
277528
52056100
5376441391
55
83
4222121785
8
3249012
39847708
611758576
967
476342
673
450116
63578661
2294745
20129
3
64284
957331
7204
748
48823858
57580643
61842072
899440
768374148
7
2513150
8
865
976709538
74253
4407268
38723414
4395
7635267
143551
233
73615598
659221
915
7
32753403
381079
19656294
350407248
2197936
4697302
54
4795110
5977
5096560
7092
9
29275028
27
229
60913
613
96660039
79035327
4359791
72257
905713447
73
1909578046
3
7972028024
41
42
9510716812
4107034
8
5658
8895
89
9589760262
4518
1383691
99951078
96468
4081100
495924875
760041
399306079
6
39508749
93349
88834
4681528
2
618059
824
9807995
49790879
399323773
3483771947
4779158674
104643
10689098
1328693068
20
5460732
1
552
53
7
101
3191905037
8
2
71143657
7
9416057
837
40291
58986
89374705
22485
8633637
34071
1384904
7966918
3924410
17090142
1905107351
89
4746820575
2039173754
4323747438
379177
73375
3962893090
7757470
957487
5
6368897
9243375606
4168877592
9725318
6
667259
4
1689473
3146282
7336688
4137660
9619306994
74830115
2
276559
3473836651
78
980563
717482
2251607776
1371245
926207
47493
88
512745
56937
585600618
4028634
23
2585263
81433560
9798
9438655212
95198214
21514
75227
1080691
41128
49946422
6480559
88
2
3
965127927
3480594
954179
396657694
9898356
90485
2667
6572887
62
5
78078866
68
266
8
2523040
267
96682303
6595
81795493
1091835
21831435
7
879792774
32
89411543
886935619
12788
41
495170
5554
88
3491130
2
602505683
7090597052
657
553903
6
7718898608
971
9
271
356004276
544
1485693
1328662
6763980612
6293
505570
13
94
9
516816
81882662
40
10
377
1403088
997008
8526808217
4948764
21362904
7732353
87
42079234
35712
54
83311
7
1
447
56893143
11
967941186
4744
82277920
3710537974
873400
944785
98
27
594
572235170
1351808
423
271285415
410
80988
94
8
3
5508863
65683905
9403433622
1
56
51803399
7914752
363400417
652687878
8
39822
8620
242
8519
6540
65832764
761294
604055436
6
8023140
1410854
4439861470
75
561
4778495
294
408162
5442
863
63990
358344744
436
3050441534
1936598912
667
8
84506
2336
47
8444
24
401369
83392
115
70329
79175
854
2902
36
3367
94
15580118
6677036
10485
853755
4
5
2738
9378471
7513
9682271
9808031703
86399
29
9614881728
59564593
30865
23
204
7989825
2108283179
27078716
968975
76051300
993
1
9519533276
3
87647
7803738250
9282
612
34420
90199
42159289
894073557
90106245
7
739653
555
91977225
7939
4946491
74717011
65723
72737450
5931
35
2021
9614099
7372
3324419258
46803
5064303512
497285936
2629
9562511884
437574216
8
4790
748244
779375
928
1314428447
5
847245628
8434
7702918
913074756
6834997
9275013
2
373961179
51
919033
3507635185
822
6378716598
72930626
599477866
267
5
1
31067
78
789669
32793975
1984174624
9
79748
3
3212
895273
50172
218
11
7045658046
7645305613
7508528512
19801209
7874627
6167158966
7896
7830
233
4854
6
3225588
9783
699
3376771
1431
843835
112461
2941245
160362048
52
64
7663839
12210
734716
47903004
824131467
9629925
23697892
9034612
668662
501477189
96097525
7412316
342
5525
3
2648
6809097
913905
8480
87141
3
48
11213517
9763
813
735845826
17745
292180738
76189
12060955
963819
1222659234
54957
42167671
947386
768595993
84
695881
817268678
45
2814438
8
329
689
604834983
717
2970
3392624881
12
770127
762294050
4
798
8311
3
894269017
7603
30797
4756296800
870475
569259
2662862563
696
4015791
820
531113379
411943370
5130265432
66443
3798
53668379
4486407
8
8483874365
75922
1114242
88814913
8
24133
12
82
6347609691
71424
7
1
2914
89
2390104936
31735
6437
57835
8
173387755
82346
4
500
3985414648
6255640
15
97
1556863
218
88832
1
8
82
477188510
8
325024089
9776666550
3635325440
59082
722594
44859064
4912
38
3984335151
5
85706
2119
38
417
23
7193537
996408492
602902542
9098403
5
898771
727174810
61627
186088
33230
784
8729906593
2630
647394
254440733
1969
28695
3336832317
234118263
1686205739
54
418
92467
194455876
13273486
6
2718
30559320
7930
16363
7507675
694779
7
54207
889829
598296
49786599
33
2530750
6
51543
1157464030
9423539
9574808
998802
270494070
6638
750
8483022510
829465
94611
469
35907470
9127
3
645063949
96035
2674448
57841115
84
2438
89
58
80354
719841
42
646598468
1909084565
6713
3787
82421
75
6565790772
21
5733826
4773
75183949
405
749
8
345171
140257496
549351018
7480580
1557885
607
8584105259
5101827271
34
3738856176
5108373148
38
21882
991725276
420522996
4237967798
8627430
79429545
4131464690
4720857
117
45
8962
2955
83
514
741
31
18615
9
86
6520532113
59596
796262
1585
62853620
1
9504
5
4913917
4581467
9906345
12389978
5505
465043218
2
524715865
5590
3632183
69
916
451
3161
60388
42709
2
243255
350275883
208978139
3325522
5530
5909
825
918
2480526235
466208551
58
669911
12775324
4299861689
329445761
5625862
743
964451
71726389
90298
2150657
833833411
75457913
92
76411
71887349
813
33
7726282349
54696
20766082
25734
13695
3371860
11404882
6
34
42
65
999
82732
44458880
330221
5974926
97837
9646859667
57161487
481707
8527446273
65743855
38
4904
1
563569
499805
605783
333098
1809
3225
621
98706
667033774
4
8
17484047
83
9
9
29279
8548602
58308635
7421996885
906
5404
62518729
3269969
75292
22
296362
97275
3897
7644646139
1176
5013
5982597037
47260
72249
4821
544
71606628
701
87414778
641720
25313222
65387
9
529
4807
1729397
70612845
919466772
443
517
471
2862882042
53787
24389051
4403
90420194
9
843405970
59141
5097762318
9819275879
40268
413071188
72
412
30767206
89596391
40506106
68
89
788
723858871
1
1890
1684241
8483353
367
7
648707355
39
18986
9386127143
7792
40600
7776
26700
68746
325556
72078144
1187928
27
95143472
51671
1
581666972
13
7404104579
926120
3886146
8956
886634
275249497
56531
36564557
868810
16821310
9838786
50
2915
42286960
1320
3
1758
70
940898
575
314175
13377
47425
3400197681
893
4865
978
247055
42969
672351
8799409
72
4998
1844722
912
8974686
93
6450926
9
854
151862816
1781356203
746305287
406722
367
2106
65
88071088
885
450327
298939
940017987
54
20561
60
272425358
6
689660
71218197
690850
553320326
1537
88041658
54
611812655
626
1956363
69051
753
27
88763
987037
7
50341681
931391
51765440
41775605
102
972925344
3004
4742067636
421451118
3
7276328
8718
8420
31092496
276064
23
3103
4299582501
206569
878
997
944101658
54
90924
7885286
718780886
5883036
275
75
829923596
379338104
6752
187109067
755571
948
2
35425
54
98
122
3841
18314513
279
9
470323390
2666708
94816666
2552823
48493235
99462442
3578948601
3521737179
44
482527964
3
7111132318
8728482279
970
457907798
1176
96415
132552
89709714
458688
214989440
979030
7685964
2594865
691588
41712187
98
17
5722893
73
15
606077
3050
818612573
658207763
2301756
9
5723
2960966
5782
66261
757
52473789
38431999
2697331
532895086
507851710
55
589
8
5225759499
3749
77734
743440529
59197
2209
43761595
28800
87312285
7783732
9947925597
87519051
674
5844278761
1736686
5
9133
81
47299
7
66
628928333
572291840
1817
698392
125
99237
569599
688560145
59037707
6163130642
8
39065254
201636
95082
1402692
3494
967
3583849335
1
6101405
8643669
1364
288668526
55072
28129
3663896300
10318
88
41216
9087
4336
37
6959646
2
882581223
16722578
3446801823
3011982
39872787
5
257189696
2
1816651
902608783
72
4
370410502
63
754698370
513113
1943738953
12211
145
4653250
689047
891027
2044
7533115109
780
751139399
347
455016
7592
96578
1716
5999075
8460640
5920247656
868923991
1424510
560
8653215241
73
5062878
34402477
7135909
34641
42
4
143369133
1
7827
31
7278371
6878120123
6755480
4716045021
21028
39376323
6
644581496
9476192
1135884
8823365617
12
6
212
150822
11
605
6696
50887804
32102343
75217
3215
6613509535
3961117
744222718
656
4261886
88333861
97316
655701538
5674395664
9
240151
29632
634477
9525
33
91719803
399538
92
271451278
64
1722700492
64348
26
3902
555
4284
3579137
1986539
6
12
20
1051
9807
1611580220
5646394306
9
9172
1155777
6974
14370
725961951
69
98254
7608376485
92
2712280953
27
186286
4231848
652576667
21
8014058
85331218
118286503
84
742153555
146645382
6428258550
5254803509
97492
929497
6
2293
7732
169
673
9028900556
510104095
432
3688304
660758100
8408
359692
68002
4734136
9223
84943
36
32
7950
13
2460
20754878
5826220
9937
130
97685
12425305
5114998
519
80
65688093
41
265
7566
7110537
2836146671
963099661
9216585
824
23424
42203115
513383
7
746263
782993
702
37
104302
901699
9489755699
303949798
589
7742872812
1628253
109219752
610545
8458958
808737
768086
67463
98434880
187331336
3219
2
656722277
76
4781991635
23068
455
72
168128595
2043511358
7
567
68643
94895
148
5647391734
5371
6883359550
7507838962
5342160
13348
94280653
18260
66549
236
6187539402
946841
9828361248
163
740
22286
4
8002362197
7184760
145612753
22
1121368
44
6643
738
94662
310604564
2549583895
247870367
48817
98420
77734796
21358329
9958819
7438
4025361210
5810413
6967144371
68925394
32677255
98
71
89756
398459
7
73968036
49
20
889991696
7
338
589233
521
9990
65460
450865564
62507718
9714
813249
93105798
6
23580
6986418826
22245
6622129168
2
197
6261207
710735
3091
784908762
7459317
641
383
6431972408
4005521
618533192
111319
162855907
309151
18354
361752
8617
503524
16426
55063
899581
7595801604
8528343
8894532
6
647901532
719248856
1039
7113185
1800
678477309
2882581986
534346911
8308122802
3408948388
48455523
5
272009
73
655
483
453
26
9
85528
4086068422
7558896592
2
9853266
75991617
471
5592
4
423085455
171719385
63318
7810
74204
7326
466
915058780
655204751
61
60
22798840
913
93
37
574487731
28469
2275
959311
645284046
3
424
465466776
634749
6137
2133507
29576
78375458
7
457464876
9270099
863720
1168022
72803
3131
41355
7071
616
41678448
845
529
2
951
98310526
8375
3473
117504666
32189010
8
75995
1
186262823
86
48086
807
9125
923007
7
278260
67
6492947
303
210
9907384
627
3770
1384596
6988413150
436338534
747510941
816
1748234
63
246
362904
4722068714
568662568
3445
847194135
9477966
62060605
61965270
68
61949
3626272431
659
8
533551710
6246
12134881
7673216
887
321657
318565
49741
5
8954
618955001
907890312
1125488
34910071
19245
694
140
95543
7594404020
2668
303687308
695365313
2271363
5
1722890929
838426
419
14210
15
91599
773963122
6717
24904983
1187
2815
5031897
61
9128150
699378747
46452
7275226
293667
18
8
93274
4
583
997672988
9
59
3805927
67505
713100
23
456
795949175
1500
32573
66774528
443
91707
23498376
56966
3585
7695064097
1014
83
202628000
49791346
9211658121
822331
5
51
3932171053
358
814935720
816481053
4230
5958538
5
365229
270361
1536992
67
8
80669240
989
3032267
5
2211
4110138
8
3955422875
67
9575411979
2922012
68406
154
84
8
5
61211050
291652257
92
40772
12
69332
315
5
23
270763
43034954
64
3320
1847054308
1329385647
7283543
685156691
652041267
917166
7033470800
4200
122660205
612901334
35756317
7817114
60653404
944
676210352
20866
4468132
651
712
449299095
778547764
96800073
352898
1
773
924165784
3778
4868
79000
9385936132
143
295345901
4490
1927287867
76
207
102524
357
2292292374
51
3
252464
80
87613
884153
215604631
7665013000
7287720
894956365
2392128
8
694852
2
142
7
2652564395
6661205
601569152
172213
279582
81643
2
224
747507
9
63955881
9571
39375537
9658538448
524468605
588982140
73360207
425
131204
608292
47
201060
602
55783960
11
345957
852127
3292082268
191
1
441
82284
2437772
407
436123
98
374
73
473559
4476393366
1111560
8141810328
1229
739
220490759
2852
91021
587974
40383
59216
409894
985864
980623
94551
1126
92320371
1865833799
641754466
706
54835679
12
87251
131127
25701
421371559
6905640
2303
5168
5365285446
1829340
4688149
737330
4430
2995948
795094
1540071
204737
8
348
165296574
61403
5
90949404
5
14
9652
313531
9094
1256451822
662
861
452
61879
644363021
340
2886
578
1
3
3209
5303532816
8823
83
415114817
780640
45075
31624872
7783565
4055
9
3368139548
4642925
6
6772800
73191
71264410
108709
67422578
80904
26232
855556361
10913
3541
2202080622
3890385
19
225
813
61078834
17772
747
68445
3777359
9625
5694130882
8
8844
9
32
3
2
54259
447830085
2
204687826
1910930545
7681464
882
2030444
767003093
883
3917684355
80823701
691589129
4300
670544
355309329
1401841
3163
695435642
723485095
32
78223
51152212
784388
483202
7103
1584
2819846
745
227822788
29070
4852704
4771669
66179369
2097351304
68
42182
19526
683
4260365
52924
24584108
5913076881
7996292
319724278
439078
7970
3
2
3579840
32080
185
97476
8994234
9954
775
45295
6263955801
4264762330
434840195
5661242191
899829328
18
470
70
476727
83752
2153
5
7869123
5
6448495905
6831
9510374725
67
330
849219
8545
1105686183
92946
9966237
9724270
568631105
92001
157
924765
94617
9947690953
689865229
990
6348
61
5765
5070340
98021267
6085975
95
12
19960
7053345
1220791791
5604094470
524
199006345
341307
49998466
1
537
3456501
6
7474191
337
5121
32217530
66504
8404
7144297
701378
204799081
3387229667
912887
21306
122558797
762
8
305
5
87649892
37262244
8
9043921
15
630506
7772341
73
12336295
569345624
90761604
1900019224
4468340
163024
5841
853478
30983
1
88745528
2973
636
7
9096900
807137781
2
587
81042
29
856
151
2688534752
3120565
867924
3764
82
3392
9362743
8584363262
5395350
85028
68
145152816
6033643
8
46414
23
8997183
1516
42567
497570160
154530373
4424759
81190651
6414
323678
90291194
752192
530655
457354157
71608633
9044340103
8
1039647072
8821771284
9
9193
6
246
1
6547188227
8196581303
6186
7619054
1
6851442243
39
928432912
5060240
815920806
56561302
47234162
9904
713027
212636504
627697161
42173
581
94
80952185
57875478
26595987
580
5020
5
603
69490
2596969
9582931461
893
5826452663
8080466
81147591
459238
29
6454728092
584
2625142
84860
9278079711
1792
613
26944
9756331614
93646
876610554
5813212454
6507007817
873431
70159
499829533
9404
8002
38865
506349
54666375
765264
255
530401549
65124
50681
9213
766591010
447745
9
8132834
6927
934635669
39
525828
156404
4938
7726742
73725116
8451
53
9594689194
595
5499
339383
1752528443
46956760
1473921691
5312
14053
871803214
6785739697
6805
928388
5382535881
89
2
5
7
780095
7103
61236177
351705
6113
998612
851175858
49
6
74753920
45242
949783990
302243450
6191646
608
64562206
837
18644361
6
86796
3
740
672
19412880
3
676971922
12660773
700650517
4246914451
220840
7
683020
21
91371
3552540397
39
3039
7362
1464898
97
7887318
858215026
74
615451974
358
11
411356
68
20
759544
77376
27527
226760889
971
4073087762
6657508
5279812988
33
430
40038961
608829
7
906694427
62339634
9
64294
9687771
89190
70
581106
5
5861
9723939
6187
42416850
53
24717
8447505
675049525
63
4216037
92169
84
20373
90
95630831
96
9742413
54819
99395
7
9
4
224166217
3472209939
81
615936617
6
654
6590347
7083684253
2
647589953
88777
6
18
2523790561
90
1
22
4482
7
567
777854031
72
1957883555
667
73602
7554935
69584
9115
244
1552
801530
25296
286537019
5420929228
49
86500876
13
383908084
57
91337189
57330518
804027
888
32
34313
29475
3765
8
3256893
2
2456098867
994430457
18
70686
8490443
53670924
4244
81
65
2684
6730916725
6749729
171591179
59680
668592
2407582605
1376766239
2288023209
9597935179
76
81236295
456741666
346003
1
2267
92
316788
8534381262
12496758
2421116
990962
8
9191996495
2
389469497
885
79472
3687158
4
70410470
1898233
341936403
332
23382
33
44
2927581657
11616292
7637395511
5983
7984313345
17009692
156
618
311782
65974
9497037669
1421155252
97590
736179364
5
748
355
841156543
948506
4488415
15904
68
4063791038
457738
6564807
2407
752544
2372965468
3503116132
97
145
172921
1861051585
71696477
696
7162623
7811313119
481172
376950685
1519505754
2462890
5766
586
787687809
29440
4
97
73890240
16009178
219086
147956
823
8655906410
856144804
1313958
95
129321923
4707163704
34599551
4170770301
38
10726695
1176881248
3
7028286
6
64910
774
181
80124
17401
141
577
613563
4499
9308928
2448
7477
886
91755
94423495
7
4560
47509838
707659007
58
561086673
3644186701
884456
304
208
2911471
130
163509621
167362215
5558142
96
189
5
172539692
1685
8151
833433348
6285472
72
18858934
813
96
94294
9253
7080432871
17988
151735
697009848
765
28579035
40
9828
2330819
8130
9028347
77036358
3307
7
7522303291
419
1
7340457
365
6878
9900196
88345190
336
17118886
815428523
6733
57574
9563524343
4752951
7127622428
25454
5997636
6240846
3677453
317453
38600
7306212873
579626
2
257
4338541414
6366
458710
894099
8459067
9219627
89623895
7576
2
683249179
4
833468743
441
7607
844023
635753
36
27
36319223
4226400275
5580631040
226
508199694
3153016
22887
6787735773
605052
5
5200889234
88
729
840559
988448
5552758
2611771
40
6
138
6
17
808731
50191
6
306
805237
81
85401449
18
62048527
14524
943
58017377
343338843
77
5
7
6955
98610
65061443
54
32382
5383566413
1973
3000187675
4153794648
7
866
7869531
26
839635412
5372
150
9822
7
5342643516
2090183
85
858
16417
637587033
6503950647
3361999
5
889
19
2498
8809943
13462
2046
684815444
8924473291
687683791
31993939
1238832557
937109
7300127325
7169522108
86
3760
261
8341274
550
95756235
50
9896255245
7515
913
3515746
43284346
50138
42442051
44250
31
5
5841697724
82646515
538481
783
7695
3048
31966
65810596
639
313328888
99
84
667743
3
2922322
73028
8816
6
40140
8582354577
763
40225246
88168
1
35
91
525702
7094
41544411
48
496627820
817586830
413520479
6346803
55
51
627332437
103062684
945
171115609
59
72620
5
32
55491840
42
4246266
81
760010763
79036015
3041803
37
16979
432
318
8203401
5129419740
1876
5290722791
6079078400
63827127
77290
983
5
16950
1040
8
3
76543961
6241253
2416
76709147
3883
1328782
37413359
46
6359
58095
6
93367455
109
537459025
6
3677
76951
276451162
4
6996190634
499115
87
493
2
837
962565057
8158
3147078838
52567
347
9982597998
776
81803
277843
665010809
6514
4
32
1365117
817710658
32173
84194
8693
5
831765
743454689
2
27566
3
88822359
7929481
7851265764
893
11
5643
67
525
81682
247634708
609826009
39146
402
5669461556
4132402575
52257155
578962487
39790839
91906646
573100146
4315781203
135375108
7
86153452
384
317
194084
5921622358
5283054
79371
15140
8
873708229
15977
6
35655
9339396
2202450780
1119359843
2795137
314079890
340
412
240
18300
412686951
374
488737426
6653514197
230
9866624
446
841584174
602726
516314011
86
91
515263
7
203445
2479
34
31891
74
4138
840
6
6284
303
2
20390587
12
4
1
86631460
5169238292
998
725
5047382923
91898
8
940
2
58071
48737
8820334
657494
791979491
21899
617334692
3254385826
395
3100
4022
937921
660393017
5253948
94830
9065
261874315
6194
2957942
1
3
1557794
677159779
201194
13959
5054580
658338
9431872889
9497535239
765746129
76538001
3240868
82
8710695
60482664
1024600965
8997
66151114
4882
249891
9297104
950644
2739428
8995564830
6764
3602693
909267
71255
39
87989646
5
931
52038
276243999
84319
2411233378
38
895
678
32
9456
7310369
4
66187
1466380593
662
24
9501955
910896
74477652
40883223
4752643836
925375
83
35
289
9941
6
157
385
133594
3
49278491
15656950
5956
4658
8915
424262
77658892
574650433
486403421
647103669
5507145
551906
754091
8
746
94709
7960
4473023
2997047
56
8315947
51645280
976881843
399444508
25867
3365804
991806
2328750136
9921
334606
7
2293604142
836212
67
89660867
19415191
8
7954469518
59970
17916
8693
9
848185
23
51686385
720
31
73
3340620413
68281811
44
312294973
2119625193
3541117802
218
790
20790225
3300
68702694
788
20969
33161
624549381
2
599
5041
7401
454
6281842325
760565
94789
9
37697
8050585
87
15372197
1066046
650541218
52
2
5082
649898595
163
3
807949590
4693177724
614
8527549
4682857056
415173
747723
23890
1819375
68080897
6631
735570
9036453268
51976
37061
3144916
82438473
652
39007
4
491
75329377
823352353
2701
11880666
21962
727056470
47027781
6044919878
9271332719
5481
4962099373
3723
122730
5883
9306809
860654
170
53262210
2279116
48590
67032244
361
20171
3980451
13
2516
9088726778
33
66352
542
290269444
10036
6719519082
95
846355
18041
30615385
442
4088
10998325
1287
627199
9257
142507778
6508863269
796008080
593193084
272323
9580062024
1
8
475368
7
68
50921
916607
7809717
14
9
692395230
119010
4
350845671
980
8895433899
30
9032559046
66061504
7525986406
9
58661092
5101410
5
6793128752
2272386
396433432
349870897
134
9
8980
13
173
2
846542
430203
6352
134
702197777
8310189642
5
5159937
5
8
560836403
507
9816
28168461
4565
43495151
662903
5788
27020
18152
271
3437
2
737
573092186
713089862
2
59722
29
3219895
8578639
5
410867
689464167
464891
93
2
84212739
891156845
87746
3421539848
2425940803
9741200132
821008650
947
213965
397
2595202
51
3
94493344
59
4
942483
484344
50
1
32
94
99565456
660
9817202
324
829
928269
1043
1
351608060
5
245255
433
1461834
15911
69517
7911
4721856146
351148
106
2470897
4
194
176
6
7546792
4319427061
7
3
858660711
71604
478615987
107
587
6116998
56
64
63733
2288470116
37858
2
261536
87
92299607
7
695166753
455632
811884706
365331571
22868979
474766
7848
47800
3126653
695162959
727223
6834400716
231294
4
865
9258293219
78
7447
234073
517
252546043
65
61564
1501
9991607
363615289
1
758
96550
347781241
778713
82
5
4743
421277
331014918
3202347332
1867380
307
6135557318
25310
742947
4149039358
4662123933
2
95933
5649661508
1771064137
671852
52542890
3531231648
18
79466
6569
3061
75957744
28897341
942
97674136
2
84
351980043
997268
15
8
6340801
82
266700123
3297000210
49530
32
991394315
31723
802
3905359
9652
8478
344
6860769000
16
555
34195
6200245
7
9924623601
9513787
1600714
767094265
6337
3
833
98808881
192695458
2620
58
7524327
419738375
41223498
248456
928613
320
45383
1
21375309
9
4076
6
7
4
1066503990
434
3651431
84161
277076214
1322039
1016
342371426
90
704
506080050
3103826
9471
49
2701
764288151
5078282
329306
2659
8
3798
10
80
4665775
46
9821455
1279
978025446
3597688
4253352
7
3603113318
6507240578
793343
68509
477642
7747640217
41
886
3278
78501
122801442
66738605
375260952
435
888
701896274
7303
8891812
734627
68
636
7470887
2100195944
6433316918
5
327933000
933
53
1
3038745
85744
80225
61785
9418854275
41033192
62438
3
42204018
6181
8
202939
147498851
42461
11157
90905070
9623514998
3888
5519
8955297702
1903
269520
4844503577
3079749639
86927297
743851688
727
451
391
884792762
37359
496253033
69910
693421
42845
4445
8835627219
14
2396
5008
64849999
8
4229807
26381002
79379
328
90
256849972
66739
27424
165253
3949934
8
8
197
6760032
378886846
5266326819
277294
96
323686
41042641
9
21473876
75
92090707
9815420
7
3493
501233
6359490
489045104
67756879
585655
38
3980341799
589
48771187
90
5063890
481676
6435000411
440562
1820964796
119157
7026519527
3675457760
2261266989
50
16951
947493
352366314
118
8578566
2
567
142329017
886
885308
5420711
7139640133
175381382
44
4575586
1532926238
548448
17078857
331117648
47709126
82551724
90929
81829889
991836878
6981
60
3550
4
4393
857584
957
294651
20
2930376
18238
5001116939
9653707
2273434
135
64932
436
554991255
313
389283687
7379673496
849865962
36416868
540894
311586
95
430
9
2570869
31877
111850
612
5242357906
247566227
7213047373
876
384014094
4904603856
6215
519692
93
715
8442
2041652
65
5
33703
64558
4086
487856
569
834701019
431109
394
878
776
23572237
863
17521850
9
900511
1403277
99077106
642591
91547
650999880
31323
466004
390233
6370
639
61003
40576
11
26
195
84
67
75
668
82
854303451
157289429
396762
48961
486
8868018
8732712
629846891
46097558
709557
861562274
45085610
2267
80
5413
74
1612631786
4019697542
891503265
74882
13919
618344988
4265499
44472
884625
323716
480044
6
89544870
806104580
78
1
80
4
4141930975
3960447
9956
92
2879
53
92722800
952643950
8674041
7447220414
5089454541
9220
1878553
978441788
2370
22880880
9494
473
6657
7900794450
1748313
37891229
43762
50660
7016
61810
9003049
7
5307
3184569564
257214727
6109
293
82546500
61
8537
5791091781
9
814051634
4829
1
21110600
92170027
632797
6074580654
3600
145
40853495
6740291
592660
435307704
585
8492
84256176
996
626003
7005
6368948
1702937660
9516
2918638
973923
952
5
6
75
47207
293098
11371897
254
917
4597263
656
906234941
5896
671283205
1306944347
4752
863142
6580572116
79491149
386734
427217
2886946781
163845
3075
1912645
2647487485
51707
205
533120293
7554930605
656993750
42
3
12296
97754
5097
8800775193
19728
823806
761420
638
7498
5037817618
161
938690640
37619
48249493
67
80821781
94
986061
793800348
227
155
77809
9481
8517
6153
331643661
3391843
6
304732926
4783525
26
917495
8
2335532994
61
51
1350020978
9452581
434049598
71813
690344460
483090363
1548947
1847865345
868180
46530
5
41286
578
25517
9
2
28789506
101038
327676
3666
9624
81398330
962
705113
79013716
23994356
1618389
8890697088
5009
706
3931514
49589
85767380
1976243243
2765
98
9480217601
949825
391309533
494
8
8
823
178579790
339612165
5245
250380
3905063121
21145941
5732643341
72957132
9396
5
653510374
36
348138189
7210825883
58654424
13
49506
633933230
60436222
672849
40357262
839382744
6
7786551
9261
13793960
7086
1454879658
1751
23747970
13223737
357537983
660
3396322151
83199
783
4
58
5211
779007448
96009476
30284085
6106
5060659
9
4
35
2882471
12221126
81227923
209
5
60
6
7100920
998804
85269
7952036
466
5
9
2415
9615
5124148
26613
1
5992736
597195
89
1
71916443
3360
2664688592
447119085
18008499
968
75112100
2957760
98
608232326
4451600
9
4
6358
61
1850606
2244446
784
62151417
279861381
5
608326805
2046
9119
26683111
91310
9848
4974396
3
29
1633
36475445
978413018
12624768
458
750398100
87748
189582801
36637211
6456
6371
84779104
44031
39233264
54583
640
347
918
1951111
390882137
8255570
737
5
925
15177665
1417695626
43
859
154
6872
17829
40402475
17
5046413
633343345
12095
958
257252
9782
9923248
824344130
4080124869
225019063
4726412
8344692277
96
15
6449624904
462537
8
467999387
7036
828927385
591583084
996
2253588
9628072029
9
60
33079
613656
48
42
938099
803065250
2001737
587944543
1061546025
4264941
5912890
4
233871658
1907
87
193377455
550384502
184346
10583157
4
247
1136
43703
854531
6225046841
8545973
3251541
94
33493933
670
3141286388
3031880214
6296052116
6847962431
5980
1
614586535
33791
7
91505512
2
69662363
60
27
933750
44188476
615
70
5634906
17545101
7921540921
7702665998
836906
6
556067
51
3851079
86139002
44132116
534
9797586
376
27637854
6423117
54264
26765082
8
6
97967
923
5988
740377923
6121368650
714406531
7696419032
50
6365466
5006503829
8924
334259
1984942
606258
5934409
1248
4913
200983509
50833308
62610924
6606
93
395
7870101413
641838837
7667
7652934948
5519
8438016575
57
93806822
635816
5653
259803905
733928400
35
7239224918
827
49
40533741
75810819
1171159352
326665
3685236
97007
4221723618
12789539
613
44968304
600720
20016
8174600603
7028351062
248
8
8251135760
4450035455
2279664
55
52121
7
5578
14078
6205652
203709
84795
38529
282088054
2
789246600
963511
43873
63718
6526224
4242185014
1
4
7
924
2596984995
68
7
55
93229
92771984
28806
3926
627112
2997
66956585
8
30
9
1995
278563048
38
6
929238
36103720
667
45
841
210619
45
570231073
1880
383
2820604
24
9
949
633646834
2155
51
70866628
67133
808501
8297
9686043435
842825473
7841
5407
6829672
68
1148
3910
7558186124
764
239575
88
8172059826
8477444184
240
4
636402
4
737
32198284
9808333
792162
783
610239740
505406499
5313274342
630475
1144
109196
7770138645
8480574
44
3693374653
27370132
85504768
90378623
9948561076
938
5
2633254780
63968652
9
778130
309930465
4186
6636285
3199772138
70543
7133419496
77771
90562893
45
5431226
2242341
57124
5371
5922
596
4865425404
9560854
6718480
379083734
3736888
6
4067740798
177966
8249694336
80
42761
498482
4
240930
240499312
7
33
10054791
18103557
32057660
90
315548
3465574
37
9647597456
384002
688485551
11
2595650
2361345
535
6277251
816544740
9738564
6424228664
2822807
11394
569
390
650
85663
35181
2497
64726693
6
335657759
2486882698
5
9146421
109
288882622
5901202106
20376801
573799715
40142515
100
7469
8558746908
6079
51069
844
433404567
463
220
53244300
9
67
6444
5749230264
1591581137
35591
3
2053659
554274
9581595219
4592
6086
239
71004206
350
9057657190
7691248346
2
570
7814098438
8534
373770
839270
6818404
9761
56488
9
168360
8
2831
1549087815
784376
4613
6
1760
828
3384420
443
525371
4734
626477
68024
46399
795
2856794
5192031838
1446859
91
291933
138
9823907
4
5557823082
299
64
94
7415919468
723
5
188046
2322
96512
926
5498130
2009356
3347
24661
20959
46898766
2474119424
9033758042
319957686
373576996
938271
9361159
30
679944
14058
404133
135
99668
9
69080191
5
9235
972
87689
9676301
2
354
166
1533863
7075
5940499657
68
3
39828
2379
177
8086
50
35163
389614
2795
418
729828
909608
83941
29790
905
2
8
271
7508
59002
4656819
4899
157134
2
12472321
6728781784
9
72007112
56674
520461
258520877
2
978
91022
1915929
2
2811
57183106
59
1058
368062
10146451
9918176
3158988399
98
33
55726
13227472
143490
638
7561886
45
78
6342
2
588105294
18000
593017239
8597
93
91235004
13497
7758741447
655379090
774
105756
2849333
204198
158
5488
37
2379
892357051
14664
4911886772
3726549
2
9816192
43
59
2458
18
181439
28
19495994
712128791
623456
23
2576277
45713091
83625633
46517710
8878072630
7
4213
3097455419
404393203
552
7191260272
658
5395
967697600
785703710
33604377
8890189
4
760092858
93
1850019565
986059
71140538
7231958723
6517
8
7049300202
4265782399
9763254433
29922669
461
49023
11597
687948325
1
62100726
728045393
8420
87
84579
5065197139
8965656231
35
4974041608
5
37038107
3748243823
5
444322557
8325
731941348
898
547687675
6089288
70016681
3838
52882973
80
8
1
196150909
848065
78918381
487812
9
73706800
2
86313892
235483
81261720
760453609
6957790
8
112245
972
3
925
936
1967796380
7937649801
977
6514316036
8
4103
828
604304755
15465796
215362
91012275
3
497080
4534014
4549
55
751124823
33715025
920741
4
9087710
46
2810
9932062563
8
229
747745299
806255
719823
63403
59
667803
636739
82832028
244
8463052
123854975
4598
811387
5
196055435
50063962
71885
3426
84189943
98643
3662978421
868
5992025663
6220
116
7520277025
91770099
98745
20555204
916932
8
291543
8539876235
143554
17
43819695
138
2892196281
258
631965
3008686
5835881240
4275943
560056697
7013551274
3089881
2
6078382832
69608
37725
311
6
917774712
92279
1
731892
307
2333
7
2896
2
100996
4
60195
6
61
6
41410
414364436
403399
3
51
347616687
95344652
1943367917
11038
416426602
74
6856138
47764
183844
6
88058209
403082
8256
5012432
45362
634432
2
55934979
257366
68292
815048324
7039151548
7867
1997
160688
9323684446
398173
533
9196074268
3305
335298
650272452
3371085
258896
12950
706264
55
41
90698
9643303992
2
4
90085681
93017
213
4937040
16835
47797
94
575
37
111
2
62
3251
6311
73
40107
543
42345895
39
1367820
6
9860448
7
9387
63
36106
80
28
693
923
7
55
589
18816
198846552
502668
7104526
450
67
71619
237811942
38
990419
7
76043
6415715
989
54380936
17286
30957
7
41381
715
7370289
591
74385
473632
6665027
6040
26
63425471
60390194
376412142
33
5857154
95
62
22177095
8939
33444
3818638030
3714
9817325
962682797
7586744
8
6339403956
603578
33783382
5895159630
51
6544992619
9
9
4903653892
48557443
238970683
7145
6099262131
51116
63
867
813024
438
2933
45
44
2730616085
7
2
98
6
6012
585548
498
5143961033
32194
3
285985
868051
25560
421856
29880
2492374484
9156839925
1009873
114
48139012
5080362
72979
91829
8658965396
153879
41167
685
6
2908
7060626
209926491
76352795
4
98796421
56
7
408814
3
27156
61
274326336
2473021
108114
47124
2
8406
9803968
751494
5484
63880828
5183760
480
2476819430
935084963
582345
10104
333
22812542
6955877141
96594
9497878494
397
262584
2593779
34567192
2
6581
59911
3660228
44459
56800
266405
78132
8
16
84770240
66141923
6
7917
106
4506825142
3394095
48527
11314307
599443
49169687
5205245
3869798
9
22887
53688612
187
73378405
97
66984
81
5226541224
3750683
313636
24475422
226
35403
3930228
39360
95
234
97
8620
2710
68327
9
3669794
478368458
7689
52289
47793489
7926700930
4
92
21371824
15471148
8
93
633
5
7012756
2559052
124
2746614249
465831381
56
8
6193067247
9
609
302
57178
79322140
99958
57860
1216653
4
11108961
7466331696
264378869
31209
6
7275894996
6109165122
55545896
5409
73884898
45
460
254058848
3315
5218
1
418227
2
52
5572936
93
748154
95902
12394027
57
63737864
1350046
8844410
657367191
191
328571
1
6021564780
9378439
453677
9760
335680130
7
290813
8311
51001
85
3322543
48715005
2133057
1
7741282
2054186
930465
2328685964
8733335
5
150
5482816
211
587252
69016
968526695
721892
116497556
22312
11541
7960674031
873
70328267
83907
8854
9
94218065
1
6985049897
7
468
5252
656
12
9
810661
72376629
5494550665
49996
13780
967562882
15
44648287
3141926678
4974
9
69
14
916633
1012491
3391
1373143916
52842029
9
413
970170052
833767093
577918
37
50584908
642
9
631640
854
35773
6287457619
39
1143266634
5
2
603123832
2025
264
9184560
6910777002
490
62
7
792664865
159
19059
4113
81229444
6
9217010
568741
715238
8
66
162277
870807
42532
845130484
3
125029
864684
2
601363253
35252823
921
30111847
1827447601
99768023
943
409
2369
63432
3
63826266
1575605933
8525
214723903
35799073
784470478
984648655
514357763
22
259936053
988
8335
2
9
1
10267728
7240969
486
806
836514
1
525
1578390144
24
84590144
148389
26640238
49385
80698
953785585
5773353
46461
16447
546149
22387
3112
235497274
6
632
264795366
76713
476866
2183
7875498
508847999
2484
7662293807
50363
5524824614
1487188515
45250752
7
625
3
90
740086737
11170293
33
58
76
57
37000
92314
47621239
528828265
4565647841
6
30013325
3291605
25529143
84436
45805315
329321
47
660381881
2
446
46314523
20
6701578665
7520015506
26174
8
98023
4751827879
378732635
8225205933
226451
1444473
7
3907
21867
556
345345202
955242437
7
4
8401
5746516
443
68450
231327677
72
26371384
6224409386
33092
400
6152396
871
22740559
124105043
10
3
17756
9362
9994
914205
1924130257
781
1487130095
5107113720
8461
7
976506950
64487
6083571
517
87560
8412685557
211
92
4
7184
185
745
136521082
80867
9858352475
57880
58275
286672408
72
1909
416706112
58469
4574118546
22
52522408
8363210
6705544851
6
7
305124143
8987
125
99420542
262799640
886911
421267
1856
504014
2353
422
9
64450
34
5465978182
41
3588325707
15254
7089233
21776
9814241
2
8588117
85330
7585008
51372
63
390625
399254
223482
7990
4141734
5
6
94
9022046411
675323
73472
2849029572
376
25
840399
7092461312
63755
6432
7697868102
106
265617991
48564
445463154
88
2346792085
8918
3435
8239504089
9580
73
171
1190537903
911327
8280650163
88
63
31871306
4988990
437330
4923
5062
6165476
8791
6066726
9
16394
46058
246
71
743368666
43222
98218
512628771
12303
5537
359
545248092
89053633
3410162922
938258
9564882
5465523
2
6
333092
29
4
2432
78316
875
13
3
9
954
991033
17930841
338634595
39458
63270
600420111
96
475580
8439930
6563
4805222551
1685
909581864
89839500
411101
5642893182
754752074
28
376890365
684114684
1517322
3171
1
7093
439
91
9595
9050
18989
307
47141810
82768724
82535537
294705
110
7455
68
998925
1309
506664
2
429937586
6075302
8524780442
6040863
77783137
2
157150830
5834
9
8779992647
14
2055377
8553704
2
48
4617
77
786
953528
600502886
6018628226
51
510
756192203
2686889144
2500521
706520
53
5060249681
4698253
38
7
177736966
54133074
6111236454
2587
84292919
134839293
23993493
850865610
43
27686140
7133
9639552229
4286
444246
9
15819256
3792490
5047785864
60411
555012
369938377
5
20
612795
17876095
8948
34705205
205319
9
881
2266601
47216153
863036
5061658
86122112
9021
8
268349
6
9106
591604
232
5
514260
65
99966241
7704214249
5478429
4917
563555438
5781
5349072
20820611
865320
7433505
524
6
92
92127
6465543
74
754
51803005
843979
9
4795432910
8191
191
1
8658417
28119915
618668766
287334985
38827359
77450793
4259
3
2
655
9
274133679
724
68
2715
254726
309343662
550877
8043049
2
2
7
56
97788
16
7547
31
277128262
6
4503865113
2
28668
848567
421859
8425278
5361991
700763
65790588
9743941
14
1
647233873
595
97
2329
244263236
1778738
8722
69003172
9111505
693
9103
5030798154
392827524
7763862
29
8046
24028
1
67
3
9625
130034059
2716216
6
337686539
7
457693
675677
34874
81828
2064
98
136002929
8502
98305128
533
6506239
79133
13
76
675620
8929060430
1
2176509726
66481000
652446731
59210
2988374
49207891
687
56932
86791696
31601902
839137859
9594
6774
386509728
5849095
75
857248
2271440
98582697
2033680
6335634
3530
440
458
9
390871522
222407
6687
380957860
651398
40
47346
16
62875
698659082
48539
54
6028095
2886389
47
50565387
33191
37
515190675
37201
9515611
9605159786
9069985475
465247926
1126
559210
2
988007637
9
90
92468
12045
2641999625
902855
1617223
3039543
825573
80149
4414376
2091391
337
7408016
122
1450255
6892
67821689
1
70496
9
6365
6346397
569200933
4
3336991
863
93841970
67430618
753949
55671745
47
79
2
2013781672
714048
297670
8353776056
25557
2
8661300
302
3024218
9
44
15863955
1
969374
976
2
9156683563
5
572902
990
31
811174
5313490227
368
49405
4676697
8
79068
2349491645
35045
3878
6819648
20635
21758
51
67609
5681
3678
2811
95106
460068225
459
18
69
8
274
983
3
28907
125440967
1403783385
59
1908683151
2204884191
83093
72364498
951
4693297717
258
22
19095122
7
7055262
36034959
5051123
8
5064563
44838
8069921
2765355
5228152
5622423229
1283475684
7486346
1870
3043
80335
2693999971
578200599
46710
881132
43
16050
6829
54
2135591151
2769040380
993331647
1370733
29859441
542413
6
136985
82
74712941
150753
1825066
78
237
7
8
9
364824
705617
138847
8773
7
23395475
8920638669
611702
385769
516562
4690949
8484764561
9569
2226
718365
610737
32968
33
4
858495
63556
38405
86613
4355625
65
1208
268938243
8727765
3722432766
924151796
766
49
3
4960
3402
43058658
1
4269283
4113169537
751556
556960754
4631
204867
2011
524
6105
379371032
893923219
78661
7510596443
8952450635
290108738
3
163298
88418614
556
38584929
368135211
7502155
43142048
213
22128277
4637969189
26822
1571
288912498
5
5915
438
285
2754
794
892441
1041928
27
699
9
9041438
308214650
1929710
6
32
2849200279
2040
19
981430
249763
9779
52
431386
1020097
19456
28615920
880901
14
82179471
8
22128
91
219246
8067426591
767
95191
2
4249
92470960
196
7
16023
881840289
772
91857
385445656
15626147
54
35368986
1953
83
794
64457606
97
912
5109
2536620849
265246769
661
97
516
898161119
80869872
562
399072798
5260411579
26796
96651
813
19751032
9023788
5745142320
526304690
387241082
64685088
73893997
13547
44
622284398
421912
794317
14012719
82752147
1811269
8857296317
6
112108555
7356524178
72
713628187
77664930
50
682078463
6
66490245
4419
63365995
9952
165278019
648
40744
407
8019768044
449
39380961
247
57
8960770496
44677
64
4
346401637
18541
2468549
3267543
612734
16054805
97971383
862074296
80064
6111
55
696
864411
29
54
964137820
8
2831456133
6857
6163653
323935872
46588
9217145616
83015
139
3417283163
8435618146
1
130
64042
4625606
61
62578532
5158424620
171
8414697707
49358
75623927
814801
6876726683
735
4217705813
895873274
37706675
771
47797532
8588147
965
1458692347
2398
367317284
8736
4631522454
99778
91
59758
8
78097
1798208084
7715532888
137418
657
5591816465
58643
873448352
2847786419
6945713
104888
361170
7630
900838739
4
783
8262651529
2517053945
690696379
9778843
2061732
96637
7798
151591994
188895303
2171674293
61
8
9586270
4
7054685176
5200096942
111179
9
545317014
2
98511619
8584
3596229
4831104552
6
7230744214
898084
9357
573536765
2
307
6
8356
4
748413879
58854292
46
75641
8046769647
694712
9
685158
76394
136678
9476
41113
362
787280
4754
9
43
63287255
8
8
21
94
3298504104
68931787
95224290
5375
2
2548
2923
5773
33451601
605
600381414
449810394
30
32634042
8
8399603415
8895
34
2539204642
924111358
6
2593376392
4751331
6632653
81164238
8496
1321
2315625
9686
418846
507
9117188012
51588317
141514
93802983
52237
5207
73
383
2078364
477754806
3792
2342
583206438
18067214
4556
3
72792488
337
13
4692901638
975699826
596087776
559
409438840
99449
534914
71512102
147572
3087672
1500913
2748
19796735
5
6881
562
6742548278
7444596
8
503
26899139
3
1695664651
111711
90378
2
17932514
3
915988203
62
75951276
344231444
307
3808405
8
6577141
59102
217
5708
8386606
9318341
1844430
73836468
9678603
5259165221
6052717
7674
695831
70
5829498
7221177
570
31774455
97
26661
80
7418666941
2612200
881
956961554
69
65176
63000071
22718322
1906839
836755788
349008976
2092862230
1
5037129361
33
1718028
8
96903506
3796
5
232775
1822187079
8567346
442
134
2577
29074
637
1845
6262340
65
1434
86452611
83358312
98
72
89
6793449479
639082892
903
7955
937119
586886
825873370
670880
493
831897765
6630995
2
1102869
630
44685
8133161
2645
2694680245
6
79170510
209841
465057060
25842710
67870
6753
694
1784450
842263
5231456
8511765470
2093629
34
71242
6909122850
80212716
11317332
44
2762
4640603212
1500600
3873225352
3487
40678
918045317
90389643
4266
77179
38
25187
685014
6580057817
847566
1
3985271904
696141
8
31579163
5163
1
7
64470808
3265
3110
4619
986
4774422429
4928590
482229
932723
88
436
3116816
720
59
6987
3284918
60810055
1612132
21958
4
69200849
6700876
7251
42408858
75919759
96207384
1420
38
5738
8540721
306467
1750
4355
556
3134753
256392
26920345
85374554
696
6058992
390643423
8428
3411
9072388
804019886
1454906647
36
569
753414
4
9055486
4
7920205337
61264977
2637
2
42634
6117
7715
15945379
3221
95659420
52
4546349039
23645305
923688
2
628587753
8
926
38
4851813
465547
90950421
3146804377
92503930
845
4655
363576092
928951
8504
77683421
318413
1841
1097
98052
5674193763
1049333589
7
89253805
640065001
606311789
368163
61629262
92804278
64069
37933343
293
1764
873625244
55
9931
1303012098
594
28763
9722344826
82243
5007
34162168
20559978
159
41590
5028456
2452702
6178
20793390
61
634
398
918
95274372
76
62098
30383
8988861
89214
9
84463183
4
72290
6793420743
6790241052
95
92486368
9742887
6
967015242
32
59493
10501498
74252288
215946
285199
6233418429
32863430
771713
6582847
966
42
91
77139110
676
6995656
4373
730
290
26170005
1
318
241
45519
52
52897
172719030
14419065
980669
634095
9877273
746038812
3423402273
20830975
6706817425
72
560
1187557
11375161
4914297865
3874429601
6827216522
23
542730
86752500
42700
994957206
9343049928
572
4761332638
551
7982379641
74716
9709386172
7232563
118016
59990652
7146
15
433
54
11708952
82
50804
57
75510
3
76
62641381
2293380
66
718475007
1
732
903805
78719655
831478
4055107605
4608592
7837
7019540
7993
235968
5879447035
16389640
5775
5975690
9307887496
3948
79148606
7292711
586
8431
97
82201
58765770
7375837062
27
518973
6
93
5043
4160
1547538785
39414013
4579
560
51
21589670
961684524
146249590
7
54
369
908266640
67460
37758
715
7360105881
935411629
36910578
15896908
3055
48
51467
4212763021
186
365254
8353660575
6
4705706636
889298490
688
78392084
9996707
6127903720
8
63159
811812
832
37
162639781
2445
1029289
97898
315
6835
5393
684373596
99186
7
96587029
35
3881
60006276
702
44766
985
37
9180
295
268273
6
74426147
660538
3
8
67429
89
266160017
8249
47435874
75367
709851
57504
794836
1
442387
44
6
36
75
91596773
642
554
1872319952
4
3065287929
50520
2
2
15
84
534607516
1
671114
2997
2130730692
471115541
52599
25403951
43
6777
1726351
941
8778359
1167
7132615573
9562458802
3040369588
186758524
8800664683
51836840
739677567
6
998872319
8
9618808
9
602196
69
896852
806867203
56428158
8908140163
3338452444
82711
9002102627
2295341328
30058265
99034087
1895351
789
662
9835171796
33398
7883
6145
59094427
2
78
9
456235
845351585
44274
918352
483
352
5
61357790
332
8690035
428739
925563983
66664
17901204
771
412213
5594501
478861958
8784
2
1
756
64
1899066519
4
2704
8992543
43192
49
1263
12
3669973
408098
762697072
6900
5137329908
6137128
202034518
58107140
2416216565
9531554
49806
38
400378
61489
824767
15798
73537
406590
77970
232825
834071
478346
76
974528
87891925
87
7315308
10662
222
79249
240805572
45099705
3540755246
366514110
58101080
285487
130
815
59387
68
5369055
26
49
5
1518
8829139
174
486977787
187674
346
1
3
442
921304
9
5451665336
332
505708
3396
772
494802552
413766
911711
344
9
23013
45606726
626
69308378
226808958
53
8032502393
199316
5519360
6946427
633
741183857
660027
71
156
4363
7038682
432977
747
3954314994
94888965
236
754923
787162521
16982758
3808
44
431751015
8309
32467
919764
5
6151370
36454
351
3880804
985
608
98139
67
309175
20171287
19
263385583
60
3407656
3698982123
5
967209
7262874460
825219
789853
1958
3
7931567
35818920
95026
986274
1142446
451
315
1
94369009
4272
444115694
97254881
17
7430490
33506
813112
16
51145257
9309
257003282
64
73
6590715467
12056
500
749
13752
388
243
3547
67
14615024
921250
193203
954174
13656
92
295102097
42
24217420
3902890767
2335
7458310
3683
5698
7
70100852
6850
925
590544169
3224206
7
828763
77
5696991
28721
9
826006
88243568
79
370015
9574
80044695
302118427
861981
3240637
16
1975
1
8695
832
1
6
424729551
1574
25
28
2684413202
755
88
26
737362
24863
4692311
422
2
9
101
95581133
273627
626071
7962491988
39828
8311881059
160
646162698
62798342
67
14297
8846958
492
20759
667072
165164860
238
6096
70
87188
407370
1075637064
5890607927
55
93117
6070970383
829
86904707
15
726
76010
30
1
742846471
5
15882
6424
35559
43170476
76984
6097047
6
952
6725887
3389265
64
2423
72
28
967736
63808
2753672981
677429
1
898283
56
736845285
5
7594
4529859
4072
2230
4873912
813523
5434643838
780150
5246736
386
525
36
25849191
946
94468
350079
718774796
23315787
4797108
495918
6
28107176
5005262038
3524042618
3628
33534885
49941
957
36014278
52158213
29988460
156274725
95317384
8112
725238302
70698372
793156
237100
56301128
4169175
6
7135511
239
6
94892782
44471
79914607
726
45412725
5044
799
89294
75
6
7745
4468254
92
6136347
70203
3382243859
160007
3268583
8
26550940
1153793
531
75
6518918801
46828148
182
82994
13673408
80945
29
9466255
2503124656
35
375173870
51472240
551604415
80172773
88980275
208548770
2972409
84123578
4200837
241518258
97314093
6210086
9490555
67
463953321
288
3700604897
5322
8075519898
3756399642
76952
419468884
3071733272
29
3
621817
749222579
59540
8832530610
494813835
913529
351
930349
391429
251564228
736636
50
970562
109
1013
601
365287
9245558284
301581931
881217
5344751
886
134360
71
927
338
83825
787620245
243198
173288870
25861
220
80231063
2
9137008
3034064
2
1
9
1608275392
31
9754
95890
1907531
40628
208
50736
32485
903510590
33815
83581
76
364862
69
613878
36545
4812
31
94
1150
531801
6
139862
906057073
95
7
3041031239
51082509
5233206
1
263587
25282956
36791
7
52
416845950
320144992
156816
9602797087
6651398735
427173
92554147
1044
768
5355524963
59
487633663
963320877
11
7
716
17546
30
22
5
5791421696
6
248
641
624873
57519802
4670
32419
1311766
74
2
913789188
260
3803
5154215
62809849
4587
16903077
42521707
30008219
46
213629469
683141
7594652914
669627831
8
1335320
455
382098051
399529727
2004263
7
5823
19
10
59434216
6971599163
8607384482
8037
81
91480902
7292286940
467
6320598678
7759
366
44875
12212911
10210563
93742
636039097
50
271813506
4450127
38
7266
7656923124
92
8
83852794
18
4422007
3
278
22235690
499240
219976
5
784375061
5885
6828144679
99724
300
430745735
639018901
51393
4847837
1
4078
5
982
41444876
48490023
575
906390168
51439385
2685625
120399
80762
379
411527200
9527862783
746823664
1738348
7795887065
556367
440
53195755
71
699703
8
92
24675
69610932
1
333268597
42912
98
19534824
900327549
6
70054
7
5981555
80719560
2
90110
672
930
745
414
383935
661
8
94148445
517056780
62
6
6
3327052
90931771
9206
301
226116104
915
941767
140
9388
86977
7
629470
8
9351189100
273
6642401
59107354
847672
8972680978
1
4850100792
499
73877246
223597254
160904421
231542
73702
41722984
43686
39
18
5531095
1656432
540069
388
13178
485131
85613729
7290282
861103481
482735280
7
30075576
79922
82939
7991112
15001
88
201382
297282032
7103
3594326516
840265109
6967
7416758
21256
4685330
5123
1562
97
82
25504749
1474992668
73
96
92852
52754159
5310
2
58807738
94105472
703196
1293
441000959
4
50411
1134
339442498
84
408
8517841
62271
6711
7717970
336
14
3
8198074
25749
859718
65867
569726788
8091373
2
9942
4
521
14193351
28504825
67
3889859274
3134509
1323
90
998171
77175600
878
405372
1
5959834697
8934559095
7219499609
797427
3517
417317563
36
7939
4910
73
570
17
321
3
27822
101346943
4165353285
63934531
5730165910
43838
3222963250
66
5277
53986
78331272
504324
75332259
7985
76054072
734112
3
12492228
53183
525
4533
124
24273175
5297
81607242
9816
468
500056630
9
449
4605796
246047742
6288252
352708
73
2485
684299
519175126
8484457020
428211
14638
936753307
31
5872
42675
6536
4910
7072398224
804
656
394
3623
9388
25295
746920
4595584
22998093
443343406
567071
1217401733
885047258
31186
6
1702
721091
69
2094704016
20
3118
8866
909647467
73070434
4
6643420
23
2794603
38
2
95
2
7008
8
5738728575
6678157
1243
9717595703
15122
9
723026
5099923
88201748
6223
15289293
2948367
64
8
77
80093
2023964928
2
4363332451
60
9643
318111195
4933708432
397
37
431
98888737
1360
347
2623944
9567482793
2970881332
541
5880
75642544
4
960929
69570
1502214980
9342250349
2110611
970
6453
623488
879
453
434917350
12707
3392566579
877
526
847
8800482
50085018
74609797
6793157861
823
3944
7590780
41004
96
916193
3727004314
4523
430
1504425
7018
57
524091
26778084
701223
1386188518
435
3
7364416
25878833
88212
46
9090
250
452580
3
3085106989
5
2722588317
432760
6025076
8
98
1
969702718
2988999
7464369
3
275852217
44
6216
5494055721
2839939
55275068
51
1337526626
10567
400
273
96326
5467020
17859
8106226776
263498970
3856
530
35371
53
8183
6034006
7895603643
6
40437818
5027640242
4866609641
5646
91758573
610
8512967
7
861190
8826467859
8
74984152
7597201
880536
210481294
2
917
37
67
65
72699
131
84013
89509
3561849284
452592594
21385
58
291
7639649
78190545
27
77541
6
8
4363486
5056
20
5629615
803091
9996991672
4392461537
217
4846112123
865
6
9523745
1147611
513751054
8365728
921
116
456
92170824
4819
78
9
22234
7
736563
92188586
23377
35
1987241525
8768528
4174697
8715
3146
97
79447
6601
7248924
4061483
82880
83930624
3273726362
701
1416454
87791
82420
2501099219
693183046
6
85604068
65548
974575129
28132
97852848
982030
87561
92217720
20
28
94462
20
33370914
7343
529996
2330956
337
483
696307
6625085
8882
486
4910
830
6
933599
697
76839
25
340
78850
6902342
27698
9227
787
2171894249
63
79690
6133212098
61674
58906
608
41512
73
9
56634072
8
71879781
42603
1
459
99058
4009160158
5760206
6123970461
15566450
5135365
32251403
1
90348
7974336
8
1841306
264195135
26059
326
86035
34157508
9569841
10
50167
1604206526
9641257609
99958
744
841
76075
440
9
94282
863679810
69
5834115
293
90680309
193489
457866
738461624
9607647145
70736897
6
19
7165
4657297405
1673127
167038
707
4154514703
960595963
33080044
44
9763
6
6549
421
9
94644
588176788
4688
45526752
467086429
67380
98032639
926254
26781
70567347
9580
8771318
625990042
5080
642027175
1741945
695299574
986
95918
184
6092707
35
1906531592
3272881300
9580781632
51293
5358
3
292650
9
7344243998
15425692
77979
19
3589
4999944956
77336
4134
288
149
4
244126
7010702148
11669
66
7
4970
60489991
3942146
3464
484352
828354390
3424502
37
168
359468
4406495
579786
176
1720284393
2371549019
91838733
8
5
95
643340415
2117
246179353
515782
88
88383
7236527530
4569
428370177
3
536401
85817995
52131
1
6924054057
8878845031
97238
9757651871
114
99489
559287662
220
94
1635
41
92334810
993221881
7423364
59025962
470
15309
2615
6600018043
566366
17922623
1638181
7
706613715
5500139
2731691256
603058
73
7343013064
70
836223764
7618510089
80579
397466
4655
2
613206532
8
844145
204480
41948
1343414
5
6436357552
850285
29293527
684061774
362455
8
1536583
114
1399781
609
861265800
92078114
90509
17
77657
4306681
977847760
19779677
689
7
1513
2455
26497
9607438
5682862
6410303
818582
818615537
45
809
947561463
48399482
51921064
9508
136
6656758960
2260934
116
477248489
87854
12900
9973721120
53
8912
131
42513
55
5584662
703
56266
189
3286207
361457
20
9096
4
5564
392
3374285762
8857514213
10111303
56705
73
8720
49
752998502
9208836779
5838
9274
29230283
20726
1164
142416140
6
573164
5628450
80602
893408
6
91
93
45
8474
540266
94539719
4198612
1388
5
94451
23614
4896
495759
60009106
4222922237
56751
46844
30
415824946
91944
1434287
9065899
404
9
57
2123537116
7386
2
9488499
37
4283823
113213360
88973013
63
591
81
159042696
41379262
36533798
502
358783
49
2900836076
17642043
470479448
272
4559
667847
4143080638
90605
621
7161043
62822
97225644
66060
41
725
62911568
51727046
829
1031
70431414
761983844
831608304
82834758
715
496
9985567
663
1704627
738
9
471
725
3
38677756
3472
65616025
771299
352
8768182
948960
3763
2870
6653
509
36
69394
223514
2188
25
39183
67376448
2120751264
514507538
6
415263803
8894
98
40423615
27207527
5
1740511599
80203
1586621
2105214
5177
99170
59551
9895
20
81010870
98
562539
90297
557
39
51
18344
7536240186
55252
606
9274
2101
36999659
108
370
734406716
250454
46309
9305111
386826
565
54
4761
257957
1661847451
203955175
35199
154071
337
81746
73
885566286
68802756
4089969253
65919
5483
3476297639
65548118
4666690
3384929
485386444
64341470
2
730575
60078817
133
6
25567374
911487857
7228070307
15753333
58553
9361287
6993480392
566
889050059
5162516737
1085
934
2757778
51
401
885271
6
9640389556
846470
2794
983112
633770
69145
6
961005
52428218
97
2557
287
697
4895576
14080490
6
7204820
26931686
799310124
7472
281349486
99502597
4276096
556
50037318
9002
1348496
7
878
5518
419676
532
68
1484505259
740
59484
668
92542
828
697035805
40902
706483326
66783
45
1
263
348480
787216
6673037443
31905
638
622
8419182
4698636656
5582577773
909119
7472
871
56697917
858177
7959712
261
238308366
2335
9946883787
9154
1
882645
622995
48
42213540
7
95883
237917623
521
401
625107600
823392204
122109471
545710424
891535
5068412163
799951557
57865919
815
277
615
78
307259789
88
4781
54
2887
37813
1910898818
79178
69787573
16656056
842528
4
13747
222698
402920
25708427
819016418
47662
290566724
33
2185191502
403435014
6
369042917
93
68
80
91082650
402
1182
8730427
678
69040805
39909
5182086
66737635
198722
5609188
309777527
30
159505
651721969
7221
35548202
1683194355
7493420
2195726687
59122820
34195
9
47889673
7585434851
655
653
39
349141579
71487822
38132
43
9
97
3777
46
9
78855808
94
824
75314996
9922043225
3380852
6
8008081251
437480181
8167182738
71826580
7
76537524
2881911
3
7447730882
768631
635
11170
3144317174
68956
8
35
185710799
6314968
5814948
28378
2881
804491
28171095
20813
7716
854585
7
580373652
86674
31244414
852969240
324265
2736363116
348
5
4254753079
58
852570
871
86809981
289113189
1705
61723418
421946
68
38449
48
2318092708
844
328464
8547095765
90293699
58
9782244465
33173
6215
85
4
914922
40949
358
3348242274
5
567
867186427
649985
29533805
48063259
437710
60
54485
8044443470
54
6457942
8561757035
29903980
49712
65
6040282
4291108037
4131580019
9
9717409089
228505
832
613
1809985
650630639
581
47318361
230
7
6319085
3322191
9442441478
320748
553296754
47
311233567
1
839428593
328178
334
8
5915
93883171
912457
350
8
8469871
550418
17722310
11
75
38776
9128977632
5
9521284
336499573
5171
308
92826657
7563952764
6
1050
52807724
31977979
2226
224042
806832302
1136588
2655346
86555
5198218
391854
6774384
635889768
62
94413684
42
48543
6966860
10479936
570
3833806
1554510
3773444
9
309
256985625
146751
9417
3239753236
1366
7606776367
260625
86019
4
706304683
61734
965885904
509
2868
476100
5342899
3686165
235612581
6506261097
692558849
3
64
5562
7914085206
7426
5116297724
217
4568573
8584015
1940438606
708383129
697111
92
1
35319
80100
804112
83082
5099406
338
18557
792076
6165572533
6660355495
8951226
147814945
6161270
656331930
8394
76900
579
98812
734617
40
515963031
2
4044513467
29386
36
681641987
9
755748586
35
8503027115
5
95361810
36317624
2547522779
37753763
893835
1413
98
65218016
442401204
744
50100742
6312731
4167
11446
16389
80469
451
79332
40
7
15
9
56292
753
9946376114
51559
691808
954010
53
694364
18244
1727
730625
87
1164
2782
3342408
92899
52
948407
6893029
7245649
6056
785931851
4084084923
90212688
93914569
908
322
165
326420
6345
5885375
47196962
5
2191365
9754063
7508985623
210713
53943
1989
8764052
749011
204
97794660
9289539
479
4734256119
518013542
8797
30988897
55
5903137063
8
3861248
3464580792
3322573869
5908956
506154714
8844
236452
4941
7015224
239086
1820940
333269
1
232363
2872365
506
58
6599106
538013
4990034405
94
6109300
6
9489379807
6511
7
699
484980884
535
94307
602
7053
719
219631
19
73827587
7419
27098
882020
4366
6000
795
510495136
171803
281975
5
2
6
35389895
1612210683
395610333
915069
6943712155
944
39
92
315
197227
91965441
4139425001
567304
405
71084
3
3
811729598
502205860
1263666
7950756
852962935
29010896
55
48193
7090483197
51066935
44602
489505
95894020
3485270
883
435110
2956
84406091
5
787777998
465963
817171
3044995828
1075047028
379130
38148
7484365984
38018
688
58264182
9945741
97791548
5
127902
65512324
2128
6964317
102545931
5371589790
816248634
3783170
21564981
8
2339182373
27187562
43552
786700302
452513
748
934144
379503
507213962
248
48143202
805495
254027
64814
52761
471228551
69
7979037020
492836534
1775532
78
40
9233861
656529056
7876302167
10801
482420455
292712
344
57
853461053
806835838
6834174685
77883
5556448
2807
33
793256593
524
3249429
6234580289
3208453934
872234
622
9057554
60486827
1
3801320863
11
19001
6
7088
4193209
4
8280
96389793
7707277901
5084350
1344
34832667
960300
61489628
154708
53
3641
50
109456
13162621
6536964
2510660
924875347
270547258
757155
2
84
9
22
4752
68925
9
1
6
5
611
35
6837
56757
4222926227
349628230
84064
469
345
3898760993
7185
15361313
75596999
2125
86
594
1205702
5260363
5274124
264229
88968
482
64
16
1596627035
73036167
6
683586
8132920846
637965468
95269900
6175904887
19146
53521
4750
988
2968319
8
2722
821
6157436
132874
8527705582
319960
8357
12
9910831940
2
6986862463
4881674171
811
89636559
1
9232772
2
8
5636
60765
1870737351
7445227684
32105
738304
6755
821
2946
59909
9280124
94149008
101
7
364176871
524
4688151221
474532595
9438410
2356639586
79
5121
79163
9367227
644198224
5976
585
425531110
8621712971
3290
753876
57060
9964
668
794463794
6802
5049
8310810
7334115295
5557780911
33
77746183
141327
184
57
9
23179665
5827199
289991622
8652683
785216191
29894
18402
79
69632294
4420387
20050
67381
4
81207
94
49303096
85
3
39399191
43037209
9458
870289
220653
38
6503933874
6722911
3230432
1916459911
683
99811
2674
293725145
2099
263625240
75
429990
74
11343932
2947
3844720088
50205695
9558634308
757117220
27
2705
971600875
1553626
5855622159
136
42332614
467
802806820
852779809
6885416
5
97635
91556
28
998
56159
2
8247218
5332549
96455
974612377
985424061
6767
332
89875
1519
16821969
6082551
2989635863
316
1
464168792
75291367
916
765150271
886
51383
61708
97991
382573
68
9884
152
6877017708
7261767
464
224868516
130004
76290
48333330
66
397376460
70413364
260983
588928
9634636
874
7828240535
4660077208
33
3185632692
1560894
65930
569634
8
4951161119
608
60436
2868333545
76
4
2
9271098094
52
3398
26930198
285
850662420
399
823946
1847876294
335
53706536
244236095
6045
27441637
92358698
675009208
144
616776534
2
4
843
689
8077
120
5404
238493505
4948
50863536
96427886
941387820
865710024
16
99419
4
3618242101
15819
4
9027948
44949498
4181
5264082
71934
137390166
1432737
171415
103882367
23126
36430
8102
8458
41266
1034308525
3817997
351
34422
538880
3802318454
24824947
71088
6223
957
9624830384
1356
986033
163671682
5826
1669183
96490515
879346
6155328
4
189500
24081492
85054
86038
4471667364
345191
177585
751174
68431780
392740
9784284
4532
437
34569098
173332472
22369183
284580
55806
89
79419
93559
8
9583886
2605
5
421689
1
327108
215819
7939714
824927
42
2027
2722
6246743
4643
58078325
381831081
83194
865998
92420022
492509
5219123956
6329701715
2
9838936
277315
420
3428
320440
2
4655084
81
389042
3
946
5330
41566434
468
210
6
291236505
3
5268622553
454
2094
40529189
26
221244
757
99760
4
4
7815538
84296239
6381968664
1736242722
503
1916
3126367722
513
59
9388046349
938608167
112998
799291
3262
181
259
678603542
405603
6751
90708
14
975226
27
9
495005217
619213
104982
42264969
316
7675154647
679
984496
725061323
169
6851211417
78
8403507
101
92262
99600691
286151
5147
523
877
9482
559
261
75044478
8418157
8711443
4150620
762970720
391853
1
6511
80
35
359
77300
92738586
8203266069
65
20749012
97
9474556386
6
93532
24508820
54350
12
4642628
86578
270
9
52648
5397
47859
81125070
4
584382425
7
5
2973
371375926
78887
212015
860
311
179869
6
183740
47
491588633
475229
8
8
269631
3252056
1185
196
6760254
25472
9303
5288680
298
2412
9355267
34780731
3687450
559288254
23938
25280
16506
805
89469600
24190963
54197796
822671590
21951
4807238360
27773286
3166857
83605
9492482498
84
4
829522
15
153
79713783
578168813
1
54498789
3
44238
59476029
8214006
502264791
480789
3258846754
98794
42699152
23135
83504
3075064
2796153
385134765
566743099
7
18
190
61
56239
890
4325661
80
699561
97347211
6051977
6067296021
12753
6367
9162579
53040289
9
8
4097470843
7309664
55568488
472
581824
26
7883687
17
87586757
58547
212203
139795
8336197
87684710
42
8278671813
656
8532803
25070956
8400
643
889
58864069
32556
4346127366
197995354
9
720386752
2
48
947
44858642
234472327
48953939
84
61761
265417328
5035
984197802
20364118
1685651554
59787482
9831
2
23228
792602486
603
15965
4991072
78668
74923091
6853
73512979
7
22605107
61
1735
696275646
828110862
96396199
7618755066
5771045
456840860
68937507
5
826
74
791462392
2017209232
91372660
21
768424
2650449
11424
4
4832088395
7
235
2
706
1860275486
5490222332
2447401
1201486
62713
1279066771
71635
34404
312847651
8861
2030108
44409
191
3560489445
6
25960
9
2169326678
2
6
827962
118
7178
9546
5850
2703256054
1703
606
220970343
5145842032
117208476
917
163628819
781289074
647
91552
479537
99013
53759073
953792825
2424258087
35358
53314141
2
2
8245911
213279669
281
366
2527306
6727
5049924
66442662
5756
5
5673
8559
1191370
9847430
3
157012262
150589813
434
3482938978
31699630
872
5997851035
349450329
27
6886
2918007
33
8
30716654
9462203
104191
6944
1947
8
48314513
6601929774
4472748
5790
6
26728992
5732666
893
26881120
55431
832
46
40
8472450
1651818
4247
750
9
7
6
80
43
9
523006676
478
21704
24
3910708231
4
39505014
9161943
23714399
49977808
8625428
798173967
308
246184
56871359
155419
5
6337195410
5
941
11412
7857584500
9643465964
28
264
618675
613
4276027599
8
27864499
46408881
3
29335
5052462
6886577
6
6724068
75012301
2000108102
7
3656085825
3
4358929
7047199057
3
331089793
39166197
10751
4698
54
7879392
5
79
7
4823720
743
89182471
87
99659
42
77697990
760799036
7103
21353453
940
3784641
72
7
53271364
89
68
675134659
6683070063
11264893
3
5348110278
66
9181048743
6
6099489
85
741
31533
788927
91753
2290321056
1701
32291
6955632
8091
701951064
760
194279
8168679552
25065048
46
88321
415936466
9403155
48950
39567447
8
204285183
1050708
95
82888
97399
559988
2649894870
3358034329
3
646379
656784
40267
9124737418
7069387967
152450984
87
17841
561388
76895
79273503
91
5218686
464
801233124
7490478720
54429
877
490339675
234692060
4
12
5067786
9343409
1397
19029322
3508162
9203
600
6983
1
748254
83338
938386
86
67721
431619212
983137
9899
50647
6354407
3763183451
33501
335269240
929980789
791794335
554548712
563631235
500
32788
6739280
471
65427
931930
78984
287555
844400
31
1980401404
739611061
2
5125
47422253
7433
377099480
737
13359464
42860
5956711848
40
67
3471360
45415
9961805
957152149
2820921
2603732
80155244
5882177
9431625374
8
54412
821642109
449
41
371246208
947971799
6314947
53105741
661911
7
81406
909813
3
46570499
440902322
202892
4489268
6835146832
98908
46741640
6389
97851360
4
5
96
418355
46927
21176
4367537
991
640
7938605
5900023388
859987637
402433
14410
24557
18
699035
4
6
5183469265
36723
44526
6
808
7703
9880708
9
32646
23
6965965406
211
2671182
1
9771335
62649399
559450
7996
9027066933
5
6133
61
53
97
1685266
575967503
624408115
93184
922420320
958461
401389865
40121867
62481
87278271
738515
24964
4987765015
958549372
7589807093
5
988289604
2
371628
9465453
923818
458
298358149
135709711
398367
934305131
75222249
248425
8369338
8
57953255
2751118
73
368
54
6
8237
317
26032209
84214
40
6743877
9
868
38
453241
42439
951625381
456636942
642923994
7
3
8
7341645027
9731633414
11275
66545
9
428299717
467496
1925448731
8245
39480170
921318070
93266
8
185117
63881
531
8
673998833
4
6096304
65
619
67082
46363
1644337
2
62
174414
6
63
705
64091
580
4
57467
26647
28
6
41650644
7139878
92970
3412556
3059427433
770
4988902829
53513197
3011582
57703404
7494591777
366458
4603
7192
538156426
31
48174
6458378
657018867
41
54
8
6884913
81855
59055
71075
11
31870466
5333
29651
67
27133
9372789937
527937
24851010
901
3
24908358
147
1780421
976384960
244
2865
7630685
73848
3
3960503
800032
35
71
3930705891
2904034
87
822
193611530
79
620624
4648481
395106810
3063609952
80925623
7
22
369
96909752
252596
13562590
83812966
60501
314
1
2973070
230
869
29
7409954530
276468
6634423
628458867
84536536
6049906
3335370375
3
9587663770
5055732626
608
96574
3
72500188
4806332878
27420
356899
26990697
79288
6461872
26683952
362895959
2222815184
169809
263
18692
10244251
4484596021
2
477
2314781
6583132241
65
85
661061717
447224467
27873576
166275028
17923925
8
67
631450
9
5
7
303
6
7203012
65
760
8
204
7255
76
601
969678
195105261
485
52815844
67306
446
7128710893
2488035700
7
27
7
14194
52382673
10786
707357
122844896
1024050204
7502014
9047782
22128
752961974
99
1152083586
106
204684812
7028696
9814
327620
35138406
26134582
1587459368
57030860
722069
9684997964
391
8861
26818
50074810
3811700617
323839162
8482120
39762887
10
31
51
775252
92281848
29019678
855529
826
364312
986271
2
5624827
4345609
819585
9
861713390
39625
80310897
3910344693
94
88723
99816709
4492
9412795310
8
544274
177798548
594555
84243144
40110
40566
53120
4
16285
4055786
1413
314437571
437148
48
9904
2366879
435653
37153
740
95
97661
684559
43055
376
1935051
458839
61
13
472522
8
2536
54
165261
221580
928
625754
3635
108
468
7
4316273
3333
8160
8980
71248812
440340385
875766
866819241
947900313
5669722617
7
6144549717
275689
17625543
1
59
33655634
5185752417
7291
6277448933
916141423
892721
77080
84473049
660304367
15
907425589
2828
588594
3848424
45
1580232
7514
160300350
69398
2
527240991
8696
6743000
193218855
3415662071
2
525084664
5317
823021662
23316432
72861
77220645
4723
123121
7938670
8
6
406172727
5
341675
391221
568129757
9451351
3
24853437
710661
38786
23
6264
204
517
7380
94
157
984
4
70791
495007
62
7478434
3801687
679401
208066
9426
352526912
6205
8964634544
4
642022809
53786
3
544
1018011728
5926
603110519
5586155
38097024
44347448
84
47
8587042263
19916733
78639621
6
45
26
802380004
67
79844
6099998001
5
16223239
4133891103
6824
43
8174937
8
6892209270
47
62
104
4945907
62
7462
2
401
715817303
94816754
4198
36
94352686
7470122456
1812
7
39087
4
9132
4188020517
39025014
697
3019886121
65741586
7179801
327032766
4915557470
5
4407
6201970760
429
8307285608
2
900953629
26062085
305242
9371391532
805814451
195482593
808
135759
47029
71
4834531
9
63700379
61208
36525916
4
53
5843572506
17795
511199
5144349
8113649
415179633
531
164367
93692
6831009375
3404360
8061
826901
668
8979152
819297834
6686989825
315212
26
9323
9
67337612
45587203
4918941
35738119
5
8774
35615571
384665
464817735
8
45373644
8448
62772054
441748935
28
41999
32603
9396297086
2692103
6699
98
282595785
16754445
127683778
50
6350661816
2
787451981
1792
201244
115680081
8678902022
3
851312300
8
302
351972
30523131
490861
494074796
23482
6
56
56
2301086
7691
12885457
40648
28105
3
106461809
6623790
93
3333355
7
4
185703
386673
83
645051267
474923584
2577930445
5574
767
8398704037
7447279
683151
3519894
90308
26719
65637
37
2046538902
228494
578098176
71596842
122737
6
2740216755
984
314470
8047125
1693531557
7012072
9539562
960585
85465186
1690
487538
4612211864
846582
66
1414560
30995
8
62692792
7316
9851
4302
20902
62998
8
500829
7385834
7
5368
815
23
2
616553788
286
5091
454179
54458396
114
569974
7907503417
3
29324
5544304543
7578405008
613102
586
550534668
6367
5788581
7463419
66899425
3392774918
43102739
7412
9
5429
826860
553413
66568618
876074
444090
2173857836
19
96845957
60653
8932048
3575993998
269
57
34333
6727765116
6
2945916
439
9704
9
78131158
303
62247
766915
535
51932
241717
726
2768862955
6560
8
2870138
46397
6
45
537443627
318088
4
702
3056
710679
75155
7384
73756
70
4986606177
80
8905118
7921
743180
52931107
2011094
5449362
3423
286
14869
9
62461114
9
576544
78764
438
700
5
4
30
398284
4975013359
74937
7158
5
24
242051
51
648
938876601
26
808464
791024
59442
1633145
52
274408895
4
4
9047
12
20961765
9383
992
74621284
7337
747823092
781575998
69
2
3744779
1620758
7228
4603
65301498
952
2
7489
8921682
7562074
346
7
85855790
17
83
304369
62300
590500
3741176
459089532
68316833
2760406
1136282020
9145545776
89
8607169
5321996
3847979
47523
3305
5137
838469
78087
5524
8
8615245220
709609535
8088186701
227830
68863307
86051840
3
8671
8207858
341178
532933
4528
8173929926
92050003
613
8593
240925
854713023
6852
519238585
701311
892034811
3507
645919
6809041
2682
551455
9037743
58909565
1
8371930836
6484119533
758698
62631454
2
857746
8699530
396732
4
505750142
6929977
6623038113
763340091
346003
3288
530942
67602393
12523066
319214938
797
9
5510358
8
29889645
236417
984493202
90
281392
698829950
68
416232823
73
94946
7
3205806
11
17
32
763
802446
85408294
4
861
6455
7886441166
711368
54174631
6581006788
674547723
65716403
156554
60
850
3137812
96
104079582
89267102
64394
8
372987
5056878606
194837968
912
85243856
137610240
65306152
2636394
1176660
833885
6001575
86961333
8979994
7832
2871297081
522049620
997801766
589151
902997
56
3064614754
17410
8259864101
198
46321244
5592481999
855504600
32552681
85954
75082284
940137833
21
6309
5518
96086
3948452341
3
290
50695
86100
7987934781
576657
22650
98592299
5601380891
6
59
8
27188
26
387744832
9987099
413110534
368
8309546017
6
98
849572159
5
3862234
875987
8954493783
7182833
4
353472246
1792390178
533724798
9496231
7613478229
4
97
3801
9260340489
46739446
701090324
910634
86099694
4
439
9940639570
468980061
47
9346
313251
196293
32459315
6594
3
835
3192822323
3
49335625
52
95543
9
6168
848535
372054
189800
374
904545
368181
5
423629
38
2
705442
9046
1315983202
4970221
791416
6338879
43974469
6520255012
8640
8871
567294879
8688
7467407643
1027407
78
359
9
480
4218780
40787888
3846
8903623700
9430326845
6084
205340509
882212
425028
4811629706
85202
1854686
320
1761739340
14
37
202081
958900
403704
6
5
23
385972
7393412
3
7
6678644
1
8551686739
508673699
776412687
46
6691
70106
578100104
9445
408
6652
42507
162764101
9074797
2771866
11423985
6312163985
27
8015041
56195
1405
61045
6950
1
7
22797622
396
147259
33
9
5
180126845
3584
3751264856
10
3909852216
8583444
87
61747
66728858
872876
663625951
942245785
634949
40007
748491
11
3956
98
2
47710160
648444
1
5
64615694
625783
281
8021
284576
897323
9013
8127
905
9
722
250132
799055820
39534
7013023
2699
3083
437585232
608494
10083
5942158418
77165
802773569
8280859
547379129
74
8058187418
26130289
2878046
42308
35476
360
98281896
70484459
9584676
49
423884297
511034
73351102
40023
3
5348271
5
918
4450554
561051
4916
777166077
686240122
8085838678
118130
6567
5322
7397012
9
969534002
6
8646
361481
89439
9
74094049
89
42
93978918
573
5966321298
64
5217367
44
76351848
10198514
48
259647
21
56
908
6776
92
2954192
642360
2
5645528
399736131
951363
578594
6437
17
5738800
3345309
5565
196428
3657611
442095327
3637526
8105714
3509904
87999
759
1632999
5209
652
244196
61100
424801307
63386363
86165
5600
987695
381
847
6
2498775129
44
2429835
89
956104
4211179
5011864
5
3
606884
1579950
57933857
90
75400197
217
7
6306050034
8581
56
52
76892384
3
751096
65002
6165190568
90139
4619652
9225
66599
173807
4174
60509324
286777
83540
756365
575693011
2
92759
6583
31014560
85395659
7577
378144343
388126341
736
9597
8571111
6653
89530
5383
404392614
3851368
8760490
18
47783502
875
99851
8955177
5063
44376
1511591
7
54
993
3
81309
9454567427
55
403631
59097
2206551
96135814
3430405921
67
17
1772796
30901
907
7
9225170
2797
5
319690086
72355705
50676998
840252
1593
8889
1982
286704415
8148
34695550
67
86502
4667497
15
124
2157378
422
59842042
4133701854
9846382
20
103359
655146070
28
6862
37403477
311593327
261339170
69205
902514
290522
62
961601820
5437
60343
32
84848017
5264
61086
4
82646
4099506
3100714640
3736
931
822594
2177369387
3416192907
94110936
4543948
561423
9978931
4292048150
913644
746
912945545
66
74851319
1235
382
4715355
6910
3320439590
782903
4029582401
4707913
508485
9903378806
9706180
967
3
65380335
5576
6950
59412
6
2825711948
5942
15039435
2003224
961
317975
839778962
4
76249383
76266
74536195
15802
82589951
792
648356
5
157857630
52787936
772
670677
20
159668
3876328
662
7334766500
74
343
84318428
86029995
813
584888
362996235
3
978
122724
7428
548
88765080
368
372981
37799346
3
599
630252808
2363454
2167185383
3154
95
7
6
429788
6
7086583301
3517999
22591
55
5
6294
1
689
900438
44045
355
463
9264059105
4646382
409045280
25462
85141
99
4648
31812
273486487
2815883714
54
7906
65387
380659066
834
95331593
549022
4114109
4054909
1669125542
45081847
15
28
38
4525523
18956
7808
5
20994255
7809
5635810847
9987867
3739
8481
918
9
5
62008941
65128
9
957916
293579648
6431818666
8321094477
8814931958
10817
258
2574
4542885601
397194
4737
4729
518597568
736039907
400137
6785165
1250084967
3702281
458884
370294880
617939
5267616
227
2
419887
987247335
885585778
8417
276
85455
245141885
9735004130
638
295
110541821
9026735
559834
86
7658075
1174251547
44018250
59331
45448
671
676159
5911338055
8803383
7433313
46692275
2849
298195188
5
41
37217
92
368
383388
453
2689
48514
84
826361476
9904589498
88
43003
607943
50
454
139569
42
302377
69
986241
6
9324396701
8
30523981
95716320
61772252
475366
20511
5
48001
9640276598
9960912
6444035439
5
2909269451
5384414
714167519
7391119558
5371230167
624671412
37120
9454
8443138138
4577074
2
35
6886576
638161
5972775093
5544
25358
94152
85069
7
74135189
239545781
722610403
8008
3
79962042
978
97977
8722
9079984025
77045
9916004
468521
2739702827
785542074
3412903
841177
24720565
50
841
13894
8831445
5707
909
16
6833
869140
8652722638
96
939931576
34459275
6652565956
6269
1610271180
7827406
8
9
639058947
87052547
3
35
3348652
4360
28127333
8497
40
3034979
88591576
193586
410
375
3
1
394
5
4497256
65965
7
3
8711999486
8897220012
831805453
37496
259
9006813
66130747
86
86
60103351
128
9362396
26081514
747597
736308
822293
91471
39558
25498540
30466
4450
876591
363
61
1789
9
94806507
802162
1978
24
254725
785602
4558
28648175
368
478
399
94476007
994361700
7650208669
52496
70637
563
7905505
508485732
633
15146
3933359
9995
330744
3795
78814178
43096
4
71249169
1739
21
31
48256869
13899500
737
407
10969040
61
95
4512221
481
15837835
2
287
417503309
3153437
22
8962396872
785416
159535885
562298
731
4676052746
60539
48518
7014313
5591826993
5486
96
2396442
3
2632
5519126976
1595823
8
3907246
59
875062891
8399
957904868
6464131071
4748
254666694
71924403
90339
15
4050
4008401085
10282
8
950815828
9362
41
6608630011
22059634
35027
759
374257
2171412
41
3770239260
7926
264768814
6469
2
8183673870
235253
69
6190
835245130
8531
214
14475611
7908415217
5
5417652398
737577
7761307
384
82091
22021
7
8218636695
54
5300
3
1702925
817988
581
8
1542
4300
947956
409784729
6
145014
697685
5865223879
2809337515
515550
346375626
13675829
3
8975311
4942
387550
2268374
5237985734
5
477106
749268019
378123554
468262
671883641
19
539
2292752905
560
52512
147134942
287
5751178451
8
467
1190029222
31486683
932128106
25766019
8498556474
92548476
3336323858
4
243608
539829907
9162
7461493027
9
90896343
931778
5063527713
36
3011129250
49822
8
71482632
1245302884
152672514
8
33681484
8026226
40760196
671104
480917336
73735
60666573
930637
523047208
133867968
86141025
304573
9669853
169
19376385
9847738
400
5463
2206
1235687376
5229237099
9262956654
280
8684
425343
958
9
3199271410
422190278
7453
7579
3161
41550223
78695629
6534
5278837
52138190
86
91
895860772
64564075
378757946
9539796
675
964
2168623268
93747
410799547
6
5900964768
81
3987
318579752
26182052
41724
494
146165335
20593
787787492
9960
3826202
805044
913118
374058202
83020
4296
31
985
2315
1233
4
1086607
7
881037
5
58566
558
707666765
2807984
44
9
56224
6
916
74531
93
23155952
5420
87
602
288
1761403519
38654
536900062
3878627
6354062913
51
98
6464
37
1
821
8
6560313736
6064279596
6863519810
58088751
27225
9
63
9729
896392
9
48
4478929
28781
885
3947151
2733984
9
5326444
8
969039976
51621
758677
61838
4869
79204
1951
92227
2040
29419704
27
53788842
59716
508
998
2359550473
42886
642462
5769078
6011
458902097
21
7556471645
9340706
1
61
17731805
863
9
8017456
57
8337
798755
764805
8960
3413447257
131
72
9202
9102
615245
47
5755
97269
522
5693512
6593301
530050
24
281
419849252
30225666
4
2089
94096
9274237
43671
517
680832
294
4609350
45148859
704232569
79
7049799952
7
5946
5939851047
42946878
1890897496
3
9196985467
24
17384752
7610214363
30
8574396487
50174278
7858257802
4972619563
7
9010422383
970273
6099
12
561790942
78336771
44620312
376072522
8
354369647
468258550
9071
7801745
8
55
7832
63072848
2748
69
2002
985922541
49
41718
43638951
976
21411088
7153
78050
6803
4774
68890
435
55
67460510
1154642
17494
8374623
24
9211983
7671040
1705570
4
250652
22893091
90704
9097
1246541071
5176383
894947534
5
3
606
986935
159
95062474
8873114675
544
32005
8634948564
1
5
37783
217887310
27475335
22181
384
904727
17111492
76214085
6
4
4046
3
3
3
97982877
19053
72054948
1112
4672179
2333729
7075
91
3276632
3063535905
177290852
825802
299602
5452890
259
2
2651
734
8
77260387
726
865
27
813452733
5305847461
1499083
1066
14033
273456
33508
1316448573
5
194106724
801
1319
5127
754666147
720
20
5725505150
65987396
3092
478
68414
60218
8959415
37216255
6
41845657
1350
5210
15
963632050
3
222537
345
27
74370391
3
540
76266643
7142
19851761
59702
7
879222
7682473
62
7642
39585
6
65277
769711
499158215
35
92713
87355396
24342
6407921039
10742
4476685139
9595644
52276
2547
6
5886674
942
124292
512
631
9083650166
319433
2969006
755305
44
4986
679918
80866
46763425
683465
843835497
52
3632
303
3263
11
3821402
6070
6588090467
95191
22297
747159
95476
65230145
932209718
6961674
344404522
2922962330
748
1946114278
2460149838
3341
259
57
56595
1
2874740
4
6465722
398724
7470504
9622524193
229836
96802253
6606110
713780189
9400907
35836
581418112
3789
67
9243
6414
57258521
1802
71712
199019304
284827919
20491
59087951
671697
12302
87
5216
612593996
648837369
9837432271
5777078752
5936
20
4540157494
147831202
593
587424
524774
29302708
1
9
1920786318
446489159
4933
6837931
9906
45
1
9226487
1
421547248
57
1591
219202569
14244
879124
852685745
3551
3780
239374829
2108683541
567
2626
5964
735
72024
3
15329
7011
80077
82
4707
72
21180
28365982
815097269
70138
155855
111205209
936434
660933761
8743099960
522663191
77027
983
1205035685
59862799
2279
481431652
7739070870
1
139736
93406
3797
698
1659004
42369
58
50375656
9280312385
81
998341
260300
59750955
5070941568
43314118
55383
15667
2
9856775451
3843
3478298
888386165
6
960472
4
6930001189
96314
457291859
275288
85
294431159
8465927
2
4308801
1
97165
7
4147576
167868197
8633339
8899
47594
459328529
4287794
50
977604898
99914
97769
4
3307864
9521998644
6762
49689638
868896367
60670787
456960
802601
578
271252423
4698292
957
64
49578190
99948
40865
51601
48
92644453
57000
206290
35758
66574415
125178870
373003960
638
28817
40382804
2019
870
9
29730103
849
613357251
746
708860362
641645162
2540
202
34876559
539597597
4374164572
76966
1751246
5363343
83
86
5
284
122468793
761822
460
5020077
2
8110082
3890202102
71
7876424395
5
3
2
421220218
4
1719
70
2
850866655
80
560
153530038
883740
90
660201
63
482
48046008
2184
551
99500
9
1
641
1
693
343016
1
42750
65457156
1988814
3820
533834494
9342
3249265
75
9
4049
2
83277
728827
19521601
4575
916874638
8214
4608940119
354379
60
17110
26394622
7438066
50
97419
260582
7175
578211422
59675102
49878266
1508701
545
87
6545049
8
6828612
7
602
9912
4765672
6493096
783
999549240
516
3636499983
55556113
8870361
262547
8807852
27183
22053
6464548245
172674
2256
2025582
6019219285
8646985139
60870
4149
3923673
864800114
683487
11584
971
26576
2493
4476807
21205
92736
5524245
3
2715
13
4
1191
964371
658058882
1789452
8158128
45474648
557
14
52
525
45157266
774677
9
7370810
59082603
1826
657887
2546
5942970
43079
844246
1778282
76
5095
7277656
313
3414
135134576
889
9160425616
9
2
1
37696
6752589987
47
159
241605126
16274890
3
68346757
840
3
2626601
9507610
433213
44710252
14
63
884230
2687501711
9155231490
62
6766909808
8005
7108362
67
729335903
448
56
7
38337
3455543046
1498
958
952
856452419
775
56353
10
6265
79407
59783
191123
66
89945754
9758092837
2995688526
52821
8534
82016455
55211
343776811
82367921
58934
1451153083
559
6494664780
7719
22961954
57296
854
16044
916183267
1442509
629729584
841734512
521256742
433
15344
45
8491988
98395
747490256
33
170338
23181493
38
243700
8132416038
62022
754
702
8549
1176360548
37208945
3649783
292508962
95330
565
876896
5349779
26
5809805319
7445329
2256
5625906
754458987
2923694170
40271358
381262
4327298970
1679268468
224
8918
1
2599760093
75
5851
34
724417026
107
551082150
5801795182
53
80
960197433
25119444
75
7011163
9707
7640824680
5079
447
420795
571594198
8529630052
2142
2903018
468195893
360366
114
4423075
675728
157349251
8
8692597644
4
97862045
4
7
2694
955541178
618
7667
4108
98451102
3
40959
4147
2631734666
486
52
76594082
6778
1260425
5286729017
9368221849
4513563
29049
931
29477
581392
8
326743269
89003157
73
9559370971
7251906
59746783
3
1
826
5
5218411
67
71
9224
50676
7060117020
9
45
2076343716
8541341
10731128
9
9122774791
8121746
7080672344
309
6
66
993
627460
145220
92690
6779048076
54042
37
3330703
5
975378
7812
93349
6032
4542719
62653289
697758905
131
6784564367
43
4069
7119
42439
7937290863
426695
510
1827162513
6349833
424698686
907160
5181072
8
52589599
83
60333
55419819
5
9930
22
41682
3
691064
3221453
62
2476247
4
9609
374610133
950328257
29
594
6421800426
6729990
4448200226
9
50081
69881444
196336135
267978219
7189792782
919
6612070
89730907
960
548428
54434
898866
1699831866
85828793
5170
7
61422
9
36121629
7
152656
40031
961
5970710576
6124460
3074
788668
9604151302
2129
30094
6168580
20414424
326733
511
1
4528499244
45392226
401550495
122259
6
118
8766644782
82
245748
4642192565
8359316
28
38
4780324611
906997110
123
6577
20626
6103785157
18
381096
41
48102810
74
9
790402139
683741
422184262
24
65
47
6288
8517029
330
6
11
17746755
6894
402
1470935
192402
383267580
892908167
6184656911
2
956916
30
280969
6853
55605
10059543
8577749488
4
982236
29547
3
747
80867932
3744535
70
715
82380
39
15
14804163
9428
5840820957
2688616
961260675
6206478
1873962
7
71134
5856
33876631
799472561
24
37037
5458557
221
773009974
594
9357157
31
1
317534197
10
5054396
829
1
752807
71559239
33
99203370
9648824
43850
52393177
7175
7757
4950
201
409473979
1729356
63
6289359624
46104
8009
809
864841241
608492
63637
2179517
3590816285
9415299
332767667
7156192868
520
13
5924
53
731211
570
80
4
26
9
12438364
210
301242
27429
404391
21
7479
801
92883
8998508078
601
52634
4763648619
4943849
465
265032475
2773224
4964
3384
84977
295879142
1036644294
8748457
46505
73323667
689
6
298771
162
211106493
3
5781358382
796040832
7508
33
376215718
5088
6735252
8
885012169
298343
683
6085800200
928659918
8616
67818249
2275405200
868545
525993098
78416
670463
101
38287
625974
6427798726
1797
5853324773
49918197
6144
603698864
1328676830
63094613
598128
915207
2
759200325
4472492
206400
65017339
896
6
829623
95
705884720
26980925
9886
6
6350505327
21812
79
1142
3668579
16
37434
970332
8455
907025
8633140652
276244
380151
1696
5995136338
280192674
688581745
705282
696580387
5
7625
547038
507
26421161
78758
669821411
9828766722
74
9959493
5914523516
1809
74090
283
385
1757978
267
11
5000591968
8546
252569
519897384
3008
76574003
5739
444628597
96971
7311642
90433
380509165
90
943
854
85019824
8
49585922
81
4441504716
835165
51895096
78526
6
72501
2562864
6053
65620327
29
90962547
6391161
9059681880
2580
1652957546
2402547918
2311
879602
5
29917521
80635230
4767028
561010083
8483051
91374566
34
6667
8384613
9148
351
9
29801
86755938
121
13728754
1764659937
9105
2084354
778
97892
5
760831
37
2165728558
6421997888
45750533
800
224
9812268
177
156748511
8044513960
2821208
6548332418
85573
81683
2676603
88396
19934
2811
177742
45109
82462418
9750695
1
532
87555
30555137
708766
9692
279
7180730
1718387804
427832
20535224
59
5678
1
74035
8
1713214396
644
6940
4745
75971
2
7441245558
77166
60634034
2
24309
487105
84158510
113876
2125640813
99006859
7614448
458370292
972
46
9211851736
2
6363557
99
82604
786839
32412571
84812
434187
915497751
41406666
9185868909
3054632909
4605
1438158826
35978
300754
899048173
286
9646107
95368
18
521
211421813
8191628
77233062
36160
611993
458
6159
2424125193
7466524
4398
9041670416
808
927
964515
683094978
35
16
5
8166
311
4121237
72930
125
6
8
59631
878
6
896417
70928
444320764
6204511
88787131
2914595
3250090834
6400337099
225016490
34
661965625
48
186
664385
9
414810
330002
84784626
182984097
8361299
3110623
95703
8
37
371845
609660510
28
6686788251
962283129
907
155
514129212
59252189
5
4
5
6174701077
5
60153
577704
4797331
327054
7637065121
6
223
342
5981073
251864503
77646202
102096030
65
3823
61288
866724343
971878126
66664
97377
6715636700
99
500258981
99570
8861612151
5
2612
707255446
954
3107499682
4
38886
879
8660
801635
5
909138634
7905977827
106053826
62539961
7911369
6135
210
7335
1651
1888036324
790192870
6754
3
273865989
68
2357181489
19
64062
361961354
7981514
8
737762
14
521
3688782808
8423
4380
514472
5544267222
337329
271
7
4806
421914
814554
7
378932
557167
38
539319652
36
26397
28859969
6
182253351
45052
996
93114529
54
36140448
16340
4735668986
992062
6
1
16
95857
40601
395518
33493217
874
66
37
29703
361900939
6955034
961477
73702635
673853
5779876323
50963
40851115
4269895
289079949
1206151982
9570721030
2690
17
2715768066
892
84915
856068212
97366
852990
2321
638
7893661
8377453517
947324
52
9
30180195
86
63
6490020728
5
661252992
797444259
292451
3527
1201135
2623909
634
25
7640901001
314149
592
993
776
75338345
769990
5128529
1833015107
4960370170
812308803
164256805
266903786
921
243973
63897
92206
30
67949059
31110
26
6
3295612283
4
27
20
284682419
821611879
6
78054667
28
3956247
10
85697568
813774
9
68
25
2487925449
349
196
65064
3409590
67455
3644815
7
9845504
7317085
9
819938302
68
216882289
58946726
7
45
3141968882
8
68
339257
335940879
8
861
604
7181948
7059
382049
9198980579
929
36137
842809762
7619
2
169845
5625341
2873
485
22290
9651
62
9
6320
5526438
10616629
4933710795
397985840
6
95
71357557
1
36
153038
1
2647
7661868580
5165
1
2025537
19
39
118489459
420903435
87470
995918
3017621782
865260
21386
10322
458444275
581659184
1191
72774088
5056368117
1
316076677
78900
3922
9811961
133
119
7280041
72031
36358427
7
40415378
223
485306073
35
402190636
71
98402707
4003
6205966
18218
138451
9126762839
54515066
64453
847037
798915637
72734309
189950
31840537
608843
677
163797050
5450
674
158
110
9468
926690
273
22138257
6420
1563286
5953506440
235798913
52
70588316
39669
4469506
78248683
3685579
834915
45216
1046526847
623396
6664
54
31489914
93787226
6025465
1740980
83387189
407
98
3515
17
61616
19270324
85110
5271613688
63556196
992
9
3490
329163
509
3209738765
10
471521
6
675373615
75
1
521400
69
83482
349
27545283
847437390
689591407
80
1969550
8455615161
74064
9732
3
5134910
1
5929427
785484553
23385147
8020
7799743364
885
8692
82548
3924363
5969442011
923503
4930234171
80
69329
32
1969979217
397376590
9893829580
2324
64
83
4283
1039705
8020177
7607101905
7
573261428
256266118
8011523
3845
464495981
555155302
8871
45854
798870678
5688105
649
274110
4
5240144
47579
202142585
26
134542511
362
484516
49336
3549402250
3069839696
25
29575466
331346143
6
5376
34201477
2746
217998
9654872492
107
2616
8
6
178793374
722776
3
334
397
71074347
29
2380238
55241389
8739
249
556372647
7465554351
3251
17772826
8
80566
5768190962
5
478535635
4654354
8849222732
334934196
555
116701
56863742
1
9
662
8205433863
2573286699
27571731
409122209
8920621419
76669
4386407
1
28
3829843
5452
4477328
3771103926
323
73843619
71885833
195119731
802
49543454
849866
23
9
7089
749298
78293555
37573944
561964382
17136592
80
537087
60838293
87
310
5111
185
29613
3
56376923
25986442
88029
92662015
85122722
1316596039
29466132
1941
39408
19961894
2244
24
3833
667
2175430463
565708
3
93
892573
4937614
6390369876
20
8632636
484931882
730720
760
3255
8
4071
62148
47
1
4993
89
73
6
510877
35616336
8214443009
10788802
367629
5130992191
170
3326
734053670
3803
8785410534
1802752752
3358
1
8
3534
8952281
5776137
44
8655
77
4
4
230467
39
1
6378210
43359369
411008
370
62
2020950098
66839
7300311
827508
40
281478
709
17646
1976
25
29204727
28109
21007
7512
57135
8466852398
70528308
89665839
3444926
461122209
48297245
27
371527829
9824
13955555
8622812416
674992050
5288510103
2861450421
2825765806
1
7528165
89897
3122379
8
66945
551911
5792
64145963
638
878450
9185500
34
8
81
30
1029
3092321012
9
8276008602
2976222438
4801841
1686
9
515
7479
742746
5653123691
2449458613
828518664
454109882
87224735
6689094
252
59
24
1
35630203
2997
9
15
374342
7
1731
76
9543410
277199
3082637732
7404
9672224590
700092142
230557742
125
348269
866
135312582
2043
9373983561
2283329889
6151137892
4492
938536550
30454211
169886146
827537
487
2869
4816
1999912641
1
672765015
1006
7624169
7030
18107
1
34
610155
602
3
91604113
6991614668
405
870898
5
6970295425
4551
81670
27392989
2516965
9
37224
1353991
8
40242244
9
1912
64273488
9747534
9129174
8
4105129482
38
363066
11968
6892
7390289526
94
43992
7043
8063024198
406
639215093
90337
53
9178126
4012084
573
6815992
811502605
3
8540769362
9772
133448400
2
367623092
4683187195
87
19
54787
1
438235870
113612194
2785136319
66194239
97953
3640811257
187
309
77885
335
7515
50999
6703
604792
9013671000
736826
364312
8584905706
291385
6494548
217039319
5517135941
2123064
75
28768
461636
9
5779092
594
6187980
4460714
7064
6592022
8069
750811105
50564
4448
6051825581
2183
4787741708
77
1
2
27401726
65090097
7376721308
4580831
7284
7654255
99019
820340
82
30
85
5678
56792
7612128
2
908
5477622959
7
13861
4160372790
80045552
997
7
59513
1
719
2750
79717
1
92159666
95474994
314585446
25732592
4425640
274
5243
15
252
79827
4625984404
32
2738
2882
9336
10755
9839406
929433139
67814036
5858379
127787
50466160
148
979931
4
941106483
4
877
5092
98951
3640061
7619
3560
233696
304
61
25303004
680926196
82074
2821923567
54
24
95505494
807824
2
27762
71782
4842447291
6505345
24768
6327398038
6836258
970007
132475000
5628622
358777
8641
413
65265710
243222086
2300407495
880
44030
4493
5773248
681
733037
85763808
6970501538
74505135
63486168
9
6890
719268
651198771
305811
482
1010996
7580
2679
840576063
5754674
59
19347483
285707
9674705897
3206180
461934
69476543
2395299835
468
9
564
429598
6640671001
21681
9595690603
60913122
373073
35990823
42
9615713600
78
78138
52180
64464459
5329335
8913
881179160
4460
525371848
364878
26662099
743801
352177
282060
8039379156
4030084
5637317578
184661359
335442
78469149
54692282
34938
255122
8279355902
744140914
10
76202162
8
134251
133116972
25444
8
33
409
659240408
99
81159164
843682078
48072585
822442644
27
6
17785098
2
6
1711439365
50
409258805
26213834
95
9
480
4795236463
8975745734
3553
9343636
93332
296
6067141
628451
7562305
1983897
180463
63164
137533313
1
821814369
21917160
33
73
1027982252
351003916
3978
885694510
52
53915072
1
57
708723
629916302
7
92045
87119296
1219255
836768268
77
76091489
29
71
5356415
8
584
7
94500
53440025
74609134
81734682
4034225
12224
669557579
178213
698549287
6277619445
112
6730309418
4
90844496
74
12916
9400
75890
158053633
9158
97969425
748057
337622
535906811
9883497554
7
62
78
7944
26305
23923451
6074481935
890
7701453771
10584131
3099684
468376048
91386167
1126770
15758
1
9864571
31395952
111654
26885747
617194195
753781
202907205
899367840
8903
9108321463
109884513
223343009
23121
295672
5411181
63997
26083286
77681602
10987
219
9
976
4200799028
7119937
244099
9
683
7606371122
2254600
43
484140
19581
808
7481704
2013
1051477514
4368758233
7
5
5465544
4954647753
79530543
97863
1
522
486504709
280483
75766984
6312979
5285869795
69370
9294679330
5257
77
4068347
457137
56741
2067648
1101
5208
3
450427886
68
67024056
6413093
660637197
319
900
9873830166
1428577647
1843853
29237
969383513
7462807114
301716
6
8
68156
8107
4126849
60445
72
94
6189157481
5
8208
69
3954796
8
78
28352529
10606612
6009
1
54471
43
5859854
109451
3108
8
4653
6016249
91579
789141224
8541
6082607
871738938
8369563148
4
6754060828
47890209
4828
24018
40353
922
167111
9397466798
5
449943112
5
42
8
846613
78065802
862526
89
63986991
544748
165402
87
1168
33350706
51814
985
495928
9723234
5146866641
8
90858
551
83500020
9291
72957
4218708
110629928
538
6
983270
87920862
74
957744384
98305107
33
3
802
5398504720
44257886
479506
2597
545682968
9821847129
96201199
68076
64
38063443
505
41321
4072403
7300483005
6
42562
8262372
19264
3676606599
8848447
6
634584
57
850
61215970
138
98222030
706824
5627
517329
9
480
3831925558
452209144
6
765477
32342
9
22796
62
1181573
758237
701248
4
41
2
44
52
4
5438842
461
641
5892
7213056
5846785
81933
3024
50
57364
4277398672
2245113
6321871
5507389836
7728726986
41
1116493550
8
89026121
3470
3819113
29
640204
17061105
9320323
135679
2
800397026
396423718
5365182467
8
41449
898
199141756
69935270
7
450
420213638
9
172166
58301
41
14
68
48162
5797006119
817181401
471620440
75346295
641580711
80974812
2775
34
15361472
1844594730
35455
984686283
2028980862
646
8352310064
3963751
9
31775700
7891
79
340
7638576
1901
91180120
21295273
4
61
5
5735
269910
119033
113450748
507817
88653464
842635
1031299
6216
72872126
440848
71
61
4265691
652555998
93958
59297
27336
5753
92902
2922325
23632
419701498
9383267298
524103
3752
834
9749892
374004888
2301029
191722879
777270123
6
587240
34650
5
7869
279
37376558
681969
48757
2087234881
256596396
1
656
7
84965439
568210098
4698
112435
34
632239
18441499
5
874727
1604556
4183
180486750
857
74868709
18791473
52747
49
2339993
7668108422
884205
569
705306092
494127
57375
330
7991
69733321
2
25
449466
9
9497
38303
550169
90503
9714
64
30
94175388
341482
490865
7245585
44
2898
25560
12006947
4
746
6594393
990
1509111202
9211651
466
976
970076
490321893
48088741
7566298672
3654
208108833
70689
995938
841956882
2
284321098
6848518867
5
4018863056
6
806850
1144650117
68191296
2630556646
8747529
1145410567
236222
1904302507
55737
3418425794
2716612
6
95293982
72314
643239
23631578
781487
19735
45171932
4550150
23605
64165053
6
9152463
60868098
462
8
81687
69945
914857
1208726517
191508486
744522
9567874
4044533251
9361499
376549
97864
6
46800479
77162
750
8035317988
95404
4564434
54
913479425
89347785
94649587
68999307
41419
7879
5
433
962
5
51542478
459655
372413853
3085277124
28131302
779453
1645188
7494318436
33
20678635
79209634
1712
35226
885810
9895780
2
76
84
84210
2
2
504596
50
22
6278
6
375876
524276
2397969446
2
71679916
354124373
8117
51441
432442686
86204
53853
7809336548
7076389224
156
504181
2053708402
949569
8404
5409374
6
711563463
275074821
4864586
926
179781562
4
7789895885
131525684
13702393
498
3275787637
821730236
716001363
1371201895
58784309
920933226
2749
837597774
7460
541753408
4253
713268
7813693
6209
777351465
977
140809740
925333719
535
51024
5055372288
60819297
632940546
3
76
535
659785
59451204
894
60
33088
5019088
6712
864915
872042
73
502
703275
71548
60
9863493308
328498874
4479306425
3
150
939
45036701
668808810
35
9527673
4202236
829770555
2024
399044
84467
4409342228
35
40
12037811
70199482
2
62004
59
5903
271070491
147191523
9522205
68583328
31
12857
829
41301
26686666
18512524
687911
5
3923859154
1223
2676730
660670985
61796195
2606555185
113393
697928579
2402
8274
250
3320393
8081835
63355
79661
46448
36030
70085292
870232241
89116
3773574027
3
858620
271375
9
9937293842
98419420
2547
559
12210088
152166
9445906
234743
5234089394
3
193854192
443
809925730
767486
213457961
11513769
8254988
7577209896
10167012
8895
644
875877
2
66738
3741216
7416932097
5145
7692
9
9325596
600
465381
64719
804881
25292586
5324702518
132496
90159
232269369
85122687
918687
860
308845707
6290250
5117
49748264
7321973418
8375538985
17490547
218691420
6145
317175
98
2442
115388489
1
302971
6555
850
1082
2
48246
4
18162
3428469
678080827
93
176554
931
70658
856
296091306
407147374
98409279
56649
2796810377
160086
2741568746
461597274
559
561810
44535
339
8992817
77001
378420878
47
87853197
505
98316641
947810374
267824679
55320018
33654
926
9990713036
279394
148886
87
9536309
2694137211
20236
7
620964746
931540412
25810
1
111
6180551
66377
1921820
8607
3080
74955268
363901
288
1029
3021378
986
953
236326
4447
704
58673
257
492694
977729883
9792
45494632
60746167
799336198
4
755461
124163804
174719
206
6355
3438136
9233798103
84201
25491
9885252
6110488
565
52788318
56
3618328
72
5521010
5429438425
255
3899
291813444
648917
7
9309326218
240684998
7791
295800086
4
4286873353
40
9040
91
31461
837
932079
97144824
6361582
14
3008852643
775
460
5226095494
7
530575121
97342
9954732
46726
428131
31
230103
84350
845287
2495474
12352039
814973
63160
7007857688
7916001
1888
7
52466967
4297776
3
701
69265
532506316
4856246
38881629
450
3734
624940
1845767308
6304
617749
68
18239726
46699
9417113
910472
11
6229
6957
4519
9
7373
77
736915738
30917024
435
43
5
1143018
12133
50903
8989
97535
75
626629124
9364
6256
254
8883475177
9483694297
232
4625
69941064
65953
672234
42686086
907027126
411
53242
4841391253
6543042
4
9
2309274596
742853533
526018
81193680
8154776019
831
2420680
925775
5560892059
6870106
191
33480
9
122989176
1366
4
1050289
5
785180230
280817
156484
488464
8580
42491
749
9
31808
387497251
444
370
4000271516
19
43075
794429372
8310
3974823188
477
199417594
999349095
22835066
2038071
47720
4
4
75997441
4187015458
855298086
7272774
34
563417836
1
58590300
3
4160
9933068
72281284
977049
56
56
4371240109
612
272037
3796638955
66816
681731
47136
10
73
980
23631379
34328705
79
833
41643799
209833271
4765111157
7
9987361
52427
4305486
769157
680271
84754724
1836375949
66020
95119612
333
5345358170
22333411
3540803
1235008547
221
65678
1092
138
737520362
13
5700769
6
67
6963483
9089670
76970
8398324
846
9
93311
5061365236
6169263
8821653
5559701
172
606677
1
919
7906737870
2122387705
278654436
343199414
3440597244
987
3
7105
58392094
83961097
4498304851
9241860
20022
36059148
674855
2
8619987
4
953753343
365119
4528456
7
984587639
6479569538
80
797813
136473
81116
2234
5592418792
3253
76184832
8469
423
23845025
816573818
240434
5107564168
83011
306531
4840
404395
821726
723301
385
5
120245796
781766
3
42489
96551
48969
492
53
3
75227084
4158538901
9882140
3409
34495403
117629897
11
186849
50543278
5
52728326
346319572
894855614
263
622613050
61587
92050895
8208
282288
184584102
9079
759
261382
3520204
1
2185341381
62251
487539
196
88964406
2659875
57408888
10
46
849675
404874
59
2
7
5
527027
7
4677555526
7
1741
2264331
69
213990
5189219218
132883
5249939
7384277
55554003
4450657430
529096552
8708794332
110
507664790
52515994
6005
205339
519
958
312992661
1646553
910195
5317992
127
6
793691586
9554
340750497
835369708
94163819
597346
7305095
3
8751652075
2853
546150
37
283
760522582
90306
1055765924
4664343
18505466
5374328
4498106
45097823
67
1585140719
36758
590
3812
3580207
6
7125
4633816
482711
3535214
6761
347
8745507486
7437
178
634473037
53
544
1308
9625146615
88
31
68375
766813384
658
864
4976
94914617
836272
2742904
494
598192088
284
5060
8497
36521430
76
6220727
83882154
93300663
375080
27124
688
37296
5458
732929
1827663402
5274
6421
54809
479
121597185
202904
868086255
1119408
57
175035788
437
72836473
570803
5504
578
98045419
7457291354
780
55
65995410
69170152
322
5350317
523
53196
4064423328
21
182
9
22
3359
87170979
958
3204945
3941312922
21267092
9
949728
42439
3795
66416
269
3277394
6812
570300
40101
99557561
128760
829
126
60
2773768
667086
5647
18635
909326
946572
59
1219217894
3863770224
7403
581850
34757046
754548
80
9
60201
281987098
717641228
2572
399932251
2121529132
43919
4942
5194330
922
469
34213870
4176
2701
94842180
80
42
1626630207
5446
45534
5009
42957035
282814162
27732666
92382
4339
848
8877
464864191
5693253
866337
36
2749849463
810465
8478
4597928195
177070058
1439158814
70
1
7048
31
92597
77
4320210
40316
21116
14443414
4390
7607644
7918087908
2
38
94993474
7
5
67
933
8414603644
2527003389
6345679
467
14
478
846949
429840646
230
37
413887
3
592240
50673491
1089813622
487194
152341
660
9269888844
7496398156
6252944285
8
4896124336
7
9
33
4111481295
92
29406549
525038
2884
8429708
9221721
5799712862
2014665531
33947
6
63686166
69430680
492
392616
88
890988
8943384
973298081
65
698842413
49180683
1311814
9
51663
832933
137617
6
3309260
2
65385598
27703157
4900
52903541
3
3243562
4590055349
2086309245
75
93
468632913
85688
302027
19597811
56163132
57
8571924329
249130360
33
754638416
232546
7
101482843
1476158
59
3953
2838
695553
14024
20574
31587
45986
699318
7536
4428654
41571
806772
54924
715463008
3048025
39
89
475454905
4991779
790152
74
20
56
31143579
54
9265
38873712
43731841
22581729
51878857
350
251654
699
4253145860
87
929
8212491262
21506247
286930006
148697537
2
309830
743
448156
6286
9376705
999920
5
97614917
170768
5
7303385928
66143
23131890
933
3666
7921
731
6239
64347
6
757741
2161
3090
371329296
27746
80157
9322983506
14910
613
661
115
382
9474
5933096225
797
56
553
411
233347
238596
19011
7254495
598289
4107798
6874
52268
1346
18
103327
49539
36
775666738
978667
163
997597283
4
853
1221188
8397
90
5
80171782
309
852297
1682993
2720629
905
165
7456
2
52568932
35
2
9219492
105809
431542
8
87730
5776938
14353957
398202973
2647
83739
278400
7839
2532611499
198
8923
940355
6104110269
4333313
7281629
6338785
91
2
7
2
84603225
210191683
4
2278746
84
479523723
661
813598065
97983
2749303761
558397075
6827356274
81167089
31
96
112
15
413035794
69925
9155
25350
800
369
771498802
989
2
2592
31003
47412
969100892
55179165
557192
5487724874
774191028
4321
56
2628563
8261
2
223265
59357384
4
92
62
1826447900
8235565882
7
9455217215
78932
8
35262
328569212
7
7175643
4506
6
4678645082
4733776
5059174
98493
8803575
501849
18
427575
748
8940
20727
2496
891137
9726558353
553399
4397
46
11002
7467
8
5931
64667
16065
8
2106
652
1919673421
5
26155
7246
5
65
55913638
681
145762
748965201
9691263
16436050
2
6000698
690851135
98265547
910767771
6999973
43675
535
4675248911
830241
416420865
549980405
5
664228
657
34941850
22806
578035
550576
2468640
8986
281029
900874133
3
93215326
541276364
361
92
485
97066250
2966799137
952586780
49
740189
2749981851
489253809
873638869
619
74
24241
48
28804
23174335
979
90171772
301
7312694
826943
4940
4812
24
156
109
74524
1675909
4372221992
5843163133
2210694
3
77836936
7
773843600
85340
975459042
5
493
198
7
299027
4531062
2
860404514
9472904181
863462
750706
44391
4876
5128
6
5
9138505353
33058929
3791
5
9181084858
7
973794202
9845151116
836836
91373
62992730
129340140
5879187844
935
2874797503
2226
1630
322495
81245130
122261147
21878359
71
30827368
409894192
18585945
3026833220
46278043
37391673
90121185
70348
269041210
8066116805
782557
7667073
7069699
7471998
1009
712
20299788
5503253
4
58512121
6
370810
80036337
6616185
6258519
74399253
6625075874
590844
4136972
6202624
4427411
7312271443
45858
8408812572
4
129067985
56930666
623
547693
71
69534626
69
61779
3488326830
63
58417507
3
6
4622
4517368838
34103306
42544424
448167
28772
4842397
936
569239423
1836
2467
30464018
503383
4075971
442
4761
5155
6848
21
9239709
3
9144029722
614894
259169928
2166883
642445
15628229
832
5094
514702622
84
51
976
9392
1711191725
233
44599783
380908341
2943743625
733165
6585
53385281
9633809
9438888
508282
9166454888
9360630188
23677709
777
32
899
125471038
94080
6382
7750
51503
9
5623
3910748430
576
8801
5479999194
40779
248761
7
69890
5851
915
49073780
38453944
5
5611046
1519
44134
393
56
92917
754203540
676
943
88204
649769
208
896
4
1228987472
56
92
75
3742
77
43408
6543008
7
6902022
233
41244
3106701
5090657
35
7868
6397
6
9
8
788435006
11
868140318
20190
76650127
7947459
149699
259
122561
6
4
134
608
183
5634225
7917614707
77
173
990633
5181933
880
1640
7968016086
1
50
7945092431
65340446
2343587752
2362702
6851642059
17
6614470
839207
10
5503
727677389
4088401660
1236902022
35266
45
3
220722
165317263
977418
261
54247
9747709
6
8
7
726516
9494
76
7918063
79887166
7205015585
68751
75
337650767
350
3387897601
23640450
21200471
8775
8706166712
773343
7
6744547637
6
61533
18321764
230
61
180
763860999
87
6915957
99463
2425
15
7
4360
849750
90993449
452528
106854493
9593988137
6265
755862
3033174341
952670727
7284
186166
2070
559
25472413
277100
8225325
57476
42887118
5
46
296188
49
97842
41
95
8538563494
79203
38108
5460
4863
60
65314094
52298140
18205149
86
6103380
2613157
2722
71
9224074
975
4598804835
3488155
783
508439956
24591430
614738732
298436918
79703168
41358
2574994209
5170
4181170202
257052
4167364967
742762
397095
2428944
1615046532
2
2861704952
891095
1027
34
384198
99658
3440503876
326685
44923
229039050
96678
752
9
602693049
6717571
973
6119
986896
54915126
875224829
43391448
473628
55233
870926
831489057
4298240
349653
4
383530
4125103
11733
832
4907188
5148
973
94473
24224659
103991
9
8
2428
719
8432678927
4241
65
41
8064
7731853
519611904
6821133
22101126
1109425606
7931613093
866315
4234983
1694452123
7794627857
768009
46091297
6306763320
972756956
28761043
2014634
23079
2117446
8598425
6339423375
89556
48
569051620
92995
640389
93551534
3312989522
22
568
22970808
3
8720
33234139
97809372
758404670
50377995
739576965
577
14
405687
569983933
280
7
337
269687478
961770347
9168793
761
373
4900
15573
649226905
260935007
19
6
382381641
45260
20
7093
7019505
167
70611
691
6177743
2509
500779477
388558
500100
639307332
887274
950
6435221851
2659325
44049
30052
661545
530917
20691
5202908465
95769727
384197314
6
8382
54842826
606514409
8335164
9597854645
53
7
89
62
538579431
15
84004
929560
8
2919209967
468240211
7
6
41282652
430
800775
2087
7681
1
48414462
79965
35677539
3405913477
47910789
349514
19814903
2
1623866586
393873665
37
4
41918
3128414
707
61409614
82
46
74
782675
535493494
9324346
8225912
56818
77267583
563189558
102814610
99
90
72494536
94773105
449955
7760015
2085509907
994123
4368767
34
440
3370
67506
169857802
52
2327
99168
803
7198
3099421
435
432
34462032
12
2853
76912523
423444
7009611897
178510
77124120
8567234361
6
97
912287
47989146
641083133
13188867
7428
515629
8441238520
5
84501
79165
53986
1
38742
459
54
5301443
3461
50819332
5988
96
30215983
15950
90115
5802127448
26957482
8
148
9577
7
73
25453
80
414
577832035
3517626381
7
80
65
58412878
71
535499274
28571687
366
851779
401
7448
5342730068
8679036
5239
4
71920519
7
2214
2394962
3439467
9073533
18775265
4
89
160
970353
814894
71
923133
59
844
897
219
72540780
2499
30
69
36
404
4
1
815
800689
1
4474480860
894879
4
490514
4418
3
7655
8557489019
62
942
7
232
681
807840
5
6393930
72
695
25
717043697
732
23
53948
55029
827
40162115
139440035
26885412
39690
46564
70636
9300575
79249
4
7
2
7
89761201
315
2221736301
13664
7588617
8
1585
856724
75054875
111379656
98185
8861794
9501031195
6
8
1113818739
8
90963671
580
679399099
7398771183
61
78959
5249254
1102476
6341943
9852195
7957228
6
339
516059
43
3208
34917422
30105
14738844
35208583
61415
3144318686
89
657136114
794105223
79535
20580555
3427918
49137275
6693836
11444104
8646216
851786838
3199715432
4
5697230304
386588
99092
73022
24638623
206358
9713866
2222724
25608
6378576
61448
7309
321162
8529879603
9981
1014540175
924653
1
571179
5340
8
166949
9175804812
94927
5
3295568252
8
95581915
122306
783
452268604
512
22
55118
6505964477
5242
726314775
78896
6244130254
5991
22862
4096
67689
2
252131
8002506
8
48640
896758152
6742
4181
9970594957
3704
8010891239
2
8868518523
4433609349
2462800917
1
2713723134
9
19947765
349041
60824171
62043995
4
72
536136789
9950
4901244
4307719659
3006716
5338090
940952
5975
197
934
4650
481365
114824474
79805541
55873524
768087
19415983
30532
38273655
13623
275
1629
297587345
8695267777
225724
477
3840
3972874277
222
313935119
5696
914342546
82090
4988039
363
8896182
4358815251
1000
3
469210
768
53
8867299772
143832742
9
89359
71681224
8390
7902
8911086665
3234936
24
9
3
707
93773663
9992
71101
7515050757
227
70379
1
9229678
936507
22756
35913126
320272
1
64
9754413
209394
683
3
3295497
1
968312
66847
8
3653
33304714
21
89205
4253920492
139195
735128785
82
5447200617
9421676
6744405
5632409
3749
40998901
685078156
632858340
4212039761
375948
835
95
140816
3
99684778
380449
53
251620
505
58690
45463589
7901486345
95
8574840
55447126
25103
7
2371001
4360454
8015
999
651191
87158
4663435
514
714422686
78
74
126
59950
6187
6
37010770
28160568
2
74
70661
28
9535
234797
2819363103
788012
8
98205190
360
519
48088
269349
49724786
35
508236937
72464
680053
881
21452
102513
5420404042
97963337
43714852
883837
272
66
7
600957089
8
8
4
847843
91
2
3378651
7990796
606597
8448
6
7846402
7045
234254851
194135
29397422
19434
560886442
335347
8434
22
1
4753445
52
193765
8
62
670768
90066403
70
431296
8
3506
5
23019
27
2407727286
39396457
22674167
46
23
4
6956
3540326024
43387426
56
28
9820584894
1
498555511
7900431
8
1
8841
28632997
45198
9942087482
79807
77780321
805017
71129359
3
196
144791516
224697
313840
713895467
76605072
5
41
75
8345577680
792783639
62157
7
825155382
1185634
5605457
11141
6847077
453972560
93381
26678357
6
2707928183
395915762
81178362
84079213
325
5582079
45
2
181
52500
5958094
90
18
2
43772
559218349
7656
8557658010
824353
6
317951379
840
25
696890548
81459
201
26
911319808
665018256
3
811546199
9
83
827
58
8979403
53
6771110312
7
9471125
35842515
3
51523283
269
76
52
937
77
6387931913
6622418953
3183596
972269
26353
6194429
15255
19
40
582
924
3367
6222081
9456439696
819277
4880678
3248539117
90419
283631
85
3982
5
665340
5165773838
414314910
8
8847
200501
1379
8718
66
813669
31
15
26
8971026
88902
446339
3265826
70
51080
28
4
8124
34
8407796493
20
6
222503
37784048
14
76
66
2976285517
92979337
152673258
6070
607964070
8770
834057695
872
14
8689343
57892
568
649
3685582579
578483717
18538
319
393
93826700
1532
35199
915175
90
32
385647113
24
85022711
8594
46585934
4059
6041865
30593299
72761
32573
659223
7
2173618891
91777042
645113
16201355
6370683477
9391085313
82886125
739033
296124988
864
974
4
17664000
78249741
5177783
3204897
6
6846348
382352
207802937
684526962
3357
3
1252616
7637
89440667
396362982
9712702979
7089809
18
610090
707
224047099
954
81620
60
2570581
1863759259
21
128
121182737
614259
23057
803470
8295
3910
315324
4541372
2722628
8943
38084293
38688
6
3598274
978
6
2489
3535
382076
6591819831
6299098678
65375044
74116
789248
20271
16428
7
48892191
504
1833
5519076
78
401
2200
7
819062603
78317249
79
6766953
2
678379
212
66544
5466648
18204107
55948126
2777
4072463
358868077
830
77
972011818
22555
12
16936
935729
747513637
56936518
489764550
771
86718900
205328317
8138288133
2740891
458953332
552859133
496
5125674
28
149917718
593
9575
1620
657602
43194
53850626
3
59037
6
820652
8529664438
23
6911
765395
515489
921547
93385
98229
12231325
14
5
6411647
8
2
434807000
3475
509
64595
3
5
36968
94657
6726
6196709
8
12491
759282934
569091682
5556
3299
940
409
4045
39
3
78340979
40
6521101373
1214880843
1210
2
9651050
1590047921
67064
62927126
6
64968
8177
729
58565200
796785509
828
283
652100793
91
63371
903301
951
649112
227270183
8601
234810
468300
7994
8237
33654
9642
7421801955
364587
6
607065079
8
3672455992
168371419
674
89452
622
7831
32
2
566449410
16167
4681496813
257
7
520692
6
40
3
2600949161
5369
1877663643
2064108
2782642865
43614208
6680047
99609
6
2534835
340284450
15371
12
46234694
8662079765
73
779216892
7497617
30672208
6691265773
64544826
9329450
19141631
61123173
46
77173
576572
9656
9414
2
7064671
3651
5191850
33
75136039
58202571
35541653
683239
4039663505
647
60126
822
51
4281323
8754744886
1
49
922073555
62
5926910
6641279407
212407
58231
6
16251
819323
6
51801034
72617
6801019
2531754
442938312
71
217
4368872734
941429
757
54971
65
2
572034198
531044196
4
871937977
4834279
237
406
2552
138
9
3
344
3600
601024793
1501650
1692211172
683701088
9319
491143709
6789174
75
4480564509
639911054
3635
25519
5611
81
81
3590
49175
1924566
42496396
8
80996147
3323
94427972
47407
43869
356
91675
8985
1025896283
6
475265
2193
999805
531672835
2
130083
5
343
5079234
178
24
355
72381068
8293115
1
6
8800
4447463
4
10322173
720743
6
2727562
37094
7710915551
5994855717
7071
244
80722851
27
591141107
791610
960
470409920
4222713655
9661591851
7
7633
777
64329433
2667
67826
9341090
33387505
42
90424
200350624
9
781645
641
1
9891782033
60729
92866540
5
755888
799
629
17386
2839403463
143606
7801124
4740
657619689
31605
338597
2335461482
14240
557726265
969998299
6490190
8
403
220320362
898194
3880363216
2
474759263
4
13
41542
3959673678
41847687
9970469
64
491
60697293
765611710
998
9
710
4
138
459
1
6114401
8846
701730
312
856010092
18116
244
3042012
66
78390048
768
403979854
4343
72022
13367
98
579
54718754
790488
58887464
7
644
634635227
41334336
494
28
1506793
923444153
36654
1577
7944229
265155
9431
672777
5407639
1804196547
5335
1
85265
933154693
88
3806
64339
19170454
695
17542054
175416
54408
782655656
53149628
143357442
6739046
150214
377280872
3
47343679
103381
141783527
2971688814
3457273
230
96254
955194
40429167
5
48609652
50
691777
553
65744164
2409218
5
19738416
99330834
283
45397951
8284227
7660127701
70
5941662439
6411272
9604
9
391617
82233797
1805934
7011
34
7808
9250161
164708
154346642
86051
4599
1
6388
7829
13704442
918994921
6741443329
1984979598
3178689777
632
2977
193
10
373582435
481296
163104
5
92838787
2
103
67
964
676
142109072
1826117
23434
4
8155992836
6
112299
4286190
349746
6641029403
339196323
14
14368421
2785
943
45
4
1
138498280
105
30948266
843198726
71985
98568
201
40
2093577258
295389745
4798
87402545
7448804002
6
8370971640
2657226925
860
60
5
37
77527381
31648058
69043
5849015
78977800
92462
14
692761
895636
659860
269166383
64134
4636
680779
9417784
917275368
93
9371303
96071
144028927
457674
527732763
878376
1853758
789
769167
56495218
21143107
91
2695375452
6173
6
86173
36982
18234
28532
4787191870
68699806
59
823
8
590
355822287
1909385795
237703
936594
8524463
400386438
2776
31761
3616997419
85
3632
5
927953
18052
94255
353
7247
552
60803
99
8862
9763928888
537703799
6
340042005
1451
59201
554079011
9833056875
762407946
97374223
23921
115
47224
5812014974
4411892694
42965
905235749
8571456745
28527783
9977
750104703
4531398
5831845
1610267296
86299835
3700883
744
56568
35
721
79066629
9247
8606061
62055632
9
84
99720
297394622
2938678516
8980830
1130815
56398
29585
5371834
212
3388226
8
1388124207
287821
46930
804420
212115
6
755
2283297081
717100365
333
8
1
838257
52
23
904753019
9626033
44036046
9
34832811
7142
4371969101
806335
3
42059148
862612
70995
510911350
779140
9
84587439
6014807
8
92939
654
9107835599
830144
2009210
9304149
572773066
9984751
7894787076
8449
1870
635
640965
8873
4436
515
6128
47300537
1
47346139
6464883922
616717440
4140496606
480186035
8556586954
77
2699
34425
185443185
48431609
4
103
89
344784
904307732
34834
75843584
1156897
4
6
666397
67
23040
2442
10166
57
333503733
16176551
122139
4186224306
7
952566652
7832949317
9
5
54018528
81168199
837
99417
8158142
863487376
4890992
734016
4171998691
76767
13852
56945
711059
56311
4630869981
6603
3
16844
9544
18868
1496864
8617714
59928
1579324
6655546006
6590
480487754
4
9540855361
62
7959
6996042
48494973
47431
2
41938453
279982
3572265
3
4399
1332
917
8147
51763660
220
6246570
6
1
7
5948958
1844473904
35
541461
8
90216747
86044
38831092
3937591
7
94
79
77383349
75958
455994
435643148
462
6079152318
978
52
5100
72119
4
234
6493905418
59
6
82195
869117
888746719
1
2511
45136305
8906
82
3
8
9514
35469659
210462
5
553
60
6907525
2
82254808
5996308949
748723
3957649
64075071
74938
1441
410090694
80604292
80277542
7803343
42
909
3299
65
99811999
7
27
524271
2880100931
41099289
585999180
857427033
83247
94445459
2997478
23516309
867848583
84347367
9074
7571581
36
3722964
535924827
5023984274
1482716871
388993856
10531
6099488
2216795747
8984371755
57424530
76015
326
54896
81018829
858
9
986
9934566683
71
88
1627
28
24514
6489626
171
3186988
5
6
541181609
9
1046
859
1269
872205
4189877839
8
73304
1601
4151835
52
787
791067
5505365
6
9891275
682
35
43441500
250618
940
7729466
7929
27
31
1564
5
9
59467415
67124321
446145869
4021973099
8088016415
305871554
91715534
37
86298501
4
65108
66
635556
862772
1
79
83107022
705551
281
230
59
289
34
166805
442206
29962
6
6
269793354
74125
9234
4726
5370
62
1276775230
72906995
72686
9869
83859569
296097
7
25030
33044606
8500481
9342601441
75509
245492759
51569596
5596
825627
2933426070
884766
3932317
7789496463
716027
369
89367325
89141
95832843
8080429834
9396443
29807616
936241075
5249
88625028
787
323
926
27352406
250911243
911899552
128998972
6142975
893489886
28625965
2
648203931
51973
4822
7712061
70540459
38408360
2925708249
968044607
3
3
822274022
1559545555
512
914
8
7422351462
855274
2246440252
67
5123949992
50
7
3
61769
372
9996
940
55
561569
4045
5337
1
102
4
8703
22
47970094
831751998
2445
19670
3213
50315
8299
301559
9167227500
245935
982171475
7793648
7718352602
633487386
93
689
55548
1736171928
89876
6968
92
736340
9083071391
1992990
83
9351
44575
3796206
1840
2389
4515048
60
84
7292
3868
618
6501102
59649
607784230
379720607
281471
7057
484
585201403
9479417
9665
192
30
4568478
712182
52636351
3236755191
650719
8561
2521729
245
608401
7124984372
96820139
2408268023
185
9152433439
4540
3909
48268884
4812701000
40908619
91559598
55
813
4593009
7552784237
359
488887573
44558235
7450168802
29036821
4031
6547233510
2693967
82319
1
893520230
5
3161136445
4
70172848
649
4663
999310608
98127
594
3
43718
493124
531
69980427
5615241005
4616597
45721
51507
814428
7
992913191
492894261
87647060
407
588653
23020
4782592
4784
4579876482
58463
39521
36916
87
19727
635940
61657
943840
745602
802287579
882
59704681
54007636
223377
3086
7394978
8719864
1
41886584
7
29403
9
6434
7705
91367
4809
9
4063
20013249
13
38
8934
82156140
13634
315316727
732945
40784
34717
7
7414475191
8
66766
5042760
5187979
2030
27773
64024
83
1933662271
7249
880
274
4152227
3474078080
211
85600
91615171
4103536
89
60046
2061717033
82009530
488
56
9
7163387
94
112978180
9766323
1976098
39800
8425004024
8706428
6027342302
4668
681429540
4904825
1662
2635
555995568
1
1313879
146687
96915
4424118069
396806
62381804
3108860
5343
71778690
32929598
1993713499
1
805
15636
4069871
8
2064
1
4
5253
943991016
70308967
9013249234
9
71311765
56
427
6510727112
71453271
838947
956778
23
9
51547
7
572
663
1991333553
14029
93376
761
451
99993484
506640
929940
269
28469719
5695692497
1915656607
910690
77
55758
114233
23
424118
8
671045002
1858288
612002
1
9235918329
227100620
6156
43230
446520874
7738604015
54948
359082069
4676
2064813595
875702
9925242725
1926997687
1967526
683617517
244968333
223681
450679
6327927
63
77
1296
9540471398
80
53888049
386235263
8266258992
4405990
89741
2225
484496549
408074
4
779960565
15519
35082
291164849
28
95911
748181567
35069764
8
743302844
35134669
4895
252395
52617
2807411
650570
69803247
17
945
53700
680766293
3
4
75
20507455
6
6915
3328
5
9
35
96374928
864
6534591
2
169659991
463175363
27025607
9692919839
9
58908691
2999
60594148
92241
28948
50297397
12
938616203
356
3470
735708576
448647
2604234950
72421008
99310475
894005
8880041698
767208
86622663
8506772
1837
50826
3750071
65575222
183
5
7420273652
3
618
8979
8880309091
87
1947227
28
167963159
8110
428235
7259
648
372
713603
32039
1
5319077416
280980717
9
91350
662805
908486
618921
264100025
96
4424
2800005
97
333442
7586796630
2
892120530
625449874
3765
507
453
781650
4054911423
7706405645
166899283
52
9858081195
702974439
8813670
65769334
6920763634
6
1055299
3421
5702639
1943
89202
6
9460311
541
6102
8191472555
2716
7654215757
4360
85376
4615633108
8889
638
99654
3586927
66974
540
758385
3
341
8269662
8328086098
10
9
639
8609890
5572
7268509
60235402
1255694
36
5
83
73
77
44
744791772
414012695
748750
67845156
933602125
766574564
36
22631829
8382795
40
795823
4626
60
90143
26
3319
7280355550
6130341
2479
1304812611
85687260
460628
388570975
512465
73
282803
791977
51
32204661
7748
3048
3268482471
8504
49174562
8
799768953
647311
434578809
3644
4799593
50
4818626226
6212371663
12
489440275
296353357
955768731
30461593
733
20
513
126
5863585463
26539
9
529964
1277247805
2
991770
5
624
52954
824001
41032050
4
7777880651
3841845877
217369
2090836
411060529
844773201
8532704583
21
645751
613931
813
56649345
2091
3065425562
414
923
3574717008
42
7
654398
576527
838
6
7345021
510204
583281
692834758
44337
6265091
4705473
1169
3
3396756738
736867
3
2660
897617975
726
9142
6
678258009
8856431
148993234
705283
5
5286032224
1168179
34
40
1030
53
7603524434
561575
781060
3051813176
91060651
3584978
8426
7877367
37224422
40454
275
408
4859867
2426239
9023847
75483
53
6219
3070743
164648
818
5
6
8
210835198
26991
9008
972105728
4290387244
5433
73
3
7656
1241
2960718
83642
5814715424
7
8920
4
92
123
164
2
105600723
8657229
45173629
7137
4976996
682
40
4162
79680
2422735
96219
67866
2620593758
39
5
222208
16717
97430482
484275109
3485
652
8373033585
5042657618
919142428
34677233
4962
1
655
49582
981
89
59198
3782497039
49093
6225789578
304467895
92906787
359897
6449271325
582255672
10487403
1723901
136
51627117
240
9
5
9491832
7
40
1
689246538
5060
95073
534003226
580719
59
8360
8129
721739714
13561072
3170855
83905
817079
276121432
66
688022677
33068826
41
173151137
579
15610945
9955242
862
59176031
51265501
639877
462
35
21440
740
9381697
851341614
1879
55504
5
66
489306343
2077
6
84
2111806
898064690
2201850800
5170
3757
46
656901
61
6773
9
98403
62052
19894
8
776216906
48
98578
6115645266
8894
8681
57
719742630
5
326810
4056850955
882335
27
1220746
7226
27
830388983
52549299
6402518405
3
910
6
8248553640
468464
4806
98
878843846
177161
6769
386527810
8902516
3303
12377
8
276850860
39211301
2577141993
80560269
9256622
211924
734494985
5892
5
4574
55921
1190
8962926940
25214747
9575
9
9402821
63367
8021910
30316600
248
99402
230975156
29
73317
8
2
587242316
6511
9
23
3
5317765
25743
48698
8727
802906640
4716118690
127528
44
441
33098
2
4011528
694678519
3981970
448517900
454057183
522429
23252
96069
77804
78859287
24473266
4088
5220478
7
85012243
7380787654
214790612
84278
262159209
469470
4718667398
1996783
62632
4651
5368976
7596
68651449
35526347
3
66910042
36445
9184224828
997
274309873
2750861397
307444
88115
393582656
9
5724484430
100660
73115
6736486
1
9
67480
29758510
70
4725
46
8
57401584
84511466
611165
160
15215
46
619835
640044
3486797771
1286
22
6351140
45486923
887068983
972352701
444224856
390249689
122
51670736
481717
22650175
492851616
842304740
5
79
359
657762
2975266076
7609
9767892259
696264668
5010
8157932968
622178
67
87384548
93999
5063720084
9557230
545709
60632581
92
69743558
736781097
479
2
19
553461
2107683597
8894
689675
1125
70411
4737530252
56
7999
216337
838
46804
682945
3330158973
312
1179
9747223
6
65433102
15
7597253453
89241349
85793
40
87
6255140483
39
4416242
6888529
9016683148
20
6
10
86
123201917
367951
436589
3
70237892
5159209
509456
760088409
2888
1652167
926
8415393
28121220
9
41
8780957847
6
62807
84405
161589
68883
548
192
3468090857
50
87484
81008939
79
44
7143
464224420
53
186
613
726156827
4556650
8847182
945
85
7896409
6051452001
7909103666
98942
46
501
831
372071338
1618629605
3470
7261
4913276
8
71528
382570697
18037392
6789
1
898522507
2030048023
4
72
6024
1799451
51
191200
74
3474025248
1219
259947
8
3
92
948
6
42034
5840499129
6752984
85434070
4
1
2
8068629492
29438
8
466091
5
865
30
7916
226473
7073350040
13
1101955660
5359
913
4317420
59054
961
14
30609851
3
6
6
787
3053374
8934
8576571109
3
88984226
9950
1967600
259442
971995984
32871
971165
560738407
92619
774940045
8975328117
47
649
47350590
1408
18894
353655
214461875
434957
46218412
87570040
10
175134868
913609
98022
18
61072128
5433
4742
43681716
7697079
42099
22229
986507992
673082095
149
9996
83157707
301935221
6845398800
612100653
5550
16322233
6
475
94
263327
26808
3889374176
3
7577062
9371072757
18871086
6145183
83409808
759014
737020822
2
18364803
4715232
4323
3
9611
5
4882440235
9
416
54061
944178
6939736379
7959906
8
6682310440
32084
245
32684
57
10382
5526457
44053388
64808730
7193610419
131102
8
27
4054
428
29
722
75503044
56307
9
302035462
40132273
34
4
1529444624
902068023
3
325
2503713
4
64
69981
3966926
942074564
18
194374
8
758
6
1097
184849
2345
8
323
12497
557151474
725084
8
50570
2598354046
17195436
9479
5542
713
47994529
5563188592
6599127520
23
2492115466
845267148
49452538
8074529
77
5534355
5
77602285
230458
9906674614
533354
9
8478375
22988
839627
865
667
6329454
311256
662981
5949
4403
8
2
765708
77099513
9420775
489526
49
1134217815
365045
884162249
508867402
4
971971
9
96
228656
3284081
7136381719
892507
21
944380052
451104398
7072758527
489435994
78408
68273
39963
2
81
94513159
939
6
20239
6
352120
7
87348
902
80
52244
30110
6146072
941
50608361
683492
1005
4
58
228481257
6546
37613924
5934515
9
6259
167
9
827500384
985
83914
7921609517
769
5
12
81
25510
6068
37965696
79519
48
393659
756047
4862
513315
296
9304671902
6039470054
4
9371716
981274862
771567
38635
70232
51
8682
586824184
698868
789550951
453461446
37415704
9619156679
407946645
858
696842
9062563
9
8843157
13922728
2480312
916342
57
743757051
36333
782096707
360965824
346952
8232024
91
698332
873484543
78921937
4
21535
11182563
3334
5
585709
672970
9274466094
349279
90438309
540005634
711080544
38805627
916413
4862249
8
9
5297
272
3396
65140
549194
9
65052
974
70290
75
46
1365251
49213
46640505
5931
8671861379
16
58
3580530819
1679548407
3765
6661380
45084
415789
4232245937
6632861
44
3
9700859
8718556631
91980
90
572
703264074
739
20371905
66759
280921
8737340139
80480
44
49155825
535948059
21184
2529333
866416
25813914
167
972
64141
4079
557732102
55514
942
31635
9
6
3405
3346986
566
93645
3767
3301968
40406628
65594528
44222
8556039
52
4
4700386100
968
3528997748
36754540
30
1034
697797311
560241179
23583
4
257
7606888016
566592
70670
9
67300900
608797971
49301
187636679
631189
5445300
413
176001118
7054
45
334
386193096
50
801679504
2388
6000216977
17783129
77
77
87
162768178
1
939
31
9614157
33
96
1307467861
17100
5
615173
290
7039775294
5
2287
301
23372791
97649
669642
3
9014416
28
68
125
882914
4026446629
6232
85224
47743
486838
90721
500910627
201067031
4039210488
68183601
8598028646
9
6838773481
3203752
85742669
951
319
90626070
6
5
82711
195071
5580454790
64192297
26675547
520805610
65
357046845
386519734
98417512
5
515070955
9697433634
975147
9040740454
78279108
59
31080204
5496176
2984
7907942022
30095523
427748
828496
5946830270
3
48
71691
50432522
6665
92299
4349354631
23533627
9916
796
3831682503
81936470
6
200274
15427588
4
239986428
7164
326055
1
3559
6024098246
7046
27073506
959267
2
97026119
43
70
79820076
6
73810201
76748138
887741
4
556118
7
99355
374810
39
7417990339
5536075488
3016
1606
46613696
3
8709
61
36596
281735
5
97554195
6420685
4
2779390
3547
39533
21506269
123
3102987
355568460
44367900
364308651
77016613
2
3022018321
751
282187
3125937
4
9
715036
19677424
54521
3827531808
100891
462
4014416
32512201
15776127
64
8798919355
7030808
547233
2069144758
84
207
1220477
643480177
1069768
8990
58451
3127
7
9589095
453
1170234
8142358062
630
2
5199348
763674
7
1
311074
96489
220943835
61676643
782537216
76812
5036348
73738157
2395049132
86318
585
35122638
83
89801
25231
4
70
31389
98
5595192019
29823755
200263
9616112
8747085123
1
776839254
179
5494
429080676
4307
35512
4651458820
673084
3
5581770388
416096
7229991986
4204920
38469058
517166756
5678282214
8627711
994
4825818042
46211247
3
4
1260966140
477
6
30189
6343
4368816
3009
7898586
33549711
475658435
1526810386
7
7396
7216859412
22
571114783
2
73675
88515538
22100
24802603
37955
3
6
8
9089292
8
58629628
214
234338415
7690087
451761633
187652
3106706
99551
650852232
34
88738959
732
8891689912
7208128168
529
1749005333
28476
314
7737
24
599
29148203
11687
77050
2147
5
101415058
3458872147
8376871
5
32890750
2953568
504614
64966
6960721859
2571174
510988
95592
71131
475
58003037
2852159904
1226
74007782
81
52
4097690968
2531588
3
4245908
172
8
5
75267007
6969
1841
39128
898
4650
908497
6513921510
8
526
32472
497951
8374
4427191
488716952
598
93217
9041418182
25245607
1648113
9319
81659
640989744
724939
9996388078
801994932
78574512
125563
594567
3207
3149
3111
32389
2524966938
773710030
9292156
6
3484514
66014143
8274758612
5151
9685831202
8334006197
1609296463
3672379
381
62
924486
5432039
4055986
48978856
707
68110944
3629
76
718747882
61142
6896
6681292
920
1686
415625
4230397003
4359
6750
2984446
78797
5
8641513
246622
3240688773
1
557284975
3692292
63769043
3
82026540
2013051
459450
446079659
4462968082
8402
987261760
8
97241
54766
1755846377
2769753906
3634623692
73704406
4183296
587
315
3
33694935
42193736
810
4257942
1510607
41
517553
879227
647920998
23614
4
4066
5
266715916
906
84
1
93020834
1195109117
282680
387
699165
4604715
7117
738744706
5187374
55
4
66288
1295609
37
4
7709715965
96
66281619
168012
8
105
329
9831508764
4770900498
7
7748
639
7706532250
440
1580353135
33803902
78300648
18364
8034003981
3319029728
286263859
776030508
655
549396
428198287
8308373
712984
4
3558420476
432511007
242
7644584731
9
5070031949
6849083863
58798
942660222
1928289423
299968
72
8247105484
5288688496
9961
659673
3060202
657709904
5171014
81
1221047753
1225433807
27108
8246806
1016198581
179713168
4716
9
34836
27943253
8
8247
4845445
82183827
3373
76165
89
2024195
5
61369
8777272
1163
693391291
71173654
6874402
6195296
73472059
96810981
7218
245360638
332622236
159
4844261825
569729659
530403899
745
9285669
763590
64635016
44
902
977971
942105184
126
8888612
2917619432
2285132350
7198
8220431546
33450
3
2940585954
68
4731178
719
1805839
2447
9931197
3966301
6
7531
699583
56
1456
227026800
4962742184
2894062
5673066659
44
633207810
582589
1
65251
77148956
505275553
689331
123234
934
91
5
14290695
105562
4
462193121
86
600
878498
34536387
453013
7805
365492
1580894
53159419
20046385
1605
555290
805
7
277373128
42014
919087778
3242
3094
6252508
6629176
18784565
6764
1050
6219
535
39486951
36080270
97
6750095
8065
81
9744830
783578
155490008
6831589
6665881
9217624
6978615700
291
52501
49
1
686
33141
9888119603
4547793
995502035
8477489680
6447914
3518619462
759053
84
517920525
52493820
96
4946268
5625
874
8
822
259
3233132
703
9878776981
685705
79888
1483460
22
76
309
4
3849
25
9081
13043699
2
936
9097043540
39011
805486
236971
9992
3
8568869153
7962
42954873
8323114
93525905
237666429
409307
143888
7133929337
6160
23538
8625
559083
94900862
2718893
632
3941289299
44383870
868270
5459
39748809
96814413
542223
200911784
89629266
30514832
170
95
951208811
8950853867
3074947534
98695
422
9447427998
632
303407
21261643
425646075
946
6439301126
12
8765775
386
9681270258
194731
3499637
97
4
5318
4564732
82925575
5686033124
641579671
249539861
2719
392509498
1
8
2
5
3
250
677667
31
3752
1234555211
287
27
200915864
577512
71660
952747
8
76
74238862
94587011
4282338
61
530932221
356836
11
37
4163
912655990
56353606
21
6417
355171338
919
8325
8996409
28000
37
101121906
4189101
1
380326
58358
1587
744
1947564170
6065
867
45855131
206997
61603
362222092
26129
858
9
204
650645
98573257
1
6604474243
360200
4116540997
7
4915411827
81720925
5534618
17325
8
1190645689
579537386
912129
947
4
49
515196
709841
8517009
906751240
5631471502
52620
50
14493238
43869421
17905
32
86
5880695
68
6192155
41462521
8552694
2925940
6889740
3230
8800546
450
11034441
9615746759
2946821
4044
348
45
134009
6556761369
5730940883
179238993
7007497
50828
7697977
145902
808290
7535483904
8
7
39023933
73
9155852
80792
56237
8289792762
3
673376
120721388
6
27208508
87
3
8129
229676
21219995
61
5
998586
948608
117615638
343820945
212084
67046
5973258082
4397
914894748
53449
476
18
13537624
8804
47344563
8970
8005452528
2871
306129426
34317
11911
893297360
5150
720361
56510
26933
515409
512242333
3266367
9374
752143
84287
551328099
8852170
5681536
2928791783
998
2964
2418755200
8969
562235182
1228404312
85297
1273
4945497
50123051
7477708428
118098
483
895030550
173714687
66008312
192446298
502
57
605004071
463902
9477586993
75875430
165605336
8
667
92
3071554020
1938169
897
54741765
423
4170
87238
216714
656291
559317
3545910
1198
9670791029
71947
3928381103
3351068216
994864071
7680055
86
55134115
78400900
922949466
748
90707178
552119405
365
4328696
230
1090070189
314925
562678196
6616
925193
10220281
6
90
7519
7611
599
3167
5
59284848
4787709
6
499821609
8
525
2867
23173899
534170
54278288
7936
9945905125
9
50
875
2020052
133739
98
59
82240
2204879246
4803871995
133245
552223
591161071
2204
69136478
1102728158
106
95117
59318742
662
81750101
9177441920
154654288
42939646
99954
25
310935194
3563155
4951
315165
4134073
21547483
45883
888620
52560
6330411432
17998
6923287
579136557
30705088
670335
320039954
6341776658
70876871
56806331
29
733939
973943
827929430
530094
5
6894191
2252136
2726799
2885
250954
649566
153112154
56
17218
70
6455270
91394451
66
78579731
906
7896361
120
4698973402
9240
6
1568
7986345878
12358513
3898
90368
7678163
59511076
26459
20
81
2
2
38
5651
4139
87670
40
3
6
2376
743587
53
64
3422
5974
83798196
61
46030730
7822590
45952
6
545229
6770
38
4
513623439
41
13
381864327
330198
2
22215
740
607154
3632426
749723
8661276
88664041
485
3
66
42102
7212
747328692
1819005
1674852133
594
5349695
204
281
87037
37152833
8823
318
985524
213975
99271
10
8221614
64
6812129
75
438
5504981
47019221
4083
1962913
3550152
648
391751
82395268
9297
93660
813
2495904
9
60127
802427212
131971935
163874137
73592
13456693
76736702
659329
2326
21
4168
607710014
7716914
2648533531
733
5725385909
84182270
61
30
383736
48661244
6907750840
54
7
509
7172
8967775472
843
70
40075539
71
70920725
949
7593
1740
171343111
1251693949
480674
220021182
5504844489
539912972
38
4
171082
62370
4475
16428
30355827
458
3245824069
3733731843
70841500
56158206
964
823032708
8499430
9471739
7
70657774
218657215
357923419
233
96
739443490
34379
4
85
48
37707
57519
58
22
5025
75
46
6
4
674078188
317829
5477
5702016
57271378
4153882552
6
972427
67620339
272
1
993828
4131023978
2437424
7406044740
9
1771336
4809444
1866
219
15042
6
4399385
513215
11522209
3
228398376
469900515
4277896212
857681
9322
73487
763
94867
767641923
233566
2212
3589290432
204752259
6344900
256537
3463245
27
36083
3265194054
53
47107273
1592407
98
464666409
9889879
77533768
3939783179
10047
85636793
2616208
567356993
5
716513
7146971
7699170
1
76686
723216951
1065151
71264376
1202712
477
257095
2917
6554754592
76
890
5376
63399
5386688
6415524519
9270
8739142355
685343
3897611
8
467435430
3
46765
7458
55
66006
8151566
90
9675031285
77
81180
31148281
43
1
15560139
5772
23
10
79684
233788
5485157339
11502
85467730
4275106591
69
75052440
981821667
10537
20085
20777068
353285411
23607
7
60717
65719
52034
90245896
833122
28550
149738
948212793
665380349
9018585029
443504649
28621684
790
68547
699640
6565
609084937
4
4678
2
6407
6
2223661188
84
7259200
5644158425
332309
3
55
585810
626955
3593028
4003012963
91
76207149
5746136
921210146
57944644
43
95205141
358947970
8586
4
175
137709
845
783
315175
15209
4585773802
332982
6575523
5
76661
4536
4
753100086
56999023
2611813
480
5393
2552295735
3
7773
443
8192087
328201691
3864235143
12985570
60
748282762
667230132
6395679
8467
27803
864
1211383
73
1553721
1539022977
9143229746
9707551414
183
833267917
952832098
331529
2539497
476
693
8638
747
8104506441
73
716422
7058375952
5
48
3461941
692035229
7660309346
99709886
96497811
4515338
703
18428
407669
7293458904
9
5742240807
6098484247
458395
7
921247912
29659
5057
2868789262
7174740
88482
3459754864
4437
9
880
2934774191
67399
6
8343241
6847050
68270
7
116
41702048
980407049
667054
367985156
77
38690058
84300
19557638
151
341
75829992
99
480253133
810
7
84
10
7
38454133
3569477
22739764
255041209
63173469
78430072
2019788
25518
737
7507
1747
3143
2
7824244619
343737
700476552
91551079
15
7
29366
21512
60732095
7939710976
868011
2
360922245
83658
2925586356
348952
60495
206199616
45
910
912390
5579566610
33533655
2
610989
366
3
950356
4256944460
76
48268
46
798407269
1139
3
54416
8
191
9883794
186046660
6
235660136
1426
63
747109331
42
1455
19
89414185
4144045
329
206526349
5
75236853
35
533096192
67228
5
7
4850408274
2437660
568270
53912
4
11555334
4414113
34
96570
4241329
434
4966053941
1029987225
9638742
18
330780
551
519
2889823735
87
596399
645115
67
15
271658
859202
36388687
732220
48349
31
771582591
997793
272
34
5085
2059181337
75822249
84480726
1853777
836893454
26
4
45484027
98990506
953423577
167184861
48983967
719
15215166
25141
3582646128
6
188
9627892
5
8546
5181
50
529431365
4014303
5
14538601
61
185
867
427
8568733
2395988
269
938
4
435
13761375
3160572428
801061506
31870426
4744030756
99352
270507
2051143
538452148
78522994
50404
5
64035755
948
6998
740088127
395668152
994511980
4263
660508952
861402
684229187
5
91600
94467666
70162163
8336781
6614
42566
527751254
857
6556
1195898
77
86
13625
8447
8122
12508
284
94163
7051931763
8
20105518
595
852764571
8259
6
43097
1057037456
2381005678
1626231
300
477
74730
68665
129083809
22
562980
88131497
17964
8
34
63
843302
1167
3623933
5
7505557439
10143
79
8
7681464
3164872684
39
4841238
6227628401
19195
1988
31
695769448
1
400468580
28
410446
1828653641
1
821
9198
15854
4161156464
2
4608551
38914748
660412943
516748
679181364
916063
278990
5
779
1333373
318
25856251
88
9
179568
6
570
7199
3
4090366237
74
170716
1687737
3358610
2
129632
675686
1395
3640117
1
8818489
320
2797371135
10
9958284
491
893884172
32
7
57638
142945743
844670529
295135999
8
850472
62775
4
561965
218701803
7826795
8766270151
2694825
812099475
3309873
568192
374630569
9496668
9
9776
6751
7018
76478151
60
5883058
69686542
404
1019841870
3718126
287
97735
5
559
528549367
230797777
6679419515
764
7514234
6749
56312106
936876325
813070638
39
28
232
846978
349983
9
52718
34022
7
45624
3290896788
7307
1288365
749732
5
49931
1322
38326263
997009416
3
51956955
3772130
690540100
3455
91697322
4753
5252713
58114
4573989631
5
6174
3132840
2272375
708437903
5422921
94
651924
388
21861
228185
578694246
7557
9430962580
5837
88674820
319643
642
4
39
8
920872986
917360
4575871905
26
8991186
38462593
34
787389
99970420
358
82358
38646182
53
382561
1
8786492073
46
52563
596901959
5679592
66
949443926
353538
4
15782
55463
21545
604
50188
239
33180165
8520
7817449761
34
7629
62681
9646807410
5420
3
3297824
583982
2208769
1590
76728
207
927959
502353453
79
34
81362
8457
76322
69496
5241455
1705989
195548025
97546
46
8
2613110279
6
95
5124093770
565
9236029
22859682
80
976
5
886163843
70
8447601381
939
48194
4
669
2530
61
26582055
115536
81
5
9822540
45464
7
1
6
354
43
6558673
50
307674511
61787
27304
7704
9518717
69514
651
399930925
74591
1364191
813
8007
5397281098
5064774
9471670
64
595617301
6167011
219342
29
425846
1
1
9365539
42
467
5
8823230438
488
8
75
1983682
77371627
5446236794
56
907568978
11587
52
4131054
9738
254283
835365
484022
13
71
40370
2705868
9921344
4882157012
58
17368655
4395532974
2545332
5319935
76
7530646
2349507
296
730
5991
260
9539086
359
90491
4438
4
300620016
43
7533121
104
5539219964
34272
81550
3710141
291
22514
2314
937
127387
76363959
4640168106
516048
429
69244
480
1
10733067
2752639
5
291
39
88211
7429369
2665333424
5
1678229901
23884761
8523296
377
4840215239
160
147400
2565329
64707034
611613
418015
34
256091
994
52885
128898561
8622701703
9
6
6612979
1157
610367296
1
5808
960823828
987
7
5327844
77
88713366
78681
7
9
5286899562
2
83410
890
735386
255169
997
307
94
97166729
144950
62660505
61066
9
987404
64435
90771086
9
6160030
6938792
969
30827
6895
71563
2131
4157420
7335
4998
163
60594
931439009
79
75
56115
229
8
7
819898085
2914255
802
6818
2080
81346
92
7473496155
3845343
4310
292839333
7807220583
6644270
524549034
44033
64624253
7655440683
178
8
4617356062
50749
8
6334
30129601
524836674
7345661
2774437810
3559
543
15986
3614
831541383
17614336
143088865
5488669955
81881
71
42487392
330
85
2567354060
27487
11557148
36
3029746743
7312545571
273
671
5
78714602
17256371
8388
2099
2656167
686851
67584777
40320878
822574480
38599
11009
97
7443403643
111104702
52610580
1977657
3071964
2288
654445
38815141
2
3
4482697
80
2328513
646
12771
2246043
613230604
8919683579
7
8803
70329
313
17713652
76742
834952
414383009
6680460520
74646
486002623
2114868
6420
197068589
300290294
8847031520
93782
620183945
1266042
3
96177
458
7536062177
826375853
9510812506
702600
34911400
1950
414
981289
88467
3809
69
670
86
54142
448950525
38250600
9448604074
508
682476
307
2293
8138496912
1
2287
500459808
2
813839099
793
885922342
6486
2333509825
60197
9
341735
97
63026
10615
7601948650
287
80
527127
2
9
2554874
95
9674364
178554793
3210673
221
171810719
6565657949
6
73206
2180
6896364
47
191
754
7087770
2756292654
608150
93199
716157
264
7759
92
672
69
9170730127
3
89727
4
619742571
8050
44851883
9469
97
9
3891543178
2311878629
115
397
9
653
8110219
99974
47
817539296
62
765713
126898186
6662
109995143
432258264
7255424
4
4333904258
1
4815597070
41
23
773510
86287296
82408
62377306
4030679568
5391512
5
37
39254062
2890481370
51778
3662131945
7878
4831541034
2
9902710
293
555
18
57
88001120
36420
60
8406506312
97
435701406
3
8476531783
1284
12
1
8510
636392
23
715117535
55364
3270525
26
9646423
43603
40558
67439
2729689
76
818
3
589620
66
5957569296
728368
1009636923
95
1
913650164
409
828344
96088
322819482
8292
24382
523
1744
8882
483381
10206
34634374
55891419
1072
459
986
2741
41
1352745
871099
437
58419438
519749151
5103106519
1
119
23554278
69729494
75209
9
69376970
869
4227
5
86
6
2594085
5557562801
53
2284
2596828
3384953
541983765
386058136
467178
9
51199721
900689132
3499965262
752463
277
3952
8982381
8056
54087724
3
69849
2074015
855792665
1599307
2
9343948
2
99
559707690
663451
875971
583
62
232
78147218
9779945
280
3247998430
385
454665
4593390
669720160
6610152010
962797
40
8
43495710
9158611631
9367795889
266421146
6719464
761439146
987025886
9802718560
9
30318
114
41489904
891284250
28386
6
9119
32360674
74820
9231221
75197
936659242
75319
35277947
2
6493163
8143872482
23
8
8278
15515
9674407
8053138921
4532
98
874
161595
723903
92615
6579
66
3393518080
9101216
5935119280
76644396
1
2
3741614588
33075143
7255
84727
27560719
51736
845913667
53
886
7650489786
70136
29
45075587
885647
9
453742
16
563
69120795
2094226347
9074094922
415020290
90278202
89301377
76
3697
4796
82
7
75731
104
3
251
4096219
80931
810
10
436469
1656
1786737681
3
79774547
78
511175977
238
566
93
2324987
91866
13
8
940337
48704
3938
561
47817751
301122
9542
186430494
3378741666
338419836
7316837
25413
4974794
40888
12
12
331
192092
80017646
8
43062041
29228
788604402
67286
8623881
3432219193
40799
9
29369949
818466788
80056847
905929470
27169
205954175
4554890
68983
64875
1
4874148329
50372836
2
846
823181663
49
41930
3184219321
9174684
5822884966
2
806398
71522
80773
82
8907764
222
9999909
88
4925574796
67151
754
91559
8
257243
92
5142692480
86137423
4578
54
2
3556953247
44499
5
2898
16
55
5406501
921
44235
63653005
1690
11428005
9078
34472
58251432
2318345097
917
8558
378341
56
55074
181
5954
1058059
30
7858762
253
3181
16227
39002
1982
9110687031
14509761
777146726
7381215426
9
313289
929425
849180979
9419
26602
3080277
90
6981858
237
163674
58
499
714647177
66803
812236924
528916
8645433
60
6365775
5
263
973333447
1013513
65
9
1715066115
4165726
5297244
36405
57918429
2321902
458997204
5183830
254
845
5117355
846
33463
2
287
971
65434690
831550
487
15369418
7721269
20161
30564
648622344
624285
3904845293
6
354815823
52914
39596
9835298410
38243
59
642153363
54
45
6034
752640074
9383
4194
41
445530139
1334681
20
3
4694
324075
63537
754498
274015573
137546207
8536789
3314005848
64
979292865
83951060
337914690
337
1948852
686
8
84901242
94
74162307
4586667
71902930
89
83
9
467
9932526
3580714359
5558033251
7659
9012790618
4
9939517195
27684331
123762819
9832000738
255
2213679078
2
887482647
5494
3
4
537
74
96855322
121045
4
4220
6
4997047
236
218
8887
6395682
187851665
6
7
42260638
49398
99499534
36969854
7
3
2379802
4
531025655
1356601
9023382351
17751
557785265
729168161
20730
6579139321
258639893
250193
863201196
2412398398
63913002
8991
1401214102
30
14002093
508556
30075241
51259
2
4142680
341
5710748
505535258
5642105
9688
6670
2101
1739400322
242018300
13812689
831
13081
19577212
363001253
23608
3667
9303779
103858802
693
96186
294773284
564128
9690652410
389271036
569
7469110027
73
9412
50127603
732046
7573523306
293778034
467186
7291602
5
8618849322
889292927
14955375
95845
876
879174
84
8619942334
89841693
5316981553
8450857793
741807
3176470
1136
5
8687
1139520474
5444733
761755
71119
1076664
685
44514046
968
696
4
6434922431
420609
424642311
89
995196280
53991
650748478
37
81857
834273880
6
3401850079
82043
685373092
80879400
6633047781
45410
4303217
7880719
75627
89207126
52768194
8155286648
102404
450
41
6472533486
9
415
8587093137
5
859
49076
90
78493574
8022436
5
94
787
4816210449
44104113
4994493709
4925647
8259021
345573
6105057880
9
633475
9
230441
490
7
851016356
847920
360
80
757198
47
522
838
84
6820
7511
30443021
9885049
6986625
48161978
6092722703
17960
19038069
491
744
1535176
1175219792
66977385
351
3824981
568
342992
846
141894
8044213048
531761510
6741070
48009
307881646
25077972
181072
49843919
8
4824734
8
8685231
4915398398
56
932894352
752
1
7203942
98213
875183
5
890941408
30
3
56860
72470277
9792553362
8245950
32
4
5464137
60193047
29283915
70657
35
162
2774511
3458316
209
930
1
5069
738
51319055
92752
1902
85517
1815
99619735
85879837
9
643005
1
1732679605
747478135
3976916
36
317570471
9
577572
77
1830438130
9208532
1
278447
821111
90534447
38560
1008702
79839378
8675590135
140682860
57
8767
6
186
3093095
7
2
5779
591337
20035
8440291290
2946215
5898
6879647
4416774544
1
6
5
6434212983
3005961579
8660
4
129
96703
77468
66778849
7195
382235105
541646
7901788
431837
483
1350415025
4549802
9052266
7832392191
73200
48502
321
3
670284
30527
40307
159048921
7
1672422451
532
3
1847
64483
19661369
2429988838
8
5076187
835140
5967138
212826102
343649
163289101
37930
7197888314
7472487
81665
125178
522427
124
89984608
7526
39693814
59
5916469154
98
930349719
8585
97661811
338078462
92
33174816
618851806
673
976
9
71
7279093
6361
9829724
1935668
79750064
687719610
7051
74784
101984
4
935
7279474
296014733
4
8386155
2147
9319027255
3915320562
62461
39209486
225863
7851158831
126
2
9455
186125
6858699524
244922669
9
277
28090962
483
84220061
759968258
265522
66977
121112
2926
52989445
8834181235
906694529
637969
55464
5627
31
86490632
282396748
6686638480
3185
4020807
1111245016
1
26
500
9272225
95822865
8337
31605
36128
606088685
6793960562
3
1
1443577
4939387035
3028125609
7
2
262371
11684226
81834
34
3338391
7
209
43698
22
745147
488407556
10
961
939584980
18752778
8555892596
40
698
12
7
2
2801973
1307
425901
96774
73494468
376779190
7484
387455860
1
427
92649
62095
854
81968610
9465782642
528
7006
8784130
1134777166
7317780602
58
89
6066994269
1365250
2449
3737
4502321127
8035083121
591134081
495474
8
6381409
763256
88040
928
800110584
5271
4299480
6618501557
7
78161046
77
225300333
97
76256908
8
8
4
69881694
987169
8
189255793
1476031134
151
331547
40178294
5
6315725484
9
1865705
25
626
7708610
8961181794
456863007
7
3262874316
87943
64
750470
978944076
6
132006001
9680310
755888067
6903
83
56538149
1574106669
54
5449010
76
59503009
366660
74134
35
996
7
71
9623436
924416
103636
947250961
81
3891
636704
367
9235342
788
10153096
32
206
458255312
5064139926
84156999
4237520
62
12878624
520156
630537
527531
86905496
8
799588152
17
198
784099370
7158192205
7
2
4173512888
6891789564
3992080778
26584
8111146
50
648944040
6018656
676
90720
88
3
55182
5
86225045
43929
40729
978680905
353637
3546
882766
184448278
2998
864543408
190810443
5
7
69
3328171
798422159
900
8130447588
2236934707
374161496
8541503
6
981778
866117546
23
39586
2415430881
45021910
81
7275145709
4
3457
40
3956024
298493
41287970
59
49807
6
750229
139901248
4
92901727
226378445
46
119585238
55268
64087
18562494
386420292
759436670
13
8
4896047601
2820
304
969312
531987236
237
131067052
832181
842075
9
2069099
907387949
5675
78959
535889
38322395
5340932216
68
706664540
30685286
4978975491
324
95
2
522809702
95
93444
1007074
779723433
5645
622
61559
433
2583924
36965363
14751
455319
797
5289
6418
4711
604977831
922111535
734152293
83289790
3576
963282
4553753102
6454291
54516
9
73879
484589
7580430096
94245
82112
449321327
19899625
9033907
4
499507107
9552326
772156501
26601
943
203
93729
951
20796876
1593761
90338440
97086615
8
72613355
1294331
21
113001
6044569
8591297702
9932172308
35
6
2929033
19
515617
4100
33
1
43561468
4345
8
45
3268248461
25113
51637
801322
527026
286986
48422
127
7490
9
6854449
710554
4690
683453324
69931199
913
6802
7266358826
298415099
999
2395288
96257
53163
29
72
336082729
15536142
826277
8487795572
6360
56437
8865
923483463
2211
304574350
8533
4479349383
749901
700
654
66244
9216
9887995138
2954809116
362765
20
64
75223
910649
71136593
2973416
6667781457
77647107
40809
20
6
485472020
385400451
97
9999
87861599
929703
331139
22
9866470
36
740510
5847
436
6
9590951778
34364436
4633280
3983
953
88847710
530769
640
85
85610
657301
50617322
2
48
9450459
969747
1894
85193611
62
1995
839
4196
48624
2159239
512683959
6552
6465
541692
72840
776454292
97
7458721
8572528
943542
71
7446654278
12069347
7997682452
37525
229559370
117455259
81196276
3414
899457062
2256
148581940
1128240477
4315471756
90603
50296
9829486300
70269
2377815961
3
643
96979035
10
255
9185
3786
884584
780440477
3
330820
31939027
12229599
850533
61496
97
1
676294896
944213651
778501907
47097530
85201
527014695
3
8
7751087
172136766
9353
204
16
5
914011
2177243
859
524
47
4800957
69676
8343
89
39
6
92177
9195
90713746
3217
299320335
244059023
629
142732690
1127
2953169
4859711078
40053
68962
31883
15833566
576344
6110398
4202777
37
54
19817626
784070787
883780
7
2076583040
1
3757571370
932
15
3567558
21859
8041805894
17
56912683
15440364
2923477
52986
5204
47410784
94490
7282852
6581
75619126
1874420452
2
72840
487123283
8282532
9
38275
37738
372
77826819
653067291
633
9306611142
757140834
991875825
7
217027
19
502
2452
95564
11975430
62062
843
95881
7198438
2
51
8708472
19961947
42516
85674
428
287656
901685
70492
7908
1232424
589
94202
219807
478683663
86716
5138
82597890
19697
5
5792431
146012149
252
3836531
114
438
488207
67154
607
8766249
68
7423
85264606
7166270
164282332
67973
74
997499583
35173
5
925279430
984622833
17127
3532216
9
225139168
9932
627644
9862
70370223
2
989734
83
875
3
93
591
593
6252346571
762803
6935649
4949814
6194
1063
56
62883210
421951
4388
741979
651
15650963
11
4737912527
248672
933645709
57
35
81
8781686349
35487394
690
3873367098
42877
6568010
6
358211516
89
81122
75605975
8909
8131
6
3695881843
6655
728787857
41
933549809
4255426338
23846308
90005077
434
6084037
58
28294257
1
6526519102
210974
4735
936841
3
1011
5156388676
293521
481051764
81649
53
9551616
593690
7215875
890822
1
826945
2
4299800
36566
8
3
771
8774452938
37
1
5
7439
3
8892784455
119477
12023723
5
6848832205
54092320
644576834
2431
51
6
2838
3929390050
356571562
42331
8549143
99091
4527
805938330
40822216
1206
73
572255420
9727
443
3
8762811133
544826
76
554808
9
57
26
436777
2104938
789
1792913864
9496224
5
75783
6320
37
585751
14180
140913512
2299151713
53174
3283
4777524969
490933824
57613860
6460
536
90521
4103
51927975
13631912
3
250
7181999
729054856
8903109423
61739150
38973821
463617947
514967
376989246
8697
465085
8066332174
954532
91
505539
828
78747
48
546730
918500
1558398
92212223
7026581
76253108
3803733
2757001303
640
1
70676
7
870268
9159
7
562185014
209234
603
2633
22972
2793
9
9212232641
6
261
6
47
50197006
94814
3
42119
754
476651
1105
5435214
1
595951
93666591
69304
46447537
425872770
987
67
2036041267
8717830216
2981819
912166
6960981963
21279650
9607
383
51966
72914448
37081798
2728040726
82843
647383300
743182529
77846475
691836
662
579
326064006
4601516
11688
34772
597806
882420842
393419
3834888
44107
1114
1
857564862
21958
410153407
871
883
110432
85703065
7707
10
936834
950018
56
5044344181
399
577902008
142008
81614061
29
46
5922213741
94402281
36159
623937
70
538570
6105
9699675024
62
513356
5493175087
257660464
2
582867
9370847244
1544009
76903687
503013
8
1383
128815680
910411945
16522
5922483
1927414273
835684826
20
255131370
93724816
16335485
932
23079
628
3
83920
73535870
7741
4087213
6
576353675
8
65753
57653
88821
78
269794
5190014
6231635083
42
34
9
10
3053132
3283011
83376885
7130
601069
438597
7349
61178823
346185
44702
3121652
38
391
52101
6
8986415
653525
7584
79646601
51313
73
379
140
3592
38787
600
9
2000695046
15863
972064245
592371457
328856449
36
158307
77
387
53
5613076167
8793
69320
5
77
418863
36
68495026
8535532283
8687156064
70677
270014326
2592186
79
74
870376183
5858
8932270
4444244
3702307
6110
1
49
833275002
8877
7655959053
7
43
6613
794654750
77623
214
86984827
85473103
50996462
24585
81270
4
7778062
692926
77
134
7409
9199539
45460483
204407216
6312771
38
451854
31539429
2330038330
5538517439
61676767
5714
57
483755787
59888
4589429435
943760584
948425
9
1935828
264642181
382827653
241
18849
7290946606
3
2
2603
3354075631
9
82891834
52193916
2053
5
55
168
54969784
243344558
169550
77
6
398999961
1179
596
29
2743415756
582
6432811250
4067
53900294
290
4
286138944
3881
30806
3977898
584
1538
174146014
61327
66
731963
418423166
579
53
4387226911
900980
450
8
407
66
51758237
76
69926890
2
9
42980
68904
354932899
2
69997
317249
9
4515
472581725
8357
7
31699
292054943
5047510982
6795
790065
9205700
5331029
855
9474117
23701
5183605
162686
1424442
7903466080
755537953
4586703813
5556567835
3708795552
3529
1679617
913
23853
558856316
110202397
8652745536
3186
308837201
52341
8
893593162
2074269
907
70
9155179952
33176334
9184
8164332
48589575
66660711
10
5098277
5004
2853
1
5509968299
1208
27573162
43302
78560234
661171433
67309190
911744
786
92438607
76254
1583
2
12
2146036194
711171387
8725780000
4981508958
609
60080
464413616
227574
3
133
2698052152
3311680267
438
2255662
9885367
54911
2371509576
87230227
403
42
98
92250
82
81902722
79181644
6480927982
1
23673458
5613325
8467186
27808821
52078
221
7698510
5582272297
391
6745
781514
516
76
6119462459
826469
4448562
491209
79592439
688678
35
2443212
17249
32179
461868679
978
28084
2315224538
11920
311746
70013
5955
3
5443653
6755
3948056
4718159560
996726
14322
2148012
8734365
6
128
76
728011
160
5551212
612282888
37851910
6989852
572251
703311
2349864826
131173554
58
855784
83607798
3
847262545
5
2
63270384
9753
4331625344
4280292978
209110
404
6
1
50
999
1814
42468
94432401
2271
7553827982
514784050
99
2394
532
955351223
497031
2407065
70970074
8
859796169
24653405
4
45733000
32
8
24684
96795786
638297
87491347
44192
210800
2402
417745397
7
9128
44
86349579
1363
559670
556
934578787
6
89
86
4792
25
3654873337
34157153
429759227
730
7614892
712
88005
8367
60276
48410
55351
870
5
72349
71
8588979348
23817
60226645
5772570632
8
729
9300053419
67
5988
30469289
2267347
2483070
1156858
987033
4
6985
9907
37637845
8642990
670
80061516
91483
3300317990
828080063
8720
57705053
431
389158106
19991
20
6464364034
5879907220
6962305
370377
744821
106
275809
30821964
3
39774583
6303969
17296020
8961
97268946
187656
77856820
841
6840980
45745050
48783
17
51059
992036
92194
337454
278
7973
51
9572749624
1532
5893175538
5598218690
4349776920
65
5339640667
906921536
697
9248
2939
6
31
1744
6233553
90744496
1485430224
5
97361541
5555239736
6
484953421
42336
30264
468
51
172226
10461
52
23877
303460101
7
525946065
777328
282782
2453400708
6629295
7171989901
49887741
532536005
56883413
9
84854873
87619
7
7445
108429303
27958395
504211
14438197
318
70527
824
2642124
7941337679
2294
37073482
57708675
6
25
432754636
9
287372
8863373090
789620
1049
49958
8128
8796
824667456
4
7
977968378
253616
6456883784
9696210
29243
733196297
822163070
9121
74542
617
7130
97512
2291058764
9125148
34925363
94271
46239693
496399752
775289345
59
96
309
94604748
348
87467628
139
4
654875523
46458635
466
193
8
83126383
935040600
725343
1198682
1302
9428061679
60
21464
178
5415
9082108
1969
256421
12
893554603
328300
579
7
2738126
2065926681
6093
8
66470
22
44756
14879498
8057324
8151490
88292
459159696
52595116
134
6178913
5569286554
5242562962
650775
6775384646
56587674
830
9348755586
24
2453366928
552
57
221
55990827
65
9
57245518
32357313
27693860
62485217
152
620911
4382
3423684083
5020636
29
7793686
2531646
6
713
2
1906
98
489985670
1945230446
4141511
767
656
61057
81201
28990806
76
4090698
85
6291730008
71115
9102269952
1189
7004689869
7722
3889702434
9654
74712
470982
85701
63461
3
85811
29
732659264
358869
702198
5546685981
3380
64506
75627264
7723315027
887
68204544
544081326
3
3019278875
3872
41618
3
2114
3255078
16
1140151
76
6407995225
737234119
77
95655641
8722440
26059411
837801
892722
8
9999748516
49181566
945
6729686
7
55637
3446577010
5
315
160291071
46
172210643
1639
6567
77058217
8730480730
91783
6907
992
1
851373719
61038172
122336
4585062
28512
30800680
7
584191
201417288
364415669
6178
1988635060
70
6
4258
74949633
5123
47180
674182024
7282
1590553429
1
877623
7
846
1
664867276
60995997
457436840
98802096
872892445
3674
508039
39
5
767
359
70
2608
217313359
5
6978422563
414129505
5798
7190354036
9619952457
681416163
8177
91324
192
2
53214649
81
224
1316
5945825823
5918515
91203511
875
67
56821752
4773
3726
3
28619646
917821777
67
11
348007045
4004063881
91063379
6
66
6054222
5323
9
7347
460
6089
4
79317
3393
3905066893
819584
154020607
3288442427
73203675
3533072
6923
499
7184939357
644
490
2775870024
379336652
82201905
9863
8505
2
204216
1221120
1291178
76242
929926925
75448758
3409683212
5
1815
688544298
2
27
613411449
5006413933
4838
595195875
74053
436154157
4399
546266
568761
190801772
1742624
6
1741643
5128319420
6
764
44372
63353470
167
1682696
1926447212
174070
9448182
5
69
1995284606
6719880973
96
9428179228
5
56148762
3095660712
386
7191
6771
1
690
887025
67
51771671
23617911
2
11
7463
602946797
2424067
5
36971
416447
22188
895
998801725
912683617
2501347364
9421431566
1735274466
4612805
155711191
682905288
2000190
4369850
2560357731
5878
664817
2
8
87312438
67717
164791431
96
10914935
197113
75881
122882515
47405
79
222
8300354476
7701261
431362131
8
71
642026011
145
395366
85
43
62782965
108
863135717
45765
8331062070
9789763
88
5
2
299429835
6688891
6
4020722478
62865329
609408195
644
3
49349446
2667833720
4235269
1
13631872
69752227
785
3666365
4976622397
68286656
60
8702
832617911
3
6190433
8590103
40
7814
418290062
84180
74719243
6241467
55
47
1872852
742982
6618
2515
4321641
48
8854211
22
646298901
547135
29355977
4747064441
29996885
3054219723
322
80015
60
4017015
8495
3806465
9998
65652447
1031046
998
734203114
963742241
28654539
5173
5
99852
7
6022767471
6
14214
90
5484135298
581876
999523
89830763
70
7785636
6001
7
909
21157444
27526
7171539139
5
96
1
12
8207859
5836796007
30075605
683
5
264446
6224
49
8835
825
75358218
4
40
7561040
3627783340
63421841
6328
3
6422011137
520
98
5774
4542004796
45879
255
5257622504
757427999
9362
5359325
40
6060604
677690456
252164
338673752
2
969606670
62910180
560
57
8609
82
618
93335
41060
17620
729154842
20180450
164
2317186
86919
2289103315
65974729
48491888
6
175634275
9088
473
3867
4705
159085661
23
19
9
3
4782215
6429
94744
440046
732786
866719
625
734302653
99234
3363888
22600377
711088
22
3378428044
1
1234551
9811571185
930114
3300
4185825261
82300695
60429
5030
55237208
15
46496
7794511
646
651
49588
35068
94155
52
1581050
69
357572
82072
20043304
743
6
986
2687596
2776
3283308949
91967
39566330
7
4807
65000
5472117044
18583360
1275756
491151
4
52
1
6881
33
5522557005
92598
995255527
4689318
964295248
961
3
916236
2612390
9200
50643692
95
744
6
374096593
3486839
652
3600569
9317173
1203366354
49
163
200
1666925554
51416205
92
4288610669
53129
7460416723
1229426782
7883
62058
8949684
724947797
33211
634455939
4356426042
966
876205271
82
199
381
136
885945427
488
33
605
9742742919
1657957050
84631
17419
96
3574
6672
458715263
7
2615894
88
175185
9449
109490571
190
11225622
42176
125737
214925461
4
555867556
901483292
3868563877
6803616
9462065358
680160
505194053
5870013
668101661
6010921972
7293
7757
613742503
824430761
8376173256
8819092
58870
9974112197
835
4172957592
4339
29
350
7
1
84387
82
6
571
3551336
689470354
92
34575969
200690674
80
197
858543
47
79664
9807101
17663863
1
8267
828
379222510
127799
134752950
8
87974289
16878
6721943334
9696
85708
410
7827
87140053
5711765
2
43
1548603592
4273818138
94223890
1
1169557479
432766
13437728
3485954549
443120
3356
9470
41640
493094396
915811720
14725573
76798875
213807953
5
5912138551
9106244
2
64930736
3247
90
332889948
95093921
25355
57448154
1037316733
4152215367
799620
48749
89523
82
78982
6026968976
17842
9631572162
1
6234
19772885
24496
362330558
101653015
7372
578152
588
46631
3390145
715407603
6262945
849
1494734
6818922
6688947
2512
376616
435
818438
68857590
289
377
18
3206521
21108
8626
8529
642
39006790
56
9447941453
304
2453379
9
6237089
382912
977667757
264
6120
9232
9131409102
95
35673930
95
99568610
9
4274
815
7
16787
228127211
38
6130676
9159
84520819
5827052
713432885
322783819
80617
63113279
352855697
883133
69
75808
177866166
5511805
829128
160011869
24479
1205104398
9051726
5
949
68207358
10
2324413965
8
7821060619
3995344090
55
2870
9312
440
3030
93
6781
949920
1
2
89780
4350730
866172535
39
88909
452995571
277931724
606433696
30591771
553665
5024887
45931
5
59961
259957892
229833
7
523454
5
5
176429
2410857361
3270708
9124520720
833477
16961
4997
852334
838922
9086645
5
13982
99722
83183
41223
539435
598223660
6198841665
71
140362
883
916
47599336
3382942855
423100626
857
9359487286
804566
28714
855
733935
130868
2369169
221496
856
9
82828
75653
822764
4941235
434031576
129626
55
363
4
4573852258
995566097
4848657233
35236
26
727
9128795
996
782506422
9457
1492840077
7534020593
37205
78
12
222548717
36304968
52328064
87659953
63225
4601997315
827841952
322
9661
71
56
8
7999934602
535056
869771514
7108
192
768218666
3734801884
817310
102
508
29
14
3957577425
859508
734
8867
91
30351
4334808175
525173
6521761476
46021421
5789
776267
63501
28
21367
7370703
3
2310400
27423877
911
1371
96794222
123950
2
280999
2026737
4901470
822526381
4338
409542151
4998385282
7046062356
1964
5625293815
5320
391
19285
728
1695131
774
11839
3181716733
9
9871
6240420396
127585
6069681004
29
9
66045070
736204423
73732752
6494637740
9911800790
62189962
3773626
485
2933050
78072
8617
171379
63129563
3
5259265294
29949567
83
9203
3693
720497
2
6212
85
2
8144
161885448
85
801711
3136443
7250856717
5
3128
5
1729394
1772
62485028
65
15010
227193981
43053853
987052
8584740822
92
91433577
4450827
180
18238748
7999636056
9570337337
1
38
6972967
3207
4098
691505618
2662039300
788279457
8415549666
3519596
9
48
83210206
2
5478738
3529601
150
7676923
269560266
1120122975
84
495
400545099
870
969172
12223
20
61831
43197
769172542
873840
714162
29798998
6
413
540358702
3163898
548794
8852807252
762
246168
4
8682572
40587435
846790883
5
14136877
92865
64169
74
96183
573910168
4379246169
3352303
68894
25065
689934578
940067
190
362
3383102570
85726895
28
8668559927
53233
79323
3
94813924
945
5654
59
48309
3
20822
3593455073
291128
288427240
32205422
18997568
270
238818
6449
610523735
6
97137
4377
373331026
8070367208
3738938179
145
474
703
52556
3335007722
99838817
4637394
92754
9519
6026
6790
564
53
68896
4
6
201
3015268
1567957046
246271
59
128652291
94012833
64
8507047038
8594668
946
897934
325
7198929163
324
1221501340
6191
68816756
85840174
37080055
4460502757
4176288
9175870
5
3448671
1835
470343002
3
467
667219
3493
78016
747244490
9
22
8970124090
6176
1
43
4
12910645
4
3815123393
79952
29497321
3991193607
602
650
725303069
27
9
7401
2585016
44013923
274500490
86220235
44610
4068114917
65
34144
56
221878840
35559
80
710343835
864
1756079023
46170
126061299
171715059
165
7648631
397386
313975946
332
58
1863486014
1
69661417
21970
3983
798
92
7
3908128746
44
200749
36063
1296042401
1189
42185988
191
39830
4342
82
220909
35785296
114
738582114
58108402
36479145
90887904
209683
26
60196530
27525474
8799
9580849570
75
94589184
391986420
8
4271
697451
8632394500
259586298
419
4
584381326
4929
52452673
2998747
99032103
67
71
5429081560
4851865809
7
76086608
893404
9900
571
5838570
5993
606437
812
5738
871256
9853121050
533964
50
727
5783
792347
354023
8513789770
175263531
111502
258240182
635
817
7660110938
3548846
6306
7862305
42
5210
9644606322
9
18596
47100
1125149324
2784960
10
666572
3699
8008
123912
32000620
405300593
7021
622
4
1054
80
56
84031458
594
17327362
17000395
985056618
6456340
9203
8192521
76677526
19
938178067
8147089
8576072
597
18528
701501846
38
44008340
1828799687
455806715
3
24
4635
615
4162599024
524624
2711864899
992102
3
731060871
5384364528
353
197709127
4623382559
571885899
54561117
4958173540
63306
655
4
3841218390
61
669643
88
4647
46864
456301
6
2744684126
17391564
86354669
3160
5795390
9
749848961
5357712465
673371091
433
48744622
36
6908386
91783
9855594
308215986
10581
16
681967663
8594979269
325896
73331175
564
8
7253697
59533446
3570612839
191
2523
88622149
70
82
392497
5099527264
244532
85477188
98181424
985
6287319243
4
2827
1341399642
7517
44
8200317
97822693
463286
694950344
59
91
382
18
6
74092
46
717602
5711
6776922265
7602846
459076996
806
689573888
38536280
5330
6672
178648
346
7711172674
9839
4045204213
686333
382
3
1322
578
6
13411647
764382578
7229565
9149040
81759839
82
2863
5
2899608
5777
246
420705
205265695
915393007
618
840057
196
6
16611
36
588408887
8
39692036
5272636
2517049115
49
42413
3931839880
6633672
8375
590
5214947208
699
87345636
2973
385
993016826
37580
685
92132
3784165806
99956113
690
195
372
5975
4143915911
2581097
3284
972
30935322
1
30
92048
6928590343
9
7
145786
669514448
507861
186880
52959042
686
4415740857
368527995
2016396
4
15
5871978
64
506245198
32
5375
619192030
66
90332
891
8554893264
4838002
701258
89602
51
599800
8
4642122
9139154136
11037084
1613537504
28129
6427617184
35
4
129
2852387
9509
753582
8557146729
443823
25057
3615262
4
44753
44493218
356
549462
8974296916
2900778615
1288384006
5619
416446445
58942
98301
870577
6892
1587
7917414763
97536220
539836
81141
8444325
74342
833
718726953
4148984966
444884
898887475
6
31
359
7
95
7175
8561
6934236
888369815
504653038
3493596
2334225
775
362531767
4188933860
9349
89886627
2011376
785
34535510
93817644
3321941305
23222392
311
7399190382
7785486
9
11984113
29107930
4952
15
7
441482
2169621
67
6132089821
242538
91
9497592
843
237530
652809564
40
485262
6243896134
809
5717843255
102
9404150
335886521
6759305253
67
59902
394
6
576177898
400127
53601720
405294651
101
422178
680
77
22144
88
120927
787818429
72965061
561
7
63
836743755
51
38747012
9060778
484
603642399
4224442584
600960
24
16
3324210
8565005536
821
95278
640
38993569
8
304
5560
40
45290
4556
23559
36949
3447198836
5
9334423605
24525509
3829
49237
635911411
4145
4212612743
14
31
68322910
413
618
226
15048
20316135
73582
3
494453
7
174799071
3271955493
171315
323361965
37133639
40096
5
620823
7842
9953027
759151244
87
322
92104007
48
4303691115
85515333
227948552
828030
603931507
37649467
7935251
3946297
7995346
676
4
53329
9150501740
2
94432
33
6024
113020272
6031577205
68774
7799
6282342647
20190296
88
57936
771
3799000
6
1046636177
7962887609
4790182997
1
9628194
584
2515
9957324926
43990653
89
8
62
122711
199044820
91965424
8
62947716
634
3703
791
5129
977
213064355
5
808498265
387030
79
926068292
831
1
36
218744871
91
696
7747761
342682525
8
82486677
5
1722094228
9429
8
7
479
274065191
366188903
2268200
312
294033156
5643892
7248459168
8
927928135
757458
8
4252909444
8
2939025510
569
5
31724522
899362725
405
5189884116
2079
85641915
3279885610
1957972
4361
11937314
27
701
584593065
79304
55192
18372
847375117
33358
670
491483
6
885761
6
14176
6549925
7691182694
818478
9384461
2215650840
9615000825
8985133
400
94672599
6853568
4
7997979
3723839923
1674
5687472370
8
39806615
856427391
3114398
26
3085387795
75
6932950
2292
341
674
3844810
773
1016
192
314784860
430932
23665
7215
81385
9706
58279678
5593956
8794
89464413
389611
900
1
4
2701
357127
848070847
9823
5269488
132
2451851
4854193042
81
8717163757
41256282
1174
5
10748834
793
93988013
183
26531574
42591
51
4959034
389
5417
7324650713
176620
236535
1
467
5521104
9328814457
289583538
7624540
8
6
5104313
5096252647
2155
66718108
9587570458
767617014
519066
9846
7
8409094881
249347
2
2977168100
61994190
98613
2455955588
1231449
6245631
4390226
6869342
227
30735492
24897500
76515148
81
93
91473892
151
32744728
58696
8200
7754512
80580215
7378462548
83688665
3589
3
376
53
81602670
405342068
74138797
4145128
1997
4240
16466
688857
867629
40413
38722490
5
3063561156
70
3
9
106648836
920946
3323
21215
5747108318
18461812
41485707
957
3052126435
8
5063434446
94730281
5701017219
52118
503134
87
474508743
673116271
794
17896775
108
1
6051238
62758212
296834
5384968
5039621093
1994468
1131
8491064
6729843
2951636
42025024
236
2890
111
3
7357208781
7567648249
9946405
544492
7544959
21
1873
9304036
1525509
91
64454
9607
4466434
72536
22779
9628275855
552722
8359886
34385
7338
1
3416377
223
8297032131
5527
1358
343702674
39590
6912352726
240307755
13245141
74651
941857416
8242530233
1141
5630845553
7473064064
66
7356142
948
88358170
400757373
419686
333
439571
376463739
3
6108562
7
52
9473
1
6795164026
4
7138621
4
9067
399685028
93
85207
2106926
6194
13805
64095
4028601
7109
1396978282
371942821
5755296
8033007
7061560
986728
4629033
2
171870460
26686
4541833
158679946
3657387
93750191
45
3165
81901932
6212334435
8453
41381
860739
43969925
5279
9706643470
42
3223413971
66553695
23452046
2849027
5821901
71
494830
3867881070
75600524
71
5
251609897
954570
4
28
343
6691514
9796
12
80
71
1813589995
479868
6792668062
52
820679
9225699225
940
563652968
55
3790112288
2686415
749616643
92193293
7960824
1406274261
29
881952
9236
9673108
249320
494477
3907980276
74
4344275742
552848843
274
1481777837
22
50084417
9914
4775
89326
46
83
7490
39330
84497581
56142466
462161
970
332
8523
745691
16902
96465030
54443465
53
580773
348
6
41
9462
90478
73404915
8295461544
84058439
38
7
504247
40222
2032737
19365292
9
29680914
4502
12
308497733
572874
6396
621328
8478123770
6957084
8819305359
44693578
7217102
6
4702
404
117637454
59
21706786
33230806
1184046
42
1994383
448
2
8371
97
9954652
5206050328
81
49740790
55984
57303557
387951120
8860
488
249
406764
8
16192
26
8079890548
5753
232
2283
68882776
51
9408
77924911
271407
3
16
70922
5
2
8
31
54920470
9403142418
59898
66072856
719160556
43
1
6
71003
99158529
22835093
2574627040
12675
4466690
42676280
15679771
397182934
9274512
385106166
193738
7168056
2313150
7985
48
3763
47
84
97670
160141882
8
46197
480509220
630582462
785139031
1
1545410
73038
8791436387
4
5615091524
45
929562999
59
824854303
127946
335701
2868209414
800314743
4
1598
288925
4481
4792496651
61817636
377
8318456
7
946934
881934243
388501
4334955450
68228
618
134857432
30211696
709192
1234
852049
81
77747
4176
6233957
1386
314710
36257412
616
81039466
929458
1
27064
1183412
7776075420
34
33247893
6416272041
586
100
1
37327650
2486522
9592341171
952847
22
60690479
915097472
31996429
96987
6458
79755
3422822082
13540552
3185
26
3957
3066524273
483992
2
2918343
5934
650824971
824726
3242910
70
96
56639
90023
63
954812610
301
9290
7
97575
99
40823750
23736
6690845181
3129108
972308
81398835
551141
229043959
6190315
4565015034
784
41092715
79
1448
2
11113
667497469
49908109
6752
66560391
105479
1520119
67769085
22843
5
638
17311
637672
671545
2914
6
235911603
1527167
36821792
5627206
3048
581170588
9429131
18174
14374
208023231
35635925
2240358466
60
2264
7853146
23349
9
8440
73128
11
25
9774347
852
522316978
69
7325268
731
23
4978330
6
58
881504986
341993
365254255
71401303
1184
89541270
9493
81312
861
5646186620
529
7
258011535
7
8200
4548677447
638
8410286580
14
22
1019
3364540863
3463905648
69394566
4
235678554
36
862500050
1168394
1856419413
3349
307775
91
64
213361
8038044
7
5049895
27701396
4759023
8715208
413966
424062562
202870
198
772
1396
330848234
6731
2136048
6400204174
7628
3
519156926
613
752
14356
9
4335413376
152537
6931409
812230717
38
221704
9448535260
5
3322492
4
43010
38101854
2293
181884144
473199280
5719
3
43713
532961622
447
896574665
67
4534068
7
486
89999
13229
353726481
289739
133
96240
572687
733279524
4639558
85937
215
8896993
7731
634
1
602239
6469816
4778366
6117161
567344789
750
17
86
930
6
41855
677
86
483427989
85875668
2
43601541
9854483072
461309
934
1718
7841
912109
442337784
45253499
640756
341468
7387460239
2708
1
6
44
90354
3
7858
5467
84852342
38114
3433963
87446401
518886434
73660528
4944
940903504
1716
763385679
64005572
442975
87740
56603467
77658
2
6470355
678697765
95926
3627
7050
3848313
4961
790
33
13428013
44328719
23764
69353978
2280255
9
22227828
603
4039010
6882820868
209973
325560854
37220
6
9961534
710563539
2722606771
84219334
7475748
2065
70329
8798283755
877625
887
1394115
96102643
3636460766
55566
249988
29962
3
4400477
9
4
3
156
63
444227
4
70832364
85525
62418940
8
63987
275
930269
96976
619694883
410
174
3
6468198
712
218684
2
8048
9702198870
55538
16
45630
67
629
4172
73816
642
73
2
4301900
31
41
62626
1154185798
14
2
4101334485
2
144681714
4
164117755
8762958
7503
5779
6270659
575419984
4950
582143121
838417067
2412
97300789
764
830
5
1
2297
841565350
810772892
89953635
948886
7988327397
5892
94965450
6784541
102
225208
891
9
664343
4570658493
4146372
88
2971062315
9279235302
173666
4
29855
77
89510959
5101
25
4
8484001152
1
3744646318
6188
99
250283
3845738324
371
59036492
287736
2612498
779
2669064670
90
1988
9763
658
2
1788
2
73127909
487047
217
556844
354200049
4
949229
36573
42
76889554
649565
6170
82689834
6716568462
4394
6
3502
6632506
534489
58942622
3677192412
92283596
14
847
89417824
914358995
47489
7320
37
549
2
5072267522
720505866
9
481
32
63738
50795
477576
42159
25
74480783
25
9462
2724
9128801
3962
256006477
3614513
70173
62
46339
158171174
9394335
675305295
42888
1
8
8820853
32930
32755
414285
325028027
7854673617
361882161
9
3
6526178
61392
1208787342
2829
47373249
12955754
892088140
6348725624
19
3656
257182675
2003127
38680
42
90
3
24070
566
516486700
47681824
9748422
240648517
14
15765
500450
6392
391
78207
7747226470
49385738
69
254341
2856308
9826704587
8622225574
3173
8105865
65411
651
57228491
59714
5991997
2644523503
899
487072
775010592
175519322
6147427
28853878
7
3
544611
5130
1619
879404054
43412
836586
12
541
6
4
7649
76207
6097514432
614678049
70845308
39226
1964102947
206569964
3110230
70454
6
26155
562972390
20
88413
222078974
707191
8815218483
5387616523
7
5355
9735
76172
3262913
3642
1
669
85489
27470610
2008995
8386690
225575282
227
774100
556922412
46
21406185
527236
477278
22
52659
3572
45197026
863
27693
616737647
92504264
4
82646746
1835623510
4685312841
64600
333775
376906339
639384879
75
695891235
10
5213275857
957319
6171224129
4282329
220083
5666389180
81800
9303945
4384187825
712
870
418
88
7920
34
7472
44
49530
204983718
67
507212046
7018
6656
31
675841616
7490
439142422
582869649
6465
85
549
11226290
7001703050
21
3255
6611219913
251327995
8614
918458
158663547
2533985460
5345087296
773
3561262
27625546
8459911
2654
54521
816612534
88872
2376707
394
2
22
4232264869
74
2552942
588013302
908610
8725815454
837
1813454
6
2885243711
5883639378
88250
17197
62528
9414406
8531096227
88
437
1
828
59926
7385
3
3428594
10045119
6940
37729110
584538
755
8685898842
93433
2837521
993631
28036
2727676234
4459994362
51
348323029
3257430
73819248
375182
777483086
140399955
272333
924340
53552992
6147504716
12865898
834405611
4017
23
37539583
72795
839462
1579
727668
48
62322235
2322
542099
8
20820
989407
79870567
14604097
98711524
9687207935
87024
492650
785441
947
3112000022
65706
8084
89739603
94
122791
36
525
75730337
5389007897
8439
2
288
3344
17
893
348
77350
9992876
4195000877
83524
6332149518
5452155286
24776193
4198487903
9460
92496925
2
8750
7763292509
9872072814
837991
815
860220688
5752598
7579103
8552860
99437404
849
66786988
6
504
3
42089638
9
7508680749
4800
98878045
6720733
270696729
14
3740916
40638
401470
407480
514
5939
61
44356
6216
258435
687830036
463031359
61
7067429903
903632697
759594
9486753
8970333
6913032
6583
9730180
65
676
554599489
883788344
6237836131
28
16767486
151
1157305
90882
6
1895
134035
3
3
47252
27154
6
507489760
544385
550485399
26
4
5657027701
596
6193
1790090
54
693
9
622052
878921
10028
9886
955
6773801692
68002
2
68425
6272214
2847
338641
375
2
8129
33
23
229514215
5933575
629633
1102491
84
70414
7951297
979
60
20752516
96996005
2334393420
53736
2
958057
7435779066
5401274
773075513
6425389967
302
23914
815
30852
15900
5
33
74534
62478238
483058
81891
6633950310
2698270
841720
4
184
454
793709
1
5582
301068518
68
58498
228589613
3858003
61341
98479908
534
43796044
5644
9530655
25
5572497
322
2
928666
79
470
9
8127
67
47341
40962
5
5969133910
661696058
6652
52253
869453716
165642529
330366
9675
674765824
40
910
488692683
382
4
36634815
92
50110
52058082
1580958
8757
74
722879
76
801
258496963
662901
2
6759810
572191265
4498232015
8539
8586726729
5798
435933
1182
924
99
9401
98822
6
4
1283
289
96
713880
542587160
11379253
7636
92559106
2586
5523389132
12831012
3852221
93
4028727
684579
5044
13423634
28852
48061356
549180538
100582
5463651492
760
7357
6244491803
9379
584
18
5749422194
608
545
1
2
71350683
12507638
31409
46103363
82
95323
7
4944949
478196
794634963
98918
410
21
9646
4
2
6227742355
379508
4
425745
614727774
422335971
59
9143657
27870
936054
3778
66
7184326
19
3
2355
74199
30185412
361836143
9566824194
8813901464
24
74354
817099725
9
998151256
78037985
6777792960
572389011
8
783
12486
6403
1377583
56869
5292039557
97713
6409886821
19437
86137
213376119
14
5964430657
8641022964
7
336214
24
913
7963
20255
327807
614
74040562
6
4946359
9946151
1624
5
696346
36397635
3012
4664
15119393
9248538
3531977908
771
892756
1610
6437338
33
463
4814
70
610
671
891795
3450
350738949
9565982929
12
181673
837839
373
8929902
6544423907
8363215
82505
87742
125783973
6881374140
818
692936547
36939491
74
506981
3335353803
3155446465
286
4926760
57296508
7556168
348897
53174
2
992361
19
813602
692
251004192
70388
82888249
1789029380
8177669
2
5865351562
3180
640555129
357159321
90
27
325316
7458276
6441358
3874251874
5
2010946598
817883
1964813990
571
898192
107335241
12
813847309
8546
809
40165
1
75467297
95832
26723
2776296
46
16387127
3564
183046490
638808
15023
686
45
903
214740
63861678
415
958303
5
10687528
939572463
44753167
7132
370272
348246
466
9686724
736830
441654
9520609
8
6023088
601702
1
917
2506578
6802
8613803
48140007
739
7719302148
1
1689231726
3229830746
6987474
5144
6507197
2120
260
916419
126483616
9
7876
63600252
12
10
6
733398451
270
4
552128731
37590
6589
33051930
7143
414
217259657
8
10
7
236029
559416
64652
96
82124
6
1020
8029
6030
473316
705931
442331
625
80
3
68676
929523348
812
9399201424
9437063686
94115
12
9803
289
63982651
6
95157
5
357
315780227
93219
6024130
7
3
21696005
287
32
96156581
171090196
88
82473173
4
212
568011975
2289497703
5643018835
26535
58
10026
4175251
7594405
73
6
99668063
78150379
685492
71496833
676475
706775054
332471790
335
72542387
73812
83
4
2
89658180
29
570482
331
20568564
103
50413538
9890037
41
957441
966924
70740
21028
69812
298
9
7587
583
68950005
954530
3977561833
985
9
6642200
25798
32
40
738
889098
13
6162545358
5976934404
350637928
618920960
61258
55302
3809890270
24560644
6294230594
5618913
2658126
5527020
5534206118
762729
78944
5959382
7229792
3143461747
7750
780584
26980915
79499
389
5840343224
640599
9
5411711922
2265
665729916
1
3
872
7
926
863599
4740
5011261
7979108
2363928571
7864896911
308
243933386
20919187
21751
6921416
5
2724
24015
4
83846637
950
6
2142573967
1
1513630540
45195505
5001
85020668
6978
2830459
814433575
474009
148522
4789
6556070915
5
66
75847906
2
5
13988833
2
604
4777880554
7
9607535
410935114
97461
620094
8547491880
3919237279
294005
342308437
19
4268042847
135752204
5983
381969378
3001140
3868269851
7481745
446499
371742
77815
8923565
206
9302
432257
165768737
5048
8675300
99443030
197355309
847544357
41415641
9
8
34766
62166197
49725963
2864861753
8718897
6040
879
475
75397888
74719562
9
865437909
834
2430072986
5157566
4195
1544296232
285704019
4105771
3917602242
521
46648586
893898584
332957998
2075
2
6391821636
82861
771701
173
2224588751
8632223
412873124
691951987
4523121718
58
287608004
973
26870
91637
3
5042
2908361
618915532
80847
55712
8
3342256
7075
73
96
8209727
674325677
18925123
29055703
7
57
79661
5333
278
8665872
93407562
537
50683013
79668694
839919526
437
32
9039369
4330263
521
521
812007931
392418
5475865
843591985
1860652988
47159
999
9932757
7546023
9161424329
4121061495
848059
1280463
625
5473963879
95
20
1075800834
9
190080
15
12674
9
16081
2349583386
6
4642008771
16962838
117385683
16
34825938
2593
93799248
219416550
1546602
114583036
1978
803868
632492923
976166
760819255
7872408947
4
4353039845
57520
716386673
4429812
4137964284
45945174
226251
46386
853288742
357974
5283667664
2785909
59489073
466
2707
8
84
7590052938
8852618
2612017
47
4009200
6619
3568237
32
9
80569545
77825370
9504
754086066
1655749311
4694925
235008
151559
416134
597096597
490801
67143
28734
66
772
6
757227074
3163914
6415237353
904864962
706133260
83
738039810
7141197
8985
9367
6
3360426504
531
34333731
90901
292057492
1041386010
671384754
6
418337
7669
3636367376
653
20111
8719871
51951278
19292441
87
710289
59690
300962
2622
8
617321
443
444687
50500293
20687786
35780
70616792
871291
40
4003
1997
39
935686
896500
901165505
4
195364
8
495377995
161296710
221
400007784
942434134
6617
18
1234
73399822
95283650
86
6287108
5454550077
571
183288
5306
67
5888776
63733
88299
798304479
384580392
6
724686
3533722
8
3
14670
5453
15203
3
82
6742311
42653338
9450041
6
1
543170092
957415218
6
1607462
5498
8272987
514077
6284302010
6502314213
907246
4669
432771130
793339316
159
379
26
87733946
47819
777
359
129186881
2459107
2087
3
5050
8340
690796867
2097874456
6007881552
1767050
110180838
699
4464030481
5
9005233972
37
7
73582253
162398
681
97208
7415983849
5656
46805
83911150
204
190
93998291
5122243910
29
9578475199
2418
440512
628303912
90706
3
5663
5
43296
6554633
75754316
68770974
7877195
1
60489
22921261
967
28040546
840
1
48088
20977
958437297
3
76634
193560
42
371930
531778
3378
82
2469
10
45901
1824757006
8810988716
2480961751
4
532
9
8
76
5528251
2544647793
74912601
2563491
81548
57700889
3
66
71500
4711709570
94
5356
24283
5966633
4739688352
572
85023530
8
9
65
9482219
8000
452811
42
204471
924725
3314687328
2507164
7812
69274807
643
757395
467638
2630652932
782952153
327110
81835283
8
52733861
6243690689
7
1
8827916930
74
48681142
4907481201
3
9162
241930
6927750322
4522670
10
73634404
705
343599
2998
43370198
93312663
2998071729
582100688
2898744
2933340
57516
2874
411568
9607516989
58
76
11
672
359
83640552
15889726
634020
99849
583
81
228071
1557430
8531
173280
8011121674
996837
890700761
3
8439
7679166
666343
199013436
76824
50597
32376319
456722
363178
6239
16
314411
126
4621908115
9585723624
9921920951
1
1373027
8175735
41
9691311
40074
5178908614
295849310
8933848
67626009
48511
97
9427867
139625284
68646
5603
1812203868
4838
19597682
727281
242
554
512
6111653200
56
761682275
58790
772
6479096
3826783064
2985607290
502960675
39696
1934058
3510
135489
8594
188980
725
3
779260
2100375
89
7155
79483419
381
89938648
8637
921779922
524171
68
226620
6436
2321953
265483331
31112
526794
1624885033
6831409693
5377486
56012517
484379380
9
9475554
326814455
81
3
6890327
48502
836
9275241
143
763279452
217424945
331175113
34
99707
5
385742
8061465432
914718
943128250
277
9
541
4
20
46929
8465125177
62169705
13059174
7896833
109615
35
810226
834468010
9251881437
1332
96520824
12052
359862
22757
852513
17681830
4818
79
36
532
814957
11373
270
2
66
8530189
1007847
5895626031
3
342187
271850368
7455
69
728571
212448708
5277986
30039786
2817
5972786
81
1816170
6206220
389
594
186363998
1106585
6
8
77521098
630203
4
7335385
10341
579943
971
364210849
9237655468
8925124
4
7100843
4073831827
724375139
4178710252
6781
6200
674663431
808126
78
153212204
6889455
58590
4185246703
47911283
89
4
6373072
25
288
76
1
4419166
597718
518213742
5
62722336
93
7
581284941
2372900910
8559
311
7882
34
452368
3211498136
154
12032610
109
7703389
70823359
515
58062
5036700
8162279982
983
54316
977787
436019
287531032
642334645
51469
3
3080740632
9
89
892742
3277014110
1237681172
30
5176275
4
7805766
837449
8923
8584513728
823
982509
192065
51060
8750895865
64
8264458
25155
407
128221470
230082698
27356
7
99799
1090
323
404028139
1178489
93356644
8436756085
387655018
8710644933
7
3927900601
5067284187
600161464
6203107753
7162902
5481780414
6213978
328846832
6678211516
12934547
22987853
8166
832543
98466876
53
8897216
40
9310071646
4
148
624267982
580062545
53016549
5408755458
46503
154496900
824
6804554
504054
4025447084
80367834
9711
221695
61608126
6076702726
843640372
8418
2071340970
2521
982645
536
2
55
10483538
66719415
64030315
7323428771
8713821744
670519
952
105470
33998
871558625
281947572
287
36
8979076760
39030
1473631
6
40
802051971
1
51
265630
908272220
492
3917561967
4257732
3
38710856
25439
95
472
53657639
4719997
60
2848066800
776080
957120
60886527
67512
9530763
3112
7
8
3
507948
94576524
910455
488138
1905
9624312
891401410
4343855400
99
9
648161
28695881
3
55373
364104045
9323211113
614856723
63537
638290862
367463316
317996003
9992937639
2477
18461128
57
10
3688053508
40162
37164219
742731
538762466
25348810
424221
86142
43513
77
19274
319530232
19959
79538521
7215
840903228
4789270496
20
5147
4
2
7376981310
49
259631
81494865
1
111834130
1576
883124635
8300022
8
43
567
24
341126
41519059
560374
36029
250
9
3222745828
46441
5
6826
1
3632775967
3
517258
8005
82789
51
518117
3043237590
2
491356821
2783
664
21
99132848
25466786
444505786
5657415444
78705526
407551
376969332
2703239
4657
701
8460
2753
993423
54309795
28
218607
1543246
47588
3
2831774
38677176
92801329
1209234977
1933
9399595
9302220
18
2623311
4423
89441
2479
97404813
85936
9
5196812
4
293948391
31599177
3
8774
8
1
79
88
8
92
33775343
271880
3319810
3882644549
8359
696
69557051
8
95
5115032
320793285
9172919
483
874007
34
1162817
67
720379
4405
71368226
743085
69370
61153644
392
331837
74713313
935
957088
217327554
4
127015940
55838938
372629106
809
315
59506611
3183561135
883501
3792940
79179
7339175689
196457566
1039017
3868277159
9223989
1
95936775
145831
43
712
6583
163098
24213
37
9828583
9
5
831981
114
5222
2393
6625255485
769873
451482
61662727
9206
12021
859528
9976
4624
6
737864
8163
3102961020
755476843
42853900
6347
9696629
3
518398
263
12995
51274471
381826
8
1
9564
4
22366
4418
9971491
2832328
732405
93
5
253295532
2412677310
72
33834
16104
7793
500
68376914
45
811922
7428165
35360
9445
551760275
8
7864248
7727
427
826808
669574
374015496
276753
8
774558
47743513
8144
4325
848371741
2176829
134
3252805158
29070
1376384966
882611090
9955436912
9986000
9041
842624225
696011
47358
73
24
56786
7
85
9238
10
72
84984321
462007
502300324
2197747947
583762
200069
72551625
5486059785
57
359378
34729519
663621439
4010
7
560592
6218800392
209
2400386202
124
90
97367605
7713526
709
2336
715
7603679438
1931641916
61
3
8153503
58
639
28732485
97757
62529029
1
17
3961281
908
381875
4721
24730
4907
622082
2583614
97
8520675
1788912493
906548606
55640603
4539643897
3465207482
1752145461
85
8665495
314424943
63753
15
187099
458
460328
87412
433433302
92294715
38
2055220808
3364
845
309
764149097
61921
233188
1944
5983470312
7984547
949
44
1657387068
9953059147
2
34
5461
5478352
595844455
53460611
6506064
98
5413066594
788863
889886718
61230
36034
7363134
922251
4851004
24139683
66
6672
362753038
5341
65319
37
929
326916746
61177
3858
878128
54313
553
9068
8577
76022994
39984443
1926654897
3155214
1262445695
3
26360
713576
733056262
34
6
892
825
587
466224551
37
40694608
79
43084
1201
50
44
433
5519826
5
6892357312
773397457
888123723
74
455788483
5441933
423899
2111585478
57
2847737086
642
140
751
882839311
3
925351566
6952111
46602194
234
25
72
652753043
21694
3902937620
60
4783517
701542048
687
54795507
7
701491129
76010777
63760
58
5663644587
32165
605
79885
6387117
325122
6617767
393
84981127
33746
868908325
11999
7133245
7415628
6350935
7300
9496165263
2136
74912
4764
67
13889220
9642
1822
51111697
209295101
9
378583222
84122
2093192
15291
65
7118779103
121
144120
9400
58
160541
445075
963
24489
6335096270
942
358720011
5
3565
20
1120
7265544517
902
269062
72
3
6238
7226922927
41959
9421
664717677
600308866
68058
87
2558938080
55515597
7
2518
421
277190
19282595
901
7906299
324387893
260
9
5006454914
254172366
568751629
250
1511
602
8604992737
4661
2
8301039855
97223
65
540
6630676
376
78
469
51
6725381
3622375
9608
13097
26674
47
446071
7
8571
74872
2
4399858
1
8
610282
1224
829
13
668
25653721
38317
9198374
63
349716486
21059
951977
2051131
84
961
52
1
1
7561808
387
79977
6296660
2523
820807851
3466039
8013526200
9598251400
8
575712593
19583
4
93640
70734
8861427733
262868
1854
5
45
277291
322081068
721433722
45010
71
197100965
583
220594461
51691685
37794
876283404
3210981292
85631051
496
17027
624
747447
6007
673926
2555543
122330
6
9035
665
11003
8
9051300433
1
379
2
6394005
30786367
556
53475
2559920
7590908
5914931241
875149960
5070
9
4783164364
96967277
9
2155
70648292
6982294410
5
6
3717456
42
38
2
9836
230
6192
129
869
3317542
90777681
45
5866591191
2723562
2002155293
533
5853603860
2
70992926
7
17
510886607
474714
4287207
573
435
55396374
6141258
8
7634559
28
373
84352088
879
22
333
2236
515162
638792115
6
152
399323268
5279546139
34306
7
992726
3374
4695330934
96520
59
1135458
6
67341
8482991497
11821
653233
71928
516
90450964
11102426
42
1667
6
4844
48592
943
238094
846235
5571
5
868677753
4813250044
9007341
8880153
816177436
64073
3889
49798
2100
8340127
371
90617
406014157
73870
38270
959329
25053144
4517650576
81237355
56286197
36759
1
9706034
1
943104
378887986
6
6514763376
5408884016
464858
470
28805
3247950
8462714376
6919734598
766436285
7
6703118
72
9
7536852
6074319
3249
4932130530
816814
786153
393106
3578467
44
73439
129183
456
79
8688915
2963936
5548286302
66069
7857
29
518976663
373857728
4208203299
52637075
48648
277870076
97
6
894
4963894961
3096861780
790529112
99255
13078
660361
60127709
902
737896
623
498
9
13
613
9
26210
31
5
561462776
3482969648
893
56
8000744
857
215
15350
3168486690
5851648349
75
1681836481
9783130
4958
52821
9119479753
609
6661
9423956
51059
1
666938706
5
27
96841
3902
7746378320
4072716
4203
4
6822
44001128
99937
98216900
7716
4
5015909511
9486461375
31205
78283153
7
789037616
153
6
840
7
147701
57661379
73102859
958
82976999
3827
70336075
56930883
198
7800624283
9
553436270
633
77
961768058
828
91746
7
242
123651
305
2243
7072715
559739612
14982885
1164059775
685
9
684
30
56232
7000927577
79
33
2631397
91967074
781401096
7928436308
37710
482
141
482
7901
11843
2883473
9190
338567503
62069
2052217
6
12
9827430
60994
2223264
798834290
2222977
52
49382
5106905053
3020461284
128
1167880046
85152727
885679
7425825281
279709
37104
4994994
283470036
86322289
4251643257
57941
828
1215
4
254357896
69715879
901
390452
98
84267851
149
1427
49529
3154
59421
93477677
895281
88933
921
61
251919
9679179132
2414371685
307378832
50279728
1035360
7527
9684051
75342
382
2
419540
22819336
50971817
35414821
1
2893464529
366354
6739
83252132
367
2588
393
4875872173
7846193
554
847512
372880056
19958948
56073357
44
2019
7605
51
4463312
1
929474374
15211
620763559
13
1417680588
7142416832
179454
4422844594
5766
15
876823847
40
39174148
32
1
305600743
3252194
18790660
8105016236
5
32503
95692
8707
335146020
62906
845
109
3316
916260339
4
737370
294523211
9
4876638
6
433
75117008
8126
3395519
254732844
9
8
2476064
91873869
553136
52
9022566
50
28176
7573176
7919724
68903394
6
66738703
820259
5
53
8213521
20107
5
9729
527179
6187
256
9024087319
583
61353
324212450
97668
6649
6189382
2
853
382062516
7736781
60
75025752
47891785
5
7197
19774
56954
4245
5572322134
926002
4219496
235861114
4
2020
782192
174
69604738
1292758
29935
1160
394
900194
1582
11689
881593999
71
323668678
958023898
8685947810
31
1
80895888
67
154232719
4264
96
415727592
830
612761353
6
82077351
5
7993
38111861
30
3060
135143849
14804308
43
4
746
1
57988007
4125
10083
8
3771031803
79468042
60
30
7204
423360
29
925472913
4915885
716
43
22731
3
6793676215
986331
2425653
1283372
5004622980
462176596
271727328
36
2229015
7
77520381
9791988778
69898
2333561
93650
584
46353257
2285539
7041
5761572
71557281
3128982
72446
6
3041
5993
54866620
63388
8964748
832610
201507854
11243
177974
4844
14
4246505152
611
3145
682
3556465580
182682747
2284026725
180216
956
5861896
1833
3356245
659
80278829
9185514066
869669
9706324
6438167998
325
75
63395165
822904050
18
93274559
36
225921
7091363
3
4554934240
3956243081
73
7
8761954
66583
69734651
2
764971
5182813539
646241018
27025
9
15935810
31546567
5647356344
566346252
18462369
6653621850
18
389872128
9510042
599687240
335108
343463631
890874
3992
56316955
5767248378
9
331
793205224
971499
22
292307232
62210066
599
1883128903
5
6009
141
935136109
944
770460
339610
3584462017
126317244
785829957
48
2095
2
1528
6572
369079
3199620428
702
68754
1086
595372
5240
6217619
430
8836
259412
60
2928754365
1370943
253
66
5371
8133994
491
20528
124
344018912
3463655029
625
9
579
7
7033182
457853639
28
3360034
6
4873
5166614755
6
3034940
8471
21783
2
824019
966892
18
6634551720
95
7391
3114
685
20218
958733
9059295028
1
48010988
586396
4
3232
913522896
32
5745791597
2595933
890042973
2
9
48
306309526
406644
39057
1835542
495257611
14494020
9776
1
916713
178390187
1290974627
4089
19876
14
137385838
438635
13
851625934
4
38
169081
60
335222
1615
9
1716556873
90877217
8391544
269624
88372893
95
1529
684
2
480
349
54
47522
51848033
6691
54990322
4074592
5
86
5091831490
328176
1080747
6
13546
73
5570240255
286208902
25384147
616436964
664887015
601
762925
158922
9370
5424
76761
24823121
5318513102
17062
77
865830540
38
968990034
46548
7
6
895807074
9120197924
8880901011
454
8
1915
5824
89
8054928467
359
776681806
62616024
35
9919810
993424
812999
110424518
1671
6478165750
84130
3
1
699797
922414698
45380841
83995
3143481
227
851
8150
13
3974573
995230716
1110
5672127
14
11872460
1117362694
1794660
748367451
1061598644
28673571
3
15358
1
32705
23103407
96
9753401623
281779
660711938
63099423
7
752
5508689258
628
94589
4665
89348
6481866993
1957985786
699
5132
3974579
4490743
656
321294
84515615
666843041
60210330
654116
167769584
7
27284550
59761
35
3585805740
8902047
18
740847417
803041
620905
2588
12028430
5481667875
5
29788921
2
4078373
1
221054897
3690345
336592
46664
96031
70837473
9768048592
85937
9008389
810667
240
72790
444334965
16
64295
2758778160
96
672519
2543120
121208
366819188
7
604422
15447563
265189037
288018
5131
856092011
21711
7916
4
77735
655108
97338372
20590157
8812485
694093127
4
8
65735
46
17344502
34
1
32067
61018188
87717668
2
11382
566
3587665
49
30358056
431065935
415221
5986
644
8559930
99
235106
83
5283663
89
7860078453
759
347229
2925492
271
3797
464
389
3826623
6341871
35
27894025
3
9879472016
5086193
61507
49904
9
2249
91655797
27695199
63737
81
7756720089
902809885
15087755
52329437
789313272
509183523
471072
736892
8
72167
543527886
3235163
7746834
1232016201
104009
703
339788730
45
83009440
42
13396
31660468
81058590
2965
25
7353787
105876056
847
30696406
4568
485409627
982829
262234127
627448991
487
440176105
7145366718
240433000
274881862
877374937
530
5646641238
309365087
1712512733
85773925
674
4235241
8182328
289
31750331
2707754
28694310
1065236
24951
6257
5402
722
2970487525
2627397
3429226
6193671223
5745
68
97358040
340
129
1
438
16062696
808381290
385480417
90
547
528
29
198
2435
44025533
50015
10285
2
122308754
70406635
729870
677361
9824234
4475989950
151329001
6613957
71
33
869
14
46190574
56458948
5930
12
80746
1758
9665013329
116197
429
89943
60142670
87371
410
6238715
838077
1
721045
79696
94604142
5534928316
63426
16259
4235
41340
64454
7120618
537916997
115849
8183
2920484
756387957
54
353
723224
7607930229
913471013
825
102030043
66
4
61076
9
832354
4
499553
22502
360426
368
1937503915
9336
88121
4703
279057297
864362
254266043
823234
67
2982806
7351226960
406385
37118
2
98004
673277322
62660802
407
6764798
44710354
9
4
5399406
91
273
1812118415
340615
822
884497734
3575
24101
8634
81
39840528
8532461
1843397
605459
7151217878
3714216
31
1
36559910
218
220471958
27518
44125219
740037
823685
33109151
7212120
148519099
1
9006
6693
4513
3103143
732
7490
1813
605484630
16
47578650
1053
491671885
27258055
8
996714
8051
13914848
8
17
771299
5
8383583
438
9959
87010217
49
284
3840
17
643407645
578052
21
2621013
1
2
26570815
99
2213898705
32
4678
98969096
99424495
51
318063
196027
758055149
23589
7003127246
785302923
75
14146822
125
138381683
61854
8806
2378778
77
97142450
121
56072
257863614
8474561
1
49803
27672
92916
463
70
87456608
5839
84993
79
9490400065
456
608091
137936
922508213
8
641
211088398
9
341821
98
7053
169
619650518
208
419
47284543
2053
761170584
704
759289091
178625395
12410108
6869125
7453
7587089100
615347
7352129
1672960555
5
6749167
84350310
6791547739
488081
5943
158832
1130
6330
4
54576
47240777
6929114
96453172
848427162
85388024
9852
892
250
7233136108
3553498
8351
8
13
4207885
559
871254408
4237
19
36658
2536334545
6245
8
3923201979
5496571112
4377273
68201
53
547559
943001
735
393215127
69306045
873246
352971190
7761618
63111
6429886322
43859
6901033507
20807
306010649
839222
4391018
310
6
73
18524
2083
423325
62232
7769
298072947
6591194
8688
58
589125
54
91150
66109953
3945769010
7551
293
914
20842044
701
32265332
1097
54229392
1302
522
390
929241250
2
3
67944
773
5
2452
36
3232298
742
18
519658322
6401513227
490445
3676501090
941148749
647019
8185720
974
33218
585
51
7547537743
13699072
79526
720940
2629199
28728
9976
76553
59
8148
6112820
4988982
2
49858110
37771
4
385574
571
49
4750
629659
41132
2700623039
6938462600
28284
5176758593
9
25197763
804884119
485
230564
4556
410706
1697431
119
54401
4328052884
995
2480439
157
94268829
615346702
20
632350
5
4893000373
7539811881
644
357
72849
4849754646
3764527
428158
5487
75173
7603434363
59962937
8066107
89957
48484090
37
2511001764
419530131
17519235
122
886093724
767710168
1289
8152
48805544
526319386
576
118810648
75
53896342
73731482
1324142801
348909990
26305
260105074
6938850950
939040310
221935431
78084102
51
685805094
60470065
5396947
261523799
2300409
970
41363066
1
270
69
1254291
7016111298
5
37
5352635477
6455026
161461
239
2
86
86
423839141
60
28
456286
2
966204
99
17128084
41163330
45116
41714712
3238
50208
653
89
55426108
111844
52
37207543
15689
3057424273
344062210
7494
9975717
23
3
504
238128328
483694
6275
954
3840
8112202
20
5082776810
7115
624
107
791649994
233173260
8
87291
38078384
70846
3704592
351613636
6047850
208586
299121
55760
71325
613980718
10041854
8398
33768141
65
4377
681456
4173
126478366
37821
1169
21906483
8249969014
5043523133
2445231
31
11355450
546049
17815
374360
2
37637099
1624
6
82201530
301
40597561
727843165
83966105
8294860
5
69179
79
1019073
6
9888136895
341923724
922266
4597590
8644553422
307661320
6
8293
5579
665288005
14218
18
9
702634708
90306
3
306
643
799
45
85286971
2997
3
888455
715347
391849540
173
94249612
8585
97
684231498
40801
947494377
61
3566377282
95
99541
8
38
18
8534363907
756348
2062456215
48469
6
3185968097
46257969
267805985
4518830441
74220350
78957838
978
4618
326340
29473565
4496059
731
1833615248
275078
339454
4805491
4839052339
3139663
9520668632
69252
7807470805
653837
710038791
917271
68
120928924
323081
5247251
702965881
5670378660
990
2247277
845146
7747
26247180
108
19441374
3
7796380
995556698
899
62
31
4571363
81699315
28
565049360
239154825
94
1866413296
8597476586
357070033
6477
660
382
6
6832737
6984
89
16452
3991294608
212
86998
715496
354148
1770514
5237140053
9234415470
8451294
6490
1344
7191261503
58
8
36705
7250327254
2
495539679
5
6557713
8928
2027093
649697
68
4137009
1493151
7163633383
8027678737
694
50775713
574
6671324784
261
8505
858725
76
5
157432
74613
92089463
292
9641
779714
34
3793
4
413
4587190
195886224
4171758526
4
41
18
12019058
26299615
30
238
920906294
823
67
76277631
5968286140
586643744
4585685502
2320560
455
40
47821559
733
6798
45
90
415720
54060383
364629834
562
843
13670812
749
40373
8474546
950164
6
64940777
41
288402257
66
5329325
324641
137
1
483407655
48
36084
78163285
39
7322
8176
36642
55
56497
966980220
148263637
55096
6937515
236551
56410
46039
5395268904
7709482
7836271041
949655
799
41682
4
7
4538716657
849401
5456292
36345
863099
2929924
7419908936
6583465
4434769
75644346
728306
1507637
8112903633
490089878
4
12440759
31
780665369
636021111
802220
639658672
6979879
8213
24160590
3778457787
6770
91
192222030
5291283550
706030525
7
1729781
238438
34
956803
6049
7429633
444
756
96243
4
5652234874
3162205
661615
8170
3611961215
72793745
88579231
4
69694
7808018
450563
373
340583
388
5
6180105145
718
84
49
82253
598
3972083
567
7
554656
23180854
71
470064923
4
61751
69369
226365416
659
9
8629111777
6304096
5955833
3021755
16345
838
3328911
9968435
1
19
893267
45
5
427651
2542
398511
7976456433
5774830398
9601592983
22
5613752206
6173
8865
3437214
6383841
102434
65880
931115528
8380
970
40
20060727
710555
2079
12160
5440
7039709
23697
8194410260
1481
790
30144
7245497066
88
837317296
330747
9539185
867491217
925
540903
3230900008
607808
97440174
839731
4553939
4899
125
4757
71
82420
90667645
846
394
121423
6075
3089639
2795
250
3
40464906
23038498
2
79
532166
383
81796
3
74569120
414810674
74
495451197
252058
36
17101098
201
441207027
320553024
3
672329622
31
2921242
5577271
4957879881
60
7028
474006
5834
880175237
16111367
949267956
48
9105637
4187
71311
6067
2390562
6
523
62168
735872
15
508
475546161
641119436
48
5570
50580
76907873
51908
98
932922
439468
69667
886922
22827
101343
755035
69023
75354866
819
14542668
9292983
8801297
85344
8894
30258166
3244783
2
331765
9523302
77
8614
847844078
4957028260
43156
7623087
259
79
58
1021
3060
292
301370
8
9
11
189
80
7
66669
1428783
899752
1232805422
7780
1977638
78006
8522904
134
19558012
77303
846956
1127113
63
6923
8791
1367346
5539154647
1990613971
96267
35
63774
9166756861
197294614
4
2
525137
4904
11624059
441743
290
35
863695
8124040
830437904
15163217
83
5693525327
7587
28
536952
57
3
8935
494613
6291
516
8787307
227
657342
188
56529733
277862421
4155
64192
484
7
8903287387
46966
4854753
8552
39020
29
3
88
4638414
3387
1851
5
6882735770
2306246
5112465
52942067
84
68490138
964223605
14
60
351134025
1372
7117
6365499
1533
5650
20
542204680
6958141968
5
4396
9
263313
603346757
5295
522871
393860
726619
4
67677
396
532585
9
61846153
532035
1
8025885426
2579
56
43613942
52
6761745774
1170010
6
1956
263981
474
53
77237
1581555
7604001031
816028784
722
62
813
6842
771191072
4206
268
34
9
701724
19
357267889
915749
866
403
24
13010117
9796
7595362
93582
519126
51
281
4473
16874
7773240
458
5
761
94538587
1
6973
72876
2768258
146
11
2242
592238
636857
8036220
3164899587
5
384
65
15153
627920682
906189702
90919682
223504212
8189
1849455345
99652682
763
81903
228335550
5233084
117
4
6132615044
91
2778781
1919
815
9951469
5927415
47501676
1447436
7005854
7137
6639
653
627661251
699
8
10
168556
839729
8776
95299685
27456580
9413753446
924211
387
978502
2720989
73523
2
287
718709
739185
84490
2954
69234151
4075202487
50
4014390
428
248036
737
682978
55935362
1
506491754
6045
7
407245979
23868998
622976737
73481
9640483
477598
15126
80878100
92643
8
2511232
343973259
696421
949498575
632082
56612
7876708
3
7313475
3428936308
8
1
64
60772280
5860572
136626
2415
2637
45735
82
156
9899839
2660
1117064
70209864
428348
48874525
769004737
74798830
1897
4
68902
389161861
332
98
691
806582
81802111
3213617
6607
4619
5565
207
18898754
68
8650
18801
62935
1754040917
772344
86
43285
7130447910
5826
7332960
9278224
9768045
616
14
461473
248266165
8535394549
80
18267424
5065426594
725796583
89732653
7355414
4343010868
1639139
99113132
70848
9
997
8
220
940181870
779
7
1596804
45964429
73754
880451586
33082077
57
132
19655312
82474
4
7257
7
7591481
9998517
159322350
9326611
8676977351
6423758040
83564188
624134
90879
3506184458
2128253
72532165
9
489
172193333
67023
584895737
885508177
79840865
10682
68992
864
8845008
634474698
99629809
1
2985518
2
1565
586
896128415
1559577732
6250856
8983814602
87
3257561
2
44
487
714224
8153
38247
67
107585222
996
20707590
233
3557675472
32275
2061487041
52594
7
913699790
93665364
284
1858423
613804475
81571
4997
8763354
386574
856
8598
801642
649
9
1
41236959
257
7459
3287
352105519
426709366
9
80241811
68258
96844
2509612
4
92
9
5953820274
8878864
3
783051103
148676055
463312538
5073284856
895004
8617
9748
170926742
9
68759
605454
106782
1
53318530
3418427385
8035636885
72336
533914546
909575
555
21344
271713641
7670430991
19625792
27254224
92
8538614
3881
654
60848709
9319
3508533611
32753091
433745877
3975529540
880875
262
506
128
91934
261842900
34176
141226596
1
928204
2
1686
2981323
2125555253
368938311
862330
244779
7245867
591841
233641
73
8997401515
7
12187984
7594
2976035
72109
4369
410889
8487945362
4836391628
31236907
8846905399
612497
35630590
10282
5960
4
687809868
49
730
824325203
67208
47665
133980
35471491
464
53
7154528330
104932
29880657
187
61055120
4
2225953
348051646
363244
20
4644
84656798
7007
41208317
252
416006
2702
867
607283
38
8
74
778429583
4
114499382
384
8268428878
9
9702
269516
94
8637020350
48278423
2431
5459783
89669
6690014116
8716990
430227999
801489927
305235275
2421
4
32191
540621
17526
1558789
57095
8406
2372114364
1157
1594
19252
3104126860
513502746
287295
165
8178
585
456580323
390102
602207652
6305084
929983
80
807
572564
920
75620
9
9477
7274
6238440471
350174354
791
56644344
9104824500
9849
9938965
8421
58955
80638
5521770250
24872
25202365
5708854998
7
623165709
294693
3427266494
47182
66897
5
94
30787706
7384395300
489426855
331
716620119
347081
373
6346
52694706
5196839698
754551
8
1622613482
1214
2705593
8646523
48794539
5445455
393479738
54725456
8797135260
9448
18560222
4
8458465
94282
53621602
4792
144068982
5354288
3663211
16289679
9
530
6520979948
485089
75
3410
169
8478
2879
97
922238
5627415606
9466280209
28014684
38330
11507
8629856
25
146
10466
9243
848599
7548016044
8597340075
163
2510222
1
30765590
491753387
662387087
9819316
88073
179674
66584
69204419
5204220177
420943
364927
90380508
93
834250001
37593041
3660
573
65473
6
273321264
360195
340463
27
758
723
21
771016
690
3873168296
7896
6371
46653
44
68945
7
86988701
2570519042
6
26
2914768422
1131
7510887
87
85674138
719794681
160527
7
91
47
9362
40157
53127455
5115
1956518434
2398713997
103897
28562629
940958402
809487
796
25
9358317
8271643129
8696407270
9077
70214108
50305
333693737
38483179
6836
3
4
10682
513592631
3074
15
5508
5866857
441349
2568615549
9474004095
56
531180924
789
36
33081
5105403232
128789
40957980
584955
45111402
318433912
9069
7853997
56617486
898693
1209
50692790
53424
9
94933
9758748444
125171864
75
84
798008
246170
4
26
98256326
2015524
713
28041
4650
81716470
942433044
98
2729608679
1901233
89592558
198934
987591
45660451
42391
840
68476712
9383307231
827
9395
7726
252
46144
550563869
7
53575375
7750375
1097
601093869
59561713
7151526638
29838
24271644
8953
4574275327
86503
67255935
5326744582
81
6087023001
702892668
2831196
36207634
605550
35
837741
777479438
788368
141147
38073
6
51250050
9
265
526428988
575975867
324
4843
780067506
12889
5545540338
533
145858
9763
96
4411603
2076
842934
1561014
716
58
101
2
9680
9134
8271899
3255
83746
9213637415
4491
75
63
60788137
39573
138
85834273
881374
1776
65964
96248
47099
42915
5550012
79324695
1053441242
878
11932271
79290595
18
6348582590
760519
79731
790182094
4256515237
4533823
1
2390
530
856
252385944
8955
1542
38870
6
5
96177800
8467184092
11552082
7
1174291817
168
438
92
59861
846
53
936784
7782
83938
8674
892
84
4154
63593
1511897271
522080
6705
8755
1708
45915805
104483589
4748
6647568766
1793734
341
822
56590875
93626144
2308519
54532911
65
81
6992821807
63860
7357487510
9796888
838019
805428
5
20
4327270
45
8646802
9238555
245
4301
738727
752
99088
205522762
1047
6825
454
1265388532
1990
874362
621
3863487
7140530393
58326009
6880182
8555
2080
934734415
6781
98792
9895010015
8088
23
1
49
25935
132883204
1099
5
27311695
376
265
2
9907947
627879711
235
4029
130662052
83340101
77
6648
64019122
4347898801
5
594358890
800635448
9449
591
6372014
9
85
9193
4
9
16257885
5
3196088847
8408
17
666
2009050023
2950
2
2833751
1064986869
8396476053
91279
9269765744
1496635956
342030278
9
543848680
59322
7786
4012344
805
427
75
654520
12
21
8
8226298244
3059738808
8876182166
760394979
5379
8821232
52549
86
6
62791794
56
2902
5204
989891
2
2489226
5
7
40699
36
763566
45034203
393826
162873
185191139
4728
18384
9378644027
7119704268
319898
3386245
153
305143055
2269
713361270
6
185412
9664575
58217672
38446923
22
9107951672
32716
4230065
486651
240569
6115471
2545650
936391673
6
173727
1658720337
9
868
5796278
5102
92267
9408389
295451
16159425
467705
289537655
81995
9712
529
970692
6
61688
4
46
4567458
769512710
4252360484
2779046
3110
823
20
8833086
886
5579905200
5285675936
752152
86
27937410
6
9248
8556412371
9303224
5541228
6
2480908
87542
20251
4660
1
853
60219
1
3753
6396596
5510
5684262549
336923
6
72247
573358483
4930962956
77162958
363349264
1923
803
520175351
183983
8335209613
2
2877
150
8080
6755250865
127
6149847
771
54
5
271410
91270440
4360111
8105473
1519492
490490641
5961225
5
6010099
67814297
23764525
5097656
5176534
184
5
6
5
3443
67529
9101769311
513
888824431
1747856528
150058812
5303600157
100
88
92008
566123
45
87624
7225819616
7420
5183616479
537048
950287
15039
5
4
9
877
429
2
59851994
673418
907105
639357616
909
104634459
609
57263920
260041
1721
72917
66959
6
961404214
8727011560
800
922722
656640
1
45905568
968144856
8274
270
296045150
3083016704
294484
32417
505233836
269433
6
48429061
6710
80493825
5
3185
18763
1872167
841930
38
823
70084156
13630319
812710
3
1627489071
543
664357152
1157198
496182928
3
8803262
12849891
3656
489
18000
57572486
3
21229
1
7148
595
66
64170605
286
45131603
24903
214774769
91
2094730804
798906352
97
3728606
95
395
8070090017
357
8726652573
539087350
4379
807422245
64750
7547634903
37982
8
339023273
67
6946
71987385
26
99246
3800
5762
35
6075
684423875
658
452399
264580518
823451
409369339
5224738120
715
17933570
4
3313
8759863224
8090
5
1
713
4381
17146
6
96
29034868
5273
2
289
24814
4724513064
32349
3841795
6546
7471687647
433
130
17670132
282220
34699493
67095
735114
80855315
150167
44535273
977463405
873737
39969
8053845
943
21645
8262
2590
415191692
43
2889183930
8225514
472231
4
69551829
545172082
400
21
2
3
7173267
6869369404
28600942
378969
85
801926236
1
958
449
70271514
4444
75929014
767521479
609360201
417201
8587664
7785817
9556397580
8711219
14
23108686
12457
784413
1
90
5107115
69
189157906
1202652501
428989913
220990654
7344586
6
25055
7
70673
302741
46874
366770353
93550001
170725051
9429
749560787
11
808
6759
625
1895
625944036
67926115
5074662
665000
7
2526
630171252
96477692
5
568107
12
67805293
3250
8902774802
1762
8711671388
3139265971
436
7
9
6
43868
99290740
81
51
954
428
68085
8694216348
978385566
53337
1519
2
532
1
785151537
6846031
2052
6909272601
9
7702
3779
959646
205142
950642356
4223
3828
406
894966532
217
79
7663810
721293
208
38976041
712870
226568
5
78039
9
347
883
8670
554644097
35713
55724
4570681
55730021
152596212
76014330
9111182120
5
90443924
95458224
4467708
7
6718106331
5800963745
237207
8335057
3
4955394099
76272108
8949
34
9167700293
5610
82
789
101725
498
20491
673
175283
2510408
5532821115
541889495
8
63850
438
59589
82
3877785326
480780
594150
9194163230
2968594966
67695534
9862
4397
374
683
17
950920196
65579950
8775591167
1783580
1820
473
6
941203
4
884
685472167
69
3582
250891
354
6347440
6510942
10276788
27
8311835
17097107
47
8649545
276262901
5549
4238
78
4
949104360
790
1149275
8603
6
311248027
5666
5676669761
519239
299
6542599
19310856
18
34
347
70
833933
730
1
2187
2377895862
757745
21
7467795
348002
625797
4888721340
43
910
2601
88233571
15
1740581
6
2074
51544
6831843
1175
8209352349
30773466
67
73
593
3801449711
3286678
7
89690690
672643029
648513268
5
83097728
5330302557
44307557
7112532430
8
933
3242474
33
6035495
57701428
343938690
455773
77255213
83930
9807361619
915
9227
8133693
2
691010
3
813566061
3930875454
4909781411
96
940
121877
5642
247
235445
48275027
2830
7398472
5036206242
8189699873
6
2730
415
728319
5723
849
4855
8
848745916
7729991627
13287346
50336
6
73372
99
973705
8454156
5234
89588
6647096708
5662464
58
1483707986
6236406078
65153
737322
9504952
749064
851756217
46723
1997
67
809399096
93
7006
88395
2760444055
2
8960300515
803468
832069
90
97608
2635
3993656
9839
970
7927
909053
5546
540088810
61857
54520
75
5951782
6744491
695
329473674
3478
4414995708
397785551
59
160
4
393931248
6782130002
6060
7
332301359
4437617
6
543
28274
8536697
529448
3716445175
538743
71591
2
9
5988878
98152113
675616
6
1971630
2076
1016407
47
69
157991972
274
25164688
56453
1260435
3997761722
4599156618
146746
58
4829
2
31
83
799803
96344570
646
985334
818612793
820726147
8289866
4660950267
36730793
709003932
290
319579674
4268337
62879
372192
59539
20
667823055
57070671
18107
6308524231
51320
264
713287353
5548320325
72124
80906
10
809569
11
159
6363
630863
8325183273
488897822
3078068
6220745
2625905249
4129400
8916656445
507518519
673785
1098864
64376308
441436
57495
821463724
7133131
6946
9590062603
43386389
3864559
6937
9394506
32560280
22669414
47
143086427
51
997656
6171
1384153246
92
2054524
54073
77611537
4853
219918672
33357
4439
484858
13051003
1300948
523610
1954
8
15
99
464582
2358144605
12446211
5940371608
90
77015230
790602592
525196
4
56
76503947
6
99834
217517470
9303540682
7118
65
4176292311
69
88508
2173
9
80285712
17095693
8
916040875
6
8345610858
22415244
82959
262899719
4114220160
30606613
595105345
51331
729932367
5692
1772
1938981198
354
162100
48
6
6730430
61780824
9
3499
4
460595
4494340
800923
8
5
637
4480
97936
47716430
4027489126
1204
82856
57822
765
5736194
99626
21
98
10372
3701305
204039703
98811175
684156393
4763328
5
8695433705
409965
9520
6942544127
119110
9810
2426680449
77234559
197466001
228160214
689379
877349
55226243
426573595
7097
772
6569
2737193
3
5
51251
27785
57275939
160202201
64012863
2462
164065
296
8
4157022664
277373591
61968323
76199
464
468277777
658027
4557331
53183843
601
3321024460
180422
89731009
55211489
98171
7542
668
64320
3476700168
246
2418
224
45776
358634107
41143
9
3039608888
5730950040
1873673
1716116816
291182817
199963930
106157
93734
711480033
387
6877282593
3685
2613
480
503415
80
777533579
667407554
1349205457
2
9179
59
2321762817
5
8493964
4890042424
935687694
401840496
134
186790
51075
1440747
2467
42
7316512
1527
568
618256924
857
83511
3445181
3125325667
8214046224
48
540
90809174
39
22246649
9732792
39
588
2091850
7043336751
40314720
9186139444
839300826
11951
29
27384
235875343
406796492
95
6225
6358
31693
5413
961063485
483688
13611
2795134
4166809364
172
4766933697
495
236
51
1774566157
19783
1776
81271
2223
30585
7
66
511271474
240934874
4264046
106322599
639073
157
4043446487
1477412058
53
376138582
782798
42021015
656
766
18006935
98
3
56
6041472967
7
124932767
788
966
74
3
927
636949064
627422
5
104
341250
11781
15
11489
246455461
287861566
546050
231133
270057875
85
432
681491378
5486536
795
91842972
37
3
80
7554
6117
656
5893
112710
895412704
69586
472203085
2410042592
8881125
33260
5682165
127493
7056
7066626182
89579927
8
6
417099174
938
247
30616594
464722
340
54
57135
300
7083960
4177088
84899880
6535708328
7169517607
79462
5083460405
961303955
6253
9821939
844126
8724966169
27
87545995
54327
4198
906076
7
48879673
77285303
5
411000
4303719155
72574
29
92600
425552
96260357
25560529
94807003
6622181
90
6138696605
891
538754305
22362
8103992
980409
909289151
202
8122
693
9282
9
24834623
6
50
32332
541301732
529
9870404813
810454758
4649122460
6511
243
77600
725668565
768
4921
73589127
83
772047
80593075
247
354245
9003698
78439
6967
8005926
605
8366
90574
1649677
483152232
2704
6384
68637607
2927318925
494324
5990827023
389
26
9739
47256
670
6146
35
2025619259
49484
36979
93588054
855853766
96636474
16717123
516340274
645
32269
79
8489094821
42
53574
489260521
2227
3
80
257
64
6052173938
278806711
502
7744
1
54
47014204
2
188
80501
7
1332
363129468
5939
54
2243232790
916
58190
3221
1314776
243016740
32
9083015
83863705
3542518
995
6125780
83
235077
3481
3
848
2650
80422
1721
4768313710
67853
6
921
936666202
77876619
41
22
983
181
5424
1130617
753244257
6398937
7831463
683297698
2495
85
86740
1
199
7879113
8307086013
517696526
3380
889
26
816153073
182718976
7
660
414
5565655
1649
6
25938977
32727
89479
1
7856403750
288
835696
392017
163883
133
803527
725220125
2806992708
555
5
22
189531309
118532706
12
14597149
5
703717021
2
256064
376
11355
5173
29897268
95
104
10705506
1223100
5
20627012
247
266802
308429404
1237329155
56
466
6363160034
871
492067680
5702275
1311
15937459
8667452430
779195839
563354195
9802230
48
63216339
7238884
8459
817050
32525186
89625
12202
3926714407
7567
14224828
90050
22
71910
654
67
3035
19441
33
5980
6454
67
269474
5082388
574
58466713
730861650
60807580
19543
80166
490823455
403604521
29255
9
9
6480799307
4351571684
11
81796
33836
5923500646
67
8860
294402
64477
44918740
59235
3259242
27188570
597300751
898629
1355037
683632439
3
749193
8
517051636
23436459
99753041
4
3209397
1208579
835439
9679597828
55
705845341
6855317837
7701537840
6046671082
2
877650573
920
359011
8
835
4
116707
344996
7074
67
4
5456460204
432028
465246
248
915
682287939
589993580
478921878
485909462
8845834
25
252
331505760
49920072
410458
8050
5491
7111808649
973078621
2200563
508
8940
8265279
68
5093
3956676283
8883893755
37
319086266
8130169333
38358
186534611
697615
2058427978
1906875364
83732
537237915
664
375452841
7767
706
4
35
2097130503
25410
60
21
1008
1273
5432718027
6
6852
24
293025
1
6852
568890
4388068
98139533
11
3213
4055276097
204
8620740
4
16241776
541110
68781
5
5
577956
7
546694334
467482616
11894514
77143723
136
9743530
42578062
4735146038
83129332
73659
763287817
65
854
738587
3
57419
3256063
9553639845
601
675
20798
353045
9
3878593883
9798910402
516196064
6198537
399
2157808
69980087
65462780
382
541
26032
2402
785734
322
4647099023
2
27962565
3093
731758875
13561805
7
47
775
50622602
46290
55488
88
76231
3
69669695
74
813588
546208275
751725
26445
780
3
5594947
159231
86467115
429328
306489
7108
59803
242
8394
385
168
378245984
132454
58299
37808465
1946028
81
91187
67489609
9
3
595
546
84720
45484487
78254
76
7
59965064
35367917
5
224
4352
7
980
917929268
21407
45
32719202
239
562418
49303885
5919350931
14694
3
2736
8217
955770
1812109990
417660
8062007
66
448696
12455702
42551
640662072
216629171
381958662
4413814
2921573
25517241
9286757
82
56
5144658385
384
936252090
5
7
722697505
5864968
694079
638
111099
69632274
7294272
264425
2434497
29792263
94241
128504
678932
324981189
384032
17
5
6030193
50
4632
4
44
6132
562650302
28102113
62
9765082725
6
8
1304
75171377
185330430
70734395
1951096845
8141374634
592
116029560
452866579
9306
6484173187
780261
28315
6598055490
461178752
261215
271319518
9981179845
875716
3
438932208
63905477
5228629980
21
5
248486
32344875
6803
3372594
67243
8
7168
98
837
7487
72200977
719266554
706
774
6733
9613131
748518570
5
766943
927
84364444
77978
49
81540424
7
8785
627673
2904857
14351
975
950684
940
4
8783818360
760917
19769590
8148
115443
52900
937
3
78
4
758
939960173
3118789
948
9401015367
4
809
3294
906863173
96
60023326
699723481
890803873
1
4105055
780
2080276
2768
4302444
389
121
7916497
1930082779
1017981
3428901186
71
843
2837
604
902482707
234
58477835
48152987
409676
8771
208065
96722
51557
44885188
5754
51290121
456392966
98
27132
30
52640
1052
5799542
5966
394
673629
65592316
10255
64
1425
21022
59496
9307
78
774
6471269
5
43
974790189
8756963472
1
1771
923566
7730120
9474155
3
190
1
7461393171
45276
2163799
503058
8
205444
690945804
14464825
3
277958
262360
582
1035989165
588005
187548969
13378346
1051
43909
580
602731
651476265
3845
6533139
2639239647
689754
319
28485
532
781
68421079
9365
37844
70939425
53
5
579827501
5779339827
320
155970800
245734302
2
40
64712
402604134
6667
1610866837
473962
808
543577
7596675390
255
3
469545
547
593860227
608969
9802
13
696435308
41198966
7840731
7927
10983
61
75682
18385
5325272
558072291
8
45
8036
7603156359
77938
6165987454
6612604
31978
696755523
6430035974
7589212
270950693
8490332471
2954987
841
620099449
4
992
40164957
1172
499415
18
6864696908
2273
761098002
4363
880
4
881
886026
14978202
4831
68
553046429
47526821
10060
7757
3246518873
495
8
2519625386
5276
37
4567291489
4985
3736354990
454353188
855
6696
902841
50
43313
3793
8796
732
3129752034
874595
164
2437049013
350
1
38508852
9
8
52340545
28
8500584671
2577
9843917
430753
233857
3051895143
2225
82058483
3636
53
9558040
767578388
79228158
57337967
91109
182
275
1917752654
67
9
58392
556561571
15403
779
968
87
429
41
375
32
264429091
2245306
6
5248347
1937067979
408
1368672
9508451352
208756
71103
7
967129326
26045706
72193819
167149
7761
7850697357
818962
34
13
4485316
4509536
40343432
4709
936
923224523
3155917
3310641
68407553
2
415092
226
336468484
9782911572
5102458
221586
6107984
3620
9182771745
986520
4801816
1
160827
2251128
4160
30406
301
532814487
27
32
7956
821
35139223
725701966
6500345347
82
2584810449
86
13
51
224408270
543
98
490862191
8
7
429680169
8888842250
112135174
19479
46
89524297
65
8330282
100
89
121
5226
3758
20863681
60133
5634
52746
6379
2651259853
856266609
137014142
641
633125
27
2263
419390911
90
50994
76
1959
389
86151
7112
1233210680
1024
377
2741
315857
6
280
265489180
45
32
7
323
2
9676
31607
3
1437738
127504338
5749758
683690910
2752666
8700
1453389974
712393105
8668921
318
477370
235
8742211048
6309
85
23
340290959
6
79565297
5
8630
7276
92421
59
99292204
9442512906
993838662
1
1551020
476695765
39609
56488
89
1
8633646
8252
864
6663471
8340910180
68433
670087
91381
855
74593
518475
6031
6701244833
695868
23719
63
833343008
521
79746
323042941
170
77844732
6869831
6
24
9930
834402712
85870
71244
99553
10083601
316
2327566014
21387634
39609
1
9442
33332677
860928259
91221
5
52
451234
7338
9
574
271434
7
6794072
40352695
1518520
16
59290
68
8665849
72
473626
53
25
4167541
924
175749233
880232657
243
5235
687141057
4175736071
796856
219
475325433
4520143155
30
86624335
683673670
7862456
169
1292536943
929
115070293
8
1
96230417
5
2234
2797495
5344281
38651
560998760
39783
97266
35582576
30464
740335
813760330
5671
10
38861
15
314677
137204422
2178984
281009936
60297
5441
43455
1645562
5335425311
423167
578974425
828450941
66
899835473
6970408
25717990
4049
141263599
266859123
3018829
981
123788448
6
96
715494
72
5916156581
34616
86
623
2
9796654550
6911
5978825785
989
6188954547
60364623
2278
7405
19580068
361621695
9047418
3024
614155013
7881502015
4
5
35
6260440
4359
189
5473093010
7248
5
71233003
680435
842
41139
492331033
696821
893550
7222826
91424
453495092
7289446646
4001
9
498432602
3005892
7379067
52611580
62989578
60497
5540940754
96
62
12997556
77877
5654138621
1230
51940
658744
6186593
97
839163
6
8
5
3921226
70694
6934
81710089
7
813
713091191
7835
2
2329975
870856
4514665613
9829
718
44482621
891577958
319
3
74323067
615740
1
10347
93712
250076
96
20363
8597471
6271851
5993
3533178374
6959952
5
979470
8116
6280775898
297
4800012914
96316
627
10581
8330
3170907635
38
718
156736
190
728611058
32713
26
9825860
8
7481798
5272239
3358290376
7
668421991
5
906352
669
8845
9
5
4355924829
21
241185994
653432048
1045341993
4
603
1692183
4320
165
7
19933
32
15
91982
54
2080496
8356
20768
251
488
833
38
4307
346
1441
952667
1
67688655
3998146863
179
59
69904
7243
4921578
3
3174
20
399
9048461
4073175
866326615
8650867
6
95
9089
32598749
6066190310
830647
261521
899178498
33236
94
2
9570753
5520
5322855
70
760719940
7
6611795
463
65
442722
4410329
1547643980
9237
7419003
3441
452295
774782118
6
2669946916
3435057
2841
257236
8206475979
36887
97805286
5
3090029843
42
55974563
84066262
17989537
2
1232
613
3381855
1
8871
8492
9949959277
946812885
3
398
3036
3713
97554
8604933
257290
47
212498
76112638
768535
7816515
605938
4689
787232138
2345501211
7530352
4
226577720
9795285415
6403481597
7886
190396
1
39357093
68
36753055
6
155370
5527
936207
99028867
4143615938
898028
5755859
97423939
72697
98392
50543103
19761
149280
59
108
80013
4436794
47911
203405828
974270141
3203286558
37
207558328
75
4364014809
17649
9647668181
935726053
5633002272
162364431
39934433
65402
393
902688
593
423
6871667863
159829
5470200
212834398
47627
284007592
5834
55991275
496253589
156
274938855
8
912473
334568
273110839
7
29878928
5087
70015
2707
177
87279
124284651
276852837
6355907
307270
5
568640
83160
91907
3874902
408679977
98879227
8891256
4001
3
860339
1003
30794933
7827
9337642
6684618
233110
7795302830
421
35772554
107780288
949789659
819701038
9
49
8
26632
1765208132
96828
89
4424
9
4015155188
27425
84228
926332604
8
7373847
610
6156990
40025
4833456061
99440164
18808
7600
9
840155018
61688799
424275287
332156145
597
330
77
9192
6674927
359541617
160365
254655
5
3748922466
83
41372138
5
80348
573702627
94
3647
944
930
3
7170287012
3590399
404
7
756
93385970
5
64946012
6
2105806
33116528
930
19503394
7735
31
759960
667884856
808511449
687361
95630
17
254247
3341876980
7
624258704
8
9168905926
82
95685469
18914312
833
25725
74
54
4174
46937648
6374348
2
177598191
5142
850391
3
30990069
394237563
914
433816
5556080
41
749308160
9956233809
7663529476
7
9933794773
9451
88
67
590
278
954
892579
24705
852
394
831036267
55779
5
6427909
43556
4951821617
97765307
35
7086115887
17073425
23
2849
95
8949223
1674
599404723
4961
85
822
8878867905
9711293324
5763477196
327660
3151544
1
5
213290759
82
69
3
9218952
754213948
38465371
34120
41544444
971
98
24673
10701154
57091398
7792934687
5
81
857853258
448
3114635182
86611080
8271889
34204652
330696
60
4785
25
61125017
6202
4171936
5016314
145796
671
72
1149
6942259
32671759
167193426
22231474
4970593922
75363
4
711537
99611133
926446997
3902
42287319
7735390
849016
90223
7973274
1254641005
143
10243108
34076724
331571527
3266518606
98346642
3266951
6927264541
1469
446796562
593079
1988
76226767
8
8854783
64249
27
458513576
37695
1024165176
9091631772
61575
8
34
919882
1512
52753287
848900543
83881
5374062267
837761961
6400483819
572517552
918
86
5731682878
130282
5368740399
62255461
877252498
556
4329509
647476918
6
32068764
980833429
7384556354
251625
4374675
2360
1459247
239377
78903
727
106125
89
91
3583
8540541139
886008
918
3884
602022029
5866444523
18015129
61113643
9215485261
6799779167
1
950
78100
18357
18136721
327249131
2978115673
5371279822
18595
410884483
75101310
6290572
5202
19928866
424
51210
9551013777
57
8539
579371
6134
3
50852
476000
19857397
2127835
9
2939015
64757
277165
4066730036
3356
13579
42882
11466
474260616
2
6280977
8
3
263615569
6
160349
905422
700441
6430
13046
28
6658933311
584815206
848
3212869
8178036
81
91396
1
6404
7
4979545738
2475676304
1
719051
3641166
364
517121133
9686890701
296658099
12
83
166
359874819
192449482
5866969223
710691
693271
9043
386802
747839
6630653
914
861302208
43
6739
9701775418
2826096
4
79430
538219
11614173
9187361500
39679352
13
47886252
5954510
4
1851389264
9929
802
670433
100999
66231394
51503516
5079768
9817094540
9085
98
330
92
74104
662212878
898
475
9078
182335999
6710327885
4637083082
12
3211169
55
862406
4
7933
67930
2102382
1
55
85904
22327123
9648146826
4457439512
20121
5442056783
66503
543361
290111
7052992525
6988928
50587803
454
25078603
8453637675
787
990
7026426397
78654
677622117
1159952162
97428
3677519575
64688
661151
16810
867
47252
7820049576
8512
754656068
3016873533
11525020
432
9113288170
348
8694610605
1859919274
6335574
902912
382
665815
4175704
4941072
967
83448509
4037220223
5424
4323938042
4320556970
951
7610067107
84933
9485
113
5216550
9
6023528108
6009951
566689
6451244
78
4535
88
3039628045
4148
8
33074646
4846848927
3
4
480
453225767
3946
1503649809
83452710
6
3
402
435989555
65
67
32805
19997541
5120807
224
4259079335
96549016
5601088535
74
39479735
6
53644238
998988
4326857060
805456
23422874
7
49432719
610422
97950
53665
80
849074652
2424
68
7961
2
455869724
3
212454564
435627896
817889
98
3145
3318216111
605689989
6
6096351117
7
5334997
510
3804304
111467753
705
354079
2367364
9614776
54372650
9871836
4
4
6239743
57
704
5
3071606099
73736242
16024031
4080546
749491411
4651485031
2
8530155
421883
9574616671
358
7228
565619498
9
25070
5563
7286
87146
61
67932
1554911850
559468
739
216707
15066
76
1223484
884
756299204
60
896
685
4991914277
8698195841
647418
206435498
4
762
544054
60330710
363803
9650281414
3576
35
962965647
30572938
84
1955
29291389
79444793
901
7987
44448
3177
9673
6
290019
385774363
8014411249
5907
87
469877
76489
106731
25
2587
23942
259532347
99
9138418664
6848
95380026
249796
54063663
49280
93
1863846940
772914411
35223480
6048355018
883587984
1680367
779483
9545
7068626121
636633
4713
920581
816703261
1073
837
15032
7
6160102
7817879874
9384610668
5871004516
61
8
9670752206
9546930376
2
1
15150
9008
9128931200
1
5755
398229268
138223
4753536758
69488
826113
63663
217
70
5386
67442440
27641
4950938
8621841
62566
77459375
779833
43
83396
28
3816924
8
3475601
37
880
85
695946844
97959049
91
882862955
33278
2
9088
115471
37
44253
45518383
4913
4534658629
286644
81117
288832
7423
41920770
47
16748818
195941705
7617497545
7659390
6848613347
1
45
50055
764843
7844
4187
7427652
52057782
7556352026
84253
97458500
1067
87376
200252
246
488
8407
4902542
4968043905
113668824
762
509384868
4562251127
250076
95833
492927
5827230519
66
813227
660523259
57627
292917367
9534163133
307026680
547287
831
531397
382053
757336797
6
265371
364362014
5843415807
5667936809
612047406
93470583
5038542
2071782
2279
8753360
7368433
2
8760
25194347
9467975
78223
4413
83
763643948
9946172834
64056
9
5
3929
205422771
876038
37
425
27909719
2
2
92598
55789
111717093
9174620
6422663
871656355
9247398
2
9444578
4116
5161001823
1060
8390908202
5364285
627
22034564
3
9599
4
493097638
996600
80128
910584982
4037910
1
80550
6359
1851
665847239
847433437
288
8920933
308136
984405
9
6745648105
699
9498168803
159355186
7170
546843111
1423137
294780911
3545808609
9720480
1673731
885
968
2668417
7
5
3529
4
5657824
148098
5981523
2306461
7516
234695620
63
51526
4
340
8172980214
619960726
11549
4
459703
598324628
2212651329
824
75
90708
7348
2
60125
967246125
2666627559
877344
1622
730
30
729282613
7
370737375
57
293331
2186870421
525677532
2177687826
1392732204
4314920
4377
4297910931
4289
657986
22009851
5999
32055003
7945132301
491
8
11232631
37348
7926808393
3313512
9370
3
704641
88666
5
387
2
4355
2691310357
4808607992
7029644590
4859
20184
5
568755658
5
39990
448
25
354061231
3803458291
1894461166
304110750
154
5
47
8084984
93102264
945634344
576
8600332350
2
17884
223
599759
12081
52
43321510
7883387483
666037
6980
9
2886629
7582728670
27514
859531281
206264
57789204
97019533
97
1279
61
17
889599
14381
61029939
5536662
7222051
822
6771
97
2767
5472867
6875044
1482704940
4270758032
9484254
12809765
91665560
6435
23385774
4319809716
5107467
943
25774
3542
80391
32059
82761239
252
64
36757
985520
55021
224533
496
994
78335
74
120789233
38369186
3
63
69
9931622
6036437
701
6015468281
42890859
53
18
109367
64833
212806
1439491783
7342121168
8
66089745
770546
358543966
597
14
2466
773400699
73935
874
29881
2
807246971
14
2654052587
3684000449
9289
882
7
9143996051
552117595
245211
9
607412
8166529195
992
8146
195
381280
40
45753630
85320
891434
18
6
55862
306067
632858369
840
44338
844
777722
1
2291553
299188742
861
80084
842478574
6
1
7659758618
49
4
672
5551170284
172572130
99
2004
7548
3839
417322
8629
9
2
1390
10960735
35
278332400
647792
50
8775
72667
854
5057317659
61
35410
7253451432
394600107
9563
3583
4885386121
53
545
792
8228727255
332
72852759
5044064
217
270
301671
2688
181141266
123
10329
410794
3476
17249
998
12428556
3306417521
85
50718
5943
7363961912
649
171
7
39816984
2067264
959352235
333782
8
2736
6570
204402587
928067714
5165
3012
2594715
1436661957
569
5517702223
1431737118
745
2824
3498
446442785
4853
3538
17
56742195
951430486
7
9504717374
828
13440
94661264
5691
7705911
81
98013
68675
3054
7653
107872426
84
55
162200325
432755
6980815
9534048478
8
8643666
8
3739772085
35173
7288
41183
3193
6598543190
485747
21623525
962
282648
981155
64099
236321895
3474770
3239659964
634
812
8687709
852
79791
889595559
2836922
25718
1114510963
6491777
93
27867
198046282
620
75111825
911971190
4018326
717862403
771218260
4303
86428
364674
93
1844370951
748168955
880107270
911
105
13008
4805179602
7640
7656917915
1093289
4017254325
443136716
267140043
8582
1913
88
236282371
26087355
338927
9
441486
2122
647066
12786
9740928
183327260
7
914
303
75
404512366
620167284
1
113568
19
6096377
65
117
66
484268702
58568
75261
515270
3790118234
621710934
32638
5
861
5
1
8
325474
59627628
403795
21569
6
1903168336
163800
6118974540
4431253
53609
98
8089
35027376
89328792
4512703
263928960
4590752
7667384
5091
7
9210606
919
9981916853
895
10212626
417472
68
307557
21
98806099
4
27
989668972
724
4728
81194
4137955
6728
71060
775692
758550144
2168309
543760974
30525
768
85
437258
686700605
4396137
6705427
94
64
85
5442
78109832
52494
7
4
203625737
53
67527725
31272
2910624396
98114834
84931203
6
598
413143
504966806
81
687856639
8124765
882171638
3
865292
1818653
2259
166241792
829
1364860060
12173755
931174
3591
7743870
67
547
601451838
926811299
8
900135271
23642768
62241414
4
735949
824333
557950
8325
98183
43
3194
604950795
9470
947905906
6
3996727950
3016438
55
6920
65
682
91710
6497575
9851
99
41565678
2659438
8000425
1341294
333451552
622
635
10
620899724
44405
7
3
791606
2455809
8560103830
53099347
6
67219063
645957
68
148
6991935364
42919
29
6876563559
408525
609
8243601578
730386
99
2125425680
8
291
1650
2
33448
4519
142
6374
110173
170970056
6456832
414053
9567
309222
65182
87
507
92
66679399
9463254623
8071
818607
313812
61279
1910388
35588
7716151758
7230
7737697
63643796
83610
6145018622
87
735121
5293
636483
38724
295146179
8911
18049582
37158848
240107
76324974
62887
745
3982
27865104
758
17071597
7198743
552
647192
333518
50852669
785737
28543
6586
446
270
30
10900934
947214221
69
73661
4650634
4312686004
79824656
376
25065570
446476935
174
8636253093
240059
92957437
1937244
8547542352
1211
6362
356848
5382
909
916840687
184240
53172024
91
720
448787
4613
198156514
43939
860
300
9
1178567
5255
4083138
24
8578605
90
571345578
2247
968
63455198
37679
66
7
4102317425
4808
62
5142333
99775
9226546252
89673
2
98
3
8366853
1154
1
3534
390659
307076992
6882
8768628
5
611029593
648
5230000283
52
584301
280
41342
93696
511
872051
985529
383735
39925
71497
1
250588
8426250056
62
58282
74025
7213
4434
496276
2510462832
8608287
3476524
9
946060
63
72804012
19782
46011
17052738
4996749
6
17701
6641840
408360021
866513
8892791160
771
503877
319923696
7851
156795842
3543
1551
129022
607
1807385821
76385
845842143
60911274
5818583979
52
27138474
59734800
9903
790373
603
691709999
15357
913382
965467067
1794652048
987
91
7897705
79
675117117
6565270226
446
97
8560603
3561684
982
8100937319
31
68
14419143
6526768895
986684
211
941
58112562
876237
6746290
1073
411
1
3984008
921057545
75
5329
363723
946598
9
477420762
44
6478463207
1432
197
4
93093
1998
527
58
765
4685537896
338378373
79004855
6366901
5
8
3626
5448
775307
40126474
7369
6330434
403
7852139
87
4
284317030
1919284757
47559
6688
1
618580020
3768395406
5773194
5397450
93154025
5203018812
45655531
697
8
589388
1107
455
4849999
4
33
20958702
4
611154903
96811
2665039250
527
6
3554
98686661
2035
5503058
1
633976537
15614407
315764
73
1177884387
36464
61
9376032897
6794
389787766
71558
64425821
3709906745
4500509
108736
544955906
5427
237645
4836910298
8419352
7246472
69277824
24630379
13
52
11794
34
35
62
37638371
76950
42747
6529
788690
27766
695301324
263820
77
86240322
17796485
4
6616530
4
781193200
12581
57
4857195402
75794907
8080605
21959665
7
61955
8121728074
817259237
669506
220
9226
41
34230172
7412
141
38
2
24809740
275305
1628
141635399
98528801
53390231
74901
16033
532152109
906646
206
878
3
64165460
96648755
35
936
42286134
838696685
86764
3673172
58
713559
45511568
78875
1900
3
48006904
288825
49
6079379
6826077106
31331
8926
601472926
5480
934707
153775
14859393
7
5466
5
6850404
871310
76518
495
7154572596
9939894
9734213482
330
50
81017544
6299230860
597259
760
2223815876
9
4
142377649
8455910
793831
5
6510
30
12021474
31671037
132288
6580135166
139285808
32
1407609
7663
2925622
733886
798442
5
61559249
735
18707749
70662
64
44269835
6517847682
8732367
1
5
95225093
642306
36
587
508
45754
9768125
86
782
897961144
289
4090103
9120458959
534
8941
53592390
6763480221
782882
973
5
6152027
727
9694
577807977
9425345
1264
63026
26
76
4
118744
62354474
3920
7454071
130100
8045917
1695
7
80
248
4534
8554947
7282
60735199
752150722
7263
691
1591835
80426702
295
267376
550
580242208
4044890
3720
5588
2762
4210304491
494
89
8
9043665
128167
2202201
443497
768003
21489
85763297
452
735
5383441812
46
90
643
7
53497
813
46138
7461027
2
825918
324913663
7
530884
5483106
726362376
58100245
264
5514695
6
9
8587733
3177987453
579
248479643
43461084
9
2208
1007939
95378852
2
646
612378
9
5974054060
7961788
2
158704384
611
207796692
21497
3
4647122
6826
58372
102939130
80672925
6418374
7
1
53264424
978
7428
63302
2657
299
70664785
9014170391
881
26268
985
4030006
1746116990
19102
75444369
25641
9
881323624
79323
654704364
527058
7996646
70621431
714355781
4761364333
2922214772
26131232
7092516514
857
7618560
2963
4210
2113
78
185244
6
6244050
5500361271
1071541
95144797
6
867183
51276221
19280
7
5
35
8780678271
50988463
475
92
65084
5
7631
4604892
265593
95
1345342389
34458900
62
4749422019
25685
72
6456078
7
430164029
7
2366096
1750506
5255079599
4377574
624293
607705
219157
43
6653940239
436345270
1970807793
739464752
2686435
613
5694117
60
7647
9925
9077803
43605932
120
9
444
500464
3342
48
57629926
2583267216
7504258643
36020
7533
2451
267
1137
268953
352530700
17829039
678041166
792
537
883358851
9
18494
6
4
44695680
27170
69
407759721
72993111
2
6104929
7646
5459022876
1592132999
98
839384687
34809248
161
297
9084330737
974
88859
169
5361685
6
1638120
69393095
80117735
6388
4876916
1220967
862
756697
85756
8105834013
485541
15
46
30
19
9926946951
32
95321503
230201
11016144
599792
9445
2314820
75020
2
56
552421516
8933429
265794316
682188189
536663
4
69
7216498818
1
18821887
12159
103369629
3918135655
1338
880571
6977971945
405
583
6
9155673
751931204
7455
111
85017262
49764681
7343695
7707626524
5119322151
978715337
2429146415
846821755
8
119444791
881433213
5
2730440602
1603279
46
80734916
1938033607
83553
3469404337
296117998
190
65651711
2575118
2708572161
1012099
5878187857
93011
2
4
100457015
6
5873443954
46690
6943
679183
5708282
167099358
30628
72642
98932
21236471
36759199
43
739846287
9632
407
1032216690
97609
5712926
7
239
686722
977
45882
970
8008342014
5449779246
5019
208703
62
2061021838
937
7300
15879
820894068
96
78864
6
3
7
634054
6098327266
1
7
39674505
27686070
313
8363215
287
959671
97061
328129759
394130432
93
3
8
2
47130
9
258151263
683
11
80126
207636
107055428
90
437
24
721033947
94
358
953
7911
994646
94
5894736786
4358095295
59654
562434
561271
251955742
17
150410
41006
718703817
436190914
325799
121792881
740977742
56
71705
5833
9980026
9209738
7668084
40866742
102541
804330
299
4
9276670747
64
17260142
6743
90
72
54
96635
26
446315
330
1066135
739921579
4095
116
853385849
691997082
7558339
43004
39825
24769
1
78477299
673320
83803
2772903387
990083
360048406
515068
552399418
41
4760312361
41050672
84864158
7002340
860
406
4
279424
621637
16
7805
62074
3
472953438
69
9289
17574
54770739
95210
384594
5265487559
808
2779266
818
990876
5090651
1823750
6
870728267
827
877
8
5582169707
7849966
59834041
884239710
96
41745073
3
1958
91
3363774
6875
798619947
123076107
64
346
772122453
47370
769
8732225
21
2136
9
91505
39
8068055821
58
20
92545821
775
104624226
6750457794
2048938707
8779005650
4
15
1715
6643946
34
1705
4457
638209026
283744964
100263
4
423074
41271
790
80
84142973
3831097411
8967740
6268771514
2203392
814
92786
25321059
979310
316297421
69263
1
801802877
34918
93686
7
1
543254
52751580
237038
5397289026
96109
79899
55026
5
648884943
809
91356
7
13500
66
33
98
4659206186
9531951098
462510367
455933
69
5
6184669
3063765
48
2235601
4
9621915459
41
9
126
48
1344001641
5
1740818382
484488254
59675731
1102
669044
34472
88
51088578
18444
7031
9
8
2669
884
90914234
773795354
9052960920
5905904
911646305
1606193
55
1441864
1284159
956
6838345611
9087365142
71546803
6669634
6880
130338252
784585
390
7427589977
759938
2849065
216554290
889
78134110
30990
3722123554
54037847
9178584
36
30
270
8325
701
4848
78
8687620
625484
78735811
139
5420688
1
225495250
3303
6961
43
22
92315557
4700
6882631050
1603
5938933371
1734626
48
895180
9733690803
6999181117
155
58509
378911193
1
7714141715
584005288
3686064
9
867353798
17944947
896129
4539
34
638469392
34
9116
4794000758
78519222
245
9
9009561228
5
228266
58
5
1
9324
5162241070
353
3178
40
29
97156333
6427443865
11
1867
2520
847
59405
6849930595
4069011
5560
9926626703
1552827
33
7157643598
4183
4
50713
368
950657771
574182397
37
7748477
6318
6763800738
38453253
1140
958129
721857
30715
22544
4
785072025
345234408
75185416
1037490600
5603058365
261
531
452599925
72437
3218681
2388996
4187
71
77
3622826
6589
713
622
861
30914674
2
79840748
166
439
12
866
319277
95859318
46271
1909691
1835118
404520910
744
31
7496
52256
7
65427563
1383741949
706800
4188785427
7
91860
93678262
771900
15340
2916
949706435
1
8651858
6570010314
300285
80
2388301
153799756
8347627702
1
3256
372704
8552550393
6578654
1594602
785624
48
92
188905294
12202583
18300285
4868084234
1
2959401
3624712
4006739
13
8813010121
9508930
6692
581
950
2
564343
2884
941769
537
19366
3087
395921124
613452098
99
802992
3435
57603
326
9456
932447
841535040
384
171
86
542010
8985475
664
67844
768074
4290657461
781174380
156412
4865842
926639169
84494215
1163955944
52
82771
3112074
982736
28
2926088791
28032
56046048
1857160
710
602685
6089
635
439958
438545391
5985
9947316
19
2817768848
22797
6289
49178
56803743
9107282866
4491713516
1054885224
3
794
27991064
40
64
3022962
78270519
5633458
29
10
21148086
937074166
886087
2
8
2596102
2
288570359
7071021593
12
2
27447109
98
2203460
321531
779
1429915
9
831767123
9797965
88385
718380
1180461
4708126539
4030486
2
473
7045086
3
3573129
585603
281580449
480748
673443715
612706211
58
3163
75
6
31
51
913
235
86
36225
4943
2378
887748510
78357
2776
6877
68025020
85430
32133791
460
1378714165
9672560
5793496028
505
7
71714
4640700
53410
5
42466908
71878056
3120
8137483
97514
393
883978
1524194055
6
56
6
25
112
89635
50922
854906206
4670
492858
60278602
677
9
665144542
265634713
563129
28
6
37806
16011
7
48823
2
81218
3187
296
5766040
38
2048
69415
44490982
47
46509
46050
8809
2139694441
611
7
868182371
102485
444888822
77
6968886144
44541
912831713
4839578575
66
17
90
257940767
2447910318
43158
74843938
897362992
2082
5041794
41842
24164795
6601347680
53128574
195247492
4871095
766472727
547293
206
213379
3909
68
17217010
73
2
9520073981
330835049
992998688
29
83096717
2394464722
3798073395
318157905
494326510
4876555818
3518391985
6
8
195457527
384779
637100624
83954277
3
1
9
87893
3427
2216
7458919
7831899527
2426
60198
1359656230
650
20238568
83613965
7273018399
558269550
35682168
850596
3
598332
702423647
595
7565098426
77208
6
1
6632
88572173
65
397
5495179412
6
728
629
67583796
111855303
68669953
4593
142
2247492410
245529244
6900517
4
172
418
5343123476
9468894
464232
3000487
6592701127
871929506
5376248
3146095
46351
540796161
505103
3989723
4240753491
3689
3146337802
6325628
23203
1
3
260148394
1
29205997
38
4247992
3
61
325493254
326858037
290833423
1130394
6033607
81452015
94777643
30946865
492511022
908727
8293782024
949597870
5321588
494581
68645270
55
924437505
36606
35617
860052
9381334558
830012837
7098673
7375
45
377
21228839
463146271
3
69
7
5141
90227740
5045132
8356
43
1937
345
2263
8843
881957803
2720859
689383321
5208213
8
744762
526958
6038
29
14
248856911
28874
98954
849872522
577016
5913
48709
215868049
6492
15949999
9092034931
624471095
99951
2389251
4719
439546371
71022
519582
12210
840794
8501
47063602
58511
54
53059588
864
3
55927868
63
1718
7
2896813
865600
57864
8
43867
748585967
1518793821
14350
8687
227
843
3592176925
6425
622848695
3
7
539139086
1713
911
2854584
75
41
3
457931
667
17030
32918
99394731
1559875
720
61865293
119
56433310
856172
52391947
8956
5110
778
381145
34
43092325
9662
4196676
8
151
3945969
1
1742
8669916
4212
3344098993
383
3310106
5
74412
6720
2338
49961939
26068
17799929
5
790888649
29524298
8110761
65120
83970053
3958269
75134
533977
520
84788836
1137613
81131
8778
76186818
7506842
492
9
653
122
441007901
4039045
2
228
418884150
85
91982
2
905780
5868757913
120563915
63769
15500616
46415252
373173
9449
9302396619
662331
57
3236426
1483
4007719
46053
538058
8139
75241172
787997
1866
6233357
4
19342
5
480242000
937
5
1087
427098
820
493660
50741026
350336
56675
134767166
70
766807
9
5812413570
923
44993
863263
9
440
8299433
438665966
1584963360
5285
2303901
4207389
353035840
4060645
5315758559
9094532
9687383
89296105
2457
522
6
271470
3350809920
863
8469622
5462
38380720
13
32362
6
557878
977041
3076582590
720
169718
628677
101
56123584
9871657
5
6253
56
6224235
42690375
55819001
45
4119311968
603718094
913
74597342
93
43718776
20939044
1373
5824
3423956
37084
9
4101
55368
16
50852738
528051
546454
435766345
6613381
2799056
836
34799
39
9140838108
88
786
17199899
209321
6607615275
194624951
79
9
1
4198516195
571429
72545730
7534610
58368489
344687
21208931
41
576
651717300
3265
559
7420063
1926654
1961
6
4659618
671328
50843092
5251
890548178
75834576
519765870
913
99926
5271866523
46451153
9186528501
2
941921
491
3893061
62
458
86
36077
4319531
840379835
8
7
76898157
84815170
892
44018410
389963441
3047
1317052
220
294866
59
5562232
5565019537
618543968
9660
693101490
779611
7
69156
238335
68422899
8910369
3593209
1398318581
666853
168455077
670194
7977333496
837543
9993
908387
31014949
66
8895
869328315
9548
99219635
663
530
95591
198
579051
5032368
40991477
38334
1472066
26382
283820
9415595
1773
7
172297
377688
966954
2888
87762
79
6456641
97345
536
80337184
441
48211907
987
491741304
737936
200
6199556
6855
967
41959
147322
57
99245
567290
2555
966929
79
2798749795
904916
62979321
1058
137008323
329629
2162341
11
7337
969
6232
19
217120851
5145
393359
77335
97651
26354062
42920
685903
3711
3385151943
282
52060012
4432726
83
889054
5256170
75312
1
826
4675
6077
53592
2790508
1
77967
827962343
37435
8238
28589072
10
42
27607780
11660
6
7651
14445146
42619069
22116348
21
1
853886
61642624
97
95
990837655
5462
568704
543
41246
726165872
571464
452972352
64
1769266717
19
85595303
22
337916
636991
40538751
80792459
31346652
2794254456
309593
35028
3
1030702924
99817
16816303
25203748
129
479
61109386
20343055
644
51
6945460
2735097177
916803167
97
77226748
39
697275
6299
1202
5788423649
908827498
5
735332
22472410
54386
66230
14
17
471987
1
11
48
68282240
1182680792
788968
11899254
87490348
1
3976
290955301
4188916
4042
1
6
3889
74766
6
447567372
2809928
46604
30
9
87293397
2456595
960
872213
62993
365
664739466
9
8862
7059
659
716936
4
2
8
39565
9448
4
3
589830
507
64093
62701
5668976
31451
6
27
52137
1726570360
8220907445
663677260
413483829
9025263440
25
32515660
264
2490244
25
244953998
490
209
8
606842
7499205396
8
40327625
927458
25012
9950
289
8
66
940
67697
327041445
9665384
409
25042113
10057063
72926844
9855
854
581678151
18745697
7
73435
61481
6
975
66
1
36
36452484
85132
61845121
7
23888
33719
5832642
46
55277193
390
10271940
724068
8381844228
1537
2
3
82
72991
51618716
620284937
765702
4840
6213401
890
993022923
3521473323
8078
1
341843
5718
5939045274
209802668
19270
1250242659
58197525
6954775470
24140
7144106
60055
31118
6486698
77
7
9851158440
6
78
127
41110
774179
810
5
159927967
403
10
220
4720699
6550763
10093176
122
980205745
1
165402
4250942
134
97738
2
7
858451837
81294985
226407
37
3
32
5016492035
4649142264
804671
62639
6410603
794046273
13981581
1045150636
15306
4638
65364098
5
362
109659
18753
1098897
6529169
997225166
56106809
92402
301769883
189694
1471
9581690
9528054306
9726321876
1300172
368
3078374180
2968094941
70
75613
32677
87788
3
2
62671
857352
1
372306
6890984405
9797543332
28877
4
4885
358056
2
8198948970
51217511
6174471334
62
6
10
467449120
6681
7
701647
815
24101761
69036601
14992
9185592703
3608588526
6
839
47320702
25
50287
6
35236213
248064106
175281649
4695167951
3824895879
5456
910730
6006
2
855957
8317153998
780506
7698081602
123
6723544
904
8226822459
927459346
26
715431
861053
6
8644302
195
5
356262383
2635917687
7940549068
4219473194
8836
6953
78
2349331325
3
3
2493212254
70
6
378024
12
18
696761848
474971156
1506954
6244
7
392372724
59500
63629
223
237923
5767438170
544144244
9
533501019
673298
54795
9
211
86874521
8627463
5604621348
83
151353
2952832361
42793
76
8191144583
240095
4370712
8
3229912979
334713
4
3142297507
3669554332
6665
383
1143396
53786
67479658
10
4999344
12
72913
30724294
16
1952
31342827
44824826
7
750
722
6362762
6227848
203
91623595
5
826790
140691
72777
79
203624178
33359
83587
9
4098701593
972383603
1
5534
517313919
167
2232
35
3403
8213385
7115070011
9
4503
39917
4925476939
696927912
4376089756
4
1615
9519317
2041
71579
5647476346
8208
48853752
5420576232
6146651
706
2
2331746
62817832
5078863330
30806391
4402609
2790
2885
6927607681
99317541
1
3
5998765217
4969443078
71334983
2
13
7785057183
659076
1014755490
62999416
9800
6620560660
8395
8
982349479
5
7595
9314720698
23686125
32504300
873626
3500707
65122982
759910791
536
526392
4963035
486330
4722
4377086195
30377
85070773
122915099
94511
8268908180
7985
78072598
912
75
96
3
83
5366308764
6406357
2
717363854
769905
183
6782387
52907
245403
632
9
8218
182903
5135934
56022418
878717222
594354
46254
8930765350
9482123859
39697
2147168
2965628322
9288258291
8045
7251
24395900
15748682
2239089537
65848
158
5598971
94239
7473
346
3
360982
8339035
966004503
9
855058
623746
47
7
48270
287277
6
346302703
3414
30865
161593708
2707697084
17487026
89
8998098
28
46944
52674
49
919
7260801
6517
98355433
541855
59003
70384625
600
39
648
544
416080440
15014
652112600
7276
462
997705037
148246
4927090180
54
1
4443
31427
497365884
3932138
3608571
83624149
496
13069133
7071
5587455127
5100180
9500868127
1193
7446922904
167980
3
79155
4604
70
3
5779797793
4259
146498148
3
57629
75
234
12794951
5
6847
472
15
80
48
243460
104
9898262
3185713
46565120
33415454
98147
8297
137868362
96858
626679944
86
9
5359779091
3
3636
4017
3353
8961263340
26197747
15217079
5
406384
4338
7
680059
47260
6600851133
637460941
88
577076
334559
8
13
140853
22684
503744377
93
7153
645240852
38
8798
208
287
6270
48
2862
89461
14273
7
419
66749424
71
4236907975
2167196920
302018
2449234823
426010441
5695606
39
1614830
38235103
3497202012
5886728
274
627216
149
9
10627
10
4
234231800
6249103230
8018545
46
812550
40820233
5683869224
4808480027
94
347490472
30
66
141804274
40867
5318
513128
6240922
490
31836482
362496942
6
805583
57692
30604
764
43468188
8683335574
2651
15291
78867
1624
34520156
3657
82649069
76651
6597047070
7168
45978
669
135083
16
86299823
19481671
4137775
119
46
544683
6025522
3
2556312
53946
656812
4935728
85
486886
9
193395537
350
43
75982
311798522
2639110
243752
11327
4374
141036
61125077
5
1940916
6
2
210649466
414353387
83708
5862
1065274
4
8251299587
5782301008
6719
3
6682931043
1867048105
8689544156
56517
468
255
5898
144505
8911
6
612283
6
395749
98062
434
907859
6346989
31
1395919
3277692
1
2
46707272
90279120
2028246
401
289
189
847404
247
7
7
5550
348
138318177
2
3756
52
19183278
133
3064
4015895410
15661
63215
490251
918676250
8613
3
62623
14
343077
302883
20901207
638
2000
30544
596461457
4585
9165770047
83644978
4
6
15941
6423014
3
881523944
5821
4224
670209300
3534220
5
2171579
4
1651554
814998374
875
771
273262
87936362
5086206
568766169
755
79727
63706918
8527043
26
9118077
28546447
14
2590007
194
940380095
85
100398987
5
506295597
532355503
80220
7182
800678
58914
73813
6
20
8
1
454523369
983946413
957633
32160558
95742303
754000738
78
3848
56
35126262
581
4433746
668
1262032
3707294306
1913660095
5
56187
55041625
670023963
7462779129
2253
53
89638
33460137
16517197
4219344465
98
37697539
486897883
28686349
397
5324590681
35545
907
693681
57818
9811476
5080909672
11371061
91
3211619891
290287360
2717073072
442
71
50
568
4804088551
1664830
404536
66453846
66855875
865043256
263245
32
3558657
9280321
602
520
175740112
1661983
2900916725
457349
6587923556
59
8042197991
2027431402
85023
9
3
240241179
685
663675366
63682085
6693822
4193
3633991921
1731653571
1
34991
467520596
316
97290509
4397453307
64391322
8
473
255718
838980883
56023200
209606074
97
843926
46414
71
2649
864619
182826
8180
7981305
9067
295
51367787
86635
899659115
57498
549792
10
23821467
7527
1
9751918110
9
9205364328
972498
79
4
1105
6722809618
803971061
4682
291307465
637522821
1671639783
3505
371402688
64
423866
2870
715046
3143024
13
8132993622
8367174138
17919
360555892
77741219
88162066
67
1733438949
41323
8978
52235
56629
8426278766
886714
3438312332
4623398
49793
38897
2364938
7775079023
3311254
7951293502
894955749
1
384
2761
7
5
474157513
4
82
986837702
554684
690
2
345760216
4619363666
2271779
1163702
5089
441
4021
4
18427
864520
7846584868
517261
103
73300
28775832
828
3763910814
783406925
95968848
629434
729
5043
9007
14778811
800318
177176
493
399505732
77
14
706183
19301
486
3934186
26534
75
455048
4212
47742
149155873
64235550
93389
17
34746
41
48
989097643
97943
509538900
16764571
63533
4789431
8823210
5064
307060
8788989
269545174
4897794
98239
3282426413
969936910
42290
7662
385
9881155
75515
45898664
940
9
732636758
7255847
928263878
44538528
96589
168539
580
6
8
5902999
3
5989
8184336943
73039
83435
17992967
77018
908759
94826
3
87084925
716260814
5930
9
666235
13761
3
408904
563
97524
48261241
42163
6864742220
7226
9136153904
9355279898
338113155
14
87636
731
64613
3780
4553795463
5539
284061
7
62
8468
106829
44741
7
1929577229
3
952207
9125
957696828
42954
994721564
917
9077605142
22
9763344
653409
65983
6127
4289370
488938
2641
629
749
6035455
2477969087
589901
118507191
2
92
4
1
6025827
664183
4588214
9919128
82886
20142456
9995066
6625747
3972
488311941
9997
898855104
671704
841115
617571859
54
4038
730315048
1
7252642
7
27179
595996501
3690811113
7669322
6
6288
474388
665253257
1
60521956
9042
987
38825484
7279721943
1253164
69
74071
744
10678880
915426
9269567291
98703
19283717
98879852
773
59961233
6967
9511082267
27857
8
851688662
853
84315885
41
339592
41088835
1875807008
3659895866
6
56987446
5368
309
86526178
1115613
580824
452006
907183
2806341598
48513148
49870507
4224783
5708638
26388358
611806229
936
55
7
74
5023323974
7557869541
24
9301587306
8522394872
1
91555
281921527
60952484
333864
767093
53
39
45861948
7503439
4297073
3970
331138264
728535
6535823570
8164
10076
493990323
5542998
8501
551
1976731376
984381
4122877183
7653905
61
8888697
191164679
6471023
8328179246
2925305426
8209970
81052
56389843
588163
6035
3539599
49649504
91605
3933067
75
8943
62
880
89
4793351
322315
34
645900
984
6508389
4594106203
7941366
13667
401113
6957
95440521
8724
28768
7020911858
4500
491297393
47283988
9
1
8559
32027
456036387
77783
19837503
86
38
22018654
5737985263
96082217
25
7149032462
7429344721
41348486
55909137
462
4
416400939
37174
724191511
2221
90
35997532
92
9140553415
6881049
32435
82
28077
73
92288005
4339401
8623979349
6546
94
432
43713805
3835634520
371
9062933816
5814
2283
4
8
818189571
7346821
485
53
7078
768086
957503411
48
705
65063
65433
777849522
52305
94757382
2090
67
8127669568
597929
70201485
2704471
545383841
995832243
33
606537506
5594408038
36361383
700412808
1
18051766
44
14653
9431196562
31
32963
11
603274
24
25074
7
5126220295
1295860
6237672493
61
8236991801
1649412860
3
5856966
797970
18416
6897506947
340166983
9195619
71
6
3964739608
154557
9405316
39
7058
2445564
3614708
55175007
619937472
2141078061
2089248
15121956
9048811383
3578043
8095
62007122
57938582
9078319
1943
3
7092
203559150
1612484
81075235
484558
963
7357776182
76340167
19
53915
8549671
9529202023
93577
876323
545304251
1743
664954500
7982464854
6
6832410574
58098
19
4601090105
612995137
4416
84
72854
518
96661
3279736363
864084513
4
70
35981
417
16346
2
898087319
648104
529545295
94219
7285077886
8811194263
3293
1950
4758440868
872
457
422
77037859
19
985
140323
4590161
23
5855
6402
834452764
91358591
899875451
89853
5
799530
6
7589405
1
3
834
37547
605628960
20990
74
5
8
512
1465
1
5
873
3280
5257
520
964684
285348
7275
5656155
39724550
1
369
853077
7497054497
8545
715339
49205917
184874
2019
240715290
7229524
660758459
9745091821
6661
690342
527888310
2
917093188
934
64
8385707
498
625357201
660
64
4280020
484345
7
6498567
110
9573
7393460339
3045674389
813
396006210
3716739
1
576480
5113
322
296380001
866451485
192
27138
59184
470466
84
60762
65595
9276834
6
9952573757
71793750
690
2645123
117680493
7
376197291
8569
89566230
8325
85936
579
90837
938354
320576
381
266536
14379
233107
8867603064
345
355409
1625928865
9
632
8987673010
82
81
270
8
594
5
24979650
6000
7
39520
8654
88660
224850990
13
777459
6763
731710
63646478
53
60590242
6302
29816600
57993
4578
106291423
7094407489
550
660
6906
2332
5520
861745719
396293232
9205252
3575141
833
67527
951
3763
8
9
912739000
7819695778
416634
1817442149
995
366
3436
21763
519879734
592155
745068
9013752549
3
30
191077
565988
982
60
180840643
26310
1430
7319228233
4
25160
774763924
4
6373268
106739154
257
5813468
26112479
525141
453
8
7
3051396957
8095115
7679164019
35742
1412850478
457484626
4
8040073
51
8
9756879389
290
41048
6598122
932
515248
3919118997
490
357436071
7300654232
729937
60858313
1
899
49061
606274765
21
2
6156486
272
452346889
262620
5084879
401
53662
36
8
8582
75
69
401779516
1672732
5
8
762963968
54911
9
474
69
291804
2626759
7
72747
575403
41554
3
284
3013
412596033
66135
167474566
3
7581717616
958
410586
1005422142
461
839030613
30353
7347834572
4235938
81967
721929433
5297
62206
6588348
4
167989
421285098
35487
364918380
9862936
4247781
530744097
2604841535
6
717697
2
5638477
2665638
3114298416
893957
944
775536
52846332
514576079
4
675387345
1329
33377101
65
20717
322
8294628248
2640391
19193
4925
68321
62448
48
423613662
73244
2871266570
63
11
62
4092
8273
88
395260380
59
88
25526
47
5435464
11600
5621
4
539
756
688
549065751
6934
2227172055
974201438
49
423
422667919
17449406
1310301
51
6486891
59
902983310
8281998
8
57
16
3929015
16
79462924
941750968
2778142
874
33
1928469
4
83410863
5659750
4181837
417252450
5
41609748
406207691
7
82722
6397
4672
42
23910146
14
807910993
47
274878724
85198
4
43733
131919
49543
888
8284352
7
8213276258
555615253
3598
9510
3250521
9
578584565
613916
7991650853
21
780
79
6657
35485
27480958
160127708
893
84277
669122
8
17561
44983
2649213
99
76083648
9981444
3243329528
5061581541
5
858029895
115
90076893
49954
18
778
842801
82894748
337943415
57891
49
99
3438392
803707057
21
6767988
68904
6549503
74
84
895306869
568259
1
43718947
995201
208
69
8585212765
7401
5457854
211111
7587
80
29
6472
32471
7561341
9299243
759
461019848
5346594
651230
1065
11
156613406
135679
4837914445
4
7670409539
269115
3866746
82042
97244
77649
1590572427
26442
955
37
3496345
1358755
783410839
56275090
2564255
2700273
552502680
3307
107300034
133628928
665104056
306149
1
409434799
9
22080579
6
967232250
6513
90
3366566549
590
36318
580125
7663
3503
997316745
130659122
715283611
86
7877963583
157
2
684
903
9048118042
90594587
182737522
3
867013
1
15
1913
2816050
555327761
371289
7797833
7
99011827
35
8683619
309308880
3231709846
46548
731316
261683
775986758
709968631
76
3104693724
33275
633470
7
31919848
8
1657
8067381996
65342
5174949201
17582
6981032319
92415849
790950
682394
311
81
87493
8482468507
3631
7648893460
97
365
5
3
7508337713
4
8678
85
4163990393
389920205
250221318
255167
2906428
9845976
95015879
8420
334103
40546
9817354
94631154
795596
939496
746864033
887
1
7
992163272
586
7
5709992
3252057
64
786348
27878691
90
2
543921
4
1913
6617
61239
823613
822745
462940
6262277
39883911
163853063
8504466951
433355
317773
231519
9
435
4
25
3
18551
97
5
89
15285140
27
947655475
6719713
60
9177943319
3
14995
197078
69
197095583
989
973381320
632
2
5494708
180519559
35
4610312058
504277
6473678787
8633432666
6859
80867
501
697492
58191151
91041
23722504
357490
965
39
4387
637942
36
773031779
3
423301
65585318
854274339
3
8448718554
949
23791354
71
7805016514
467891991
68447
6445
79853
4281967279
226
203
4826
708495005
6
669
960195
950788142
2585514476
357
3136
82384463
6596249
11
521292
811935
553350354
95052810
26378
59581183
43
466
972
7161
636
4
21
6
1
1155
590555346
2
2
82920242
971
634
62
950169080
3445618
6385151948
387635
61
64
32587
9810794
4
5
8421449642
9
17
92461
78692669
2134220
67993763
72635928
963
53057
901583
61
469569
4
101361563
52111617
5955
648
9
497991
293
6089
5
37
2736623078
15524
5064863
3713112
6776391
187718
455
130778476
85300581
3090513
95
3763783003
24970
96779180
9811792290
9602426
61
9541329331
2697335085
297
426
3589
4
21
684693383
938
121199
2351773
3100
4949
558073313
807931932
2010061368
84
485393
327
8010545
7846
1267995
695426477
113302797
311060924
22030
50688669
2416
9464027
7231276922
990403816
3395099
7367
8546012
11309
1423045239
3708937
414118
59
6303643211
668640
4169412
4347
4291698
5100363
6233851
2509925832
21269766
91684
9766
5158895012
47250
388521
362
4500
13
22848509
566882762
43918235
9387033
97726627
79381179
54701
5326571
5792371
4836373088
5086208
5921
733960
870
738604430
1
339
300
6354
2079443707
1
23163038
455
230
39004
35
920
84
8196
86107
4464
558
33994028
989
331046
39799
22
609541
4518285363
34000
392215344
8004
890847310
22748817
18898240
15835
1
464872
31
172825
222758464
342464394
1
24
50
105667026
88108755
70959
616518
834
1472339
2620686398
110219002
3243
9358879408
1527
93
8769330
522
757675
96596
20086
70
875
8
7232
3390
258119
66
58
94
6202
8828
5856
87421947
3216892013
32
44585979
847
40525
2003
9272
36
76432871
4
530731
50
73461
94237234
994950619
1800262
343528
393
53527820
4365689949
616
6
49
69539
225495
140089854
3480581
8320402222
490612
5844680
16589
2
9760621060
338394
4
4409564
13668625
3278027424
221391
20843
9384
65148696
1777
70602602
763586214
1920
14661
7317057671
370185
9280
37602
9125036654
9976
431636
16975
130485
8681
6989871
330
313211935
333
8
348061
219
300085
628358
52
14585057
28
52
665249978
7646177415
11244
6
8858450292
288
58907340
3808533
6
8
911
9
1326
36649
791804
9208346695
76
418
53689
6249544801
9915282
67925652
13642
508
946788834
64421880
3710390
897
171111690
566
6321393630
2739711598
58837329
658
22963
708966
5
58436253
880
4239628987
948
177908
540
1990016
92
31006563
68
13
864
4113
6589929704
2001089
7151956
6704170281
9402
669
4370210845
8993271
402106332
291
767
121212
43860072
3095086
6635467
9804
73
424994721
551726
130369
988688
1718
400434
8
6473841
1437668350
78384
13547
1
63
4592459
1236004
78
2149020
33327
8286937
657021311
53578
445399
65
344
280
4366418462
552
998
2043603716
997004818
402400890
5
83826
507
1618
4008323
639212
341436
15447
67
64369049
6359921
481731
477391271
9815350
321547266
795815460
3983268
6251126
8445590
96369740
5
672
950931
706416553
39776065
220
4386
96
534483694
4981
91
3698096358
377
90
251
58130
4
450932
6317753666
27385769
680
92479
28668
464829
9925774
1457915835
5807599625
4039978
4794773
1532650221
7245915548
10608055
7211188
591351
338
4
2569125434
9083733
15
182217141
5868564003
4836549535
622480071
2017
7877459755
934723661
7117951209
3409888455
7979756
973
857915929
343051
4074828
9389966
7
574944644
98
2810
174
695678
5
278142606
7136
47
9958748068
7
5904
480211222
626738
3537370140
5801339
713
47154061
20
91
328
495110
687
7909
40
88952497
9048306288
7280
638677203
7196978956
79
982
5
7137
65179
8811
585863
5
8304724
222
797472
4226823
3788790063
333092
718
2422533222
641979
634874
590079006
27371981
5
14570
446
705350
6244574210
1
346088
987
870
17517
394
8
1355
6892515128
958439951
36
2
37
6
986374
4
252
8402296
496630240
65053
6792
177
7
483822
715981
4698376784
466936494
449450449
730
88
315
37
100021
481787953
4237043
5
88042907
5217423
2208
24
71
548389078
281642
5
68705
2694481
51
68
2245940
57306
87065499
844376
2
645
592011
78
6137682
8993
783422601
650534
1959985928
588964712
3
388
441
87650783
3752694
985
78
61058
736044
48
3073308639
274
1669190
30
323448
89188597
4
99
799025499
457614692
308171
108079
36618
735874799
922641134
36587566
32
61860961
106
2220757
5
66211051
47409
2370702
588
397686728
7417
4157068983
9630
549
63847
51407460
5440461387
203
20321
14
4968840
1790987854
62
6
7865693045
691587571
91380
511080
6473
16014
887692127
8189588
6
53
926479
4005464
51113
3873127
545
38667
7863773302
9
64
58514921
98637192
5747992
14367317
648211
7182500860
8
3
4464733987
7760479960
40
114
91
946473142
8996975
841
60
8748086888
5
4
7602
683879562
3442
57431
14797
26840585
7
6545146
892
7312
55
69476217
827049
5
4
1355859641
9928480601
408477290
2
14
818835091
5
85635
80795
317542
868792
673
714
75002994
1298807
121
14866
38734
7252
35623
2
7
769517
284
8396025496
9351155
7059149333
19194
8565755
5
89366151
68607989
5518
1956310718
98976335
358
8
7
7095376438
496966
685
2198272
592
48
9562369071
5
8
39229959
29256
361785084
81753
64483
5648495
37425524
27
68731
1
15760309
9
8
71
969218934
5651093
47
1
11890
142
401445775
43263
3
4205589453
29480
8282205
472
7
439713
4
9012571
47200
38664
6504819
93704
960252
6218
9637
873551
88671
460858
623428440
9812465
8432
80925
3373279
401191106
80864338
332531864
38841993
2129864708
72927637
2257131
9086209
7238968784
85190528
4223
833001703
78479873
8927193291
6124413102
3270076
6300816833
17043
1340
108
6955422
76327253
282
7009867451
88752936
5324107262
4249
7
2875920
830
138
12191
28455
9042
60
5
48990959
726
144477
66
6125912462
850
687694096
429
2511172
7318820
5997403
11
681124027
13579489
37
302
8927295
88
13
15
417389135
851254345
80
6232981
490
822658904
95535
2774302372
3
7640
6
24
327
3
612719728
476
7
96887623
4559
5993215212
8127
7529347
79524
7160473113
94211409
326
1443930230
7395922
7
1255
8050348
168232
7268286
1467
33584489
223613
75203676
499
222068
97
569
4271762407
8
72690
45771
43716009
4095
825414
80760370
65421
5240638003
84362872
351181
4900
9924116841
49344006
52736920
524338089
667
595
75
813
4341
27340012
92
556989543
9
209721313
9754551
223
39171617
71
47177798
69816
5196241205
657857080
655637272
248887
8274773922
78301
78368
9189616036
55954
9461896
2534656626
8
797121924
646640873
78
6789782002
26
921417
562256559
66496
507602980
2
5764519642
5479652088
7046
1110
938474603
828994766
35056
5330249
8
32983
79365
594047
398
81945
7210
5251557303
751373387
548
45942628
45546352
87
5913603
298413268
219427253
3206532
21
49
243
2038
9069
3268
71
9359
26078
7
863321
581326161
8720628
351399705
8930
2614524242
5750310003
4180127
563
81279
9905867
31705872
858
41
587114838
627866
6
25744
836671319
462614
36
2962
955197
8670254
904357
725505
759052
1120
27
2497338422
7
2338186
2
68923
8997
85738366
7464
6268966559
669
5
229
88724898
7484539343
8858
50
8047063
3884
4648
58
1549
238560318
7197668
97
4296719496
3443153
9
550
66719329
9603107578
7
78795
5562834
443206
2567
321270123
21
6216204
96834
68848092
582339
879692
3862
82
83857
740259
387178
3677821
699
40
7184
56377
83944
970
52
57128
33241
65801
354
4188
53887578
1701
738
8298111
6023137671
241295
2882656
96
8901083793
65956793
802795
1029436
502903057
1
2883142
977584
934523
822
4
345763236
461
84354
1
6756149493
3391455
872928069
64
1595005974
1
2571441
8544836099
844104
353305257
87047
3
3912010761
8103248223
8412307830
5627
1560362
8746
10
2684223
84883
8281161
59214
8
94
290981
8572
76996
401170646
4668
66863427
4099854344
820
69
17767781
67873375
7
73767592
1723552
352387464
72
1156277564
8
543586002
359697
162420
6938246972
895
712805856
31246
2089764667
89
6921
9566
43
15
48679
6870817653
2033
83716381
71556398
395668576
9658
42
2335327
3993768
9661985404
8858691
815438231
908000742
7884181
865
7533
7538313111
4449660101
217491
897898
6
387285696
145141
44002900
26
56
3575846
3168627208
349
1895162901
9563801452
7686
1281
795285
285
6662630532
45
3
1963970
471
662
404099
4852527
9015314494
2
883296
74628020
7139
6
9109200
54361
697
957
4107346
64
2
69926950
4
1619006
81
2484876445
14
9670
511
6655154
5480595
332473316
61185
11
70430
22861446
318151593
21
2402
337107
81
95
17
1479
2592522
7
45
925980
901601395
125412628
18096
4
28
8957
7722789586
814489
209034024
9
236388
113688365
18623658
90
28791
42
43142
72511
7
6927348
2662337141
8534821
71000272
4256
8
9356637
96780586
99441205
6024833461
634
38436
5135
720338
31
322169
2
392496816
2446
908
448
79134
20
12699
9
853
342
974
3291
9135986548
4843892
755639
98925
818
684781
54298389
55466822
7237
51
561046
7177
83142
5397
9935647
83415
563860
700693604
440
993
9693621021
8
3706892
406918620
9553383651
711089
31
92369566
997450
3282
2558
41579
1043
8264159384
9
436684818
31146064
79517446
32243848
945
3428775
593723725
38961827
63049203
6227644
465925
99882788
30
34
1779
7619
2293455
255046
41
91
723
6058
8043863
3
2121766
73490
73825340
95
6094
59305
2117954583
73713
5020231
998822552
99
2745740403
3
77978229
947792
73
6368
1007962
294054
596
198728429
64073
4750
926
9919854
315327408
44988
1885
3443319
7
6959
7359193
634
66240
8054526
4
7
4855648218
151
6
701783173
587307
2537274357
645685085
745
7184580
885955
5
2200453
97242320
399473
9060575
524307455
4319601
19
4414
195885
36793
255612
913
382792047
540
332
375400
282
65
7700132277
5390264
5599
296
408904057
311898383
1
273173118
40976803
6
739392
8562565545
5
82810
36
21610
420492
2251233
8017142823
3730527
86611294
2260431114
65
31939
607
826
870678
55468810
363801824
891992
7814189293
534227725
6754423022
9754
8048812778
1366695550
52
633507296
9604830
4283648038
56
7299032381
7999656
109
175881952
12115649
578
7003824
519
24518452
2
3
52833606
798
142692726
20
545663
38557
7134
4243921
161110
4136
848790516
51
8594633512
85
356976181
70035892
81227777
288
675651
785
24
892
52
694782
5021230
754171
5
599
571560
8223370795
18757
2623
7478489451
50747085
69125143
940
353472347
771352
475048
77201611
839
7132617
325089757
92766
39
9423060
1701
37462
641720196
33263
238
616761
9362360423
5087558
4199
24003188
8870
682900340
5562
288307037
25
7838027388
8
149
22773851
96225
3628409670
63413
792
692256
28259
378419
1
38581
82
2658907
58665740
801096302
225178300
9330719
3
50075
3
2554857228
5905
1
3
9633492274
16693
153
8663
9
72073
281247477
61680
7790479964
58
306
722095125
90716
590130433
35445
41990
49
2602
45914438
354245
613943
5401693
740011565
607
251014838
5607721
144112
816
69989927
74873377
8198
62
20
2249
973269
5143244620
7
8187604640
94623105
4
24
9376972074
188663687
2805
843141
570440579
71220253
4684909340
46
10580650
3371
635829
2634333096
91002820
935818484
988083
48
7812
22753
768
9427225555
4544830
6603918
6587
8
2165432582
2
2962814
862383399
480
80493
37458
460
916
934
15316
7803729908
74828325
18147
7177214336
72313
568
5034361
822226461
6
43562
6875
4295027962
7133513
24372
937710
547
62274495
574822
627771792
8764
60616712
99951697
699384314
94873147
91571
7576653984
589
19908
38
6552139932
52736
79089772
4281012965
8935480038
525
6329
40
66970
536
784041
4344664
4681246
39
1315619
10267269
30738791
44036525
354
1
7944
9
2807218
3
266530004
2052286902
925
371
977969
429602194
772
17894
386854295
841803630
166
35001998
8862776
839
7912
8517333
342234
17
2
38090314
4303
9613
5851
709
7252
23
414566
12194993
68525
8
72931
7247449
47139
9528
192768931
8856493304
6854262885
14448
7
9846417
1222
3057
508
836
7468
174003
9
544282
19222573
5089609443
312860
345383
870109323
80652
535083
62944562
1933903982
60866
2
433460086
848618121
662
94491172
872
6640768381
543736
7
9176511607
6296678
2
8096292969
169591173
9023150
10296545
20205
30624863
15416
305244
10
51389031
223234449
66
5274686
55018
439706939
597
410431791
80057308
29744
9
70875
43759965
535
96
76381588
82572
5714
35572331
22044292
8238567
5100519397
239242526
67
57880625
4671707
283033193
6508474086
879940348
784
3367956
8211240372
818
508
5
9896
459
30
375
20
9952
1
73145
2723
334
4
31832
65768117
9723
15399655
679755917
266
619
32213
219214
2624351
318213
92900
652123
953
267820
38836
8
7
3589699
542059378
955
8793289554
97900
48
488415063
2
725
831618697
972087057
791774003
88139
135
58
4263
277361
417548644
2330
87
3006
4303
963308241
806526
88
35327175
6992
51
653
16
12
339
49802809
96171
1876
268
738612755
9
8454
2784621
32
179037
94116664
2036612336
972133861
209139038
942
81
9
6519
607
45215
363195
65
7145156
5835221
6
4
4
54970
462319605
1190657461
5398
4883785309
4016629
816
935
7577805
15120
163878
7716
520294
3
99090782
671358968
139440528
6247281
95625903
6
9436571
7504555275
78570
84
5622697
822
209
6565145
26878
194323
9518194
81490093
3
12
4307546580
517062732
7324329
93575
1307
8912713
63923
4010269
6937
7414500185
1
293458599
371628
6704794686
287332
7426307315
819
8615854
8367708
9015826904
73318
33
68085
74731275
40
7761683298
5190
1136
18
8572
24507
696
6865994
6501
5128944
870845002
5754533
517361791
3
399916
14892009
923089
716
86238662
701
89
2470
576012140
95706962
39574012
6092990339
77
519833587
8191624599
6679
3
36
260757
94886
74766000
607545
16667786
5284125
2532680
4330
934765062
4001798
3060520748
740445726
35656
575729442
8332285241
930715
534305120
1376
8773
72
262
830
2
14
277813526
197
8620174726
72507956
83935872
5
453573
768200
1980266
5830485
2142870148
9088341315
9003
860
15214
1453
9
58363606
380530
3
978
1399
334
1277792227
59712007
2595
6785646592
315290326
7148960617
911125
71460164
6
53323854
4899713
708
73986072
31208
9788826383
5381919
65310880
563
38317
64568964
4896246834
78
8293721786
775582
35611760
5615
6411002252
5617022
5228921455
858
524161
7
3512
84
48362437
80902
1
98348
4
7731
6980438
84383
75499
3
1290
85297
1
784
66059601
18034475
9576037193
33957677
86002823
2083020
92
87
86932
708108
23482
413250
4163
2
3631820
237
961131920
9859032
540
10455
9
92761413
5
7
40848
4496602
3
627
536802274
964295089
54102
99973
9
30
2895543
614
70381
452593
3817
7650154052
1050
168475090
51754193
3089
42674646
1787484
5239
3476604220
107
5492166580
74945
88
396756854
1
3485
192561
600959
8435
9343
757
995
697
2768814620
4337915
80877
851603951
3415327731
97822394
275637860
7
927082567
30
34887461
6
6493
69053
7229641
8
16
884278
321
635
82
49639570
67
940740523
581
304
24
48088
240
9612973792
44606126
8
80543
354340792
787172
3898685229
348
138380
92423335
16235776
1022743530
8994
11
364
213
5
7956
6
9748
1807894
8913852
485
460586
70229
7087
41224779
4215
953750092
756
284
470
35248
75
1068
8339430757
9
1585059
129750785
153635198
86
81
931679804
3102083
657405127
404
17328113
733949
6733732
7586
813
421298982
6122813174
852512396
6225354333
4360
3066206
2481329387
864247138
688383302
26
154
250339
6
3271
53
3777109
89918299
89
6
28749963
221068
639
466417
197093122
133687
93
867032951
5388458
2697973869
182
469
837
914
316234
8516
21413896
72926810
3389
6297105432
89709
89
383
35049120
3496746
410573
1
515
4666
8157
66
9
676057840
144785
618207
53
4062898286
579
9
1128794228
39
737034507
385787
720726
518884374
33
50412332
416
19664
85290801
74
4874395509
95
78372
2093808715
16672523
71343
76446254
897922705
96
6722
9139794
16
483
861823
241747
9309043
4661503239
263011131
609041118
5
98046282
4176012222
4
8
650679
21776
54818
98998594
535
2916
2
8359429989
323273
4
40699832
1952697571
45
8290
10588
35419539
6
295897
87212
669159266
45
49
19230311
889
54363
29
67126
54956
529409376
25803181
18
3978887027
642966
395315
6022375
366505906
43
318
9
92602
9514177516
45
9670975
8720978971
4
492934
3593
2801
12830
7
52206727
69
2591
668317
6619
5
440261761
6072366
3
405
98566
5576
365112469
1400396
5080
9276834
68365292
9861167
32
89074273
769424
971379289
7269686
37
3437
26
9011327373
74138266
9129121973
5882624803
2498429221
289
7148815
6986261801
3440344149
722622753
962465609
85540
374940267
147078454
9910
32835257
9502
3208628
195054
216029435
34
787
978994756
65
768639
708978
4523526275
215091721
8285599
65721
9
98002223
99
243314667
13514612
2
1971594
508944
42623
1
8294414146
256238
62341
5
397
39
93121
1278277373
40664967
25871843
9207
8196777285
1
9
882
89
385242155
2348
6394
2062982
2384
7
461967
375456
7692
978182390
4051159
1592150
60612
5698853
7
40
673
27
7969126134
32765580
8350
756
2157492301
178537
461
4655599783
885
7514
951727
9355112
46722566
4870346872
402792
9966
803
746562778
61443
6200588001
76858380
4966
61
12078445
8196956
6013
7
791
71352
967364
9989219555
293
63161
4
374344647
688
2
21791
64003
75
7388815
2695768290
27137
66606
4021111
1
4
38433455
14212
61
7781896437
26171
66729143
486
889
706822082
9343794001
1754292
212466
570821
512212
146231463
62232036
186976220
36044235
8
34070
52057
5907455424
3398
90398145
90137052
38
767
85
85632430
791
815170
88
181459286
43
5387089
6139005152
50
97
5417278
307940055
655076
7182417
9
40932117
2684721755
15
1133
4733993
14953
555936801
6498358867
43
4526627
8622753294
2603
75294
2410374
50005
552
79120
8
907
39126889
51
5
8
429
927871337
5873
75
59
914026
84
585202363
11387
4
17
9830
2
221550
57446
4
1642
83
86
9285844
8331
15
525741005
6720195729
1618822
6289481
23994
117276874
212
78963
92387
46
6
856677046
11104086
237
93459482
6644
645099920
477
83
38128
69
74
50
2
655951320
881
16644343
2281035
70115492
80
5123
42
1766
1549
78813
6553495
4939222703
8674196117
8662925018
89768403
210756072
82
24
3063586016
1509926
216
461
13754
5180
287536
1160
587478
274060
984540
177941
371
7343
333
777925429
1719982
270546062
46
73801
2860018533
28
9472
1840027
953863891
6083
1032113
94190321
99718
49816
83856297
7825
297
97
90276905
805
7058
8426
8969734
67508601
245763
547976
38428
1
931401
8876
48
905
76178982
5382868
93780
8328
909
2071
93008
3
237
98429196
4287
1089
899694694
51292631
69
4
371496
647476922
335685
3827225610
280831145
286195485
4772572
1
6668
5714230
29830
677956803
48638
1900221521
11
313
10
606851
50
3
4456497
10864289
314085907
874680301
65
5017867
55
51835572
9804162
1583
99
9
488889587
598
42
564522376
778437
588
6146359
955811941
5
445953046
5750563720
2075803
34
675286639
1320459
3168735
956098590
7647244
6612996688
1
8633100023
20915390
8528270
5888
19617
606191
239655749
933941179
33389
704
9
430363721
16508
497071557
7019597994
510204
16990027
7839
47
7690
20
6
947810626
243
77576
3
6291
8
2060
44
4066
26606
5496463
69378
82303
8498140
846
90
96
78057
34
129873855
66313320
316
21707
30
8
7903635
2
86453
7346
570526676
5645166
98896259
346
24654611
740
3256580818
2332936982
26970
556935423
7
3249484758
485
8929
3000
9008
44697695
8105182412
13137347
2634941
65484555
1440627
2
331057
236387
9
67492
184
373
862338768
4
87279
8097
361118
724157597
544295
8846094
2
7152
6923072078
1165222152
610387543
51
6
75782697
99354
809433
3897
341
207
3841114
111227895
104077
6993946
736537
9
7685
92135527
852196483
77558
7756535
272
359884806
742
77
608069315
44903356
1674543279
65425471
785
55
742314531
6
14195
640870
213
24
148038217
618904356
384
8195230
96853
65939
814933546
61
10531527
76193
6075
993572
8382915
80282382
64812
8079509682
5778
885
72
1
8770704496
96
577
3048
9136145482
188
545152269
86692113
864663108
4
9
407634
21640397
5
15914345
7758966
6680944
222
163
7718542
3
54841766
8962
292767
3726323476
620
653367
95
6
7190021
864578178
5642995380
13183686
99
91
485043022
6
92
680689
957
8229247935
3
7
12516421
993
990
3
80404288
76
8
436
9961868
1116044264
57169
31
351141
726
31866371
4225
20688
214
920
76887177
14030
13
7485
36186823
396
898080
9
66853
115
386304
5707247
1902027472
274663
4605331
3048
65772
46611
760082
19657
702
105
600553994
2
220723
16153
775817
952
3559403
352419
797654
80
416154366
896
54601501
2196837703
125456046
95538
225713249
18
71
5162
4108858
7523
981
614
6097
110850196
67705612
335590188
8160504
4690167
591150437
2828108
507860
25610546
891
31480
8729
7555
1687328625
293438
65282
7045116
5
8375818
600
9823
809780
4196
5811827
6088529
3437
11548127
4814
178
479931
92
88
6
1
1750
38
88151
3
9598858065
447
850
9
1655306
7316
7943467
2959120705
6642105833
378
96410204
373926
65989
2
841846503
8508889010
2
4
2999
53273
672
10
5436331982
75111
67323715
31
176947
3
40537213
7250601996
777881913
19994174
5
68
8239298079
5
11
82491699
43493
6
159797
46861
51
6761246
5545535
7416497
10505144
96799
52
685
51192984
5927704
996538
399
4678
161
68
870394893
9646021204
5733265930
182
527539
317361805
606834
468853792
8754470
666990
70172632
63009709
89994
4824
7143
545255321
7175930
458
34795263
197
727
524624782
9
9434
69
647944
6259951703
14911220
3717
7
28
88087
22844737
2
7504150
382
8
1729747803
5
23
2
498
7325387
86
40151229
1
5899
18075
301
24836843
351662
469
60
153299
3995
6354255
731281
27299
194545
3
83
5
64
5
964730381
717583045
13541
221036403
756603
799
144832
90181460
603
354215527
991414004
80
6
76933338
75683
898479369
826
2090575296
65336
294613
6004864755
35
21333367
9234084
6942
3672
143755
59
64767
5694803
36
58455602
505405245
50944430
34641083
8437
7947
646
573344
737813755
4
602837
5317144812
2589412791
9
1
874
149345
28188137
5
338920
7
614
1938947
3235918913
2
118595
124112
3
5
9679064146
5
585
3256
1190446263
20509
32270
197037673
7400620
580329
49835468
5904585
71182586
91390153
85227384
5216573
4866140110
235854
7
1564096
70459
43446
5135000
95965963
3866
2207
43860321
9113339600
805756
744061
64297
457410
505838425
876357581
651528
8989374
610
50
6393295808
77
1351
4841
3266422432
802
6921345459
8415401520
16
97059902
1642985
62976349
5
5
64778
491699
6900446550
79125516
11716
21
35
34
5088270414
44
582
64526643
260
1783150481
30112300
967064
8
9708546488
5976575538
8269578
581
5695573
93989235
478
33250235
7771899
82076297
9284678360
874301618
758270
6502929977
2741755
2611839551
478248303
73
3978927138
549511974
377639097
403559511
920977
15837
53
1
68718
6
681033647
2639507456
6508715
858925
640
216773904
5829489405
53415583
87
359
18342153
8985155308
520
6100594
498
9785
87702
571276394
132886892
84625
36984391
61526
33536428
494
806714014
79692
4447
605028761
705150
8792913
333800
6
189804
33
927384
30099215
4
44015
67
90
6415592
6888239922
578
114
170564954
4270
77590924
5563633824
62
3703344662
4000555070
2667777627
96825481
851
9604504
1762
253
1531519
95596
9134442041
18142722
8268651266
8192
20
6316
492
5
3552260481
48914951
722448
4397046776
92088
6688462
79931
7865
8007077
66293399
77233863
599065334
8197
316442554
8252
1502452
5
33907
795489
25
994855698
944315898
6094687200
9594
85594651
2
928
3088
189
8443142
20529094
79
7501
84601409
46
40
50214
28
16
63302
7423331295
957
815733
10
404
4773477
8481595
38226549
28473717
9449
19
134079192
8
2
27231082
79765
5336895914
5419733487
235175
4112066
4688710
8937
77
9437
1975
148
792965
8628715
462
578047971
72
9783242
20737
4983346688
3
602177
159602
744192368
52
965106
71794498
876
836
5888274484
1036814
795072306
3
34641249
57
788
3
8
19471443
2274585967
8
5088306139
141306
710719
165816529
1
77148
4148
657190353
1052
308847
8540988
27
471032968
737214
592
139506436
17411
4363
484723320
59
830157220
275518
6004625637
8581496916
37
1
6030319
948
8
1103179
7243
9
68
8153889359
21
970707
7004950820
2
4020
47994
9836718432
7359574899
8460
9171216097
4206261209
30496970
9985607392
532891
397
1081837027
40187
9
90
11
4675069872
47
9
82729
32612
9393
6442062
9452
63505
34
59
41794
854133171
286402
212
8681169256
83
811837
4853929139
3239
3470777
84252330
6598
731
50
73
39178834
1949927109
7050
234
861175968
4327
36
214
591364041
3
18046870
42390
315424
2451879
3
4985972645
909547
61016749
95
2811
1
2537123419
91582
28642
3731463
970219240
441172
97942778
28235
253440709
85
673837768
65694
5
761
59
4146
22642743
6895
75592
56
120725236
873011250
9785901
93
3779
1
3399
1648
640190
537014
971249361
1479975
9
4349
817
3819465773
8849638
23912
177966316
663641
9567999
86
577
2341
9382
34540402
6645
4857582
9
51
4682702
59247
821200800
251641
7
42
299312
159047660
6716357
5001
4508850846
2
7
6974668
2416
325516
8905946
1
8377385
5573343
56
6075
7
3324
413518309
9917446
6645285877
5576072568
45
189618
54
37547
9631316
8923
345789
74781
8
802811786
47
4893750751
21
2419981
9193
386348
46510
94771
534609643
78127492
8699980
35056483
7736917940
62399
841
67500
645
6
552116531
210506
966196
9
8893519504
118632
5041
94
56055
2346231
1229311181
69
2378
11
913
28
6649
7920612941
7135708155
1320
441
9621272964
8412
57
8319337752
3212782491
73616176
52385
12334493
15625
43733
456171
3
1380534737
54
712348
779091
107915886
7
69250
30263376
34
194
7
170786940
43820
56
68240
2
438795
684390614
4668
9381
691333
32921845
9
5
345189612
8334281590
9244446357
900989
9885189
4554
57834394
889
948308
88
17448
79468
523853
96
410746744
494373759
7171275120
49
48307635
1401
8
340071
4559147
82235
1803
706
876
9714902
57049822
2739
1101
649995
2136549257
38
4515385011
9821
879051
4
633181103
7
14
3701266417
97
7091
3375906
303634288
505197569
45
23854
6
74
698178033
460846341
3244396
6114
43
8880412466
8
8973
5958596
3
53583112
7508329
9634
570
192003
6
48937428
5186785
32528
2
550034479
3770022
2047
8
23455
3939
1685049898
9
25108
14822359
884391236
319281
955836074
21905498
20
9
4298429
524616213
819642109
63
7171180581
2
9653730
4764389337
4
77259278
9
250968
481
8214425791
194422271
335
5
5029
62760469
801872336
5911037
482924593
208884075
96891
4910
19171082
251128
933263351
8205
9
942987
17
3548288
45
3
73043711
68035836
129924
58
627767
9983
5528682
14645273
87
4727395479
30
633422
101197
676531
790
1088335
2994
5158670494
1184
55297
83041
775689059
85017
975
829603
77
575
28843
5831491
412079981
4162958
264
7391
8434
128
3
4
94825
49778492
506
29014557
3
607730
191
33439990
13
4069990
245
72442
3070
65628410
1
264888437
97062277
25992
52
99014169
1090654040
76908
5754
1129
82
698
3152
856946
4307557
9309
2491
1
849
445988857
49842199
108635
6452
2687878
49271469
419054850
1079
43573334
3665485
4
979184
51
1433231
7113138
73
79
9
181212461
23671391
2300
77
94
92985
43908661
44884807
22
75733
39832690
5374
954641987
4
58
123602
3887880
9
13392
20
27
2651541186
243680403
2009
7681093780
763449655
314704648
14759632
36
71492
3430
1
6271106
5073
37582
6
2853
1345759
277
47769929
861071008
90029223
7487533
8626806008
5090
64
22
9613988378
64731507
39835
6
966573
497986919
8906378593
4
64824
5955768
7382
3301428
379015
971885508
359682
5
29484787
2781403
1682
955
546269724
6849
9222748
951
58
76188399
2681414165
69740
1713284967
255234
33233418
99151477
814
618351
8515286496
4435
6728944
836403566
6844473
6092083
9553579
9944
2727
2688
1169640
223
800
51
5327200
430414
750047195
75892
2064
28542
96
22
731335
956214074
24639
242077804
3250252
5766420
3515
20237
713809288
9616359
62
77228408
96419
9919810
867432
7470230
385703516
1536372008
6684369
5859734796
53
2440
994666370
5361426
384184783
467
59864
9
5
8565961436
365
162
4
808
1724
215249647
4
320713461
3
5826028
22543
7
366006566
4387976
5394
295
1403309
41138406
907
349288
5
8128561364
205641733
8958810
7320
33
90587
1620
535
385
701504311
1377
4
4
75
55805
91
298439
38754494
1
4907896188
473
851
5030560
8787
24767805
8
2308239
2118
46
520788594
4710181885
90
69321195
52
7803285
8266092
88325916
433
274777770
4976
1925
35798134
1924078
8021628471
34792
4
3616439551
3392
5100891
182380
81
2573
5400
705038404
89757142
951
53807277
449166
2506602337
230472
66635661
4
885322
66418307
31754
1993319909
21715
18
6426
3660820666
9250253361
80148
5677246797
7799541436
779
838
48407928
842717
62188
4370
259895361
4939609
8597497
9360690676
119
4
809738
4
331102700
134
702696197
563
1013123914
71
5965761692
99365
583
11720324
8
639473179
9313771
638848694
340
5137092846
1
994421708
2206
1551342478
6380509639
8995595745
7290551
407
51065567
223320
52032396
554960
729
996826989
21
6413995828
9612
9
83
3626713
5474397309
89167
73539601
1834454621
880814957
3
47946
2801881
2
743306
6
89512535
14525367
6673
319011957
1060
78697
1950
2
51
56
256557
4381866121
5167656861
685197061
13
19619
175737459
4
3089
21
17745
997281
95696991
438299
322179523
77
31607
428
6308487106
244
229
7201600262
78087970
60
91828
80852629
842
2
6444406
179
5578312
44935
4097
81985
678194312
8
607483
3674355476
64911
9375
823532
48
715608
9422
9139373
2393590
4261125
823705072
40151
85279
2140
75622912
318
30
296
557423
876
7782233
66524802
1435739989
42357
6863382482
1065646
4872667
76
768175250
5532465165
7190655517
63093786
3964
1889310
1668036626
68865943
286
5853629
44605978
9895
668
16994651
7822443
1801
9
978481988
36295
50
488
4
8505928
9803451
35
560
299851978
44115352
263516693
8101292623
40791
8306418669
81421327
5221607
75
5239194
8769
3010891
4367
93
963
88
23187181
556331368
233116
552834895
459993
155920697
263303634
9471
48311
9756
4
365830715
10
45965111
4117833721
85558878
96997
6968159
76604
2
4578060276
2
552697
4
1877387562
708374
8082449
4317268069
39125823
495950781
64007422
771482
58341785
658733
598230568
718037
4731285
62
346173205
6555113
879663
99
552
5689493
60661686
117
7052
79
3641
802798
475715337
295
76041
5644631806
3
98
1
2147915818
3397
9795520597
66077
7
4
1937
9374400
423485
8337336
5985216741
385833
528978751
70
66055607
569451813
46
403525180
74784
90185117
8699079799
841
711
3231459
1329
79297114
7
706069784
61443922
589804666
11490728
70727988
603503353
45442071
4194515715
2651764
61394
15830168
321
9116167
661277
13135355
6222999820
60438
5467
813678789
3291775331
420
2605035175
4751162700
411
9
498067
131534
9870660
999
20
85714
9881
693056797
88
4079948
73082830
937
749381
216208
36
52549
231367
3941087760
4
948
5146032727
666
432168
302918453
10
2760
98
50662028
80340150
64
79649559
1690
1965
9318
19
666559
3573
10302
67308235
6
219117344
74846
52
9
31635615
859
41029469
324426
4267456
9569839572
76
646263200
2943024
5
5311918193
2602653927
196070
8888
9483817060
954748
483
73840
6977660
22638574
5859401
8
10377
500694235
460
6436
54968
71784
14660930
217588868
509971
728812969
4096
5
4937420923
7039
277049
9816
968
6380903
4751542
9320
5058689
89
8
79
7957448
619391036
5
464
992909137
9548088777
7749317
940
60
2427
4047
3716645839
1
4908
849273080
3440993
2042
38399329
50637
220
386942
593137356
975
733027155
889
4502020396
852
216301
213
4128994824
119955
1870
62044298
761335
2238913247
99030
712
17336733
784505
4
4
103403
849
1
196791
9358
2263
8
9398594057
10742211
90356154
6603622544
952
66
2754945978
3138288
871919
845989304
678641
81478
6
692646
854
41282289
69712
9981923598
9988768
1927615
21
4
48
96875459
5
1963039
1946095164
73
1480413556
3031
112120
205075
2672034
194
698
4996648959
40
23
3774902917
985446177
94567668
5
291
7138608091
3909
308882
18842
6860
3146
1518572
95212
8850491
76300011
5
250738
94152288
38
34636
711
46862
65352
8632661625
2411
69388
81695820
517
7202
90
3469980981
25924028
499530713
607387069
5
9891
8214880903
168
5138065554
799906
40810310
330301403
4586807
52605623
475502556
130343
550131712
858247243
724821274
788484
70179087
20
55931
8
5635376707
3920071
239
2418463344
3260281544
22
3108
112001
559464
4814
43
72700
1
7176934
9464
4238710
88877004
814
65961966
5366
878202322
5922793030
129
17604
75
75746
860034383
2574
519331454
3512
4834622
4
4787
3695
344
16035108
154
3633
189191297
52
9101637
60
24722298
251137435
315969
865040
816669745
50438
12
44
539031
2
700
248445014
59735
56286
7623477436
7
8156
8103
22131719
9727
11042
4
3489240434
53
1121321
76
83
583
29441
544504
134361826
804461
6893245
2845827
628072337
8571
8877981223
788899
2369758612
955
247897908
2
44
2
461091500
54527
77265
70498
50568683
8938
7478
17557
7
76425
981659371
71382332
71376526
5
706
506
15
41503
1
355430460
6905888
461
517183298
2495
79
9114179513
6
889
6313267
5727787772
4575
5252
3
8730938
8
3421
442963
86
981
6224687129
43117
31761818
17
3441240209
8022235
34354238
4
8
11
17
6861642549
20542949
42
116897614
85240
8017928
42257209
876741232
5863182895
124790558
8
211
7587263
473
68
7415863
30703767
265
172
8972
4325717
23276873
946825353
812048288
3460461
5152
598842304
92371
93268
2960
1227632
4628
863301920
75384052
5041
61
90
9
3
6316280664
935898071
1347369
71381
5
555
84625
666522347
9353159
51290
9
72
560
3741253
881060
3
9
80
6
768
6
684306
742
412210
37339104
313
556690489
4
3
569704
9559665758
16843397
5324633918
790895999
1847855672
47753
6278739
6522533
355
50103772
1
2415
2436
2
6
51846018
9520089913
97680080
959586
678028
8182
602
109
79
59
3
34
98
1140907
41462417
77546
628451
8906846
7
2023
2
18346
770
8935282631
79616
47001
835
405174
2517593441
76343531
636929
528524745
509744348
9009665
7976100802
50
9305795
2503652
112
415
3
73036
8
2778640
4506080821
144285993
295
3000182022
82986
5431
151274
2250560444
5896142278
7
3
5582305740
15
87220
40404
5300
6706615242
1861
936
96691904
604360
933
59560889
76784327
217880352
1855919
342159014
9
3454555606
8567
4
1388
166467754
44846050
8163
87537
388
57
25345
28780
2
9800220
231905745
556403
9110305892
29
7936081971
2655702
6746714669
62
161053356
950003
736
61151
5
518
76131646
9381497
192
21304406
898
82
196
181071977
66
57
4
55120367
29302
3204945651
1293
123762
133
2726619
76985357
95
582915
476
4058000
257247
14402328
8
82
13329
55556
27600
5809
432548
81
89005147
251563272
97368737
3877742884
77746634
2690
8754
634281072
7
516995
49722
2
5010825
6670246362
169536
1839
647929184
420
500
5247016
981310484
6795
1760
992
2215729039
2942310301
68
6217
5531522556
189466180
169751512
502610730
180336444
2559836554
4880802840
6
912068
7
40699301
2791541133
960
39605985
8
11352010
3998218351
3334593
3
264
78505298
97807051
613929
4728184743
17
616339380
56
247
18051662
8379882
752
2567351
167
9001889909
3708630
14932
36
5899502582
3422
28123
5333522667
457147489
7654
182
4779109355
427381
15974628
407
8330
9666688042
6072
67
6660
386952222
1
7019842
413356
287
48
346603
9702998
24622
1093219682
1871
7968024662
2964041945
95468841
70614978
9822978942
875433106
71092
6
6982
1313199
281165460
521048456
600
8
56985
8905
9211
84
5245961019
749
564
2
93608
6110
8069
8
7364995215
21686
5
5006
52689900
4524743
7572
77296200
748161
876997657
2207350867
7335469023
876933437
65757515
5272642842
4960566
8562797161
9429278228
369
3174
854866654
9356011265
1
9994
5815639
9
97618380
1
42294261
9357
703
22848
33381571
45867486
542
608084
98658
9679683574
909
4566
345
38517
999040581
1
13632245
40551488
64
94770387
732836613
702006484
3
4303186
99229250
462817
225933989
534831
3
6890231
74
16
1757
3227
7
5104841
8492375
46120963
58
2416
80500012
533980114
537002
8463259568
76712979
456712
800
52680
8083612
247849508
233
5646974270
789160964
1291
9
79956484
890
360591
1405
87
44
5663676263
3
3
132586
1
68496850
8313351
4553
168
36924
3352
69994
584
2490807548
557379434
861292
534
185545286
7
748144691
585
2640
137
853823
1947
4604
3703
933328
1799331366
7915381
3231470
2553906452
4
180348
12
9963057
80
9497
631
82729321
56390524
18
9264
9197415473
7
24
9463850735
77732111
386027
52887610
27
211
989648
93654
46235
7526477
1236234714
1
9
348
63
26
4
951103440
3587967
96303852
86548
55109
92136645
777684
782093
32
185376
63929
35
4434
897
7187
229326346
5
34
7
5
1944
543822107
668458332
3187625
213102
1502185
7872598
933230
206192
76788548
952757
1787350
351
5553540
704260844
96
9498853
85262684
8699332
3555
9065
4182942893
11
765240
8
627088
5012
7259002
7293
8786
879379420
3332564
6005185
68794797
7442
5048327364
80095810
930986022
5264
2780
1252671
4885
3714586
4626694
563
588
449
1567204
2
600
98
3282
37685
887
1485113
801
710
725858767
783
22896228
3
870165
10575701
7927209
813
5886474328
8
2881583367
87799833
5491
2959
815
5339130
1573326
58516250
574
910
13
462526276
29
681
88
4911596023
9795342150
44249
918
6485063701
520122
5
5425260519
131
2768326
622796
40874
8
530
941216
72884909
934626
96316245
888
8105689
90521
5529
90665
9458
83360
8
5486091054
7744394329
8641152
340794
97
282
48434
9
658549075
50663
558675
85342223
882
980124
30
97226
650
230
41
178799630
2
66620356
669335616
306
747
50965945
4150335
77
7
2
3939553
10
2
603101
4069278
66
958
5
417541143
112
56642364
68377
274
7864
4238244120
8495442131
346904
12649314
34818
2058746
4839218
2778
67785153
265
9219
32128495
14537
6000
5760070116
56076567
43
21
7182
9
6297
59
478405284
5180090
213941
73
20977221
263040309
616
9
1593
27248180
75918205
9736
2879712608
429042293
4305
2670145
1098
79222
736013
10847407
6278407
5
2075884
38343706
970166
4229
1065394
2863390
7415478861
7304
34
3949403
1298959146
4779417872
525868
676128011
294
4001713
96354
780290823
994
861
692656
8958019
34
6156429
36142705
3132303370
785
1162
6
949
5915417867
96
7
2113
26
3918
466
3921
2456767467
1882261
454
21753145
4117284067
40906
9782512
145
624375251
7
35108706
58
996562
325054461
7818063070
537
742332
283
3265
9480
2468827186
53
657036
73486
61720782
16610253
5738
37596311
565
399242764
4005
2720
265751785
273
974647357
8
6
1
64689958
5
76
5905
768
35578941
38030989
9887472531
285960
4037
33
380586224
454116
61750727
80362
922664805
71399
52792993
1
74
50099568
8
4539804454
78344976
5033008173
86
28616318
6915215
424379
6
904
97
24059993
264
7188
3
6141
51083185
1
7
234579
316
69
89
19
8546
5
8836960
4110430822
34
3
5037770
812412446
10922
2
9
6914322
8355682
74
3
4949897
665119383
1111166895
7909
784483
81307
955389
723319900
8
40918
5595373978
7
5
29484
78159200
37
7276
26217507
7894326
36
72086
606240183
1204102630
43
2153
90554958
71523
2295
909570
908
59
7
1678
854105
36328
6
935102663
4526198
463885
5020327
231
9056334435
5280
373841281
73
768301478
5644620751
45
335
101684
35865232
767
3402
88937
337274225
59
581235757
480
27072
3795133025
923455916
8403931153
628556320
52
18443
678656513
15011319
393525
48584134
9319501
3
26
76649397
889804412
95363
20540014
9489449582
47091
95
2
625458
720411
39289
897
172058
2537
6325
26231491
311093
7485
6738
466067342
6159
5574
95883115
7921623
9
18997
9449
8024860573
5
208013
46671071
33580325
1446902
9405802154
5
5454328415
48501
606377
249
26815419
5
52810
782
662
8235110
4493215
8
32415
541
601465727
19779863
58887
91527258
510097
50
17
663152
8254040887
94636
52
9
24
953423693
84061
935373
991
33
645436
1058622
4
88291099
6293867
853
2
5483570490
3555679995
6452946
7533995354
2100837642
77809077
2
141
7377356
64138
374693179
539815
457149051
2709875160
374276
778
54
88
2
421
27
61
54175
581
220566359
885225
6961702907
1280
7318252
457
49534265
10
51401
69725
84636
371891
480
364
9857426
14487
99276381
2145
104140
9
5936476294
85759254
403
8201537530
564
58001
4
938
381506936
1988113
90997895
1354112085
54
634189
69121
72329
8314464078
1
2603386378
4144136798
66
420546064
5
2411833281
511
1
78
50
229043807
441303
5
9413307981
3054092
652887
3
9
4649119
9
2004464
59
5833380
6583182
524
6201394
5246
19511
7607
709
549123822
89215
971608
4652925387
255563
80653
1
5
8933492
1502687
683
351642026
6362
767554063
6
429671
17300579
1
5971305348
8
71952589
1874414594
450709973
5349713
916154881
913383795
1312757
6787
735
96763
237257
9
614455
164
3
430
891
7
77698153
3435176052
91
5
724860115
6259953
246
361925979
4241
3910
143585
9
5706
97102
528
3781
301
43
1
185821316
95734751
374
47191
8
7325
5
446032905
723011705
83
49
9188940634
230
80
462
61372
134
951446
20
4
252209
3909071
6336
793579
64
37
9
2
7909
575670
3202
4264
613
146351576
95
747322
92
6
90072
12
6316
7065763506
909306447
75618948
38206118
96734395
535429311
7682008
44938348
5
3
80337755
1654
24371
57
844718653
7
30678474
7359349016
3363757568
413720355
98
1346923238
30
244
6497737581
45
7399
904962
1
6862
527
8
9902
562707
36
393457752
179641480
150201
6
4398
142
69705633
9405915544
3370
49
80873
6412390
901285025
2243
261
613921175
4174552229
16607335
735
54782385
88460775
87094
59178
767621847
3891566
611
5791924279
1229783
3
787411507
523413
754483
4988420439
8012
59210
236
287
48036
8508
77623
5385094428
6207109864
770
28
4599771440
65930114
6299241
98898092
866566094
999433743
462
94837
6834227768
54332659
44223974
15
5970364991
18268363
538
1
61273170
401
46
3
366356423
5693
77
5805476102
737
2
448
93595
9
80
4
6
1
896
169269944
5900
6
18248
685734644
7472
9470
4942
74
971315
902
655933
8
723559
164
94352
607092924
631
566423216
118
421336225
8650012759
7556
4867912113
1614671
966556
23129
607045
887459155
136202
50022642
29165
59
5
15919
441494
9491
58
878958021
135
898735
134
20672
26
7268574355
11757056
57549
1
66264
9604
60771
59
287651021
967787
212510
87
55328964
448853
11009444
819
4199029242
7
704
54319
87584
4230
958266
85
3609576912
65
152627041
36
8
4
5785
320179
59856805
1
133509
4602331
523802
35447448
946649
12244
14270
7
241161976
854887
475020827
9342570249
5520
3
1092576
21927860
35462
793147
54
5288134
9
76
5644913101
6446677451
616
54474
6
5690618336
9810034
3636025397
8606104193
76938
39
3264052532
892
7
3479974869
30
984486431
6
748251065
3782
977557402
9658
1
71725287
85
62265
81145051
6604123
475390
610
3511032843
5806312
972689
7525440980
86
2983543
1284257533
65672090
3
873265
55
7954546562
445
8680
759997
866201275
81501628
191820
22224587
5979651
953940
18480246
451
9461151594
78927
119
3998618
385845061
606
342247
8173864
245
72
142
55541278
4562527
62
295198104
1021936719
9362
45415
2
42100904
853390741
68515
1
168919370
2317634
81595360
3840867173
1
44
1987813
85496119
26
32
659303
392
3856262819
576642
329657013
421
9
890
94403
192
859731692
22433550
1
681689
40043
8
3271293
941599255
8
76173
6608820
69721082
5182
5
888748
47001611
3
404086
79833
501577
4428549947
7
76253179
910
4
45161891
57725450
858403
451607248
950733
32
455
914114
849008
339
7
6332817881
77
159
48412171
1372150
3
77464
18317692
452549
198
264
776065
724838
395705
7430084823
21
1663
711254288
7916
73725829
94971
76747415
321021307
68233
6557245
1
9346387
79465858
971709
856
4679
243950603
997893510
7987581548
808025191
186638
16
9
26855730
544509
94559205
5043
32048533
8938053125
8949133565
1461
641158
199
7664006846
64365842
728450458
264
34850
51
425804
135
8624740
561
974237
653
1034
683
2396934
20514
94
283803330
71
12903
3400659522
584141
24
643540056
738
49576
6466522
96
9607
82518617
89941
26
20
1
44226
83123
21255784
7765910104
339881
5
78
8944620
478583505
6
1358532
664467229
34
70
496
3406781
734427
326437755
9772117762
16
73628
133251
51840550
79
8550
774
9450618400
953664
6360
581836110
599792
950078800
29
232
5207
83591
684318450
5055938604
4593
73907103
7410
7
22053
80
376
308171
67156930
1198
87677
52
454397
89
93
4405195
825121386
7
24872
7
19309
228547
684917323
8140797280
7
81771879
705124166
5
57
1496226357
508909
80004
3840839
861
137373
176665915
1
21
8
90128034
84578537
29347
74889875
286789
9459477
7958027500
122379
70754
8189515
58087118
46
59939
47
375
3
9
43531734
7010784649
2621525
580497
8265997200
96227
1823
12130
530
484
5995
5773037595
4869314
541639698
60770
21999
38
9
267
76887
3768239669
5003973163
9771341
189103
1423
3
453446
5420991737
501598
546
669
8576
67631
47667
59
947311
1142704
8979
4976041
37
35207412
5679118866
57134
2
23706
9
878462
842
9418
96739106
376
98040186
80
492996737
496
2
763808213
48
6442632319
4420
1026
521756911
1615
870785768
4
86
93040457
915
4483739
878776
6
668
2544
772
130371
6
6859
8641275
1981942
84
674780
487132
5415316
3032259
975163
33680856
32
21
480027986
3049551
5
7581
47926
36330
3436
40082
44119704
4554888
249
5963545
931381688
7129450186
842329
404092
4
60
898454
45
5
30899740
23163
2284080073
954294
4299908
63769416
57
66
47621034
2789597
296
12085
74961616
759215437
693
9210231
4517543307
4565
1898398
708752
829
51481371
8726662
7077103027
4830
6484572
4630
1
5
955
9
7581481167
202
3981523
4213728
102892057
8092397132
143721328
449
4
9008
286233337
66603
11
58
8197668
7989746466
932264446
40520334
5308903061
2
48587
9
2
533339
9264816
155476
624474
8288265
837
4962
5594
95434
27137
608017418
8258352
190
6
48082
35883380
244258170
4
3113012516
67542
1
6
379119655
333496
8786488859
653307257
9267
2162270032
950772
10770
19
5398
42496356
1166088
16492929
92
9224
74589
849280843
1094878
83
5786
478662632
955284
52462878
86651758
574
58300505
95008429
9141403145
6
756
1
855
5928097
9927
569
6089508883
55217
7563
79797888
42188
31
359194
3090008
1778
1765640281
169
334145
375858566
624293029
23357
84238
7339
76759456
8
65404
580
16188099
1111519411
4140
7139259956
74495837
86
13529602
501873657
324080285
750083
65402
38714
4986504
597
7107160
4339745214
27
10
8
67197878
44
734053530
2
8775324
32
9533
60660709
718
51
320085867
569431564
3
26367
48
508175
7985338
711
3818
6340679
36040526
9318391450
34734
2
84
80130047
7379
1
40
6361223
9197569
4784
93
299954
79454
866
5
181527303
333400404
1812842030
25308821
4512589
857706476
5000526659
65466989
57629039
4
15346
6361115
2299
293086
721
3
788
305
4339168839
56
352658436
53905
2279633
44749522
830636539
645106821
95860681
56
2
4
3510351698
998227
74888
9
813445
16168578
6889982
62
4086071
76
415112
710585
207894598
9
674704195
9946548
225471763
5859350165
2535733
237050
81
6356295668
39
552221
5
8184497905
50723
805975
5695846327
13259424
8803562679
403939
52742
50328590
83
5
687354
9459
1213590
132832820
619
95927
3757172486
517
71964
8899842830
19401373
5340
542312
6427
3509638
9
754
84535342
4
6179352
497623431
673112
3223140
60476581
720
3363
42566
9561763
712172621
77162954
25226059
477270933
48
224
76104823
35004195
14222
9334
491623694
132164105
3928
8341
275
3026910440
2696180
6021957
976923358
9327
587046
8333061
297
21487
7257080532
46203
1921
445818
8625455
4405643573
201178
7690902
77699
5647594
387
8
22
328275832
73192226
5459515497
88492
3896
4
1177644353
6323
44912287
719
73
6253
1155
2126
18202
2225467
650177598
9093692568
5022322
4299
5163501450
3400610347
1210
7657696
7339
8026434556
10756848
3
229559838
2143332
140667827
407786400
7920449
13
6
22
9875169920
4
4402
91359675
9481
83586278
923046529
7
705
2115
5478441
198
30353291
263254
766870371
434659303
84
1265
87851
121194369
97672
31496
80
67565
73
11764281
67619
345029
2479495993
1730
2765661633
2833694758
945105190
45602
699767
78245
303479
7576
5495420
37938
531633
63762
7666
1151090316
98429594
81403
6117
11113
3
961
819055
118064540
5
4438
9695299
23007424
94
2826291607
3
5982
93395
9959571
8004238
237455
600473711
10170052
3565323054
667465634
9
78361498
215
3882507
7
8265307110
8
6076
48469
17
17767025
3
22948
67700
536402
9737211734
7711839307
7442
90942056
130747
912
313778583
78548379
48887365
167793401
427893
3715
1237
4634510
5861
3436043561
161
62
5154632
4139
5490712
7
5425201
5986660267
506718
5998462
705945
73
72
732100682
763814219
87363571
145834
65942714
64869
3
9
5487446
421
5
58342236
1
51353
8484
5
75132340
60348
57412046
1710849010
9822917334
6781313266
86274
90210
46119224
21016
8
11126989
8697465187
32766
53
3026277224
587
2
56057
14
8769
26165
3939437264
4773611041
714
48684869
1777236041
5468523
19
2980512713
152
33371
38968
85420112
47581520
3088249843
31
5877905
599163556
11525
5157726
42228828
3485407409
459291501
49618683
977743970
26033681
5184702430
5019
6962974980
9140
132
7
484395160
968933967
6746347265
526
668003
4
95
8868304055
814
661
99307487
8285136
91
6575
707
59
8
61774
18557
269
15
55896556
834623987
919116240
29113
3893
492
3514
597
9
5870191899
7381332026
807998
7294471327
988
84049
9321873
9421917
15
584949980
94635
60588
8487417956
7381
4885
15660652
29618
87502186
720305069
298911
4657724
44703175
5039
59516
6143
283034
316198
445633
183
2646
56
57749538
360
7
9797366
7507421
3339
9439892885
1
851888916
689
3
8639596964
2405903636
86
5
5100089
498439733
25
696
7070
748144269
5
876
7797503
5411
34
2
62086
704152846
6279
32728508
181747
2
56518051
2934
9481
29
695237199
1148984
9
3766913522
39133099
3
5678964
34962394
77
72
22096
6227679
21004550
60813
91538
1681793844
2
500894
6113216
24217
437
638531705
7597398
55816447
9
5413067057
60
685321
35327
1126881199
6
3
3476
1
165591190
9690111528
6172711408
18006999
969326
51457
247022
81255
1340282
639600
588364918
9681351842
4128
966789
981186
485723970
6
83773
8128
4326
78188
9191
78
8474
9968345319
49174
53423
93561
4516
3
6090426
223935
5189717090
747329
9
978623
8177576
616
2982313261
397616
3920024537
735819
7616
820082
789295456
694
316892930
3
56810
7
4193799
840
75366909
593599
646
21
6529136533
5
2
42732838
7
6545995
520
7756258
7
311
80
437639
70576
38
2647
5327
61
8419211
2295961
822017183
80487
4309
4775737
78476637
89263337
688131
1
21229
792
5
6966
54281
2
8114733943
5450542
58333341
586
8
4776349
6
57431878
56154456
55
548
900114
456
4105
461157
508
569074
176189
1472
2236555
1747357739
891993079
49
4816791340
36186
6801132718
1
6165618
3132
8521
1240
797592048
5991
2921537914
2379918
6311930475
367264
188848
583
100876
946874790
11145
423590
116
562
2
2
3320385
958152838
69717
718397
14509
5848064023
7839797829
160851
20
52587682
2
7628
8
590
294466
8457731
73
7962862
1803
9862
9454697
3
7497370
72011
169371135
236869921
6345214164
8
80
96550
68
14719
94613096
124
32671312
8895019
232078
11
73565
20681803
779
6
237
291722876
165328215
7458320819
7374283
8353754
155015
161745
434818981
50
9
65010
423
655
910
568913184
4632648
58
52
959537
577522516
207373275
320633
11407083
228130
5341906
3905
536469580
74347802
5365459
118579
846443838
45140
781
1226355
631703911
2063803191
483112
407238
34561
3758
54
2828
5475588579
99040868
94
2509058927
63965150
1260838
6784466163
4534
508252670
20
1996
6390127827
187
123801
996
529889747
5018348
46
75325
52
92052
458081
4661573338
7332513
846796
671144706
220374
6831542798
7873010647
3493765642
6699627
3692079
508120
642
7565977562
3
796778610
38506077
446656
4
23410699
109774286
661138722
90
3965626
74132765
711539272
124722018
1620
8583012266
964189510
3781981
6065489
27506
30470919
939
4027456709
491678301
145184720
3
1414
66
101638615
561
103865
1141
827120533
322112
83310
293
2824533
859
5
91727049
72
2
8931078163
65070
4496
9454898
7364
7898225
75
261
7440
6684382959
914
997
8991439024
842231
1006
71966917
167016650
246237267
2
977800
94
6
14
6
75657608
924384
47986
4920
8047229
3939
41355
252442
7587
468378
4850861
875327
9982
2035
29165577
5684979459
51113
836
27415
94
3883036191
3
379315
91466796
908
4491122595
89856569
4924167
5575
3353
52365824
2970002
8765020024
38315700
5698771
487478
725404767
7101299166
511456878
685446
62
3748573
3401278
8019
458
4
7313385
554886782
89165165
7796100048
3369
5219736
1210180089
647
60071314
57518502
12385082
5623148
61040073
3
953625034
3372329300
16119814
52496743
993652445
9
9
3902
499385
62443
124
7703831993
1332721
603
73232
53
51
582571000
390355
86100
8
4130415
23
44685
4
34644942
8750937442
7206625
172
5543
619
69709
384250
6853381986
5249699083
48
2
49739
4373324
8421290917
5335512
36448136
976608706
584019
900172
195438919
9786
832
223330719
492557
4537291077
6
3491266508
630
215101
6775020264
62339
4121
9853635776
2
90407
5350
987
5243145
92545
907078438
9618
94
63052428
669311812
4
4400217494
33325
6378163
974925
8880566003
906829
792
2386201232
9577125
31980725
2275071
128
990034422
3468081
4798
4894363
11290629
861610985
76
719
25057361
7292169019
48
6801
9499240686
243748917
4527399
442495882
15887025
73
2684948676
1
3939316816
1
9943336878
77319
84221636
485192
291007
6410937
82
8
1710011
35
270
6
10191957
68
3691053224
64576
5
2
270063
472
633
7775
34877
131
74215155
394569
777342
6343035790
6934477112
1368150801
684669514
5
63976585
59
823
2853285
35
7431
3844
339682060
424067611
1
26716327
6049125
598775
34849773
415
7060691
214157
1392
82385343
24562577
423
38343
575
795
2857323076
46800865
14
313713
49868
4
97
130008973
77165
5770339
330116968
42
9435764
54
2232753377
6
19
68
234
2164262
519639210
303
2416739043
707
95931
49454
21
717578
628
18603
842337
95508025
7
1213501275
7
4461992868
563860716
9931551
6339669
87
47961815
309226
8065959555
7793610
3635
662294
556533
695939864
578147970
1545
573144
55469
4
98113
83841359
5447439027
4692829
44
3
59739331
78
95
48
7
67287
8
24
36936752
115987
654
363644
6816735
740376270
688434527
750
909951
258524510
764
260656
2378505
6967118
1452178825
292073
38
830147601
49525739
8
5646689165
9
30
8572248
3213419540
7256264047
7584671446
56444225
746993348
983999419
819
74
5334
2400421
5829
25080
4532251915
30643
9788
9195247510
821
1242656
43387
640101
74
7096716529
994381
32264244
33
676
6
8037810956
5
53597253
62294
389
31
841879494
8
166974
721883
753
993876
87
21
119815
54
3988112
160303
14
13651650
12093
7110828568
781
17
9910118657
737070
4126512
85
419
62381947
65
39872
57199
86898
79702167
345
99701
8305070975
7410650
77415
1314597
18770
6241600
6229
4554913137
71847
20747
77502316
1189371
99
8126503
232693
12568175
522
9875422
89743182
417570437
9799962
42
998
671
8876208399
7448465
2
8
16723121
9952869
8447270816
126
4462550
101817
3
242316333
333800
41734958
9141234
7804160
665
156
159
17
4807
952045433
7294508
110364
78930235
962761
6809490
2
89645708
3414142987
15259592
560756
784732
1763025837
9268
6
68711177
435084
70540
997347065
5466
98696
9020683
77418802
203
7
270622
57336
3464
3447318
87225
9080711
93285406
5
848975
1659
684813868
2
9654860650
14350716
486913
37156
6840399
9
863895646
12781
60129417
7
5
49910
732
9505698735
52
635041
7566471891
84228
45
125677542
407
6220477
3135
5
914571389
8956
6528321072
755493
443
1876
8681
48082
4
5445658540
3
637607
4295
482
7953093005
92833
49
18187327
5
92
91911
4047556
4565634894
8266040
4
1
9909735820
705624
24557
5
304931
615494790
42568953
5962895
3
9246456
42496358
24525
52871158
192
49674
250024
507
1263919
5
1986686748
2655355053
590615398
882
4765473615
7017735
5986511
3
72
37122
19599520
76
4
4696
387309740
441362124
659
9237774600
760
44
17
4758627464
8156
49710417
611403290
4127070
6707
304306877
78
9956
374433
75
34
91674143
828
2454880
924
3280002680
1485261262
891063
2092867203
4705866
140737
600890650
2
9
1445428
814599
81772
38
967199538
21
63
9672113927
41586534
222
2375796
9008281
21257
6155322
1771629
751612
8
660
9473
83
39
736740418
48579308
311256
384771679
4963817
598628
5549
398686
3
8
7078237026
95634
20157278
6
878
94733
902062393
217804254
3204
627
71
4
206352980
5914
488105119
2685736
9
5
6631
5082
75
889
773888
57911
4463495844
529481
5654
3955982
970
61
93227011
35377224
5
8933201389
325504160
4170903008
24
480842
11112280
146017
1509
6545487
88909
486055634
866323
123244605
938
4099486
34161
779416
389495
84362838
24758980
724147
99231259
3144
596210
63111
99732438
7698
7355295524
2610836840
869
659403
595999
997527252
6977
44263
5436775
8980553
885
271
706319
400
855358138
93362683
528160
8397269967
994655
990
4852329
4
4182903
7928316
35
12
375
4503741
774
2055
1911825398
7555257
71277
210
6378088600
150
790279
3589533992
22779
4013231917
8725127
900070003
6200202
344365160
55264
1
93
403
5137721038
50
81246
92
2014
88
532
97218990
547986
896
2551944
64908759
702251960
371716000
238
2196193901
6341
5
66560078
692538631
38769
274681796
2
7957963
29956760
814994772
9407
5
53965
9033891
8056953
718425052
7080765054
57
782431
25012
804258187
888785
957815
2873989374
57467435
441331
1016531685
630331135
626545
8336882
295
1762496400
67097
358385996
984193
3375263
7654
66808636
7708934
275
1955875678
3060
6530675934
318
825727
838598
19
76174
992
81
84
510320
4176
4350589816
87
6074427
90451
6450
2111
4066266
3993
73
53
93711
8740104504
4110
847016200
282816537
5494513089
28
69633784
6066
47
548
64567307
723342
920
1105477049
6201
30020
8954267
1
349
2
223405559
19
4
782519
6060484
99776625
29506226
931318253
86133391
5292070733
1437
62
9684
437514466
1001
6381553
50509594
859934
10008878
1653700
76032
1686
2426
30520216
3540
92
10
45642
50704777
589303
1730831
166286842
1
1
3965
7307542253
931456
3
5
870385
5585786
6193474335
37830
343
8572928792
8309716
47
1
2809304
85
3
7
86129
4
286685
7
974
57
81094
165679938
559282518
6597558308
26455
53025
586970
3686326
468
87162
47104
4255
102387
485453
6230
82575828
4157098677
601
4
15522
9208732181
704634961
229
2075819265
590
9607
95016
2272706886
75554325
627
4973
166483023
435
2224
85513814
5537446522
677627091
290
985950
1846
8
39
89350
8850
845588
9913162
2664
21168450
4154461274
112767324
4812652
287269
86046
7002
738420225
33918
612
54
872
731932
812120
16348
22087
83
981319
39230
7861
9
681368806
55
63
702013
4127612
54
543
246325104
80480378
4707
2
919611544
708029
4433743804
3
12
4492406233
226
709
27
8
1
7
6141891379
629814624
8774283
174898781
9
6
3248481
4946302
5200005
46610
799
72605428
33839503
207412590
9
53499778
4
8670062
456296953
276
114983
683340
660435
44794
3984916
1
45693
561396
345361
24
1847
370104977
81465691
80
107664
2
4738272
1853
364
4854869
958644
8824984
45824
88
2
569
8
2114415369
6107449176
4399789
7309974416
2261175
613179271
30446105
38
2072847
3900606751
74121940
65167081
6907179
675929
4
33457
402
91084715
6476179310
63
4218476
385
5834625398
254808
6430804978
993483
78464701
436066
692348
8071408981
514
49589
47188956
51672
3121741238
3799
35
931
47784
2
1091
374844
20674913
53467270
179816855
93119294
7
3
402850974
66941
326469
127
27048
6319702
6164
7774167
7
137566648
5282052
4390556392
172
1055
221984
4
903
5067275737
811
242
5102
97
70494033
680093
313886
267
2658280
767
96427
9826843249
715990178
6
9
9571745827
3676099781
59303584
38
54
2691
8819
114
572783
62001849
8284
1784718252
3
87109
5444
926743534
64534005
8260
2933724742
912258739
9430003774
8644869290
194
262750
3
89189
885
70
66
580111
313
53784282
6931775241
10072798
60453
992276
9
6
3
8882690106
6
9288377
7742
61616
985443
16588206
38618826
4267
6522232
56295
9621665
9
33747395
7
1094
171069542
7
283211
4517468
266
5845841
422941
87347816
1561
34516779
67775
8798482
20
3815700
8463723281
71991
1217813469
5561
7521719722
6852
104152
26
67
9023
9026
2643
2161927
2785
79110
8687
933272093
8372318717
3582
437
4628
44093871
5
757049
457451
6090
280034
609681069
101677733
91055544
62995
56630
2
482
230365962
6
491835381
54008
217
46
3439362350
429
79923
43468
7
7618937997
340
8
1905334
9835
72078143
23511
6097374944
3
29240
1698964428
3091419783
71341348
5591360
1599
52162482
1739659
1631
3084451917
70
699938
97
4409115199
3308
971
825148519
846305
2
4626501551
975268
9
4276824435
3290103104
270526
9202232
89998
55
787196
87315248
882591795
7
4169
801122816
96653
8261
50227
659934
4740581405
76136653
68
18
271508133
117614388
2325
2902
351817
66943581
354724
80912
417628834
57939
93293026
50773794
596264
1938748016
26333
474154
3545587760
8860
9081966743
1
19362
4
527535
6963963
5056890
9791965
8599257
14185375
40
6398876250
65240
8199768
39
7
68
4637
8
48402
9376766
976
41
1735924657
52
358
75998331
80449400
573000799
2
8860
969396
28696
460587000
125419554
165
65
7004025
9922082336
2
41
907
410083
5
6472
168
739
49
3629214
19
2
8937
2
260
85178
97340
9043
524956
6859101052
149121693
73417
7127263
3
7
136802
35019474
84812370
12
1013731
69
39
958939
23782192
858362225
740
34403622
5297099195
10
8521
8493
8
5638444861
65
551291598
90
707841079
99748972
8033975
9205227683
6104442115
199
259
39619496
442388031
597
7694490
719896915
30
1463857500
7752
1
304
846963
808731318
319732
5778
3714057050
6350875
3321219814
22186
496817436
7685163
415
976311
24017
124468
99
383417
13
18
726629941
12
95589
85967701
70666642
8242289
9430
285
192410
4248544
857388610
32295
22087
4572
592
9027774
25140660
59
9472545
591496941
52800834
4045765650
8100
86
27598
7154154844
971413691
1755067
1355
564858763
528757
7309373
61236503
38827330
6002
18
919133
1386457502
6573886
8072072
250
871545136
841423
669
4179
70848
369
9
4642773399
7705
6518
9
235269
267737
6815
883702
2
1493
690796
2998958
898416
5599
9018082
14
6679935727
5193
285176523
207
785
354739581
4534134
198
445
8
28
1174
7
854553425
7678641707
65
749
908
8488451
912
66359
552004
55865
43
679669
48478611
8412642
360
2770
45086
859863548
6
9059559181
857688
28539805
8668685141
257
827471996
20988
2252991
2166718575
842
81322
25
615631129
65
926478139
89
1509
9095682
6
57
414932882
8190
3752112
9788
201686
2122111785
2670
63518
557692158
8624961
590459
6
349185
7
7842
8664871297
8243021
11330
449
759
773245699
354
858
945920
5541065
134
5825699775
69
9
5694942786
481
8891241
259
40
2189288
911
78995011
94
8521307
438
1832802
5836
19
51887
910
64088
8
27846927
15
187294
2659475454
10
5644927289
121
983078276
9
71
8866
386087
467
958
287
788
353370
5636
60727
859687
476
5631844
159
40447748
248075862
6551917282
11104385
8159676
799898699
5
804
31163011
83
42
7
261
408616
293
1086
58649
906
169123
386221526
61512293
1755171382
5241119713
8
786581
81
39
8585
8382294
169596366
5181
4
2326019682
5
5855171680
27586
817
31818
9598761936
44385
8553
975551
67426
10996020
533375
557
35288
982178474
241
558510657
9765538
95791
7
23156
4350631268
672
4365
460363816
20
912
87
8345124
58427
9574749
8
7
796421983
763
8968126271
2
3680
298866206
809121
5
3588972132
12515
2318052891
5
1705
253934311
996
70
9803223922
2958452
4878951960
62
60859351
1
248182154
531
157020574
84886
709849319
2160
12631
2118158
3492210778
568723849
121313
998083
75969
467
45985487
649599
9290554389
3107939
9005565828
243875
1
68962655
971
8
28152593
495
6901
695671360
61201286
14542122
6317796
208419362
2749474742
381915030
72
282018
9
508
269560
5081
344
49
30163
8160636
944
4711332692
329249
640529
665053
39832
30
1
938860
242
5187198703
73435354
68645477
423
1616452
23206775
19
943819291
14136
92
32694515
276239
187661728
71
54831862
9551
4045
336858
41117885
96
128
975116285
37843093
2486
854
18
875701031
757985538
3548665
1461
43432
8638
4632870
285
4066569
14217624
647929
8489250752
63328138
5100087
383
12568317
6442121
505
7506123
995914
956974
63
5178
502
411540
897
8639535
309420177
799132
6541596502
8
37700
7306881228
616
67
64
5137116692
2155
988442
3068684238
27876645
32367969
24
9287
980555
374379326
63866994
624
79
51
657491258
68369118
7094790228
80
94381661
270
31473098
1080405
23870238
17
85
685571123
7
13159
79
912335
27
109397
85450
2742148477
5561047415
2369198
825
9
8739287269
957729969
1
63253
1364
8055
79869
5619
18331
1
9
35
8
5
4988
9143
311414
4824
5
1258
53798991
419307
296307
73633001
46761
3
970148
7147
52
8163136
72929
1967795696
98440
961
1
324194
3478537
2997
4897
202458265
38394
592058
7605594
75
5909
6375
764
680801
427
5279413
8535386700
562111966
28
4006
55
410731
4443525
860
31060
462276360
509089185
588575
81122331
75796
4670
373642
6351019
15
1560
58035
826107226
839366
168205
3683
50641119
6190
5030905535
44
9422362
655
759627637
7377662229
8048
2762881383
921
732
2491
57
981
765936
6
10
77128026
9604
60108985
188410408
96080609
4669792
706
351956
8
867807
24326635
558435617
828280086
17075
885340
5321
684475
407314831
36303
152597803
811
355875
876
784630
104
45959
256045
1
758409
16403
44149543
238066
21240684
6
14363801
89789361
235087
1965846
538949
44247147
619173514
6
2758
1078385760
80
7615985
633
14895
4715075168
524380347
585414
92584756
84
69
484048417
1522608
3525
3681
1
916911
6264322
450016
4387300462
398843068
5989390
902260
27
74940
4434314
859
89092945
1695262
14
6904
3373
36184122
1022978
8266838
4855365
108391472
65443
4
58380
52
15356
78116
2422474167
6
3637356
92
656
109166
56986001
7608886518
667
842458
46100
362
22
109966
799
8319
8574771
77809
7908649327
56
6
8978014
786310943
3721
84
2160
2101
20
382070
7594172730
2978454609
88542
126
470905545
871266
59606
636
484942001
5566
83446
8966
6960
8095718
45350
516358189
8
2104
569754
85
48144
5316359
39406
14926
4424876120
7797104
95313
6902574
491
46
79768
814
86289
1365524285
285
79725743
9428439
417
998381761
69198535
142
695
658046
88695
57577
95076
388
35198244
1
8195
810
288989469
898
3439147
86121083
1
455
9353
891821
29576
3136848392
6840
30
95029410
85
7
944
222104013
7962
56126148
1382202240
717
921963
475607849
11792
9959
756194995
32
644553
1
29438889
36522417
7224
42120205
70
91298547
44337449
1
536425801
222057
32
6637415744
3
619155
8804482
2
2141862
9328
2
458632080
34083001
986
354897775
569561946
4
4303238
935589
1
628650003
5
8712612070
6097
7722479355
2
46834719
1320068390
715718675
1567819975
6673275
2
60
5
14
580648438
931669798
6601616989
571
82206
99125
143370969
931
32895
8
3607384
69
76963
5705
25
9704695162
3000328034
50060409
3
55
90625
901
9640351
4559034
76161582
3674
1774224
41
6
5487769
6844739
159
130121
915
4905
2
60
1374
67200
750535474
9175149799
793382
67029503
5
26678342
385899
9885653
14
96361167
97
59
98476091
6350
160687
623979305
222
6
868704125
82734546
3364
27035940
97
29162
5
58
2679910294
66566
3490899
9683816
308
96391
7719
61278
1928394
4572998
5
66
8433499176
6
3365228
51217281
935172706
19
4825220
361373176
6492
714560
83
3018
4389614
641
3130747138
24
63423321
72
609538
8637
6
173804
167
60600414
5
722820
756640748
6844
6103879414
6761374880
6716359066
2287150913
5921
9876557
40667
17987893
616104938
9356574123
5
74
7673229860
38112
807076
8675213832
37990
628
425329840
6409
215472
621719288
88301092
110828
5
6357
6
5503058
9416
40236331
17
7
54604
82584
8079056
308
138441
431681
5
1816852
955
13357321
66115
54081
407014719
431
88475
431556
229
3037834
3705
5069
8586
54251
39677
970774
99231849
552473393
4
69775525
5578
91842020
655246112
11056
1027041
831
2509842
329306
96324068
804664
491
17977041
58
661098192
497326
2
8447757
635689
1840
70
9865105
667
2596281664
8816765
3892739
74520
411
75966
6116735872
11613133
4
5354433719
837846637
225439459
3
778
56
78776391
3961
540343810
67660
1511226
43220
607
787233869
52121
24960010
177
3215442929
4663968
6115360
4
58198
6301152
21
97349
581
42777
267678617
3936
59120
6987166069
227
2629654242
5215206052
3663629170
839337
717931253
8363
9
1656876217
1953612
3723126
38670
8476322796
89473
6418356369
4397
9199
1
608991
8865
984625361
5367544
76063
5705
24113626
32454605
2
8235
4487531991
785
895883298
419
3026402
447898593
2855
153586
89
5466059
6402406000
71056381
9322
97882
5974
855755
464
54
804644
76726
8225
40125
1131370219
752332943
64600369
871
709
74
1646480
83
40
113202
31
3474
85892
4505
9854
234
85
952208
93606552
4288709
952490625
4978522
35635
186
35
9480
2084438279
9570
37
371681
5177
998723
96239656
8711739
55661
66441401
4644290
29
890792451
658256829
475
7837400846
2250
8585072
64
459
79
136442
7
3499
3
2721424764
2927212478
20
74627337
798481493
642909438
8889
93368953
359171088
514792
71049864
4456230
9817
99506924
60755073
57
361
3705
560933209
6413056
398456678
307246
374007
400282500
2541132091
21287
82
9778541091
6
1181823027
4453
6580895889
4212
84536654
2120591469
9945919293
511
7741422
51
74225692
942561
37
944610661
49332
1
65
7709169368
275052
44107898
4787
4122470550
18905744
484642
440572324
969
1
6
7353198216
5
99
63362910
4
3751611170
787
43370873
57805
51
3
4
92763241
1770
9
1
7972
6209899187
94813
21208822
74016
5
8312633
146
3
188142214
723438310
1042
550397479
76237160
4
7071
956658138
46275540
7
7
981144
496358
8185694265
40903
870321798
5588269439
1590597679
5256580
2086978
139875322
985392745
222
49658074
29736
8
414386183
231919
65
4
803407
66142
554233487
418305
5973388763
4
371767148
162814245
187
7817651388
49
30779534
3
702
2571
701206
7
53098
91873
80316
5353449
87817923
975071
4775
8062139530
9960819
8
884853855
7266276935
2819
33681
6854
830534855
924028126
258234
94579
3896
57
697871
258536
20946809
998168863
2
559836773
196
857567
8273062
66809
