100000
5983313
9596
35344
30478176
1288020835
190480
8617870234
2903856248
132
88
808702
45628
772167919
7
13321749
1
57514
297921
9508973
749145515
354
4764
2723
1028833333
6073131119
1199979812
2871
22
415907
2
6367
614453
82
91946406
60620
49628439
46
173246290
75295
815596
4093874732
7164
66098104
1614215
1095802
491
1600159596
978
256983
37549
2788209142
6108
360874699
7916977107
422
1715
66359988
37970
5147674
72
52
514648591
47816391
978
3287295
768994552
8850
42
10662
3512
326216
82297365
9749
520
6917471
29187425
58353824
3219540
658679
1253697
172
971538443
26737
1468024670
12
457
7894
95
529
5648
82582
75733
6612732873
37545
1103669
1269530406
61
85
7593012
35
8713
41
905968232
7586219
6887800
55
909484
695
2633411
17943
83752
14206100
4160232
88222780
7736301
602459947
6365
798706935
5639257
5
704
734326715
965
21
4400890781
96295922
59
23102
68643142
2201596
2668
84561264
32274
5716155600
4878418
9638366937
54
7078523756
299449825
38226
60
2056187
7086431
953573577
47334
8290048
308313
822
194915
46
3804908
9428640997
6840
470
895
2863776
286662099
556595045
4174367
1151195042
894
8856353
8148
66
501536702
6
8176752934
103
7879
735118
652
33
59212
396828018
19804028
145139
8220286
622656966
89275
15268
98007
61
2419
3
523
284133018
436130
4835
575242909
7041
3
5
184699
2
4381497
418
178364118
10800
2843217
6239481101
93
4467368811
5947903398
94652134
93
66
437955
452856
975
625235
927
43
427
85544
913629
7193181350
97644469
46367106
41405
4
2
4755
56
2567351140
4
3698823
814114
917
33
455
5485
51
2915517616
9575042249
5087436743
472905
8938514
390344772
8715632373
94462
786
9
9281
780034
7981971398
3
3
457254
2267
8064791361
55463
615000652
1324
6831
158815135
3556569390
812284232
9870980
450721180
4051279175
2330405
46223
31730
7242
9
6
590971963
278482
2793049
902219
329335
85698114
56200
53763294
198191609
9
3035
980
681258
95891
230532
6094003846
597
4729052951
39306180
91
525527949
26
810227908
4112549
578653423
5
7841856
8182870547
60
2
419404921
58
439998098
2
7700570393
64395
5845217458
686489291
56892376
2680702534
822297669
3860386296
318837252
30418
426
866351
6
12756714
3387995292
4488684
569216
211
38
625304
66403
9
84322
847
138472
440182
41363
70
5232209373
512
637
95408098
237
72312813
3288
7406956769
4104
692524
8135369485
61
81549
2346035
771537
59
2
754
21324
84
14
92061
45887103
4
756
985675903
3
615161
8
2140784
560447
9
238068534
223381
75389
17
20
9802950
38978969
617114
5722
2283091
1523044136
856170
501329472
203
77
82647
580921
4377282
59392769
231059
93
1142
976046115
9
6953040080
76879736
530901
37
17
52848793
988
646325374
79505650
1352
9336
9385752040
1276
955
2086492479
62
5057950
128600939
578705
188
66293132
723065248
8482
7645525
905870031
2771390582
2
203
265257
8533966341
245806
397257202
6
1
17500
6262281
6945877
80
195681890
741609
189
8
51391892
274432
4357653
6302682453
70895013
89
90345
45610396
3269
128332796
26406723
176553241
7568469
1617454771
7183589631
1728
1
88
3758193135
1
981709
8938
98362
7581175392
952074390
30
34384412
729991272
85630
772
9279760343
6012304
5933500
597600
2710
32
91
1
94178034
346
530732
44684347
63
689
1388005765
623387803
13121
352
68
2
864851319
2514711210
3297423964
8533141365
755421
516026513
60913
6
888400444
525689671
932589
30288
67952838
53
90
8835560083
572173153
76
986
67
625112
648935193
6666672
205
810041419
9396840815
14
944116
317
21663
4814
57621392
49210
9634230
515
21679823
72820
36
6064
9520322402
3426
84
6361
643
830
65636347
65
478102
7815315
7309496
495185
9095896673
6441
78
40990330
751
6
5508752
23050
957528
84825592
14304
313
81
49738
35239
898386749
27078
37908650
101403
8715133
49736135
6808671
57866
98210274
47839227
91046185
712363
8182383
1609140998
97
2997633
673
814348880
7855815
6649
3968044126
455
8442
45
28268
4847
7840481405
8
6163753
8362310
120
23465
2816194543
34260
60
191748556
92782
20
59
112
1
5622408
90110455
398586
802861
116262753
538
2994718
258249
5
7767083794
493
5125587352
5207475134
39
20483
382576
971591
135
6907467742
4067
32
82
1
381363
1085249
167068
37
9869000504
8316
83708423
5680646590
9266043698
2254930
200531655
948501
279287
68044023
694
758270
1509888539
2
3881033570
3960642
674
65526301
46
6407472
19126
392692965
407413710
341160095
525650136
529
65
728555
570
1
7206
707214
512863333
577
977
6317094
69139559
66139923
71025763
409
7971
1614
5047015
87143
13024
7495
4983466
89
9211832
92106564
408
578
804208868
8052531
64
248627
898242
185530
1963068825
162
7
37159
4
123885031
762943615
2
5131
21
59
1
7592057731
497
274
3122570752
286316
118
1086690284
507466
634909469
829412403
18
440337687
4
417606
3620220
834570
1754738722
51
6863
2874047899
65008196
21620126
9
964874121
9398
59
354487
5416943968
455618515
5383103
1437
3689247
4869490
56299838
616
26505110
696025
49
502
123368
2639
53275270
65
1
9186
4678
5570
5
6
725
156
67
819
306
71366
768763589
14821241
95428
552967
95116279
1675021
5
291462
5966626783
13359
7597292396
86749566
7944246
996
8443
4752
30
3625839
8767077392
5942
338
6594930973
90549872
283
42814
9314348657
47
61314498
53355
405
484850
76
99266527
6
7761
58
975015850
11472
24020
2660
169
16652747
615044
741
8936
12
875077
663993654
73837496
3
25
53606970
532
227413965
79854424
83716321
828963244
1505
180
35
894
57
88
942932
214030
7312081548
87314
858
3114442483
430546245
4157253
264016
58958
61871097
7
6584360049
5660
767731253
82699977
624758479
3
29
3957
224725843
3719628
48139
68524
4
8891
5425797750
7
8624380
4742305
74514488
85792944
16090648
5825696335
7902544
369412989
866101820
10612
6026796946
8886078
72907
6879731345
95838
6798857
8
2486
345452
3831
6
74
758182
3122294725
1
12
212092
5299413
7
85885
9994199960
885
4433997
91
4
836475145
8
69
8158979354
591220692
217622
96
42390
287899607
41644668
80479870
7447320462
60
74228
980651320
150
876772
2549994
25283016
8978772
1218915077
28819003
8044408
1023031758
88
7
1841380377
296
18516203
8404
266406360
9111393484
721628940
5362
8
8078
3461512527
5175173
2649689080
111
16
747832028
907
72465259
8748
387643
88
70
61
803180
4452169
81
1688
9
736993
22527512
225
42
3127
9455682
59513
223039
421
4649
1
513617
1
1
762
275
663833
476
612
32152638
3770571089
9270
767358072
632
66936
27
2380
68567
545
720
323
363
80232
53729
762934138
64601
8286
958
330914
514
2673043081
2
693488
373847
958
88337069
162847
380759400
46659582
3590
575235
19
81924601
759
8
6635724
3
7813
978329864
7
2071254973
36044846
399208
3237806204
16026
9749149
61198
6
9355756
5866150
73365079
2927
4218906
28058
1286
917258563
6558
27762
6
9
48340
22474
2143305119
8258
5562194249
537725
8096453139
7
2892
74215
1366745
4028
44988794
8
4
5373826918
37027900
1
608518
55
77298
723866534
5
332369813
33132542
789742359
8136
3733935
356318
85
497024
7910
7
99904479
43
4829466026
6
32
889042
750
1237740
947310
6352163944
209597
853
160315
4199665360
8753
89
7553
60
9951246
460386
5153382
46364046
210621
789073937
85652172
31268429
55244788
8787
78887035
3922413348
7379794933
38592
893016757
3287011
7758
787
41
51
3647280
296272637
3102077006
3
8787709922
25
1863
4921
3188315931
11
943
5960744
374
9776802
9907283
98
301861032
18239201
819185
6262443
582
5833606576
6048
5
4001034891
436
5549566623
294430
6248499
650
875
1385401
883349853
5260632340
8298
571257505
2252979
41
112605518
30
1497681905
5
711507121
7703
7
5
11217
5413962727
508426030
11148056
65272
435575
43859
836214
239470647
882873
7198041957
1051
25668
53098325
3810
25243
30
906
1935174
18
34485893
5210449262
637596
36573561
71870567
23853090
3888080004
320
33
2465
1658915
7577
5
59268917
61249435
599
6553256
994729961
57
1568147
6452214
72154
4
475185
83
488
9159334
121247
2
3475658753
5190966
38754
89
38023
476796606
23839
71429
19
570912575
36001
6805095106
8690640616
3010
103396
583
31720
198
7765703
1239894941
7
629459
6294
349
439250301
8481
619791
91061488
202964
22
1
95848
552292389
8775
206
6635
145065380
2
9411
488784
43
563086
9
5
258779311
6247464
2
90141
46580225
54008
925
711
20817
869631
851823847
1108
68731463
205789466
2187
6700593137
2782024314
8548209974
31118
7291
5
5038
516297940
3698300699
1818014009
2591282417
8
3
7796894008
890558
999
345
44369078
8247172
14
8706912337
4907033
28
5822950
6
3
615080556
90155744
79863624
96
21554
646906541
81159
20
759703
746740367
613
73316974
70196954
27144888
2186820901
6320032
419092
8426
452910
44525268
70086
247191
81243446
3228550561
93893
295
22
503522
59615
33223
8126616227
8267789
181
2245158
118
42554
15599270
3690494777
96781
84736109
8
580795412
4288322029
91
708256
92
871186
2984
438523605
225
702368
2805574377
530
9
109548
9678007786
39
30
71154173
5
154
20632825
6865
13
12043599
39658
9193
73923857
5946156
7
1279354875
8979755700
28903401
6802337685
33
48
92802
20176566
444308
643493
12
8860
365395591
42
7156
129490132
7100508
25986928
3898527295
928766
65399
4591403
74563590
853236005
4577622370
379
21638822
98748778
246
485543367
94
884527419
1453833365
95
94711433
5
707906
4071
97983982
364400864
83817615
1
62
428
565836074
4
292
77
872786029
221332180
1635
1256
9049
677870
8399150
4764966
800566
872
4213810829
692
7793933
16975
261
25
7769188
2278669358
54784
6624
331071991
67661689
413970
4
712379
35890
46120
1335315447
915
215508346
55
2684
7502429176
6365192
6738391507
816
3489
5
5687358
9816731913
6671
69308
78
3169418
348419
62187120
82477487
7
69764
1171843
6237203101
34
268132
15852214
6802438881
1160
9295
9855547
5872462674
4419
408650954
10
65644
93200443
7672
60580291
314346
5749692
843217219
9
4
969246852
321036
703323
59410
661021110
9450547
12
888820
73502
85
37
2518373
623052202
410125381
4076098
966658508
93
656
6926021
19418
7
503673356
9
8
466493727
97737
426
635681
3196268
6781008
36037263
3642312158
198
7
650647
6616558
69530498
52947
4
91
6958
9640084
6064314598
8
622883605
8864
98173697
41
20506652
6
8994046494
6195464
8604247862
220078
5717707
3159164676
813650351
9684289372
6662937
717
4190002156
17178763
13
5
8895
461999
215185
56
6677469784
31601970
892395414
76
5852347
1338
986074
365
8981354
112943
296900
802907
364872
119
85
794
901018
83969665
9433
694012431
92
94
36690
720
2127226
307047
5984
697057
7819
9119
531311
585
5605
130
2445660363
410
46997
96614
39981
68685
79894019
82970
6506275740
5
8226137
72
99788
278572789
82
737376
674678633
49197
9504500694
5516
597
3381841892
6717934
5
9
57218
807473885
56
6839650284
97923
9708569799
819495
7291
48714
6639225109
6282389329
668764191
5527948192
90614996
6178
78
6947181500
198
3539809176
207307
12939
6541788
4945
726351
800917318
4621
102
608738755
9363983887
517
243199183
154367
98
876929719
937770618
4979402
3125233112
270954
8
4504
10762453
301587478
6868044
1843348433
8199
90
217500357
6700086343
2
96312
25622103
5
479
74174326
85176139
490644721
5327353
6819
5
7170982248
7600
59728449
912501102
123528970
70041768
2542
2561325196
95039
3189416
6089
3382
37659
112406791
64
580
3099828231
735480171
9889325448
6768432500
44578600
69386
73185234
8974927
966
20
5907270227
545190152
7749318784
6
7549
30132100
9137847
4586835
285127
90
10574447
813882777
93366104
4621
7515291932
79432
4
4223201
141088
1227230
22
602768921
8
8852689608
172976
16
5136601500
27946
612812249
91146375
1016631
769
17
82036
946470933
75
43364424
451072912
562523
607373938
86087189
100
7781
8194
9714095462
939497602
9
64130967
923690449
84504
4914528
8564612
5169
5
71526
814120870
6848
3
84817967
791
8
288600
833645
535964
689
61431492
8666715848
16
439125989
885859
459517706
2
48976360
1540645
925288057
1967648681
95
9265
766865
3806036
79
8
209491263
453767
90990
4
392808892
41312
534800478
2618324
246859
2346021
6997602445
739872
106819579
7942288
5667391
4
34681
482587617
309
20621083
866415120
85215860
5
2689618823
3087517107
9574
5947
8703
3
53
167325631
53479
2
4
801691556
89252
4300
19193259
2279
56
145078
2
58165
37
31600
129079717
181
7536620877
82294
95280
27
18
8
1843071960
114915
187952
77202685
31
69377645
9834
56
5379133886
4
870
610
68365262
39327
7836
359656
4822152014
8985
43
6
700151967
689
8939476
7
6
682157
867533
8362
777979596
1498774425
565
5026966911
52213
4344424
2815389
98804
231254
11
1146636325
251
934898
4565
288939920
648693177
5441
797
1747505
5793829
268791343
28599
96560
56650215
649
4412
1
4
574
556111
4186210
29623073
55
218582
5
550034114
54047
2088187390
6255061228
728
6503332
1178110
61
932659
985427835
2386728334
441
23
71308630
241
6443886
558349
8516682
6
936
9511058
50126
6
7
651341
195313482
349510
24
5098996255
485053
898429125
756125
49537
8601
5024
88421
80
43184
9952924
86
33335
7191277
968887
636
9957994
5
9650575
63293
58653238
38636146
5408
5834
6612587952
166
6275395
832
1453
41
64081
92254544
846
7184694
364658
6741479
80665785
327371
7205342
98304311
8824847098
72020798
348
521744
1593126841
7
51
210596877
42903891
8321380
3
2717524
57577
27224
7163326362
2857
62
607398
429875118
835333
7840149
349
954595894
648062976
234688283
6917
630381
73
799774843
8468
6734530372
173
181365
241
207610
9320184
79
2768
73
568538
213262
697
7
6624300848
6538145
82875105
4580228016
339
9116403915
432486
2414
4356
826
13045851
331444084
558525
678
5271
544826
42096152
3538
7957634
5
214
8045823159
5866
91272137
194043103
6200014
195701145
323157000
22400
8781664
816463
81401781
2006559
6375311
869
965
83834
7392615339
845656
8
8
8
31798
2
9057
3
2385933
3726712074
8621424
78
4
97131386
4141
6844227
53906
3883
7058321446
54491432
66362390
34821
114878079
820
913254518
552684
66
2210
2363
5396422735
879416
41216
503148595
977
896795
6986
593
479999548
836
1210776036
37843004
4519
57857
178746
8
775
87
1215950
4423029
3
9581812354
93909
2923
98242281
9787449
722106072
5
6900537
947618
13
407328837
915061
5
787829764
83856
790332539
7126324
32941
6
3684269726
760861618
6497
55850090
574
2432
20014
82768720
386
85925
9714838908
52736225
4709733
4446388072
181
8389
20
5311032
51152583
3358479823
4849014
831
87064
803598141
8
9318528364
2321
49
240917
3811
6466041
639535
122950616
8080283444
6835692877
9387007175
3783298887
3171
3376405727
26
370655
3778579880
13044420
8743321325
85622249
6746604719
343783664
956
2686
413
211509908
35
145319294
3797965396
250398378
1137776
80
85532
81190729
4
3119
498213227
7
37
484594
931881
930
6234656174
9639651016
178314834
1
99187
361051865
8
755037263
3
89
7461
4800913858
9105
9
7641352339
965804457
2254880
5
87911
5102045788
4165293
30772655
2781411
663
7302499806
92946511
49529541
427019253
6067354058
7401
38456241
7579
6968706
9228
9575235
553
44053
6
281616
13
68
70706116
889980195
2
652661
2
9
73926844
3464660
3855270
29621745
45849
52640059
2809109
31
37765
8181
50
936393865
65
4508836648
4312976
454
274
73855919
3942776319
89
133120
1510817
233335788
2681795
6360325537
7018
9541671551
765
226431285
218160
66953
861505
7648192477
8
351544433
5086671
3058324291
760859
8526824074
171534
73835
81366185
87742258
2058918495
40
82691623
889282245
63602584
9
5
1141
550
3260
5
2
65
776
112
40350
793522676
13
567
1855
493
286
4491904
426
9
8
108147
3421553366
96
568460
557
269945
8575
7458
75473
56
1795743
9
8669060
87227
6
548037568
3
7014
56669
43
24974
9492902
41
741395609
4713675
64918790
717795
70876
6454283939
885
7201850727
674040694
159
8
68817835
924874138
5
717217
50
97086
61
71903
758
74531
4
8
38
360
305306217
95567
9
848466626
45575
7
291
620
26702046
30
43229398
2042
87570151
7132
742825
94212
8711874396
433348
2902
942130
8051109
697763
53
2436102
8609180415
709
8287652
7
6
1
33216699
9831333
8
3699189
2
9185
2122
9364540
573
3
21921
8031807146
7
8149
109789
358796902
20252839
6471124455
19553
26988
26388987
74
5308018
16068
1678560
308
49836
6776
279969
59
57
63
20925
289
39535
3194077351
786441106
875179172
631
2936240049
7980
84556
322204
4890660
95
6131537
3315
3928
478
341380
606
464
246386
1622
7891
2
94966
168412
633778589
119
45093910
4
62730249
950
361
6019907043
923004
30164768
3749935079
64893104
7169
8
524057902
30
1102
61821477
38521
157
251869
6428656962
9278225119
565
9873220728
9121
1757639929
47473637
42402
794627037
271
23839635
5
643359308
8974089
4
58164
742210
53538
983078
9951450154
394
68
8
7319
1
39745
5596304
76
24031
5501
4
62141
444516
928771
4054727
47803608
7308303
76798
559146897
10
61
87375
12
8062665
633332
53
7514035458
8600230848
1184
2092436
104
264215404
6086
62
282942
234
922
766958
9850283669
351
7538209
98023
555783
85
1
6278386
2341617
4
8084860
5369862134
15
782308
25113004
37
246026216
12873048
72878
4
59094754
97
626346491
3740126161
3008026878
248215
8
778864
2480411
3
198725656
4622394
99535
36839
439954
596
461
62647424
1377326105
7224571193
68
70727002
7577
3905583
9606641
210553
45500
97498
283
9
81904
3878882609
738224
45
20247
24556670
3009
195876
4632163281
26617
5482
26110
6
415
91824
40
19862030
936495531
5872
81925230
9516398
9617107
953
728203341
7624791334
217
6364
1610520515
68944
45728
4298097635
173571
740984
37
5562827099
156433
2130504
50
2
2926245
21355
621
593
5119729
41193965
614272
1157102243
15
44
5353
579865397
46587134
647660413
297243120
364966
76011
7396476630
1
21
31
726909
266720695
52
90813
7749271312
83
383580827
35
4492570895
246
7
3
7615
712379865
975
102812
35392
46
3921741377
3079113224
56
2
787821
5139750764
68
7836071507
546
399141
7283490
2540709
101
1966013
505
86
176959490
548395278
80865233
8761822414
2917365365
2546490494
941
938892542
4922073
93026653
2625888
817
2630165
33217
6818450
46
834313619
5
2031
45
71821
5537512609
168
82370827
4977228
2078
2193805
2726
33266149
7793672
749693963
13
5
2061709111
3
691081569
22
558480119
690967922
45590909
733
9127
33983
1055022
25
911248896
94442
1
9584528
73358572
75090996
95
3026
4004
6083356
68682
709719682
896
67
949
44270395
5031067677
41576
325
3255599
900
638059622
18
5297058370
7087
9741520
795575420
5
5493357677
6959750859
284947
762
61903
56
380
898985853
9887
6587774
5
2990
893245239
79784
7324776114
114
22768174
659673622
88
699291689
6015713977
11
486263
29023732
3379299
432809413
4544340736
404244226
8485
2576
39616
609
3093
27
28263
65337098
3434
38
7
961784
5
7675346
265299200
668315185
3253182430
477583
397
2
5858
5300779188
7434897
6796448930
5536
96
5896253
539220
3
35779254
5545236272
901
367960
39
2887700628
9
9664838
305649
397763
73
1518
52324
634745
42609
3732140924
7423
7199917222
17
2265819230
970848786
426955
9
5602881877
8101103969
838311429
49
1
89922
92498
572622695
9617225908
90634
98
62087847
7916040457
2163
450183395
63632
63142513
64
112456
98178
230684473
834297
18
9415452496
69
924627038
5076529821
46432
2070
8690455113
5
1543018
969
1403875
424
3812604
1
79960
17377794
2272304879
994108
601
26342448
63
81449
357734
37915
70
52058165
2
78
632
4722
78271
2616
2
462
69428753
141
33583
510153
6
5
9186974961
296
883344217
45
2247264
59837
995858
7
73
709145595
966764201
90
9745166
29489
16074037
44771
805
75377
177
778555
11025388
6648349
5616622676
663625899
952466
16403268
4897
65733
62
470
7382240
1578
1169902186
58248
996
7743916660
55570
11
326158
884765
3958017852
33535109
4869071918
19
8919207
996970
40299
7016
866939028
109955
556605038
43876
32401084
490160
9
8605
3
7
23
227451
3
950539593
419764
6741
5
538869
1170
5201024784
2570503017
67831044
960827686
237678
297165186
9001721360
6481618
94
5
116496042
14817
463
2246677
6281724365
22867019
56
384
532
1653366
29623159
832128573
5769212
5119207595
57
2027
31152643
4796802
4
2324295250
906896
970
238
37253
8649
278537291
6732889
5730411134
67318526
84860
4919025
8082871460
50844
38
3689436262
873
5278008819
333108793
97174270
3489
79857
4122
7
923637281
4
24
129
5
1965093710
240807286
747
41559645
7107
63902372
3833
2695057
151495
98268046
103926
68845313
9798912
8147986
66542762
355255
82
551340
409027404
60074
49
8098
47
48
8438038802
2201440
20
945631
5130517
8669
4547506962
204385
84506
350759091
16060
649576
3708
91
5
9738965
368257
7
150
101082
382600
235
9210694
906265
9
8
550466483
1393782214
26414486
45786288
22985
5104127649
32341824
388
456
84938
737403
259870
467
720
6172
308541211
33
13
4129287248
427465
112
76217099
184873706
3
2
958
809851
66400977
38
94365468
7021
33726832
630137
701
709
4706658
4
4
19238523
563
1193312791
772206150
32484
7
4563
5467096079
898
896251
24004
23
5943611
16484595
1849
477351
1681823
58
8466
6058
6262
323
96173749
99301178
2765454
5831739926
88
4085
6990464
46
817612757
4006
82
6141875041
153739
6366293
4314
47434
4718427353
71663192
8540868
7166313
3947827
26
107322
8525
531
8317
5867671
570
508
1264982
8545698498
488
5652520980
26
882
35
94640469
46298660
411837
48000
5129
439545099
579301263
493990
4184653966
42354
8730
520
327304630
300
6482
4044
118901
94
8727203
8
12284216
22437069
302
792552
5742319923
222402934
4909600594
5830
5341952428
6140
800
78242
97
2715086823
95764686
566744
83
9
30995617
282
9376962958
4171926
6871923
4709
13724298
4520215181
261024663
5594332
53191
451
7583
85388708
67309
97
45885629
862534320
8771496079
47
403
1438
2060
516114789
52918312
1176
2011
825
75
988144
5
69713441
3606491
5
4818398
504647807
7103631
7986
733095617
1141900171
73277856
16443524
28207
949
1063
8639350
82687
389
2475
995
4301
22109
2389922036
7516207
4912496971
3035842413
452013205
65831392
1537212748
6981
9208085532
6157495997
404
8454
58
5676270139
492
4
1680381
2885
91581668
54
1
556
923634
95
1
7
8382324091
58450
168637
186375
366670642
4121656
5
480
307569
229953
4859
77
5091026
9894180494
2159745
384
54471
4486973503
7416417315
660720186
50268164
68011435
392102675
557627715
6371
69316219
907722352
67
43450
4793852092
75
408447573
48
52
8356254
7
98931
29
879342
4122
2
7390447
21716
667468936
767374
57512
526
499077
9373130
333904
5380613
888
5
561575023
513501046
7627406216
2
502
7654300
161
72
740784
3
6
58161486
3887
9891128
17788
8531
755
3960576695
105362
499867
6386739
760364737
864403393
36671530
40
795033944
4
60269514
8
6734960700
78
81
1954294
77
66
66
6244
6426
96321
12
88255
69799
7825270463
8485782310
887563815
51235998
9
7545897766
33387347
289
96655
3453
4600335
11691206
53
12325
6255
949
3066
1353
9954
1214427
48331404
65282
3625652318
321041466
166
439683
320
70536021
569
9930
5373505
22
5078
8
49
627386
19120
41141927
411327
485
299
9244040
83973
3354
3750993610
12995312
622029
6041486
990417
69
8752
722248
663421
251885760
57318
8988
97498391
40142818
87
7789000017
78
973856175
540
722
3429
5776
4916416
3922997
741925446
657
4009
627409
844795
3626
5
3922356869
1191
4682
896233
7449218
4
2
42260888
2459
573
954291
7896865532
126
1499788519
98
2222458708
18
546552
28234
358512
1647
302512430
8958669753
919204812
229210
24367
25
3
42
559160
85
2229845
2116
7325836
1608
657085
968216
34366
6979681
22795790
19586
400986
329595429
465565
212558
802006
85478313
88
78860423
3332
7
8435
107
7798
5202029116
60161
9822671
72874
307368893
31
85
98
546
82645
69031
17
7270
8
92068
4627797
8305
9356389
9077
8175186429
28302370
731077
79
94267
2714952
49
9778037
5653
70459318
9250035
232235
24
690252149
48484
70687505
8887813046
802
3788682
27919495
692
135003376
6539073
17706643
107251
4912511885
78
9
34
190842927
7231
1154311675
401
764460
79
99
5023011
369
820537
28552316
4391607
689
30934862
61
393506
5662
6484482
6
45399199
720105
900069
50
4291
3019408
40
71070
4215
426
79637
669641
51134
86
28196
16
316808635
2319
391854
576
779207343
27190
9
6
706806745
5611
6591593453
4
316488
1
8315
3
839843165
7
3226
755150938
6
3687255810
824374877
21179396
7004434214
137
6228865364
2639525
944408
50
5038172
256399
46
214302
6303
812313
4530
788
6534163
677594469
618
414502
95323290
48264765
228539087
3470
6
984426
473
84666
547
5867892
8471539
7971
695
426657219
5488
60966116
5360344
2361426768
3553458654
8104701429
578162
710034121
592036
977
529137093
2110006024
797
7
70401400
697
756
764
3686023
47
25
931882888
75765
32
67206355
147
5661767
72067
54
88060204
603019
4622
823
7103535356
212
60077
12
831003100
934
198
839
405256955
46262
76441875
358
1
97117
32
279953
7
243
3
9
358076
9718098190
3126
72693
57911
8062
62546295
909
954
42
9131261
2629156
286820866
300987
8110237
22371130
98770019
374821
2637756
53277661
943054197
729159612
6705976827
5421039086
151921190
7
500653913
8
46
2576174555
279540193
1652
74034
1
92690
50628
29844467
4913
75
615659436
3703991
4
334409
5518082
2032998212
38479757
9179
8807769
3219294342
7137295
908172823
670
109
3163
658677
825615068
64954
3465
45260383
27579442
315
273660
75
46
5382499
742
6233414
568094331
285365
33498
59501839
7775
223434603
98138645
70931774
3521763690
65388731
9945983634
660768
91043722
67882
969446724
1938
69024
832594585
24
7
13418003
71904239
95467225
39642
2
5538
2671981997
979301529
73753305
404602
27
6
20
26814
7
76158
17960817
413498454
78849
734572
815402
9817992
18010
392722
59019
496025214
912
81142667
65
5450605
28007232
11
919
3805009
30914
7990605
5927180160
8987711
4347
2772801361
85
54
99474953
5
6
39
6626
84141
7647
75033596
3580016
7728139
371
78
7936
8761195
611
969417337
5800063
73
9935
5999
7413509257
1278389996
268060127
720
8913551
809
8869799
5
1946
759628172
54
60114786
6423292
48438485
77
9058270
926
2095046
4353
3357714
4434
3039370
835410
93
7556
44824
817
149693084
7908590254
7
43403146
5
5
992
53553293
26
302951
9444849085
9
3902
9
7008
341853158
36546
873216813
9
40702
652587
77142888
721523279
78
714611533
704
4901
26247
9066612606
7881768646
755993592
58
8031204
76095654
5
217
41144
942
647
513
5079203
447
57867
4807
3
6730147
4
40827907
428091
767707
52
4
214
65438760
523
67248275
5907716084
53317
13356
2306615
36504
39
841560348
5032441
5909071415
4854
25
55
38148133
6
428253
82919488
344787500
813268705
65329
1535
51922
5737307
381242
26967
942
47158814
6116364
36
409310
8668382090
596292002
10144
17850882
564314672
24917
4307
750
520768
75270
42
75887337
571002
31647
8152985679
2
11340
9579452913
826
206
86269
16
2707983644
2298118
306302
890111
3379
3028179749
2957505
75909
82003
2986
215963179
4895164
709840
17
9889870696
82
592839
3
3212
696916532
891533995
3715
86
352704
890
73943851
587662471
3
592566
7
89
680
63914
1384
797
95
6452
852513
13236
7090
946059
539
47
2025880876
289337163
853031
7608
31900
33
81
274670
73511
857353792
346
98315744
7596573190
9387158197
440042673
24892215
146
3
9
972
339964683
4
96517396
445
7865520
5507038486
6
2310
2732
20069649
71357
76492743
180053
3265427
521
1898058
5
89
524
406073705
89
32
2873
9712
3633693544
739154
62
7
913
85151
2772
369477041
6408298
76302739
715
5724039
32
4391386836
1280517
691689
131
549043795
9214284
168
408716
91477366
486
9
77
56932937
95437
5659
60485918
10
3491
853
5917
6625
74
33967
2756985399
8767420
45599
19447
37339
31767819
46228
3
6303967
99
426
543448
852
18898
7262066
372244956
94607
324276
69181714
32711069
84720861
89
76
4520
337693
301453293
345
4691686
4039
489
53227
541920
30597
4
39263
87620
3779
3231
416
38823576
5959073424
3
19030285
4308
42
8410
2
9912976701
934586
168936176
7
9567413
129702072
7
30883
380469787
74
537
26205
94390348
5213376344
3856264
9271601352
748
44
27417571
38552829
96822
91
4905
5241860
368
523480868
623787
69457379
9318906
17
19984
605
31
54864161
424
3691327098
464842240
5312284
5078
6270003821
954
7477
6643
48064775
2256515
592
886582809
17
289
381563
9593
9389
138981
742
41942
6
43
47641615
87
4746751085
64758610
4
6624825728
136477324
5459065
8129
734152848
308
64
34888879
729
1316152
95
43585613
9995054
6572
3191837059
44285
838296203
8715
6
7498860
63
5
7561582952
709907
126354498
918788368
21
5793667299
499431
56
605390
7
5403585461
498999
1817
73254132
72565468
3299
175432005
9261849
669725
5711626
3256573306
691095039
11257
9596447
863
7740171211
20036303
15
6930416542
459
788306805
11609522
656
10645553
53865535
1541515
4833
637
483
1186777
38034
86
4497292
7022500920
26296497
81377529
7245
7487935
523257
343799974
946468
899
983921082
170919423
90
21
7
981268
55083
26
988010
97
59999
98
716496
890915
3
1563276588
25
1386
69013
938444
40818846
231161
2
6204607
88095019
5878077
57427
717131455
492425805
9
2
42542
929332
526515258
7579
262321295
121
5160
852394098
9997
960918
98234
2660238
356213108
59987
7180015997
99
7973
9
4349374390
33553163
70779
6272071
3427398
73977
8010353690
105746
984
4
9289194
9854594
903457458
36129
4060629280
9939632
8648651
6466
2
28135
3743
4474408436
1403
9571
188
5
1757073848
84
3647019864
9
51521
9668
84456449
248264
191052
329211054
1611829225
3
4
50175
172
40511756
231888895
28359
4097
718
666658
7270
3
618
589423
263
1
6208
9314135
747
1
17637386
534
95541
2770330
311
44
77955
84
12123
7
2588799
1491484
550799175
1
8939
9418007706
88103113
434543435
477077079
48325
98821
3
415
4263327206
1209522
30989
52
5136
9
210
53
55758
237887336
68824
780
5
87643757
97
605
981567832
4470440573
478
5600
982
428314000
6273
8214
3841636
5815061
941
654340463
8
280
3313555966
53
93886
1300720
4374893005
81089
140
5248953725
1
43750
833
49350
6
3147819
81344
42726
3836868930
70
706863043
7336469
6842
3663
7162970770
806927582
17110
3
611467371
754788948
9
6682
58
26103840
5349
98194346
8066863961
1444986995
89279049
82575598
7561332386
574
5
41314
5398
318
351978
45983
86051765
7
2387
81
310973
25566163
12390
51490781
76684735
601
57478844
601897446
22537036
9707751
2539
117
1288133934
65
9145613909
161
666055638
92072317
9
75329607
244555
84080689
117143
2540
906161753
8891365491
482073286
411
45
29
86256505
46
6528
66
5896947
37
522
8378674293
867
9109549020
97697322
3508
476485
74
64097655
1238688
973
8080375835
4213
8183
2426
2303296999
481
1
7656669
24
2
1463
180849
9891609
16560
3221
8977052784
434905
700467
15895390
5063236
7149574
502197
3
5452845
375
36824
9032933
4630484
2233
71748
3
3184626
4204
75911
4
2559724824
351355291
1164
6450239
2945009
8890611054
459523
78384204
4528192
7150
518
3224
9598498
8
6847
84229615
36
89913382
531
10492
4
7
7
68
22
7
74865392
43159828
5584
644
933161
4980
8712
56
616589
22479287
2057899
7925452316
7807295
9061766
7140072
33380
956863
88
197055
283366964
990349
460086221
37976
668956
48020307
4360261703
4905
9
715
5200858856
6860926423
5399394
1666999
379652442
293
9877349317
1
9565406
781
4287574
988
3305079262
7
4469001660
1382
787
7720732
742
72
1102594
98633
75574
908446
16809893
31625592
17
77
60
4948
395234727
7434
9
22086480
354124
600051
62
77068309
929124
7251963
2340
245
335
248709
984
7
8214242124
20701708
25340403
437585024
257277
7529134
74898
750
61023
230321869
727
188
348496677
983626
5
1138
5
1162596800
475071896
851
955453557
1619
280508117
35
5148289245
3304468
1434409
6022050704
8532134
89599
575
58816984
27071230
4633
8321027894
6202239009
4119253621
4
890316372
646741
67791
64543
98
1020
6976213
3351643
58
5027
6849930
993976
329
2999804
152120063
58866
8062337
22748
78332210
62020593
6
9
9889568
4757
3250
3737070910
543954
865790
69762523
7670
273
94
9220080
7438573
73825
81
97
7884659
1
266129828
545
486
97
138
7
7
4
5440722
49513372
519418
5117792
5081728600
39
1001
669002396
10665697
29227
7878354
471920743
9532692275
7128796
373169421
842
4077845
5518
6698996
2723024112
8183784
386829
5009
7297662568
50719
411
2327489
15528209
222
1
47886535
867601
1
62578
60
835
44672440
240945
9967024293
6786106
83733327
2
263444
717764
458708014
7789824
3933807
37
873801
8518512175
8
91367
88
58237
579
47
1117886
5965121
818
87768002
16
5
4201967502
1459810980
8746423
569545607
611140
52398268
34772156
2457518750
15556
318
992646133
93581820
197417739
9843535
521311
3833
1872984
872912
8
12
358928178
24581328
8105912371
87292386
82326
41
6482532693
8682131734
90
12563840
3336612
5001204291
5803
406180
397024
9771
415225634
1
7
1804656
527785
4341307958
5
536
76025235
99610789
58419867
546984360
76
692
118104
97778
1597452360
477806636
12
2834574212
76505
12753057
53250604
280
20
513
256771607
1744
29
4643
84
22031343
7199917
5
598563546
2424550
358
70
344734148
38248
60
2721
4
467124
245461914
5692752
898
2
135
986440
143041
9573
36479
8
7
24459867
942
95075380
4
763771
414758305
425
9
8738281
861131
91407448
795
8093719
2
76
649
28374721
9040526409
14503680
7
7249596
9
3174
96694114
575
792503887
599
46763
3
1
64
8211548
173461
6093841
57
997196
31663
2996306466
42285
14125670
40917
10257973
74
6010665483
37875334
927
6741
3942998477
1
694920
75
25
29850829
8442162589
1
4
4
8300098
19827679
33
601925
856833
86320551
156977375
41800061
441452
357208
5
761147450
77
6
93
1
5315
8929395
13
7326032
2
3010
35
601
405
6444
46
60089
8
7342
7158292
95468
1922
1606979949
31
773296310
74308
41055
2597249657
5558011501
750012
891663856
9634579
580
4432
93
707829641
3
404701
701
662
6972239635
30878939
3868
6
35
9
855981304
195
623019
95098941
170370
44
2851426
750718
3856
80
6100605848
27097
938
86
1
694582
38
232930988
68160
18027
63448
391488
36426715
1
2582
943
4892737765
5651846
72926
50681
73188075
874228
3931099269
423306
506285
7881
97182113
620186026
3842
73
8870236260
6
2392315897
5893
3542012
18
558966
5218
6746
761587015
5186
163948556
69
824
3609987
4373
64133
360654
567200
1283
8017955295
10239
296911507
2
568231208
786
704
73005
690695673
95094990
795
5998
24706469
7303684057
180
28819116
440220
8
3
62411640
8969875439
504071
70288
9
747
4885683345
88338321
6780057
8771
1933850437
1
590273276
84
4
6
5216
62189
29
7057
9854
511
1198442
8976
7382
2516
7
43
5911064955
5269359356
59766067
210860567
9955289
23540
59969933
67045986
5534
488138913
6994383389
65408
7026778
852
42846526
80978575
6698865
38
585983067
5
486738
614
51430
323
4614179
686
5090
3
3036
938592878
577
8763725
770366
655120471
76
421960
60097809
348614
660590786
728050782
53456
5351500008
7671266457
27
18944
943627113
83
2
6
838
842058623
24
25390631
537
85
98755601
1353
71174
6966387
5346470395
112171842
94650609
661957
293
265
876175
9
95
89
299010812
107
1079479707
251
84978
837234
369
2240404892
575627071
1
214874
9889812629
965
3343222456
94
5
225411
9747149709
7336080
3731
3399
7949675817
9744573876
618
75
6995091
57
21207908
9652
9
881
320794366
53557
763
6235762
615
643122
963
14118
27079
4
5665947740
6
5471834
61587717
222957
7450265
681
5550139303
2056852324
5107065
137
1836545912
2526
544616506
9594
89010
1389994
6159708090
6377
6936
5348593
1
3
162022090
83825
73199110
134
75175
249
5
939
8
30059
288811
4619
79212831
59198257
623661
3507300
7020599691
589850
141
899
51441
2191
28
582268
5896773
3
7
5605868758
4
4703762141
27611
1650191
64431013
93
8
1879
722212
740
2
634255536
5851353837
914365289
21510967
9807
2078470
51
7218614919
531439
635672
696303
7722002288
76
677011083
1
2
919387
73937
432520143
3386372
404562
5
5
4500
74009471
75
63
9166070
698236482
87452
85806
5138990
670622
436112175
83534
3989775
858097949
87
229395838
1477347034
87168096
514
1672843043
4857782
71752203
80
4080
4857
442
2
48495108
102245516
81
78008484
33303
8165
7
20664598
9
4135091
85
708768432
58
3815156
5947861
36
8920
63490970
6145224165
63
961327
19
5275441
26488026
61630978
8
9891019640
26966201
808736964
876349123
7428390
82805
616385873
6323651
92213191
81437467
638009
410810
68766791
4410
8
8
8473267058
282
9240
23
622
7882542395
25896011
58803
598
896079
23822
800901
1238
6395
598810614
9870206094
1
39662
76014771
9
18
6407
474464
26
5213
34691
55555
15211975
4501172628
15000
843
198512
35
3323
7897
2
25774
4749
596
2
47892
7889
13590150
2276
9
549135973
91924150
626
759846
5
1574657076
18135256
385555
849434756
3
6
31704
3392276
7944557
332158
6266338
44657375
7
888273
52316315
52
43146
10863578
70
661815
96460
7343689141
4958683645
93
3909038477
33
8932522
2785
47511803
256137174
36157
64
886412
727305524
72
265755
353594
595863720
3546834422
5417794496
924
43
1861
82306
230992185
5731257786
664676632
1748385332
5
467
2
6584855
1
4202633217
58
82906
6461
898
89418
59177447
64024119
4
1343204
338183
2
8665768646
3078257884
1313135586
52244
7754
1730660
3933784
521
89
93
389
45
421273
13043
2
889
984356589
442
739925036
642785956
80097274
492206
796509549
4053383168
62422608
593969
164858901
86972
14986
4755
872425
508706
3006657
3777728677
163
1
32
9382314436
4257108467
709
62812
4
710
8
28471886
960359255
235813970
897942
49262
9
2523786
6930
3404433032
3114721
6624036476
703
56
382
6797
43563393
400572639
77733511
5
2495
617612
2019
53
4271988936
500783
492624913
940
7118886
4119335
405
82066
855416
408484128
519095129
748799147
6
7136
6
1602
28
648
50147964
2049
120501
143
61
14289666
86417835
61815
412443
492618265
6
9530
73496
24
9094415056
1918527
6463808427
174
81339254
1
5
824901593
3438639
9180012320
98672037
4629
1
4891266939
945
4105073801
475
608
3836970868
5288760
6
129238
7089999
440068
5527582147
3077763
45312357
635769
107484138
4261693
6
511262141
83309
7923
7796504
319770
40
393109642
7
90323
4987
5371
133280082
11
5364
7
275575
42212842
87585
471399
990
48589353
947
3126
473192029
187845907
480947033
4116688745
90621782
2640231
52
314503
16
34292
899493
308617
7607
48904681
945013392
3116723853
8801345
763152
6
743034773
68142
624345
47139396
816381
44
9247606806
7875
62272857
444027
609
11353719
1283
2337630
4261099
7709072
161844
38
705
92
61
5838772577
78449389
9208982
77174
4517
3569646
16
365216
4272054
911
6
2894477
77935769
98973
730222
228
6213
4
416306
9785161284
44
3329090394
753356018
16459246
503614
2
31744
1889682894
9846
7562
2864859658
2290
848715343
46643963
14
884
7
733630
827849467
4755489
628
54431
449677
92
21776
49
6942
2027826534
6507023
516520443
1
21
2030667004
106820898
838155546
253
1
5167
3767317431
430740828
5658886
72607595
95273
6602
985
83853
15048
95639412
19121
4347668361
1803878027
716782
59668204
28650
9398426876
1575904
6397633
1902205
58
8483884101
132
387812128
13723
213
6511
28643
5174146559
1
238541660
9
2397
648766910
8271089
2446354
688
85
2436
7865249
97
20124
7780974
907107
87214
795281875
82211652
4348631
215
38
65
4
1
225167370
4415262
856
30802166
25502
4
41
8646492
859259
99550
36897
45
41
567
92
566700447
712
6711
2869106
91869534
546
776189
883
439
5
9556338275
3813566534
933
24586644
65290828
48093789
65620
16705454
8536699
56
43800
7302785
6758
13539
73890093
243
949527457
1
11013
51331677
2
701856245
52269
948260
513
10822216
9697795
74
39839
575
9609016445
68
500276407
610789613
592641
563
36
516681
96543066
8223987
4803456
2
686167
977891
182
37030
649311796
6
7694023
5742792929
86879734
23667199
4157220
452
4
773
1160680768
460418
49290693
872516749
31444
61942324
7967917
435
5010426877
5538
2
77
881
971611894
8232597
1164
7408
39494
725
192
185938
9380877539
612562
838570089
1850018406
530440
3692145
74318177
766293
2396223
978
544531448
6932085
4444
910409848
1
97
37673482
5155121633
172473612
6007552
497729
24975100
6916
264
390
152526
199837
1603450242
34330523
990
62
8280289753
76810622
16
1158654
6003
81981
846322
5016819
27223
935784
1
6879270
3578881
6
793489035
818
204054
2
9
23
2
2631
5032730763
5
5
969
46584624
50834
2849628
2361
5
180480124
425157622
8538136894
440871181
13199306
62
2175
247981224
305140
1182826
82
45
455372
3
30
804
420
96096426
8883
8842472747
2
829918904
9760379
689627
6717
692
3
66469
1
73130701
3199303
150
4191592944
597613750
78
30228484
963960137
60251
7378100
81
7
1295948547
530796575
11555523
752
4667696454
29
6962397390
5538
4648
68675
42755736
8
568161
286
1353257968
3573416
920
523259330
39148
29534
1694074
78228
5
757734076
87727941
253
7374743
27665
1
5228229
5
495
8310636
6939311
1612790
84397
49316825
697250
5382778
1
6957720
645248
2449682
1477
65973488
114
33131403
5743
37254419
155
2704808
9
7
21890
6508860487
32
394603
5385
5013624
75804153
1039439641
449154599
9
847900235
226115557
487
81690744
2
2651500602
88
60094339
322
2
379498
5430323
237171
75373496
988481783
8507254011
30447784
350971214
48960085
4113
982440112
70347351
77563
2
8404343146
24
626736
47241
6
18
2993219803
97187996
150919
5077
4245504222
8634130
861549400
35578672
15476
1000
2354
685129
11
2267762
80063922
77264
7829299224
1014561
6481
5
4713445
3377824058
71555
1796238
5844945182
2406026835
505
55
980213442
765119
16634
9306717750
6049714195
5719
25966
2966777209
919106343
41
591
1404
92065
29
5792824
98977
917562
1
420372259
53829
8381
109632
38851754
849294539
7044
8327660097
45804
5788626740
948
2001161823
92837
169986
85
3736406833
177
6932
4
6885
5542719669
6
65013260
133
777
56680632
57
5418
4409
49
2991559
898675013
1010
476
63077422
6692163009
719517687
334116
61643
40305
233443840
2212322
4
71231056
1
2531640
3156254
608354953
9
74048561
289
34308622
82556
8199747925
1
8
4531
4684
9595513205
6303192841
780100672
740321424
50699
5496
16457420
9864
43
334
33
43
4316631842
8308
5010175
666
602
6178
4
55099
162519775
445386856
99892505
337
47
6079492
360296923
67200107
138775
5759502
9868017663
3360588231
983946502
6
500
8973219
2451
8978
24977573
851135366
35171
938988
528
1134197
9
3498
8540780
2155802
823204626
7
29072837
4385
920912063
4206
62217
14523383
7732671
6
5
921510
3
768931409
94967
5140719
194
9148
600
8492844
6
86
970530260
59
3071
5
26
70333
1036
68963
3122
510845138
882
9885887620
597
387409
74510626
8
183435
87066384
6378
600
848463
177
18417
81268227
8392051
6612
50661354
9862870
1582919
1
667041
847
841
52357045
4
909533133
6
66771376
59579731
5703018
317
43662815
95
2413931
3876962986
175022382
4
5286192
75
4
518544
29
8589139
720023423
1444
508312
680353728
4213
6226623
479813527
3194
2493
7440818
5280262941
5229158
9038
23649618
617
824668789
87168647
7447865606
30
6980803
17
550
8411635621
16068200
5984621385
5540993
2525791
7
978708692
539216
417268
21933711
960452
106797
6073291
2228
513191
661825
3179363253
97798636
3
4
5
571
49
48989
684
50579633
46
623
9858
832566775
34941185
1478
8455
21911468
3845433
79606141
4374877735
9015026
3
4
4753
353882639
4171836491
187399728
21522
9443458761
6
28616
5909682366
7666
666
469
97504528
84719534
99891681
6096905311
914869166
6227
51
7109981932
99477
3
844
7
2265868824
6
5
3161
80983
56289239
81849
272407
600
4620
832
70310617
42678
7273
37316
75
2637
20344
639011843
761588
10
3
6587480
77303
544
49
82614
840292
98199
7565
387318099
4508446
61432
743145
5971
1242
41
71774014
32818033
763
3
2400177244
70032
8481487337
2533789492
4648130305
510095868
5541811584
7046409
96
995719
37330511
55
20983
469
3
80
670090
32
294867
1665852
991273922
6
856113
64
196821
23
6781729165
8209349
251293660
13379
7511695067
9008
819817220
27606
34125
44606524
6
960
2365122260
7392498
770522415
91496
991831282
597588634
76
9838
9847678569
4286755
26487324
1827561
25864
379770899
4904
61
6049
107
4681
7561244
87671
36057
548381819
9608
1900202032
84876
72
6
2
949192169
49257
95
4
4
33386
694
5
7393526
5408522
11601
5
8
71
32524567
3767200
44
240392036
19967459
967925
22
2860
39704873
752
222113333
612948047
459
7334
300489532
653072
64198
344199764
377284
2
856498886
89434
67
630
69
286921
36398627
35
4119
4498022
3
3391723183
56
85
623610
70
7077735730
94190
640837
70
2392
5949934
14655640
91
1598349
572
4524
3539
69041223
3525639876
205361
85
69
8411078
8
4601117
299274
4320662
2239327335
7
78583491
394111
659970
6399755
906
6746
442
3
33640226
15115559
8939872688
1
14194192
6339021505
3614986
809
946
929205
407
2
7
123
700942835
992054927
9933
4745450
3084
1495
6620057798
5787
4421823252
9188277510
5945
916321
3
91145
50
49
8
4304468
21854
205968
8778570966
65416
20283033
172
7901
8385
946
6070
3276689
4935
11419338
249
1846
555
1
41
646420
954178607
4
854194
38961855
66453977
5238200
122423
1
600
7690083
174144221
58
271
28020
6673
765940267
26876337
8495206
96
75
1261778021
6
9551872709
479746
18606245
91601641
285244755
15525213
192
307842
2638241
2130187917
39984274
1056667
2
8513191731
24
66
585495748
2032703795
59510
4041
77
5181963
474542562
32799
82
493645
5386125914
66
192652097
42
50656788
38846
87615692
900435
4999
4481
6149165427
33552
8
72096970
77516626
35
9
9
5262
2726620533
4677284
2832
1
186
6840651948
9613
565575457
3
8299
1958
298659
63728
6208480396
153
520877
52793310
15733
277290
244904
236884442
84267870
97
66
95872402
327833973
845845
20
4
9906570
749956
53416465
8711949047
7688761
593598
4261
8933958189
10346107
6459834014
865322037
7216376112
91
5
379285
53043499
477
684729987
886980
8
845
7744868
5933
44273
31
24793
10
4491476465
4715459913
2745170
479575
3
5761432
98344658
7
24713324
50
785
3219622564
998
2138
752310643
103919242
571729
21369251
6898876
76602
7
822825612
379
6221
797
2148
961
7928257
84598413
6
2280
65155
8
7838066
362788
2
7
749
75721544
717146
37944
37072795
235407869
4
957
37
541
42084
13
5147
6
3594884
95170
405210978
2207
579
5088
549
788790
6756
49
22
13556
55439339
84255943
1184
3432088821
810076349
86
9955097
8349250
2122701649
17854
23261288
896409
91
366396026
42
2696062
969738407
22603669
234479333
200626
2411984
4159619146
2175567
1010
299758
8222
492460189
155251
5254168
5476238096
20
2912666
6
7915
24419775
8
41336653
81
3426742200
18187104
53447
10
48553165
3
197494
4778530282
87139
86416528
1546
613
674
7797077844
7167107
5840821974
1
2191282
683269
2502
776
20355
475033
1041481504
3
9988772
36818650
18700127
6809378780
782847525
2
1247392449
516
117638
85599
4925298340
4759
889367116
85598
52
773912113
5996
3828568967
15429
756052025
812862546
604
6400144361
41455
929
81376
1847
8034953
9406554156
74
757034
7142179976
71777726
8587
91
5959048616
90026
51
20
63
4
78
178
4834976649
56541997
84898652
1321
127
38709560
9366555639
406109101
4561
89
3533
2
7923619
890666534
32
910
6290450
710970
985
234230896
7796
953564
594
913
934
8
772
521288
943362083
5
2752846528
4730
338898159
9
22513689
83970
6631584
470795707
889
6650
398
734251
2
43797821
5090769
71397
27373
6992376771
81
7
375
39868732
5869162
771751
8
55258660
5417852
8641
7
6
413
535
8295416810
88
891325
559
2
289729500
56778
8373
58482
37880226
5696013545
578965709
7200
8606925602
202190248
2859
431058
8792395
36
234
796
1
4915
7250539631
307
929372174
51974
4887
35997573
658003
7832351035
55
88
43
10808
9
853754787
946334
40407422
26
19
9
7
66
2946459137
4778496
72185
460677411
87254
36302
9
640433
904846
109546
9704745914
4817
3409858086
8804698212
134
364653260
29111
7846
7
9
832882298
7
9543656125
9738081
789
3425
338600
186179
9637
51
9272
2923628900
2305185
1013
43873
409431
277
212721575
6
9
1876925
27751324
765365
800
5179670
1997219397
5569054
9655
10
7
43
27267
213624041
9476525596
416494
3
36551
8749597
104171090
852983
534
787478
2700
91527300
146120
251660317
99241114
5
9066031678
3124553
2829779646
3512
7633312059
6
427
867464718
49060896
76
31102984
68089
9
1
71986983
5803
2
4461515490
9353398508
91081174
4298709753
5
226301713
4682
5332
1270760
9958614245
7985
5471169753
880034
3579456
98445
155032
67691245
6
4303355743
52678
57182701
4823
24
760
155333846
52981
5
97
748025
242
14
1
79
757036
446728843
304886
6
91303493
6295010
53691
1
54
2396447873
52246321
5
5503
439
82183241
75153228
683193189
4532816
5830
4505763
3
445336639
6086535136
1759623539
85370
40746812
7224839252
96241447
15598
726718873
7156828
989321139
1785
8
8918898
843
2
348
12287
6
3921
7385125662
665355
5573
4840147162
82
8991716
305909861
4660
6843685
90
21
323308
692003158
184577471
172745
8608
455
30564232
79
3242274
69971
87657
688
4
1534511
8
11718
4
459373
12207294
846699
46
15039571
789
62948850
6523782270
3008618
62775709
263981
8673
18813
2862314
7
246342
505439696
987908
1281621751
5994196047
5556924672
1092255
338085
876
8177442
8269749
5
739948485
921109059
241
88549
998738
583007
658
6611325
52525947
59020523
537088
3543
15992
7578
163410
2939036
7
767893968
7
1995718
39
4310
168743
67
338269
808038561
80172
4277643
975
26946418
52446
82675024
9
3114309
2129790
2885977
392852809
601
2322360
3591957
99665
58688
23139
9784370
109864394
1555
35603
821
6256964182
5045
5420975993
634
240594
250313138
3
50718562
30475
225
11572719
58111
793402874
348
868
3892
941910
1934092
5136924313
1476360080
2
104681102
832921133
7
6659712253
6288
54082166
523665606
4120389
32
7280018
8904
6
522122076
40
76
47
7700235529
474745
65
433462984
28104126
898912566
5
9
6014
54475
185
25953
319246
710
926
96961883
985352843
773
745538231
941814848
1152299255
2633245428
7
5127278
172203
8774727
836
8368126
263
6
41409390
68622261
8620242100
467680384
28059460
5
1928190725
375930
57
287773299
9490
315503288
54831
211
61
8129842376
84809
30537765
4229982
8763722039
86117
70351
661181368
76856017
398560
6008031003
297896381
9830796
487554
588952
672
9766
1
20968
9221025
76
38177253
97500295
33
470534
26655
6670514458
48
440075678
7081962
858078
59
35
1
1038
89
69765534
938
14
797347
19
53950
566
84067980
96
9324
639
7
3379197
3369552505
2731469
69
724
624
859868160
6800924
424147
5779585655
92
4790907
8074222300
79997431
93993
5
32703628
733
853282942
68850
15597
2091911175
1244073258
89942
6297
5
32856049
5603
830
1
760110
4017155439
725
884626
48329
6118
34
4299633
864
6646
2066745304
6
392963
793
225
64
461814
456157
124
91370
546379
92686093
290
2883164
63
41996
28
28
101567
39779
439035
3745
6568768600
820
41987946
92592132
4624073725
55
111590
1088313
2064357636
489500927
1
320
78
508
25592
9842478
5182041077
11380
773244
86799
6654397183
315
48037
1778794
403
458
275729
219
8027
31
2
899
6497365784
682754368
12
234122260
487
9467866
320
660929
2818
558
2686
684481478
9381267
734028493
96
3560215
195
5187647873
620263
7802779014
9415168
5018523920
892110102
7952
8356825
479878938
84
615
64542
846717695
9842786590
954
45
4662
7
22046859
65153
5
42611
80783932
60165
6
5472220
34360
99377
57685062
1
45269
4189
92337
50705
18633948
5
831
8953
6306631267
2093448
1717612
739386543
2947
7593912427
5264351
38
6
687310
939244161
2
4578680864
27416779
848
665884148
176012
252116699
99
803
204455
1855
971671
9271168764
97201953
402111972
681585724
8472067
1060616
434824535
640452248
8
58396968
15054
9484
21
163
362
417
9185501900
6384371
2874
565377653
1
595198
4
76
8
92
72
8377191
17723
324
78
7894
429903
318
2
49
285457
4
109097517
1657713308
2182
2294
705
418
87769123
203
83
3
200303087
9
81
9
6579
92240
387797
3
4640938
39177086
425537746
659
961197
855791
23
6895618
4706
248319629
804
2264
4782
93083497
6186
33
183436
734
32865
69
7178047
6340473670
6676
243039
3937675
7277
817
192198658
93
43
81
1401760923
45163543
9
1098320850
7985
10703956
634941
453091
9760336752
1859
115
320843
7760258040
17654
5346797
893039897
862
8185018
134
98863
1682223780
106417320
8307023633
9975029
1742538983
586800311
4019
2562246609
972724423
23838
280142242
8241676
34839
10434
1225507
929098926
5341
55898896
265426
5353471
76
7650
8909377
3075
440
2033
9865981689
87533
7291
4
390801
1645
48289
7783772
29360025
861854702
89477015
14120
9365806
2
456820807
6721817
59668936
69906345
384
875664
431
2578336787
468421
215662
3678005
2729
710
4
72
75842569
3
32454113
8323739195
5797
7
93365
7597071
79528
520401681
63
11222
390
53750166
81
164459
5205462571
7
279233339
224
6
80658
1454
11417
3002332009
39
9
187997
8747274
4814652263
549
1912913336
75
8116
2702
68
5350404
4119718952
1541675
563
2
17
780497
79475
43660893
8
16926335
28
457976
71755542
92883
99
6
1
938
389750
5963286768
2
251090588
6797129216
8494
9
38328
496259010
217169
5056
332689
13
2086
3108532187
93
81
23415808
372810271
483
609
9553513693
734
5568587885
37
5937
3
971
324975
912
4253
65172
648130407
5062750
6
109648018
6852
159289
1522
4361267
35242
151088
89
924
5228
502991
6
122
3782997819
6070513202
60858
7
70217
9627413
21
4476
777095577
79038230
874
9
66
57
96062
75
1
1362
1206914
8865609123
2085162
9
8
69434
822
962
7785
925
7902072
47
4974449
88
90348
97
62482
881099788
1
39
274
71975557
93307
871
45273
2760588252
958611048
7171
54389965
4966085
8557
11522
436
192709463
32785856
33667
40796
92549
3848108403
34575028
366806
46569
7508
610193482
364404
315540568
29085654
6395578268
14088690
3
70269
2936939454
36
679246
4778501046
32
72
500021539
817
3618460
92513
3
3364
4423650994
7201
8642948
2863
14908173
4041
96040
260367234
5953863
2209400
34
403
211166
4
45837798
33511681
1959662
494453042
850670722
221234
97308752
343318
180
3361
4700
9346
951
55
5983321285
156792
6617307040
15
80104795
207143816
86619000
42
6604
7529448778
38
804
77414
5
389204037
972
7734026319
4333048
7249151
60335911
2553503539
60
346170008
2850282
920
5796
2
726
3585320195
4
116
2301168
28
6712195
46044634
5108304197
1
14
521801212
5676
1980
9987400476
9585929831
5322682
25614566
9843080
567234249
724
628199
70
703125
595262535
5237002403
4
8135707042
31
1547675535
9936110
58648730
159447395
153125
36176688
29234492
258
11088
64
16917
1359755
40987
424515373
4
108
78173
22
4619
33580466
9
3314347857
54022116
76298413
7053495
4118582592
6288165
414786
2009851
376331
771
50618841
41
9428414
34
71
338
38504
7540899031
9609364010
616159059
162
761
145
767
82
237
9
5682774
5123820518
63
67768802
42
427903845
212631780
3208440690
882072970
5931753221
3724553107
593
51
34294008
44
94183250
5923337263
32714636
4136
3
59759
386
1830650350
89630139
653175356
9430651
361413
6834127074
759783044
9956
7
7981918704
2919
516
831852402
1176201977
4582244582
7068353
6828632
6354
95105115
7
827922
858258063
9
4
4955
101
918815
37321
476922123
1193571492
9930373986
35
24699079
48720
39
7971734433
745
8186
89998183
846232112
858
54
384291735
2896
4449
15
6219
1104829274
64
752
4
535293
54382
9333277
940795
10
7
343640074
80127284
266
51881383
222771
797
44030
7860962
34
35
8977
99223911
10956
860986
4604887
905732688
33
332253
57
855926698
1258
24429
43
6512
118208483
878051
588
28
9972
148
7
9485
7164392
3508969016
5777260855
24773
96
28706481
3400
914437
4776163553
2121
516210
4528315
70618
321975031
3159341
987281436
2335
5028
3
717
35
345102
6
3
6
3414726542
8638780
1093612392
7445081
18656
14792
58291
3430
60858
95
7279888632
8935490
41330414
38870036
58
450
9954693715
17060984
3679709
3708355432
4834998
122
71031059
79157
775538151
237740
280
152749323
8463200
699974
86
3243
8917
7036828
247631049
5497184
36216189
822504
45067791
81
46671444
605
6621
64
858012
53459
93984
6
7990
58357485
597869
48813
57
18565102
8
321241047
4240091
1222376
4
6811997
35
5734
142911
21997207
4367
618762319
9205190
9636037082
28427
6468031992
903
601
40
82
91909702
9532714086
2
7
17337590
62086
4024
6608053
5085290125
162648163
5307537229
30437
779277695
56952506
5463
648436506
1
8
628763
134224545
6716206
7332
30230
6
7
424376
52
79
7517362619
98225
6521885
55481293
7711116
240543479
43812
28234238
245625
219333786
404840
16278539
446
3377
59
9399035
5420955503
245
81
68
30624
958621
70
3867290623
151458415
84
63
569020105
99
955197785
31415
637
32235
84
8821
1145786
988
6844238548
969
286
800115
97222
452
7
7285423
6
715298714
765
53304
385713879
7785
8236
4286783037
1551
274382364
3425
2
96841946
546
9303162654
1666762
7607011355
88279
9314
6592
8
1
9764
92677
535
88
15260
59549291
63
372442419
26748023
22394367
77
5
957269078
53
672004
6029
608750776
614128483
2801
76294
957264471
76708338
53
49618775
660528
94
317
11473679
4539735342
38
6
8
61340
57
1
8749479
9
84931993
212113
71
8988113809
782
2307114176
366890
51
662606477
533674
17
3338
2
973
533294241
84741039
32499
6016
60
4581452856
11541824
522580444
1521
97
604848627
6430735436
140071593
450771495
5216181499
29106
5320
958584911
69
394259
1265
581
22
69488
499194900
2254994907
2599170
3979170012
696681
25034637
90952
4455
69959
5343543
924
9
989331297
12890
3441938837
1581
2609108264
85
95465
667479968
75640
871631
4230851
2593683
599388
4051531450
22163
9753859
950
618093
59124876
6
5277
8470
54031
58
6
67387
6
32956070
788257217
320
7
65
893631147
432
5881
92
77015
774616
333
8561
7039
68954284
971
9361193127
8940937
1553822446
67745525
8885997946
19730
1092873
3385401
512
8506561
66637
9126544994
1067641
715194
906186
6914
95260389
6249266627
3007152
481860
971
36591
11969
35527652
26364
363755400
270645
164822
619573
566056662
9062609267
4536490
5
26011493
3907707
62368402
254117804
4655
47105317
5693
9853
637708
82295660
30856540
8
217276628
64984978
5
521
5095992629
659572
960
9
876675537
485390
855
76257129
4877003311
278
413
80570
324
28
565
30690
13890
8433455969
37269
63
1516186
655
21153
6567158
40712
3514425
28460
62862426
42701
39
333
97647000
2630
3154385948
3819
1839447
2276681676
8
1612303875
824
49
82
633
4290
153
659
17229
46647227
34759967
203886195
2213180969
104424976
7088
688688776
62738187
296935
3462
89004
8245789845
9
3026646
46027854
447
3490847740
5402115
9546237290
12833957
679994696
1097616949
3
1034112878
9765303532
28791144
93465
482
4506
4364
5470960670
95304
3468549671
91811
6716764
180839
700205766
3739283888
2677178
2
67
959752962
29316
13832
448
883878
5
5
932556984
8169287
9267979942
1
95766
845272348
4342326
9
27602957
7573419300
211733495
866
583331
58522
53
7305
72
148987726
74871
99
28940
30705563
181
7151633853
62123
806499460
69
575652482
641532
86
3969
9
7664974
883
43
7940325
4486
5037439934
1440267068
93
2317007231
96
304
74244
7549709
7007
16
204547
45605039
15361206
7
14611
24122970
383920099
9899
9204838777
4586353
3882662
76
7925
889
680
335
2
366
588
48
9052934
7213141937
854793185
27
91
93817
2671590571
7066557
9772
80653714
7040
8
2
6955554
59332
92
9563285
3591
8466341
7
6281837
155404208
3358077415
406
34
195916
6000164
783133
2
886778
8448234229
9
1693235924
7387
744
7
90667567
6101
59
98545525
197198907
7823564
94
481
6132
578987
76
71
3
772609
5
3
795162
882395
658715982
13
48614310
11731545
578
7
5787421402
74
55
8
769052309
987201684
111743686
160130098
7036989
668762968
1
60
97194065
39273971
63980059
69
7
3342955860
9
5338644573
739
454813730
8116842
3270638
33772
40
229456
76362548
3319
9623320069
5651
727
33050
632
7169808953
306
44873944
343186
39299
404567910
63260807
7450
53
115
3141
7430
243318
88193
4105545
195039
7311011
3963355501
10700
8613
436195
766
40
99113
807608174
3
922765287
1525
9525238802
24242
41666
23110
821100
164025
259
34191791
71
468405666
25058339
86
751
722
726220704
32314574
89
458142
69
3020711965
2125681
1990737
21808
143283
58832
932493
66
7811147
2
703
292080041
22
50105787
75026
722
71605
9077094457
11172689
671348
579659689
5311
6
4330483
1854094
1
99037
57
41228
75275
735377630
8716303415
449286445
225148772
3299662249
737
82624
9927102328
4625
536872589
2642106173
6887281
5433078
9199618
517236
4
7045
42353046
2983
96328
3499081728
334865
653825
6499
1913
11632552
788706679
53
446
769
53673
24203
1
6740130745
9215316474
95548489
75
7956685273
441826889
29640
1464
5514
23555
3766837
6418254070
217942090
92502951
77939601
169
5
2561282
353
945
3139352
933421012
445
28
1833094
88359584
845952039
3354239662
41013619
735847691
358
63739498
3
3
781
11
54734
526452
91
6413
38
7
96723483
4
670612
99412
31
800674
41971
54851
7
476249
3
9
9888
1239
189647
26885261
88
70571049
86946965
7602973
6414
145
182
44241393
525
33
395189
2
516
3
92
82771
8
8
978
8787624709
8
925667382
4614
3300
59772
8493
2599574
219035
63
684
97001
54
3688132883
7104
3187
3500
5
94
5148497
492130206
9812600488
7912
8709
63341123
4
39432
1760
97983387
274
3240494172
960876685
353717
4232
4
5215
873405618
434182303
8618
679330022
749600
2355455
6302
652419400
3
9
5888867633
617086
145210
82423145
333
6802
56962
2752
2
4817
7318200
893
4342215012
598960919
1
5005872842
9
142919
9190013653
1
91781410
59837
2200875134
14
6434
570620
50
13
340200
907
8705260294
569
2870920899
760407
38943321
7297
78
2072474598
714979
6
9
822660
5113114
5602
6041
652611311
893342873
5325270
1735
50281
885974
1892
369693133
16336
618
5639910060
1
11508
9
4618
451
21
116398
11
474042
5860989927
348847
3272217926
9559162176
842225086
2957871
841847
878072
12
741
37877461
285979142
739
39
6
89
42429
5448707924
77
5641977
538
299
308415
725633906
65
773162789
7823372
750085
46857
6
69300399
4849651915
262
7088506
9767140127
6057
7987787
98140
8558207549
444
2333890677
385724
5452
8
364185530
348
1016326
3
1
87627524
72995591
591883
732740714
715
225257778
35
77
951
73952
78677623
72207
42
1815986522
970080416
99500
7244817895
29343
48747
4
41955245
2709517456
4791
7464878
11113
98660
314
81421325
5470929956
4494442
85775
2474479
424090
930740
24
91
609910
9
609
301
92297
9947548342
5037
8
858
592664604
8029952800
54641
3086511977
35084
2833049
7460
6173712959
753516354
46
96032
185
96
3401975696
6763871517
9856339
46
9198
296691502
96
7
708297
161
116
49628
43
5256
7
4694301552
7315063
999948
460972132
3042
7532305269
9003565
4171
49019324
64
820488890
88658222
897976194
36031204
9384
84
368012654
3679713117
2
9400507339
4029
26
9724976
2424175610
2141752060
41
9495
54
2238
497
46105779
3038523354
8051130633
52
4741
66
83328250
4
8332
6378093371
125
7213649
47676
263
50951
9995
166
7527
9
46108
961735616
885239
924
5897491
2297839162
6
617375
86
43722
8227876708
778527639
9733301269
96194133
59838
8058499660
1
668273
6373339056
166
92969
22
660960
4525
6
455239
27433043
734
4
185
595860
495
6146
3
90
87
5693760287
65389306
4
1911213
834
4295327
16833975
2859
430444
2
2726647118
90
6
40
908
17074
72052618
57089576
10705
63081017
3
99679742
396
20
684870679
24974339
51963
84017
4088006
34
44987
5139777
25217424
92469
16935204
68733
11697
3679429026
7305849130
4881691
2144
9363952
96
77187
378831
5938
3317183107
3
77348009
5321126
702
4
8
782940262
2
122272223
42
71310799
568181120
162211668
88036
13121683
4965881
28035476
6595
3250678255
627849
70006238
44030480
815254560
62529904
44742
8169217
6881310169
53667
612162
480308213
806996
51237040
55934082
122339931
10378887
27
3790126847
61623
8655309
182
1705546
75
981
462928978
834303
2
1203311
36
7759173
52
28
8865
9165834
23562914
98151988
7541510
7810097
6334
880094560
108
153028
861606
42946
62
482987354
74
6912
7025497970
953
1020684488
27052420
473
448776
746788
608
46
788794302
16433
673
613
794
96345080
348958
1371449
6617
64017
98698827
594978009
2880
57631397
6856
7
86
624
59
45221
7028
67808494
702649
1
647
2741911
781
58405929
9961729003
28461646
26304
3963375339
4
3890982681
783140
490
221
5
8
55368425
29315
1836
163531
30618171
710071
92987
945605258
8750
41
2796778
2
84542
4389121920
245
7
8639
319
5
2665710752
51
483322
18
90039
6
8552
31781498
317
5485
882439
1
842
4
1249667
273920
4414056
289793298
733
9
4057420683
9
574180
24
5690297
87
6233072
802
7
70526960
829
945412442
5
9725
349237737
780434
3
5657471
794
9619316512
81
9
58
55
44975308
3344453
522049095
6244196
575774614
2246620
67988
763763468
31000
4076797
72508375
28644
1279899583
417060757
64935244
40
73382
8777979
4
87350367
5
63
2524468217
87193
8228143595
164389
3
150253488
3952773
21671264
4
53183
978384
8599041117
8474
4
40880690
4200819815
127396321
8717655481
91975
9023
6412869
954327
9
3
102
338
718230
376
16
4648688
410954
242
2
4345748815
93774
52858
23465
2351
47
10407
73617
82752853
9562
6877
4719929
412664
3
2
4
55649
54
40298
1458251
292622
144
8105
50
77587794
500778
70
526250
21794732
8916
75622
295
8232370
9492623215
1339
80284
2875029
3029617
11486
1375671
510825
357398603
8184491
255363620
1702
9551029
27
354511180
2934019
872700
18721
4775
145
2
620765
413
7530125712
883989
245985998
3
91164
419395546
4825
748087015
9
783562478
7
533188413
11
337
709316
8
533
555063002
25668468
954424
5
9994627418
322613133
1818133209
5939190433
6092366388
3593
3445
842540314
46823
17
45769904
390
1
8
1
615382
5728672192
908
1974337776
83
9
1
8896963388
2
11
9
300
671942
12
206
997
26644
83811661
6029737262
30762951
1607
964621
35234
6
9
29129844
5126801
65818
2278
13
835475
892407
5
518390
18
3
32255559
4001562
77
9
321988
89000331
3
4334
293
167
54212
1220
68586
105
268350
5193510097
850
896537
63579104
1910217
3
30
22425
4763
313559
265225
187027
4853188
6
3731909
1
46541
3987
4671225756
872767
64514535
74801006
3890133
162890899
316516
1783887
5802
5
89744423
87
159290
141
18203
1810002857
2836721
28297
35
2917
9724884308
15
2629746
10272
23
9569
2886090
3553778
6289295
19680753
7885547
80
67
727008698
6125781
5
925
75
31
942028
15256341
4425010057
6279588733
98003
98
8682387604
3609927
92523
829
25054
57
71043
5257263
55
2898548
6599396
1
716779
68358078
1650
7076444510
82977361
99
8663310125
7906297943
52131
901674905
73351009
457367587
72220136
6344
24875213
72824
14
3
26234
6386237
2534679
8728328
402276084
2191832
1109
35667
92928
3
5358994951
66
4255633510
3634899
769487
342349062
170
3206290
46508
359700
4799197
4844516541
62
713836
724669448
3
98867065
256828
5
5920291423
345718
1708032564
784546038
44462
46566837
1
841708874
79553
1844394
925763
3706822
1375509
457
557
24
18
3547
43900367
919850
905042
5809
2672597
32
993411801
7
556642
960733617
6654
497564
437386
9698214
8167432
4594139844
52
41
60673860
125060851
3130223232
7626643467
13
497
51980692
81
949580
29
5017876
1296143977
913341210
2202862289
91
8945591
18
224
8
5928232992
93781
604182
6
14343252
15
1162924521
6
9772439
50163
591
90
2
59239
48627
7
222
12
2642
3357275030
281749567
3212620
3522
2817757
865396
92427415
413187989
69240624
47455
9747
7923967418
918801233
737
384939
68
2693
869045449
64
1035736644
4509
54644611
4595076980
374
623556
1588
7693
5824
270437
862216787
108015357
9151656764
409
27947
4749
8381155481
8973808482
5796938
42973036
929
6
758
85
94
35
9790292
4244
18941
35805278
5545
92
3408
4805
8
442862
754848286
9946975006
9532470
1554
1075279
4175854
831001
305
49
2959776931
2737872
964
95
9566407
64550756
1
3
532086
884734
759869
807
80493
103688038
51
49002264
2929856
1296652
6
75944212
77
51636716
145550417
83202520
68
989687341
6079837
942400947
37
4
914185
2687973473
74147
751821
681897
5812611692
1
39923
1192336093
7
59547158
7387114812
21879
39245476
46017290
4343367427
906175
4717767452
744
986
90673340
2294233211
2191408
4
75518
2486
273531847
5611119
777
95640
9820646937
51539299
76534420
1
426002513
8
7
479
581551825
8466
34179
930208
9
44017
23
21
38
1
148
230
277849966
70664
999865
946
214515
9947784
6330
186270276
4369861
596210
55
61
4409987
2338
634182
67103074
234145338
9667771553
46382
2425254
73056
168264
9
21
94
8248247248
3784
6
3271034451
721821864
5379733562
6468
11320642
792
536508863
22
5
636575
1725
1947959
7221102594
92
128389
76546454
83647
308095
3928736
59359520
91723880
209
3481003927
4249
72
8
6
24778
7046177445
4778008446
641329
7328783935
26156422
438110408
641
4113
90
1832307
60
23041283
70436
28057013
602
7075
881287
7075498
44952541
930
7064889668
46613
66
769422366
3432906398
81376500
4
997
4571
633543
753696903
478637
7724
752706
852
9600601091
16
2817624821
72114
507429553
7
1071745
335245
187312
509185
46
38122
2
4613032801
7580185
42
663
827909151
943987
32159101
422
23507159
120415
8571
449
13922
5912
622729661
845797
95657946
2454
82531
23593006
663
874974970
54871
486433
3473
160
4107530
3358
8
10281304
880883225
1760
239181582
28093
26261845
235578
984712373
4972
2
7557132
5070887775
5
461414394
3
661994
713
88366
3134498
4522619
93
940
93687
62345
1851242
64
1254
334
195899
40869756
79318194
79274
701544
2029930
893117368
522518
9543
1061175
2320696
690316544
60794019
538493
697
985
828831
51784422
232
997813
939999027
3539
367982
653
54381603
387
46466566
219
626722
65
8533317606
307582
4895
8463
2077186
907
583005186
649
125
10563
70
5507007598
942330979
26375282
51307
87014
5
97
7
3896
742
711
264
1860
5510638271
1275025917
5581332846
644
7077320
896150
820
733374964
3
50
70474
759553
2
77365
87
328070101
67487712
63492
87110324
575
290
2586
66
901837
27291
320
734022
5384
473945
67671
3
7353652001
23321
73759415
51644580
157890540
31587
62730644
5291885926
9
451907678
627
8616447023
4514782755
1601
257951
9424235
5942
676853895
2653032966
7891825408
48402
24045839
1471733
74224833
672970519
8821
71452
6990177
752696901
7
641
3472
560222
2371491715
9205346
7979509677
704751
85747
22
41
36
7
125861
1
99620
967915018
309340926
1132291732
4957
4
988
6260
354975
459529345
265751
63631807
928403581
361124
1046707
6341159594
6883517
331553
115433
5515
690186246
9348
844593
94361584
6
56131958
667
90088512
382533253
94
183585350
124
37
354212
88486316
3830
6698594196
41905
692970
4490
7204
187910044
79374
423
69967
4523
5476
921119
28812
48119070
2847
79
673399
5901158
6841
4281001797
7780481
686877495
36409
6236356
477318191
53021375
92587
849444056
300525
939373
442
409
46
3
3598269
9407499
48103
70554269
96408
2340400181
2760
8501728771
502611887
8354
177
11651
1884230531
841597
6459946
95
35
4150311
9791615
8551978
47913
8348003
7233882245
6972161545
166943423
64
84
448445
6492
1746
3
491
4030
679
37
64826806
68781
7075
675922967
484
30246750
990
6110955
984116
6
579
796556133
33521860
981230087
7
53
1
5167110
579
6819500
44055007
15001603
5839954
8
577749952
386
84653
9468692726
870345971
539607564
5555950278
8356133
174711407
951
64300970
13562302
50986
3412507422
962896
851
7162
8
635331
3711143
262
9062925087
678031
20
96967
1716359
95023
5425468
83609
2364
59543087
7311
13148325
82311
9813975618
990
6120610434
2149641
193098334
66342504
78374
44363145
8002882
36
781
67161
9211776461
68
2085422
22707
42213639
75410571
509
253433693
27
54058513
2
6
376321
61801626
574917749
675923408
5313
5965186
48
525
5592
9937988710
914
87674174
492171305
75
1915216
37
40317
77467
48952394
8830113158
8834452
14
26
7
69292
53541
88962813
6
61249893
6464430
4835746816
3212131
776500
1122310831
8440290
23304
39021
5460
53832
743
5327848
55090461
804809589
42235
588220
8976709
1
96235474
308423499
96403757
192
6841511125
10252
51458
39
20217
598
821
76517
388030450
916322
38682459
9917007
915593
50
99
1904218283
2
4232532355
90374583
981
97469
3
5
23
7384336338
2367
11
63124200
14147213
9960736
8193
363416837
815815
4223687648
586336
890516356
276754158
7668
8
6809
329
4378577909
3775
76821734
8655
41433394
26361787
3159868784
66338131
3331087
41480876
5428477699
86940480
87453
657557902
65436093
555986684
25081
9249024
99595
9
7197963
4688
5065141
260346
934634936
6007740
94533179
569740
4
248164157
4314451
464210
263598
1052400794
20
1376
76768439
44
295
647876419
57282
475705
949276080
428908011
987
54225325
4
691019
9
14762
917541056
673
910
959
7011523
865
6906656
934725
11224
6713743
127131
5
780520
195262056
89419
77908559
7
4330668
394
83
9157193
2
379599515
422
634
4909731539
8644708397
26
1847810239
3418860421
42476
545525920
79112772
3920408
33545
2631490508
2018
7230
73034
11666447
824
592722870
6323325
7028
765948850
5
954440
9158537
98
49
7533
4268829
6306384
876
7146542
9645110
3
887671014
2979768499
85888973
374898539
33
80592
9438920
225101
8517670
36439
202761
2789391
793607
223
998795
518
157909
57
2113927461
2
8013
8
6
5194223547
204314212
3954878501
46498674
144
23750000
750
55
565024
991882416
75955739
2
2230315
46
59
231860378
917
86
53865
41
7
764
94692
37556369
588145
7134248
28387
5070469176
369623161
1
7
80
4076184
28891098
5946731442
89880489
6596202
1
526856
964877744
751083
9166467430
6833
76876718
2828
853979
8337518665
3542432
171220
643421
80570
119
95091
690
3780324907
9105190
7921067
787070
2505
13
50853
6
2866
92388
8539
92
30
67109912
50618
98
173444946
69831105
9
223924648
368
143172
911
67236
7267336
88825156
4186330193
97775
185
3879612
6223000631
812285215
330
3767
575344
582822629
95866
18753
41
874800
277725
909184839
7
892727
9
2250389449
8040
12288
7079010481
329
45
64717
93
32279320
7958
590
35804
880874
17273
924266880
959
6
195901256
943292333
8
26710227
84
94
5255622784
67
83
19745525
24917619
7474
73319580
84523168
8
69258018
8244444
61
3248
71555
10923
369
86870517
1596445
4536676
6201209703
5421559
850280
7941
501
2665011109
9699650761
5311
32239
869907
488693419
102846981
196196333
96550070
40369876
698915
7588033809
9062880733
8
6
288
5939395173
30130171
576729142
46
80
12226099
6734707421
35558
490316473
8856671
28222
30
7771
8111750460
7753
97
7949328156
171110
2170242
70585
35943
8499263474
44255
3020345974
21152
73125
834318205
68507231
55287
502591981
479
7904618
806
8602
682585549
3703063271
84
35597722
220342
908920672
794543741
2282377206
937729765
63838155
59482
438
693970711
423470370
842
405
99227896
3644558588
7386
293099
545167856
75019249
7009
59
3
39
14710629
8
39112486
13382458
30694
54908
8427979
634704429
907
3881428
5
2793
1707
2580434
7979516
281045333
72
5730840
6109347
3356
2202
815648618
67114599
4396
75620
382935
366109
7
566857442
6187
921926
26
21
6497717750
522879407
593555
999549143
4659895
95185
2298982358
1304388859
8
1276163716
6
169
360
4006
1336791
98
29
8217674835
6
2
107271
5
930595818
88901
916
99237
76
641509
926
7
6889691
9628437810
25
462395
92880804
754
14493902
9
8398846702
922
432
98
341
8
79991027
76
513241
7920
368
3162050
99588671
36988002
22652615
4866
6298
2205420607
15770
901
677
3837
57
2236118537
41897186
4459729160
339
76289
9954
3535887
721534
2900107412
5098
64
64810458
748022375
837072613
16504
16222482
1300339690
49331
8
6
663280406
190
293
9813157876
67230043
13
6175819
98673209
20433208
496
957
394986170
4034804992
5
6
583
55980
8553165340
4021418
56
224052
37985
2533294
48
909746099
31
8
31
401
930910
1396
7402058265
616510
1110
226202689
81085394
72674
471048501
67895
97720715
870530153
3005
634
3
8781347650
112
1790
107
8811917550
82496
581887
25
674883264
829
66
1230255659
9
7526
99043
139
490919
8055
808
98493
30
41799
507981
9
2157154
126967505
406287
88
2580444915
196077
6754
170385208
4105114476
9
28799
443061201
34
5
300917
67813631
38402564
888
24306991
501
6888
2979
787886271
6287
6705792
1450
5
36
387
57362
68875
4
617540850
29
62
83559
533
2980656878
212
611785
288
7037
8784599238
632226
3270474225
4924
801706
665297
64285073
33357523
95813861
4
1900452742
11766
37448075
6386926
64551
679837563
8
518103633
2114861
1630
69
6
233394315
978
454
6259012849
741719229
5560178276
17676
62
873193
8177950587
45008
461
966202640
33808075
6202437
396
67897
62704688
2
62943969
104872064
3
28156
1
745
9045
1736794527
27
8484573
7178
458950045
620902958
43
894545815
50
74737105
972824521
2176
978
96
976216162
9
40896
534
58
9
58940579
289266057
6697
27
338256487
5
418665840
15703
2262999619
1220064
1
1185155
9
86759692
937
1290681516
16
4447
132698972
8
1777
2
5967
810
11197
30
7
932216351
84
716618
31478
5128
234903
28308122
10211
27620
841058
3185279099
158
233
9625
23
6559867225
19343234
6668618
9243
643961
116
406075
8
271737792
119036888
176
2522192
16
4559
64225206
3990
5019
157
46
572781
8
81
6907409
782
6151
787
18456142
82257
46033
31
3
769711980
377063
840157497
4878810
7962492
4894
20
97719
1471
268579464
66208
770
8
17963894
710376261
954246
709264942
4715291
2
5929353315
72257923
4517749
9
71783
327138
26008
8608
4366958
37161
3
7700652975
876
47423
8083
33475
1052
6915
9736021045
16816439
566735622
14748
1
3
2368866
45
175491722
734
509
23
13858600
716037300
5997192
32
2324
600169
8409791
8622
6612
2491339
77
19722372
4003
2927349312
653
210127
82369
1826
442
881
72815
11626522
567966
15211334
8451027476
11115
827
99826
55086
676336
8884299937
7332
901
7372
72
112234
63415943
4
3567468
55466
96646
394019
70815
628443
893
90
98310215
72070
75
2024024294
729860
6224
3
90413837
145
92140
141373879
926
9700
4772710
5751708
54339352
6459
625323220
4233
795
5398
4478
4188
9274438304
99
59893
18
5349
8
55769336
28
370392
5
168398368
20816088
9247909
8
294
7
7381
3655854894
163144174
99
72890412
1
7734
6217644562
1302909
45668
399179
301
463715191
5
979776
35525904
721467
9963285
5162
164043
97104591
83
116710
167
7272
3036451976
377
41567408
2589654908
54
71
50
85
660238
2882015478
1314063572
59
5652629755
464254
1251705
11
86
67
78007038
5106425767
64719
6
261080
79
69319456
3896
4153404
242464274
325
365722
691877233
1591026
3
45
8
295457487
3086964
82
521917
3011275440
519874599
1020
9156449
93796774
3
104024
3218971778
8164341555
7108
832
41
4
38769
8724186
553906
5105
770
63166677
16834264
474892
4093082734
7468
472
3708642
92157145
4626802
75
63120411
582622
2
1029025011
989226
23674
354765174
88707105
133
1298546529
936704
7
50
55892
27530292
45109229
50765
873
72
4
6864176
9
54
145
55
1
14591
6592
767354246
38
3471386991
821412107
2
731
6
77841336
83131722
48136274
6
6286
7466167781
96827
2
1966399
4666550
7224
17689
149928028
3127170
3634026
4049
458118
8537506556
741797
5250
8087269341
22
80942461
3
579440
53810999
923442385
3
6389
369458984
7222474824
90150851
7304023
60516562
462
801
69836148
5643347826
922
688
9078839837
64
65986
805765
3294423633
2689819
53820250
5255
5
4080007312
867767
778
8397035
87578
7514334209
4094
6357
686
993647
1
4468378
7913
6118747
482
553476
23770
234853189
4114793
5545656331
479457505
68
8483560106
13434404
98327111
566610203
741
6552877
74
29900259
18
9014256
3384
1
7
787
905275615
164879807
4
454
984366640
3719245216
1
272195
20
1336355379
89308444
1404957
9323562739
9996895
873871
4831
665
7282
328
88427
153
20
6510012428
183985
975989
6936526872
8915
19041044
1034318
34565072
2189008757
256
203497
29320556
4282187
6690459802
6993834690
6712
418
700
9
14
38229078
11355
8
14330050
446
35889
9522689
97978
180130504
80620616
61040488
964929537
52307
8962930
15
63297
453163233
76808995
21254965
484619
569012916
803
134536
1340
3
17
5
36687
52
1
362024
40235
571079108
5
28267116
610
42396
5614853871
7327545129
120
4021
6254392
70356792
82025280
71303546
688
457040815
2089884756
57
22681868
451
7739159
868966142
8869983
9461871126
34078
523689477
127360
31441
765436
952858
9458253
5
8016
15958921
5
26112
2275485177
6211936
55419
17277035
59
6255
580608644
4189498
828753
28784169
3749632
3
6033231358
5502
53499122
7788880965
5407851729
749928642
834
9659059
4
35015642
639
7
756329818
6
7748070044
67539688
81529715
8149594
2443851
1350967398
5516189
7148171443
9412
4690661
660870135
64386
2
85044413
104
32858292
4214996888
855419490
9110
64164
16038587
9
8
7170111
606869085
152
228205926
9737069773
318
61020
4438826
1261635
657815
7937977
67
13052114
57096
5405
579836961
673
16037
9555073894
31
1
1210
32
9307666855
20551
2605
787
492608
33
72562294
241277329
5913
605861474
387
42
489114083
62
41539
597
59470697
57678
738
9367
977600
75
62
1352571490
140
540541315
8374326015
2486902009
67407
15
98
7244427495
7619
84150
88670840
15238
711091913
628
780
145031184
7399
57323
54
4
9479889
6
189
5841518
9
2575727
641
8409489022
5383
6
4
7
83
9
9525
38
555237120
5629171
382010
288
7092623
797755549
4
93554
338809
8896996
252
9346
39
4990351292
559529523
9238665255
44
11
8139243873
31082
410458040
4642782073
8773322
2464
69468
59134260
3669160
4676
82841170
690
846561
3780724
779172988
2
310
778
271932018
6
49488
9438633
557
41745
48
82
782
40
346233
78813
31754463
520
6
51051718
96824
8
84
93145629
739069239
42825
91
60702
6
15538086
38
8539228
70
235774949
455087514
38
9044475
4
869587070
9
97979
114357
163
7483378
7929
64
95931172
3
7153931
89
253
306
331472698
213872
1918593389
685
91768
2
70973454
28712
1704
7
85
7460
84201
6878958089
98559
18457
9840
7649190
78489
6
3461658028
56586
562676
5417762
65054
7021873513
3073857163
68255
8
258368
7656193
298
3410
84
434
802650510
655
99
3949461
9289
11773972
612959
341867
50141
5805659598
990
236300
63499315
1392976
45591060
47592730
82
56870
69014662
560983
5
2658
7988885
9
69704949
13193253
5635065996
227
39
56749013
4776021
38
6149793329
516164987
157799
522471
508046
9013
907025
866
15759
6563802
375
126551
5
87
6239
75
42687124
8011119
881
623
5
3167912
6277799373
2289221804
504512501
443914198
9588
2008375
68024
2457666
502
209
67600770
155948954
486833957
261
1775453543
1
4782014
1
503543
50911703
111945868
986597
2163
43488072
3715062650
4006629916
50819869
3
2797376
6969341815
99935
882464904
8438758533
837712722
5206
9006767027
238420
43789518
17609434
97435
4066931
6309
4690453
2258
602
394160
722
275994
77838362
751
5731116
605675133
4
7585054622
898536
775053023
11897842
13789
1
16723345
4
810925642
5491611
297
122648
5
2
7077935843
67
8034411
32794
96613629
22694469
51670
486
493567236
5257822
9
9725
9041
65247868
41013
678965
1
95
768
4
5191234485
8
1
270245
4241453
81545591
85647
5
5163017
816456
874
51
2514690
58000
3626762
651
77522469
50
6840
68776995
23387190
7364995
133393
743446705
94
3812130661
566859476
68627117
2589571175
1424
3203969182
573808507
8574
72
7021206
12366
426627
2
495829
519768525
618651540
8538010320
4
52803932
41517991
14903
815013954
36307
2
9486092
737693442
343983176
84117
499576356
1764209754
54
36
266331421
205
2731
4469732
38
748
55
822821118
912505816
41
21357
7603055260
5456
82740336
66228031
82084
7056721794
328
17189
3
7619183218
3
451490562
14495
18736840
80572556
392233134
533
7396
62525699
5831
4849
535259
268528
224531
5076699
26421
1129247
689195
604160217
885394
901361
103036
4387743
4294
8749
5509655839
101231455
1749640641
8071179
679
29907
173822
5
11612485
16524304
9562
389931
835334408
50820
9040445
6873733476
907
2
50
6672751444
7293206579
6882150497
1537
883
2951898
953649101
864305
9439914
157
85
2283382610
3
2
96
5745507
6
226079
5
8065
28355121
89485
356917215
721480548
428724394
13
588963186
1771
1916413164
943891504
3253
885641219
79
8310053
203
25306
122804
6857529
915978024
259
12242271
833046
7289
1074
203559048
57101440
9212
3
273085
341
853298
78
610
99
7
632
8
5638
5953
310568901
49
17
95780648
97638506
18
7548663
1
10181
88632776
2133533193
1959063
867
94808
697730
89280375
94791
6
70645716
8419413959
93403840
6110059
7553564
8681
42
7112
61166826
778204
5279251
62409079
8904119045
17
8396437574
8299984221
844
4893791302
499790
7079
2
8
9625682
674940471
448
62199
243383
2797
177864
854830125
8
8016049
72200
8
46014542
76831639
697000
5330757859
9873108
565843109
727267
644
2
2140839798
801559081
30
134592182
452657636
932150
8747
7007
7308287
437898
57
510
53187
9476275357
656557
9675
524
9507777
1693881497
7
3572703424
36547369
79686
8
224974846
7282636
515214413
76470470
64
328804882
5
48652227
2698
5
772
92004
66451
118694
7311388696
39
841419247
6315573
9
3656672172
335
574
127
85
1
61778069
214
689026
1
79498182
146
633344
236805
670177
7442074
600737156
454593033
7
97665
236977041
96
9217596505
8082863
4540
21
4705771879
67
4
1
2992527295
814406
6
2853
7988216
680913
9
850059519
923
3000486148
19589176
4415
5860547512
9356429898
618965789
160724894
71666539
8
8452244937
99682418
115
91
1
2966905096
1571736
3322569034
634093402
108897
859
325001877
517193
220948
112392809
628290611
97811511
2116881
33267
2
2126
77179
252494
24152
83
4
1194
719106793
49566504
6548469
352
7191573868
50
118939
5
5421530709
35467
6
2379898726
7916101
84302
4531
82812883
4244672
7795316761
25222
14872
7366
846154646
815000
8448524
1870653394
133699540
443121
794
2
935
5829965
424226
8
315617
761073
38255
280362858
2
949257
74875
462
30
8258839
8258560143
7699607065
4544937883
5252
800136631
8189245226
35293979
26128
16865789
222
79343314
11
8
30820794
21
83395
80468
6380908
9159979469
5
1399622504
44817888
27754
4957
84992
607069
7346
98
367
9928259
96
3594303764
744547
6
85974421
4129411465
628467047
90
7842062
93616
5732565400
49
2873293004
9479923
85512622
496572852
91589317
9
924
5
8
447
65345
476261957
838
39511
782
9440
616577
51111
1758
735697757
350779
15575162
654835
5030
620426
474233143
44096
49
53351
36786
91
90
81642
55545379
815587163
12431
1
52
68349401
5158071272
7
276
495045
933825336
560057226
80496518
698895
7
7
75281
7
3531976
9748
1689780
414470151
5542933868
7646516572
20783304
78662
8524
138
334255
634424544
5395675671
5722744925
274435861
4909366622
8884
8
853951
69410
9
3855
57209569
971
389
1999254547
34722242
8248758069
924637200
26965785
5725622
252751
3
7589
2
550121233
92
808884
95
9
1411
36038
86
13129
3494
837
79
2244
2303531230
791413
9263544381
202
4851728713
305842
7549297
5
893
6506254
129694063
7025301
9
9
6
45
635
18989201
121172
20241475
3096126
7716560692
95816663
8709272174
551
3
242
22
71676
887945178
5138829121
4698073419
834180574
492205
409
28869179
7281
8380713422
410496703
25169
49305357
27759242
87708
3996362
55754
757
9968966923
580238
133970
6417148155
80
49
55416
55
654470892
151576553
7192181
3661
3439
2864603212
12
6848848
252243
29
864324059
96007
862349165
9839452
404755
439
637
3
75826
990
95457262
320549
510
753425
59381
5
8044029
81883
358284
3745165822
23534
7
195701528
2099948653
4471788461
5361227
2476284360
6632507376
8426677329
1
6
34
714338
14
15284
3705058378
6
96087
2137
977659
581260
44
563
354303020
11
5689667352
190542
3765
489075855
1
680111
795
120692
64116
2
559060
8729
95026
48121368
9189865
1146820
833
287
4
137275067
85409
794072021
82519
3454427
1
114337814
66858414
9
20984
16
83
140834
4665
734301975
207845
179
8160280
19163
452
33995839
8
6743
16570135
1864
993849400
5919525
603860
925
40301584
2535
9
8166236
798
1664
857312
5935858
6
496
565
99914248
6865
408693
80043
4
7787344719
219
52226
4686514
7742577
354338747
4
2108840695
276716
234192026
5004832100
7151709660
7756704438
3372
8217
305663343
195773244
2332
67
6256134
689776
336
4121473299
125
85
944893
27451597
25421
79
108
1072586
6785170
32440093
143387089
58527878
80448
596014
115
8332
6278228
4
680486167
8126208272
1634055860
906712665
3742461
8
767159329
55
1911018
5
2
8182
40836671
5914430331
87
125805268
1
798019010
384810
66997
9604625815
7644454
445279
37911560
661
79642
3632203932
69
202760116
48
919988
5117410656
8797005
6482065
574105686
8
1321
3024322230
31607735
19493779
123
680587158
99603
9742
8671438
1
84487289
891024
326
8271681931
9364278
6343509
7987
611
9109418
5374528
537837790
564
5
588574
644098
7584240299
8
86880054
28562
63477
963
5
720
83
14
52904
88585470
52316
66534
691
700
5
63952
35123001
668859751
960
77
67286311
774937
4443456
27566268
889
81561
122
6042057
3588690525
4214
84818
426663
95630
57390
1523
2986
14129
929182
7670
2
41942
67944
7213550344
3414550891
968503274
99607277
3347
9028216318
68157539
440506350
68503
783
84
7413801496
749790
416
90315872
516
96
372
1839477
444606563
2966756180
7051
47664
6787
537
7987
75
5342
307475
97407
553631173
8682550683
279
444212
811081
679691
175200
786442402
51
390671551
507
295698
678331842
157
92466
48
2883756
808
44
5
49318796
7406
96
2629691884
20
2232671
100198175
25
913195911
94826147
8
61
3
4457
36148
159662526
8036
42180736
8500
82009371
956393
1434293
66622649
82
7401695836
592962
5014341
43857
91496
1529
486739015
76623952
555
2976886514
171515232
577
9
1892455
8048
8
82
3482337533
103319
530
192850555
58
1950329
777491251
52937
16552327
812
2107455444
282941904
90967696
39446296
1941852
144845
43581830
8
437546
1117493
777
32
96290
55367233
466477
351
215774
5762
986
805415
30
622373
4
7177
61234
634830
6186
4114
64
635777704
1
57789
4530716
8762108504
77526454
91156
8397434193
5
3424400310
14
631467082
328442828
2
948692575
2
16133043
7099974767
5734726
1899
8499
83
8
65
42
6627378708
43
689278650
93
23718962
6079157654
4422011
1
16137
36
291538
8040281
55308746
8579427
36
703
98165
4141388
33
82
728634705
1546
7598424
7851315
48535
82926
57856978
3181779314
530114158
45139
1
939426695
3
425183705
9
8312145
63
79405651
136386
9
3990790502
13805245
65451980
6128588250
48608
1324
94
1784491
311927420
6760167
9030324784
90
13396
30
99
4768221729
28
7327
5164162128
28
246898
4163
47
6796486123
47182069
65
18527
86142
157
2420418382
99969
582546498
477442
7
2428
817667
472991
734322
13564875
92383
96317193
2400
75964208
57
8023
72263
6425
65075
65664
5689
39241015
79
4600222781
3
1484
44
9872420
25752976
74194
4609115
2
7077974
7
287435
740
377919086
634435062
2714234
2237891822
785
60289
561947052
2458565125
4291275
1453204525
404171
55
91
4765647641
9387
60876359
310418
78
819165
5658105
591
52987
73
3734716
815454
396969325
64075654
9338
253333
4282396
6
36
3
3271
54262415
58520052
77
893
7907307424
11450998
89346
6
95
7696980
6
926196855
803
10427912
6
6
162970792
52407440
9
8
5948587855
531681
7
9
9
7189
799953
23032765
825982
73156
3687
968
43830
832
38
50868350
639295250
46421482
84
89246197
16962
29395
95748
273483
1729
54
774080557
3
87607255
2
126579
529
85
936309
70785734
92
5932951
570071
87540
832294
970
6801311
66
997
811856
6048856
765161066
645202949
78
26885
966987424
57516996
679574
59
788604090
45748009
748
52
9573287365
95
10
629917
169105
49368
179
3521
751
7209798
7964069
309739
7871596122
7409837231
52881292
8266
26
14
52
76321352
8881657
21777
158110271
535396
61
197573836
671832598
306532340
46669
67712556
33236310
7899425
59
4594203846
1598989
915786149
297667
63
11448549
512870402
78
5665
1733
82151
146851339
9
61387548
6713
2674934
9984
705180165
191736199
44
753964372
5
6569181925
61443686
11
468768
34126557
1
46945215
2
398538969
2
311766215
6338092
93
2
1
731134
10
33831860
169
9086
85
2778635016
385389
55
470
5
816811
371
38294
545384
16645
7285467
7861933
222587129
46849
459748
155
9479778
87501702
510602
2985532189
87122590
3933498
2884760
521609
42169002
2213898708
44322
7852501
11777
29
524888465
971
6641
1113397763
76086537
19703077
517380004
5227
493348042
2813006
100124714
3532437
619621325
7939
95
528376025
51
768918
121176504
5614546
210205839
8546987
42189152
118381718
39
22844
9739999
9237099
377
29684
91193639
13
4
51
6058308803
593
4
62
19
578308552
31753798
9054625
69
8428592178
53929559
9423583
9893
3
823
4434815
98
4908312793
4489516612
792
33
46623
8412
95284558
40837
966
995
8132
35627
917963393
4860
9
781852995
3224245
645574032
7178
95
25
39
6832607087
6659
5862
3443603024
764185
65456535
977
4084
960311909
76423034
7
2895061023
193058385
72710899
613913241
57496
2564
960
48223769
35
7
9122526980
384
309209360
38
501076537
37571204
20940
961138
78
54834
88
8347681467
2
769447
21
76
968002382
52
855
37
8361913958
8952285
79542
449898
9484034491
405272
518110
2
55909004
6003817
529670880
6
747180913
50672781
95303962
18208
87
7690
301714
7754328092
121104954
396849
2328852
7973159
48
533
42765221
2071531
6
9438949734
29397
737194714
548132
237324766
748878262
85593503
941463615
783620
3017406
2823097
22635
717969515
243268353
94
6
64
437
4800397
7
840136
974398
9
5228
71870584
473102444
1
88
1
179
408
294908197
4
95235
31
710
370194
231
2
12
178442647
38116759
6799
55785
2766894
707696384
7560655839
6
8
179
505
95314858
5094611684
2
52
31293476
908530606
152473
3
6010814995
9307478885
544582121
385515
54
14
127
840
7348
9459194511
530
824835051
81
865391422
105067
422732
9466947719
6115
93
5261499284
85
2079402365
6851
3435682
766
24
80
81
4
80568
90881674
166
53
3932269950
4338
911
9077537271
8
151377505
671556
674999
970410
86908
1418822188
87
1860576
6584899
7706
30
53272
51
77
6032664552
68972508
21
135
715
2
9
8238850
92583
2610
38095
51745891
451463101
994084286
412
9
2
1860402769
82970465
7034152
3324670122
8269851501
6836
337
3312305421
927547
6
301624
212273
7
6138081
659
103227780
90249
28
211766480
8488564788
801275
7
7310902
52603488
9349121967
39101175
204819469
761740
7987
59497901
70867
30
539212258
4
8533626295
32701703
278277304
2391
43
803475637
651840
8409
341094
5346
3
2
8
61069011
707374
8015612365
1377586
32
131858
20
425206
1223687404
35455413
938468
2
6672086664
4616017653
961989
999
7083805
7277794771
933657939
4840
977347360
448810
12874
9
683640
3332448
876359
8440690
59114736
9
60391
8
8
219284885
920
1202
59524810
93509
96
6808
6224
84381
111697
4920701
801
5194949
4277081873
334049042
164
56
1256225
387181
28420
319
6
680468
381
7425350
886766286
72190
76
9
8005529
342
730225877
5328648832
93
567413811
726167
843564
242462
26100
487
1433363
244553979
7474
7587689039
60
7772088
15447
48
855
159093
2930105
96
9694
64313486
31810195
14036004
9985972
7206869205
44505353
26302
24
2355331560
9
5053752961
6973
840569389
6352123
5454
825607186
8866276
326204034
65
170508
107436019
1080167
650041
3434
82
820018182
3930
69
338997
143903
5
383623053
340324589
96154276
7
2565872368
85
2645542795
8773513
38214
2
47
57
7
760320
873670
21589
475734462
940550113
52
251433
642446
722335
5952731912
433891
2
82392
943
5738011835
36
5875347
1806
7531932
26600
61423295
843225250
548
71891383
63538200
232
3005
96
3363264660
7934231902
203
386279
93403
58
45537
89473
1064
90
131
370401
23300386
3832
449355
3122910867
21950556
8880249
499504048
58734657
46594361
182398
39043025
26021
630027160
3375079
44422
28560078
6803693526
7847434167
709485442
642273917
1
91653
751393
993
860242249
82541
163
173997448
274355
940451037
30409
60502407
84
7
359012
703987051
112191
207208531
471326
80472329
5685
2860175
3933100
895104
7
9410116
3531
4356603165
6379708
38
2237856845
17491
2
2
57138943
99708412
4533250
4486
543022
3245
58145
714
2947
919118374
989772
3
6803
64630
228412
831310
347093
28
152127887
47661
48716836
75307276
6248407458
346
74
1298387
9
691141
48862556
95
31
6
528
217
974709
941
699635355
13
653
1849989
103581586
857
3096
864556184
797415
5395207305
858309598
314
25
370322360
618
4619508521
8000897
858
240
151
9
221949012
1792
99
111681227
4
14410
34528766
91991542
366347968
29979
13873
1102
27750771
45434379
676
438249
37
3289844915
31
176
616
255010492
9612164774
58
926991456
20464766
6024213
67263
4
20
874821796
34966648
39
399543448
424528242
53331355
3
118347
17670733
8752
9684475
5
991
8284885
5144486
337710
154
6105194
82157978
83
36916634
610
87588
8003969
40230158
43495070
130693084
517169191
156573
9801304595
3736580949
164661
50452559
7959
23
1912156850
3805
12
2828511
1681847
6921
2057
941
9759
85425132
7256
41936
539240270
84725
653
267619
6038033
88546
49691626
8042035878
8805827
72
6
21
1871
9
645190595
4336004
7
947951
3908675
9701
547438887
8593775
91126
377
2692
706
4516
3901
8
94142683
6
7
3868
4646525
7689911707
69
1158
90207570
9311
158513246
146477083
5300
8176
14638
886
640657664
37344325
514
9
994
659
117
151
94
8707
915348
281769
8442640
5828778
178708
9
2891497361
7
9820850
7607
84671685
83407
547
7963
36
4362
7415751
75736
357471334
18042
528
63
547835126
3526057557
7479255204
2
12282668
8527283
5045003
9300
471559991
9226
55
449221792
1865686
2663
6998685594
9
552859
6
6543663
632
867069
2075329095
321
988
5626521
241043
8344
9
1932961
80274491
83380327
34469
28351
21291994
9688675
689
2576581
16
816862008
9963
4053269
487714
26531063
9171
5064
657581739
32
5
45
476
1
8137
1
9680702510
9086
8199542
6
41
9801
737783
9
749
521314
57414
93181129
3
20
5319681
577
12171018
9486375
256062
7643045366
4872139756
54
848719691
93421
231501
62047
9202855
548
937653
784162775
90248376
323781513
64
114019
3714008
72
673241
96526460
6
517946614
74104122
83
6
7739446334
596916746
2509430301
822
480
19702
6576
4929086752
3828194210
655
5
3616
8275590768
130
9216134228
37987443
84164
53596714
85812343
4884070
1383427
6684646
1
991945
883923
3749671935
1562464877
92909070
715
8099
317129
943662749
95239
24019546
10
1
61510216
1898194315
479
4335103687
6840
72
256939
6499517752
7
2158
19504386
9513174924
227
6520958
59761299
39
654489007
3861098
6949697
212976
3492
3490608098
6144278325
36070
935728
419199
5803202
97786
1764
6
524833465
61
59
114
7182
10891967
17892
960
46
883
74637305
6
2432560
6334
37529
13
8432781
30
2182380112
20
343
8068484
538540
822807102
45559768
100335
667821302
4
451921
13203
93780686
80720
6570
5403
98
93502725
2
955
809234680
994031
155433807
79085
708060
236
372303
56396318
38614925
742
178
5373
53
9214178370
207470183
3735022
652128858
1352415
19
35629
89917524
464435
22056453
4877736
3
900645
3970
3951383766
6102
6179887978
25391
241806
980450
8682
638564
51180
542373540
5
1984
17352
1744
5227394889
9271
7281727
8
959075
190653024
615
2
8967146
47659912
4071
53
2220403004
75
797994286
502
4735
20
39716749
715
2360821
441190365
72839
632311
1695056
4258
7607307
466997
4210162
1
13901
620
2818
7
5347547
183393377
4994073
71627
2858915
619812004
418215
534657778
610
8075309741
1781185
314642
29265
406601651
836385
8163662
9
167363567
6586526516
388
9804378366
8753113
63
23527
8270
316143
661002
525420147
5526239
653462848
5572144902
4757223
2461
273467443
5663
78381909
28794003
5078171255
3
4
7871687703
40683113
1
70222
4280
273379
5471
9878006426
4799
789189771
430112
5639254598
72752
3310
3734811329
49
3074881
7
166646460
631
1237199734
114
1734
733163
3707
56301175
66015
455231395
7826759219
8
656
6
76854
3
61977055
1772069011
124589
886
264
4184
670526921
763465985
89926
437893653
17937185
31492
5271725
660857
9082259
1
979898808
16179588
4
5347982348
201854638
1111
6
7958330391
4061279
56596973
752585257
466435
24781
971425142
89
85399278
62163269
38261
41
659
2854948228
85948
942754672
26838547
77
977607097
2047725
301573
193
332181453
576064
4770
7957210
49460839
49822603
657
79
1507654945
73342293
5977166
201
9843
8787910
2115
8929961907
7360442
628252918
750115
9381
2752732
7280697873
89
28
7959022173
98
92430953
8993369
6361144024
256346
11686716
38953
3
584
338118
9329013840
9
80077606
26
97186
2416808
54486709
526
687
4
269829436
3722879
3542
756808448
9
669994
291677
913161
96256
857455
472444242
90187265
506
328914
6417
5690388
7515694
7908863006
9
1113553278
927192
47579
1
4785074
3914
23240
438
5286032902
999227
6903985533
39
965935277
69
85
125
5505805
2
3856
7700070
1940
637
6
5114534
9259
5190
6188
41857225
6
1
6934969178
8971
8349670
845
2
8764322133
79559
28
24494469
6336
2553821114
484464
2095862
6681704169
46
112
12272
51199
2953673542
615
3459
26335
63
7982785
70802
350537
5484
26100
370344275
37844394
66401532
12
3500
886916
89566710
745
3
99
6
6622
8
2600713693
2
388
4638484615
33
338759469
6096892
6
349
746
87505241
95555709
713892730
320360
78
81740
5940763
2447735940
5632781504
54095
6841456
6220776
3344
593505155
98559638
749478
162066
8
94045
439621
5
937306516
32954
1240278
912484968
5611189661
8510637919
36870392
78629
7
338342
98090947
406163707
36
48
414869647
38
528655694
8415
866983
72749
3
5
330
85597
841343769
334388
8146065923
776
88899
5
35
7
83163
720180081
10936267
7297
1096669
4843547
72
4640
51709
93182
78
5835198455
7989
443041
776381621
917513625
4844383
160
58
25191797
821891
74
994
246985768
1460
1454
242835563
273
8096133308
4
7380553933
6749221752
7363
580609
8524697162
3048474609
20268
69013
18364
804403
9256462824
470188
9770370426
6189039142
83
3628
1697
696953
260
515559845
5877
9151104426
39581545
54
783780752
8
4
1081367936
13083721
787509
419456
401
6465
728697
457
906068752
324090
342
7847
21944
4
1865916789
83154
100
9174553852
39103
955495500
15092089
645712
6
487952
1699
606418
6416960
18
9
74742
854521772
750634
2307351
58
23030
755550
716218
543211
85069714
32481
117
373388
61
63153873
12
9826
53791
5671
2652992
72102
7350
2031077035
289878
480939
4
9236430
114
67181
9850985
38
15080
3860460
52735799
27
59424774
7558923
326280135
95528
7704174187
31
668541
2971982772
9126884605
34
31
5467344
245
4587
862946435
4
816673
795033
791402
60872090
74315
2575155
80917280
2705549
1963
86273523
2
7864234
59911
167
854349
154298
981
3
85
535
990899126
44
706985
87628
39525369
28
87885
4
604148
9636219
3251
3940015
2156628454
198
66499421
1168028919
806
7289078955
25
93377
1763650252
908024471
68
815436
98
1884
4326
566
9
8
633
4897
223986554
504103654
754025216
17541384
176144
14
906
505414
200
397239913
96611
956434
3168898
69526
4275
566065314
5266228776
57
3154
184225511
43
70
699467
11682740
8376218041
3300589
5029320
95
310813
997
53115931
3162
380
4521226095
4669287
1079
506577
5
86616
534006847
7508207733
1292
82104562
64
297262
28684
526614
182430
81200018
42093
58
520262
693
4419924483
8293520
2
40650878
7884218
7607342907
1622
93638
4475297
7025724576
848779
8
8
479735
64
4724888748
65507
527
2
40485265
8
39
20
916
254090
27
9781
34747664
3812
211407
23848480
71122
14068039
7802
1
1338
45318856
8118309
1478720771
3593338206
58844661
9
13758
2
1098
85893763
93
8
912784
973366785
68598387
77866
3419
6010654728
3864081
987292549
786
613976
4
970057365
36920
714
1291
682236009
229442
4
903852
4
52966
165307
763285057
4596
39
8
9782
70
937575395
9845
285
2143
5758535616
3663913038
9171
55653
75
3082669802
9138
44
824185926
923388
97
59
800262511
310
10060
4
519134
843128
4100817
914730831
47
99777264
477808276
32221
8633298
12
5912
7890
4789
647916
547
23
488308
8548303148
72409
9
8269107868
9759
529785801
2979
61
17341538
1899
1472
77296526
2546636
90722
16973147
4753
857220
2
73303
1110
378637
28739
6480922110
8296435
192286468
94
1128081143
75270802
629442859
20650145
6
77894
69
54
9
81
2508112
4
247
739
70229867
2648840
47299
6396
874762
74
558
6447956
42678633
92
515753
1016
983926
792
49080
64
40173560
466758
3549362
249837
5
307
157
657444
751415919
49
26
34
2561455071
49084653
6663134758
102117
27
7019036488
7335487
7
50443354
90
901181
163964
7794201
711610546
5537418880
18812
11711856
120035874
853771879
254
8
6
31028652
5342877631
1229784
27934
45617709
49850
954650
765490
21323205
8878
79
47
5417
3962
443387578
8
1076670
388954
1
95
1
279970131
223266059
33305327
110944
468721
330088580
48241
2
614047
9626013136
64
6140
214136977
238
210344917
3606
6542044878
10374
32164529
86
80240023
94
529
6428
4
64163
914282
338882
27009286
5240759
819
323309
32
375553
2
8962
5429
46651721
36550
212
89617
6682
679455
735279
57640
82193499
45
214902429
9
73826381
138618048
5516
161932
3107
558683295
20
546629197
643935039
55396771
7698328
74
172284883
403639
6322071
1520600709
518801055
17344785
229
56
629277283
4
94525
7170560453
4741959078
8764099
25155
3
2055
3027075
72
284289
7
13
874256
1583
329482
7416204
15
9147
4778612
456
83593195
22041
2
3
3
1328
731600472
9
2
267
76995
3463
9895
6251969
7
48
8344
386
18214
5
68
507
658
31877691
8950528
750832102
820883756
6261786231
556745692
9286276780
537946523
58876965
79882
342091548
695
91
3
72760466
57627396
76
575564698
72595285
3
4796
9231507
623440013
7406897
1117027
30788
16913
76748878
323
3104877953
97661
1498
5049261
937
11
7808771
375441961
434240
61151968
5
8340
8531842
57412279
89259254
3445985851
307
93321255
3546241
4603818690
480480671
112
945948774
332
32566547
85306258
121
6901422145
496
88
28751335
3
13
150159503
4236
3824144363
8757500
6
8
3437811
74
324947073
646635
412
9
2
5525557292
62
465106064
484858
1171405338
41081733
1
767
3330299630
8017
87
826471
35
359861
7
25
34
60
1428
9783377195
4
9579568701
96487746
885607
84
920686582
98367078
16092715
9
94875112
4
4540061
2644145
6797783
1850548
2849
856203
88
60490929
8852050670
474300
388190
8
47953
322
11
798464
33611584
834
313897811
97994
61413219
915641
7712996432
9
32361
514
6402410795
9035
351
80352
3
5
82184104
466
1205783151
47
6958
172900613
57
1286
3197747
2366
2
318817
27806
478
9480927008
2
21604696
1082758
156
60021013
773
500811
4
418456065
30268897
88
3611
1608
5
320
6333976581
172377
38411917
1
3272
300012741
9
585327
2
8585
48221
5821634757
4909
6625662
6
3874
4800
11903051
95507
8750
919272
8
6081659749
2204303
87
36
11060
8951
66506555
30944199
841243311
91642948
402254668
59
1684113
9646224
60
6783
502
35620485
25887
89559011
391303
71
6
734182395
25791036
9
4246610553
5099
20086
8037230247
736837
7023398
390843806
10
65
5416861
862946
972563
2
4437783
609720776
572689328
828910527
77371
4434
782528162
9436379
44
704117142
28944
42860
95
27331790
253542374
2761888197
57
56376
976
12306527
2600572
5623853
18268132
73893857
80468
501
24
90011740
711610
54
28066520
6194
4496509936
650208745
54
51
99056882
12299439
885304
2838135
7377
1679044
402900
552410601
8463444
1
3235
1207772423
45699727
9818023
27174177
7787262
750732
3430542055
30
235866
1401193
247430
96508
6150299
3105413635
850879
3074337312
8136196735
5632
16749
2215591553
86
95622285
6106362
628812
3170256799
6253769
579787971
803615868
634
23
9938
5292801579
231486538
73
160071
8458303172
7748882
8358675
9534
594261
8410
72312700
31322089
4194220288
37454309
13
5732881496
4412608698
66594175
49305959
79822
769172019
3
434738
6820990145
35820668
5512790
7
8406
8802738
372
61
1129260
73
764602
301515260
6906
3725289260
184677
55
223710
93840779
848533772
741847
988938781
3
776754
93
489034373
904
968247293
21
773
97169310
854849
4953758685
6056250782
872
479
5076602089
7435545
11639733
771038
6834366404
519
4646376735
22
746157488
333
3
4
7797
340
290875
60
7103038
5568
8924
6250345
52
561296
76758
19
968
6
27109155
11
83144
178403878
8034
93852231
75
3763
9
37
394428
4336148069
3556
3748172942
36511357
249
478
65604457
53685702
338
7501
6553320976
3801797870
6704517872
48
1908550705
79516802
7866093
19397
322571
5599487691
827539530
4
81036
6
11490
254537113
796416
3
367
122596
58191
9025736466
97369920
9003268
4341
111764
4
38905
754514860
8349
859
27763
50
7
434
21784
78524970
99924
3485
234
730137
2
443285918
297833642
9265
91
753650857
9
281
273
5549061433
361989
1736816811
1521
40406145
832523
4974867287
5855432
120104242
33
606
2714443
130998474
1
471894128
7858781603
89439544
418
70
79
604335425
6
4797841
106
57324
17
63510420
543050789
68
95790733
893682690
62879694
551828581
8751245
2097
918259150
79972
561582869
328
398
688303627
141
88
608757608
64485
5033353137
5837266
1
4
804187270
816784861
1
76205820
84204
7705
2506
11958
5007
4
9566358163
414571338
2809374331
3692874677
741094959
345
76
6428203
3667537
2338448
8678405
973
9464
8482794410
90878
2
312923264
923748321
945260993
673119685
275633593
8515219652
41070215
4187
8
7064516
633
8489157
512929823
5459354271
40
850
368482
3119675490
8
45009712
13
27
5904810660
7
2
573394
61
1
593210
754098
32
849795
4504183
707442
590163
3984297
96260
86
86
7
199
883612880
55
809358901
624
42092
553
135182
56
8855977
7568973
53948791
78661479
21419722
624096
3662500878
2583
997
16076581
93
8
1695617849
683
7574
6702
428514
510651600
37325725
985
714742284
9753368706
68588
49
50
262305344
8684292558
6574
584801438
2895735
4232
631
557281554
6863
188
83053195
732446
45421
134604
775
6
67296897
10319218
47347
224685986
45708
326704904
144531
450810378
57161383
760752
541598731
3
13823
651
79828895
203
199334
422
23
28371534
71
5470873
293
26
1633280
7570896683
27
67844924
77
352327316
5517448
41799435
7
1034902
4948
615151
788750548
579000
9
544
9242059701
6002
760148
161168
6408
470
5122628326
698230
114
903280167
4616875
38309051
6
91
699667273
1554
415
2
73
1207352
86
1910955651
4
695170692
773
153654431
826556
883338
8467553231
361
9795689
6
8551159
49752
9444277
3547890
1404152
63
31
5931623
71
46793
75
7310115
51508925
1
17462131
53
53803
48118637
1696
249069383
94
754314696
596664081
592
826990
63
1
16
337150
7
54230
95287221
2
635
379292
2
72912244
6216856331
387175147
26863928
18
3828
3795359536
3811046
1421060
206
72779
3483340933
4
905769356
288359499
15730
2335299
87271
14498
52623
9129
60
77
87622
766
4064
5
8419
6
743789
8
552
811084965
9259405
83
65
763605553
740960
48802731
90
1
3059710524
4
14622
10
7650
60598249
1628669920
3
91184
9210478400
958751063
144
58115928
446
838781
163163
384251
916115337
9399849
87186
64813
998126
534277827
2383
5962
1468672323
42
9583
469004
251817
5448862508
5
3252427754
9565
23
1305298
86
450696956
63
7781
3
86562
63
5257
451901329
4
707250
53
9
76557
906
7
308917
144550
8515
4894948834
44199
221
197570959
361231323
4516398887
654266672
29912199
57
97488141
941528518
9638840
29244
632506485
673637146
77462659
949067
8764246509
59705
5422
242
920
7757520
5875381990
4964
12353253
157543837
5
71228
74913680
55576714
115504413
97140479
2025061
7
718386529
90096
1399
2
27
316565
1658942
684058
863839843
756939867
759233978
5428180
48714
9
3314
9763
32
9354985124
633483038
9
60
50
495993006
591
758568109
51215400
2854409191
278
828028
316544140
3345
738
83
81592
893479553
83907
3885863
5321360
6470768
1410082023
2729
4120
156790
29
75427
3855
1374535
9
95719
241230
374495
990
874
55182692
21
4282
98
14
7869233327
8706783
799450938
59655
32743618
5731609179
1
5436
3272
95
726600
12853407
42
663345
5
15
9462
951
4886
59
3336975611
6442
649909
355
905
838946757
7157400
6626582231
530494
22
4338
24033
240769644
232011
3764905
7069
93
9169664
366577422
15
95141
12779310
9057531
666
23075
67071
7511
543433514
90644584
19551701
759
428
84505954
3665032
123201326
9071
5
2131216596
86571594
3086
26
1
880562
88312583
33856167
377534
9885
727
281
8
661682
220256931
993063421
7913525300
410
1490
8777
940973205
10
5
3064979
64
52087
19125604
584912
3361104
32613
47
1
224705
4044628
53037
9705
6579390221
18
3957
13640015
528054100
6041039706
791366
75566538
967992399
32335746
60074720
34904938
486
46
280591630
71154187
4610565
465
3414479534
39
373353030
13
225504
48772
4598708
9765706
1270461
5592082402
577839
465
610323
55745214
68
9098
6344484411
1082858903
6083932
7098706346
73815
1
201831147
366692
5
817886
1457
849
4034
713
11
40827552
245154637
9726880081
61
3287
4624167
31889
53295
20666
6448681
676024
558078
5133320
89
1930191
5
40521
66
863503
655380
6358154
71
377878
4249803
221318599
7433
95338
642653
7761504
4
4210502615
513646
46
7
442892
3297
6324726
334428564
4224110
6
112
904357
40967
75950
58927753
625735767
2123602
85
8201218375
764442721
61
1
308655206
68
812606
1081053744
9847727
9185571
5
371925
484200564
5052
719101456
5706207550
25
6750
752
8123716008
9121
4323
3870372305
4
97138
43117
316192045
3070786
585801278
9912567487
378750
694935022
20656905
325
702
807070559
1005
782054
948567
7287812
428
3102097248
2877
4636251162
542353
972788
9413540
3749678044
261
6209218
12649
2335932889
74341
4857452913
5015
5021
45532885
43023
96617236
9393321
18339
648
22669152
4284
39455874
63885677
5434457011
168
743982
69614
7753197711
84
5250498296
8883
7719458935
24
2516690
1331613
908
8255945208
456
789946550
16
7832566
7773116619
3349275838
792543
8836
7
500074
991559106
20636
9569310205
4307
46890079
97
84
41142789
91727327
97943
7271074714
1
462676
98840
760465
429
9617414
58425
457995909
53794
4
36
8014675021
4755151348
4
91122
1
5092586588
2472874033
96
7049916
6125527697
48
6905603734
4905016758
5204030
2919
666
27342
49494
6629520
41
993939452
57830628
29
1
863676226
150062725
5342710446
94911
95
3117186043
57553897
4186080
4584192
3348090589
152
3547942519
666
368851743
105
4487762065
7
9
9249201
7709252831
57680172
67305889
4782
14
907
6
557548
46579
2378724
7200557879
4073733
858482341
954
28
2381822
96
4880
624
2943
8797474425
6321140
6052
6700435
6
394
80722166
5726753426
5810081792
2482655436
266
3929
679
80
3545
612
445834
8255
4
316
169045
70452500
80414417
565668
7
828958
17
1719
191779806
20760
62814
1
504589269
4340845
2760651
6016193703
567899
9491136804
4683775155
9207149643
7602966
441
36098
8973251
821015855
4927
4887
46
925754
28819432
27
1
562298591
791375
2291642
3
3
652
96444
5
359
4882512495
11
93886613
885033064
2631441
92
550060
82193885
9132488943
2427572
79394832
825
6
522872
93351151
6896
9512546017
80329
7
46116217
982173915
3032692673
84582
48486261
5054970
709904
2863191
8908
756
59987191
8770
190454
9
9572484
4
59
38
22
685
988267621
8000
9013
607587181
3686966
1268
313663
813
104
404452
12
99
764790061
3
5334431
88
965505
381130068
469176
2
6933816429
33
44
3479
44275
79
4977294
602
2909985285
302709
5
2
10
7
875194900
83344
487217995
5797482790
288860487
52
53241195
86402812
1
43773
8
41490
22785
5435000
7
92270
9014650
3
532
52897336
598
2013098216
5344085127
819
22146751
6
24436
72
604182264
7973778833
52371
575
60428847
132
9406626
8
828724
2666211893
73792177
7
6
65601
9759399643
69944452
8
9512112453
1401344319
24209
26442849
66494086
5730126
8335360
64
6252652163
487287897
46460
56226
3302469
8525396
8250
2
947
9
2
134
6011719
264
610345463
307805
6448559321
70
92
3563
27
5585871
41
9914731
332074690
7196827
7317162921
298
6
297
853704290
6203284321
245619
7
28446967
134874427
29
8044563665
787945
72
464422560
7205463
1
10906
7239305
645922248
6
937594388
549
5
9356
9576361
17829639
61
7473
980152118
5
4922
689
448022223
9289888
9
581312864
947
8632
29
88
432
349
9375799
413505147
482645793
512637617
235350
3966753
263508905
139
6
9654
503372
435178340
271485
253362
43991498
46
11254925
903239
6648
75946518
11
23895333
4619
229691760
72223210
47948
970571089
3
1087163
872249867
5139744869
7409468880
822
112157259
1999701
46203
364783342
9049077
32450520
70
467570
129
4203419551
7349761
9165959757
93867
158
2
389488
274716275
336
703190014
23769288
3414649910
673460616
52952503
3110353905
5287960211
770599
2779797
9
333091073
51921
7964
53726704
328
8016662995
97
3
5488
37
82054080
287
499232180
88658
4551
4250
3
7385
6878
4980
1931831
141446769
127091747
1927201
41
9374344
2681
77774636
6776572
198
53472892
6738488723
23548
3532576
67918694
84979067
737243
914182
87339
80
411262
355606660
79171387
8
5892
6773570
86657504
9820391
496735551
79
8
55452
3748
396137
3172236
84
5668
671857
72387
64
933037684
5926554980
50
681296
6936647
6538551958
604090
26095772
48084
8864663
68970329
3
44769
210248946
819
3111303606
9898122
1
8006073916
314
3871
60870
934681
6200078
65583820
9436
1
2019598118
9105598
8352
2285
95271427
9405
3
5118
36231
26683199
2
5
8092629
727
32061
4002497
860798115
4696112182
47492407
8127937
93
7098741
1130
889
418858422
3
2848
9762316552
944782882
806146747
5340441
23556850
68689412
264854
68
7689
115
4257208
8942
76
57
49016257
837936
414971273
6
68
3151
914
232
3952
11
193
11
32
881
89978232
8836
7906088011
65279032
916
1
9
376296401
8156
1
556947
98387
9403625
8
75
4162733270
7181815
45719151
39
714011
6455045
1843
911015
169834
820976365
1
5343251692
1039423
8692267744
74
90665
6787
9919522
9
929
53875
88
1728
249381
99
4
571
809117
91
984
24281170
6548
12646955
2332
2912007
3
3549135109
17
9267494576
4
497742
3049947
3368
65099
6896121
168423
5982827
4917260206
25
37185
135559343
252
62
625
8103112
9905
4304
57333113
49
2781513
639657820
5
143
48
102660
15
317109655
643690165
1342292291
4835182
64890948
6156326
11085541
424885642
682516187
8571890040
9081291826
5370231
509360039
1957
288849485
88182
488
5974167425
582506560
441
55
8486
4298729
3876384808
1915
13
2392397624
934
9109873424
3
762
3
871
2378529
9
2126724232
5732
4
9369801
94257524
5822431
512
157874324
812651621
7157788
70138933
409903
29
340534018
3489575
928
75362
16
23741
74141117
62
866
5
322
6547596567
3146082
32250
54997865
6268180831
8
8784795
5983326
82941129
175987
7399
52
4322082935
6690506732
136
4
645771
767134
6
449994121
5559158
9221
715
8606895529
29081
7906794751
37
827558730
2861132
215139
888465560
1334984033
456
2635331
60
4545
8488423
5924200798
904759
92
324
9305271
3631
4
7
218449452
30095
725099
268
394963
44460
853
7
983853
374760817
5
3
8130
1196
32602491
475
981
690992
7470
81479422
21662
9141370
748170
3206
19492171
20237
785169
65
82
934886
40564227
198299
7150768
32929673
268599
7602
633
972303
280993
71954128
534248
66544
108
21
414689975
89709880
67
5584954971
6205
99826
43105
3
3994
773671
346511372
7662
89445
664990999
5
8
503696
9879866303
2248827119
359835406
877073762
89544
230306953
1307908
5
88274
112
391930
9558
2514
64750827
44568089
8418219915
776
4
53679
13661
1555
8
46999890
624
62200471
18
8556
8265187419
2719995044
6987
425156273
252
16807733
1
49386
560973
259
61
9
11865101
997
394883
76896263
6432471
6175
72
41860
574203
6785
9
8636463357
88341332
821064
247660676
35
329602
26973814
61472
6746
8
69
424391716
35600628
726002
575694103
6086637300
7
735534648
5950
77497371
59532091
3098
7
9420341375
6537
22185695
4380
883055853
98
40327
60
141
40136815
2509483
929
6592
314
7231
9398942
6399051785
9402053
58392528
5
798
4325083476
594404237
1306055
1236536604
76138028
8297255371
316070
6181195
302117613
4680277
73
3508227
146
8712990
9494949
924356516
2915
933265914
7270
52024379
9377
26034
608463
2100270
5562
4
166
14860
2671242207
21
68262
77
6997137141
118991
1990761
83
1363021894
152999
2525437847
832371725
19
28881
3973
502
25285707
1503980644
543
142538
1
91522
4622125
3481070
5
44
545777104
74724783
22359008
293
6056
2624192040
278134
9813
7152
44
42
7833447
19815736
714030858
1193985627
69960
9333849169
7550438722
73462
4209159541
14
800976885
90924965
439042294
597226604
989007
645670484
31397500
507606448
37901008
648717207
1521
25
871
573221
58670539
56789388
7
12103
425064
4890
33
597786099
1693821106
9290192996
2
6645754128
615253
6937114755
86
8486216392
727
7754798
62
636
3806
85238
250894
369815
608
12180
543763
49
99502
60699
306478146
44730
307
1727069
48665
5808300
343116756
56
7399058
9429656141
5830761495
4066
981649
9866
61
783694
61622
639662
4890494
13
32133397
1645120453
1
8435464
31371
620
59
192131
348172
37057
90968114
8206404177
960200
3657567962
49160609
3
2
257220366
9470
15
30347
7615412348
776918
124
4692600376
6834
617
507
2841745139
44099
699124283
58
114
5705713175
64
965611
77586858
8303859
28205185
850149583
7578
676618
3334921001
143
3371512
5021872461
536507
5655804642
7
871
1397457
256054
94
583065551
664599997
641914
8
96
612548
1465
2239
7362202620
524489
64676353
33
73691
1774
254
8244034508
329227193
1316
16
6802117460
258
1318
7614684720
7899504641
790788430
5319
41999754
4774053
3124753
46422
7
49767
2580
336531
320997
44678965
1390
29496
7978125042
5
1137
87342255
7656488958
7639
4327060
4600482
34144688
903869
4860985424
34792885
166345081
7665
29
5342580
978366
71420437
9
9656
2192244
23506388
91
9252
8
65769
1775
6865960546
6865567
69351
9
792899217
9
3358585261
38
5712180433
799507
20
2
70
431896
1079
725222505
22420047
143458
6865122
73379
9448959
99206
61583569
973505
2
5011
854
76028
120907855
8893059351
15973
45116
5507421
10
30977
2284760
8540812
800192
13
1634908
4
4807718
9265681
7335
6454
7946368638
1707027
8
4
6920253171
113
5
279
1840944
166502
105625
9786423322
51
9520960
6202419200
7
44240061
763
59267797
5
7536109490
8824637
63896
827672036
3616338
6941
144978
35
875997496
592785031
69735
2137245846
667
37050638
592280337
92963
68
614
6946
1602
497
74808
478207
16516085
69371710
9960723
9742642
193
1
7855197
21
37
84
2727
82976
1585733
1
758466034
70361
41
35113
45053347
5904246
14025
3849761145
288851
25968
8043
195476050
82726
9519264
2
704
5730056551
2961394
9785799866
556753674
12072119
351640886
30260
754
9766
96
697831
94390171
97
39673460
845968405
823
7753
54115
3
724678
8365559
349
77
47302827
570
17045
66155
1043627928
87
1
6
728425
6621402
37
3
1366313
9120378804
56990469
519734
6908228420
8701637332
78904
814
3888644
4341
815
423440
10380
629
75901
82
18408
617907
3331773991
2044255
652
194
52
54600
72666
122180303
867072
6609
650348
3055785
52381
76596765
3
8317790
859
749
1
7702001
9284
616
8
267
2
5468804874
29
73
4132613
258
31
359103972
811752620
21867177
3840258303
19
5186
4
531321
7991164
622
5022976373
616741265
5
3
4794031828
32022703
492847247
8391578
596
80598717
1560
9659373
9924
5
168602686
567
37793263
59
9
9298
1
8621819
904200
899
8541022
11910
3429540459
4460324258
7771
44024
968188485
55
92369793
537
7013854308
221991653
766397
7
935185
713918
6
16618
77147073
4930489
81719
4
636445
37152
52
362960113
785955
434186
58984012
49230
681
55310
63390317
60982009
5
2827037
3493671435
115
3
658875
60
3
799366472
68344260
30
6
417278507
240940968
6641515150
2354993
879
1605873
78
618062
8029333
153116914
89548
70035825
3167278
10443
7067
532926230
5847122755
39685
197
902
34087762
84615165
632
3665820
774396
54076
40864
6243699
558902
8492003756
6902090
922735
8811903
1550234508
3206
24
49
18453
19
976860406
8866391701
715733
2
7593802
81
31816404
198937051
3016546643
231
27403099
6078
1
1367913475
335
8176
985527
943141
17018
8394151430
22285433
4857673
50
58445
268
79116121
27747
4609127719
5382
42248400
61971
1980448
21585
58
17
9543459818
38486
3078
36
7019
950842705
2023511
79101474
48889089
86847666
128613
7369557653
5781015
511799933
25585419
21241
89497
1563408300
81849110
4
326342586
5055786962
4
3
618559553
76874
5311042
1215585
33498271
82392186
22492
1689139
2826705002
546781536
5378924
10
1766042717
769698619
1250438367
968
443364597
532
60
37428
65183
5
7156
7726574602
9
5802932
9399269
641195
78108341
996862
1916305
74226
5648130757
35676
87
52050758
1539154818
545
45937545
51555673
269
497415
6248
7491481
5179500729
4176
2169
943
8716
6
7
963577951
3626262
4562050
63
68
28603362
21778804
82381946
31
280
53447
3
22535647
771400110
90
84394
944616243
85683
98
564765078
2520
99295408
57778466
42654
131099
4
45398378
475333
34484
163206
6625937708
48481
3
512638
695602
641515415
2253
1952361
43729130
566
379863804
5215937632
92
542
111063087
62280
3107384197
2175103
4500
18695561
2692779
7615689184
41778861
59
99493859
60
54
280
1198494859
8185598
36367
506
16562
28521915
394958431
192202
28738264
57
5904
1376845
960838
537481170
83738
29
8
77232579
264890349
255607392
2021
7752753093
7827208530
1499837501
1
45
613275
5200803615
722506474
617
931
2303443
2392
610
3377
15
8
1772490471
5036171757
92569
96920542
811
852
1218
4039132
58677496
727925
673917
674
55590
21804385
2764033354
809624
282258621
521262602
2482938
517763582
3075324212
1417852452
39
977002
1374645
8498607542
55339124
1
21463
2824666613
905012912
8648679
30896
8
1716589228
78
566553
66
18009
83884
130
7398
66475
3
203
6168771
82082257
1
9
5072671338
78
35
3
851743
15518
3777
736
569764
70222161
8342035
10858
567568
4504100
565
27
619
564403957
16
358763
4490684
87253348
46
40544168
6190681287
77
19038203
80949
23610
1880777266
7466
367
887875383
5315
20907424
3
48439
9806167
3786
474
429198
1
45059
9318427
8496752
300909
90146
3108690
42
3248
610057968
4575879695
577
302150951
6400
723190
1144
6435936891
9693
923370246
788872
724
87559
451
872936186
52570832
81
6633301
354166596
7623
805337348
95995460
8673
5
29
173196
622
52500
904
3
6075
3612495
5792
934691
517
73645
20457715
390
82
9
371989
5271023
255843
8
3895573
51713339
67
6557645
887015
29
382012566
8871601667
7409344194
4
2
5928022
26228
97583557
1002112
231263
323
84
14473320
9477912518
29890
931255
4090
2336780
2114711041
9358
6704955798
9063
398315
993881419
705821
4
558823
260570337
1593797323
1
4
32
54377
48756
481938105
2
57933
3335
1569184
783123825
2
690
10644942
3682
46039055
9
472
965763
37
7568632
21
656
68
6982809562
9877
506551
430035
7847438464
864879
2670426
9
40788
9433472172
906347
4260002458
500951
1202774
492901655
2928842
9265
431
99
35
1360202
931
96
583
83199
29
4680
44050562
92758097
1844
1871862424
34723
847696
446020
932
21
727228
3594722468
7223
1
185
3
5217508
5151865
12095372
83356
8789108
5939872
24882701
344
30
11890
65
39558
51094503
86193124
7512568
53612
11354
23878203
14121331
7577967
74261081
3093
3
316916
5220589
14671066
7657992
80
867234
9026021004
4225
49031126
58
4909524
2
756858408
8262585
37377545
9113
18399
878527
693066419
962124
5221724
6185086624
66
8
99
96
14
389
2
590572
26
91740066
80
9958
5955
770728110
6073960
28129
41430
958828254
5392
306
69
5667
88994
829442
93445
6
6155701735
978
938361426
83
5924
8
28319
737191375
7838234
9674
69
94167465
1
1007473
631964079
59
38086
1
784
739
354624737
846195636
146
5
127
7959895
8233
89428
65792
1877082361
52
4535649
6
2331115
4905
1946982
529
9167216
5
382
3060
512846501
2
5415601
1931
6680458
8973060511
36
796482128
419426233
6507
7460689
67424
68222704
2
10400267
4402
22711968
9722855334
688259849
535265
362392
54229
42
7921
389
686
187662
83774
695
4325393292
220333
85
7107
94323940
7268382270
33997827
5175716766
175567301
78
803996
614
876
145
658
74
8
68
3241338
5437
907425
3764
7
22
986859937
3271646586
2
948635
51563304
25464294
752257
637296965
20
60
8704740334
8555067525
63622285
502244
9783
3000151841
197466
1630
122196238
72319771
911
74128
554245260
9830327
76372
11316
26
1
224342491
780
4
231917
66167062
89724
33465782
9509837714
334
703521
14399817
35876
9192177258
160193104
88137945
3
81059471
56556
13
5977495
26
1896453
24131
41
5543
6
722324917
370976887
867849
5863889596
9658679
410
1
602241
5258778994
47
9976
699815
94350
339247617
99364569
393244569
88
316
1126192
430
92
93259359
5594162
63865
63217
76130
59092111
94092358
2
46
62046
82894
74898
904
43
401
732260
502
4749
947300515
69
43961
585656236
107
3086853
505373582
9368526193
865355169
189460
9747938
172534204
99876328
9481035
7515418
7
6
25084994
925482
2791
4078
60
9400
488659491
2657783450
721421565
27693
27255
613248476
37030091
288
602
617614
99
26713609
2421
6461
44261577
8227334748
894266
886467061
33
597243
6064096836
6261514280
90690
73579935
8133436
957857377
6582556738
69428229
2765261
91
3898
26
853
5
8863
8617565
12937374
270679
80316
234132266
62
5605342
21859
672
7598000
8494
6
6097045
55677945
4548357
1045
37
582518
1
801
71
6796993924
538246876
92520
4430
482748802
99749872
91
7288
2316420803
7761512
685681373
137146
3227211069
59877185
29599133
454735
69
961
6
2803
391516
4865740
3322892
3
4271
58475408
73262000
837710556
688929
24
1488943106
6421932
96
599
19
3504903
48
234
76713685
109
4
596850
9479236491
358
9
64512495
33944975
7930662
244751966
80276
895
7306304234
57
88641055
274248062
172137693
475057225
256025643
93
2688246
1418573
18344
554358354
5945938
36174
2265333
6722656
61721
825
41
83
9334245484
1834735327
14576303
43727
3198
4698
6918
32087625
5660435955
16900631
2582
65
8185942178
225
89310
8
771634393
1525267649
6385
45251477
6282
288
332
557
8378448
959192080
3615
8129
6098036507
79214997
809
244025
3040
104
31172842
115906406
76192660
959261
28157
79
2
671876
50773662
187
438571613
8344865268
900
13430
85569058
695
3
133
5358
2938347967
99069
5
9350
6
9156459
4052
3561
233
3
2
8375624845
5377985934
4017086
93
8
3544958916
806644
63615026
7950
19331
8520
203190
337436496
5748330989
13060
954456582
3152562623
1408288186
906
494
2
5517
8799
4
5710649
8924371549
231
11593311
41936
9496
851679663
469060
88379645
4
7733
2
4
7701
936651
831
65074410
986136875
14027
99
8145
424124
1234014477
239
2208846
820337659
518
5975483472
703250
5978488514
320061973
375776409
49
4503795
6350250
9545
7
4016969707
9
93
430925281
33207847
8265
948
126424
287
7891
9284756427
989385
98653
21268
8425
4193855
1041
705
35420
459617
2220
402
59
386821
189664765
93130628
5967492
7
7
83
42216482
1199
392053
3838065803
3
10005530
6856663987
605794
9236214100
12
7986924
396187
784185177
59023
411725856
74
74379
990631
77
774225
39704373
79093718
165
742276956
1911
1950078
8
850
97061780
316
506141
63034352
1
80522270
8808606219
526522
2
538448
74
27544
743643519
8423990664
38965
57839
2678095974
16725
7096066990
1
83715
800854968
838076902
38
69265833
1415750231
14499
6512643007
89245
8754941
274
34918
6877745
756847101
7915556
470669492
5688392
8947038155
4203
56940
36502
65
778425609
26
70981430
9393084801
7578403523
9724
872
78
29
66929
6649786011
241007
2731057
3
7531264
34
84899514
8651022
6176569436
484434
70088
208
223813
93709109
9890334052
3519093
6
3370552011
1270
1336
783
5780
29536
204530
554912780
7554199
74922892
17179
6
885
1222864
394
84708123
9542780641
5
4908247
2353
6718575
9674
7185840588
5927
20788391
50324564
44
569
66076561
140
98525
28
3258056
2222
6
77
923881
8255907
3269390
672757951
1927508792
54
46
35372011
9380
8695
8267441471
625
63428750
14297599
449291
3331
1786
43315
4942633105
7947059
71
3612678
21153
3979
578359740
75757
647
8390268
920161780
16
6925
317735592
37720
227
4954697
93287132
7688
249364
1571280
6
400307608
3338333
951
89
44132609
43274656
13423866
62922876
28429969
5
8911626030
64276554
4
614
4
300143
485456
27
79240
2065759191
4336
450
76575
768
4948450
864849
41
77000
7
5232635790
5847850451
1
966281
30043750
9149536588
4569873915
9561878468
43766
91
6092157
466468
57760
86441
3
3041326
3101834168
292996944
64
931
128553
2325
66
8
985320901
3361490010
7
75865650
73
66030517
3997656323
826
9843
995279
15902535
5143650052
90279866
36
8118283
5776407
249021268
7164624
95
43
90
41518
18776
104093566
56
10
40647362
5500711
66
5174571
36845448
7710293201
930858728
8685
72
36150423
384549111
9290
934
41504
58
54105245
7050001525
7008366
2990116579
95
59218602
3041372
417
358351
7
9204340
8196971504
6447
9190800804
8539868
121423
6880212
8
6912524
94
5
9093878709
936159
59076674
5390644
65254556
692495705
8
5275373051
56
9467509
6
4565273141
2
452635
83531
975696
85036
532477
57426684
1113730
1531354478
921713836
7
6724831810
402917
17
595685388
5
638
73681
99971731
45845
7931244
1208
935535282
4547
798
4881731
398
954
1642711377
172026653
65240
13135919
527422659
7156108851
328850313
48
46024
8739
14487666
144375609
93037284
78436
717224
8435
403805
950867742
536482
9
4923171
719
590331
587314
69299
9868
461941444
21738
8025736333
663206466
7204057
4133
38086
1187852848
36
1791099
405
8584
7041333
8
8827
696478360
26056
221
8876018
230405586
444473812
88734
81942999
62
591782
4163376
42188
2409831
1004
5
726
246776
425062194
23367845
231361
9910748415
9
70
83331
782824
362296
79
8685271
84
6043663756
9341121513
736403
2812
68
5408175
14
2
47
722
717
9982
3192
2948486793
407256
874534579
3620215
76627919
97994
88
2238875
794418227
314336
6112985
9655867
3
5397547273
59
397
77992298
2529442
836
5178991
58203177
40158
995
6646152149
88
167020366
11816
1885854
650078003
746362021
78648
89261
11284153
4
599994
3966805
4
1
775209
4
6671485264
383869963
3711
844537676
1
9967198322
91
6123730698
9979177
6122539439
74404
55606
99639416
274073
738
448
992522
949097
54856
5346022
67334645
8541
183
676588332
5751858
31
6688906
5381
638
9392387185
37958875
829
944526
1246383
859
66
11
7
98623388
19115
4796160316
1949162437
6565
30539343
78069820
482
404616647
20
6931
6
13
36
7
549488839
30694061
3178
84
52
8846
3961874794
9455980
6
39069533
77972
3
92698
8929
9
10170646
375497
1
1006022012
5819818
5819
628
667675062
806164768
75075
970571761
735661
96
17
3397548
3
2
448
78026436
8721
6834819707
5
1
77431
7120
725567677
1594465760
6
41304387
235823
78849727
4445223832
899
45249252
80
799
141937
132
6362316695
705309
2016
970348
3880187
751414826
12294188
546
21772659
78964422
7423548377
687100975
97311
45
3
9903360
9890236973
5516111239
911
6984550223
837
30
546
5128187
4165
781
193319828
53164
9774740
122
3478993153
215140549
12580
115
517377
9
1298
5860
41
473923
112682670
9299
585065
48938
40
9438
5702221953
8916
635615
1840
4945040247
7
674163048
340468
8516
69
98
21266
7366
4322
78542
45
4496390
8
367
80938
1681351700
435305
50754042
6696795442
75601773
22
8
4522590963
60821732
25133229
242510
48746793
55
507956729
78803895
5066692825
304023
1474501891
74553
576271
40781
28935
3
67734
216
304
3
52871
30
9794573
64849
78124
56811
689394
362406
401
53938
313976
2217916
682170682
87436
3904332574
710880
87296
5215
419967687
3
3
641987
40523334
88937435
8174517149
60574836
655730
3458801091
3883
9276599
5454804133
8839
318836130
42787027
1241463
734086
833304
3
1724
795
42360714
5272338
69
433
22156
369185
88151319
2795826768
4054
88444524
453
3468745
4090632
4109
8407
9
626285421
557871603
4
6081
9
7478135748
30
75123006
55040657
353345
45702
8278034490
5
726
9027510
8469
6896
7292
3815
2728903456
835475071
98018
233821
5757492
336
3318228154
111
36130351
7335582257
395204183
752899
2963
81716445
8409833447
3
8
62017
130
7531836250
145193
619
871965636
359
8631
868
4417913926
68245115
70032290
6381737
859550286
819705
7686
92903
275
1
5
756367
239566472
4950108
975610
918
6185196342
3896915277
657859
7917937
7521221
74
7
2363
56782
9743719
618750968
2407349
7996
66254783
8
4647
148016387
8110466278
2196030118
95694
3939984
8161056997
103039
71039
855
34616728
11749
770101040
6282774652
15470583
912
53815439
5
8683300058
580637652
98313
6312431
50958962
722499
532171353
9819142086
3
727127408
759816
2021
2
5
713
40203407
8794752618
8882623619
2
203
377896808
54109676
4775
339
8151
860783
63469
622748715
4794
315579
3
84976
726655940
2124854
7333507863
281
147837991
440921271
622
2867894
9435228449
667071930
266
26163
805
88923396
7
83
65
607
47502816
70150234
6362883521
4405
338
9499301
5358
95650
5
8373167852
8
356
4884875247
2090252929
7394
5823153
794482
73383
410965
348021
737
937758931
332995
40502663
5114
74066
646
767
5857461
8436
4804854
135338
9121116132
13688
467996
63
654
704721519
64261
7229651
762074
29801121
5
8314445
371
35510
2688
112887
98363
481555342
8828959374
978671
6397221687
527630358
1007
3247831
2777
137213616
354
549604878
674510240
8486079
99
506
225330
27219193
1
63741
195
807280177
4
50978
724
3
3
5262268588
7992223989
933
8
93920
7670442
72
9409309
32431
7357007177
65950
66899
7879604
96
240027574
24165899
797702
89701
977693448
16774017
47559
732074
20
460707
45639985
8
1227
71052423
358152686
857759579
64028382
634988593
160124
4131479009
5736317
1837
631
46
77
4920926497
3693607717
39
214530
815665610
6733
2984543094
263
9463
792134424
91217
5700663524
36000512
1251997
206506500
82215251
171049222
85
5932
78230138
3
67
70
9
7241106133
91864
73342
6001790
787671278
150
6895765656
726244
74628
6834694379
23693174
2
237
765733
3470
42
4293496
47460
568723
4264472
64716282
3671
275257173
772
22410
66283
567
447668
7960391
13
3468849120
968
29501349
4
2212
9950180548
773722
495711299
4597828742
29
62658
1
8964808
6314314719
6
59169937
35165503
13886
841447357
346
47374012
5430
178
174450
822809
512025481
172
34945919
3934550
9011954123
102769924
72713837
5389777446
635849
8087
76879
9910
835
4228691149
889124693
924076123
67150473
6639894
5495
574582163
525
611
42
685889029
8691
24
2
196744522
88538949
6
9983
7287625389
24311
409688357
429
95407141
681450207
3109825
30
4286
247270251
8534117
275826
8090
78
470195
19284
430
77803344
5468541
60760877
3
783298961
674
437774
62
152559
47056
31754963
865492928
1298443
399
4
39226
5240
7
5711917755
989559
8722
957242
602
83
9
2631
141337
609
54686175
449450
5
44080
915609
54997167
7
371
26
307010
55
2587
61651775
82811471
84
7743
7137
35336918
940
83
93594
11
3993
625093
6476210
9758
782494
7510
844
6774360847
5867
95
527882
4891785081
975296695
30
260711
54185437
72972243
540020
26995839
162114816
9
5
467
758372
76563
47381
3509904682
88592
2
3685106
394
4057020827
5
87241
30
87
96470
75
69345246
4
9138
40502
39307468
55667
551652753
240
707836
156925
1867588
5835445575
8686
48211692
1995202
8
3
636548
48
53032297
3783490
94829685
89810962
489494901
124515
1
930831875
976
130042060
81
436856018
7046544
8942518
77362
8
238109
28
46620579
9524
13850711
9805702
1
373
541257640
2
5599
66922171
793273
3302
6571969457
556580
5445
93162
668
4560063
8960925970
37702896
9807099
8177917427
7208
9592883945
173
109
446537
558055080
6499893944
61862
63874590
8
10
25
91976
12932
64064707
5
759870165
50271789
39760733
5165118
2373
68923462
7745
45
4519556
73
44549590
150900140
2854
967832
550202425
28
103741622
82
49
1
5297178054
7256917330
793644652
5608
3605475157
1022936088
5175306
122
902
10548
641
184604818
52617
5022787
514
832274936
12313
17
51
6052
2516625
3750
74
6425727559
65801
61294539
609469
481424
32236410
8061579687
76691392
9367617473
585
3913
9
2
58
61760226
929146
9609918
67207198
357
5560557373
9
706
2307
35291781
74486710
7
5653351
151001278
1
7131
44539
2439669524
6621986
173391187
932877
61129543
7647
7313740
355
5502399
42024099
8873
518494582
535521670
43541
31
810796487
9494
59666021
69483349
16
1
83803217
34
709681
22800
441850747
722
9
438
9920
956994057
6150636784
4
858
60370
208
659148
8127848
517319807
296826545
5762342585
535403883
3
4278993
40860782
57619438
99364217
606209
178848
3
199237
38516075
1
440
850545501
160823241
4836141398
358782249
5163632792
89
1511848
13
3
98711
8729224735
8316363828
8
637
4824
83453423
47
45435
18624125
849
202069
77095442
951
10565
246784097
1268831293
183098639
5828
35940
25137
957210
82799544
485955
9
31
783989
9
60765
110
1400569
36094581
39689747
3925281
824233
43364066
82472
37
685054241
92
75847
7343902824
6943247
70
7174130
866
923797398
27
63
855
94410
356958
4116
16149
2
82512
2454
6
129003846
3
50625555
35
556
147
218
4457261
531817
1805
1140
387810
335015111
4940456
47
7980
1
7021
6
83567
170919
37022975
9438
5473946195
3802139
1588
7703524165
670662
39
394
2798153379
97
368
531206166
9
42
407233891
631
92819541
7522
899
719855
122357
333816215
14
679
74576229
450082727
18419
6763463
1058597
67434
79530
234664
9
16027
34208870
1845159188
388396
36023299
1023664944
5023
56353059
777341
39004
305054
73
99
2896524
7428329
90036
3770
29672168
32
400387
69891
79
1038834755
8782868892
5031174
21226051
234
132809
815411730
4835253
2
246486125
288
54768227
9770870637
763628
2342
40025372
8
83
39
82104563
496476068
949353
80275
30702
209
917
96
3304279466
858268906
5
369526
615712
994601
883
269164556
798618
912752614
965
667265
291381
906
101057398
74020
522
13198861
5746581
9
8675269
596
681724674
704
91343025
769493
8845006267
6037
796
70098
1979
2742025841
8500
7
15271
73643098
288394
6002
26958370
71953302
10
33668883
1
442896
8719540
537341
4638881
91
887
40
61802
4456
1291888915
64
4153975
658490
3
51484697
367395
407612322
1347794
99
58844
63919846
735487
27
309110223
17148967
890
29607
757257
5078
403153047
2861088
5
83
78
554566
412451971
5462211747
4565064164
735
1016683
8553
1
8981327
5310
5
2
38186180
90
57371752
148657154
902982377
2113699197
186082168
317760
720714
117085
718282
9046
55661
1386644
77548998
6245
910466
34637060
3
5580
790
90196326
5012
64979841
4137
314554781
317446941
533471
5813
843033486
7857174436
96
5
7486488850
4
532
9071
39
554
3306
5186
3159155004
566640
41626837
9255459980
15090012
12360
232
55
3
5104435
63
450082291
390715436
10634
516
704
954903
1209
7368200665
3816
2970650881
3759
3048084
880182
37932241
37
5314242390
25346562
142092870
2288569455
40874073
28373
33105
5570357740
94426
1960
84
9
8144038
152158
191940
8545790158
95622
153
2072164
6397341812
240266554
173485633
44521192
21
245578690
2395
4455900591
7261610
40620
7199
2091901
77114
999270709
1
942125
83
2572664
5
75097
5476
496926244
20963164
5314896
88
6128
5866
4682
9
61
927491931
9847033
83083
53665461
1
8962425
96
29903
40
41008
33542
1825165137
507
8
937
3499
301336
29335
35795
424
93372
58478281
366630
12400
9080275436
25
6931756
2798
3
228
892197876
7
86458
3
906
6642623
1252
18857
351
2635680
2954203486
2429297788
6712960
1
3226514092
8312923
149452449
2103223
27435025
84812629
93
5800324088
33
5177032605
108557588
24
81711301
1306183
346401
7
3
30157
515455
9
2583123
2
51666334
610
3674092
579148793
5
319
4
700817
391302405
5
240
134664117
35
89
37947973
96062
5649497956
2318644
204
443604
20545
2521
475633
71106
7
13450
411754877
9497822
17759
961067
3
4
7846037752
462550
1342130
9256
1
32695866
502328
8
995
812
6470468
816
6196
8964120
3241
604436875
5
2664069019
91614447
989
1640076295
48009
457
60
51
5587175806
282709115
898
4561
234
4719394649
78225
9027380361
9463706
57839431
549
817983430
46
7160
18479704
69
583
640
77
656
4029
212425
755349
7160524
778
76564
8
416945
276126065
20
9
113
814
506403
967274
189724
6796772
4202187
4918
5018643672
58
264713
555815
836001508
822
87728
1437
410
25136
5895130941
4003
33823078
800
22776
955295
3352538
836926
2809998
4968
36763
68804
857
616
174997774
1664475
6320054
195
8567
584662089
710
1156942241
959498
347047321
7702258
6689137
7194
8
391
860828
8623255142
4947692069
456892475
45419
18896767
1218690012
56
8
3617080460
42036201
4
751296023
93996870
261327
554395
14
65347133
3123
44507563
9024
6
9755173360
258356
4322795300
2976
53496
1922339290
78034
3597343
608760
5005
750109623
3
5232
265711767
9197
616232964
75104
3591
4
27522
945689
253934
561126
594327732
319575
1089214
41333167
9
931139620
901448
401
28
9863397938
79
57
9202
2507474
8413
26247
90
55551468
7562210530
459614
90290
384708877
35911
7491985745
5005099
354390
86620
942213
2
3193
8
57883141
9986642518
6
41
40299
5843592656
2339289415
1495181
1
2504073711
555660
1830559185
959192
1219971155
250719
9681654
5116477
15225
7234
9314
1778185109
155005
92462
17
9
4605061
7626672864
8678
549285
33175
47
2638957
72709407
25190
3
216741995
1779
4918
319929
6
73255
28769697
359151033
34
1940596
5220400584
23112111
84
8376257
5031937525
3811569831
5661
2895
42
596205672
7
221489
71
134072
6
1
4
44355
91789
52641
704860346
9076617856
1874136
541884
41936
99908344
4471
6808
31425453
2
499722160
56699
9340330534
435807718
7908346274
94302
8421
50703
131204901
58007
92754
13287
2810306
85526
85196553
946199819
367624
9
2931
160000
70064101
58661
5
753
201820
56
7
141
7129845281
66208
8
29581
523567
138
36426999
7565
2108
5462
851246
506296
888546789
7953921785
99627732
4104522669
429735733
31238050
25681
50
3240
3856
2823
77012836
1354082
68
5
1352473
460304
183
8227
91861237
745678
916
3
7
80567
8678
1918593557
828370
2603
912623761
898130090
3709
4432
2658138316
3124
47008
465190
2421911844
89439
95807
80172876
25205825
4
820154401
71
4738
7118
81138
6
5302
5541311
4025017
5
1
47305
490795414
75
56
1347
775739650
6598
2
57229758
8769476
36878389
2
4339855
5
247282
79
704665232
75668299
48328951
6304
594
60135474
4718730
308213
3
5852013953
2449188
5376374535
2229773666
600956
8488
115
497209
34230
86707289
87214
1868808
6749073
263
334
581
337169
95
95937
16
25
376
114510892
6690
974710
57
89941
8220800821
74
7362
1748139
123
42734
3
5
5876295495
977
2731260
84243
897122
99266882
6954
87
89
1314
3811
480329
67
179045629
96
285
92328459
553766264
802104209
8827443254
400
83840627
268
57498131
89
407649
12553655
17184
7164
5
3265855
96972
64028339
135773
2
5198867
2538773574
682090133
63759029
2653
86
39236734
798
8945
76713
8
26488991
8
2977598
33356
19626923
44
775
5
153
462032
470698
18041497
4789
2339314
99458603
3758904
506
22074600
839
69
1
1178720
64
2517824
271
44136
81232390
6
461
3
6862081
5
67196
3160760
508
7111353
80
527
1379389
6
9
147
512126758
15358
123272
1338701
4
60184
220566617
7604
2397849
367149768
22698578
5853240715
438289264
496807777
107471454
77990
71225
5
26624
4
6571142419
8
65654199
12
28368
859980855
6857
153436
49193
742098
6
562
6
8928
544863
692257
7759
6
4
912
3659
5647222
377506034
8123930
9228334185
1507584
466579749
48823263
361975
7719
629764
3
318817
8481988223
188232
22938714
3
21978155
24593117
11166
8493744
53
535235026
613559875
3406300420
663
7609035274
26
2213
7706682
3165234464
4
1
56
184822
58262
783
75655828
94
676000
68
6204711668
329
363
1280573545
1
319188277
2653935
484
1599
5279
8147560
347462
9
79359
150816
3335
8118558
262163
35366954
784414
1461020
784749
92224
514334
9584787108
3413
86024369
846014
542
30
75638049
35
68570
944262677
14
9269091
751083375
18331
7894782807
51
7
267868
4190183031
6671981
230420
507
886
441773
1265
87
506569
59
965
8292059
8858
265255
35
5738067597
16634
700418877
48653
32570422
13971581
4808594964
69288
7
217
444
305
104511257
8784088815
2672
5519968173
40134815
425585149
92219
72158
1798
17256
293
82
699975753
51191575
4
98
441
65
2
82963
5675191
9400888761
8361987336
14713
6705765
8
6
50236247
26968
802570
31
26
208
3525672
6588448
1
768
353036
9696258
9445509
27
62834
94
1946
71
95405
9054
203367
8
669
401
232
475458642
343527677
828
221123119
21
2171
565355
755333859
554884314
134
8424943152
987756
3
318671
15351527
6202699
50
8699
98810913
505986
619
71753
5
925162
6
672147136
13
5495343276
4467515
331960779
2150
4615629
13531565
9977378
33149308
2865
40240077
47
488
343607515
330916
2560499612
87
20407
5689
53752
8
130
1659322
5259863310
403675998
4577
4566
674741
275
2
9272480
4
82737155
701
34
5
17731925
27105663
8566
3
70679
8994842483
87334
74610
386648
9591
9453131
174
2382380
118406
342220
6109360
5
45445
5
871
9417868276
2867939739
3881
185918
81953
49
897
9
84086282
15899993
844
80206094
46812508
8815875879
3888
3031433173
132
862417338
6045594
110707
2
8876891201
78987
65
8617160
796855
6421
804232757
3
1687616268
98
3454649
431282
3
121337
3333533
62263614
9760
11888
1081269
1628
750
7343279790
79
44363
8035
7091558024
3733175
434
36073
2
994141792
293
133633146
924
889938
79336
135332
239415763
96894
6008321212
39
814291
3419
68
40
265958843
91
3
328484
1372690
8
25132
10966341
47196
773999284
148
333
55042933
91531576
92569
460
1
7044605
41277
427829660
365
16
465334
321
73943502
9
64082
1435162
19577
5017
79
2
7
6029
409354631
8645190
2068744
733127947
846057758
863012
947668
7
7
447907454
583660
659
871943
7
3
757475722
1087466478
602
5418677
2552
5
73611997
9437006680
604611
15
414020
27
789541597
23486982
712346519
2042425
68
10462714
7021147
54752811
9286
728426
73844032
71369011
61
3373428
244
2
72575
46090
27676
7
6
3943916
603511
212608
19828804
493230519
852479719
305102447
38738070
67125
4677294939
47
184
79819
843
14720
70
777628
821
1406102
3760536
6
739124302
5489191
48765
9
2255050035
974534
24
5
2712802
3350221670
3117
98110
34
1678
9
7945923197
3325
187877
87149694
27132576
5530
6
199328431
22980487
92673
14
283
55519
756114
8645377
6244
1152
9346038
66380
6954000
52414689
162741756
481135075
34830506
79957207
34
354709
856219
54533779
838
80
1634
98179776
8502
811358683
49
41627
9
1082927
912
344061
5839033
2610937558
8801599
65935
40605
8
3958094
64035
362606097
828857
702240877
639
9555471031
4991147202
6469
1917661879
526944681
5311454
70893
5642
7732
1
669803650
6032418
5
82
91880
630264
5034830
958
3280974007
4291425
8164899264
3030936
67372
66
788
6
794595804
682
2217824541
3685
752378828
2
4162741
130402
56416418
75886
370
4755812
11992086
8118
1
57126
311
3743163280
35
142530672
11
36095940
9439
951
82
7
2101785134
45923928
42
482352
482
9600
27516561
108
7897547738
1654
745516079
466
3753
993
73922800
3129
650
2
3970966501
97611033
8805804098
2171297
73061200
970893545
6249926805
323434840
5584171498
455256
1943
47
1802
18
10
463326634
347696776
7086699
14
195617483
50
5
2043451
9
224
6955
22830
83
1290969536
9
478924
4461
6
658014
40813437
7911
725869732
849269029
589857200
637008112
900382
7233062884
92
9
91476292
887
36
1712869849
10629650
3649914662
39259
25
99
3594685747
5349804097
5878444
612891
3629
4486878
1665997
656207
748563
174714
55029
26
685911025
6773223
795868
751
650879930
484889395
387
4653352
833377401
8
1036
63341
4027830
9487174344
8106210357
484684970
89560
9366630301
43433
4314267
18305757
12470659
845
62087447
9357287
6053701
4
760
49
94452109
7
773
138451
485630
4654152
82
799
4508
58565480
7362157679
343390609
557790
878132
31
65680371
3
8409
12160
5435156
23598
89
328902
952889960
154846353
3140074801
2230
3167
6466134537
133
432332186
18282997
4
23
8610
5862950
44
7
328412
5
7610925096
854650199
59051846
3835734
4914
4203982
39
7
42162
8833
92919340
93
516527885
336
9447
3
212448127
9754885
563500345
412
8
26304106
1168949422
9
1764639870
1124321
9008
56230
4791202
181567
986903507
3068
3816030
36645662
53
587024
3909
288
529418200
7
659476
793616036
11493058
689486613
3876857152
4312247780
9377
1096
14509111
1760814
247245
9
67
86083
5539687
44546
20588
2808704
34298041
8873068245
3515442588
6
243831
489565604
3829698161
83338
3
750209024
947955
18016527
4885
4
234
754154
57
95
32405
2
365934
5553
4792095204
938048
55
223
523174
3793810080
46911531
4417
544385
8158655
9612
95
77221
9462
404
506644670
99
66064074
8956279038
76217198
799392
955055
8982851
4279879085
11
914642005
60
8452
63138132
12560
4
988050947
849
87
3503122311
247
9154952767
53870
3166
5815211412
39134
943384
5872364
2357337925
539871735
6335174367
83556842
77539703
7
3174188
97
5
13918494
531572
3
8631255808
2058185
9256745770
77608
3
75
1139875344
46
75
84476
29446
1
5547388848
4937721
35295004
20037905
140627
4491743414
57559
4
673767
9
1209
26482450
5498674
87146
6532421
3463
2
5801
405395
2
554
24033197
3
1
442
48198641
414723985
7068
5773
5
9
236022123
310
51
5920234
5
30130358
47304
87835
6965465
63825740
1585
1929453
6037010
7573816
4201720055
8490
67
9451402
4843
250
220
5743161
8508021924
72704
578978649
2611146909
334
75
3181005
88716
761
9116693904
28829
2
35511086
188
9343219
8914639810
965950925
597
509953
8093364
601146
921801382
576941
3230725
4
26
2
468140
9771
7076
14
20678539
51
2760800
70
38426389
4195
280
6746171745
47906
4542612
17
63302101
8659525412
7
94966636
1985594234
447822
43295757
79
1407371458
971885914
6571712264
44
8
4678292
5760947198
99
576543
759530
70543
79
9924068076
4
8
549193595
1712206
3441
910531
80573
221517283
920223
2926877895
288403
46210643
485504
375
9189
321895
52719268
31581849
936392263
747063085
76504374
1699996
6
461
4
823
7440761380
199
8
78213
9076201159
28
227189128
1930172711
405351
3871230
515399862
5513
21881
4
7671898
534496933
9727
26
1967966
540439537
1392377
4222
8001708
84978
97
6
252
2071
641
909847
579
512415
632802171
424
39159784
9
956834028
70
239598
572112807
5151802
408891899
9
142
8
6473
94828
680682292
6
312140
6365042314
4
856399055
55
2657615
794
7229
3632
7449786289
538178554
1486
788
294675814
3640
3456866
983
372
9605326956
7
2499499
22862
653
6500
891
624
3
90244247
8
804
564
694580163
20382473
5228981116
97213994
9379796
14
5704548112
72770912
9
123
98
3796570
42
32679712
81
5
92322154
46
10508
9025874
12134
71655
95
542127636
5
470
2
3327383605
96905
269896
6
178390274
508
4
21
885439
3612269738
4637336
271065857
14615
5654670024
9944754
7
28607
64031
911259
63
450084
28543139
4514
9362865124
171
43
7097872724
6
1016489638
18
34
2229069
483777236
6403
19718
38723
20
756
690193
39165221
389
313031475
87
32680640
2516239
895584850
68315
97
996445016
699
6535568166
20197696
704562
4328
222996
89144320
8311318
1334
9163
47941027
463575638
7
6262605084
9
3849
772694451
858
400693448
80436757
4722779
365
144223
2073
2268987455
352
306547
431459
61201
24356
73219201
340680953
38297
596426649
3111557
77
75273003
456
504736
407
2693745820
4586457279
150
5
68
2885552631
31290
863
10560016
7289259
24167984
42172524
896904
374243
9823962739
757
57251
788
133
4028143919
5591949852
1
5190264
4570345
1570
5621662
51567
41867424
8226
2079
193138797
9343066898
1441719
2901
98892787
1205693936
77899
37000257
9354122908
374943
3
8866106
109505144
5916105492
1493
689055
864980260
1107526350
292076
32
65
86
17333124
22
4565037
76149850
8288988111
358851
67226
9821332
129023
24357
80135
769631
94264164
18568
28020944
60
27
8
66531
8
1442
136
451934258
482450
965
862443690
412
50002213
65
39296826
48967788
2241780122
597
139
673
963
73707998
21158056
2705197179
6158270065
8
86674
276496
61
8
126787249
81130
70
9724443363
27582
46834575
111688
2
89
8564
86956
35
1128608
3
183847834
1883
142
9
753803
74974
82603
844209141
42823632
70842
5353
20
7888145004
1857
67
182957
1605
59645
6911945
9101467
18900
500459346
915063
712773382
3123171885
4966
860716072
7280090329
42112
3477
1915982
396
3032205309
2942
837078
782184859
906909
220445500
169658236
358
45741
875319382
581721
2986844
25195479
73200382
8622
3664
591
302533090
754062730
19693041
658608
72152865
9
8139475
100942098
61410278
8257157
157447
596721653
431165
59
98201052
33
956047
253
7794
673
2632219103
3445
409566377
2
434
57286479
7375754256
9166187
1
8785771673
63256480
8
5235951
83
630
122
37
5812556
739
926
552779072
9
4765484
1643259
5764394
282375664
189
7079237
3745318103
7418795
45742
74268207
6228799839
252259
9438
363702542
885249
11733449
8714459
1793127089
72
877576
370
89
46593803
445160030
565
68
65103503
880707
655
1347517168
9
171035870
8
7017
3135
51
950421732
67817
9026595
73242417
38831256
592
9
642
72683
1388643
227
5
3030607613
38
882284005
14963101
81
2
632
6256567622
478
92
684185
794284
7626231
5911477
44074
119
2133782
452217589
81098
3395948789
7000201
8610889
94272469
6
32
1
99
7614566513
4995038664
96393
63432
621499811
624
27770311
258
63476
161
2792
50123
932
98102
68
156232
136760041
404
44761793
8122
28456
625
103455
63283007
865322507
4071050730
1318796801
913805
376230135
87023
537
225914
1311228930
90550594
4548
39007908
498487222
9469048
1101653673
48
571012246
428
447
818479
380
97
12
59785572
911
121
621
1905135481
952024
2
28
68274634
20789
9
377731275
20611086
7264
1442904
2645859633
24907
450
104240403
87548
619
6952
86
713496273
69534897
3629
565295
4
165147
84118693
7
532475809
432
1094335
8283166
2370
58729088
5125017
12156198
546908
235
59403
675
3396817
2
96278
412680
17
53
761
179452
3390106
33478424
5420478
9071588052
6772564770
5
3901213
4091
7702480581
675905
7021795
45800863
389730
360
162695318
7
175527
99459
8185276995
7302832
61227966
677
83197723
200
884
370689314
9369203247
1408853688
39379
973
7
76503418
35504596
73
103697
84646
89
46
74
763510475
9296472146
2748340
311337303
578718
17190
9
60
64114
5
98644
1756658
956797823
5831995609
4643470
60
964515
73485220
25
8417916
91451
56
890
87691
3332
8019532943
609
2206569
7207
3864545453
69117033
4875
492
44
41
9369365081
8156
367
70
911535
5314
8826
8522803188
628401
884
2278929
11851
48097
839027
3749445666
1141
823
173024
27090
873
348468
2784487780
679361750
680013232
8092080
2470
9466055697
49571
976
25
5286583128
1626935698
471388072
8127850003
4454
2
4407852
90126
4455545180
689292195
66308826
504859
30637222
2917273
2599
11134466
1645
41737282
4
950350
6048
46739
96
518441
8906
738183
31
286
54
746633
5249
84824180
988
8731812
3
685
9
2561
58155
2566565015
29
884
65940
2683687
62682865
7218
5344774920
56732
3309342
26488
21662
355417
9
809822
191
1442082
24001927
67
9
140
754673
846914
1
131401346
724448011
928
3719341574
398194
421984
53426
7
628885771
3189
610468
9761687567
557331267
8183
52
6303154657
9006
8100
78280
3
512617
550532833
2250063278
26
158
4080442468
35743991
123002
20147
52121248
71
4053497
5
812977
90
9137224
902
724016
144433
13185349
5161442724
9
600311270
8566642536
39452014
31581899
41504
6442214
17792180
28
9456001
8739
1326327
2
663495
5153942197
78413
5709842
9
92826521
818746277
9
6
426
53
3296
80045
282
60728528
8005
42760
9047251425
5404341
3
9711846
74909298
501578211
2931019
30
2555151
9063489871
41857398
38036245
554548
31
8413501
5
10
6165917197
7921792455
2121005054
3
2882
506
3823517
563
364
67861099
5650949262
743
2220135
54090700
8239
1
33075
8788
76062814
1401413523
69749239
3031356867
653489222
61
965804022
6658
8475116761
9983025576
81
636772565
1
2235865686
9
775533
331513
80
77
89316297
30022685
81592610
1936958746
92
39617
9
4872
194774
14
295275
9105198
483668
8740539
26424341
4881
54722348
4628
7
1215822
2015236773
9930
2072451625
49690374
385863
84104
863991
30646415
588
5055
779026
53638
721285554
681272
347204576
42144
20326
8419
9222459704
7576725
9856
2
4
9
2110
31240
45
9697
1198354
233
1153210
83758665
270
864
3308905
632744
49140605
8
8926462976
70
2307447
55
59012
8
36
994876
3795
7594858
7047857
4658
626196
5
366907941
125293289
747
560
1
497245191
931383
57559451
330
4
574851801
4
69
5224
611294858
94769
18
567999
3
7653602
13864993
1246420399
8
644019541
512896
3
445051
755019
61
5651
6776
3
817968958
21
2035
688431248
6265054590
52
6430046
8214033
1606
4590240169
295533063
7127
441333488
5198755
3159
2
593144
908281
6360969521
4493320
2972
842175460
510164
869890
9007507060
31653352
9358682837
9706
8763311
719904668
40514
2
26
58634
715
5799137
4049
98216
2957042828
5483
699321162
58532939
2110106024
451462977
6
1670
388976937
36233
3524273930
7
275
5
5521
33
106715352
3708753
5
3018728420
6
8257845
216
3705800
3
1261
1730
14139
60057
6204322
290
37
229
2
7979059169
323
901968590
321992
72
8927
48249261
4713453813
12423986
95554477
265133
731841148
8935
2
3637
8
85211
375095151
643
5578
1
82
7767830250
77349
487432569
44049
8006463
562257
27817996
70
9255979
78747014
3377315
2
496
600
626138
5727
15134
2314
250376399
28207
47269508
981
487
8419039
4199622
4567
121870
119130
33737862
6
53
1
1641527
333
459465
90470
977474
8605813
428
7084
9982889647
697266
5053988249
7354
59220
32
6278729139
656344
4941216987
170070
6254
662390144
89644686
7565641894
83038
10243
363208502
12679734
360185
5
1
653
23524840
941025
56310978
4
9073
2047249324
89476235
444005557
9
9
98298741
2656
9
55730
43593
42724
1
48027954
5
8350
43
959914
6271
8
73845593
9
7969372
6
6022181
55
2977098969
519843
531
4214
5
48144072
4
7938073504
1
90502612
8
2708628231
6839298569
6161
73271
648620500
1823
266622493
95650296
6
31453
5
91218
6
7890
6
26103650
6
32
5222031045
46
944817
984
457
3
4
50
7
8153507962
8819
9
94674
6
258312
9699
6
43
2110695967
1
8764724
8701507
27
933004
98169
785083
867620
8656708
7341
4
5754240
483031305
4959287676
653
4
9
4587311781
7011
2913
74086
4
521
600
3705454379
8349017
383152005
9749
603
944
6096203
2179325277
343
77
3581
23148
97730863
225
20
447204
20
17
676630
184579967
940155
156
2
941
1893352064
91919152
5768257
956
886577
7168
34457
8520479
61325
3001330
85509267
45745174
211986
605840871
61593
8863537098
54413089
50556
716363
741726
513
9
9602
143112028
70
963
94
59417786
6629159650
5236420
17108
880279
6042796
611211
12
11
8
440
459853
5411
4828421
66026
2699431655
1
875
105
7766084233
5044790705
603879973
68042
10688
902081
164
8863648975
16
289202
1233842284
5180901
1268796
24
2008845
12045579
9621657
383320634
3
34559
122154
48
39
827305796
5531094682
394
841
3575418
3
16860
3314079
551
9
690126
57
310524224
85
4957261437
664
41916333
1695260673
5162188726
439840852
5
90991
5020
45793464
17900
375342294
3049
99794128
83
6509
6801
48466
512147122
271226
2491121626
42609
34182646
7701307
3450417
32599
9
764642
963
8
1605
6866
694258552
2
7329251059
2
39248
13037
8832
716
336
2098687641
4072
651500
552626
9
5351
930911
574734
787151
638480
390149
25862
74
3719987388
609783657
3
76374853
63040845
86331
184840
452
875714833
553450
7266
29386
159567134
460173
2362246768
76
2
3545228239
971
5
376
68
122
1
79691754
45733132
40
2783
4584420
2
3328271
9
2780020
5
8085
9687523259
67554
525032766
64
401
22606015
32
31258
61501548
3612
773934813
7433577486
148090694
62890
2915
6621
3774442317
640480294
41137226
52
7661411
28
2384
9995
8421
9
59574
536352
157
9
93302
531
8
7812
4623845
9
7434273
4501
3
135237179
5
5742
232466
6765
6
72
6577
75680
56465
5215704050
9768323
32414170
4
737
72030625
648
53
307
28442733
6459996977
10310
617627937
17435773
667929432
5
7741601483
3394726
9787074
362984
4969738442
2
24763631
1220
1
683547145
597066799
6
875
256169
151
2010
11519096
837393497
2991
275558848
5
7835306073
98262
8815828273
633395130
4722074393
4
18
9529
607
6414928737
521279
8634053
966
536588562
583096
3
447099
15071
12562296
50477
64
46
2109058931
6
8978
2110340637
34
75
679629
43
40545136
9207652112
7298080
204067866
615496826
9520295030
37422
8677076
42767
6879737
7940262914
423
397686
820718498
52
69248707
26218528
7429609604
726
422199
4
149090
710610745
11049
86
407
37293
8
66
6934128
97063343
30870
906398432
2
24
10291462
45984312
331163
937207350
5640
70183160
3
29
7468891
41153
29191
32
195
148646141
2
7373557
2540643314
9822854
765951
9774
98285690
3526631
7954515301
310662957
92
415869989
880
84925620
6824683928
7481195064
283545393
500878
2200246
40808797
2660474
630816
3083
393589
37159
69
56
95236521
2
37358998
611111160
8951188
595
857
482500410
7821611698
378059
415
44456
77278735
24905
152131658
529
83
43205
79
93
1
508369812
34284969
214978
134545
5
192
4752104
854886070
35463
5
3
28904
3
27854
15164091
329280
4309191875
3306124722
6
8
79681
29300506
632
209768
20023916
3879074
167112292
47
3
339682
2110116
663473436
8423
94556551
26711
411666908
8787897009
301944
7943
28632417
2351470332
125
993
9660
1959051510
2235011569
575503709
115783709
7
828867262
4
696650
63
85400
8617060
242418
8113903289
339786
7
3
242707422
48528
40
5
2019
841954
97291463
6315024123
5168758846
9514
1130403
5765520
19379417
54879
5977080814
299343958
2799942
6
125815021
296031
674
86294798
147930987
2
145
4
905
9928
73547070
994185
92284233
6
90864940
4475844
42
91
26059311
9918
1446550524
737656098
236
2625
8869
436462500
8068
95683621
62
316543482
14788967
95612
8098984543
3
568
166
18956235
2663051290
7
5403569654
7439
95081
12
450698
5940
6
97204545
9141523626
5
773523
1
553
57
717
12441
50162
721079398
780026329
208648
67715
639929936
942050730
112
70
32991607
81
76
858046
2842115387
4
2655
32
1508822719
990590
38207357
8060
316
361659149
893
4269430
3150134574
20705070
426422
28551
57106802
77756
8442
794
45787789
39
3804411
86
8305885
74
25
6565425
402993
810086693
91282720
100591157
9001011
5761
901059791
1199739411
554405
831934
55
509
8023645732
96
3579947
65
188
53
94345
241
24736023
44
133
271
2
9938265744
673550
39246
1312676889
828327615
63
305
284541
18
356669348
884408
1648241344
7005503055
277240
96891299
612795
52226487
932505
1665402
4120315
346610062
7
9
9969
82667
149622
320225161
2596253212
93930170
57
476
3662125
79
23809786
62612487
89371
56
35088592
52236397
215439
2
19223
396615
59351
30438
9319
199076
9
601341
2
8
76803117
5496
374336
56
45
4
336037668
6613
65
4
750
4072393192
59231720
785867
453
902
117746005
1118
4
634881416
95
679951870
42
5107485
1673
61817873
753247
905927187
236400919
88
8894017
63
502
836179150
37599
7472433
45
8
744
118642
1
2557961
479461
35395
2795193578
70095244
8
2
3522
8492117989
6625391
495142
8
861173
161275
725048745
7454106492
845911992
1
862
77793365
3084153328
713
57240998
9101375
6873573
4909872
99
7369154
669292
932
695100653
18046
651
7422
5385092728
23017206
431017707
9691
2036
3686394376
114
89
4
14154106
1
8795
5766
9150
424743507
5326703
31638
8978
762420044
676
319448226
351633
1105324
8322023
763
5186075067
9972379263
5883567771
6
7613955474
8321
80
51232657
912733
1848
105347108
21412088
6141797
5810
722119297
453870
756
7
57
8546943
316838
493
19
4628
38141
5
374566
113
1
86996
188171687
581
982529601
8
2456111357
69
99899121
31
565535256
7
85
23442444
121
959149982
4
8625619
1413
507385997
810394408
433621
11714589
6278150
6
8
403098542
788946
808615636
138
301910
6295665190
6699026223
1062195
7
4913
2856078954
13
220398
532432
30964
598614
18565383
798004555
74960635
149663
1970574
92
604159
69180
975489
23380
50487686
323624
151572574
3
96906
9464586262
99153
810851040
842158772
22
21
96569
24690
9211059136
4
7993
4363807
32961251
138956
55114355
1214557
4715228
176665
9216
50714507
3896
56
27
204476476
5691442455
776
6641923
299914
7087
1998076997
494984
2
6272869
335
398
535
3971525
208125
257831
351569736
589928
2081
284862929
50541191
9973052
52250
619335
676272
4739736199
815489246
89
7
26406
1546292321
1235887940
889
34
252
65417930
212
1977
6
2
666507
202185
71
424817869
7003679
3
365435
7
86
9108
2412943826
2
554778639
344746800
67
222755562
14010111
350988
78746017
81
9093886
9591907
14266
564220644
46018681
882631568
60328
4
84056094
2
4
55
43
502240
1
1483
96
2811733
28
6979710308
8271
957
77425
91745388
622714145
43687
5051
8875444
6712
4191
250208234
1881471915
3
580530294
87058
5143309312
88
343879012
32646471
8604519655
7750580
7008351806
44
462
4992975
3
460
29955
783961
5438164
2
2
3166213365
3614558
4621292
93114
69
331141
9162
380005513
50
386
5
4
204125
710848
2994599
634792
5
8880
78329
495508005
2166466
278
783
68
9202513466
603685
3452
8493178
5430446111
408224655
46035
68441861
549773
2791
993
5157650
22820
67565
69803480
61
8392
4531
16492
7000
993129151
8
3701
889582
34696370
5509778
42
897
704187
82
90
423876699
751365595
8
709158492
44
70024344
8581
85551
6632026
76893057
4
71270
6
598142
358
9395648154
4170594202
9005
887063729
47
8715732445
308990679
558602
491
4
234812970
16
63
51432
506
674783
4193924
8822536
13170
120700660
6
93547874
6140845359
505085
19425
1235289
8194699
87
339
75
13535
900
79974016
317
39
339
30766
42283
438796121
5268184
69
596897
1176
45824781
4688
2911471
131863
740
9
2
4927041287
6
581391
683622
17844
9578
657759
3
7217433
50309
2
5
76772
9659
27
850046
6
6616729921
498194472
509750958
429648
2417450
671773
2116
57
63503
77589223
92494
1
63
76
835929576
48165940
5974125
8478220203
21
1
6472256
7344
2499
8739
9346
8536
267
7004
922050
8774570
2834262965
7431589
5024
8098267
4276
7500999956
70
8990816
5
2
2575
745788
9285185
8
6777454161
11593
2849498
753611906
718433
9435798325
155517
3466418
878
337
64840
92118
95518476
47157
140801
8046184744
401666
8337628890
152781
673
1
261144789
17463524
319
8323
697
939874
3807076
4620
23
14633920
3530
3124
925546
7898683663
951
117688
746229
4096297
934103351
4281
6882777
6
3154660749
963954908
5820593
93705
764257
931029
1090
3478154
2191027
6260
1
402
2617227308
588881
4
62018615
789
847132
7
3754
693517690
8015176114
61996921
91
44474
107975
2782532
385801
70100880
92645
976647
4949
22246
678427233
3680
3182657
5306897
992989281
473
69599
34958821
692284377
104
20724
62755514
39066899
84503128
50482436
569
70016
20442839
21
1986
90336856
7366
64
9555069157
5981
770
1849399704
967
571
604929102
528771886
756
406077810
5667004
541
871186
4243
70
8
5698806
428944
99882664
382386915
4
982546
24
427
6373124
9
705123084
6
1
24370157
812721
40
42431146
5
43086741
901
619142876
2052542422
182
878504
578399
3451549
6294
857
9413422402
262
3
454924852
6748037
510
8562054959
598746426
8
3
93952119
480574204
7
15093
9589
7846
66052241
9
747551626
65
8594259
3466574527
58316601
31
29
5122
8
3
5398048
3955794159
7441249
972294471
896490
51358831
56984
643409250
9435682
3574
337
3242577
8949
48
60
73
7908
7
4521297
648
92536404
320953
16981728
9027259
1252
2339527600
972892
831835169
900543
5450532
1450082677
39790
4840679
4
2
87358
5
3
3
25003443
4509869786
9
2177817862
84484272
5336309
537
838724
576
47
6
9003
7041
4811013
22552382
70113
76681
17865
94
531
8664767344
97487955
81
376848798
9751977
2536584311
4745068
8
9
6524043
2026
3339
1
3397186889
9
850447515
5
7
4091
815714452
930520831
4494
1860
9048033616
23758
570075939
87439
5
8972696344
8325
480775
229
93
476
646089367
96
738181709
56805
4518368452
5817096
90121
100233340
819836
78837922
158
4700904636
21289
648644
1440946975
5120580611
1441
988936
503721034
23459
97668
823367121
219240
7
3614879093
83953
18295
851
6549
3584060092
1524
3903406
56714
81013581
5161717
9
43854
6069
2063911482
172784859
7015855
24
99
28082
13728520
885884
26
8491385329
3
6431562481
614098524
624
55363900
26
2500000
2262378507
74
9558
6320
940
87564367
6334889284
740
67519
83428023
540564
211
4854
28
8
8440
59442528
463275
282517
33
5471241
6544
83825
7816858168
39901499
277754678
94362045
543
777
2
3054950
4805169563
8202
8458002
78597
79
16922
8473418
153477826
49583765
7644
624157
8128
7657683
3573784
95247
978658917
9360686638
7782
91
888140782
787848206
3763279553
60
71448
54834945
6644
8342969915
302
323
7469
6895
71
34387
27701664
721110335
34270
867936093
37
506456293
72
7133113
48
188553
9749848217
17892545
82063
62364264
664747871
317551
342
6
931
662954598
23527
7804702659
11351264
786695561
33
3705710823
4838400
13306373
7048027
297582
18261
41
8322236493
755
4872680
587520180
63664826
4
759927
8198916
50864
8317064038
5051517
252
7448688
600570
7
4630107183
37923
760486995
8512413
98044884
92405
8
9397622078
3753
93931121
5507220372
3840779
4
44948094
292
3958
9112
650921
365567
7
71522
77
568
37
797220
619
2
1675
6022475929
35074345
184675
180
83
460506543
3699
963349
922
861477035
812934853
6
194112882
91922454
26
1053
540855803
698202799
3145453547
108789
781
7
793278
587807545
59
8399481236
508
341
18
439438776
1236587588
4197777465
2928854
52328651
16119
61
5
2
701144
8
396
939353
64
90779
38324
2225
995351
7377
259006
997442902
70
23738
782895
7
14825932
7612
466
6710
73707156
6
465623130
413490091
4330840
413076
115311
183107
621
747
707
2869577
119276657
746
789
27508
9016631712
423719004
988653434
906
636187986
19703206
7499
987406260
8
74122
2929
77482
38036
892
666069
1
2893707907
360387
10747
377430399
63314704
1438951
7
167972
6
3460
714
578092
5
8938769047
43937
706396334
69286
29731
227
8
477184
157192119
79278
17759472
60
2857
306314
10222236
2940
261668025
9
4143593
13693184
27
94570
350
39877225
1739188933
31
4994
703046495
91
820802
44752400
8949
5
405
117323588
1439737820
6039409295
713
600643122
7405861
6751568
1
55721
499
711240601
2255
1
558546
95907
7920
5178226584
62578177
940
96
5
885
4968
737
53240
634878
73488265
8
9889787858
326
508785073
4530503515
39
81
7
628
55802
479489829
9437677091
380
83
4
955162575
90530
788
5578030685
127112
130349188
43
214235
46550
86172
5655
59
693059393
2453641
677017
31
8236
1764797
9861
16270023
247
54
35000060
7280752504
9647176812
2432533
59
2
209
832796
1923631
5
284452374
9
1
281595514
6175
31957575
936680
37
887
3765447
2569117922
4420729719
218
769196468
1
3
358314738
473968896
9471
2
4322179073
78935064
839262
3212718973
5477
2381
44772126
255526
6
157
1074727893
176154
22199
657909
7150749585
1424654
705825265
15
5427169505
82
676513432
2575
744630552
17960
97958
624659637
1
1045
18956
652296
923506247
1261532073
4
4
332
9
8659
99604
75460314
3
53545
10908
7667639116
2590483980
9039540694
383779473
35
70351
86
906823
716691
8064
44119
292574
91901
468852015
6671107
27
639738
18897
423905037
6472876048
3385
861538
1650308004
6587969
87620
240476
25660995
93968
12908674
26
1080
183
74310183
72
8518
762546
998880
8
6793952487
26443610
685281926
564
3168046
6526134967
1579412
5
522
48619
6731
539
371
7
811766
727195
604
44
91266665
1404
834646895
308
38
925
1563
93010
222
81
1
77
3141573955
8125
5236
90680359
69867411
2
9763855
7053085525
19975
100221272
350
9659
526239
48
3456463
34628368
322115319
32436758
4
22
1322
31
9
88923
834079081
6
42880
5744011621
42215122
53480
380
8522419421
86
3794850
12486
510
932
83
13812335
36568500
3
28
26232626
81961
799538
23740523
95
41
95
267
88242123
1962671804
162480
7890343074
24
84
2583289826
316
1609
64
572
7
54897
1014
22926973
31
6822
4431398408
2732
45932
573
846855006
27782
3150696
613
8964621266
36
52
433976299
6
557
683
5
678434
6708048950
972731406
3175
7
7616078
2
405
357
2218700240
22296
66895
29592
692058
8474524
296520347
8749090
4563382
65913790
412178
2091426
97886647
32149
98220
72
63
5
5388
413241543
6705
7
620955813
4304
5594240
659845961
368065
2818
60581
487
150
29107
950
875605
97637842
99015287
60540
801959296
43372
589139882
8489
511916
3061496
911099
665
9
93959
16
6
9068196
94310
69368174
4610449
170596592
267473614
103450155
189031970
992
44234
95278420
92974367
30811599
351
6096207627
489
7444288
367
33
52
8850384
5559806390
3
6594093
467
28
415047604
204134
62818
9136884855
43138883
207
1703293
247
402251
4154
1062
5
666945516
8
204348291
8961585
60495
9
851247953
4
3
309191
7
39
99076
4870379
18
141458752
57081
617452
63540282
7489052
390955
5771148
70652
74797
796265698
508
4117
1271594896
307305
889240
48
80
7171336638
7803650768
99543688
17297964
71182574
49355
2
592
37043051
540349
8080675
4987769
1
9550295
6
56396
7138366
4307466
359672967
177
56226043
3605797
1
764
7174951
229848
846907554
51414
232
6322
34252848
804260
9085076
24343
967981
3
651
3733
7477
26506
50
99719096
44
8253
5166659
4117
413988
1
9311447
16
81910080
548157783
3353980109
5854
177
485
877428
547
1354056
190
120322
685137051
98
760
38275089
6405
680
137
56
3125245386
83
124730717
8941
82
2450
16
99
57795
931
99578
244252
95393
4865
29941
92577
739381600
590424501
208
8048
185202007
11
10888022
77143
9
9233492310
498166812
7144498056
812
2484476339
8979509898
8213
868016
319736803
96655
9
730619315
5933326220
2602534
634
233
8573
68
14
673119057
643568
85
5
94361
93772
5380
3121104
2
277830247
23
17
148
3
281
4
4879
70
3874
3138358
4284436766
3837741
6697071
614812
40
76616598
948400
532149
4
42208
74
6
45
3
8
26275
5304
85
983
465476
91
95897
211
5
869442483
13482233
19533
785
69962
4
3849680487
7342
98490745
653
2745613
79239
7
481670
5666779
5
3381425
7359934
6
86
72537
694
7403081
36
717131
1
76
4867459
727485898
5029
3791710
334006391
421003
1325
43308214
375054
7924402
507571512
38161304
5955765
15226
267
5949
929033
23260
93
1623
86
352
21
93417986
485309313
40849968
481
75
961040
82720
5
6
4
8566564
515500743
80114
6081906
4
450911
455
30754
2515991943
1589424
4280634992
90
986862844
248888
3
8378499
928624
4386
457308793
805
7
1
257
842890487
6201024846
3999535213
26365523
212774
943861
7178
4
909852165
9
5
999260
4
364790
88512464
823
94
9255
1
34026
1381
3776
8842
905
1455052457
7179904
473366
2244390
867636312
2387861
6
232
65275956
962436
78644664
21
1870
504863
3
15
2351
10
391051
18
97
598354
154
1207
37169444
3919974
9857100
53
857936047
5
912268355
41747920
725653918
5802192095
71198
43
1349506
7312392
57736162
4319
2
55266058
615283
63
3251433
167
749102
673315273
476679775
8
676136361
7919723851
2043735612
7792127
82
258630
40792
7224358031
225
3483
8821134
32
159869
650394
3
2291
59
588
894426270
670
8
7480117010
3
306567
686356
7314
3620912141
136919713
7415063128
414505
400677
9
1029770954
89237258
283947673
6729167243
2028936549
89705807
2992161085
183
498861
906
26692
12
6428968
704532373
61688
3868965
6414
6
6698940078
4816344
68
3810227
154513650
29668
252595027
1748463
872794118
216788731
83176
44433
31482
3
63436
49146
320757
145160025
8
6080
8213381
8
81326311
86392
838
882127
4346115
2029936150
4223
63
374
573
744667935
272014
41
9934
597
16
2
887373
784
9389627
10684180
478085026
3197
31460
90
272866311
312
38083
716
117851851
30291
917
7321315
532
7311991519
3047
69642
9
393
1162073
9
3285
6261
743828
78252363
6186747567
51
6
2363490158
4790
28
5070195055
5219750441
9942778
12956963
98541801
572300
7244278
7286242
5874065807
61678351
33
1164558
8
296103
62858121
541656211
20
504622
259
5
9601556210
73
4244163439
8698856293
742645
903996
712175561
330
8
921076198
1409
7249
2739
6176
829
372699
740
823224476
152286890
4
175372
82844703
67982620
2237
2392
9
6963729
48227
58592
38853120
55088
6394956235
201539
819
848413808
387221617
4326140
883477
5533
30015434
2906
38426
8542
9120796902
45464
5792684897
998367
7374752
9554405
6972
8475
54
3203739
4
3
8508792894
8437568
85
29526
49
1
5176
5
322855
25031
159205555
60395820
76163
667
4471591889
95579648
9494428
22
513393714
8373592511
572334
84328433
8
695
13
3546
6102
3844
693278
7
357986255
528
51528525
774621678
7
8
1316543
4044
10073
5
3
65377
88109150
29481919
832
142845
4397802365
4814
91066958
92
4
6764743
21225925
1555138092
27
86586
9
8853
995
52805422
4280235
59
42
15023
2006
205161
35830857
6680139275
5401192198
55
983452753
97167
215553953
981
262313432
57236495
75146
50
8
12340
8
717580
6
791242
43052
6885275756
37473805
4591452729
51645461
3
7644
8
407519
94
933750989
9020
5704032
816491104
222321
48898027
24230430
69512291
9359534
57285884
9153352
8
604706
9999
23911
478809
258
208281
48345137
875138735
6867666
7
14
6396477773
902664264
78675
462745504
997815296
30
84
9327336
3259804428
59502
6
9
263798
6139752016
879000728
941203966
864
493249031
577
9653501136
199563793
599162
2726
924
7572
6587
4864
11718388
49
83181
32
12156540
932
6041274963
13365
329
19151592
6585280924
1
65020118
887
43462
42713750
64003
292181767
807
9884451196
24986611
915
91968
942
1301
6309486742
441
823648
70396132
4528014
13783148
415
4429559296
797
72
15649877
3
5
75373
70
363053
924097
9225144245
3192542
651781
12995
33206236
321327
418
1511
1
279171522
8
478871609
5089
4257
37
8684422733
8055888582
196312802
2788
800
62889820
481
81353926
39387194
557
301092
37
83911243
613147753
357794
58248
77950
4
66622419
15998568
16
820
4
8336
1537032755
958
2816
5625
8459
945356820
887
1117954
48
1966369468
143141
4955840
7205
1254212423
3176
25
42
92
1238107450
1
28
17
676752
932
12
839653982
73669
4808490
430148354
965
22
66
59
10085120
758908878
5
940243477
1713258673
2954
73
6
95
993
240402
664708
686739266
97430
60
508878905
36244
94
76607877
798950448
9806985479
1968547
6293871
909776
854
9612072557
63733
84272352
632063212
64297094
1
580874385
5610150767
61665280
9238971325
292996
15137773
720256966
14
387277
37145988
256836
74842707
33917233
97489920
664
809
7668531078
98061792
6229713
60605
336
85084292
7
7
2
418913
49702520
5525
469020247
52065444
8495944974
5723482
483531
404068
2449742
7
7902397912
2
290223
803
921
23
918519384
2
8443509
86930
42656
943
946845
2462
2
8211057
799511
93588
498
8551383
9087400
85
478961
4
5733
2509884398
5601994259
4
900578
40813
5470572
2626
323909533
798936866
27774
213035475
217
817
31
5911577
488
532156608
5329
34
558
12
4846
60
664715436
473
7768702263
746
698659568
3
9594694295
90897
84
75289886
5728320382
8358348
8830306535
111471668
6323621
79
521919697
7560932877
67568
871935526
31
9076345238
8883262369
3869678034
75456976
6837673488
629236759
904
4
2438
5901262057
6839894689
6
92
208
5
912055676
4
9783591
9412
8471
1135206616
2039573064
9
6736646
5998959676
522140936
1864933
27517
7104
36
29666292
344
8271840
6
960382833
85
5326627
44649
3443460
424251
3
49373719
9214358176
60
496563
6918713
4
913118448
55372223
38944656
2253263110
10897359
635541927
97
61
79
5932717
6616253707
2564
6949
129390
7377246
828773810
556147227
771
8241422
71289
946
845942
256109
9973026981
2405905
9
876
7418973488
894949486
75157
250011
41
983048541
11575
52172
8027
93200963
132
1290124
60805189
6
28143
7884307451
5086501573
4
9089426
4512608
130576960
8103295
4445963
859
92
840298
20
7709576
2392630772
8
448059563
36583
4997
3903056
4
84536
11826
2444533568
246209491
96
46686791
37
981
85149
5935
202
904748
407278686
2507445
267
610
3622061101
4115879571
958
922788617
2
60577
3
4533086
491050
804
78930896
8907
493298
7
6102607540
44001943
58
973620424
71603
53866133
31
7044825717
432
3923255502
985
64068856
310653
72369
101
34735
779049329
906072
783
1
302
6
249583500
8759
9
57760
4764277
9258366047
8292208084
321614657
777515
5
79
6
774
7
803
12075
237
237582
2300234
50
863
649
404739081
854155624
11
5930859619
1
1
9
6
81621
3465
19150085
1684697
8
4400928589
17344137
88442
157475
6052057
33
615
2054008
3068421
1811505
51812
27364
806
2
60837005
343
38612
49841
9185183123
6165026236
4259
517
57315
16
49
678663751
30255
89854728
614
3231883
251
4197
73004627
344
47003
833931
9
6334999
180
4
7
9819215617
4
3
761
14559
18
414742
997338715
71
305138383
449866
32226191
99
246024
680073
527
366496547
28
25750970
567047
438588862
6826947814
43118632
8437759938
1633
72095532
24610919
76
4
12
491
97001
176
14991
447322
9461122
6722515
813422169
22896929
4172196
2337
27
760
3780165
64450175
9
8
409776
5
7
205
2
139567890
459565578
47106561
4
8047
4514246
8
2608
93
84748223
507
94946
3792274
639516973
7417587789
428743
9234312
951020
741073705
9951
7487117
906
9331
912385
179849
495196
589
97174
630387
2
84262
8
778916
9171
40637
1
6531
41938791
29030591
4669315976
5528540
319549081
167509751
9345611408
56772358
4159481912
864738
9742006417
36525
979487485
1894562
453142693
80
9
82293
9991
69
1537301
906193
2906347
7767321
119
146671
3389020
446
78410
27923
455651875
1226
5122380
5432982975
280319
716232
10741402
4
734312985
4233
9006436619
15812028
52079
326
26014132
83
650
50081694
8050204
80684694
202685290
332896
14
1915716031
3396113
319
6185863568
55
45
445082213
37
9
48159
28
755933
810222309
3289
8
2206012
79429
20459306
663716739
11430
719
38747396
9
45778986
7
8967
62
7787248
730624
7214122153
604604
686856
6884
2599
85245
4010
529535
597449679
5
353891
56
849923
5435941
3218
880063553
9297269
541
6519
2979535
91
8
600281
8204
5
1344
65
4468
145094300
745125595
23924485
580558112
4615492132
43287
8
9803855530
8150293
56328
982533
3598
702503049
1
71
299
960
73
585699
6546
28045
51649859
7032
409548460
5387507408
6086975360
9409827630
652617
5
107
405
638966
929914
3237219
69899
464912
9672
1335080
4446
11177617
19903
2993
206
34
435100
994730
26828050
799
979
655718
8049161
532152045
8484394717
894561
61873
44536
565338
7776856603
479978501
4
378392189
2232
785
3520449
549892
4513808
629005
1838154
984194225
241
590851121
6638626328
76100
581318938
4083
810
351
2
7209
8387429784
8571236818
4481515971
3758448
40
73872260
9
5797570
81606375
3774857961
33908
3620629283
4594085304
1175523
1112477
3259413152
15395
5277696
512808653
2
94
9
8541242535
3653931
2991397926
26
31586993
38
2
36
56217006
38
4971374
2602313
1917606724
73
352858
6671464030
83122720
82
5
507748226
1860079318
5
6
12088
8216490602
55319139
1516620
877381
6
3749258
7324959760
1409901
3528
93686
246
790621
915
6496
8
7662924229
5
443296
97620389
3767
8408
31
6256478
769470908
64451
80
52820
5
884
3
1289
404028
16529
73449
633
9804
9
29
2896
511199338
9802020
1120025
8805
51374106
32357291
149
1904231
67
5630334
5
6708
1139338430
324069
182767811
4594068007
78860437
86060938
24
483910
507
3892402
7109
14
876
53
5622
706530743
8976928
518170
9693699
266190
350
577118323
1331246
54246
1185123
46508193
2551358978
214
2463609
589165
549591638
99612479
6669
5
38750003
8
57992804
3282966188
4695
878113503
553408
29555848
39037
70008
63966153
4228381
520464142
4004
610656
16624682
5329
25532
70166
44875628
50549950
245551
8
22293
381660
13781165
5771
34457
475
8818522089
511060923
68510299
55220
6730440965
3268
37790484
648
8516465333
678
51267134
61413
136767533
737053
452815837
414697251
529498
6169944
8511360792
5
3493731347
9245297623
8397466
714555072
911802
6
635
90612132
428
952
2
271
294635
242919
66218213
822
361306
909
9707490251
79416
47039459
80
118954333
758542832
724533662
590702723
6444293770
96588
151040
3919
212
349012
38708
9521019122
4968596
90658292
210840010
3269265
373
489653
32222781
4117548
634076420
70661
746972575
63767
11888
16836
5622278685
9366
353679570
3011271258
314
869509
3261
1877832
8117
99819
832076061
860612376
7
221
804
38
71674560
11
4214086
4
908388208
85511
501
13821096
7542
76
443
2704777
9623
5241
208100467
31
910556073
77
843612713
2063345559
5126149130
5398
4357567007
9605833
250
8
2219042713
393257
778305
3220693937
366
653
525
73628196
183
9
70
50279640
9
92965452
7704072818
7
4
52572594
9832092454
6528949
41
922
5331219
17
1127073
5032809044
53178
853
80054
151068374
2
451
5257925
8637
89
32109768
2631308240
953405
2110134360
9520131449
694163315
5857
54627714
348882
7115674711
782
2760053
3987578
77
373
5370113708
2965
264
2651610853
8
2129
28288
81974860
8711795
448
95905675
6
643193
668826670
4892452403
4358385
6265
3924032955
423600752
11850432
39798
372011983
9427
8947581925
75998
23
677
32232
489620498
5048997
14
8
2679649
3563
25768
93
5996
2751339
280634
92
5620538
6218
615343
40976177
6508
39431
489005796
3926286
4878552869
281744320
70
856
5474
2515
72973
90
933
418
144329468
4129500
81326
328899961
18
5756948726
292530371
989103
440873009
964
28090274
162309311
984608
596700
33866426
4697897
6340185864
86494
358
2218
701
5
16472
81034
10122941
25103
91
2252
9355144325
580527
1538213096
83
2
7
1920517176
899
268542
80168
2047870
84611
402944
371910654
7829
433
2269908631
3926284103
156409467
65770
20
9016
6
96261
307896
2044142112
3917765360
47
5
1316756
514951
4378788
624441
824711
9625
9097371
5
157445
93658151
849174029
788642270
461615749
3
4012
3103746
197186
708
46277
46256788
90644571
386302485
61509
15
61481691
8662515726
4726667146
93427999
17744
190528693
6971371600
2976051
8038821937
8397094
84
21
416
851
87
7540515
5
2
418
945
90725
9182237351
2
567021
7969
4336981460
412
1905
1559556541
83
1
8389151623
96302815
267863618
558609
6774
1454894
6026971
5
267600
72
603
5449367295
3289321390
3
726100
3
963806
97
1390
51697493
88
663
31
855627
83718689
869
21280
5798369471
512
54566
7663369140
3465567
867
6
223
817589
337
948397
52824
7238147
94
1966070361
4747681759
84322
69209
531812
11971307
2132887538
395
2609174
9181906
27287
62188
6780
7495
3987
37668457
19913
3746126
951178358
55637230
9403
2050067
2594
89
702407
37
49
88
25542
35059985
4677
1754828996
8896680
7
342555
9270248573
7
951744955
94756
21151920
3624265
316832449
3882253974
3253328531
8218093
293357457
755003653
762162707
2379471020
77364485
961116
652845
4
44
1471984
28
16365
40770
2
8
835403937
12766
17135
91541
646405542
681810
3320879609
1112514630
63
8780573
43215395
236
8379683445
6563
58
608887793
9350
78244611
1385827
8901
2165
77
8751
6
41
532995693
1
960171
542016
4854833
61
376364751
9
324150565
3711
33025786
1750874
1499062132
5173394
5755150
5230596
636
904926
76957029
4542
9
7
9454609877
974242
6
428
14843
75604
8
7665842
580751
807048
2689647
82506362
94284
34675306
9
3
5729
32092
49297
21376547
868
13234481
2
37
969
24
89
1812144308
37664716
81023
254521681
34538655
872020241
92605
23
35
132801300
3
15890
69673027
8636664
52080684
2361
882
553552
4798
706380276
54990
894454
399567193
65
5800
48
40
59687107
87132
1621063
3171622
9
9671127482
68471
95384
51
257
1533270345
9760707998
8390505492
377068623
490
42863473
7283
517
6334123
857942629
8490152
51117
6
32529
991548
6924
3542
53839
9346173578
3653
17020
216882967
6987482
626
67734390
415694906
238321814
194143
54
32
175883
360459
8726134
71911826
46588
64777260
392936
8
7630663596
35433600
286796223
498169
183138
19808
15829570
4
743958
5086156
65
9609
1722
730
1990990
235
9081068
9243107776
1423
16621548
744031
79386377
816932255
8826
72459
674105
4463
909
7577330301
426
84885
14687358
81466564
4899937
88834
40
157570
6
735016564
2553338266
440017
428519
74056181
280695
37585455
184590
36967
44520
82581
1900189670
307048399
66527891
53215
7574
53
410723
4452181
49004168
69183583
702
370
800559718
9822629927
3369
2716557
1
380
63076
4324242
58
62471873
6315
850859634
5733396713
9378061913
1528666828
7
3002
308
2783
8
937271
395083940
9456032
1769
88
7520845
74744
2148191131
79431426
473
983394
3985922
3
370
5448933631
224
270975
36
7617
274870232
894299
6
5615372836
139056
9988155011
7
279800
6
220218616
605025298
6
933
415378347
2294
8827172909
821741541
5752767
6
2
7
71
59630184
33831
3765826
9064427849
876180
4
811871558
51
6426078219
5
43
746442
513767
6426019
3997
80416
7919
273744096
7263460
793783784
2115696
78
367
9794364793
193874
77
847
4
26
16
20
525929
36790684
7749901
41935782
2182853
616346574
2799953
55093
5956538188
5437251739
602
563891547
148
40
634
766911722
48769775
7437964177
354013
4
96879
8777
27746
496
2818
369424
8299615837
2419
9555
83837
34079
75
2805
9
62
9540
93
249068317
715630
3587338513
164
8
889279188
65289453
7088
458368367
584738781
986
6490923
825170
11549
79775257
35191201
180225
44026590
9594405
2
1746396
27
997786
71110742
744343
4799789747
57631131
232
8
952
949966
89987
2508408
2220679874
8906
1119446541
38465712
471693
963
6
57868762
704369
16322098
3
93728608
282408182
8468
7413
88
264595
554833769
8873
740296
9824239500
1105887952
188823
6757
922496
2983045723
2731695577
355
6438044
88710783
680788
31
4105283447
58497066
58770
923082
8032817625
17
40325
522879044
908786044
52761
659368469
2
439646
2997
903879510
31663608
7
1440
2541
26230
34
6274184737
2312
5130
48552451
91
9505170
6510236
9953859
284924181
839
262747
796476266
612035
25833267
59910
192
6
25
4351820878
1098
986994
4
5
8643568
6585
6600
465221330
104466
502836989
755
6389001252
3704889
27691
5528180145
262327
956
6
4419115
27
7640147028
980797
861125527
45225581
3354
9265825317
7825586891
2926870051
5400478
5914
79360
23835
779064609
455162197
3655
6454455
6
29
3881154
1227144
3568586
19634225
2871440835
4963201
40
4383
20
4
70474
197457
409
91
25360
1307
640
2232572
544
4223919084
466986802
665
50
109305652
3280004129
3938232853
1452490250
2479675327
6
440867133
9042979
76
4
667
45152
6
3
89669232
18
5756
6098625888
37598693
635615873
1410165820
2434360751
24683822
823150818
4742847
707925
6362659
6946
1206307
551670
3222
4
413892814
9
59332801
2
90348
705597
7066182950
284352866
53
799108
801407146
48
5483
2091500
53044
90359
1
193
64450
3381249634
780597
8284685227
659
4595623239
981
75965
8
8040645810
740308
9519240601
9160
2638400954
7
9990992
19172
6067
8
8534248
6271411721
36897
17344
4778
1827402159
52826
1041466
324624
178275249
9450602
84412
74
96318162
683076602
511752296
722801
78782
6392676200
6269
13915084
3
43164
8
898270357
87
805350
41977484
431
16811127
910164684
98555
930
97997937
5430
7168772503
134889090
4910
460483955
91791
40221130
43
38945
289303
275190970
871801812
63664646
840999
98106
6
43897
74704293
841
476184
8656574
722799
59075
736590734
8
44582897
70482
291150652
73877
855427847
74251836
9644866651
84728
360772
7
884686095
8
82
79344
1701908593
98
81347
974559
8551672387
9
8078
10479
581
995862
548994
4
6364821
61
7
80814
668640557
6046
52742917
16
72131028
131184108
8688855307
7192195
904
77414
49842
19367
1534
5726380
312302
94619
903408
68013978
9600778
8
30713
8711833168
199617530
5948013
5377566093
660224589
4
5303180563
83
4
24625263
4847
2625775
64994778
406583
6770331765
988619337
75567
190474
914848496
546437273
556
179364
9758138
32712529
4276812888
348
708277
585379636
33310451
356997277
5225
8291093390
95144
158354
23197417
5880298
824074
53859459
5585178
907735
71
3
146
77593
286
4
12
74997
638
66
428732519
2
562683
219905
2420014
7
1787212870
83
41910
9792398781
9069
9149
745
397
884852
18527625
9549
8136660406
53
6128
1892
880562
49
319760
8697898
544
31428
7090716579
967583263
5
6327618637
197735
15720
670189
6
77902
40019062
907998
5023703544
2
74718
28
7811087
1876
1278783
18658
4009
2389610976
22
70
287366354
114
355744
112264
839420714
24563
3400
480685
89
942110
64639863
70696
8
981640
9
236
588
2973073916
9731572075
4
352175245
579638
9667600
3
5
7357
7594
88102915
61
972017492
522449
4
39928
31978539
3
2406631
536
464720
94
3523823
33002
6
595520649
4356721
4444930
120536733
753
5073
397273
6109143684
145980662
331643
4602440
585490
1
22
6721466468
6643
83
76129
5249487
8290476020
987338
58
922341605
858234
49
150760
55
3
428572808
573223189
2078724
3
9445330
1929070392
752270
446
1301499233
7927
849
98
7
7362238806
47144908
58754
37
78452298
7704
374
325807494
791888
93
9989482
5207788619
68996362
6872
7
5938
9134670281
214
7098
205956025
1192
382111454
1
9799217718
8265640
8960888
72892
8814204867
6455535673
2941
25
8258
8809
651167
93
301873
8351444619
8758234
3929
4803167404
9493
6475758
18
3019623
562
720447
44
40
3
348280357
6583
9868881768
146971365
85
4144626
4736158088
4
98
8379
526700
9
8622394
352
74
589703
5978136885
2740797
260
622568590
75
221016
51107
8178107745
33806911
837006236
48
6635528523
25883
467033350
2217
576
353671
5730658191
388896
84
3508009466
4110162
62
52
268271700
308170
2
62
340679133
578009825
1791
3
31125
95
3571944557
2385791873
273762
11902
16
164049
4688431
2004832
2634416550
298285
1105096831
990
150595
93668
1657987
4
7751795
9651832131
6
7198677633
954884
77
116778680
68614
2
2
94
451693541
88935
775
3494507
61
8849942
6501414
8031454
3921444
6369729
8600
7930199
22287736
649537
3
61033
1725074
973134
2223364755
60940045
8643716
2592732247
94
4225
4
2994025
8
524
61
255286
80247
558124
632277223
64607
5902777
5425
51330942
6872
4099
4493
79514766
712244487
408602
801668
795298598
1356852
707
27
9
4
76915
35551
9804
86608
76
3268
140209237
56
50
297
356116505
4909039291
33
7318
33
95910687
1
343
83
7
9372291056
671692768
5110
61469776
6
4788652
3556
2733072
9
2335274306
7796
8542011033
644
61509
9282
577
7585619
4
2420
39
17052
455848
18747513
266
10361251
5572
4634
626
699
626245
4881
41185045
94666433
117195
26840
2
1694606
2364439
280
35017
7
73938926
6
7798
18
111
7167766823
194
102579026
6156165
59
667
2383140
9885749
7462739
39697
1916208706
57400
896
7247628202
34789
54
247694
86
1359
59825
7515541752
89549
587281656
19772
972
366
64191829
331
443974
8326
5159
2103
173747772
6
890
85853871
3
37332635
38282389
4
6496
1810307
5089
391297831
238023458
5465052784
79745976
75121
95187633
940
713
34
214
6565903
52936
5886673
53
6574529801
43265621
3
20592458
505
489
1
8360993221
29318
4743
977
89
3271
2
59
392745
92644191
1032516
13
625650
24
1704830
52666887
98497220
54921
5602217
34
4133
26
703765086
470219312
7073609
6542581051
30333674
7
77799
70
8857888
6340168
872272690
6869550
34268556
848002
4155178
69250
6454724
89103338
64693
683960
2
9716
7559766
105333
179438553
30910378
9703
51968
3
94
8964
2536565
15515
99918
493639
51006
5
8377737
8
957365
463
85948087
6580013
7232736
5
13618
9305936741
36
832343903
1771032
33
184795660
69245423
703650810
6
53155
535418178
4573
50
496
8
1799
5
6564418
2260265151
37
9675819
9838830
41463
1
34601
82339441
55944
95
8379973462
2
5979
598406
2890
65865
84926093
1731255
298462
3433146
1679
418682
9416657583
46541588
1864877
66320
78
519842155
7
1749309550
186
77
767108303
615723052
2462559570
50616610
974332252
8964
5
5533141
85662592
12003421
5027644471
432617
48
4662624
6
2834
51
1493953940
905316
41382534
6391
1
16
44520
385464022
517803
39
923673312
21
3472684240
7510404
6081038
8
7
317
216081
9
38480612
171
3788469963
701
100058
6094328
7465860
25028856
61
572722381
2386
13
1652832
706420764
184602393
9851
96212
439834942
80448950
6
7353502306
9
995270251
13
3146025017
565565192
334
43592623
48
5372925548
734021835
7803349
12
3281637091
28956493
59287323
76024
7
78186830
81
816994
5575
390659
9
471
46
7
918
957
2596265062
683051883
180332557
658
73972372
3081030817
50
434690937
299366
399343347
4591
7369756
367
1433
5006
7485
77639405
6
3451
277823836
276662349
73
1511149905
15610081
5615046402
603807506
969661
6942956966
1878
549456281
24881
221271768
524987
3828982
131
1
1201526799
7638832811
420867
26381
1
1610
875205382
31
9798
221530
2
475790186
89193
448345
25445715
6253
849
428
270
91769372
669275
77463522
76026
589
758
48
2613
510799
8
4
6256875
130
398453048
874418956
818
6111497215
7
76667
913701
309702
663367112
94333
5752166161
980592
39
938845
58
19
51
58490
82505728
49693
37
347291772
8908875
848
148728
16955
732
4738
8646806832
1
528
3241673
65273638
35767476
4
907464417
67089637
321780
10592322
9584027
709575207
87275867
38436
128139
5190
22810091
7049
8
159203213
8820712939
60593239
77673124
265234907
6433
7568395561
63894933
5302
263532659
367360
2207916
9916149079
767516433
50026
7998156
41796324
7666571328
31
74
93921
506056073
9
894
4
268
547
4274813
95774983
9
6662207647
236012973
3330
954988163
3622500
81
195597620
74779
70
718096396
55
9587782
15825559
52
986093
5023351597
5294
1884461270
297
1961913700
8
490512
6
958093
72
9816143247
3249762266
95307437
5632061
42867897
941106
265847230
479
9
3555
81940216
9573147
5744
7435
3848647864
1
397
8716912
726422761
84376061
3351
201550
103
7715143
62503199
488472152
22809
99700834
16
258
9
2229716
8359006
84208
3274640554
9
3918729
945502534
14720
3083
43
32
588332
179
564
44569563
38918268
797291
5697
97097
92087354
61
2017662204
380
203707
73889410
66287367
3914951
6622
5346457
9909395
1740315216
86
41
243063112
726
52
62903
4372201
9804879
728835027
846854
1148
1
858
84
5
5582954
2798070257
624
3393173430
740
3
64434
724345608
42598173
30
441511
87744
653697460
9312974164
8540
76501909
8
9
73586
8899958197
64
59953513
5070621
12496
677083692
3520356
9640460
471
3557977160
552416
76
5
41
652117
971
3625339269
42458692
9064
9685
44
429405260
88085
42146
8588247
549
998413899
183
7772551
382496
137899305
8050579
2195419
97038652
14370
48844
534
920
5
543
2059002371
664
818946726
6010157297
4
4678101
442860
857787561
94
851420
6017
6906715835
6933463350
26946820
50725
389932809
9
65505
657176638
7238382
79324103
662275520
9376233031
325950
34
62
9869102062
1
97296368
1547835911
32673494
875527
863946
2
38949
5699832
6243151133
66901
62857
70002
25
9893989
61
9545316911
1178443
1789499161
132175
7474
6773040886
7410
35366
17244545
165786
946084
14829
7525
193
248267395
593339
142812
6553725
73472929
55194
10267710
32
74
843091
4373074988
6
84
3446107
7
9096
2
548633184
284
307006825
9737164634
8742851763
514207525
58858
56490
225
527948
740
4314577499
67
1
653
64907
441994
3915652743
23
1545328442
9686053
1571481
83096
8992836407
197
59
273
617
8046076065
8287878
5473
83
858304
9850
707080363
5287739898
7
963
5259436
8427
606347
210
446699
6
1766
21316
5278181746
764792
2850376
953365083
1
9465
1218023
83445
3531
875372
18
2109
287211271
3900804475
500810900
768
7
7820
18173017
321971
31
78832
34581
496036723
75110092
9024221
1600
891827513
852
4
9048127
2917803
993
88291079
80040
4512625
772185
45
6
57576
24
997618576
48004
5213
5058805445
6038
5
728
44485
226026
47834
90
18351
2
734572707
9338046
64080
286366301
3689724680
81874137
8
3539528812
56657509
835102385
29
39131236
204580
376224244
4860700
5871212597
3049835653
7512
9243009
83
4
40424838
84909
7082826
5191096364
433131454
9093311413
556
569306
74024757
7880899975
44059837
8702307284
304248
22076
58
7146789827
649907
633
53376773
5338
78708989
5252
937169
439287
8614
4
946226386
9937765477
783
13
75
774601
479
8313495957
95581
379
130943
8121
8
2394830
5332191
506590828
4942
382
943
5321
9325
77
872
4323
96092
47
5912
43
7
5
651238144
17291302
74
6306
105
722
238368823
754
723901
5232
78076
4473
249890
627
475
202
1989038622
383
95198115
78796
5
2187520
35
814608
7399043
13
694323
81895825
615687
8674108
9
7201732
89
4697926134
59696607
2064
2
559
98
799105
3224160
90457
11609706
362
8413
35691
46
6831
4509
4837
953110
306
1508
53618461
7674256171
6981582776
642168597
509
557815024
8310321141
5640
3735
135064006
400471
8
50897
8833438
5091567
5279674472
5483361128
854
22110736
7
32318
68853
683
52857277
17734
18504823
1286
183619336
3084
518
7900
435089781
331
56420707
904230107
52454
67
87785
97175303
1931
443382
6966753212
8175428633
759521652
64944
919
1356
30
27
6124
1637541
835
76
6531265524
4
682379077
2703189096
2198434
26185
8
227
804886
729547586
566933737
70
3829632359
48862
3506821145
462406
90474576
43
385
212464942
5261
9231440327
39501193
25058510
677
114081
97233
1
627
5
1362367
766
19
2792051
9704709
126643624
572833
23
614246314
663050
21
902121825
597487910
8
5
59727447
83
1656553
99660
714
5635618566
99
1531
42
529541418
87
1
7537299
677
11
20
6982255
503892094
37396
5442043234
1122403506
9589
2696988898
7044124
825
7
269514
21422
26
5689
8319201591
66361372
274
979
1882648993
49249979
26
1920342
98291331
96741
8061561
658
47
186
2844616
3146
2750
855
3185239728
9195
7265758999
3702
638
62417
3940234503
44108
2107369621
100937
2
51
84423
7402218
3933337
303318329
79964515
96382
810
24708
4447135196
1
472519
916482
7
8318317
971607
9082
682441967
8989
8360
58
766
87187
888046
5767567293
81
63085920
743982258
637728
3
3773551951
481
31
6
70974
48845
8146
36073529
970391
7377796373
938308
112547
87296
373571162
9891728
35
7126160050
68732
58869731
562381
39288868
64575847
22
3196341
1069540220
4602
81
16512098
3562
70226860
43236435
321537684
5850398000
39808023
26081589
848673
19893
5727899
424
2796
258163
465069496
1802997
8570837649
3
94946
6757
90
391518247
776306
10803703
815737
6
405352
612441
408113
277
642419
1392227240
521673
753399096
170085131
626747415
31
8767233
2
416
4852
7892
53139
2789650
909
2093
8
603287390
5864065
9
83941
843
70196
16
42275
7451524768
5150
406
2745264
6825
5334
712309
9358451
1746
31393361
70843
816
67814076
9129216
109
35159
21704749
9051269
981342204
3662324076
42508228
27599167
2966
773966974
133
8
532
43527625
711555
9
73469780
6765075434
74
48
1654
3556153446
527581751
651
8236
33
54781
6558124114
7
93
677964
23981487
3576623607
527
2
247519351
9123079
96881
944
882027
29300452
5355235518
623646339
139
727190
163927399
22239925
31632
3243561685
635781442
338349
599
273
6540
25
1
291982738
492
606201
118806
631169922
8269303
9
948559313
5
433547
5568545
3217895077
5971824601
134
7110631
26
491908224
887
6
9
9015
77709965
540
25866
873509994
1285108189
387
87
9856753203
731067600
3
933
2
727
9339
7987419690
515111
311064061
165
798305846
6834883
2356241
5
272
76405778
3248573946
18363
23282
5897260367
41562
68367
51
71467
321974
21161
222015
2
365
91
807507477
77476
57
78920413
44530
736
20422
507403
33
23201581
38298262
118935138
2942354245
92
6207
508340
71
87
757256
5234471542
89844897
5380907138
857246
17557308
9454679
346629109
874
44521
9314899
4196464958
5
414
5334341
25357
875
7729128526
90
2907233645
4662798833
687
425000833
578
7787
385
492797620
53438068
5997
217035
406800
1
7225
6369
3491845153
615378433
144
1900641249
72
227482
692785
912
733770
797
250802608
81126
496488
3699298172
53163
5
76871478
38
5
602899
70
6214931
887
22466234
41781
5590912868
6
10044
1551585
39069
66697
9529880
1
9176
653569
55373729
4
339939515
3447
66881875
8561
9728365
26
387988837
90577809
1
7577094
618
4701612
7500
4300
412156
56571
16091
887091
736
58224
53
8
31844059
757480
412
46689
6
930136482
46693033
530828
602
934286
61
102
89162208
568722578
492770
458
46697178
9146690
401761640
3638973480
1114039402
383016
381522929
25
46800
67605
587
4
4186207546
117846
8
68
6721798
95193
195928618
90486327
78
8071982605
3203504
96157
8721913728
162393
19023
344494
2856
5947
864062147
874414
60354764
90
6986
58236119
16979998
15177761
202
254000654
413577683
4559
5694
7865
349299
87140921
6782657699
571217
5225406
916869
918
1133898
571526
3142817
656465489
4
14127154
471227687
29471913
54
816048
8249311
22948
63012129
332409
2018
3
75046
6067310102
138940121
65
66752
9348456589
7
27755665
959397
302955164
899
6
84896
909482
17
6880
3788
5347
5128311786
36782
5988646
328645
325
61281
45457
62260751
292
3856376
452
3250575925
19183
2323803217
17
457
371
534
4901555
4415079097
8293
1962477001
7
20461356
7
7976535
345768
1655
20791
318245501
6229348
663861
388
5907390
3938129
999
962217795
2338935181
62406450
253234776
52
27638770
7
370246304
9592263458
665902440
7610049
7659
71971
951276802
95490
6
82411878
79073877
4487404
84693
537685
72347
76990
2761145686
404465
897132
354
8827387020
76870
10
4825678
61190494
2
382858161
9264
7
8
828953283
970
96810
4093710590
978245412
5989
4801305306
8645
141
5644907044
89080
9
453615758
9294
8
7855
507752868
42813965
70759
21100364
1
5655444
32
72546
984350613
4
936278705
883011831
130835
236624
55206
8479994713
8
655214
6
69
6397402
473241154
73612
6
3
14
135139428
163884290
4337
4979471527
9
60364626
9125226184
783159203
98463
68827074
920695
46254542
84
753
29726558
5667998
58097
28139758
7343921
5831962
427223006
99167
40
270
925609493
9
74
3408548
703753
77362831
739875
13599204
28469
28
8
5911159
725
22646
63
744
258
113496100
547387
4670078
2129
3596681805
5604017129
8694
738915
7555041
776445
54344900
1268
968141
8668769
802
3262
82653
42396
64816
50889177
7658987
265888
3428070524
368
3534941
280965418
616944926
6585
923
39
45610127
39163
40
460
705
851
6
974
7539039
9804
317
2652465285
878014
42071863
38
56
469
209311573
1
772
87538380
144441464
35641427
2214
4461702
738610901
9661882
66239
3894821
4153491970
48023970
150046174
9193777
620276
14872
1
78007287
292
832
56095
825199499
25
59453812
836
719809
47574770
9
2041
2637
1883065606
2
35518
20936638
927
548
1816644
2
16
354
8
78075333
2155
98
728543
7593252
2729772
321689518
580
9217628306
58
78760309
5
922477480
6263532822
46062
7
58966661
2277676
8583
329368819
494204
846
5398055199
34028157
67247
2792324
85364643
4038995058
8
7972
818399
477077072
1795668
89409755
9394099
87
3
191464534
473250
8370266
9720130
32
253788791
77
2829
998
4294
5250
7986
1721
70163454
503832762
9500
3602953
265067592
8338272934
887
802998967
84020784
188497512
35701651
1119
112385629
7213784319
67806568
50088
54
90058
6637310642
4551
3166
7741
9712717551
67765
3643196225
4426330335
149
4909281
45
690256415
5492
965810
30633484
333611
668
3725244895
7084333561
33
8229024
540
2
494
3083178
2456
80057794
5681
1112639
3
82027700
9589494028
3642343
4127287156
6
9023
25166502
648
65
4383734
965
430160070
20
6
1579012
1219041830
5558
91
696750
4799680
36
588926354
3
44
3358
74807792
30074
363077
101528160
85053408
1277231432
57163
80
4342652981
1568633
600349318
36857057
6138595195
563544640
20
225414712
978952
4417077
737894
238382
70910
3083
7465491095
7883331
799534
947664
338113354
16834
22203749
8576931
239339
4352981
3
58076378
38207
4
328219559
6
9077677517
569876
646597842
8
7707336400
2
4744
9712
4302472492
1
527214
9163107
2
4
997
9
92623888
711
403089
378634
8232557991
441
634845
5774
4
7518937
7668588344
698413
7833550389
665
4859281
6695
958011
771
402359985
16601180
83
9161
6
7
138402
939124
976
49194
1165
216945444
598694
3961611832
9567586
47228096
8046
54
6453
886577
85559
4987707
3
99160
827830
280917482
26394
658986
75
1439385
5967685978
9499
4
8953261681
567
512258
47
886069
896152
4739113626
309468842
3755547
4456286036
2801
919
8075600478
214314612
9642
70371588
6586
96611
1159510213
4419019
7921
2764
8619915003
576554304
611
82145
170026
87411
517
1549
315744
5876811336
4127
9388804296
8
3486
7904970
7186
2854304308
886204419
8407466
977545
9622813
871
3948320468
749052
4662
334624038
870
6563634
32
529
56623
1
5
75565749
701481248
5006009319
4
581269
8688063308
5
7031213
26809783
87
47153239
5263
1
2563856
5441614889
596260655
845396545
2722020485
81
50
5
82575700
15817
3310546
717149
88657
88757270
3842241531
3286
3
57
9
28603325
4413234
5749124397
27158
15690898
4378897519
3572058
959372321
8659
745006420
90898
36
162
9117
73221554
87
1486912937
76
6
90
8
4580
893
3
644049942
837
3
37049
279916346
82
56068506
8
60006935
6617
572393316
855217102
57
110963
859279800
593
94571
8047
568017220
4162
580802
966055645
1112
6896
4755
4710033700
2948
5963894589
62430530
751
864354
744
363949899
8
4
5
7
4242
8758887
6416560
2
727267
3
30
7663579
8
4
27618
8423
8191
564
5514164
79
78186539
5366110
337
63627
697944194
2
38
23323
7507
521874362
8565310
8
853
41212569
6812
2027202798
662
35604
491343
4052627
682944
761682
30052851
2763288
8587
76299
42
9
8665
5066833
9045931753
64978
52
6045
62
96313592
81682
5
3161498944
69
16969664
497037
5
768
37558679
28025714
3519806
9615076511
44168
5
904492
40471
53
55772
2940
32198704
2
86
586
4380221425
3091
784244
474637
4886842293
46140990
133
2812991713
672172
32021
2092
8
67394864
98702072
749
8889686878
35043
502482
4634819
4
9373718
19940
64
57055449
7228490
6985734
2611779702
2645590246
98369949
72672
5860
29261
8869907
88258
6179
746622139
594
9
40807908
802468
1575
1109
13479
805
10
4052
2095756
4901007
194368226
9629599
785622786
57171217
5
7419192
68380
17714
7
878568
930125794
8043062
48110215
9423732014
97944
16630075
129214470
260998904
2309780
9698
91
59
242311283
594775606
3
22197308
3
8125379268
95936062
412216024
241040781
80756521
63704
2016737
292423734
3
67668
87
97
89012880
30
47711
8693127
9583
76
1
3030450
833
57
79040
1281
81589
56
255804
222832
77
18367216
9704544123
686694284
59116292
861337
284112737
430
74781
791645
619861714
797
874782326
5192538720
3473
654
6879933
67227
7501
5013
348
60
778537
5
217
656533
31390250
3910588
971003382
8487114
3
90
5169400
9997
9235161
4443
2857
63482
481
140
8829
8
980
1
864
3918131010
7783479
731819039
96291
887
66887
162967781
10041
87781770
854
813512773
704731
8357512
3175
4911251
485596
3
49063
62
43938984
802306343
68
5259824633
65
6601
7
467298
211399
48802
32091
995749
5564226561
860923
924744
5
392
5
9691586
84
83
357
540
4204
9350
280
8883
2342588598
2925208
19843
60
83158221
402255
24227856
29853435
39
94
1276304
59
675493904
9914
47
73976734
7
902
955075300
90027
9
8023035019
62025
69
632
6186
91
76
240299405
10614879
1343
1352443
91
6
61021397
630840
32
9958779
7238
266220
836293669
1805549848
2
4273166
51
3244
429522
847
39721095
3003897359
9
1876271308
3568
3926661646
443235
58184
455
975269
527
66959742
668577
334752
87463
329495
1866359
9023787
6
8455
330
416969
97861
5095783
8
18804880
1687
3043490
6
8
7415978
303
9823378
922673
4
22126
94
168
78978
439289
8726
879828385
791308592
72267303
6912486
96962
6122156941
20
7166
7525995
70152478
797537561
8856243
4159
97
1974345151
3
154
473997
472
851513
8
677905134
6
6
92498752
3
50
3124
360783
502753838
9988141
1
549324174
812703
6
9
44981
482
26
1452
880
18988704
5944
1704
9
52829919
9525
45805
58967
1771327
15959
67
3591089
83569095
70
1776262722
7082480795
647222
39130
65870
8
9468851771
8837282649
7167
8415762955
4297818000
108428502
264
138269556
8626735368
10541
64363386
3545
9
305
5710383
477
815739
329
4907142
83718
68377278
533726
527
416
9956095245
81601348
70090
8025470
9798
69
2495904
1
8710957
512163195
7358057
5
10
97920558
1906547
36337687
131381
617
93
915720
504340
87077
255
377025236
1308
362369234
2973077277
911610
220
457463
9665883
89203
9623108
176775841
997
20790557
40144042
963617943
3827670
41526720
479385
405142313
6
396142222
854642469
30134
834969930
47
57342
50650048
178
8921
21317047
38042216
5803847677
284
430121352
8
360660
325
8
184795
46
754
574126
1007402
1525
568991961
297982
878932
1062
4344135194
631
7549051
5033412976
202671
3068579515
581
59
3423018674
298
402613
20389
43883
14
5430
590343011
4170619138
340
2913
804742017
5
7120198319
2879527256
158928541
7962
7006
6372446503
120618
3705686614
390603
1200311898
6
3
94300571
49833
839331179
979813
7
79866819
71321003
26747
8580333411
300
90
825937703
6
61030530
98
896886
52738215
5906749741
1356
9
5407375
77455914
352336
4956626672
4
14191129
9443025
8
7
4
9808418241
13424972
40069
163092
477941
45
833822
469
145
577972
335
1371125497
74457085
15
4916350
138639612
58312701
5
4
4703854
2333
89
48061
1
3
8784716345
6644
84286646
58
47258
574
3
507281667
6836204
3142
2537
497
95
9179195162
310
9
59
28
6512506949
79232
312292
292189421
9
27511539
8603005
179542
80629774
922985401
718
218492952
156599803
53
936
639
9
7978643759
347
9190079
208190
57849993
879
6999806
105559437
457023923
846
646934509
51899
6682823597
731474806
2468
933
469014519
9
33294
9107
50241597
8
24234
416938622
86165852
53713
5350184
69518
6840
7
737382634
61551
116
699652218
6
620371
40730
90829936
767689
8653
54
76850
6917490
3
853
7085666
5
77429
8649940996
2
74555839
2889435
647855
75369
56
243
387835314
509698
903607
7517873507
19353
971
8783945
54693
782
9
6710169
555194
395117849
69297
3692
85
40
673
842
541
4
98
2043
5868737
8257947
54230
42330448
40
9975540761
77187640
9102
33366247
241053
9
198835774
17960907
473491
1812
722560
563266334
829
412077774
3579087232
328344
42984542
957
9162988285
9173983751
72694741
9082735
760241
203340
26
412361366
907997
23263
431279800
80575
48365
27628
286
707995690
6803
610
87
430042
8910896880
58
74487
70491
64
7
515922
45073
5458
3385
54504069
87332649
341101227
11774
7124942
830012
628066907
4
7
25454328
4684152720
810
47
9
7
788042881
8364
674518402
73
9660108669
5703528983
7382989973
75602255
3429869
77
152887
453948
54443317
13
786888
38054022
2
9
223303
11285
1
5
123282024
30778075
2
49
42027
28423
89092
16
3510500
6253
33
5
258142860
69317889
99
41330
90063
1116754906
56839202
3163211
592
3
2165262
564386
212736634
3963269
86391
9733741
732915029
6386110
17157
89398
323717898
84768851
31513
82239
40535
4032
24938079
780743
556601
3
48
838510806
975
715999507
93358284
5720233
89576
10782
6
371954
103705101
530087
233
105
488000
7
12780
22
9664528
700724
872186
30632
7645793
51741
3
7
7
429
3
2
91960797
3447899513
52465
7191880
57990776
27022983
75095
173
29349910
669381088
833617
14431493
6
2
8210474
5889850410
94198213
1907595
3077895
5685
6
7210
7807
4819
534
57295932
7653
58
398265077
8
496
720587128
93
91901309
2860848574
19889274
34363765
6501
1122273
7985
964435471
75492
73077127
99
348551
55629
7929
4005610106
2
42
287
3207
8654077087
1059145183
83368795
1545414415
36
5953028
9776625787
4464
467177698
5306806
71
956402
7169795305
675
2
85
366200003
7411447958
530112
5464
98736388
555
74600464
9544891178
219712
6277125
94516
348
60
63930038
43294339
6891
8070299273
5
1427900
5382241771
465
52
945044726
36738
972533483
857
25673103
3522
69106
5476
98932
64024
9390114
694367
4069640921
7
709385067
28
980784853
1993643
5
987672
15759
42656
939858100
7022725610
230579301
4
993458
93
78106
107
4871
2115836693
1500060554
1729361280
36
4520290978
80786383
451
6639474508
4519650
823585629
54558
131117
8
4
33041
1076539271
1233085380
779447
9983
90640
112
43
26597
4470
493
4564660
1
252027
57958672
87371660
78
89096574
73654509
130853
776417
186
749636156
29
8
18
447959359
4806794762
647936060
57547
236723
29046
7012
829
29436965
738046
14730
6506
8556121329
65
728027
4
557781601
26
91131
53
8721355355
43097051
3074900916
30
203
90790518
997329389
35
2
49076
2913984
319
7581017268
93104
3
2012261332
213
300755
28
969550
76214039
7476669
55178339
5304510
96
445
607
11664
477
187
879606
4774622014
55
1539600
4282154212
1251275
4
6848432
64788644
8085347451
69
56724878
9298
26
8169296685
48988538
7
38
5369881461
21347014
1508
4719
18133427
753349281
745217
229934
47322
5824262
262
41
91
56
4742
1009
7587459
90
52
3172
170
27
203
4
173
1453
26046791
3201924538
63
7827
2
95312505
422074
32916588
344208120
897
604369
710761920
1660
449
3513
569
702459015
42804629
67210900
6093508362
183
12
2390
32
401305499
47545949
90703
439
4386809798
60163680
30304721
97974963
664
398
6
8817394541
666
12
7113
2302593
938961336
489204389
67155
87
698994
86964
40884723
8
3794227
54849
299
4584
3327436568
665560
1
68
46023553
5790340
4742346
65382
73
6623
43
94432406
831778
9822146
248
908
8709
837
7767
96859678
986
4
6533969
203878
7202229
5921
8
3447
3
748064446
695
778
4692984595
1047247
78
294505
4212
49841772
983
29
98
289064188
9
3916105
27358
8
661212
3662985310
67
205
8918
58
7366150
289
1127026
4
702
87926
529610
437906672
12
2459976
978711104
154203015
19316999
506520909
50308
3395043
1607084948
897030408
4
37748
61
43
81191821
1
4
95736297
6956319
985
6584276
4133660364
9673355306
22042023
80532285
5
641
39
260457829
52408708
43665
5553
879
9991
51615
98367
4989618978
270728287
8
9
65
610
8794
702065851
288
6001980
15114
51352
467714536
943347137
822618
385187
589
25831228
16201
54584703
486
345373191
402
409952
51028166
35650
5402193492
1894429
307047448
3663291
5246
43
126698752
520
5
69
510484766
254870
994869
6
487978201
603
482
327
6
6
55126154
4940898674
4433702227
7493898796
47505
5758004
3546
34
7
896253
8
687
22
25
343
227
3
232567
49
96777222
3
82538
6729
48
430832975
35915
726549095
1006
53928
40
7929178599
1030
1
3
585555
9059773647
9003667
843740008
141624
4
39406
4074
7414074697
9007348197
1
67
962714314
9716660012
9
82
654089
5
8092138151
486303
8
9
21503
8894
499856966
837390
72076304
607970973
11713
971370
195808285
60585
181
31
250011547
6087612692
46
903274
6
6927809
19909612
2149977
69645978
133868874
3817229
48533172
412509
99631495
951551
7
853175
4
4
85
604368
5144254162
4
642
153
68199681
47119403
4173484824
451
387243
835992
36024
9988045771
6424
1
533080
319
43267709
97758598
683803793
733189
8474963
32722671
3330280
51733644
3174681
84978246
871087851
89
5
74495063
1
308
11162
78878
581
8141573
431
57672154
51785
55740768
456423
658402170
676
4
276867530
5813
95
6
59
40
6423798943
449488
8
53849427
9889
388430
31
21
9
564
1119
9879378820
45260
364346
9
39687270
9
739
547364
268
6
4998017381
9566950762
9831786759
721170179
866886
194
67
31645539
7732498231
533
671
9707093473
5947
6397189
185325
7260
6
9
29323453
6
778743
506166
5468686
7333679
740991430
8154053438
303765309
130725176
1061005135
858192628
68154
9545
236026656
2505561
35731493
8236529820
8254388
7202727615
29100152
7665265
5
6
54524068
5829
975
5
834371
761
494442273
3527957
305020
3
9358
22
915
70861
2957661
1567
4418149
892
7927861250
674964714
42164
58557679
4
953429572
401
43
703401155
18325762
33
972995
612
262845749
3
48843
689
2
508995
3867565
178
978
252177146
741
6
866594
85891652
142985659
954
12914
4952525
2686600
30
5
2646
235
96984345
9091775
77512
87232254
20121354
2121575
4056424
3783878279
31316
36756
7993890872
4552171
99157
311
8
240164933
403049
936476
21280313
849292
9708605
106
21027
8621
835
405723
44162
8551068
1
340561
6616726744
184
87
557556795
70
31131
716
5155131
6561912953
64814
65396409
7287562437
58185173
4633
9213443894
8519124
6761362
8455
44232388
91368
2974221
3
1445525
22798973
432
20
15850
93
2982559
754260810
2
7305715
67364701
4736
3385
2093152449
2
8
5053
4
479123
208632469
895621520
422
582816505
9929
767235
7737270
16014086
8111
4659352136
7028657265
1318
792201
5970336
86397
6529527
130251882
514915580
263
3
7233826382
21603190
4277969
297
991986381
3036461941
1040016
5460852485
2798520
2
42
3828
399
9126572
899892098
2
1917816357
461
54157
8620355
212
75582
5271167
72546108
7995537
5182083525
73357154
722757
95
440304
750612840
348378440
771088433
6956
8484124
2
45
6
72916140
447007450
671110546
5
8151
86223
1059000355
613
9697227
289703005
464830890
757424
74863
15
67
44601194
7319140
5230
47
988892920
722465454
6554
5103
1032250
7751131215
7012398246
78017
4117643
8759118
817
3
194463
984163024
78
697116
65
1
3
80
4593
6
384
288145160
8282514360
14
3
890
78808993
4
22
2
383160
691398638
893875282
791340856
8011785
3
17
1997
81008905
4528719408
884783674
5641
64978668
47674633
9191
5
86067302
40536398
71
3
755
4622
780780399
635499
5472076462
2
4061
9638
581
6858350213
484298
18816
64
505
409093105
43827275
63
62386
5820
7310353633
562
5156
58
7612
394645
4401
39873
372
4937
813206890
6
61419
928317563
286
576665260
98
479
820787206
5194140530
95360093
482419766
85639
85047489
8
591604546
9121877290
789
185211
6506380261
214668
34085
1062
7
398900
16069827
55
6249795933
6343673
539088905
533953
32
8596506194
427751
5459124
76962
6312
710740022
69
488583275
415236686
39403
613474166
5173493697
5948353
365814020
5
10
8
1313766
981
6
24992136
349
639565
2198
9008836986
1856
92525948
79357
538734
795
37062202
73663537
79574061
21734850
1996
179
5428245
4
5095
884
1
2582991831
777
893544234
2
4262761
775763200
8
66752928
428375
365255646
7245
39087504
4
8
7219554128
6
9346675
4874
69
6
10280
96032908
4865
8741487
863
3
7682313046
34
2
66
7757941
96565
8281372
28
7176
10034170
2501214979
5720864170
690
4727986842
41
8412
817
58
1764791
63
97987599
34326
4196
633
9849904
5
48
704662766
1193750520
90389067
213001
621842220
802771
89
30267950
7253094528
578328792
66557337
96376
5839034
93162214
8839066532
4
48
34635903
6148740028
9
673319143
9
9
842585148
5645467713
8588489
762708402
80434003
62061
76
5362779
960778
155905
29491976
58101
880993119
2503
427729
3971799269
389736
59
86805596
5684
83
8659190481
144777894
2311
7
435
39202404
8659
4
23500
5741048502
555
76
1217329499
9
7196855
262
717
26600318
489634159
1415653
1440853
4691740
569903
26214727
2739
29686786
7
1006872
76527
6445
441
961399823
8550372
4868256230
50174270
3532031593
6
345184161
5861
8388905635
81
92
38
304408240
33
987
67
84268151
9150415
2350782463
1639719
8547
46175
8165245972
1650
49775
9
5023369
561081
37834
282
348685383
522696
9272173
2402092
122
686
421975534
70718
4
9
5885
685522
4321
6921730081
491007
2087324967
604541
90
2990934
44404813
9013105
245
9308
216472
184
481221
680910
875852104
1451320216
8
486
474151994
9931929168
2610804810
243
46
696
89
70209083
23
7615051111
393
8
604594
9527
428155
919197
37850
95
20653366
4004530
448846
660
3762
8533146
8
1270
49
4970692
9177
5276808
4460141621
70
436
24
71653
319062
40073390
71
53235
909873
9533
8886539597
485543
4785740563
1753
74
40068715
9982686
30070
8643526597
7699442
640
974386373
348
60
288
32
11452
992
3377560401
6
1778181
7298
848273746
9954874320
9919665
77415
8
7551301204
160
5605986
63462517
66020574
36959893
24155672
787
7542267917
5939710083
325465
9
66
5324
7
4365848
139
73661
521611835
4104105879
3422
73296
908
7252
403004
94634535
9
5430620898
8743
6044
9714871
996423
5662
2514996
216726
519809152
4
35678659
7911046256
741478
717
2641
23641748
271168250
690030683
5
9326615541
6289
2790432
1628161
5
3506399
73
61051694
1071550
6223
9662123362
12169805
6631256
3103320662
281859
67070
9
56794940
49
39171060
61869
887570840
996334
8507
228
62
71
1621
119
13037
20719559
5385881
21028519
21115
13
5865187
705801
9
97
8974
77
9535830
4976
852
7
6813296580
12219
9033452
2
5772261008
5
36826533
3869563451
94506
788749
3239
5210794
88988101
116
945
9898
88691
85
29
379920
85664645
38299
4648
81
949
68665241
3
8
8841600
668050
756092
92
851584
9608393873
425231412
93709796
756157
92308104
55074
2806171433
847530
3252257
251428
43173714
1214533
831331
461
8993599417
865
9
517666
754796221
791308
821
47
75
8806
65
95374815
5792951036
33521
444083878
64785
32236204
762027259
412101
36279515
8065640159
24394946
5048489215
720
370478332
7094092
88
5135
857681625
34631
81
336575534
634060508
902242660
9081
5911
64095656
5672
17
8744
27425
162849482
74
514
61
2
236135009
8084
630751427
30
468
384225
76
8761
998922652
725886
51
3756215309
393861
29826
96581716
3551
8
51764
47290225
8
56680
51483
25296
760
1
728409267
2875
12296
56570
3674759
72
2803324115
6
35
4453
653
615592
460219
7944682
4533431104
400142146
625431563
596
33165
361
7197318
8
4
449630
4428
922176
1
4122
938
7
4
647880
61
8780495201
1028
30800
977470
82
9532
391253
73944
208013261
9
7984601743
465
7840
2561397
2
142240765
993844963
3853751
168
9
89
496650035
899
6388
14200
684558786
63997915
3646528
41730
56855449
72
936040903
84576
4200076
4028859
95
5542
11776405
638335754
7
3405
411469606
745892
67619
3
255
298961
816879805
3757804115
5
153195
196
400
9
161
91
166938697
5512574561
797
3802
6229754
3
72496
91756
3
4729972
305230620
655201202
168939
548
637470
825476
6
7939
14
377141715
970
774459436
99850138
47843
9064881
429
60599
25
754
62499
188626761
7646
2188561877
45
60570
4276517058
599
7592
628
9754032
1
78
5285286
687104385
9953
55340
40
66452945
75648
31104
475036443
1761296
156199769
17893684
6723882866
665662
43
4802773
8
863440
7882771
25867726
7331
397
187
52652
71366
2697
1720
27545
1005753
75980542
8092666006
2
48400297
2
8149
3227509202
9814297
7759313414
261802868
81245760
86722095
610307
74820585
963
1
859
89
81743056
641893
4058924
8079722265
19560653
97970969
1557
223
4453999
3242268
44
69
6
25767086
494
318159
43
7825910
595
5
592979
167729740
2083
9820057035
7
6109928
9684799
2
6
80
43633
546
5314
98242098
615301
91608
494368368
8292761
3014
77
5178696196
7282988
199067507
61094621
88503083
9569500934
87441
52598
1564979274
201
508
38727118
5668798964
237107648
5801808
282348
633
3
9397
5020861015
54
9086
81
316023
979
1
38558
76718605
84833
130622169
573
29
4556245437
6793
5
832
387921426
879
295259
28449
5
3706
81721
532673967
8422
6872336249
1394328220
49
6472084
1402231
329572226
63721076
39
2066938668
5566850
800393
614
3
704
7771
927
9
8660
126708
611277
372765088
2
7071012060
14655327
3703040
41543499
404444746
359
55765
514394
67
24029
4202
7453300
5636802241
8158604043
5097095263
2624850010
919977
6537
2289061646
7507124312
9013904
837
89854
15
711
3
9595992909
79859
714
394625925
810
80870
256025
2920
83924
89917609
56983
812
43136
569
105291
8
1
5
734611073
33305
22496257
220666894
3515
6922426530
431071
77709403
4114
418
4655855
30
52612776
85
66645049
66
40698
66959
200285
723
23035
7355
293142199
63346
861823551
1775
3
24547
985984
46022
255492
77727
983654205
96499
48
959
43
71090
18849561
32
3253
832
6158609
382
547430514
1034
747149
87790164
235490383
1610
719
692445
61475
3238
2929
776317743
367429
203267822
4103133347
96157600
589809037
799097
8
38
1380382
9105000
8253
327021
9085124833
1725405
13125510
24830336
738653181
3572
356476057
1730
3917198
85423469
7485
51
639649
17
66827829
629
9
4
321335
84
20119469
732
734499
71
5291629962
48682
835
173
1509946
6778625874
11599669
30923
635
779
38690111
97377
7865506370
4032
91
38751965
6
60894934
742540085
5899
294
5021897437
872
74719977
3818333
1131974095
818
514
9473
2900015
74137264
741796451
1199
4
8660270284
3833
788224647
9
2894447040
737300255
337924
464
4169271267
670029178
97
26591007
9637337011
44154512
513100003
49553
9946962
810067767
9326221096
36844
2288910791
810780
4596
4
638959396
5007
8100758
938
4462
68
184438
5
5
293
4
1368444671
2
59
75422582
868
37
8662188933
597475351
89
1221357
9468373
618641424
1489582934
5
19198
7208675
5537661
71946
12547
87896716
127112
72004
384
76654309
3535290
54041
366438422
728
2
9212591
2591
67853
5648142
46306542
1585244987
5913
5432755898
985247269
9621719653
846189
8056890
4
5313456
861
411160007
8637074
386
155624525
630
79292361
955
298
876427
4
7
2064051
40
228
8159
775876
38692
37108
750488279
52711899
105076395
292110557
836
512
94787
8644317606
981119613
90467
580303905
634958634
7768470
2
661
2481740
848158
644
1316
21196141
44744
6868360271
853912100
32
1
73813840
17446036
64087888
1540920824
51046598
87
8232754
24212628
9981984
3741140
6521188604
29
253400699
50
88789
7
611
2
620
6899424
618716145
78561
71475
1224
4
231626
412939
4418561
20
4636177778
57585123
6709396952
724853
779
37834900
11847258
179
78
72454
2993
9391507932
2321130278
70435
85
22073
8
949151
3870646070
87
412
2879752
698756618
71601504
6
8307466
32065
310999
7186380
3937870728
1
82387
58088
2310181
54255678
9211
1
8251484
654742
3954
56
2518111
48422203
321803620
9976946052
905329
533
8595
574324698
916
371
17342
638494
2347745495
521
66608662
3
973143620
583510699
67824071
7146
75
8827423
835
3524633233
4097628025
233230321
160509
2622
2249533723
3836499978
635
6849461
690320237
4255495
71556311
4742608901
30936472
157
5
4680497585
21178330
28868
876464
132807
492190583
9529775
17446
48
77825
48074297
35817213
395428026
6531582734
41
5
991
95126
11
82255
6784
2412596
11698
8386754041
391
872
7
2
2627010
5850
1775
343017
600316
391191
631953993
67525
7958424
756
3636437
1919939
6
49635
19
980
9479207
376
56632405
8466
750720186
3321254246
84624
1851018
5065634735
40
519607411
248771
3372865928
4
40860
24
1817
16
7152310
5283008
3
69197
57317
706
1177102474
238
9171
401
560905669
2629427246
836
612905226
84714556
7261364
9
1146
269
333
669112
894299
8076
5947510869
4
412394
1280396
32
9109
444061
784976
44153628
2616921873
235256298
3917
18999497
7
261081840
381120
8712462440
26867150
490364301
1
7735504546
8926145
4
244284
2249099
14088
21589792
7672373
3507677
884
95982
94271597
783
3
3303456267
986
6430346903
60374810
817750631
1019113718
939
54103
2261
81155376
150790584
681
452783
8382187336
2291147037
7464
86
347
222981871
3
97824
614304
793917
850009771
858
630721
6466
70070
2789365
9646967107
115789902
946534370
925190
8
50433
1669775403
2682014137
882796668
33
59
787797
8921133
875334664
3
43273552
5485361
18419
770285
790
66330022
6600478
5117883
8824
619332
176
77860199
9251782063
1611152
7906686096
7004627674
789
15964161
8236
4488952
3534286
88
58
1117
30261
1912733
61722
2064717570
56848
1530297579
986389018
459
1994993894
5875696614
797478
994642
2253460904
4321
9072612
64
1819
978
2315239286
989
65
5520697383
2374881627
3
562455
793610275
32971
2107462
5
83132
5863692
9
819
2480448
975937
2375339877
5726122
7611178646
603
38
7
1010674
7571
703209
777909273
186
44184
881106
7200
6495
61
16
171093
7180936675
1513506036
47771
60
74344
8
54860
3477970
941605792
1212
577
62242511
5
715246487
2416855773
5672601
77525359
4616838
29
80
23
46
2058
2888489
7276
82380423
8640
9484838960
88480965
577163
9
121334
8524738
3304
27
14
268
2574
552164421
58000
28509
4701754355
3438
2433
9932
59458
50
93963874
5715531
384913
1
62026
516
76428
928935
13
296158307
70
655487691
723967921
2458197147
7787672262
50463
7708
711551476
2256
65406222
999037
771
9947672485
6403817935
906
332386
2197
96353848
53697928
6672415
2023825
4773
197035
65
2761681318
8127648
830806
992
95
68901278
2721820321
5832000950
874321
44382
123205392
704607
95209823
943718273
54605711
291
76
4
2495
5
473
409
2001015
529020538
6142
68088
83
921547437
7033247198
44
9799471
89046721
2963745
6751
2066
2591865
364174739
882
999451
32340203
9481048525
7554049
9239309287
3832176
2556433
65
132224
95552204
143153
513948
2
6712302
64913
22380242
72003
92
5194
82116226
987691498
4982
776738
9
185433
899
106088528
2
3927760091
3568
86495
8
379
901388
156252333
10
8202553472
3225218
55214532
38011828
2778035
9457767
965
573162
929275528
234796589
5293
34896
457038717
932
7800443
63019
4
67
3877415565
63658
822483116
41869
4351300
531507266
66982
1
68388810
6122590
6
6831
5
5746705
794257
450246
657249425
84875
5751
261
7875228452
895714
972521207
33
4867502611
8
66790
53752435
2086
300379693
3093
482356698
6
1835525447
63
68687950
793448356
302721
24
5778105
2191
5898296
1
9319498633
586
837
7448568
250403046
15
2
5640
869
50205464
3042859028
914
6770566226
607876227
5
3120
8585526
88680490
33
418320
921670098
2897
47840044
225
17263
57982920
130904644
88
9289782
626851695
9972
945973975
474729122
682533895
1967
420638525
6365
54
332811375
6565
580212689
837483091
18729
7
6234
7603
165892
2704946
72
5192
61406051
26
509
9
4359
7425857
661
69
6949803
29623398
111
1601
6673347
56
7726015
740041887
235866
371000
496185752
1685594
51
57312377
83642752
761367
23
33355
347416180
27583
35520
4698347
408146611
57475
246
775
903088089
4549904458
346922521
194544679
66
8808
438
42
8607
6126761
758
98
191301374
25958
2291105
491489881
6048623750
8496694
7079342
2786049
938
7618394960
39390310
35893
9890
1521852
148733
295
638509
3544804
867252872
1
762554
2
6039254605
942565
533268117
4556484
75538
5465003
35361
24
21051
569
81
76022215
158
7764424527
57071429
68
3
860603
2089363855
8342
905
207
62326704
70640758
9884569
4900083
691332
74918864
30515714
559324
1341969665
7
6174
7423919
5970822
731434
119
73
1
53
565070
8049964285
884556707
319332121
6135010972
9750940588
1384926665
41691436
543315970
10
797
14
5
106881949
870440
7
9364594
3614500
7197594
9624
89
14
83
5401
85111
3
9352
4
11
904
559322
111297
1651330
23570903
452
52
267
6257556969
11560
123907465
3266
305
728965997
3
2536
760483311
19904362
581
4959
743
161
647
76828
268934385
682103
3875
38173
6590085
8292356
5
8139781
579999
3553874073
3686104825
8535612572
297881800
50411295
953403683
7187593976
71783004
492048
3
27
496407
53322
58861652
178347
515
7868632
1880718900
6775490
34
5666
36252
1659955
43534
61099428
572
3
6701946667
13633814
30777
692564
344
780
290725
631149
23630
81378
468931
3622383
233
82529482
225420329
194
567
1914557
4724558
38041
2
7
352
6876682
299
99160
943
6496
216365
64389109
2
8871287
999
89
2
49847112
532438
207018
616
286113
658175
52
542661
168
95927
856478537
4555846355
12330977
4538
9682
13240
8557938091
94241
580463
91374
3205200236
24277
64
4821020
89
1
42
871924
7282
4
2
417332368
888218
977
7025
6284981927
6
75652402
38
6195468
89606
53548
5492243
2966
8802
53476
694
834089544
570
860088016
7
451
693679116
6
3110580308
20295
5617
5
1
6745038673
132445
5
732
59668169
5475365
807
7609997
3766671335
264839868
525
8746759
99
89735
3820454678
1805755326
423425143
6957141
4343
6666
8407
93843935
127765
81568
1616815
70862840
6414
4925101
93946
582317
9634
75269936
8900401
7
32406
668777
9361777
5270
115
4118152
132678
758911
4770262
29794
49645779
3057837512
481183
3031
4450021
922
219933
4650452
6201985
2
4577478732
31
81163506
48
234194005
44261646
65566936
381626838
2266527
2010
6
4075857
502288
63
697948
400772102
89442789
6
1360896
59
121124
20034
86989
24716013
9913
4917141364
93935
9287
4597384046
675554342
47
225590749
3284854
9993249545
5992072587
6
3910961
372376
377674
558186
1333344741
671417
644410
581383688
29401318
7772
409364239
264
37
42
412063425
15
42563
1
132062943
42
482
447748194
3074132
4723
557
244
6
3
9827
75
769765
6
476309
281
2460715867
935
614285
3946999
324411529
5986786111
2906294523
7
7310460
13328
82032
448
1487474
385127702
13331
48
24
5291858
2804
8158826
1
648899
1441315623
250182481
795366320
3
817946
8185998084
53427
3630
626
7131609
1
6016640
70071
314
389819742
180474727
74609
2639494565
54751108
663494555
45835
1349878
61180
47755622
16
228
894789
4390669249
8741
25124
2298636623
31588
361411171
67
25650
5
592282748
7736466963
1035
47174
983638
53073925
465369
49
1710463413
8
442188860
1896632629
978
4495291
131
74424290
94
253790441
5492419
5223678500
150511
85
1729
77929
75981
9211
65693087
3181939692
33287244
670
20056877
65
387
52497327
2143206
6
69366
456557904
16
5665595
7527
543068705
89
3
6775579
5142
4594996582
214203481
84463087
83
33050406
7376900965
2
4072
41794356
3
443845863
2
3857440
4484211912
95805
938374196
635934
975
57
453
348
294
571091259
2894
62403257
42144
576708
20455
67676
29866285
893535
132570964
39588
4
76
5872
4703605520
8262680557
287823
3512542440
38441824
9880458
5
34984
84093
16
487613570
2
883274
2
1077963298
3990958
13
789868
737438
2633
6349821
756621
816068251
834158460
214310197
59
30741
19804
309
789165
78
869
77870092
26
35
466939870
8
31
89081
1264
5445749528
3636
705410152
92633794
599862947
41004
5673
524106
673422
960
595
951800
89
4069981
73198515
9175493909
396605
2594027451
234
166
93038
6940078
678827
312
122
28
15868
948
4
4412
5
99485
6486
241705235
45721509
75
1505
72148
604
259823
660
767105969
38911410
3466221
8
9691834
7015960419
1
246284
14169
8392
271110
26
61642
45693412
577
762704741
921066
862576
648242302
975076178
3461750324
813744
9
8752
40
330930641
968666
10190726
7
69311048
935
4022141810
902127548
71682770
5194385109
9186884413
41
164901049
802541
753838706
571144
17035
6332
97564633
29881473
18762563
6658569836
16
2744153
3134073358
840
675214532
150691
885119
8097725524
343854
6
6519841176
222170514
4
1
264712794
468387
117074724
7
662
5
28619889
105
85561
616487849
25
95067
6542074003
3658839233
39588
5053
8622421685
16789127
46402
7844262
998263544
4928294297
357
7120938
2051430007
281209
2049404907
7852982633
9651654728
375286
586954509
49278
9678050360
641
78614083
174797226
8915120839
5583369
9178970282
9
290
4982690
4099745485
70
530879123
66
487251
82691
1439
850033849
15
833
29245182
98529020
1876
4786766
6312
478
3496514
8208
545
11017
62
327
21040
550039914
7385
7403993962
39
9
9327
207551162
12
412267
34
324225
25189
4165245694
21049063
5669
4388753480
3025808
6705514587
2
9318
5652179346
90
464572
2136404723
4625252
65
3
653
5687484
2214
7391417
133158502
266886852
858
13829287
5092479
82
66567
627
85803408
695912
972744
5
7565947
86744742
8334797530
72
87085963
4
2
782206313
7385
8
55
38728
87725
30689
289144
9
864840379
69
13
69534
2
929159544
25646955
125
47
2974916
50524
934882812
7642490153
507469
21830
592591
25
65
3122506333
718834
8635371973
7674021
90257788
6
35574
456
512
234162
42
697
63
8
7
6
10201943
4956
18454643
1009088207
70078
68743244
6019234895
88
6669479
143
133959439
8356629
12027761
67
62706738
6920746712
84012
9
9
3353952
730
12217
9647
5945517
6879
4175571
8911612
594
8245578
458010182
72
78671
553251
257830
62
8234716135
87202891
34616936
4244749
6155
8291
54477
529
4586346166
5275304424
10
193834791
64592
229705244
807729
7185315263
286
331158037
80984
6621142837
593939487
5
238
7406
85
6009
322
76
6489119866
94
4275
5008
2
2937
19143
114453312
72616640
336171
251444
6254
36
788998835
20
7144442980
3125912968
10
412
1887172412
138188680
834386459
231340
27335
586439
125773
531712917
5623
422773175
36570
386588060
108795243
26
45
273031656
197435
1371860
69335
1273
8956
605873848
956861824
132222921
965089371
2701212843
1170898
601
17
89317
6408852
573032217
7095
908
725839062
3445658070
5
288
35132445
1851168
4183028644
33378236
378216083
7
970490661
9
292828392
44626
39
128676713
624603
271
53571
7981
6934548
2
713844092
56
337
89618053
600754
9735396
4012517048
9045
6
9486223
88338
5711187
1
70
7871
7357377334
850457
456369
50
36286251
1126561171
983862
33878601
839850
690868358
5
869
72
8018610963
610
534280
440
62022533
4871
31
85838263
6306828
3111
3881
54034
382409319
519032
7
7
92840
6452700027
8670
658
33
1418
4970
570026151
780881431
648543
832441603
184644
8226
7153173
42226
3931
657518059
8251056326
217297126
52453985
52110
3972
4606365
1
11826
281
1182413
258017258
4
16456
711404
351
310456526
81
2926779467
38888623
26768
64
378893722
21
2743544612
6338359806
2918727532
1153204
59936757
25361
3373458926
4470272
36333545
7481608390
379
7
8363770
87902
350935282
3118023978
36527712
4688
71474
7958
446
891907450
650809149
219750
17178621
6940051
9874521198
613154
293
6182
1347084679
629932911
638253
6138577914
9
33
724
612572296
96
1971
31643734
1683
8153000837
61
714721
77
113
5171647
734
463038
984
1513
524348
186
21361
884482
611524
64936
603007274
978240
5570250
7
4
54742
7
459
5
1611700659
9
12
213615485
761860
820531302
882
6796255
52
6744225113
25596612
990035
3712
89999961
2476
6355
28237
876751
9447828760
774931
9269224
53
374330293
63
672827549
2366720
17714724
9
1498
15
38
54148758
101
9446
43019632
816216949
13
9863208109
360930
224
643
93367792
71201
92
457490
118
7928206
93092894
49328
916615497
16267340
7304626707
64
408
732
206
627108791
13
262035
21224571
40
2
38
7
35
17773
755
2647332431
349428
4003
25586
61842
3890514931
8998447312
673783
980394
4590804179
573
3727
224977231
4740707266
19
2
67864
7893
25823763
883096
3
987
374232214
31411677
141359
4394486721
137413
7083013028
5772
9237
8431794
67880492
7925277119
56
72000534
444829961
1208
8
84
29
775
24479
1
8334
37975017
60
7195801421
168
94739
907832690
5784210843
2
7179664
9
482116798
5074
18004578
232117
463
4
422795
179523680
179035
3900177927
75385
97155
50288
4
7454
465715
772509
30761
71845747
45791206
513550
230198772
425973880
4673570939
9635
90965206
744964488
5690466215
82
66006319
398026485
50996841
9855863961
82790
68821
8322336
226347
9
84687625
77524
842619
4083374
54353
1243725
610859
2068629357
3580946076
31694
8511502
9807058668
948758255
713898
3350664283
67005749
9096878
9
327268286
143578516
101768
430301
38733537
811447155
669595
1074
1
565982307
210
5694286
16108459
94
6116778535
3618
957
272
1515
2419
6591426
372963
6
1
4709104
8035122909
910023
8509038665
85766016
63
7844542023
7
586211
16
7372716
5723
1113439
61
41461
99989210
82
9788219
742109530
6064
4211934
415
340084738
77134150
4264
2
64542488
430500569
31020
486214
908851699
4863
9
399
431
332
738267
59008
931173305
6967482
980030964
435934187
3643687806
71701
43037
22517955
646305
3174719
86116257
507245633
890
7379792
578
250
4392
615458897
83009
853509
77990
65421
596459503
31371730
812
8090787
39467
3
1088902319
9617718
6131530366
991261
35562088
42094921
92280
85600
628459
94929
190272541
61675707
55577556
98578
9242958609
9236
219743
4132813246
691
29
6072828050
195316
32
81
2318825
41
43
81245544
732068676
83158362
8824457737
7650
4694
43
9438
8723
6003468153
977
8049
6903465026
1646985
14685768
26128
8594
469134953
34094053
605
79252436
160
6345
1306311
890485
1865515510
972563
233473764
932488816
3768005392
8
897784508
794
8607982709
7601532
2
22630921
30
1726954093
148559210
21
12
137
58890762
48
3916109
535
780
1090
80
14812
7009918179
216150
452232
393
3140
987
3574919968
5485435
591
82534
706
72782
977330
9300237880
7
14941617
61
2262
595100
213
78988784
5127118398
93
6894093235
19
177485
100
2489807385
871224712
408
734
5690465653
12278765
5936313898
2302183
80232707
4517
950
53
560742867
79465487
1536539310
780536
9
6797563
34348849
4430
5016823
38854100
9
8419961184
72603
6
37679886
17451023
559
422610405
157170547
92174
26839
53
9554263
33029974
1947182856
8
60589
8327725622
69418
28883995
7
313863
4303
2590
56
20758207
254840588
66306948
1
1427
46
537272
7066733
8984183
29876065
40
12677
9951550
95605
29119538
5
135834
112
4
466
57
8616608
928629417
7
55
20896
41081
29907
4158
520779879
5812552
305996
142242055
4437701542
9451
88
6
830821
426
4278832
9555946967
1
20533
124562
5260708
694738
1665
59
5628194
22730
753071
16752
7977884621
326410460
940
5669536377
867468746
2
383
790996
57043
1383
356
43682556
5880844867
258806783
8371687
72
3569825551
3663
72394070
82095
50271
4491
21542556
880
58
7809048
867580771
5861807321
21
4977179
7338295685
41338417
756122515
491173
49320215
175
46388
651249571
841972
1837
4
897
8326
54166
479
60710775
87
297
3
66
1593
78774639
650
43
40432
8
92
7157522
705553
7
3411
964
8908
103729971
39438875
868219918
2746
5622316
427969984
36598440
127
78923198
600849596
4966
6672809095
2169105
622993440
864727182
589166
5
9240308
391
3
128670
720
7
249035666
6
7
70
476389
4623
7220745
66055923
41356718
7039437
5730
810978913
654
7267170
7124685
2213294212
245
9
736962
221194
72
5226538
647480178
11
37460
9
97001
3873
242
24
30870
2172813547
180766
7580798
32438
7
1577856
7
81
4057732897
41931
7943372
22
26124365
755659299
7
805
3840328294
920885010
4167
192
76826
706772
36226886
93
40
521
981165
8141178
807
74
776825673
573
39494
4
8948734723
44997
4986915755
4982040
7270
798292370
508
5509151
3052985653
48855901
219523166
543490176
23930
537008
9789
46
54564
1167639072
487970
80029
34685
7
9027245
7436238
8115404957
622
5398659351
7456
3
661896170
3173010704
1
8217197257
706712
552763151
18261059
36
950
531
165600
11436305
9043207744
418733
2
7448363058
9438773939
53749
705
883
6871
18
9915150997
2258461
476
3313552
55611336
64114635
771589
6741
1598329
935
9113868702
9993
197815
970597
904409
2
46419
73766053
46
61819
956319499
658041
3
8037
56993914
647
74716299
14259
78041
8
54493733
32855
1
814293933
7711812
3183
3621
686794950
9932735987
11991
4798
1693
869370335
26
35
35655
536923
791002
42
213738
8285613
485
366876872
828
68721
337
40837
9
619590
63600360
9
85749
50
3917632
54150
99464
5
5127109715
3803
41653589
7172
7063383716
4091484
204586
6784584187
79870
341452
3864
4213898
6353932
69084
699191
8214509
12
1562
3104504
72220
95
73055
819195145
3629803
5949364310
9143470025
494950
904
55476
57
82309
51697
14005535
2
3870455
7563890
97582811
34227443
57600
557
731463
66016503
4600382805
904657946
684
2095887
554907759
4911
98666749
5728309607
7290487268
54
42
239486146
24631224
350
650647
310876
671
6677671
8
7
754580
7940
826479310
6
14252
719
1
1
33092503
949835
1823489796
98807910
4404785
7
9
51937163
54
28336
252409
652064122
292642
6615
5
92655
4036751426
442271609
54309042
66635817
533956601
702802629
84226
274938474
660
77209573
2313537428
1518
507942100
6596648
95674851
3603
262233139
481623865
384
795125837
673
76593
472
968
48764
28522
161893
484
49741451
70024668
107680071
349219
22675270
609
15809
2254
27113051
81050327
88
854735
21596305
48752617
398199107
8617039
94106562
742630984
60816
3057294493
275769
43984
7560968158
1728777
102895
4
75115921
335
6264620366
26507302
12057
922473
647271
170763
27485
3204
633381493
7972
89
5427912
14305
993578
625178786
7174
9784548
1743765127
6863
2592
406400
1316187
21264508
40149
529479924
2311937915
229248288
9766096920
46
73574076
2313965062
4663
56
5019283
8893844
309912455
996055475
97227
77586
23963
64439
22245025
54343
194378212
6914
172
92000
22354
3424307
83
255
5574978
621774
23
20454631
879090
595322441
79006
2620
50
182
735491134
953222
9882158
74
227
6504179539
6
17
6851494759
965517239
68
60
928716533
317
86
9419324
8180622694
5794
3279
553069
1195586102
4
56
5053047
318726055
8664288
886600
100281
389013
1
9027246
54403
83854765
7180957656
5876763875
2074455442
793
559180887
9459221655
1291049954
59934
19
287208115
4354
36511
592
661921295
974735292
45733897
77445
711
4418641341
780990620
4730701
8257028
8
65
152
645703
642
9
5684287
5025558966
34165008
7998199931
1000510
34316637
98
48299
9594
131779
924203
3190
214
191470
5921064013
373884
63
4237
3804886
7000
20
972965
41826
6
97
2741399089
5
25014
32
9706
4043854547
5915731
87
807329
496219
541
43
9971357551
50219807
5
39645
68
446418386
11672
4
4982336
999
783959541
423133
317622
1352112
98040
465896
45919014
86183
81559
100672357
928824935
2826
85
21
31037
2796
4218
621
20133445
1
6843
85271
274
71612953
2609
2793
8
30
362784908
28676
399055
546469
7
62083
5
3
8976763
2275
603684861
6697
4845023027
2009778
564507022
511214
1581
4650
1
90049
1
260086221
69019845
4
4513592379
66607187
29875
3
91299235
692686
476576
30292626
84
6
677
57
7584
126454117
71176
99496858
893385
9527008
133
163598492
1787809494
183
279280
36801383
541387
888520
7361
90
5200795
433137
3141
98420170
7
462109
10760
1
5
9213908
5022
900
754
529
529857
785817665
7
4392178
20555739
4011001
22
8450642462
262
4814
364593014
299344
5947
4
714223130
521031
20662106
5
38185713
6829646
4575
7840461408
50274663
4
89179161
174124
2429905
4
1967215
2
330
3505629
8792301
1
299056120
38949598
161573370
373
4
592900438
9632881
5
335912482
93987
39720376
529896
2574405
5812651
49
466248424
4319
4950
436119
89
20680475
2456866
8
46
589642
290
33
230036557
5719
737911
11624
9326
74
9560
73454
28896
4310209
246
2675
13137961
6224517
7
4149
117175
49
11
86
14184
617374
212264587
9794
3876072642
6587604
53
6553
79971177
984
360026847
76041
779113797
126584
9859
726417
593
65753257
9699
8171
409789
78202828
7854458012
8
308
72532941
65448
6172984995
5984795323
762
49
5667
76764396
67400
1703777
54421
5727952021
193800513
985
1
801452747
835
55192
67
91941
8262
4737
6972567436
1360
6
731207445
92275
8
7891
326662756
820903
81794
46977
461307077
8302
4801205
48876588
954192
28
561
11
140096
2402987
5
7875155
464
44342
6845
542
30844432
7789144339
97
767
956981180
927259893
79058025
97206102
6448269
88
8091
193240
140
3274373638
7
7352583
104399
74521395
3082762298
8468
3129484
398
63887913
808785654
8
125
260619217
7
6312646105
322228865
66
2067397
566
3843574
7057
7759996436
8
2081821435
11
20016
81095001
9799013
632411
8661
162
8157787
68697
59
1027
2939220
522588
2341225
7
598762
25
6079359415
8
22399008
432
7641720
40
75960
365
1371
219100
47
4
3168131
2
97
58
2
278
320873
4477980
9115465326
8527520807
266356355
3462130
305
1919001302
375142
6579347
10852
5093048816
8558636
5
7852031037
700831973
20259481
42306155
9401289
853
88560
3193603
9675528568
643957
8003
2715
17
97586
2866297
1341703
146378
452290
1
9915
1300
9762311797
559847
973408645
961
614126
8679936544
268554008
1026
7873637871
8310187328
6
3406758003
33
3239113395
6324296
12058237
2062025283
44270
837193018
4608086559
384
864
6
5095765
5428
231
7451
69488263
721121171
42
753694
143
7591346
8079793
7427
70
82
20864
360
114969562
8517245781
9
803910
8
8835
42479
90259
54983200
243340995
4206885495
62682
351
2978
236796
737
4
417456563
41883050
1599530251
4
9261
8083
71
828083
2
2193587874
54997526
8
6960665007
8650305777
344
7236061199
877507087
1475
965
70
6779
9237
75
12624742
9
90
1280819
844946568
9597298
84855
919220
9840461248
64559
5613372653
3509
34936
83
4586336105
656
7
51116493
116301
687776068
81964
8389997247
8
4425
114549460
870954
2596411910
17562043
63334595
3480704152
805
1718
5017
933036987
25983
56
8420274
75471
1
5995
1865
4
49544013
3697516
7123413
769366276
732596
4707179
8403429110
4654362
85
9
14
3
52
266442
82
5094968
11094444
377873
300
205520
410462
394368
6081666796
1751
4557
306675864
7
9700705223
8
53224
6908091979
2810
70512740
10684
5
5729465
1447
66258
56875183
5643816
2381592
3
835
579761
5
4931
162254188
86
367855913
86894
3
74511964
913063708
953045466
89
6440338
467310
212625726
954633
1105770049
560725804
3525
689411
599992
6
416501202
1415388254
1
9200
5705
759720
7866542169
498029
927
179568
26454687
3573
50
74250
9506751
972768627
32921575
953765700
591428836
78955981
1516523
43770001
92349492
9
9020347436
408063618
901985427
534
968587788
95
4989895
5641
98
6309558582
3
893
511184
7
3
4382369312
645
6692356
5191578362
45
68074
757
609228
34
4
1
175
1027238
767617219
2372
93
57613
77268119
26506
870181
59098835
68
48447000
58485
4031989366
3920253508
1769841891
83
69980
47946745
7
7830411087
583
5625815
6
5667725
5065036
2038768489
7
90994
3
909
1
638931
1
6
616
2280549451
865810
13
335
389
48275
8625659094
2
359
88
3949
97
7
2
807956
63
676222
1933
6140
788543361
330418
5744
770
479
60879
1030
9334683207
25385
8
7450742
279
870421
8352901967
48908584
689
5
87673
63672
950359226
178151
6
1507626220
5398
715709
63
8
724545670
9901045910
8545473594
6913
870913109
2752423157
2
3
49295
46059356
10
97091861
80559
95342
28711762
280760
97
60140
367753891
224818729
607579513
4795
740238458
897
1119315
1899853461
87883409
3197793
4489
47
82342
7126909
71445419
2398
130
7220324787
65
88586890
371009986
8
2598530
9551312826
256595458
39491
5982492
6826
8
6781
6787690269
101574576
6000
492639
5125
735116404
9316993255
450645
1535
1673972
6234
3031
6764784999
481
47583926
473
5626502999
3045
97
790
95526
8232
54
4
7
156207477
99
4
1316
64298167
7617121996
3547
6386736
4772223669
43322
22776
1
7482
8328
544755191
926669
2454350
14138110
5100506106
77
6243087416
805
865729
404315098
245743
379390631
886194783
31195
4420360
8049098911
57
7624
371028033
6563
81131
3670642
21332
2595177231
96554
368582
137535
616
62
6853
589381
9
266
704285591
999361
685694
284085159
4
1
18931769
5366
39067
28
3
10
992692
90488
18088
4804887
35303
451642211
74692
77008564
41
61189687
1767
6712602273
737066159
808359
593270948
6268984940
904993048
2908
2
35404016
83625958
85
94
3380842104
8
67
4
43954
4833659
323685402
50835785
205406
33
120
30826534
94256
1503938698
63873
146874720
63617
6990515
2709813036
2
2268499
8506714
6649746444
3849712
5633
123453
745677788
69757887
3950
97
1588665641
7856
6606150
23479515
24
3
65395912
742099443
781910513
478
90
70
45019179
3622873985
80651727
47
44306590
23057583
9959
4970705743
1056417
797790
5201162
7
71801570
125614
6471
5000018
7669
578347158
73
435
9844
237
931577499
5
2
68937127
5240672
47249
3558369839
47
949
9129781264
4664171
9798267
586
9
2788
302
63599620
3442769
1490314519
179604
617
589837
987
5825826
62
4830
99022609
477600
6148021
569851
13
372065
8607531437
20548732
384
9
7740
4
98203370
42
4229182372
449
6119
1018603
95744
443457
9397358817
67244222
793
474243
8681080042
522034
58820146
82
81404
586785
393583
487927296
28
76429
8781571
6524
692982569
8450
46094
1
8
236308
28124
6
5583149
9
265497509
7524711
606126456
5347
116836
4
42
47344599
64
45241516
85111032
1082
1927842104
2754035
1243
1120294731
4765716
35
2269
76331
6
929013
6
9784790
77
556341938
105719555
55
652
956899675
65952
4232637
6
53945910
931728213
448018
91275398
245103
4
2832280843
2518
1355031992
679
9237937656
6720189
777722476
8265
8290661793
28914
7
34494
83810
958
17
385
85676
978795176
66338231
579136965
20345
3487994108
76429543
788292834
3
4785963
241
204
273240763
1165013303
8973281
8743646980
16701428
94841319
74396
31293
90032
6346509
31619
3338
441085478
9818
533419792
4108
4680627
3069948186
7207
91654
340897
5916414
5503928
650764
449
7832
5
29
68316201
206956102
4229960
5359852746
1978
60490500
604354647
56
56384130
10283
34
7365529
456
2
8841616494
72
396157
8604502029
4
9317543
5705720503
388
912500990
633470799
403151
7
1419
79376955
5018451
8
4435501113
678102
7593206
193865
9
17472485
111
37615430
4
62091102
755521760
419
276377
702817
42206924
94
616
816
2
3822896571
1846
29512
244304
532
98252994
8141
5
7877
20
1103
113676873
1650
91690731
698
57623801
9
884158
9005676
15997797
68242941
564640721
3
757968
89078747
5079
2281
2125427843
848713
259
25710
525
128732
4700365630
33689772
83941805
164
4554404573
85000109
501
2785084967
8726
95
922731
9
85401
6367
28
839113504
84618608
6983
1
35911189
56692875
853
54985
499492688
393807
11
584
36485315
9629
1656438
9484
4528899
713905
9
41
73
8000091
778372357
1
3002132
5783087
24273361
757725
516485
356461062
935294
72854904
6275167965
4387837188
48742865
1060535449
227696
9271058
4632
3
69
8774
9138
84
51829316
944342
2348930
68733146
98
746079
96415
6914071
837486
3509
1060629403
96
273647281
72
4331071629
80758513
8165132626
86
72012765
8563447486
636
5616251536
100353
76618971
25892671
322
687
51800572
75
191
68112
2626007279
49247756
65947
8403723
9942539468
787643
32536646
703946758
5675
2334220
5527799475
856551501
7
77333876
1
956299397
6
96471802
9011756354
72
258087808
414146
46648
20971428
43545
2006291719
9167007959
302043
67216
75
153429
79
13588
8635
4
5897011218
656
382329
4
250796309
340397
3149806282
697
8182948529
7764153
995343
3860892066
8
94670257
862046
80208
1
2
264014
92
876186
963
6
5574973411
2062901948
45159257
17
6909567631
7
12
789329
84
335
7455
212
23
4852
9059
3840997912
2
735
4779451
74
82534
6995065792
310961
5854046
33639429
1374309
43984472
6591886
1
213
83273222
28924
72162
81305
15900
5652
64637
921
45428265
7
3
17648258
54623384
8
20
6
342826
1678128561
929006
700
46200
299143
3
93206
36411949
463620675
152290543
2954966
719301
515289
317
99641
8963788
33
5776822
685656250
362167
8936534983
406025
9
67163308
2
3817598
4457755
8109331010
789951661
66823479
1723
356437
12829785
625935
9906339517
31391
873488226
63487501
2
48735088
3158763
40161
3117467836
64151
7254544
4343
288
519376078
94
906616
2478919852
90207
8817413
36499411
1726746507
4205962275
9
2088
607
30017370
422
339690816
139390351
90
5
2269
6899889
454211165
21577
771860
9430471
617412813
2
775136
5
7235960
248306
434408
197355
939146923
8102175
2
458026067
4027
22233240
78244597
995551654
158612434
453088428
4565950473
21
4151173
33469
45626
232
79871
6
50
1635982
451
394
5552755
7977118
9919
61914143
729712621
760357
714
79
34858
2806737
4081
5080156217
89185686
39785
875730
6652375799
4082499757
51746022
1051532283
5
1703429147
6
29
809875
972947
64755504
423874
5981
629266
7
4
32
1
533256481
5583932
8096
428
77
4582763
48365491
138
30298
9
82506
8380
242
334
984
9218785
3701616071
68910248
832765094
382511266
7
480518323
62743
98742750
4587
1
3
6730101493
891
3979208721
33015
5
3445987174
9446091
2
43
27292170
7
76314
135944755
6393928893
213
3216808
44504245
9359
340615057
3636735144
991
65
7669
473080732
4
439142683
3891
5771
482
797659426
762400156
85883
447099038
1
59966181
65599112
8045574
32204971
908039
907956862
5
2480890641
6198
5
74891417
341451
177
457678
8600624
340207470
5491796
2959
948
254007852
82726
33
66
1287330
1479538029
201108
9
993325
9521034
983
5932247
4490621
87
77284105
7123789
543041
49
195658
86141769
39341
8392578640
345758
86925
9524011
70774915
355194
352537
27
97004
5407
9107
198
577380
3543415
6999675
5652
2
9
154823409
1
466793
8342036926
4202529896
66612
117
464
62
3991514
14450
115
51298822
744068594
1
9258
9
257690
40585380
93
29
72
61766
734
846265793
13
5674
25422180
56500486
1649658128
8988302
502
5009507
99258
5118
6369
211606
9326
8764400628
1891659
66077989
254299
9174220558
4988737195
60957
5854
73
41926186
35746126
1878509028
854583
530493570
34
7694642
962512
5410397
7350
75
963
77290264
273445032
181685
554
84008
43459765
23753
392929
99755
178
9147462
530910
81623
3259
1720904459
2
180633717
3427977411
7720
9607271
2516
294
4686230
8895989029
5
510453
14002003
8
69344088
51
7
4
5831338
5022714908
2
565120
931722
83787
6705534
98165
692645
6697
65613113
97
86182723
474518
8
7292
6560126012
377127537
17192
780657347
405
369592972
8
6
6509594
3417552654
33600
5056
85
4582
40
26149619
92697757
13
858
8
710849816
725474
835876
348298534
33
68
4318
24420816
492024348
37661
47
27276358
75
1212598
1555830
74111352
701
494319
638918
96
66902
97483
60979802
6175630
8676006180
6
60490394
989
2
689236793
72
361772
85739107
196490576
8
1154841562
677
63998950
4067447006
4295
1
187683
573
91687
82056556
9700135102
379931175
7791440541
3176
18134
820644
5706953856
8817
13
474306122
2241201
7261
1
5
90332
8830
7024
5923378489
372094290
94557
955641042
2
575417841
282
2755844730
2807090986
603987
86
8
318
73394
8328956
5243183
43927
227289
69414889
8424
2
63537
6647049616
45487303
754500
4510499
9663550322
35497
9371
8169106
708719745
67412
757
7390
345
20
611280487
9776
6
8488757
613
1590
24038
828244953
1874002
853163806
10884
11
21308
1292
2
10390
735967070
680
56539
1656
2062
7
65
6129213492
6
3414524042
6687347730
187857
32970223
2887753
719078
3042939969
136734349
9
5016967
735748461
7
5
391962
743
8310
8
2
30820
2589330
2
217357183
26743794
18832145
169321
4541224553
96699104
633128299
93529
3079
7599
6
66
52353435
284
6476886
10
55226331
10
17451992
26667
203
5208721
879011
35840
346703
492
98534
996
8027919
45628413
5
9796637
7310763
98085112
2276121
2654931590
79
417
986533805
74881140
53940
5479472
4320075
75724
5745795745
8
9
1
442213
1095194
6072047
23
5011340
4157
4037159099
5602
15
9149834
3
9
7555
8350871
74
513
3757486682
12
6616167192
165
96820
189990
1450
2015214600
2817048
59
31536620
80461
277848
8226900
624711
33669
654002
19721
3
62
6859774408
883024086
6
2292637064
7732204
880700
9154
3706009315
375
593258284
1375406
813
881730409
4265
9551385
87269
994821
4
9910
84950077
77
9656133
549925
9341142
21361784
77174
9
122376
9033209
906641
28
805469
431896
91
7204384
1263863
6
32609192
952890
13946
9380510
8240
91215808
173
913198462
79484124
927405647
730
9642928
910
11511
88
769005498
482
7814978967
18563
509
34466
80
5
476385
171196
79
883439
7602
7247
1326
664359
3473179619
972
4658401032
3610629900
4679628
664956012
6498494516
160
18677281
46163
99811
5
2
8
6827129704
18945628
9457739267
8207544027
2152009
11
9
489719
282138958
48502214
3380705301
7376493
2
425
22
9
553885
2937626966
96329
961
28491
9534156272
610
3809977
10
372
20724181
60217
8
57630
34350
3815617
569
518189
6642849172
43151
4184059708
770
337890259
3051
22
116
881938614
29829
836612
63488565
130
7769594251
2111
7
9
5
668443
2
46
36
849520
123225887
3077002
5
2313387
7777109
5
7358344
7581782
821747175
8
977369686
430242640
32
37
7449988015
46497
153
21
969197774
921290
6204
32430089
2985
51
1
1936
8943005287
117403097
8661
7
423479694
9
8614408
69805
20970
4750896395
729505
60485844
560853851
6687
9
7807711
696
86
207
2345
563712005
277212
9
319208
249381
7941142509
224366
416122325
477
943071
71748739
478110826
3155
6885975393
6037308
4335385021
8108203
9185413180
5
5698
7956754
73
234531
1365970650
9
3878216
282215
1
78
67
5637649
36575665
404
14224617
34
3247403308
24
9641033935
732
475689
2481228
214469
4
7991052123
418763
8060385228
8789666142
90
4395117815
3
3092
7726243
575
72
21045612
7247530380
47
8
506
1313206
7630
60077
931052342
36289
4331
22
90
1397
510733
8054
242
32176
96966
8114827137
54
6689968
5045759236
77919839
195
660068300
2561
759357787
9
13258
836104212
614361
5233500
14
854737
99
14659704
3438100171
976
5519
2461
26
963935
6884858472
47433623
878119654
8122
7678323
7177770
50
53
1
6
710
7744
29
166
137
905310
565
64499
728901
8
9386
55
935
6114641
676494563
19
4088204137
6528
9
1119
657759
25
761936
832415
7536
35
87
57290
63213
7596427143
3
8
854760
66
215
6
3324637
982810
80889231
491716
34
90455173
1689662159
71989543
9112947652
966963
1212848751
2
1
627216347
621100
5
8962735
7
52862
6818471920
9758352
874
53
5368895
9468
12995827
6
1321988
89172207
583462051
694
50
214278
41623958
5
234900140
5791237
8568034482
7974
408144
43178
9
5633
664762
95
9350
74601308
80150
5086411339
1437411
843454540
7
5879302385
268245625
2219383
99
69045
579
19
662214580
3531
3304482516
6
24714902
341977
43345427
3633486
3304
5612794
128
10
7494410546
512317573
89
2680940079
6672631
1900878
68004
4018463
41597364
63
93593212
547
6472087
76574
10673265
71
74802991
16045306
277
62527
23606
943
8
674
5955
1755931
807362
690797573
7124
846878
7159332669
45
1334
16371
615
9122849260
69
3065
129293096
916258
8
9808
482138
803862319
9047
548
436582279
6597
90826
9819276311
416769977
4838577
77810
9
1113
20810589
46708
2013187440
7101
894
4218
33868092
975548
69763729
8
5
9269431230
955
634545731
76559013
63173
17700920
1703
23
90
24
744
582
62958
764498410
9
8676076147
93265403
20
24613451
2277068185
69719
630129
65
19
54
62600
7145424
652
10
704111
92148
1314380420
42312
79962
315693
3753673
3224638
97947193
218761
908
292
8999632
7469128
911
41301311
9463346
1
98
2363138879
2587
36
81
889624363
4471
478802
8523378
13385500
559534
9557251928
550856511
823647115
65384858
31979
2623613794
4382070
82860035
921
2
99800214
2969752140
1
5451
4
889
320084001
9029
955860
223758
4661121
269435927
42
869034964
260
2
1311427
54301475
136138276
8597682
93954176
52538467
94156
8376
4161
968605311
50
918476
931
984242
724
958306948
1739269134
3383
9196116
223901
688057
637
534512977
2
49
38194
578773245
3903344
3572712
90568405
6
700829
5084
5365740842
96311
1628749
220
12811
26203
7
6577
59583
722
6621
46849
9869380863
6087409755
6
239271
498
72009
5467
59668774
9
928088
7648
8705219
509451
73371
5
354956
228071
487512138
8513811511
9590114216
5
2
59480501
4780
372870063
7720965
497736197
686018369
20638
57
474127618
3926563806
16
10290334
2517
281895795
9795
493008
649127
6
46204
7565
990451627
6775
2
21
715053
9765627
15
5555960827
289
7481835631
276806112
78170
140
857
6744719959
38850295
48
6422
2193
8725
31
128751
2177410983
72867403
43
607885161
602
77925896
62
26996380
65200003
5499972820
763704
845
4109883327
1773056055
157142
1865768
40189077
33192938
165379909
17950
845524
7137105
7655
805141793
4652
919223043
7
60
50730887
1126417196
49
3
5
24169004
3757959
4635321
508
89090
74640
25863
1964423047
77
34741799
114
31
45
1457
7598250705
9446802
9393342042
85559
79890051
50573
51
2346249849
5517169
2048827104
3616238
3143607
7430069564
2865158245
438
939296111
276403
1228
554437486
47812031
943
91791
154
1271523068
46
24
72614
4728451
23
622
1706
635
350575000
9752957
882213851
4102871
9984709
2878
76
118788747
5134
8
2
53372
5502348
263010051
21019790
2673377961
9187569
367
1711771
51599978
938656
2328962
47556277
318
1104
63684605
766
54787
899
4300445
674938715
6579
5196
77
3
6761
68
8968191
1107669
8531156918
20593
4307927019
436464
7492290773
2807300
84286805
1
3978525485
264579848
3107888983
6944926
31603563
6
2873603901
9255364048
9
9
3357
828658
3613596
866
79024114
894
8240
8964315294
29932
5140070704
84
2761627
68
49
870
61
30
11921177
17592
3312984290
48766
1990825
8386325609
77511858
7155766
86
4930373
112
2214252360
5524
6033581
16503
978
13307470
8792894605
8641041429
870914689
16
365310
7437995121
28
150
21539
2032296
6
622
6369720191
1
14
28855
154
6610037143
9556424
5688
1
578
80
222
6607767
9145645583
921381536
32623
8831109
96158
47883
272217
627
2646940
399
3850
79107351
7384
726187
762480
329
113301
590
592844
77061935
748335
58
23870731
6626
9
2240646
30
82024
1830
5
808380499
829
7924526
77
8
72
413070321
5
95381
68811
37620386
781182613
7581
667
17344
82500
2880799
90
988737
88544041
368
402
2
777253010
12888
7
959901214
30183
52797529
586453
346606691
4
2768108
63
18508853
965
2848416
586212083
2
5654741455
460356
1740700902
617
12
851747
84943
728
5680
93
36599169
73
3487915621
26672
7624406
233342190
57376102
44
4239915284
60
76
2854602
2318665
335689
265444
7954516
29190
8
774523828
6156113
5030
90
276374
70
1331961
7
9632948
8665990903
49
4
36921
1283298
185324
124
63
658040
8028950416
21
2093
3144540616
16
16
7170023647
463205718
2128583
76052
9367
60
25594251
1796
7215
919538925
1229047
6089738
4
30209488
1642191
2
296774742
6170422093
6313
8921659
726
70
41973
193
163
713429
38211
82370539
783
5
9
21162
4175
7
89739
232859
179595904
900
5504159166
2799006
586
87
1587
788075
9
70397
348845
6623676
6724
97362
11
1
309643
353
4762
25045
80705601
716582
6956232
1178
620305434
16269
57
74292
8
387413
146
98545959
3
421206742
9334912593
76
55736037
2641868808
56650
875718
43004585
30681
699
978167339
8667640324
409983
9973
950757
691889077
6104
744
6
6593543
39864655
961757224
847364405
70736
6
6935909
1775288616
7501979723
9
4
691690071
872778346
1
99
7
563
2260082
95057798
9
454698507
328112
5450769
3006127
6
9407016677
8502254
278894
624309
86412764
9879
948792
6
4955951
7966
730486
357774
26288
92
5111440
69365833
1921317
7536976787
2
362210
956
44011066
99
58802626
3322
8
700469289
7969
27623550
769155303
4883
1888
9997207341
79411
1
551593849
19892
49
29204
24697987
2084315737
450849
4731
9551226966
93696310
936
8231092774
36979
8864
1134
3913168
26827
4066612520
65639221
39
3079223003
6
433
245411050
423074
975949197
3754408
53735649
9220932
702150524
24
6974
959
3357375694
67954
1620
7288947
52804487
15040
409493
5643
118106
4461449
248858066
997107
515035
2
7175414973
12
396
8719190
9
383207
18132422
35
931859854
552274
32
981
2718
68756
94256350
776
981998
1843288153
44092
10
4
3160901575
509
8968309
74
55795129
12
1
9588225
9847875409
983
8189
13179300
1285
2006946
80462166
9141765
2779
9312174066
9768511
946687777
495230025
594924
1224890716
26
275696960
45000
6726204
6
979276040
28389
229421
77416
203
5
37
2460102
2865650
4
87
6645365
825996960
6
454
66915
883882
4
20824870
13
92
4
66167833
51365383
627815391
3222773019
7707416107
12948318
5740186
4286084
60624
253
1657
75
80957
1640545
509798765
4927
7922
385
8204
7794505
67244
756403024
8
9676484947
589563863
17
22037
7823
62038
6
88454661
76
24
2
9173100357
1
78016
2584
5102
4
43634
7
55
70
6588675
96215964
6558552783
79
431317450
1835415
5720236261
6401
4497
6364523
34847
2607
25
2
9436179649
294030
24420
48
92192
91457078
7747824438
960
83203
16544
9843
635085019
13636103
4513680398
11
772431
280024288
9206
1721121
8648
954991
312797
6
929320
6537482
9307508
21
2201
61256411
95486
723207896
8400827
1320
9395729986
5
61503485
2290822
543015
7363792
181
21777193
6
6678681747
24253
7066
2983
36615
8334221
861359297
3731928
493703
5
75
79
701961829
537913846
1885
73934
2317301337
511891
6
598
822887
63516
913
372549
65
5811382625
573677
252760385
69571
749
48370
39
91482234
898
76734186
55802324
9
826878147
952
78
3026980336
7
1043
59196855
1
75383
9
245019845
109011280
9103175
5
649
216
929
5
9
711419517
51151
3
7602450
691540292
6391325718
10
9494
568554699
59490
353
311
989627
8153
348562
315369787
3100798
41
719766494
410925
880985355
508037
571554699
61268
469
91045496
674
7879
743
8255
478765406
597510126
530008987
9
25145
28
569
76430575
4573498
890842
28790001
633
306
48
199975
757
62469795
7
982891249
2779
2395409
642953075
6118322637
47800475
504324
703820139
7087396216
109227181
7751173014
5362248104
89474767
7033175211
900278663
622940
8762
9819983
1
6343
55725219
3270881826
79248543
771
7769720413
10142
9
9415812
142790
9750553
284994
90115953
9
81
40
7222210
8579022
26760001
6
2586
805
1890
8306419415
782
3
93741406
4680548716
99
555
7756
8486
88612
9529
1283608266
744272
26196806
8179
573
91817
7
8575239
499
11851
935055
5074
866142
32680
8335701
46
20535657
2624631883
8369
65142817
531
26738075
155414723
70
200652
64
12
7621279472
7501172133
2997
48395805
263973122
81561
8170
4
9
454361378
70
76306464
472176807
5440514937
884
52
28716503
5108
4195448
589937
97886
2165
6815578
155906896
65708
6
5288079904
31182
8340
968080
42269
7
6364612
81421
6
25772199
750280351
97607
119146
8082
90215
3
56277351
44580470
5847677242
4754
116631246
976
637017173
2
73
34
5202513
1377976625
696328228
5769
39675493
975711260
24333846
4251584
892330
8513
14647276
3092
6
167820728
105559
3829
93475332
707
4274
8400111
539844
4942302469
658293055
6
4868071
66317922
613401727
377
82
1
99262314
423188
7
71042541
6983681
646448760
38993620
120567757
84
5629410552
277
7514833242
381
1023154
1092856
164
22045898
9808
643
9283639
48389950
288374
37957375
189256128
27293
308054746
7441
4156
625569137
4
63806716
4292757
63018
4
35
21500791
9034636773
5025977
67250872
59
8
507751932
7073847
96
309
7
82675
115723630
2606
24031440
798
9254
60351032
7106
38
619958350
68635
64
79
84117456
3580348319
665
6241
9194
27
4
86754030
215868370
8081686
82860096
40648
1943397254
59
8049
86
654462723
66
3648
641954
436332
78
9715139072
1845278
1572040406
748843
1430
7112142747
3426679912
7521
94568
390014
8838002
545
523677921
24985
1057146
96785014
1
6650969
573675
81
53156683
2852387783
2501642
55026
5929229900
288231071
54125
42
7898
5464
41
95
515530
74348
6506429
983794266
765789785
3470858
7500675
7233621
22171
933233
46
567986097
2524279
5
964663
5513
10161667
2033205921
891
2269557381
87794507
37
2302
3
14881
50780
3
6859
5019427
637622941
22372
3460365583
831
7784116221
119542791
69
5997694
88341
83553
89106
6203416
94932
98564
737632
529392420
2504
955746717
1122
306
5408301
972
764137288
4931142698
6990415
245373403
387459
45504
738229
196043
5685954960
972
103482
1
4197
336
65
1163772463
874
9613
5634
293707
6
42503
7929064
7936669951
60755
755
84426115
9358988
7698568832
652934182
4445344096
24918151
4
34242194
733428
952650
793409
781
83
404
46127403
595144777
634325
9
10298
4422181909
3678536389
181497310
579183803
9450534
6238
5028
701243517
650408580
968
45218567
66
374812
1
8
3479
114
820612930
725297052
858245
75740261
512445844
7
20987289
46
2509
9
7
3767029
7818
676584
105350753
255
12731996
90
166
1080158651
115
29512855
9
5370
895912
588
9270362440
7
1999
191
95130119
89413
3083087
8197
5
688
77586
40
9
3919
865474
7
70
646053
44430
8422
26138
5683
6
92320
1447902697
212670443
5758
1148
280
68153511
6641153065
658688784
874197
58
98524447
452
293508026
3
760743
47275
7976
986
454845940
970
8238
6
135762355
190362
37753
1286165787
67
6235
841276
293
145
693624
23215
5060184299
60981072
952
2530
9368900
3114523
487088709
460352
302561531
454468726
82369308
3
2123
70427
190380
107065621
138001662
85094128
41548
517512
152
4668436
6526369
3585
1776
2887
4593
9766802066
969
2190824
17364
979
934069
78520881
879991466
702861337
11912007
85
216644
98640
1
171348895
559563168
59015587
35
2
7371516300
4368
60
374154778
51
9
53114222
7327535
232
83
6811
39
9141
5
3
8224249
6900015
6385
1374645956
62
9976
7488366
771340
7
403039927
26
259
6
822672095
669285
8866005
5066770255
4055238463
3512
6473
8737
38095503
93885
47
14472334
98
1551
36417
8520373168
38267
78225917
217231
17045
11
3474954504
429126
52088
58
240772244
78
142562522
1664209825
3
8960023937
790112
355742
81183
72
557100663
1266267920
9684736061
1954326721
55
4318742
2665
71764005
732
4069260
2950
6220052
8
96
548
9
796675630
339237
7250623881
87965
8505
2546489488
792235
552223
6773920094
20391
22873
74
5
339348
4955626
1950547668
5699755
47536166
223122042
56190
159268
7
27
595399
8
7392218
500
224
6
14236407
764668007
572
8696
1140971
1962338308
77794
86
43
5
74013
1
8583766421
207
140824
2538
20603
9
5
37
62913
4296
728119
711217300
33
3665212
7617401
85544
652658326
69232
5721651
930
18
3263438263
439211
6335
8965811
567898668
72
230437
61
23369
2999863
34681043
25
866
9
68251225
56
8
61
48
1849
769352238
7594048882
2647962954
55914
924481
96
328889619
77893
182156
105681
1784999
8
4865978
2951
60612243
413957
64961532
10582302
926432198
2752993177
1786
57
115
4243830
118852634
998450221
6451584
32
5
541223401
482606677
57
30953
90144
4002
754925702
3
9473397699
64
747
944004692
7
51
361
7
838886535
43
56125600
947781
4
3172916
8868736306
1100966845
8978967
99
942
2771
43590
890608
7438338
4
50
5287
99153061
158
9967561574
4516
1628
746545
4516921008
95722889
6846802
140079
91713
88
2424620838
4
312340
66
49
97398197
7076956730
91327030
966135383
27036755
980082
268
804259
4534598314
499
78
44768327
6
630123860
6656245548
53
1574553528
801437
26604857
645582583
36819
4305776
92811463
57
766
543931943
41604946
73415
86799
27429309
9610496140
6
92465
8574
123875
1416143206
3261427370
9
7
522490876
917012
19615125
11849
80507
13231
32005881
8269334
44
9
4973105003
758485
29
11
456640
5
2820
17862
930449112
5
9241086
615334
28
59837776
4
6
32769284
945617
833006962
54
5433618967
87201658
82
7
26
912395
7
408134308
3372
372
2900569227
814803162
8191348
165
183104
85638317
33536
1
70
68523
36252
4687551
12824368
9795102
20
53052
786
34487
1038430
442507059
5
96
229077958
49
75
17
6252537686
78888
71348657
998315609
3756
7475293895
9
8699054
6949259
100
3032
12
862673
19278657
124561889
739
42149
545556
22853221
99302209
44013228
728
15432219
5
4410984895
4663146698
657028482
250
121
8707748927
5
1
5699
585626
4
63513574
403
5475
4891850211
8
24570
9171
9671315250
3227
24942957
6
4
319263007
42322147
3002179
389940
449503634
644278905
7244
7138150056
948
35849
9
8
9691230
218484
5788875
99938
9
434941
46
2365587917
18
95
44
37078022
9076862287
2538
912
715
14238957
1
34
2201
784945
874745850
8608
7274801546
5357677
222959560
8968
9039
92
2324
460867
2354309953
87912294
831625
612559117
666417360
3657690
2477
305187
6443700
479198346
18
529
81
46
531910824
2405308097
93784
670
6989441602
82776
7086
7840656
220849
780
126486
8386706924
460720088
35960939
38
5500
9
5973308
5161
5939502743
72
5
266770050
370
83906687
5520
40
532551
3616232487
2
8349516502
7458
9
11874
69380
6554673065
688671
80051
45284659
300329
156128
555827
1375996
3889376710
5504045756
981069
2735070378
4907521
49642830
86684
728
4100059088
558721387
92422105
7307974
23
72268
7622
473211
4680497600
4390887
850659
2314698183
7
36370
36459
35131967
541
3379566193
20516
8664592
41658
374
9179153
57336221
957513
1198466
287
98795
224308
8545154204
735
9
100381
28058
4105113192
890758
514832992
9193383650
9
3657658
580
6
737968959
81
61474157
91469
5705823
2597
17485893
5
97
841
5311169548
4396
64062914
8743
39
5313
35285
19510
6687913983
4224581
75265
7817
9
8563509
545
5
102
4327
2
62087
16247
89618087
5027741
8087919
14575058
69848
67
546
8
1233131037
82
6
88630359
106284263
2459368
820
6307
9499086259
57711
946388998
706
5890
95112
93
361
14045822
5144791691
755669064
16880
4
1670035733
30
70692928
2557912072
98724
256
81647
374
591
9572269863
934825
1633220670
218
584786106
106069
77372375
18070527
584480
4060793
9848719
468
11
8916220
94679
4
355670
945
5630
5
9
2573
5
868
547739673
7
593058
5932106
2
535262
59711
26870919
39
258
414050891
41672
231081098
42
615449
18885130
7616
51586
5103
51331103
87481
8804
92754
17546
289079
30
504682817
953945972
45395
98425
20678828
79819061
5758
398709923
44813898
537299
5468789690
45244880
290509
8866284180
2166
31979625
3965622
8477463039
5557
5352294
85466
5904924813
1
75898943
365
1
131012914
864742
66
1855
886740
83012219
53256532
2976459649
3
1321102
20
215
7
14
395604373
9
477373072
331125
782923048
7730
981343557
26571684
4778617586
448511770
861
8757636558
9
66101
74
9815
19833965
954193
62059
76
1
87800790
81262
1600571
4
412
1338
23729
238
21
58416
25713071
33152487
216487875
561553057
7
911905666
949
638490
37159
7335
835
792
5
1023260
868639
9119291053
6717
3693498055
97065457
89220909
8
816522
24
833
43845217
25
8
792
965028014
46054219
97023058
79311
423686
98
5612085
83005640
5505
2
14139598
9652846
8
70401
165479
14047916
338971
800742
962
963387
173800
51919622
973318143
62
159
81
1
79
682
5
5
3884651470
3834267
5418740
86748273
9146662062
84755454
66
1779
7142377
7
29644405
587611878
10513
8249665
437
81
384385301
288
34264540
93647
4
8560766
9816097308
2201707554
98230
540155199
1370313979
35945
8787289338
147881
6
28
482944400
5597484795
8748984
47435
90822191
26
8795951207
66901
16487
8688562345
961
1079
8
4356668
39003
3360868
32589
7472715
92056011
93117450
4
902688
69219
60454
5859
25
95
71403630
6465
429090
25195574
6271
1028923
560924658
607
47788624
46
63679566
999312484
21611412
4572579
90
6154
4
4051
6
8411884
165954070
67
37940
972309
1
95
1482456
35
398685
89002
3
758270322
5252415
33815703
820306547
632122166
34004
4327142
27
532
7
60
33819401
136276
78245559
161280
744701
942611
29
71
47151553
73845413
9
3767025
6544422255
487624893
69944166
789952144
6731142635
324982214
7
17465
344
83954751
997
8320977931
158
8784563
2795
3
50740
93333
627
367
39088
892570
9404045
456
328305401
73033897
701436
47
8
6
1202713512
473579030
83
63220951
791
23138
6712
7
7
9
448920700
2129015
9008958
70739254
47896
3
7
46114448
8
23579
31
848882
3973661
7948
21
65518
48
3
43392600
8549
232013851
76937659
8430723671
5441638476
328723
386302514
910
271
9595299588
6655192539
25486
5946
781293763
23708660
959117
82885684
586717159
99042596
5611005188
35
93131038
7
624139216
1789515
6
1210538757
901
526
73
824501788
29578
45
3110021
8358
6
7854
6
6622
64957
14550010
86134
2173648552
81
8
6
32263
5232789992
734
18042911
20
17481
2071757
8612
4
742818
10210
322
78470
3636
48803211
8
4305121
710580
64
20
815
99
89
2
38
1
9374
123855204
3828132046
42
196795
6
1727197
5614
608573063
620767000
721529
60347
6947
4435900
1814
7973207
169721434
137076
39190742
28
4499001
57777
93269
18121
4022861581
201577
41859930
86
294
82167
4272383336
7733257473
866392
9
769
60
912975
762
5503144862
5740
2089833
8
740772
3069804397
19
38332680
9
545356
6
6
6640092
505
37
23325175
7512
6934849
62743
96723
2218
79
4
811422
3
4574118849
70
96
2637385154
272256290
63779429
77
153177
31
2
46
84647
559240705
5439531
7890
9946740735
5740384664
2
265471
4664113
10081764
2
632
94518
7447815
7370
9238268650
124233625
942
7311621672
34914
3593607
916769853
31438173
87753
117830419
8284820516
3916018
516213
2295
98024969
7964
3385
1486056813
62112
7342
9525
2365
17478894
1507
8
224394587
7707650182
886
60812333
6641092726
3171
7895020635
7
5
321158
1234570242
77
360433111
187
5505793053
516470
8
28979
4869861
32014762
6871
6270
2989861541
2968
87
2600200
47
67257014
246
12475302
6
38
6177525
656414089
86
37642
3447446711
37
1
8219
17
50
76849268
66565015
84100881
96
132186
807
64
2686
3438702936
513
33
89100587
638703
66012640
7585
934004
77
912
411
74934
758985170
6
11523311
8727
293238
403356215
865130187
56
187
14180
275451081
9
613275563
298
859
663836
4634637
978096
2
1630
49079022
580
734
50062905
849
8231
864
1
1856
548782469
201156792
8312
471
63588279
864643
3743619
5859408
53
25
4760
8
72968
69
9481
30758978
45
7072832
638
48221847
199424151
9
93108310
2961
7487
299
95769158
1507
250670
826582067
393264467
960815467
220322
158
53351963
4697122
37
4789177
44
440
98
28062
1435357
926
18373
320840345
596216986
921275384
6726294
2465602
7821399908
530189595
5
84997548
29
5731132
203519
95724522
6238838
258485
6686603
813
471
99
5168552800
5898073336
771268
4371891819
7
1882
245374
75894
98571812
7
2332140766
7
88
162194671
94
29903496
2795849
974065
76922322
5087313
122607817
53
729786
586
718
97628
5441661
6984375382
73589
3019290774
7269924543
778203
7916
63
9
9868176263
261
396641
31
3803723
9669
5
398
367
44
7
76716
44
53629681
12
476
517
66810
1362678840
820
459804
6515287689
309413
3323
84953
9851322171
12691
449978
8375990395
28945164
121
38387879
19619
6
11433228
3633440
70531738
10
699
5551163
5552208717
9778946
16
89
81
1841652
4785863320
422308
862471696
1754
5118404741
4005
1181
489881
71229758
8
9
8316
54480853
153312474
8977
863597664
53
2770139336
1487177415
387
13290
83
8035
502
4751
830331856
9458382
5259941
49931
11043098
2935
41141
35706
541368779
930253
2903
74656482
55877566
9138
60
535485
70
7698699030
45188422
277645
454926152
1714734716
11925786
33
36
34
4968924542
899
5214
1914552802
4
3426072087
9117103
616835
153721
695
4813
7
41686569
4359536
165
8
2227
18
78
6248
9862669099
96933175
7676664
4877337
2758846395
55301668
63614863
5
8241014080
3
9696152
3590221951
5521
82
3
6654800
89
91
9
4864883424
32
49645987
62
13112
1481
498026
354205182
1574405
963142756
52480695
537
505
5924
193
613
6432
6623394351
7690
61565
5916624505
13214
7229339594
18682
91651
777627458
3765041
55855
129067
3123833924
60220
1112485
100523288
6927312
2287869
7
910
61955
868719124
43777931
198242
27
9197942654
848
64
9806
8046
620212
6
3502
5628
828
7279665943
11346
1595142931
14758
4352
4936
132595866
7045
3
8
4
463737686
602775
32669635
68849429
70150698
7
248
1
13252795
500
9166159575
861129677
320
473105
73652785
439
11
725
52841862
3088477
4
1207931
29
780
49
45190
4692722821
3
40264312
5266
4347741
99777826
173284
4
22
4251460692
1813859
34350013
53
515
7361187683
45111957
8509685
80839083
6192297
184
6287574358
1
94772022
2123262849
72102
3
106903
75
2
9999577
88458
45500
280
95
249623
2017929005
671547991
700298982
72
6501
6061
675
35729
8
9833059
288245
639844
90563
87397094
90967
1597893587
66318
688518
6
46598710
49
921366
266
474
83824
3153
2762017671
7463980
8161396
4005547
619185088
357056
720028
888
96735
36641547
447
7047
459
1016046
86
1619647
42
6533883
642
684911887
139473
381972777
312429237
86
26
942909361
135732
509232
4416
347142841
60590
3217
7904868
8293386
61579907
383015434
586854
9067653
72842353
61
46356314
9727
77368
28425
43419491
7
667342666
30397426
236
260
9602
607
89096006
571439
898
582
784253576
6
64
376813
913320549
728293359
712
545133
2426097
1700415382
4723666
47943
9876994086
25173
1235246846
531319
3426375
82240
4
359
1067767061
1
2650
28
62
865
65070841
3127575
9079
64940689
32169494
410263
67
642
508283593
63606355
19208252
57015
790054
59
79
4936
83559207
87
372009
5293138
42859549
593
8231748333
83036877
623434632
7825984540
648680
7305
7999
512
763
8421481200
6526030321
862634
4902
637
6
5591
339
2701219541
4803
9986193768
670
463
82845013
1
7607787
4841
8134048788
316400
749
2
2404272196
982583
66314
617
51
277155926
15398456
61
7
88870
21
919487
5495264
33930262
33
401
294120
4432652931
261722434
5672
8
505
69998558
489073230
933460
31013687
1
8
8
579
57919
645931
9452341
485459
7
730453
95
9
319
9124030
2
731119
624009996
602781
146
6844478
334
60387639
9995
18491
18546762
470
57647
1657025
12059223
36527737
202
2
654
7494
9704103
6767310669
128765
722201
752754
543011455
31140
860939
86382
616511
5414160
565209
12
7
2100503
745
1555874141
45
19141782
833
9
752442
39
15223464
3
6745
6005
912160
477567
360606
78546813
55835925
589958
8873972043
6818
5375
319204433
381300
936
7716
8633635114
729680
31463684
6
5527
63
1
628906504
2961543165
41
636
6
681
28549
798511277
78
721255
3117
396603
12349080
6
297
30939118
32022
569170
924347
1652
6325
60
5542
776719399
4341943
7
30
376815
656137
5250
3
86887
6
7774
5729092958
8950
2
424596213
23802
4461488
3772759683
917015
3199462
95
50797
8117341783
49163697
3013
799
211123748
378985
7613151
245131
19
1
9
10426
712695304
1856
379681452
8531
399
853
7731294870
908077
8659260543
723
89793
1
46152987
943
6
183
8699
39
37842023
492169
975
951743841
574666
358
73596
866304
4
86205829
60575
386
5728919
50736757
92995530
9
23340
21588204
246
26706422
649037185
126
3966909
53823
444605618
21468
1060306546
6575192504
9
9888515
688399364
9773
600
5388488
49
428
5178016251
8658275
9270091
72
4740946
2276901660
1
86810366
568
5563353
1478185
7
36
929
253297988
8713
45541522
31931251
8661264
742
3090
741152517
8000514
82
482
30540
5608
460649188
25873
7
655843175
18
8631
3343005003
450446
832
982792982
49
212208450
814
55
9922
2909436
383629093
763203960
1938842131
7624870085
459259308
2809088
89085418
84582
386
44255
66584
58
4474306
360944
87
958086573
20822229
6547549
3
76587
771
672417263
36871708
184645471
644
3695067
7
6
45961660
752995345
6149269
97042051
263621306
996159818
336749025
13
982913424
45039
9468191
99019062
5
54802
225010
537652510
6008
12506
73324100
24547
10231485
2805
665899
800
6488777
69
282577021
461424
90542061
547
787463
59981156
8324907
4068453
1011
3408
96
7149468440
38706
4
84330
1990
387726489
8042
5118839249
3
6469529
8
810491848
154
89
281
60341
8585
9
312967271
452
5674663
2
14005684
10754717
22619306
90
35608
1980
577
85858
826131
677
8
34105
13680
23487
2972
59617066
4
39125
636517
3865
6656819377
522275373
123635
307412
4569700405
936954083
4482137
69
809252539
84880
358011012
4
842
141073
7478943
2238
1
82
76
9029038883
89099124
1333358876
485
38
5
969389571
915788818
4840
1404018119
3631639
4461242349
82686008
97096424
4881016627
9808385
5060370
8
5816419
356761162
59840280
539552
54
142
1
618014099
78
3444891
17
49975
427297031
42975800
526035
6577
77203
48
21105
3
71825414
6984021214
2763945577
68548068
7
864
45462709
64484
863863
17476
1
3509533
7942140
825
95
4102732612
223
66
187549080
6176700969
790635217
2142450409
9311537
40846
61986
470
559
769882
1317392
9
1071
11138
49686915
6
76385
652
5917
83845399
4067
9
557889
4925
36
5163
9341053
176729
3449136570
8
54
640
39833228
8501964
522
4705165
8933429
412588
374279468
72
48669794
3130
377829
4
293556
64
5362744245
9173872936
862
56286
6
21
6
919
989774911
8968
8806
6
7513
92430
718649803
87953939
84
52680
44389
57749
19841772
19867539
14237152
5
784
8452355
267198065
1577
984861763
285563622
7
1366
512
8554
44742387
507800
84540
379
19438951
215123340
159846552
603609182
140
372969
30733
7
57
4784522295
548544
754146
42595528
4931788167
3054926
958875107
37
23084
3
72537
3655413384
207
52
25210
612
937366439
953846
2152874643
5412812
96992915
6708143122
430811
8
47
9556
5481498141
3250
43363968
186295225
7673815
735938
1820
3533099
37
16942514
526
5381306606
42455773
24009
2140068
6453
474
58780273
75058335
16370
846445
4
7123697
652526
6
555851753
510
724
4792661
5784040
167337
2282952
8705
759
345
809
607563064
669
50086
8676
6665060015
17906911
256
508485723
739414
325
5521811
6
7
363
6081139388
387
62
53704932
67008
26
8
7
4
739
900320373
79954
249740
2
7
3894
34
3613544083
97934
2092
85896170
4
94150567
9762
6
375775844
274
85320843
358282
981600659
16588
6354
5921753286
4111620
505
590470654
7
639
4133610483
2431120
1
53133477
4
2909007659
51
43432289
174339903
17140
8
2415
10
357577229
9
3056
9358757185
758667
3797
198633418
640
56676778
18297311
552145
1358
84
5699
277725
8523
5413659
1462043690
705367292
47
33
24707
14
344934
8823168338
1112
558
353172218
74
22
559010
8731085
627
120929679
891
7689
23607
79471
697824942
606
771362264
49
2857998
9299876563
965
879
8596
8956698453
1204057112
319
760
2
302625486
7
77
3868569
77234
26840
7429054
862
9300520
35653618
7336656
83
3819422
75265434
9678
37463
6601429
78725
9
572293378
77972300
63
7369
61887
455
9
45
3792
77
2560
8900
9080980
30615354
15979
48875
5164748
8765333
36247
81
3763226
82381
1552
2
543
5715343996
24011076
51398
275
75596461
98031377
3516276
71951
646
1
602781700
648
2108547
76837
7735659
591
53193
77376933
719592
30436613
30
4023894977
8
5103
983
70017105
1
7305628
40483932
5205
615768790
298806727
83888
88667570
50439
475267804
850
887
210
1093250154
7
2
3799852652
9
8317212
61959197
5
6
78526458
6439
6342
25759935
904932528
2
556652
260535
21589677
161519731
1071
91
8330
652710
86598
57
7
80748033
2641927747
35
2249275633
940326640
6650772166
171634
18821928
5
7352445565
2329769
6717812
2
437432
9965750621
9110
20835
187073
151042096
627675722
202
476726112
57482
337692368
66
2626329097
41044
1028264125
77189792
5461470512
77963484
901583119
973627083
6
7810
25697007
41216775
849880033
663
135
4613
8465
5
1618993820
833384
795249402
8095391
960558
5079191579
1
5
2
19564
76
73788390
5069
583
1301123
18690524
6446
61359
5961045580
420521
9
837
66862464
3
1
1
5130151552
5
6567
89
647632
73870
5087598
627548
8838620
811446
5837218856
5810851
617794901
133
3799
4092206
7941498631
9873008
7919650
824
4225170
4786948
82510
860216463
194534942
7999
5529247121
396716
50
844
3140
76021
12752344
70450
1
1811
2602
2243655239
76819
2
4839
36746264
306835632
24
9259940
1754
5
931
3
54622473
592786081
289740
6
29983
3
8
337473584
902044
9153359
136
384
2859664
40529
452
69
5778819
9299248951
6
69285
649945
52104103
52779232
4
652789017
897500
814390
74842
4
708
5025654565
32534973
463240
3857782553
86385
5
950
9399356
710770152
87
33
1964642869
23942
77509
6637622869
67
3646357
83639067
5
213224715
1
87662891
731734
9
36293835
6415
167540
3
250520
2430
5
2348
945
158454
851543
64061170
6194575342
3334499
40
11
60836872
6
96343176
57
38946227
55667
7353
91670
5678543422
90
576676578
9
4
510
61785966
688380
6999126704
45
183
382
6697
3764185
4106
6043025
62492519
57904686
4047956
576
534
554908
755
2
5140183279
1279
20
184234842
88133618
30474004
17
2921
674
725187
97195
9
49264687
6203347
59807816
43
2401158
7
2231742
71701
675716
27558671
1117
2
1868615
189081
244904
52
7838848
38695
61
611798716
4
6345412228
14741011
323649759
9375519386
76711720
289229933
216
44694
26
49761
3160739
2564495042
925647751
636882647
87899
62367809
1697607
980002659
34580
15665
76
4
6366802
409324793
88
3
349
9612677583
422321098
28266038
704286249
934618033
32721
303367
47
473458
8913
630
264282
12
8
9335508
1405634
9718796063
8798435813
86207
3
26
24012
48656358
687321
9
46
1
556030562
3425239072
29780232
39505
4532
8478947
144013986
7
1586
700866
4281363
57385009
39796
18725395
9118
5911225310
426605
88058
48075675
7
62
4841695
855649256
75
43
94
53649
7
7292182397
277194
9035550
5542277183
1100626763
4153970778
76
223560544
80
981
43989128
56
622891026
4643
30
2011630
7744654574
537021102
8897366485
56
7432257824
76
316687182
5846400
3368968770
8756638822
741487445
510
959069347
30514301
8046
968
2824
9236578
91295569
9
22153
345
85618
71
4
78347399
22
358108
832820
371061
255672
30
61860
177280412
4151
9
5104
5
714955
97
7
5662425
73130608
3161
8929
530179945
22786091
509
22119
1
5
5748770958
4
94931
8705810463
8245
58
17278620
976914
25
5474142
429457
9325
1638109324
4
9
7
2860332
1648
935
59
732
7405
9868
51134377
443649
9743049093
9554938
68
80905135
881635
5785
423197
379854
8615
95
40
8432986113
526762
35728864
542819
908833186
65719132
1032855504
185
9189
488
4804144028
9612
48325574
74
699709
46273
7
450805900
8274328
325
235752282
87772
859346
4393600
7030881924
6
2862165
3072412060
117281339
2
1
6314
643
459855
271676541
2078511515
136662307
46426863
3
849290
81437942
334
8
3371
7901
995
1991791098
58110
1
3964718
31
190
674
71238241
58650
79478
124
3
10301
2074495392
5
900073
382894
1947
752780145
3
64051
53
80784619
407576
673887694
4191809596
8979105
788410490
47
1372
957821
740
41068799
4
3
78454807
906260
5142423158
8455645
50
66793
7937
94767093
6960205
249236
1597377664
37
7299421291
87114
4784
940
1
15697542
365769
7456
20663576
66558
4307
372837587
83
8378
7
28054797
50215702
32
12
1087
2765
2215780
4270
536574
512764419
7586822886
5
4992082820
24553243
696101
901740673
897381418
9753730
117320160
4
4950969777
892
4476395
672
6712
45443
75047
52492
9474902
946918
61913817
9983
6250077
3
99
9465
9
760706
4882235221
22101
1920106
8387959927
6136
59352
49259
7128301005
9514371909
3754133211
42234
19
96902784
759179
894
9278171
8335630613
9096578987
5425
8958724766
7159311
914
1687107155
15323905
815604
71789
64
722513582
892342
778505625
74754322
87953
75819
33
84
946
571461751
80905
43
191
52073
4627703915
819399746
9666
986
17012574
48277808
3808587
127600348
74
59618
26
6083581058
54059
83133230
3
8225739423
61558442
58177691
646
6453180
768
3046100
2161679439
84
37
17
6926371
4162
1
744993154
766186664
41634
292573983
140435853
939169
3143
5865
92133344
1
32
90318028
5721
653
356424
2917677
18125
4313165030
68965370
3909768
8379608
75619
11231912
66
5
85
4339
60690
58462269
242
24219363
17
7982
671
8857490
92013
1609239
20
51629112
3844770533
348
9755527
190646205
276150
648299
9446634
643022751
2
6726
460589104
155293
506497
6590641
486086013
7674756
10
82173723
59890743
16825
1548159
64
929783
85230
125149
5
15547
8046
3434840
89170765
9598356
8764
286
1595058
297635898
97825990
5
3786388536
88
8684
19164
4886
6680
471171748
482779519
7085667430
2194924332
85
126
73
2146
48
17943067
843819489
896120870
97646
927
9
8876121776
197
9
533
46043579
354992654
13830958
264010
36207
28570
856
4090160943
250
67405019
81732431
997
30
71
8953760350
34
19813876
82
79857972
70
922194
101656
186232323
223631511
95
4206
94
7
817758
1574183
7689449
9899597
392
21
9321119
3077
6174207207
6
359523
170405
5493672
4498523716
141240
7
1867037428
73434850
90
23278
653718516
9781
104876326
42513
9
225
720647
284513
7
25078
2627
82294
911189238
53
807109316
2850687954
533
731930
7400119961
3422
84372323
273099699
8536965
52449922
87120939
1904804
6637
35394
45045516
230257
97573
9
22
319130766
9957358
298580831
418
910786
31
3853720089
465
8846988580
262041901
38164249
596020
29807838
7981347
13
726119003
697318613
928449275
1182
20837
636767322
2
326849
2
85147
406609629
5987793980
8260870
9367737
6865847
97
1
3989257757
4501
67624
43702
3964
35
37329370
67745
65149903
946454504
36964957
3578
41114621
7665
63696508
71
611877
432147
591638233
995930776
1
94
321
5495901
7851500
4381250298
735
145300
215
504721106
711775
172638
17
9
2810596650
621941
565194
8052909
88
213
9717
4
347625
3301699122
1994438
37383824
375
42769
7850692
36
2391
694277841
50790
7647788
18655
340593200
20303666
80224
689419021
68140
35655
2
5
696
54
24720716
51069238
6829612044
54627829
5692633
10
864052
70005
3577255
7626165
48971
40826333
815
5951
5344
2
75
6664547
98586772
11679164
58
66553772
6803
881
5897482713
52100
43571239
825276537
331116608
8692
9956
7
565633442
4071481156
861
91254148
60123
6812120853
81879
2498789069
2
118
417871
925
756
5
54
52327237
2097
2435639
43674733
27445
9627002
7
8
9
49643314
7168
50952
3584678
9361567038
9483975
7788273
30778079
3368
9829531197
15609949
6403358
397
87618418
958
586095778
6022164244
5938465
6686457
3964
38825752
47
9388482594
98
4622847
53954
37
681172110
29979520
35192
62222
5226444929
7548309138
69647139
804462
2
534060269
7213191
8978
40
396
81006274
4255
66
4117367766
82375
589711
67
84973400
9260589
133650
7514453
37372
710
570531141
7
91793
568
39
29
749784
3
632
101
795683
7
9632848
888466
483
84412182
5251336
832001
5979
8671
33164273
480
88
28334765
46
72730119
2513564
75775913
5061657577
7
3325
9307907028
671790813
4922230523
9833039032
7578476827
745126279
48
398550
265654
194247170
647196
7727446597
3705
955
826359
6566464
144601
92
1
60
476
77145
581394493
15096
8065
4
5853656
364070402
806780
3459263
697512
17786
410423788
103
884
31953
8
6751894
704236841
1
7
79882
895838
6917639928
7988666442
45469
389
583472834
3175
6771
2503
3958
238326
69760502
6256865396
606952116
4950
56334283
73
6207784619
266567215
435
33581549
1
2509025
6319107545
28
8728502197
7334425
1
2446204284
49
6
501751
778
33252
780
413
52655
596613
6
981
7077
5065
8908278042
44177533
4689469787
28538226
5244768
12935780
9116
3311680
84389119
38904
285191853
8003138077
2961519691
526071
940626
8253916805
54
5202
1358513
5533160765
17
3504
317254850
949053
4279263
339997251
6
57
378924273
9879348
2471159753
4735882793
70937083
26645
672975
57
8
58775
90310740
9
80310
269810
476
8811
755
49743990
24
217002101
9985279
10
584496
8
488570930
924576
28528803
55
302
945
85421
81
52
788741
1418112
709656
1611741527
793370
5
16141
44292915
70
410
573196
7062
491
128799
6320418831
4886753
62
650
72960
705961894
794439
36841
348380508
33665364
434409610
5532992
721323
83
1711424951
1
63135
250
335
7662253726
3054
140511989
6159884276
9187953
8482
58749756
406
2273
705
54
7802
415520
853
9858947
6170572991
41
70671
86
73146891
5499850068
78
1182
41
7287961749
41533
706932044
810645
169127234
5270771733
479452726
9199
13
8458315213
89156
4364
526677719
4465
33212
867095995
241
627
99802
68233428
8985
48754
939659534
8689
2691
4541172
730306
2827
3950899
8
4
491
30829984
70905348
3322
1
25
4
54033686
16846741
420590
368
3148762072
475
5
7615
8700848
300926210
5920687
5
7228
389418
31
29850245
47169615
8840
63338682
34286652
162511
979
5726663
2
16
7764794229
718
108108
24914154
6590997
182
68870326
6749519186
57659354
332649
25288038
5529147
986244
5
56792666
4067622
69053175
8
38757254
3900
5
146704830
614996
873594358
247684041
950
93625
438511321
41092193
8630514
12614649
6
160813
40
522
64029
6
59254
1091915
1183974
923092862
4534058
700
4794351
3286621
35023
263377
2708832
8384
7
399874
540317212
9
20
3
54232672
1009546
7168315
3406269269
9
3831
60193
7820
60474345
87
283
757517
491
2478565
27512
7521930
37027537
2411
6079047741
1
366
1758
6
141384
729393126
73975140
3353193155
214741
478
5
2
135487189
65597
1725044
854490
955169940
7707437
845629
358479240
7
6946108324
2246678835
274497944
242
3
62225
26
69325800
345544959
7122168387
178
3446870
543786
67
841392502
765975237
8203
82
6
83942490
33
43684
664
340601
4219387
724595
58687793
3
946819733
2282
904764020
180226459
38119
71960601
9506033
4445748
39701
9
3
8110978084
62
68752
97212
5
4236103
448939324
65593
75
566280773
835153789
450927
23926
3203035163
41
26378853
732
849950
951
721
1952803314
92
51718
9900714
746
927028049
7525
5
43589
689693595
1218693
1591
24690750
19585
389165330
74156
646824279
611
391
997
86822
361523235
366
61
81682
6246121
28849472
2
91229681
27
3
5475
9652447394
229925235
57718609
919
4458149
9510620
869588
919
4
176950005
57388498
842109
4046
68737
897131
391065
113
289
1433193117
2522794213
362110
593094
54231
857878
27928399
95
82
232632837
7523284867
866923185
5
9698375347
56369639
9450063907
416869638
21
50370739
666025
19
1891976800
221561
9938
613804572
989722140
9259089
80
84997736
60
173001
967
63546390
9229
151265894
7797647
2
117389
381869682
4005899
656365795
476224
7
324092492
49603
810666
85447020
59493
52621029
1479050520
78366167
15960594
52
943500256
699460
2
7270136662
69419303
617594
893
49
48497650
33871187
6
2892217667
4
351140561
1
42
1976676226
9129753425
5113182
9842305091
101
818268855
31215353
112
2088499623
89
508352
654970
128
92914433
4731190452
97314
8383919
81518
5811
88841
644968986
69021479
79672874
321895
745990
38577
371
354155239
4759484
2212099095
71949681
7610856
43857
85944355
737023
46
73010357
473159
928679975
8
41
81
486052
73
62990
6624721
62807617
3057
8465
54478679
61475
82125957
90043
162973
325926
539
980662
9
59401592
501
298112
3424131966
1675929848
24373136
3404737644
58554386
633
1091
20
547929
532539301
2276984
121
4209437100
4
5531877
74418490
61362227
7685218051
6653651665
26318
7256178
5497
643528
3
66
94650
26957
299280
29757355
71098
1431231
223871451
4893
5879
3053912980
4531725110
1543796
2428460
1
6
2321
2234272
854194277
91325
516918076
53091666
3476
1774759
32
6503
89533
3089133996
40208
32225
6206067488
2638662
29193474
390960659
7
4496196
98
99908
309729720
433121
6
189717
9
419901590
5867060
89
2764485147
98
65
39
4895
3
9726050
57746325
4878054254
1135920
83
52
9679992734
7
7147457
1685207
75072856
9834
659974127
11
9
524480002
3184103
429
8301
782
12489788
5806
35
55
9518
1
84
13615
91
7904203
45001
9564
40379442
53577
90
3022880618
52
14
47582
3338554
206
6
645389488
9269
5
1447920754
818524
75
579
77769
2130485223
53574
461292
816
261
61
48
27
3460
781
6665912
9477816291
199711682
5683434497
4992210632
201712
9
745
9725138
51
4835
3127225950
46367
78
5008964
5
478
96
65744
122959
94235
70
4284
92043763
7237
390806
870515
7
5433564
838692
23495964
428970
51540
99
9966865
159200
6255932
125808420
903767
740004745
16084202
6026
495
9183
767
447
599973421
9287125
1547083
9472355
246
3628855
3716339930
8
3052697
246165
431037186
103838
670077
42
55
4864
55202
2
6271162
42
623691329
654467
5
557
42806
1688041952
27027
18
28
1274301
3
989827287
43853
1122
91559
66949
9725183430
3
69644825
236431452
954856240
2236202423
3903
7848212
4685
8278458525
66867096
4
302566568
808828694
1885
40
65058352
9
9
81129
588
915
9485214
881
35
3401154790
7536
4521776
807410
463937379
8850502137
29468
6
133614
4
5351
638940327
8926338145
305
933811627
3
418368321
67089863
76619
986177
1
53903565
981979
1
4009843515
9053
66576835
16685
36351
6652034888
23808249
2278497
6
6
47230931
5577959
6061
182265
76081608
31168910
836
506212131
4919660
172204232
21730
3282908
270
982044862
32316077
8
9837577412
6962510703
67
974644
32177
90956
104
881
41519
6981233
1811131
877
2475
73037512
3
582290246
37
8928919
73923693
270333
7
4774
606749199
4208501274
750545
7
7381616394
66165
551726160
4693987
3448956954
17765
6
83
63287
7259
9118
4219632
3783
251
10610343
598
35
812
6831722
498605407
117580638
90
404431
4444435559
614703
7
186954
2125274
6
84
31
9444
2892931384
7180029
99
1622016500
8232618
99490046
5791749
6
96378547
8908467845
165149113
8
1608292
39
5650
931865
81109508
69339
8
58
5867
5
7841943
623014743
65828802
397048377
8056570181
7
961940127
889215402
6
1484
52
751233
67584
21678
41246
822205295
8173772850
74461
5248295
25463669
9741589
6337992
4
967841430
81783
7
40850
4434866
6347
22588
4773161
28761141
7051832
9182818103
2230
217162
876
7
62
697
700116
6771
177
2166888715
6191
5
2804
1988
47595
585918
821207
2
7868026
582055
399
769
223378
4059786333
83
678591698
1420664
4
353401
828325548
6586404
98363358
61625634
8809
456115
481917371
35327
8
297875429
46605
8164
92754
4
856736
75
841055850
746279
354676999
63347
8266772778
6954
40
4045864
8
22
4629
6
7
7733802433
5523618824
457627
11370678
109344631
47691954
955
31
1733670860
3
9848
438659631
7099382
37721117
69928384
6671
882
4854
79758
4608
63
6440799
895689
9305223493
61771393
9
3619605283
5580
13044602
537329220
2653051102
4835
9232875
17256
12901
4893
543857
77707875
4513
64835
1644
8
33423
2193325
35941
20225593
7
38330
13
3682
8666
66764
8584
73799689
12365803
665953
6
7867014
52182277
4995
18
2203474310
796216792
8
6331
301607558
4320328084
109042349
320
58539450
935742327
8705574871
4892050
869718235
89029430
45324
5779472905
6985
8334
713
8471329322
2432134
57019
9908643
478854
2229
13573842
290425164
3569859
4501863
222
880015
547752
6933119983
41
8387
74866118
514636
104385
4550
73321
6174
16
3880
15890
3176
28101080
5882424601
8436893
359
34
88382131
65
402063460
376020
5
6583869
8
5709589507
94
89
72
93
877268
28331
543086843
1592292712
2822
8357749
49
7361
717
11
84
264873
8
983
6248137865
2403
68986855
7
715957716
4528322
88179532
82
4707573
9
69411
838
4068999
34
813883821
20020852
97
58105
3
85
3667
5636853595
5480020708
63719
23
8952
6217200
5749829
3501541930
88
651
14576757
2194047
4046183009
1910
2
671233
69689
555525
796
5361189361
5071
4879130518
4
8406943277
65482565
179
340100
1081
58767568
449
84081
1
97547640
360529
5834279896
73
2886875996
1975472056
4864090292
9025642
3
7522246
352
6734642357
619
29541
2428279708
90861
49897
66690510
71228
95299008
9934
6001849
616946
828204
3956
62476227
795638858
3
537735
298129
324229878
70371544
900735
146
95210
870
633675
56
492732111
659260614
654702848
28811052
3978982417
8609
1532904
129944644
665723
1
49699591
33
33016
13094686
79221
8170
327099
7197
641861680
8
4991
4015
92871495
2
4734462
958064
8473
237
233
8227748709
28120
550636971
18
50
97841
59
26
776
8917890575
12
6771
36882
679980
23
703
32506
2276814573
8309182723
7006535276
258886947
10664
817638
82124
557481171
1703
68
40
54310772
513
797718743
868
670063
964
72483
6
29
27066960
1
48
894493
42422464
2411124081
6
26
324843
51980492
156457849
4
4
706688
9432101
34739396
6556121
1292
499299
49615201
7
8941829738
62085967
6444
635382759
6467
7795469
54
24561397
9
5
7160918685
15016
3933759
851161607
43951597
561662700
4033452818
471260798
2
5862924
61131923
619576695
7
7246
96
3223222441
1196
2226479
8
907449
900
707949
5
4
83
634162
6048
9
1714900
14696990
479
412933
1323
4802332090
338343
223
52
5686134
338
786
5642206405
3838990874
271816972
4405827199
37
43
1612236438
424694
37389987
2161
3327596
529542
891
320
9277876
55057000
877661673
44
2100412
6299547790
1
21
771418
28
5184012
121
3865385706
7221812332
501955773
784
660
5072
511316
209
849561
9424638478
264
63183582
7817539566
9425917
3671
7689
57
84
8449
9198114857
2675514461
6
119331641
2
17
7101734
66
88619
1918314871
76
87978
32
2402156302
38873
512805
1920754
747
55
78540841
6877269
7012231997
25518377
39
779039
7
8744033
94205035
543778360
7
7
490939
339499
121032514
46271278
863
4297667389
34592
49
8437
90
291803649
30285430
749204
8003
81488875
5447106529
820875324
49769732
3922
1400
2995032
780041553
4697
1621
896773220
341676
286
784388303
62326187
5695
8102038153
106
41699439
1
65
4437981670
858
901012614
79578
839
507310
3465026998
4654445391
4371027191
9
92
5478062615
912
711152711
667146
77266539
80837985
5
906329
19965
2936357
6478
4626
77
4647780556
598312
6648837
9848788
55538810
110962
6750
4985049451
3341
425
933
11774712
6
89519
83
66
744
76748012
99749492
96
7
568
907663327
34365894
161553145
19243
992
94
53572607
170967320
2151434
639722
4857
236678
710510925
4366
6070
667600
413652925
491
79117
6068628530
55554
474
5710018
895
441
495
28142
7948843814
138
5722271
4
90212
26021
2785281
96
2
72
58221778
914
924372555
8523691
741843
6332
6
3
120168194
408867203
196272455
9
195751000
13821786
597166888
1565263658
3194
774199
8757024836
4
6135
630
5964903
355848981
7474
482301
1898
966599
792760
1514690959
57941484
791831625
1539766
78202918
3
2958266808
5922
736843
72243
716991686
286
7454
442815
213926377
3140005059
472
9
822
39
5
14864
162
24223
9620757274
4478909914
6262677699
27
745
1
43757963
554160116
920041
642439
15
34293599
1171735
308312032
180143
867
4321739
214116
1158899467
284
541
8
39
1663
48930821
83752653
31335193
9399205325
103318227
87
164
222
1663887
67
644
6709707
34
753518
439060636
56232
1274229
463228628
368855
85
2
387
88017072
6
297447833
8805613568
80247608
85845
790882896
945372
300873
390480
880458
107738983
23336
8455
91275134
572119
787
1342
394666856
44996775
36885838
6008561
4
4392
885070706
383660
4463857721
8849924310
5
2983143
9145
50598715
64515236
8899
65689892
258
104
471846
125854
982
187311
247
72437
9004008
86456
42656
115413
24192638
1074536
5
20501571
95
979
23
72471079
218842737
2940
8
79
5815
18
30918745
2857641559
20045709
170
742182
8
67010878
765642
9985727
4
3093840
2376
82
78
28
91675
89043980
771928779
6151963
9
69
9
4338214
53202
97041411
9
8966858
36
37770
15508016
13520
355336169
8
8972876
679701
26689969
9921929524
8278278580
61
23
4101843
863864
1016342364
671459
347983
6532294
83686382
914
7171
667963945
37045
8653
77290
32
1529228685
89
55
789309
30486
1239374884
4244880
74
8388
1382512
3697385631
74979605
2776
387707514
49310382
90702
84
1
85910
345136
2077224
736725105
4
913074144
606
42
6604579
72054558
9740112
728548
1707717
664
159498271
471209564
10074
219885
247142
7
755954470
14
8534752200
71673
2
51397
4994081
59260
7904
8
10
25
45385154
48150
9
229138
91
1335420328
8293896
9
1
169306
4322571588
9788352
8221831025
369253328
9
8059
187
4382
574231239
8
4441490
95
144
524508859
17400559
531
8474907
9617930
817240612
986444
467586977
96634891
554
2
6205
180371
862
6934147428
458128105
58
48
50
2446
282
98146
229705
44209972
5660403195
53
36
14
4018385
5605719
1563761
11361
679675427
9
7235
240687193
42
619973
52717
2465
64
64453082
92
798595
4968382
3
64
4025540
50613
99
842115
7
592616605
584
714283824
935705
281709040
95884632
19
6718148724
5718024003
28
66
6696
19
6
893952
42
911
894614655
7743
947019553
411
3091
3557227
9
93155652
10220983
91
460732993
809632
9644
39622980
879
1
84193
73647425
1114694
3443621
149847122
636203
783
38612763
82664
4043489687
942027665
5703171
8
6373802015
3847663953
77
187
8642152895
220
632172
91
774906974
83282
548
527
3657742
38897
1287431
17
709824
550
591
2092278
5618611
102736719
67965
2994134
64821755
338344811
54093258
3258320
7
32705
181633570
5
977
586751778
462360
619757657
395
9239342961
4833237
8
538
79226
15
248
637816
8325297
4
492594
3532755
7971762344
9187
5434106
2
6
1898301
4794871409
86
72209760
7902
84945
5512749
45849339
6
87617152
5664208
335
598175316
490
591512796
7950464941
511279
1704230763
627873066
6123317
146347
5118240
4211621614
453
497400
9857156322
627
21933960
3619528966
8189
2820
9372818
876
319
729
461173
78
6518150
37871
6
9746537
8336596222
19
774427
4985781051
6
37456
54
3644
4
5683805
458231
93918634
404876934
8
28168
715993
7302052098
93
321066447
7
6050
57
36
461
805746684
1
5616258888
818491
224582
4348
733
96858
606
685017
38582
978
8
19
61641
93
44955
5552
4396
3458874
335291928
282712
7086781848
24118918
509861
324924022
8
30
40408
641481
6548398622
37724862
30
82319
9724487
1454
1315566286
6
916595
566254545
8701372
68706
4499553635
6718623212
3
7933383227
140584
7803850421
9822
1319445
89
732530577
44193102
888271179
274104440
9
51076354
68917
356
624640005
561738
9219479
9728
8360186
38121
94
770452
8
9734
4849
31835349
36
41
7458
881652
736233
3921464
684387
764875209
36377
7272912
5863011713
69641
88
77129
217485
1
9
85292
82706
573748826
6998600027
3
2840294675
23422296
99864188
9633
9
77782
284691869
5079147324
40802148
3884645
8
1
756
4914807960
59864605
5988549101
801916524
1223599
36
8149
89
15
846038316
173038
795178897
3
8801527301
6100743758
8171353
14
16241366
56533
3
7729
65582544
88617
5977
413
6100545
6940
4
8640040
9
620
9837601311
102199
297670
97393
45297368
12
4061
1469286
8
620
7302548228
289043708
80514
5406662182
107348
735686168
14816
68317041
704
59319
2543017
233
51582066
4310772
199
7598739795
36690033
8789474
7220062
564018599
33650075
3565
817697
482
38
4783
644636017
9828320996
19
385
59
68234
371490
7825597
828509785
85665
7
18505
652853577
42
2
4
191779
2109
280923492
604105517
1409206
12643519
5
3
9
9484171276
4955
1792141
2
8479
174443
893
720327015
8159
9313
849423059
77013503
93971
6987395
17669
7
94597
2042209
571758518
84
396
6678759137
716275794
629530
3539188139
118475
60899
713080
61039
8999966
14261153
9382890
7
6492470755
24264
9736
1407
12
6191
2869306933
5688401
255825003
6780364681
8059
7672415843
391
61571765
439198
522
1084688
5749
408182519
8993195
169068
58872724
7270506
5
718
80535206
3610849
58
76
60
290
7415606
85295614
867332895
3792
84
425
95
563303
89822524
51536
90407
1
44473
5691305614
37150
401062
4626882101
8195
36871297
573
6322307925
390597923
662
6985171332
1739157
33433
8738568673
7523404
7964
898126
2345685
18144491
88321505
1
5378919
703207
2
911
6495
6624
567382
445483883
7822
76040
58672
31
52
9078
1682
831
3
214852
665596695
5060453859
2
6678
599641645
9
95
108956456
1607625
6
24
32357898
546
358213862
788516910
75
46772773
29091846
2479
91
9891
7160
924974
3702575
86309269
488293
234
2594044958
441089966
78291355
414199
2203881915
12352
725
608892296
26637
284719
31888574
36876
1255
872
9638
6005
623175
418
375731434
5
2209749
878120
90247410
1154
216171
155109760
704202143
3
448
28
1
9
114488854
29882762
69
898797
313052
27798
44583126
199
3
533
6735489
9
1
2911438
121150695
803
54
768
9467
117
6862200
811571810
27810394
48
55802
74327052
18768
3744
139
7713192
544
39237
643
5765613625
811454
6274
789754
717032
333090723
916264
760650
711160926
821041441
597850856
8865659123
99193
3463325841
786
8
5666
8
117674496
7613766
894152874
58057
352
999237346
36899240
723226639
273328675
79284100
3726
580452928
242
7
8794
792834035
4751875
35468
627
46646
34946
52
617
85553229
69
80417
30
9
440
9886
120
385
914355038
73
514243
106
8002
5
2462424
2
1931828
6811
235
21
8
8
48
4
532514200
3039815
393105794
2
234195995
8657904
751905
1753
2541506
412614370
85410511
2188865
8
542837
9537
85459041
72161380
410592526
471
83
2367
644
45320
6264605
35072
27457747
438
283359
2560621
976504784
288
5167664707
949864
2326035915
9693347079
74451
11972168
499
111938163
9322233619
16
5866477
6
2675564633
7699
37
608422240
59
5122354
99123
370
55
6410
714412
4
9
619
5
6380088
711477319
9248233
365071
8654579700
9386624164
9792617808
4151
815323
8
5558
5690
6687290
95160
18
5
35
943048
3073258
18820
281967
4777481649
31
314341
2
9036698
96755166
778905857
113653
5
6842496
1396499803
523
16439
274
598
963585
3163241060
378130
230268438
869
9542340
734
929
7
67171234
79851
30
4410925072
227832
11184078
8667
75882753
7486627
1969312912
61662064
58074328
61799
749
8577767133
634818
5215
48
6268469986
454166
4
22191
6696823717
462
846041016
94846852
911
20071
4
204493
289609
3034
156645604
89316
8
84737717
7963642154
1277
4
64929
721289711
3176118212
32068211
8
5021492
47214
302429
79
873416696
308
6
899983737
151482
7228607
2
739052
453919
2711306260
488411
38602
64364
9
2199173
24659
3
992700133
7876
439184536
4
269822767
1273568
2623500
5005655450
79815
548446
3
6724689
72376435
11653
8864
882885
6110
85
295921
45070241
27410
3838061192
880993507
9886399406
510593
1
3438969
3456309674
9785905
64837
6466125764
47146748
888
237364
36567973
2672
8253
8111458898
430
4
881484569
53863844
153835
7892
42521632
9134004581
39689
699265036
45
9
44428
849
6
362259947
77
8918655
8162
4
14
249593705
3
93864
587
691722874
2019
9
1607376338
70
2
399
74670156
904283
8
20
4
4336641
37
5003749183
3
3803
59
77517
148372
8221594013
71418586
26280
28537240
3204835
66635032
916
6228486935
10606
34259972
95232
5245032
51591
403998020
668380
892866
893452
82959
8153
923966819
5706951396
3256
64426608
1
266696958
4
643534
7156519
30827394
3378257516
29064
6066
537355
9
435342
23666
6255523216
79
324
9605
447104
9282068
842894
19
91266
59531
6212122134
5178
14
51
792611
9759
5
6201544
698719
1685060074
26138263
489287336
3594474
24161382
1007
39
9800079826
9060956
269
94
52387880
693043795
445264233
96
802968
9796470161
5420
942302
7839686645
97
7425695513
38320356
5093063
92593070
5246208134
2954884864
23
9
1
124436
99859
8373
1
7455119
88
94
2854
72022
725944
891
2609610575
200
559604776
819368
258
4312
230042418
514133881
160299
1832975820
1
9621067
1845
72444613
6950045
3828
84904651
1542816693
13
87575419
9
6967
1088
9296
18061509
344946
291
7928
917222378
7
7397170
6166
28678
58
194005
897042696
35431
67
776
13747733
506
1
3
9
1067
386
26935342
3776296
2636703394
5
6233092292
49263
79033
9464884
8468944880
1060466
432252
8
72321
908
4924087
354
4586801
2945
280207
860752
10322
99287993
70926383
36364
8408
2
64391
99094
416468689
2173284448
4243923
600570030
61820014
728
502231
344186322
94780469
1935635
109
5247413522
64129
45
7
23017445
8232461
2634078
9878
834776
30058
1
3
804596
27506762
9922842
154785063
1009430732
54078
53080
65403
76444
55671
335516
750
91164
784747
41987
571723
2982
2992724080
7
4
1246473313
18
7398920594
19
44768
94666258
7096
39586755
56462747
923603
29830478
653081
4980
98784989
6492
8
2049
565157445
738850
7349016
175091569
739603339
6500681877
4189
795
7463
6106356
520
425228
68
199029863
4
4516775
2815
350
39448928
1587460987
80087
7
2194732330
20565
9489
5565145
23
4803
37
4
997
9516526625
6352870580
82329440
82
987
1
43956
399537
87
372
426705
587036
70
9226503332
32
5649411971
92
53625
689781
84514
7
7874641
65
887
1685
9855155802
76223
72
79448
9773
5562
264
579
6863
9328631
12069
596
3160
9606524
5183
7295689083
8000
1568978620
9
4
87
466298
7605799
738193
616
874969
517130635
56060587
6951007
3834409
8034707621
96086006
6715838011
5001955
85634
8282
7101
8338518
300
153546587
1325882821
26574779
6969511
588072566
682211040
4705811
85778829
6
7064836206
5591902913
237409
9
1124370978
41921650
76007
5
85
715956597
8
3089737020
1
2
9
6880796936
830
2512
1616352211
5110543
5
1415
785280
54
4847438598
87
2
3
6594185688
4497
681871595
5445266142
6
20309
4909266475
344827288
9101
90537
71059580
6464679039
5487010433
9
43626
63833616
71415
3794
4431
918077397
6540
150392018
32
90694763
768500288
959
842304
141
7183332
4595
3655226
3
697048671
291697801
3315
1947
2674
190803
6522249548
1687
709183
1757
81
66953
2614
76796070
48862
32926551
3109
239705129
189374713
135653971
567
202246
7461202
233180
8274808
4756463
29
4265760219
76
1
898235
40874
734413045
8209806
6
926
654
2311417877
683973644
730
66935
5529172
19060435
16
400783
854527
6547745153
486112182
404449
37
4
143656
376131569
660232
658755890
331628715
4169259558
147
1616154
922378
7217
257245035
5
9201
230926
437988423
6
27829
8804641498
703
5052713788
283
8052205
232410495
269059
2963898
863788
7128697
99376
9110
6652
851277
838
56826
402637
39415709
7213213
592047877
1675280202
6719753
8
9546
226
252990006
12093607
712239716
98
9675470
8188352
93760616
693271908
2713210
56
531271
2101
24002
263041
1264
2294
6
7712200
1
382931
332
263584970
80
96688
8913269336
19270066
1016680979
8853
200138
27730600
846792
891286
3812075178
943639
9660
752968393
986788
89015
18494878
8612039
498726270
93
4196483
287035
181317481
6863200955
3
314027643
13
590
95612
58
83444
126013
8
7968
1839933140
917
65
88080
1241446549
1105806894
8
37
56418
2280367
4632028434
199
6819218
9811
2
852475715
9901891925
26
250167
988
91048811
2
89615136
8684
64
6373943977
43
6794976
4492754660
8
4410
84
7
76
398
2487316
68043670
241900
720661636
91
4607022723
5932
7
1446
584070
7848
4774
42493290
5
2269914715
7328312
21
4
5
927
3
59907427
655868
97
27
19089
373000314
9223753
49238
242631302
15246
2816108
8094061308
1512850341
61807
9235
8004468183
4502189
9489311
333
193
42421670
456872042
615869
7
40
91402
650997468
10634178
239418
94
9418
1
728814816
416290043
92311126
651066
8
65669
1925640526
60706
8051
18796592
95254
9
69
28
865
5879810
2287892
2
48521
20176057
72310
71797227
8958
902526
36
24
1024396738
91551542
14033
750
4
6
19
5
19
168397
9384515
87
2
31
566637101
993904643
9980
603
567030
2815
4262619475
144330497
95356192
76925951
6457
28910
6238454810
1282181132
9
251249354
5679
92
1
795412660
3527
159
2695
369117970
97
64
3
2107413
737831224
14442270
34
3581972718
5141654
10388
912
2
499145025
435412553
274
71
4832
227
81670
2107444239
9029959
4171826
66
10
393475151
32831208
2
7994
71935
75923627
7
353536
41480157
31268
599849
26565260
6667
477
321604
18242299
539
856
551
66583
28014
82820
708
348
60129
8610318120
60018874
917
326
955
788014
172443102
35569
820364098
42108616
7258364
1648166
65925111
60
59
61596
1838
67116
738
6620412
9682514
81352
4
719727038
389055
66899
5633
57239053
762795
7
6585543279
5740
26756
645343510
16161
18
4704469
790552
133738502
62
75374377
3023563238
548799
42
4018158221
89
33264467
2036
21
9552010
409775572
6361679
87626
204117252
897025805
818
6739
7126
2674328
83010
560963
53575016
23912641
700
33
81
3228374361
5718660
567448969
749421515
50316636
4689091
93614
6168
816799641
8
1762548
92230874
8522182120
84
640675
959070037
14271
852
5249267324
5990
586
60387
8
88938424
69404319
34
28048
79425030
111486918
960646
3155740
7
776
238352
86507470
1458
849356446
1650
1996
741593
296235
5
276954180
2092761
8846120
76375
330260504
513
4917
758746
461
51
4
95
873
23383
15
36038446
8243
2589981
5871
5
951
779
89454
1030
25437
127665
63379
370
933163476
91082
218048007
230690741
68784826
2
9123
92309081
84683
5839
5331335935
71844
8
30745
66
917
7
2667840
71264788
3551059
354695
56005
7267634
4933436
8
143525
3334683722
46710873
920
35
472160859
79623131
76
69924
18
5
543368668
6065
7758
6337
5
33432299
444889611
46
92268
18383
85516
24124
2
40781
6091487785
59046428
8778
688217
8063903
9925738101
600101063
1432736302
30245
58
32
3891032151
50176
58143
7509918471
9
3801845
7952266
713
19
56810750
24
89602057
391023670
9731659730
7128680
305385407
7553
887833
10329781
92
2832
12
814
431
221
53
531722
7628506
6775227711
186293441
35
347
185603
5
74773671
244613331
2
176025865
542841
3080
197592854
124645
62050266
46
26
45
7751747022
6072726
34892
99515
9
61
9
689988
64272761
54585
6590240
31458232
567343218
6503916
55
3
153194399
32
120363
5446114295
4
4849762
70793
732647148
6121023
33339525
8116801883
771
4
5445317
7323052719
780
505
807
5344722
6073510454
1314215685
943
757289
890484799
862
10239830
8
531
6894925
39588
61199963
56559736
76542050
3755
76392
73800
6
32
559478
342629504
602
278
2289349
25164
1542
31
7883848693
2066280109
54468
921244
734634
49
47109092
88712137
26610
3301
38
8288107362
35
5
8070910
89141
887288
555017
336
55306495
32476399
2856465164
7725049
71
335064
5272
28581
55
519
968415680
5673809
7683581339
56648
6
5
9
71594
9103846806
1428089
5934503
61765495
11695
69203
74489372
69
7
144366
335943054
3
4598485545
8277215112
1952165
9315511
2794349
432774
50853
7891654909
511
861122203
592234750
861985785
93
170
99738
4307701
76623
34621
3811
54
56
9849495202
972238166
825400794
6699083
246727051
59693452
23503702
989740
77025
77983982
4857030463
30125673
4473707053
4708295902
256
1971173835
8677491
193961008
54522408
7995148667
15096
48763
6950
4959954
720129211
46862
5843
5346097760
94266442
58
8596
43782905
640734
2
8013041
6377
3022427
865670222
657872
60795373
928829360
57452135
88
7966594
5439372303
8985
92
799220626
2930
889742
2079304
301006406
83158
310710419
68
491
178083
9425
5226
798
61355
652470485
74635915
250598
554389
58413234
860
4612930
177
6322
246426
46788041
268634511
347
3717864809
86
64453546
47845
3371255348
4913007934
6
161549160
5573221008
1709529978
210733913
6026457
4364949
1140
407
175689162
823270381
458
406343
641818
9062
35376391
9878138
6
4705593560
274944172
4377310
9434
445
9543634864
546003
7711527
8796940
746622
28440825
60
7183433
15218
913208545
6
550
845
6450
55
66721680
3823704
45409008
27117431
301
9508
15789113
7069261010
28499
59
992
3110552
3647804
59
177960
34233
560496474
6534005460
39666284
84977
4250
90
81
6007982825
7091
7418113039
4536128873
26594
935708672
4696295
794352
5
6544119426
4204447
4919
7528408
5686581
4361562272
4325
9623063351
993207761
644402797
66797076
6
97
5515821
344353056
56
54326
26148412
29876
23591744
10
69301
794143
17
7
4
95
342
453480
353
231
39
979
812023
144
422
248
992020
19
647885
3125597540
52981845
9020016471
143
8763
732
3513034197
7394167
49152
223048
9789627
93565065
314681848
503551
5
9671
6
444
47734465
674
8782019
6228588
5
34
84228251
7058
26
606153893
2052766932
7
47134146
1
9233523596
847
639088
3156195
318020271
267495
62
43
86
16925
4014242393
17
7256509
1
540531961
619
239430
5381742683
72631699
7703105969
87087246
851
3407105
807700
5694
8
57
25996
39336
36
7494154
741987198
8
68
774408228
471
841303
899
20148892
3
7580251849
9006574
99401
1943959
80
142
414474693
8062798635
73951642
940513
4
776
86007
2718413
7962106489
677648083
1
44151150
97
2978
6405
4571804126
875
6518580
49440
746760643
73737
5963
6
7142973
4
10715
15151612
6
490828427
8
5634997483
639430445
33685552
2880850197
6184
6169087
478825917
186992686
8608844372
44100734
620071
463699
370855
24598
4512881
3824
1566
977
5738498
92
356087
44169
6871
81
2305
78
101
1759381783
3935875
55921613
90363
4
843416
6934
667107063
23464
89093228
69335111
2516960
62
2157420122
5584
71078062
35
23515
68676637
270
5
19
94
7914059719
704143
57815476
666438911
8928
143678509
8
3732197
29
5835579
4
694171404
7224119825
111071
3
56
84132727
1
11
386
8760270103
9439680787
7725433
1228769
202140
427
620
7279744044
70129183
74835544
4423
91279216
9272
9413328143
47312081
11064522
1239
598978
5615
18
46
470439
8631
73220126
42812
6108131
9778081900
14685749
64
8520582690
33463929
8
6681
245451
6286
311
14570481
6235679
49252744
58623389
90007
1827916
75907
65444831
441569
9400567177
434
2584771
690890
5084132
87
66
556662702
32503151
195
64921991
279
234537447
1028280371
48826
4468854
3860
3116811045
93895
959
598843
28
534237
57091647
479144
2
1281
646625234
8027123
99164393
550970
46
707360127
773
267445962
1989949
880239753
31776108
96441237
53873
6
6
72
4
1581793
8429221928
63912
98882
3
26019100
8133182428
4566515
6
2000564
6187149
95
8731
72
78
2709
751911750
8567
58708475
8150994754
41
2192046
85841
9
7
101631394
757
519
5
472747338
538
2028
403
5150922
893807
29
859698
92
77478754
66
8081476
1
31
4930428
842641144
2
35701
8520724
706
9611987
3616305
7
4
3188865
5
894784
5911375444
673030766
387663
55538255
4900689427
40043962
1
85611287
12
729865
7
6
48
45
5704148
527592456
11
70
43704
243
35
82
432885496
6
391475
1867
465246325
7694
76668
5404289
58
7601001478
7
2
73
51378
550274212
236182039
7121
7957
37
1
12426418
19317
14523
2037780620
6
4287
357697714
81127314
935870787
6979724
2194248873
898187
26823
58582
3239383428
2783
274
280633
7810
38430247
1720
887
171124234
9373
56
52585459
3
7536
348378
455
1602
44
1512235
34565433
7
27382
483725954
906622130
50023
464023
713224571
7320320424
2644720341
5363389951
7346866
3465
1960955
974
2185
6782
379973
831
2370
10470774
86
53
13
706726280
23819
706
8211571
485600
67724
9948715765
5008209846
443902197
6322318
344
94249704
50649
8469351438
7300149
617150
69901
7732
47001221
9786881
4641079690
2410519
4
84
636384374
10869642
41779
794957
32309073
6
9987309513
7
8093861691
8637875247
964627004
750922580
113057
22
40
11930
234671039
2645282853
212
34600
881
44417627
3442957
3
65
99
457
20026
79336553
33739
9
68
1694247813
9178
6308218581
19
667618708
3222
8
1068835
67174109
377088302
7612281
387436
176150
2118412719
7
165
5106932
1145427912
785827106
96121845
8790890
5
1977
3830142708
777839
616256012
92509045
91
3442
5113305348
53
50496746
8
5969620648
397
333
712262394
9869
4190176
4
461
38487
3901559965
7176745473
5251
7
218
3
918139
4457
7036814580
2918
224940266
6179
91781
1166623
5
6051
6
94335
8
326459499
3671405865
2843607803
1320646
87
535292756
9241964
5949390
9695177
194067503
80881595
3435394193
68
19
16434
2519276203
24882
1
3770533
96465
891381
445627320
840555
65970243
2100
7856974
1214721
4250059899
6836447732
272977
299
57857
229
9865449
4
49086862
66170644
5093
4775
8202330
61325546
14923298
6
34230
6110970750
73
8
79900223
23
560562481
7185
60
935593
9201258
2724347
726
81
1949
874311
4484489
5
1
214358
6173
57
4
20837507
5250712831
963
44549
19448
7631835785
8016943824
652190680
23109
9
803798997
3172458
55
4747071165
74933362
3
379183826
748745
329
82491922
7
29054
3129
3046277
65
98
47254827
33670
277441314
68725622
735
963266512
88803
18670
107
407330
390252017
9
7802323
24709626
4723
83432
9192703912
268497217
4
6
8181
3
5
7
9
622139
23344
6317
147685414
8686983
3
4092868085
365107431
9281332
6111867
691220
1533344
7573894
9597
794055053
8
31438180
3
46650682
61
491835
7250380
7485
419
900368807
2916256
42518
5065407
129640986
518
77
41170
8145453
4128
41
483044
46477
316
658
46
1927526335
311
27347740
197549
2521813198
8381047
79551
7160215
1
82370271
1456837496
5311976506
4
1
6245043
8105907416
4089
6491
277
9
4976
67
93090
2
8386
91299452
459687
9588715
370
3181580
3
3941585191
7
62305509
85
8681977689
106330
4762709
96
40
1308485027
5315531
2
84462669
36
25307835
3753633
7646725037
5
928215
68769
198822
89
78247959
57
427271906
687483
4970735
12232278
73
4
2687339
848697
12013
644
8
3
72671
28
7290794395
8670
810044
883848
1673
16661641
917
2
612532169
81644173
41984
3965
5377059
3
60
625
2
84
262666488
65144128
431
974
17
388204559
836333275
6
1018922
380181737
46212
160
59
56
987005009
75
656204
32303424
155627994
11
78
3724525404
3048
4040503
91
4214589622
3324
5176625
5469555450
885
62605
66
996
29890043
9957
6063
674190
8821339904
2815784990
76
428935557
9536528
28
299249
2671
244
9604257
502
899026
125523
4
59537762
62469279
194115547
6984487633
29468
62572221
7774
2995503130
171049206
37
5377
43757
8271591411
482361769
8998
477
590635
801810992
4961191
49639346
3
571
47
508806700
964
596767
266675455
40622842
928368024
25965
382959969
5120
73366912
9
7698110285
2
6
9317322
97972
8236755634
6843484
79595
88
27537116
6
20
1684
292441
588726
8343
53735245
95829
9
1389655
1239
484
66273877
79
74
23764640
427904
45091630
754270
43
371893
2895
3103
72
674459656
1
6556020
9122688212
1994673
770
7999
670692
34892
366
85
3
23620
718090599
6
6
4
782
3
30412321
6954488733
41962224
6417386
11
2210
581
26191730
611981
3033
1345745
240
5637982
523720
9930
7376336095
62220408
811598047
962585382
4
7
335968
977
478197910
3
13
16675
8
5489
2537
434213
3581
83057383
79
69
5539
1
8761305116
11563948
8316967632
491513
904606916
98001
582
4
2694
944855
563637
7747
7557
1671479570
121719992
2591
1936
622
8124039
855
668
336
882397
3435123193
25900
92
298
844
5702
6
939608
39675
990
8123297081
207
2891
3933812
2358714
7969555
4
40
7329232
5
8563383910
591220
441828
45968
5528694294
671950
4650693373
6065334358
933193
13
8807942460
5
412438
795075711
538061
4303916425
8075
6607291
33
239677152
8
6972286
8
848
139898896
9
8802
481
184595467
6615
6876197468
5
8062840
57780
721927271
7490573931
403557335
789456300
80155
4625
504582210
1247009
5441
571558179
81
1323178
36617
8096300
49497072
4696334
65075
339
6345106506
6
1262824252
35
440737009
7494208
45
61406
6837308
5862
5168
30660
653654664
639061584
24
6191831
2680
6337273897
1005078778
143210990
26989932
82244
7
343026
271
2731715678
25521
9214
82684
8
50296571
12361852
3131567
3
159
9068147
570981
1769091
648584029
75725079
3940461492
8660
49845
6557
7
7
10471
42
41975
32054560
96
7214179
94
30624644
8
385436222
451228699
20166585
7292
511912566
6330
9494810092
8782290
19449
5456
8251902613
479024
60
8969
10678117
1810
51128
942
733539273
4004672
85
144
609
6551
6
5078212092
9
5
6483232
10
1
8962379
80288196
89
719493
51
49107
52
5940
3229243327
7
227748
81273
82327
773306320
7445080831
407745
9764590030
50
7
82653163
3479025
2
145891703
85938
947610
7891
8
53659
16
51786421
30581
575
3616479108
22385712
16089
5879170541
14111668
3306978
682602
6418652
5
9439336
5858686750
6689737
78712
6265777158
2624791
27669615
9764709
1
787126
86580
615882773
9039
96212242
634579
3362898
3499252
66481913
5
679340853
58492665
825291
71054
89
14407
92838
83229
6632990585
849
268204
6
984073
3881600341
90325
118725
298
80
4616
4334
4516
64
9397129020
924048184
99035509
564879912
3341063357
8
4939691
4
35330
2048397731
75707
320
2661699846
475132
7
98
6102
39379937
2
377920229
3463969298
89
63943400
23199
7923022118
2875
213861
7347500
9420383277
4
310927
6509
244619046
39106
8566
766669
506729
4315
2773
184795568
729842647
7397029415
428996525
7105165
4394614452
8718697
25788975
71511
5
3261145663
861507727
375941
51215
71629
1255157
1
91740066
2178584703
9442479
3383481
7972982
6027
685672
28108
2
6
61645247
3484051
76659
6165358
2
239
68466
2
6004213158
68939372
56937315
5340
49
46342264
48643
19364
8901860
86294208
66396
8495815
5606297
9586787733
325
130
7415623882
42364
4134486276
4299782
3144
2494046
650
481476
582
2
12047239
68683
32559
4119
4355981
40448323
759391248
4992109
894
139
323
889
8347004
6755567
9481
7012
44
3189
485
97
4198735
7705602114
407638
5225020
5986828
663
50
2280831
6396
8
796711
5930
4733
9565109
9050633128
3876
756012
4692249637
9404246
803411
8228838531
41828
47
5
9668830237
5593
956
225068
1717
222
442964
584314087
572
60
516222
460
3835
9354
4
21
4239973705
4610628
413
8
28918194
4416043
617261
7104
39
59940
220832
1578
3
9
4654163962
1408931
59333755
9636
7565823157
7303575
38180
3065620
8101595413
28589712
7600
2870391311
6094195
7816358358
2845711031
627772367
4
335210
70241227
9290537710
60578968
932497911
161218566
79
2724073
673
5687
70556231
443
283700
6259
7600
8745
9339274991
7
59
8516560758
20
87276192
8747774
39
2783731001
71
32422290
95451951
491976
8604189
4038
91
22
36749
476678962
65
587714
22899
6
89615
2899
7
2503
893
954700
9759147855
4530520
54802030
98
32
8660
944891
74311793
1998005190
7784992
893232703
193313
103326
44543
919184
122
8112092
895615528
67880
12406807
20
9
19919
7966059651
52024382
505236
61
5492113767
1808280
7
31684611
1166936607
2
439
17069542
8498728477
84
22259831
2
94086
2
562
69
904
5345
668
963609
88080
3483126
3044276
4867017899
56
843
66
977296804
477
6352
27
175
135496199
6
2209865
32174140
4
127355500
866
38917
2184
17628
5
6625398077
156978
800
16
8668897328
18945
8
664753
74748176
2040
90632275
90378322
7701184
1979
1
582635051
98421
55845413
96784470
5690113050
63641764
9818
67
8911
3446383
148198
6952930
5204822453
8
36840
10055
985
425
6453598
7
5558
203532331
624510884
206
3
675283
6594554
50053079
10
478994865
8917
4262328
2
258588608
9
4237
89817
4387
571
424470
6199978
1706214137
901965
4967
2495087
98
174381816
6
4775065
42274
1976
7961
3
561479388
846
253
927420
962999
280
7784
22208265
66049
60890
351373
963629454
1612050928
3
63476
2
3117429
80
9739190879
665
8852660
761
21334
5249
78027600
7416756706
4517222
6418673
7142257
9
68024
8931
42
148559966
547090
347
38741750
99196966
930
60
4741402952
643003383
98732
5398603913
75
90328
5899446
77269
381459
38
6805728190
9
494293313
3025
639227
484254280
4
29870
81810
2
9493873969
8399735
817373990
1377
5084191
80077
87
6371376723
78958564
244028
2271178
4
1917307
14268184
6
35664062
9199
395962977
5138962077
533418
296919
9
193
222
15
31602813
456529615
51304881
868348
2850
1787746
490
98623
8551
9681562821
7215301
5802099472
28659412
8
8872546807
39
355
97
5957531
12
513
8445543
2584353
94046
90760977
6009930
9
4671080421
3
18
688240
926768608
4005564
77093
532485
1
32802
636
485866026
987657
22354
420155280
616272325
306486
5686495
629503
644
51434178
242385399
893102
609
69924
8
25
52
7
25
3
8229055
2203
67
173225
4330
194162
9553024
3
62509
327
5
274531900
296607
9040
22
97
806
6071
2150
6
8912171353
35513
94656
38765740
1272
716
490
19030
4024594090
925
395330
2692293
1516840807
8984
1385
990
7331098679
307242
3
7660709
4456
838
851359973
9350656974
903417
9113
52233053
628915335
2
14031597
71
9230565
4674
1
83688859
146417
7584
566525
6940144
43129049
777
16069346
3276970248
186781
4289470066
12
78
245448617
44608
86
240027305
99207
9
57131474
6229523607
40
73252
598216
3
2870
691600
3242749
771503
240695688
4315
16
3982760
948
522
347794
2940
3486214
21807
8
6391932337
126
5096
8
69
31
255496
89
372
8518252
3108371678
3936471245
592
5102302
2942651
803632556
3976482792
409938
83388945
48061
97100622
1335
461486136
77174
23
51
8977929
9184
20203236
859255
697993
2695306304
72357
922934657
449230580
9079666
471
5846
446619901
75
98
375943
2669916
988832
43
850
8985849594
5195
5493554
8436061433
94812248
76
5
2
191
3323
63
272147
1296
399439
647
48689
4662588583
808425571
4879
3960355696
6583
16532333
41
894395734
25204
7891914
4844576
196186681
82863194
75
531830592
386139
788956
65
984747
2801331039
9094160440
248
9165560302
2545073
941655
3
8093
4256313
57912068
37
2
89474862
2
36643835
691179610
9
3904185156
972456569
17589244
175709641
4
2291729
68598
560
13655
93988
2
367
248565
8643924
73140507
7
204413415
9352013
89783465
226905209
415
2498
591
26
30540
3
771
24291863
806
27
538
52952999
280525
804819
141673
42
4170779
9230895571
3671302193
415376
4735476
56042374
71461483
524709
177528583
7659
54760
53034
2087
1878742
61
178546
8283308
43598055
6733713
3642
24049
939771349
8197
113
7
31
381
6170020
9985542335
89185245
80549
8
393587256
66282
26174528
944873422
9385188064
5512434039
28
427
4102510136
7
778563
47
4283
40490309
7
7
7
2597
51911666
8026916
46
5404
795435198
359
5643
6982690
900
92600023
2000210
21
912920
9262
58
16357334
8
3
6003905450
72413
5
2342
3
7055
2
9472519
68
252923
4587244674
67
6
2362
9474041
2664494
91317044
6418608217
51
3490
770666
33
2
86028
5
4237465
821
18172
308290
389674
8
315258866
38827449
6789
927431
956
93
495575
656728
76182299
19475386
2564
4
8489
1
90512578
321
56524
73291
25
149070474
3774298773
16
559871182
190
6452
20151731
185259645
68
85983
7842
2805637
689969
87624809
5358997
1
41823
418334
5
2280855
9442
83360541
911729732
551
5
2787953646
64125851
2958901055
5913
208
94871
7862
4632834346
590883
897093371
1
4582657
5
707523389
433999
152488
891
526004
6154182761
1389
2497906
11158
82974812
89468
4273197455
812
20
25899
7883385
19137
187
3
24150
985
9160
51
7880
520342
7743937
6586507470
76
879010
94490347
4
4
76
1479843011
394356739
82
558026486
2611
468158354
4
461
87191426
68278837
27271848
989238848
937
866769
22807
7
1206
997
6311331636
76927725
730919
13348104
932
1292491584
254917
9031781887
3619
61
4376568918
4330239
125224562
5
391
17
7389595116
83313
8628684797
462
1
74
972111
3329832691
5256690
68452931
8181
99162331
61
20884
93562
2129
783541
589193
2418632579
1381076
1091
354958
81652
2528
423999
664144
1
18169540
2
1137706
84243160
15177
424588609
994041
8
8271109
41
177595
268547029
3786093
207460126
95839
149
901192
51346639
884
4450679
80072430
93
2171034
335
163350449
65784751
425796733
3195328473
290867852
466781604
31194
318879095
28176432
731
47
55054
955
1
820
13629
865336
5
24483
6
236
392420878
83
2
328395794
5339
96287908
1
8059081802
589
3589128
7691557334
847116850
462
31
804163
332779
1
4629
289330
27
996201289
906
568
916387
4604
5
13971621
7167
7933
653
95136562
111545016
184264
4067973033
47
6489096325
538530166
4269
3499588
918511928
4
14703
531437955
1414
4872957933
3
546573322
517156
514402189
17
19909179
99948911
2082
20322
273
7689
896252697
1546728853
4800
283374
2940
430263317
409
31
6992059
885268809
202
9842021
7848
53287
7546143
931376398
5301209
32172
95375
53146
6046844478
4072315882
38
6830
9
7307196501
251034437
1796368468
90147
33566
13
6508478756
34
803
1
1
790314232
230
69770902
3
571325909
7517679598
770428
5144369757
7585500
3929660515
1784260
32341
9
7899916
811
775116210
1050640484
9057
70860
6204851036
63180
448774
532081261
42700
82512362
15110
9929988
6516
2
2940
36807
412636
869
132657749
1
719715
31043881
268504373
24406192
461020339
4162973
1566482969
3
9373187
864170350
5025754289
60
4
76
59
24
390
5
703969955
6709
82006941
648
226274784
7361789
534715
423303589
452122
99910623
3
75110
296234
353742
47
1493853
574092
181
409066577
154673
773
8244
3800798019
5
2
2144700
17245845
580489665
6165423
1
570
202181399
4361093516
5
581519840
80
5
954
90
6915548
648431
13657
125
720375
40863750
2184
90
5159693
95725
43772133
9481501034
78
66621556
8006
6493
5
77596352
2296
6381281249
506029362
59129035
1036192
654165415
27458440
926447773
6277813184
8879700
49
8274315
2081252
5516319
6096780523
8071746
29359
4468
323
1860
7890245258
2948032
339
298300571
574
99323
58194
975026691
45
8305873
540
1
4044492232
784
5368851496
339702
9898
367625
9726
882
50770
744976762
75
322036805
1946902019
6847354
229185665
506754428
60
925148
479
67609380
652788
1866437
93991257
4283356364
89
19726713
88349940
1
87453719
8696565354
7158996289
8076145634
66954783
5559015
19
5551063
84094
591
88210
84
4
7114734
46819164
49
67998662
740641
585
60631408
68721
234
8
68805179
6955723
9338389043
8
4582684
1636050
7861
90013
93999
4458364
37684
5153431
402244
6206591
8396262803
6978527042
9435413991
5315610535
9223
3677
73778875
7997961
4362812
31105284
7795278
336469940
26296
62
4820942918
2975565383
57
328
6
1
30
6155
1
9
5
787944452
3
82548670
7910376914
63
58968
65050021
512422
577
2650953984
5
5358282488
8
6
881407702
6792739669
3822437338
2878
9569
34458606
32
73885
6538
5291542
4707
85807
726
15868
625775
6212605
64
7456558
4223168595
1144657
71879
77
840804271
1431494682
853
82669346
6635
59998758
62376468
400555
49
708318
5
3532334777
5805540
693
41886
11
34938787
7
284651856
43801853
87805042
1
5325122
2235
336
52087477
289450404
5383106
182
112152
579479983
124839681
49970
512279
777030102
5
90823
35278246
19548
57
5627
20753714
2395303700
55657222
760633035
68370125
61436
2615099339
3480351
18563681
50961888
2641
13241
696
65190
8895657
94940
15476
384023496
3140
25769
61608238
83409
37846066
48299081
92737
59135
1
93
5585
665767
6
961
96602
40741587
8273884
31
5
383346
798354037
1352
89932
9042680723
392070
68685
41101565
548227
62
899695
3958
316277719
855181
3855781
254536989
813095326
327822014
20613
83244
88959
722215765
4625990312
568
6396
22897
662700
559
78
84651289
70030349
4737
2821826478
416607662
5
7578603343
5
68908
63
9904
21
2320220814
665
7244609
9
47029
979957967
1
8304
3146
8604514417
4774984
76196
77
470947
995086
89291
98633818
3
578167
19388
8574041389
6510088491
7765127
1
8767430
8902123
887004177
427427
68
83608
48
568
1
4
416
4872
42790079
23545041
2481
8699481813
6518356
83
5178
9
50
5399797
6
84015
8035726
537386
605
3
559689300
2
3758368055
82227406
88
67965959
8
22
98850931
2024721641
5
255460701
1
763
2
3733822
98253
33574017
8573
311
273
321
3239694
36371610
341901828
7569290401
9979552773
1638145070
3938364081
189755610
270
39808681
8
265
6823803658
95553206
720007
33188688
3959273980
5267973909
51
38183145
8662464
9181
2046625039
569824742
241875401
51
6037334995
772522112
9
3926091
183696
52618377
51804272
19
3414
60152111
73351246
980
8
818066264
7
3
47873
1838
1485
6531540079
521
995
33
88
7488
76036
4663105
1064
5264
9
7
8
9000025
9600138354
6855
2452749709
9281
8651
250
7999
852
8459361664
13
3139758434
4817803800
1256549
242
879
1621
5701973040
440992123
4011
298695442
15
765793718
1578
290865
969
21
448395587
7
98575
48952
15409870
500179
1430616211
43
658
3035
6651008887
62164
7347
86565
3023120387
7954
369923323
3
33587
97937
690661
6006319847
5
5
641639
15366
7
1
52048330
86
3822735
582
8858267479
1218
206
7
8625316
8580
5415032289
1
2156907671
52009
9125320324
4
26176741
7
63
182812486
960190588
9251505240
5636
7628678
7556930578
478052145
192138
8
3583794628
326031
382599493
41933
82
432622925
16983
851094410
29
7176417
70
113
458
71102
64439
55329
61064
969989319
93
9209664726
212362
227753812
5185
6377630505
6514
131645
73948
7093581
5413877497
61261
6977860092
28453
43
37349
56518007
88903
81171796
559621937
7333319
6577832
258467764
5619636579
3758015338
5642036503
4010616234
443459
3275498
3
32
8348779359
37748
440
8005159856
91753927
5
7439123704
22
54721986
6
5
4913317
631
25658314
2
603847
6
31622429
507
700922671
2833061
88592530
8
1025
3618938
4833053
53229628
309594
2863379303
5986
44700
177152
284697878
62036
8
3066
48745632
4811741
72843
77110558
2108
68789601
28813
9
646
36
466913
598
4154841
65009
83402582
599930088
73
1
17644
21
106397
98466
2570
80272
5343078761
9204513722
7902
9
6
25345
71337
9859473987
994
8463
371
471682
848
951056
655219
2681
31644
8685803
131453774
35298
1988
49
488261
200
34777
3675721
23345738
3
923012908
1
858744
279374746
63016
9
980395331
3982
6192814
61128
22002
19938
8686624
54816451
529
2794
910731738
1526454247
8240
43
443
6
923
42
50551
68873087
1333
9258367
277
6880578494
2295153664
332
981
5530
9667086
73446
2773548
81588096
1511312
5587713
483350
51730
91429648
21
540896433
3795
298923
1706684616
518
2182120
96232632
1104
5
77
124404161
3047238775
752776
156823
776950160
417961
696713313
647813
1
11128626
89362943
3
89
1284031
79
83365
395527
713793
71
1729876
3450
3018486
62667137
7355
73914
105636857
27822
8
400594
41509891
58
82
7564352
343
9409
255417
75
3
61
6580
96740
727002
6700
19
9
8142036280
702
2789
7
181
142
1834092
9
46825626
40682
932120002
53250
6
1435528
7
53149463
1224061
7677609
40
194681352
7
3656223566
3535
2696086
5
27
49134116
770
378
3289514
52679
180536609
3971654309
8597614
53492695
866361
45636
9170
75
4860
71036
4741735
62324471
9746
6637433
1
6
18864747
70
9
165697478
7930
798813
6101289
8987
844700
9208490189
9
2982382080
38999
2932793
822665
164
16554
57
88049
9842239
89780402
5933885293
4
53746
2653781
3147
302680
86227
79950
6
619880
73482
35491
900302414
4
54753678
205592
9812027211
2
8552698306
68013861
4028092360
4486
8437
7776232379
8
7
9
7504
843852723
24
4
4
688158388
627
4
182608
3021529
1
75941
6528
737013325
623
18382
5120
22315701
9967456651
8145209
355309
811
4
6
2
3905994
2
1
62292129
17825099
9292862
8057475036
13638894
697
5557579
1
37286
4013
69817
15320198
940
3704785531
37562
2348
294
7932908756
596608
4216717
17440976
29866927
12
7006
86573
4042984997
262
9571216
19045
55830
3782
5553
1657081816
314433
69
333
608664197
45
5959874
45327
670
9113120
11084743
7958926
3845561432
2
39
48
889976
188642
25719
1860980
231621
27053
34636
9531820372
9
15671
83
54868600
1
702
5255
9669632269
1899289794
803096241
11954165
998276251
2225
3
5389
6392650176
6
60
27
250944
31825852
7926
85366
4
239994
4912862163
35428
94396
14
8261
86874908
66653262
6844523
192906469
47280
4581
7488597275
377
854
35094
882050
356492058
799967789
6377354724
9053
277626
4558925326
4428439208
7855924640
32710997
48
1976
41
510963
698
7808
85
68
60
793
2523279
7895
72753639
570644444
497949
79021
315729
34
957691210
260326
5
110858
15908063
104
517
86216
98616
3142303935
271
716
30059
1675526048
63985505
6299
678076815
956
9
388466
5006131
244
34
756204
7
273619
71219247
96
2118490288
802
3258987275
199
19
97
1191106
6551368015
438
5
65313183
6
3
1748197916
37772
457546
76
888440135
65791
7395083032
6516
1408191655
257
561703467
110092477
18
832185
76792723
452056
3656747
66129
1440799964
8233
9
6
76826
41
88371347
1684771659
317767
9
2562
847039
972441
4689202
8
2189537
67131508
35285
104
23
18011
7532232079
2727806400
8857037442
47138
2
671
80689863
1
92121
3
74
5
221214459
14
829897
9291125
62410
54415425
17
79892801
85159307
95690
37183
887809
4067978920
379
931
75699
281111
64691
321700348
3991451425
818
93562544
5121628778
408334140
1491
361089
98202
82
6
707565250
232478
5
173311
2974819134
319601
421040
89
99520513
33041
92271081
350294
301158179
9651
1162
98863483
12464
817851
25963987
65
32295783
1100
600
93160
925023707
65998033
92
507194
96
12
7872024
8740
99242943
95220180
83770
3249073
6820030
60934323
6099176359
2733
46
8962394299
3298385
1
4162866734
56
743019565
510
384
867841895
933077
98
6991784
6298
782051
4
8971
1298331118
4277838763
309409244
99399868
4435421515
4079394326
3
5869636
62552
8427451
189051497
7
159988804
50192
36730
853416280
6363
310
2
685805512
7544549175
3145966058
40
73
8
656
6
586934
5
1519
1
944
22087654
29805503
427
117261
43124
1643833
2817907238
192114
3997607101
8
31
2103917
9277501
5275570
80
668446
99159
9442606734
77
591815
4119325
785
18
42317744
66621
505
2015154
79097373
506865
65
9560
5910784565
13539
6093686
858257
4616670
7
904551904
7258
86750
77
79819967
6
217012
1425
810041606
66
765141202
85481503
45372
91982565
73
43636
5
5835
752
90872
742160367
303
754169
55065873
46020447
24
9
18
966617637
9
739185922
417495860
3
30250285
64
829853
486219
494346134
511016908
4588
36676288
448070
37330371
430847
35863
92664969
84221629
47577
520
8
24175083
419
1092863608
266075
24034987
9
6
553846988
866437152
8431987624
125618613
59173
97355854
4
15804029
632149
538
10651064
414135343
748715951
8
19
83819
7616
45634
6921
379
592512
8748
263723368
428632149
79680439
399570
5
84143796
1835303520
313501932
52738632
639
4920562682
776582
22722328
955
9
45717983
708122463
83
49
4924
8475
43965039
24
651710910
25739
97087646
9786395244
672419886
1691167104
79394432
282218
32
34
37
8859688784
839678
96771502
3836405972
5457250706
94
425395
6
59462311
8
7008047
7947586527
34
891
4968312
24370273
667
6
2593396038
2244594
643
9548
4
8313841
474085859
18524150
80880401
469727784
802617
5759064
622
36
420816
44918
52030
49
6020013671
6
1891
5
752
191558
44252
81939
40
802990052
616125
9012
851988889
93
258231166
467
20
37562
72156
270661918
52809
9087040
85887699
518
901282
9578031130
83849
6751340248
7258
92441586
9578888
46
903
48
9035535144
19122
9612574
3962253678
1317980
5411
22
627331077
4162732074
150492
8878
7606549
8164
4343
610493
625783
84847
6118791013
29
7004759
8671966953
928867
87
4411
74703
3494598
5
385563
9754033596
3794708985
25570559
505
34
313407352
680719262
235
36
88
603149
4659393954
46823768
5415810137
9019475743
5164
97
4
32016
2
12423
97027485
29298359
69760
17
54451
406632
350
71856
74968
7674598
1199659047
9570
275816563
272
4
7848
580388999
11
9570436
949738888
125
396045
5113412
7
3138991021
25203579
8645075355
60124
51
8352
4019444
5848733249
5
39073341
15498677
3
3078233
88082519
393418
2333920600
4889106
2757
45149399
8424
99
554
5
3153
6159
72317
48799390
522349
2752308079
951335984
5
85065131
13
6
189
420
5315139
446223969
1
53095
708712708
8791
504207
53
615481202
364
9609860
10995033
524256967
8564
53
938
754132094
44702
976523
8463702530
55
76412
50802472
734845013
8733
228
894
1562815850
2
29839
2
622981024
21932684
7
4380072
86
137
847719
52340
8350766
9092027
9950
601258
333
479206
4042
12385
41807
52451730
50370
735302350
88096608
621
37773033
931
50946
9
7
4021119
2935024
84336
268482
7455046
80
9666180340
954615
61234223
4
36
37971062
55
9424145
52482917
104670864
1780900
12608
5606
776516768
9195122
83
76865465
26
464790
8
7368
328355491
5049706294
42448
80
7
20973358
4291
8468370659
875
64798207
92090
4979
9838831
66561872
66654
165807474
9022829596
150726871
44517682
5624795
77481
9
5893
7456
9
1
8382
85
336
35468
4569
2586
6544211
420
3040368676
879447
743856719
4630
61
794143
56610259
3548
9331378076
907309
745350
4892
875
46950
8832
2
9129030
80195
593882
61956
21
800
58
2171
445
310278
81136
4340966
93
409754654
5252790540
92170
5098
9929722291
3705
44086
391
15
6067789651
73187478
460423640
366101627
85549346
97148
9073395958
941023240
20311804
814
68203718
1685
1258696
35
381253
29929
351985626
382
4348573298
49
131
4004
599
61057109
156187
2942250620
43281
87400042
560
4779667
8993
177494681
157954
1065379631
505
6873
44100
44965653
92846
121891293
9413776616
72139
12
74238
252548
95
70796670
826
176784
263
35678665
1749310707
74
79179201
505700549
7777539
5557
768834
7019
692481342
792745439
510
278
556986592
2499
855262711
4196945
666745335
253
5780598
35
457834
55979790
1655
595
1453956480
565161
68309
9220
7559317605
6219646
27
81505064
5064886
361848
4342560
25643863
8769374
984517
714623121
4
24272
1679
2407279
6091397740
665639133
2313996270
6
315986
7723215
8942
1661509
9875209015
25048
855102
42520
833
9
79309
81038
94882
76
336265
6738
775
540254
390
804060
944
1
262877218
2
910
3067441
574815
471321325
683
42
7613
52
82016
5098084819
81563366
22314752
78
2
9129641736
518
5112245
12
2875
7363
63
17
4
7514470398
9234
25
7
192
3
494672285
960
1
1463
66525
818570
162727
55
6100619
40
195362
178468
171342
6
569842858
131
2139
9884944288
6194
3235547
7025761
3704
7
34
56559875
69
9399201228
10332202
6
626
8775737091
219122589
89298
1
164787570
697
909688083
957145635
6358022
814208955
3053
48010
68384
568
78922
70
26659
46675309
985051
5782677550
6955684
92388178
96854
5306438
28276020
1614782
818625
99089
40209159
82138674
9136
3032363257
1023798
4866
69
161
23
7566316
25886807
6
976255
28106
48721
856766215
877
10612
40
4989665753
712
4
88567
59011
9692
27273
6
16835244
8302608631
7045351
88
150184062
53
13840
612081
5686695
8204094732
7
97751368
59996
20590
8951632589
1838856
287
569
7281
5
3308
9
3168
9
33
612417
68222717
6354559018
7
6896669744
7080130684
4137
43503
958
44987
636
71238110
8
37136
41164383
53
951
490410339
269
28619
95
1642
95570035
38
5127970600
88489
35
5221055064
8079839
5780774034
34489943
8
584127171
3998956
4931412
42
9
178
8399973
91716635
59019
51450800
366
3718948
90
123448
3983
2
4
530822455
12166867
6
57
398
9227480
30057
36204
9091
965382899
22987
616
92931
57445
442891
6934209994
318095
2
673
4701656
1205
38833
86883
873344
632272
45868
192143
845
2213706014
7401692559
81
3386553204
47
113
6075
4
51595
547692
65
1757448
320
89760396
1075173
316
97053193
2894913860
75998540
90214
280389518
20657246
8116206
81
7961
9165060041
33153891
15216
8218855
9
148
88
5
66358
4252
773
738825456
82821
848755556
45
2617
2938
4888
7768286
20
472883
6
1232850578
87212363
32470795
50506
1642668
9
7304669340
3129
84852176
87601
2
69320733
2777100987
72372366
1084
8256665727
8127
6414
5223997
6
3042580263
2620389
2417770
293982334
7230338
19418073
96061
416
765431841
33456009
278125351
43413766
3001051025
76
5740
54092617
532706256
3125
945526669
37
435371088
328934
2256782891
5948827112
76201254
6
57466564
77
6
3
5737969240
1
9721343
949915
8328150
51588432
44961122
89676253
200929560
93
836
3
64
32120
21
65
944
73522333
646
87460490
9059449494
61861113
1395540247
238403
377
5999486
7586899
66067045
852202
77
5960
61227
716534
19489
7712419799
8886104074
4945762
5004381
6
3101
2370507524
9850166
72967
990554326
7525
73313345
98540
901247090
425623
937277
667130
51
289051493
9266355
8
89918040
6112
139
31943
3218586627
1435
69265
1
3144
55574714
80674249
195778
1450198
9411719173
80877
17
7797962
331683
9
361732
683
1
62859
5275
975970
751
38730822
825123398
6
9324158470
810493989
7
310
46
8967922
87
668081
594464711
1048441267
280622582
66780285
1464281
6189601
8844015
8920042
2333444906
34111
270
99069591
8618043607
9442711079
78
23
92993017
32
756
70976916
4550
99260
3162888233
2587301
99974
4292089643
737414
6
89800
5256756107
3371
18967
208
1867
160010
1972
669616741
272
1176443
3114
424
7772
2569760
9941866284
731399
5945578423
292515
16088
1335380598
16030
73
9530405615
823462931
1
77
7588673314
111
9609485080
4148477
33133064
7
678341
4481599
94451510
6
365
372
393
97
331671
8061252159
132151
34069
3
5125
947983
5115725763
49838751
6917
11385
14
8
2
6535434803
8126
6
6932130
93729471
7204853299
18
770516761
705708362
889
879613
9397479634
1798
8
359223
26813165
7615227431
7377730350
294
5
73
40558294
97650019
741
79130
608
263
9820462
399
89
670175824
6
570873409
609541
99
38962117
15
86291240
6
5
99340300
6
560156045
8241826066
9
968600
775594
446
753176
67118
6041796
7
29393
48243776
77
52739
4589
3306117183
60
652
7
7659135
78428516
7084545
3
6465
95462579
7
91918237
5781
399
2695572
2
24088971
378622
432039333
35
4224653
33
7454678679
3099377866
170702861
3086
766827556
1
5
59204
6713836
8876964
68958
2893416
4056
8118
8574927
3
3648127
40
68876224
860006
5196047266
77845781
525983
8
756631919
5
363291
30
845438155
817115
3865966
9330
4
305186937
198432416
62
97380674
15428
2
39069
72715841
1914493450
836808
91927298
5301
681
552134
872300226
991102705
22402584
5
28416257
294137351
2665985348
82130424
19360465
3832570775
82
5753525
1726
579196909
3595
98548111
183
63730
57036786
96888764
222
701756
50539127
942225
65126
9922683
674
301
52309
47
1696
9
13
2342
38659
72760
36751139
9507514128
321940540
7938
7
33
6735238
146
5391
758
81584
7532
72129378
117334825
902
49
7371
24895
558953968
839082
96852
96
226529
8714750
764265
96
780192660
3730
9812
2899
614
352
70590758
946945
5500795274
25883
7195845108
112
1100257927
73
753697
83359
899
17982
425540477
19
874
969
51590746
4
125418
1899296
52324376
8590958912
4556
7564
10943475
4
7163245
87
18
1
151856
8264151581
21745818
18
112
94164754
2340
35252
12
745135197
6
721694
7196547804
9608323
9854960157
378894155
957
25
53141910
29792349
89330
4988837624
298689900
274771863
941
554970
20053790
705528365
9916091753
6
503
52183
275090
457632
107257925
3
7467615255
7876
4970295912
714460
9
35647
380659
38672276
6835583582
2366132
69
28
16015
90
2897248
306925
124
61
19
5
8296747
78601
9992761
699
71167280
65
242507
78851575
131071715
60447
5
94770598
173
801066069
8966684001
679
9306525486
3853727832
5899094713
80
446
13
9484696
92506731
526
1058845222
57509431
90
345128595
802456
9
1374716405
219392253
988372641
1464732688
71620209
425
5
936317660
454617064
7
232605303
1176570402
1743
1
117748240
50500061
739006369
7385455
36053
41109641
94
1
119713
9716559896
5
858642
284531
35
579942583
436146
28107651
564010738
313234
690
8
4
89068262
17
14026
8398464
768
26972825
4697
835
53061
9
5191
36333498
4958850
15405454
391554755
922297
95
557680
579339
42771
85
2140
103938086
9824
41808677
4066
4
13889651
947278852
6888217314
28252357
4017668524
93257
8607036182
78475
430
32333921
3
8479967695
3905137165
765
21101995
61462915
321732
5221096442
2000514911
7132308
4901017427
540498
86423277
69987
44704599
595896
22983782
787
78828104
451
3216714
6730693
6830
577
113
21844930
994640
1174
454259
6
47535
2791941963
38072140
75
1739515775
508590600
132
63348356
2421873488
82672
7350946626
8838801
53075551
4062036
6539986
8
8
9
8187012001
1465308898
75393710
574
47
5
65507624
289498121
2831
51
896
1184341182
85670273
8221
408025097
738866
12023186
96735
9866837
78078403
7020361
559
3586992648
61
87
2663139
3519723072
73861455
1881837
251258164
37123006
71
602332454
87353
791
1
5979
20095
9372103082
3037036179
37395
6
53
553247778
85656
75993474
7
27495
87
4692807
589202
6983101
67181129
1
695899823
311
8
8908820974
1245
98353015
69
43686099
9
93
729
91109
6429
9143445
6367623684
36038038
1457206
4
5924191
1826
79896190
3765204
63163464
9
140447678
6
125750
844066204
237734237
85
3715770
24
5379
552314237
948176655
84170
7169
8492170246
811
36237
17734
1924
768873
8937
80
677
7781
7
981498
5784208858
784946926
335
414557
13489635
6
560422
64340
43144831
66559472
60403428
2
7948175705
96184442
828895058
13941
29
44
90
8
7070276
651154585
875429628
3742980647
31016982
19251917
7893
68464
5463718645
50339
7608918919
2769
31287
23
1314496
94094
2285442
898
49
468329
3
46
8
6
967300140
6678
4
55017865
940277100
8
5
8
980617
45797166
768804862
82657106
67144
4683
83
218798477
8349
1013
4287
798810621
888
1742
89
35956180
3
600
3867941463
7618076412
527997099
85
33
885
568736
31
1878418
630837
642
352
7472470852
7741385
83123
7192
4074
8037782
34410274
74
87930906
8559753
2530
26
94987929
852965
70
8647042
2
3838
279582614
42962
945117038
7
266309118
95
41307
417006724
667160075
129515
767
37745027
39718831
87622
1
70457657
5127108
304
92447
53700325
35
95635417
856
85
642922
43
17402
1059
4319848
489921892
99361046
5323437531
391022
882057
3071034268
825
58952
111099859
8717988955
19663
1
2
16319
2217447985
232024
48849
998498450
34
1829803
8578282
66530296
31
697886117
93541485
68467
621458
85143
7811788691
6836
5441
5227577
1
23121
642607
72841528
636712
6
68087
9478867618
7282
357
33
4352603
7
21
3843
2
67
959746
52726
343214134
5206
95733753
5304470
630
86083232
2020622
5
8486733691
185913386
6898523261
508770
197675006
18
900
7075
75573
731940
1333
700
336863834
96
92
8101
420596827
372
500957
6789
901624
679
288
1803
19685
5021
35
779618203
2444688
2630
64007
3887350
99810
31640
54
1075
5884407767
259120
5
461692
69
288202411
470
654042379
4347708
761
6
67592
22859
58
255132
9435430002
4344
673032
43
84
282024501
6445009061
44478
8
278601389
4124481
8
961226073
942294414
399
6005002
55
86660390
575254021
46747
20939
5
4975
7952
3
5302
251
78
8083517066
6255476332
67
13820
80
54182127
2
532
75
9
2456
2549461
3
8
4
75143
9
444102462
6
651717401
8169101
5067344154
2658670
8
754769450
87904
6753853
688
46
40682
4762
936
92515616
60943474
500
453966531
45
2
140
932834084
23
9796427
659417
193173
672705
1406315879
65485
6542
68
9261940767
289082860
337136
82711082
917487465
505
6080602810
4
856797930
152839
951696
8080262
315642
9025
757378
95055337
12
91378044
28
639
4964
6632294130
9496861114
10100
169202912
27
9441537
8
71
413032348
7685089669
265188670
86200
99512838
2
5587758
219806042
686198
17
5127087141
40305
162486
1853403033
92265
7070
18
649
4
5
985
17
999454899
38273
25
405371
608448944
202566847
25
923965330
4546943194
3414128
35
3834
51164099
12237443
77288924
7133
4771696428
25
53579
8823475
537
14304599
610024
3994398084
62
29
7352
9391269571
58
1414705652
531838
6996
4118520
256
54427759
927081539
74659237
978293
564118
5
83328979
69916
2306
2469181818
773
7627673
1
87101
702
22594
9370
8658597
4965
2
634
492774
1
114
893239370
957
95793
8
94
547
229379042
76350
73
7476
867821
798832
84093411
58539
46
5486
7318661
618631
3048203534
7
1565124
17
77273165
6571128
6588684
137521
666
28553901
9
332
9
58
6
28701
4892465
3708550
525
43075
692151
4
1216712
2707
8647
1705171
56181087
510
6
7869196975
43322518
132499516
5
638751
648911
5802056
86
251
4452667
19897524
600859532
64
493740
87002372
2510767
824428
26396
532925
3524
305731
714836
5348251
43304
357
2350288
1298
30
9023458
2
17244
6522002
58
4059
936
36
54971318
174697
671
6
6114924956
62278928
6
7
312290
905253
9668112
3676982
8348
36
98
85265
76
5812787684
8
2
62173895
42430323
4
4530
4990430335
5374
59775282
261201664
4894908609
789332061
943
9777591
5
938361
8
162
7889724384
74971392
104676
8552
686
53339245
3445131
73317
8
76169468
81225
9124774
2968
229894
21958164
5
672
1011472653
157628906
43
252197
128
29167962
93
608
3289137544
86279032
4698
906740
902489
519084350
6602581917
5879570107
2428
667
62464240
9539913855
89
5326591678
7222458
860112189
2680
858979329
8224645
87206813
1757529349
667
1
4
3
83
38
4246023
49339157
75
77
1945806
2067213976
7494
2225310
99
9542717
20883582
336145
7
3
7473482
604996329
45771139
6607782256
631152
6535989866
95
92337996
1697571
7527063928
5773418343
113149
2759154
1
5
5501671
72
5109694
3
74234
93
418567789
4853
1537
497
83505
4031
801064
38548
5619
8365301529
940422844
4546
76
2
9883010
5231674575
75088042
6795856
25577366
73973
157
43463933
5864
9657820651
5
6781926535
517666359
111513137
883440
1
54500
259
9
582630
855461
181818
7476755548
91722561
4416
553
3103437964
47
728825608
95014
6843247
16181483
2713
717
84357
99427181
93225250
88
860
658385
8556855
86
435480
279
308019117
8341051
5155
9984773206
6699636
3876104
64
7854593
21349113
16
165
677192539
5233
315898585
422580
8084850
351181628
2080
687
5255
34
90979116
335
103
7543912
2018948401
58033613
9955
5
28617348
5418873160
1965
64524700
30
9324797
93470680
803635203
753
4821258958
2760645
824026
5794769863
9733
73
3165
68467228
2
69735198
3473914196
1445525707
8118442
74693163
471075
518
75
358
72
5185
1021204911
47572504
40093
20415729
1562070432
54404
484
213269022
2666
97772
29
73735
40639339
94335443
4821
82148
791
4121039
88243019
381453
325
7139
4
15977
22
520866
45
9842466696
140544
6419862
494
332070
992502156
512932122
6637576538
60179159
5933406
5082257623
4706089399
386770395
66300
795
274951
48
182396
7166
25347783
744544
270
7771797
92
4353028
229503015
302
1355
644
38377
9
6565
5088579125
750
1891155186
95203249
4
489
15092231
928026216
616385445
83380
5777
31835969
3309
59134464
823382811
13035
40033215
52
892660
56850542
101976487
7597067684
82
9
9
3114
794945
5664433477
487
565976327
513424461
5070280837
7
278171
236431352
4467964081
94
3994113
639317
89
1314999651
568
15
8
42008237
6
584218
2429
138771987
7
2
433
8345221
33731700
856871198
20938
4387810
377846
8
43306
815076
1805137
9663
1246985823
3092448
51235
1524139246
180828134
7543268507
66720332
4415
20
7956
1539
24544208
803
4985
22
866117237
79560
68149433
8
140947604
74923175
4926
8946
96
487028667
968822
629748
857059
1691581
6282537165
9826931776
2194457212
222666729
1
472
1955
1
887198
381410
85110373
56327
76080658
8252
8757508228
502
30001
252107103
593
7865
3483392291
24412792
30421502
3
6934263
39547
55473
10170111
9134
58
797712413
99
38
4093965
290
5625465996
691
16
9305
95
7
31
6
14239
6261
123
4708
114
622635308
6874
90505
5604239769
945570948
2226198119
435710
4
3286
888283
136909
289945
54661829
14892102
812898
1756
924697392
86145591
56708608
18139192
43052288
4063687
803835
474
50544
776577
81625745
49
457562
829
4946
7
1046
5
1
4520787370
6401413121
3
7674065413
4420
572
4
994156310
435035
5104756144
82226507
4736532
8402333
61
14988953
324
50194760
5819466892
393659
64
8041
1736275
25092
9
27392919
722245
70438
604676
156
504928
1818390
943548430
15723
55772
4548071
668543815
56901
5449
43
52
3
7
9310220369
24532
5148540
1723
1967
279582
9677109
927646338
3
3101070280
97427
32175282
123807252
4081
7
10810
165197
401575618
45782
9300
9281
889
679227
462384
4671225
39522419
3177
373407
575009
493989
96898765
70234
341046500
98123617
892072
7572197620
7310357
1
19590233
369557
83357497
121052911
8
5634054579
9
3999
4337484
35
58390053
836968547
684486716
6015189824
417
941849
755
9444
837560840
761
5102760
9
1
64302141
9
581994509
806043502
9
96351
2122313395
9603115916
5910871579
86
190663
4089735
48968269
68591
3702306580
36350
4031
5
8
4
44093813
5
7524081354
43729
340963
7249596
89766813
842238
9683
2709
808
6079946577
5179688020
7718827
757
3
4
6915510
572
56
657651941
1669797
27
448
57
5762
9
94287
17565
6239063181
71
8735435
32553
5625250
5338
430388
4806882
9367454
3263
57893617
212473477
5530
5
5833623762
148822001
4435937
513912
18
6396114667
538646
25363791
68962449
67748628
2457614209
8578871
8111544
53
1443
567
3142
5897543128
814303544
3829799
4363055434
905416475
371074460
835991438
44425
7278167728
924519259
4237
546391960
50
36174
64
6671
7865194032
7213
3997
1682646
1876226
8526
1855855
54
57
68
214
967242
69
5540
551707
850
85
70311481
6064961
68563030
729
924984909
539
14284825
8594497242
88235666
3605870851
5083
1297197
1928
1635907539
94729
5268797
725
18923393
6178
3
20810
551
950467807
335
49
96604400
3943
8041
3
43106108
354
90
8
173493840
4
588600599
6
7747086710
531472606
8
14
77
1007377703
689
6
3948428280
628366050
49882
898803
51
21404
63
22
9
440380
8189126
185
490
2615496161
106915
724
544427
6205
7979043
4324301
9113
1619
3658638095
4938047503
26
5
3345709
2950876
5
15
1
722
6894371
3123498
69717
6800690
85325
5786053662
14
4432839455
945
751432746
3695300
4872268510
17322
2
82
12630928
4
57789
618614
30
968
3525
9102
6163034
1
91088297
69
7182675
5
511
975057
532428
654640
976689
262096278
37
8482802247
459
1
4655626150
193935732
897083177
82243
40204598
17476
93492
6
6260373280
238620
4973117
414524
840677
3060295070
7011
644217379
3273445111
8800418985
3485055
860569
88
3669463
61386425
82993
990616
44
201182061
445621
78806782
6214587
4880
41681
13
84944909
36
8203977
47
579987887
9
4913
167
50768
8
809285515
8813107
62
1
26316407
18638609
1096845
5084196
11904486
555492
870
805848928
794201900
84360560
997498
726018428
8
4792
41
6716547
96568
2224
95459687
642
6
889
8354473
7
868871511
1415
3
5210446902
78
9
50925850
33
86036
263481995
7998370399
7097062
2054774278
7
54963259
28907
25
1727360
3
55616704
7788
28442983
4
6868198
79620254
10670
56600
212
7850788975
2
507
356
968008
49247
8032971555
2398
281
56
690628
8
15504
6843338895
74054205
7964356144
582871
18755837
8778609
1711237
56239314
14241
493668
720437
6051
620100956
979844076
64112
3
4
343610
80
46539
424317
1831435
6148662
1782380181
6406687409
55115
7328211267
4509
1318
5930653321
9837920873
55031272
3
16
164443232
3
526
34
8909517
4391
7
5318019133
9174754055
948515540
47
161
7942
475017
894531069
4
939349786
1598104
39
79
39
5
28500441
26
5737
11413822
4626
74
81
4571
12
8
455045033
45153
3220
22970
4153099117
6
118993839
210722454
8529
4384739363
438
697941
668988488
61931
7398
83269399
6877630212
14700485
5840910050
64484744
618771
6591
8094508
91392932
186745121
346
858029159
9907
7367541190
9516
7435244
55046
1114229
8
77793389
543
697
99
2546542494
44617
99
115303715
3
4846245
27245
552028
2221652
285916
15808805
768631
18423406
442
109132
5958678
101
2562640869
6
8932339411
19798823
1
609308
5003
351216006
553499842
6
2
1385
931
5203082013
92599
72
72081
59
998
11539560
4801
780299
537689
2878611
3265423616
6893
804003045
660684
60
96444422
63
909993763
8088
2203305727
955607
11752750
75142
1981
87
8975058217
9
49
3
20
42
506
459541870
7
428453
838
8412
2909893386
826170508
656
28
5671
90
9612869
7695552
1856996
411589748
3
26
216440046
94421
404
12
99390
1
68393
834428301
3609439804
113591192
2
84
7259525
971568
601
99008
621
327
5914575
660528
935
917
31762704
81288184
32950382
770889
2359099103
2668815604
208036
796489
5413514910
215139035
9070163
214993
9050398002
122
8543266
4000
114952
5990732554
594
584323
2
9
19362118
83992192
4345551
15
396280464
6494
350
891675187
54
36237022
9
98
79
28412106
4732625
335619503
25299706
102337
528465657
461
525
626801800
609686
410
149
4764473960
9329928135
178582370
6016
55590
5442797
70728629
8307
7158546257
1344254
21416590
8736395334
8589
97093860
983468461
564336
39906980
650
8
778477721
22
31
847
967
7
8
6177765
4664323
6301
29922832
8823450659
29063
4363809
6992687018
6952
89151026
75526795
436
720
57
5961574
116
89864712
62803085
1704560236
884
502351194
1028052585
94439
745062
417343
721256
43164
46290
77237239
485
29883850
5116
970
3455
792607724
5
1379
692067559
191750906
996204
10
45
73998739
459
8064054
7821795937
8380233969
1
67684496
968583
418614905
511648
3864456
77674
5801
1
5
4
5955875411
8518511216
413214
415880
473
6356
6724
722
51
4
179265
43096220
75579463
3100
147
875722188
21
503
143270121
339
48325287
4888
562983017
7
533434
88548
650
874858
6
24597
7808
5378
4055639
92056
80449013
9204
261
40698711
21417606
44649
46814082
43154402
307565597
8284071071
165473
8
404490353
967696
748
98371
696
873
124449
519873298
392358317
831022771
881743
203806
99
385574320
64905657
555864133
4
5
43457
3
64728
5497684
8412302
2
1
579
69
5956
454
4
562
19638
1
57479337
947829
5984
64996
1404170
205790
4016
3160
25451902
2
755554518
9637105
62
185534994
874184
323863796
42581
36182
4
584
747978082
32173459
87530
2
26
75
7216146300
84967026
148
22786849
5463151
5
39
77
7305675
721442
5604141
96810245
616193282
832823
3
10
2850
1
7
5561024
8766241422
702
4
801138702
1396
3885
592616
5465036342
838
34
471915
1479
1334
798659280
39
2406642
621
9154047675
23809855
2777
1788
639445628
800322255
98235
884792868
39884
659087882
9052685
6221887
7956
67853
391469818
350
7720309250
76831
885304
42150100
967
12496771
681404
523112
548037
540559224
6467622
47
527631288
6897
53738
5615721864
864205
796868444
6735424
55873247
5654558948
67
2116213
5
56
76
16499640
57737430
4412112
109
17
284783
4445964
76435
4724737
4623621200
5
9195647
9576
7443732993
9
600
393325032
60
2
652
586988
313437
30838026
9727062
6550337
6
9181146594
726329598
98351571
5184914
300375
189
516277
7262820
5885460942
80
89
24271118
1183
5130848
19933
60
9248
59864812
766
823884
838
2275
9125518105
28663427
5014
448785
5910623768
5563955
68552
517878002
590084
1368907148
3682
5017576
1414
167241
996916451
35
7378
12414
678051
2222646
51
335072105
29353766
8
37388
54
31245
3067
76093832
421760971
765363575
93187967
469
512100662
8
398682765
653
71
6
8480
6164
80
2
826236037
18190
49
2392190172
417449789
49033626
35774
3
2
23
923017413
6162412940
9977
58
57009832
2514633
372
661
1
8554252468
91927681
270
5
9
22371
2088556446
1
5849476
448792362
70734
258544
953064
590636
78549
168
40661
17
4
64
2195037129
85798
4920728
63
72
611
21
5872
2164672
832564989
787
8
713
16762394
58
1531673291
92
97668
30
17
360119336
2
8676
2
2743444
622
5259
77685999
326443699
4
2529
5191651331
15979502
6209
6667830388
6651
346584332
381
6
123952950
9203834
438708239
6713
10
6314
51719
53373977
75
40081514
48266833
65914
4971571
6562019
60209
7
180116749
37
954085
2241781339
417543
2977
491203811
3
4037
4465142037
564
2325890
7892797
71679801
6
4035024352
4
7
7
856506342
20183
861964682
59
7
4
100486
7254314475
54066
457429432
671988323
5337945474
45
41924
8
128034289
6734516392
67138
96532
3864639
151
77527
84
2545
23041
2291439
1213
2978616
29469335
5
25876
86785
8
1378
637732
64861
5963723589
7990857
99637152
9400
7246248
30
32371
8917972
123
81
948844579
700391
8101
663552
7481956496
6
70791891
4029801665
141084280
693
3717286
432
9194991328
405631
161
7071295
9281
742659828
108542
2606
19572535
99056
4036109520
677669927
978736
641815
244509805
868
76
239448543
32898
545831
737593312
56026287
8988521589
61707467
33
365699659
4
794716974
8
867
35353
26825
783
4
34199333
5850439
7477431
77567389
3
8943940
608568
61
33
260
2877295
1364150
385
727
7
9
1957
8
13
59
8222
9932182802
102317
221
9496226817
471213
182
99
66
8528
1561798
9
6869814
9533729195
862139074
26
11
233671
574877020
1879418362
158
1
97984802
54599543
3
57
4224074
3744
3466103
749
2
803205750
8
749253
21341872
19
891
2
13847
47353514
932056592
59423488
668107
566
924728
16070
138
1366494
17
72702936
6
6730979616
3710
79
4005867
7596
242905
563269620
85946
453374
825414
8963
87
2320740072
527
2182
479746
92
46
99388
178504293
4264664456
5318145519
4744395444
865699503
1
71
840
940
6270443
98852
3745825
6879422495
787
2710
15614
75110
870751
9790105070
5267
396
648
629794488
198
444729
372576
46713787
1006
147
838492243
29634791
486
869045994
194674
906068049
99194435
319
37947974
9
4206823928
4
15842565
679
7089
2409631793
461
611583008
9869
93
388
6985326472
2088283835
456002830
6
72062399
242
76
3
279
98927
422682144
13
759
75095
69032
33149777
8271
3
78
700809
12685131
44
765761181
76
615889
58701
54408125
4635425
9135
7
5752112
698626
6914
871
7565
511
975991754
9
5
239
147
4343861
3172
50
80
6269
9857470
525993
1509348
49045
752322418
145
90
56250223
87998910
1099
543919107
76871622
8402
83
489275
6163672
17690915
91068607
7477
31
1827
492260
9695027075
191478
815
7089344530
4559138902
15782179
6328
5337
9584418282
56
267692998
734
270358
421630386
3383300
265073
892050408
6614147673
99639011
954
46
415031522
1154401
702367219
43
28
797
99
2154373
53
876300303
3
46
9820
2958
571592
1057391947
99768
1
9015908
8565347
70348111
15153
196535
98789386
309493
282858420
9964578
88857
21077517
2028
12858872
7864113179
765489
439744
147277
880548045
4661693
3288
25
21
813527821
5362
8049057
1
557623329
703556
7682343
5
73
41322909
6764
392358710
91231
561836959
46526
83445
67738
7622
48
4894095435
34494556
744878364
523
3458
6000
90577
1567966
8639
92101947
4694483
92
40
231928
21986590
9316
6355
5088026
27970988
5
31860
2
7854126
552406
1
4151227
1256968547
94
66
5010577
20642
1
5
5927850
6119584
328890237
181961
454049
61
68791511
851421
8871646
397342
225
561835343
5735
39959
9445
2
470598391
4401
828
3989928758
9384004
25
8147139119
5
4
779132063
689839522
38
99256514
79238
525547
64518851
8438
77553
35
15688519
10252660
1015730
92974036
277170
9
201341297
42
5266
7
41
38059
568822346
960936
25716
6
903310386
1738602
4141
7338102
1371
9516
4759
35
37
6
5263
69730
12671
899176
891512
21088
46018
4
3
526115
15861
72
8421447
93644
43243793
796
835275
314394742
97
5755
254073
939695
9126002757
524471
5708971942
7297614068
47418
131078
65586880
53348
4058
31644
2542943677
360036576
41
6
1503712
1898735210
5570
41106
8802862927
662984315
81274805
74957
6367920
6804
237
5
8374257024
7198393
4711072
7
12290055
78520
3
15
60241849
415
3664659
9452595
41458820
456
82
290
907067
391
204
7157313607
4091033975
794671
85778
4796755433
8
3
56594
15377683
2834392380
59
21936
80
1539524886
2526365397
7
87238195
83139
5830868407
6
4
74
889012667
8369054
40
890743
7198
4806406
60717260
72466388
35
66
2046372497
396
6
5
3733
3567627
56328881
53
5945
1872737297
237036723
58666
65
1572
8564
53129573
32402028
483539706
2
5
3490
916579
3032412
7493461888
981
1526565
3556421994
61995869
26
753
5692
736731738
19
8185930
3517571
9831928
29441179
15393
73
409319200
9
48
16503464
179129
96739
56707440
7744
66913291
4694111
9
60395519
1551778682
6
2
612983
57198727
8217967
6
90073
8019
530350
8264
103888
7037403519
278030
1
581302
4270366748
244004655
717
6490318
3019529115
7804
633747213
926861
180
63515
9
5
4
4
779
5523096
6170968
31954614
149839
245238
66702
6724594703
1384504
252
92911137
827138306
4
221
94950372
520622
80099
64210419
28186023
699569212
876
669979
963379084
661520130
88786
95069266
35304845
1
76072
27006
1760732090
181
2
96642
897881
12680
18578909
27324
7992
3321050061
367352595
1901361435
9969
805790
412
1552032807
163693463
682289756
681240261
2081090
24972
954618
6500929954
26753881
32661779
51401
8736516
57885
9
686
6623111484
3
514008269
74455904
820
97008791
3154
752
641
3901984203
11345
79531203
91144
562
38408504
4309638137
62544
6680315846
17074364
6524
740067
6329732259
121680
81150
7
81694
1471
50
6261930866
9109171641
95969550
194
512059
619392
8803
7702057
65
460
4504
147555109
79
497870
667
196
79979060
3
98782987
16763070
745
553207
28597684
91
635734104
2811336456
288
63
436096
700554765
369293142
96
2651967
5104741029
940
5
62
6627
479969588
63
59639612
424
1143200945
137002
94968082
1
3030599482
73
95
26913
38180174
75
93
436725
955393439
291
60090284
1896911391
407798
771469831
1594
5299
71586675
37051578
7463777829
4783784599
859700220
1696974903
281870
2880476503
58858633
364
82
371691749
91
6527795115
571
83656
9449761549
701710
842695963
8
9715
8206928
83781
653
9254749
916
74452
997
51473
1298718
57278
258999762
3642353802
853971
1529108855
9991983523
97012664
705
76
66143247
391691108
6279
8747787477
2324
106
764
215699
6
7676997464
7
79742644
4717
7
266427479
341347274
2
1
304
83505017
653002
2916715801
12607928
357528365
4639538
3795551
5
53330655
57906753
430440226
691418
24078958
404741879
865309
997387
3587
55260
3
2347000840
1363060
1273434929
9
1
160453
331
688260168
5
6830
9612573
525396389
879
92514800
6461703
4795
7326
437989
5184296
103561926
350
42849531
536409
542904
6
1212532863
3936838
78477448
8331589
21587
332793
87395369
35432
91149
585456
942
8
39777
744053312
5662407421
149588
1706938
3710
1503674
7485314
5169
3819624795
6823
524917
42
2360
9
78889
6
1107527
9
6
769555242
5916
6
763
4412884313
2098505658
6683
79
41304
9166808248
192
570
196079391
76
7109813
5462394546
69425964
151879136
158356
488490
154906
98
53195484
4150758
8162700
198791763
7706
6
486155609
1700959769
44447859
5899
1
68
8889924313
38281
573
195
90612837
75353
189067
1436616
7680961925
705847319
805734981
67793
1
2
5914
7856609108
6155163
535049952
82635582
46
3
31
522
2972924481
28590
298642
2403778058
9045
55417
5889325188
7326781
5
38441918
304111
29
259
6688
7
946
42840809
4687180047
5598
886191627
676419
246876421
80
1199
49
3959
2845482
27829404
20986193
82924230
12868
804
2702027292
8489
427704479
632978483
1472881421
63
56
10621202
8
6844292493
444
1373720
78
26396
32245
328
14756273
83286432
365511
6869
4127455575
44
510280972
859447473
78
3360
71836
257
9580
9
24708
7578
509
66
692158319
12
92021
777838
852
9537678960
838984
445458205
4
8374
283356071
3562877
74766541
725476
805670
228042359
62
3
1966
1653
407
3937138
5
3129557222
4
619
2845257322
9828331
4009114759
9
5842898
254
8839491042
3794738
754316
22498
3721012
3811
73529817
6481053043
10
4
66
62228627
39
450
211734200
445869869
983
6
1089687531
5
2930307
353131
5782370081
661819478
93
991
2
304186
436
5748
155
6
5018114038
3057
3504208
565617
827404
280477
85
601894179
38797
7548
2922
75834797
92643043
91
95591442
390968366
213817
1
77297
8174946009
6
5236
57
7476193932
295
18
1507654
5755059
3
8432
67681
4962646844
6
51
6072783
64435
341
9911777163
32
346477345
9856
90077407
990521
50
61
8558126804
8269
23
894708
2649130699
7
85640705
5045
85610295
542167
97931
4
7184614
705
80040
9056
55
80419
23
793684047
6714699375
141845477
1550909
101311186
7804874
687497
140514
6634237697
854644
3340387684
74
9
961748218
6293
9911833
5839
111732436
57
4
1619
56225
76
1792
25188
29536510
9
3792035132
2712382
343
2181822
2171034
9169
22934
1210
2
25435632
6052
293
5
9118
588735
71595
1
2242096801
409
3
294
6681044072
42560664
940725
9386096
69
94
87
546954513
208420992
649183758
366303
154
6920767
253542
21
167201945
2444429
283
279
26856
5757573989
5
5626024935
285773
65310067
16
1608533
4
12
3443
4
750125
896
824092289
89876
94835328
354233
58
653417443
1250
966
7484920936
9876
9
3
2
2666138
1573
9710018032
9049
629143001
6
22
86831247
1066
5108535467
12235
8944695
132673607
52155029
890635925
38189
3235069348
80302
1174462073
30039
99608051
24478
85084286
410
5558
235647
55231
98
26143633
7031
5965
300416
2681
990245631
3670
37201
383
83
15523
4
22684
6128085297
188
8
203255
784120
4587
8332115908
47
4124
3121
59954
5249
42038
3014893853
88130
147
3
288572
786553481
820
83384
498080573
5165
9195403
23823
743
639
199418
87878
602
33802
6459478188
281965
2161145
161783
953
70
89629770
29694
8487
76862383
9
746979148
2649371649
9524
21
2894929
66219040
9
838364460
181161284
9737
99236
71
67196991
3208
2750859
92828231
326
13
257
9903763288
154279034
5
32
4998
6
324464
63701633
56794405
1722033
6577793450
93383970
5553
6
8887453
21
8877
614
6307
9933
977
8292409
7998135576
2
58706
23996408
954920434
23
17658
69675
2209479
75
621877180
16
34199255
55142898
446
16
44968145
466852
9985577615
152961029
191044769
62364366
120233718
61817406
642
60741049
364
6866
787
4786697
68
8677102485
82845251
54032
54154
8025
8013
29964
7099922223
9787519651
447
689494
6976
4525904
680705
1178
289609
5284144641
4118980
622800
88421327
9793
4336859605
1
9251
80574
7
90
81521423
306585
25107
6955309944
976
5
87127404
3
95939494
896
6156543
387533
49614312
4470872
2425
8803
1709
213846
29
825199
297887
785537706
112071
91
181
123464776
6713
8358842744
3
9486157535
5
4
6311670147
5
9
3285342415
72
32
708602490
57249
11353
774424
34905
5841066
8616
333612990
211908680
753
4
84107
9
5593691
596
439014135
4810702
9087
51662875
6653706
7047970
2523
75896
96196
7867104140
210418
5562402
60
38
3239507694
35
631825
1711704888
6950123508
560
218690666
74832215
17039
318802689
787
7528740
6
49119
730
663495
62358
389264622
964766
784449
1820189512
7660
38398872
51
740
2924
10681606
474324969
3
2178566481
3249
2626930318
32
77
9000418
811
5449990795
8
2976
74053
6387295
552
78
5
498
5608561
4
55295
7355012427
526134
4449360462
3319
869138
11005
50715556
7
222
98
7395
821
505693703
325
34440421
362021
927583
83072
11607179
50630969
32053686
39202335
5749600025
1367849743
23689726
518
52017
1797905
705206733
11636509
4380064485
8683
577664
6174339988
26483
259074559
9968744
6
262300
590053496
4486
62
2596786
97002
42
1036500880
20734
55157
955540928
8642178088
68093
41
98587
87984936
8578955848
222764
8
5301
11779272
783718
5
295068
17680
140120
66867190
5974455
55351114
65836299
3333314
1
4689989
31865
39186188
5
638789
4019057548
59697642
29389049
2
7
3923768471
8485117806
754209423
8364436
79560
2994062900
978711639
49815532
3305
13179729
127
8
957
6253
31697
7318893
2
166301922
563
402
9510385
3
52
79887243
503663
3167694093
78415
8451424
96171991
25231650
33906
50860856
62137
967
1
6814
550
7376
735018983
562490
7
195662982
387
775954250
6
83761
809439103
869469588
31471
837
3805227
3
338918
25853
343542
5467
37633162
38472
6258655
67506170
113087
9087
264914492
33688
611006706
20579094
571978703
939
92931
414758548
79
8
3
4249
529977
6252300026
956043221
67839
31385
6769
37210
94921259
922245
33185
6677114
111780
2536915
6
5832524127
79791691
796871829
44
862
8279007
66
48357465
426
8789416
53277703
6600861
43
5549
9
8694600754
760936981
72790610
151
264239
88
36487214
9349284623
63954957
5
252046442
393936554
4563766338
856256
720916766
5
470667
7714
45417146
45
9389851524
77664
749410
9565277
9960805341
7127603404
41168106
351299773
9395276
89
311057
36697936
17101
60921
2129
1706
27534769
562523
99
66871663
400474555
67109
58271
8500300
823068177
827569253
37205
733119241
89
570
8118460
4449
757865
8
1
42479923
37800
262444
3528418
876141
6590284962
3
339171340
895920
21932116
16853194
606916
8538714889
6463
515
76982112
1954
515
76698943
967
4686
5729231
223663868
422
262039592
19
681977345
150
33903
561897125
5258111
33
872989
7
23
558601
431170552
51289589
8596498
3213176504
284
45
174138
1813
3189
7866
477292865
5114824
1373
4
7
1
65
6628603577
71972630
7873565352
39730
97894486
257983
7100140
4649948
62421142
9
9610659108
1400939
568555948
385173474
1982779
4388
9713
8701054
8940775942
213475
674374
949914725
8
5714999812
946800330
79012068
8408041
5
227020
3602
86
3383594158
84757
17641132
663
866
6594827
7878906
7
8375581374
7739
778263624
133
5968764534
480057814
778
2672040316
665
1607784224
14
68
5850
4096
7
2
659914886
9
600425
650177
9
4777
75826
236168
31
9791585426
9320
2399
4892
3081021
1434
107
4050415
9
8
52952053
806433314
5712233648
670
49447294
1291178373
93
79
2
7330
1882227
81973491
76
990526
3489
15183
923
169
5
42
903720
8100288648
4112865
27074
8146456384
2712
180360
4716139526
43774
591210
9
9110992652
54
4176347088
7101699182
2159269
60
150161653
7469001
601225
957
67
82474228
3173555
10
103795588
99
1104
73045572
33574982
58515590
4965398059
8668544
95
762666
88487764
37543368
86994141
24
3459280815
57
136323
230627852
7202249158
249000348
58164
7141988011
4625453333
488793
2804713
173
1045492
3791794642
45
710723898
78422990
45
3645
9650254241
800
98
7
76
91958956
718177075
787
1
2637
27303845
44568149
5767295853
4074430
50578
8373
29
74513526
946183
8518623
653
926695655
3
4
34
42
867
5909
70529
7
26
71520
8940
5118687
4779
99
587385
3791176440
9
9068700969
86690
764273501
8224825
631525
547676537
14
60
93
346
5233122
43322503
463804
762179
859821645
6
76288
4
76711
54162303
2028
16762640
56080014
4674692
691074
7569662566
7770140
88453
5303801
121
223695
1486466
11035
1107634037
13
3
930
1824054
498770018
6257993391
8360403786
598
64
2
3943366
5768
90572
49
7
1
41391113
2433022
897956899
9615492
2257
7573331
7039873
7610
353685725
556601963
63
89
190495
932851
629565228
6684310776
139956447
2
295
753632
77
4410530
615
14833553
314
7845656
503
228627
5973201
418
4028769
779335
23194386
862912004
99215244
985601
86194861
4473677
4
61443
59023160
49
2570452
6322337
3013801
1411235033
7977859
5752787318
1558113
598707890
526904
5
786671256
1
34928836
87
956
1800
7069
37202
7
41450
8
98245153
3833670
9999524
590876152
9
40
35137
760603
8737328
955829
64800694
643182974
458
76776
45236
3593
847
8
396913
949
963739545
135067219
8822356348
7094009
5
352633039
2
23226557
984827
42797361
1705435
5436760075
60112301
2
4
610687355
4
772998843
23281389
3
841360773
1670
7
20
3214903473
3
753375172
267109457
59
29021
3277557408
776470
2769312
672407599
8960
944994986
57547
8804
48929595
5577324400
44
712567003
369198
951036
384407
6585931611
695852615
5286330
1650736
42321266
63152
2131570
76632
25
619
4438538841
786797172
7000
35931
299447
11534819
26
5522517194
9419
25
658789482
305268
4991993
513
677024
5
34180
27772134
34167744
7147769
7
635281
2458
761
23
535664
1565
29680
8167
3
61
2898766
873768
667
107261277
275195639
51648
41624
96
5
640266988
4
888282
342
40987636
5984707
920570895
115
9
1723038795
121
7
28319
12
2747177
93869
839601
908
318099
6860393
930
3726680626
64
6177699586
89503
1840086972
29448614
31
93
2296
83
5860789
181
9202
25909
3753435177
561878917
971
885
752285433
504358
775
6103016815
812291
3389
824268
942
780
5425943512
217
6185
8996747
4
629290611
358541193
93
5937
931
31172437
980498565
85
74
1905928753
470096380
1200256
806139750
33807248
3935569
3484613
974
448756902
340235
220023122
1905852
4050035176
634767
1462200
701355
7229
564697228
6483479
82
93
87
472195
5
4157
974545
354013089
3
6298
47
5209376
77955
5012009
19025
25
3631916525
19071969
269
428749
2953705875
1729
43374
72515
9701
9446020945
67207905
7674617
806023
6241131702
4230841
7224579
77326009
666648092
861605250
5838911
58
95
671460460
56023340
4738
568
7
2
2117
51
8
82
7356092
6480
29
5026
95965
53
867953
10
128507
9497783132
909
112480941
774341264
77862
2
3487
9976
81813902
8908758398
61090
93
8650
95583
307069291
813
558
501
41425
1403800677
3512768
5491
17310
574
607179
3482721
361296
5038683130
1533
4
7576074667
38131
856152
5232
522084123
7447
76464
7
177383807
576
358991284
68029
4034
66739222
8770469283
371099
9123543
377
82
9674515910
97916
3677
61977683
4028
6829
2031949
2586
546
42975591
37
9187684
6516071140
138896
14479885
628648
19547016
8084791706
7231947914
838
941255252
8216
980792
6220262148
679318813
5
297174
546612
576
4968
5288862
353
88068645
337
47166094
5
25130001
178716067
90465
765
77
47630
6075661602
167401
402101
499
5369
259636096
5329921
136410
32147
705
14750661
934
977690125
5933197999
769708
8914
68717
85204596
94010
5102315
430706974
147767
49
42174
3660
71918045
3512
48487
815366
65344
87353
7251970966
58456
6535013909
3
4322028
9200982
5637
8324
663
9644
33685
5
1
9319502694
834751
36
4693929668
6560
5330
851
684412
22
298089194
11
5429598
83173879
3
711
41739
502351649
8
272
43743
60
315476
582
4790201554
9
44668
93
592498
6770133
888
332
92569
1809
9951098022
13
485264
920551
5628
91347
6855
506069164
94113483
2181996674
3
6636
70
9042188362
8822486
3014540
5382295
4631
738604748
419807782
50413
6211
949298
214117
64532943
645
6
515167243
33498747
5652522787
25640503
3075353704
246
559
419461825
5934013924
8
786649
519185285
8
51
7411
5501703
708064
537
683254
272
595
296158
2754895930
1
966803
616100327
72
8061
7
225221
5451163
2852788
27332437
4
993
4463073
5682
560894
188756912
4217107
729
1
365595295
6399561584
58944489
4
81112
557876
230286186
52363
69999647
3590015121
369062211
99113714
9512550334
581
7869741
428
5813
214
5131
3987
439
4
685060511
9683271805
6360
952550961
7215934
8
23203
1069412
9
775125
9
40881669
6
74
9
2
7
8788
153143
808
2
96
128
2
8
4585
29095855
37450
85
718
147638060
1851617186
17792343
50832786
999
28374029
6669
73486
5705
79989099
82053
166
2988
501
199381
562471
1376419806
7
198
23242
874
3473
9
145642
85934645
55588
88346
638677
916102
2
807
2042406350
2327180048
141
2818917942
502
8401771
1218986117
75516
282
1520711
877454056
5027
758360081
399653345
4307064
37961
8279
920
7890375
1415610416
23
458205
667377
152546740
148
1848519
7189087
684
786045
12210557
55205
139
6020847
3059152
18439711
2323773834
3451
9
27330079
4398903635
57285382
9
5211
4577
6
7
4972
3490373
64805
242113197
1799
61907
212861422
64827142
6675586
3544627765
245562712
3594
3223648092
2301760
34776
9157033402
42571
1886
879
8829013919
6319
2
146
825
3
619978
20138
823
8271
2
87863
5
882610302
6910952256
57131523
51978190
961
68762260
331856950
7182215
525430
229971
9
7882436
6608040237
170645188
1
7
36293025
5504516
8
508
42013
73156
86196845
6731556948
67967918
1063
88757760
5929586
197444867
6235
20401
2444038342
48
656
205275
416
19490
853
4
3225802605
771871911
34857287
27728
9612
202871126
44
77288
4918
7104
779
96594171
182905507
89
62
14535
681905580
591555
189341
7530841
62234
6737956
8741322551
757617558
926279412
18123
4
1065216
78960058
87682
5893502
2152614
247727
48
65239
329664542
40
28572
46811379
727900626
4172
5899995
7526952
331734786
2
188
3724425074
4976179249
22
8880076
2764
258573763
26
954798490
6065630662
8
859
4695
4
1
4885284660
2
15
5494049
9
33683
806828
78738286
7202575670
296569
9342164
709
3
52074
1013
3563184
81405
5849249
118523
6521488
5069481
825856624
7647081121
416949192
5086
476199218
57798117
49796367
5143
96
117163
3966
375979963
6
52
13644
7456301
538903
5
19401301
363977050
1385
1633659683
9170
4
9823037290
200917531
9
456467
4481678404
303427458
311077
97377
471
7471528
814633
5324875
396
86403117
286674
33
85633879
91
7527979
96673764
802293
793
886495879
15214073
47728151
945
492
7549259
9
89
970
31033
82
7856994960
7
57387
88
843
4794886733
723882172
19062
8036917461
50477522
7368439551
62
9317032
26
7587646
435
89370
5
136648156
9051284252
5
9840345
93
25264
127768750
4152
46924
58283
5606
51737
338
3434784577
4833
564871442
5113793538
788
249932781
710
7632189707
3014059
9611825162
68
9164453803
76
3794984
7
377292
5912088402
68
525
91381738
9758666
5314179
3
585
93520
92874883
142
6200432224
6166556
62
2110
962924
19393390
2379525086
115303
1988
27492639
565074
24
11252443
289905
23
9764
9695033
50
73203458
9947945890
920953
91083089
27857954
33
573947511
5606884
8739
55672
332997342
5056726164
19
13933773
8631711359
1841796478
61717896
7
858975155
8471527
8253505380
103
38618582
50
860493628
7707860
167164201
8675253
29
711827
1
675300344
30971062
3
8871832
22
4585371
9786345867
77104
65377504
8857127
8463937
52504476
7
9131715
15
4750
85
943473
13742852
14774
1964
456196
57477840
63904447
3228158004
43872
808043699
11661
1937638797
71
9675504
64432958
66548624
825838
389751178
812931511
653
47127267
5864
119107954
95557974
2620226297
307944643
35819046
4919
8716
2
8833392992
122902692
4176315
49816150
3
58913
42
411248505
1341502651
3179497
9
746
5
5
2941443370
9524
3935
9236
5976
78220
2835613
78372
3994632
54532
34
57
196
68470436
746165658
8850
6711144
7163321
20021
1460864
50756
2
9696703
133
560567352
155575
703026015
22
1605129424
4540456137
5160520908
968
13289151
7779164289
2185446665
426493
565663
152
2
228543
6096310433
99602
731
1674010
8578069547
7
913
26965412
236
611693
97420553
4613158609
5548
11615
18
9
7022
239970717
571060704
69639302
4
543695884
5
4489736486
9992992108
3120
5
21
322039
2
6303
960
99840228
408703
80558612
936599
51400802
5917671268
7
371
48429600
747996174
19534
34429351
997807
2178
83423
35
9161305
110214419
400724230
261
65716
39
4012213
4413318904
684857
1
52
2050
24171
511
42119
426189330
615402610
1
4573534235
869
9216
5675
811364
3927341
3306378
9573343
9
948
6968974
7
3618
116582177
5
1
1861194
91289256
9045898145
14404060
6707397327
85
8206417727
872796133
307206295
594255767
7378
39202
62803847
726
552
65
830166757
8972
80
8
36857
899673
356216
40124
20658
45297
802393
464
4678936907
384
9598677467
453
4
9
5170681
31
1839
52442
96361052
61
5
5205688632
375869
56
6586
152
9396740
3970
9394
12330789
4440
4
8881977
982
54821
99
5280
829651
2509
15978
6156566502
72839
742
3230596730
7
483245
110
9684
96754854
664954804
7108114093
245514
3983894031
74498
1
34487
485896
46
6581914
28772
32124
18334527
30175
8151
8944220
812971614
8852591292
1
535986714
2179166
8194442
824334958
480
7402677
78997
25969980
9176728607
8606647699
22143694
687646437
1855639627
95786
7511800035
230749726
985
4154896
635680361
8242237
49236956
2440884202
3
619299045
96724710
49253807
550718466
3066
8503449
2108500
9871
46621
97
273847301
95995
93
160951712
764055
269440648
914
2550
5955550
3233290812
2188515
80762
7962
978
33
21394
6204300165
1713
52775817
892
4179
421508
3
2587
1091
901026
6
9198
5
9134800881
3920614062
908005517
40763
6127588
5281
8870
606
7091238
655163
660353217
4474805
7052
1546969
3296908893
8348460
30210088
75274763
5064
6497
4
170123218
940320
39585992
1
1453406545
135194
371494385
2
5546
2159
164
4449737
2439792872
11377209
3
406
76227811
965
330709
99205
482
32924428
9719197
4
3
16
683421
1207738
506076089
677681
4400331
843063
3
7708796263
2245
3234713950
3194475701
3872135803
70263
7333167266
7931
9253659
3086170717
990
373579
14594942
67614835
825091938
2502956
592452543
88054
7
47844
29863031
352832782
5183107220
33276419
1211015297
134859527
96772
81058
30
38142049
341
605
57940
281661907
9
879625
7
584
601
2359874
712
6836
13622
35047
1489
255
8132542375
102
58007
936466
920966638
91825880
56672722
7694412553
59
80444
24
4770675
23758580
63
23108
62372
78110
3402
5
28
1
8900838199
9064807406
508423602
109664962
82426
784410009
4559
978639
61022
111687
819322650
2687506
816416271
3014371
279359
77163870
321721
541
2313576
8199585394
388
9649
98
737390377
76201
57106045
6612365
381919
122908564
984
25
8
727346
23334991
6985218262
516196662
7980364
1777327529
555110004
138
6731491
3
731188648
367046497
40
566978423
9681
19
160898
1694169123
81
4625
776051455
9896815
9745906
667336
5030370
656084990
109480423
1352254
295
8
6043
90119
3
75467
2612
33487827
514
79791
8771
4962120
2
189
948
1
8120
476487824
3
8
75108768
552327
6
5344812488
5792007
4
781743
3808510
71532
29724403
643370683
340007
90066
376
6
6498697046
32901673
7270755
356
773120
214133
3060
6753
3858908
4339757
60
6
136
4
9
7
7
4099081746
13525930
8824355410
7
10982
4387
213
92
9453451339
6
73726146
65
3022
7458580
809330
9688620
2033019
816
2
750844419
8
98
1488269
605
84778169
16786443
7035609
100997224
921122
636
82752
5680378
17
7347
10901060
3
668011
74255230
1897148870
3170103
212206878
6813337
980
870105
742030
68
72
606
552785488
757572
655
90
4
879
914
51537409
482384972
1291255
488
9493
449204512
82290
41
183101
2
67933664
11795768
72
886
8
76
4440946
4738
735
8
3441
214927567
6734076
9
519193
36241609
54595
5038513
738
31440493
8209332374
15660
629
7933380
7
486403457
1
5762280266
45
8339
5148974918
52
23319374
2
4758044
12009646
22
625939316
695855
28502064
823537
4079668520
5
8591173967
14
1041
447975172
97089
5106
37
918
937731
2189411180
305
623330
3591145
2
1223683610
84
72427305
3190
2567802758
2618941
508
588251
869885227
5317
75061179
27745440
16844
3537139
93
90
110105
847528279
2
39
5760295
6169845
242534
625
27588226
25
9130414255
792
3721783
49491
19579
9540890
41405
23106155
634345413
233
2379894490
6
81757
53055
9445
942
5889
379
81583
9815
70378
853696675
32504660
9
73478
60126
89
13014
732664
2916200
5426
74
502258284
15557318
57878480
3652
2429
61
14144290
465956
7808808383
8852
493233
60891028
521042459
35634601
28671
30248
28
6614
90
370
1546758
3113571210
90499788
67392472
5
32964780
72
5966683
40835277
3735305
10418
646
748928
283532
6525217
6
86022
365017457
173535483
73408
96
2366885549
570496855
9031276181
67889
2105176473
4444668
90080981
5000598539
13
1098
4175920485
51122
96
3
40
46830344
5114602
370969450
541505
41715
69
9903688
7858827
90420618
7660656
123
907647111
7288476
865122646
753
8174816077
9879075025
2
9675567562
142296
951
1836745
40750642
498847347
8023
95
433484
34784646
4284103
887166408
9
8
491761
7
6478
62840471
999
4257
38
4774271
45291
70312637
32910
5710802
52
13905
540
68
273
41321209
997402904
814
35990572
703
571210539
29
2
966314484
245542
825958
9
77
76
80148270
58732
209780
7691056861
3544
72501647
5449765304
646212998
72738
36
331
465795893
188948563
2099
6645641
5874528403
5596935
4
7404703
5095187028
3302922
325678
33
5638
3035
48017357
509554
48822
907868579
4754
53
3
9376269566
127077139
4
810632444
1715885
4582111760
109
23312
50839799
3446
4490100601
91
6433303750
3197499653
3148868
957387994
45
706980071
22709744
1277885859
2651611649
24262953
36804276
369
654
8
442613454
674117689
78
6874
5861
76
554
53545
73
27608814
92
61787293
9
37
8902
9424
525147167
7691450886
41133
31139377
1
6899406697
81
2754903262
33
4
256944
17852
4
220757125
29960865
132
11166637
574147
9
7169
604565012
35300
8073709869
68
666640597
8463
69339368
553685282
7112296
423
38679635
7316484
300644739
69555962
2498
5
64
1429
92673
87165
4411498041
64943
446822
82683
358
14
76116071
3
33162
810
57
28
86004
74
5981963838
260902958
92090493
77799
40
806481878
680
54416
4784393
572
292
4793028303
5856
409496765
84
93
7
983389
7
2803
703540
7513558616
177823
801
1560
1766005
791
85
85651
8680280
589524
4733
5970
33821868
6799376816
2483
7097703
544
7534208242
1954358837
77946
5525719
60037429
652
48138790
2839153682
5218115
8194529397
34898694
55
409130957
41802084
869768701
504
698145044
7038
530987122
35
7368623114
823318
60
909865719
21860
551
86627312
63380315
22
5376824
118
604342
300357803
41602034
71
10422254
370120555
78
1
83
8177
323
96569632
349848840
20833573
96398008
132349
6
711563
48928360
7
727014
851617325
2317215931
614
3
84
69
2131810505
69
4514410
5
96152293
332702
686497920
98
35
529
6792384135
1888210683
401020
4991002
725909
9372
509531033
3
548576
2391857226
98
37
82892
24978839
42
569
24804
41
70066453
439091
13
5626
324278246
865945500
992
478
50
6323
28134451
478772
3091558
1803
3302918
8
28
50
99476
199
4703858398
648714
21228390
2
443221869
220
164846
204677
88
99807736
66556
454648334
8861917
3270609860
461363
6631022
8
5650656938
2813
5
84909
911813044
128
8669067630
792595733
42
132596358
43797
3957
4766214
636575
1763435770
676
1782
22
4147896836
3290
5458
44
6008105203
141
40731993
70
9658230144
444471389
73154551
796
228
41765958
775243
5
45895
333451
46432615
32859
7649661437
3018656
7917
6
843
35
4014023192
544226
8449332846
577473383
6
6977441
71
2
18266317
3
489575963
6465932958
8
6761913393
62669008
6
170316
89
20
899324626
368
2303759070
1536063711
3938723
70812131
7771
9708745
88
686508524
33
507087136
9298415
3105
62426469
9
770867
84
4369265182
417213
3199745
181386
6
6
118512
22
427487
2
75531
10
1115003
46
8
9465463
981228081
49
886
3211533021
20083
190002825
5925080
246
394
9
684146465
7
57167
380814801
70019207
946276
9420
386610
449419556
10624
3661828488
821329
28095986
6714
23290131
6540
8
3
66827894
5989552134
39508535
937
72930
6298072847
824122334
13320
966575723
7112211322
32957
233557
6857179457
297
5
3738675
371
8829943
4888823
26740
5
157789743
69112
98563988
513
4
72961346
43048
3
5149913828
5290789
91732
74550538
9190713
19447258
67579
62063776
7
7
2303580416
6836159
23
670986
27
8
3127
6440933
7292
2782408408
21
34866
93196
934718838
15504
691719399
9830845
19
7312535560
5570416618
104837
82796714
1159
4
51
431947454
665
35
573905
49065
60
40
2136713
45151
4
210
6242000
90579
954640
70
66738
1495383314
519
60181
36722
922621
686256
8
41455
4219751762
4
3572
52143905
86713756
52126
15841
2
926664
257264695
17823
82615197
86037
22162202
49
79
895
700567
9475
4744878073
275
9783
415
77385921
3
4
8177
7324321
71
3
632707
8
43150207
4478965317
50229704
9074
111
252
788927
69111072
14
24577839
7
6
210123156
62
6374
51173886
1986420
192588
53
16745730
709822083
3827865
9450182
528780386
492189298
541
6
799564925
89
448306
50142232
259
907
8362994548
8699168
390877141
37293
5432763116
53281130
5
790
444450421
880158
53405
48480
687945
4232
1
71
98590
70504
395
898724
85
3803287
956893567
65
4080136
97352762
4203723994
69719
76814
3
5100841783
5334074
468
1254970806
5
5401800310
79
82941
62
6709718473
7
2960
504880223
931
2187636
9241957153
2679
7408636849
27148956
7
81238594
36605
3237034311
978952
293205778
6445
70519458
932
9
5327978
414615835
379362018
163725
72
4558
4400
157173
4213
9
916
12935600
6825594
5654663579
4
471
21
5048811993
128862177
14464478
311
61
97355
40971202
9708458
70772533
57325232
185014
54077845
5185
79
3439
4077
163
84
67
1913
9764225308
47834
8
878
2708203220
58821
657
81929
319
1
201096760
116649300
26519054
826660
98
961179501
889978958
419109
11048956
3524449590
893772109
108814169
212867249
429774141
6597
8061939
91567442
4284
2684522506
6698237
498118
37769
749017
9978
7
272
48445209
4742
12316400
30109541
244208
234194
2
3
86
71
8965252908
193402
4515732
1955
93
1
75624
37
63
88158
36198
4069488
168955435
57
59207975
8
679665129
260085
1085
901
2
4515751813
6
50868571
1884907543
15
534910
611597
505393
1726550
4526367507
25766707
4592991687
7255485
43938461
6
91668
5725798619
8740689
3570
95859011
4246
444946
9929704
5320564
4889
8595026745
7
281192
463457319
393594508
3
10
127924
118122993
3468513347
377056645
69974958
354
4614584
737960516
4469318
425857
71765375
13
9
28
59959
8201942
17587
2
4
8445872073
43
85370
862075624
3205
723453
742717
7
9815988321
54
995
73583346
40
773
189112
219
6
57
7579
527208
36400607
84813362
758
63
927883
3697306
909115673
364049357
86627
172482982
933579333
36946051
8481
2
75473347
12508
8813592236
8920
555
287630775
281359464
750724
511692763
111006204
51
91790907
4662
43019185
966196706
401078
3008196411
14
1344961
7371964
63462
8505097988
81887561
726785
52
78364234
1146
918474
94485
73874
84077649
832
8600411096
3348208
467877028
5647648
89
4981503476
8486396
699303
58243
67692
612372230
1632
744
97
11
6384155001
104
719
44922466
37619361
70808665
913212671
6518
494101
4
9546872948
76
5
177493
719927639
5118452
34086
2
2596
46
3
4
3660443
3941999
563837343
440
106309934
5528
732165
81454
1888966237
64
86918273
1
95
3475489489
7
2892
911888
4717446
409
758197
52293
3684405
878737
2
45256895
981
22792374
794696601
741
650420
1398014012
5
304751
88737887
317
274557779
3
4012466083
6664581
30
9193
911525682
356956
5257625000
265162904
9
59
56618449
9802
3
310874
1959
2598006
91560548
981
16
662837966
341
485407047
1503
793896
384
9029866
10
111140
6
28879
7304609513
466499135
546850
6987805621
26
2
3
9969709
96171086
112301
67819
7569739968
42900000
9175
42466
4708051665
6003
5396
642
20
52140157
891775031
62708927
1700
48195375
23
98315447
55303
99576909
1001743908
4553713
59844511
77
29242
5881
8942946
12114786
572103
7765168
75903697
39210282
148729
40355217
41511
97064787
76993
2454
14250550
6942204998
193253533
8927
9984422632
5486346874
693
83461
444
609
776
43863585
42787
451452420
89827
7
70429
9
8969995
7747127
12487
9931981
812241
991
78110
7616219672
5
204
271056105
61
89168
210044938
63
272
34
18166543
5350990233
4181
931
12894269
8047339500
2
45417104
89
7
631595898
78
319780
5
574
71968576
680787380
77138586
1420
9731889994
861
864104384
1
2221093
58139324
7801
2166241883
90912
17972
6179725
39
41291
20
956394
6421
58
77
26034666
6667031443
776
73
183
49
87
24588
7
7525610
6347
9
3
27267
6
200
664409
6436775
91437
1834
86
1808
753
91
830010
71139
6854
772
8
710
66047589
9807607
892309405
20262
73
6761
688458
950
788287953
8
69309
6625799
496
3366505583
6417676
9
6625176919
78
8938515
276602665
64
1
3548052838
650542
57697738
772314
932910406
97634
4795
7324664
45
458
5007399
813556
6757265
8913848
9
46
648
3223757336
4810482764
45506
744
12
2435
724
14
8431
4027718
9884
94576
530
4845788105
431067360
1807
29
12939783
78074
62738040
91107773
2701040
89
296406
4490002
6440384
554426
8654735
24
838
163366789
685682
6
63160550
99282263
49194868
38280552
9272075130
4513994492
394441841
647
353
966845655
54
824029
1
215202
8930988
7556020589
68836
25450087
6585
3
6237272080
13992
4160852366
34323922
9132186319
79743453
384744
868727365
289
9938017256
8926718
85
4210123236
1
345
1786
5
18096
663086974
601079450
64
1093409027
75636710
6
50
222
999425
7550
6
4386503560
64
732
4803
67732
805532
403
170268774
320
8649
3278
73984
9
461621
78182357
922689
35312764
719246145
250
22
36055
1555085910
88098
26126
737676805
90295755
346
92
742
69
72673034
469
4128513
5866069
79
928487172
794
11
7494281811
327
59654
6705735
15298293
7368795843
152441604
7600
160994
5131672
1738556
1844157
280513
4
7005218747
78
38342946
422
88042
1659034246
2413141
87711893
9809
797306328
72401720
73665
5
654036
7442
15
8271581215
44859
3243
8
76
7074745
69
113444406
7343
9
97
3
76866008
8760
6299
81490
36339
2472069
646
179366919
57075
18187
1
451543554
43388540
880571
95889
2
86032
23
12
3
6167995
56038019
74118004
4574135
371587
57271
92
3209881618
947
5107
9385558039
2
7661
20
53
2022742438
929600850
251505
84411575
6464933072
482
1
59254
56
98296748
333
4
4
7772529585
4305
9500279
88287
91036183
958520163
7
39425
435321742
45
64
70061
8515063390
19261056
697659125
40986
6289380
16
421
914
958500151
1165
544437650
475
134896012
923245
484396527
133122540
4383093
71
63
562515472
667982
33816802
7202
867
4422
166
8950917247
248457471
7961
46925213
58052
89
615
66
476674536
5
687361919
326
91
84776524
13510817
10181
4753
268
9378
49
8498
75508
3
4828061601
65025
1
7064674
24060
396409
1
463
621216036
6826044
3697297
8
61450
485182
69
5462
69325810
81
398507
56
7483270447
7087112937
8178898610
4325
5571700
7292
525031029
7338758412
57405
1735
43
811506795
372062
91
72448
3853912
824
34436
8824784
63966088
22226695
8044871866
6574414
9828
2362630
8713373
2051159
61815607
93001
9844
7641251083
3762265526
21119
140
8341156
2604871526
673854
6
1
4833150911
9340600
24
123
847646
52748
6081770079
78076235
80588
253
1736
94
7194194427
921431252
559587299
9746016744
969909747
877
5448304
444
4
542
207710478
81
1
7054
9307329158
4193783540
250071
5804
7138574558
43716
4033
1979634983
2
87
97935
3307216492
4933956903
4250538792
2
31980622
8
40518
468
88
1162
86809246
1857
8
2
63720
762256
5753551
320
54
57893515
763425733
1
50799855
862
84964884
3984
1082250
39174613
2434
64
3
58174
1
9765276
554887570
919944992
71545083
485086972
810737
293979
6598
17135
46964
945277930
55348257
90
33082
1673842
39884
410162211
19977
5082614085
328
1560030651
14
9141
8665
944
3953303
5591
666097643
3807014
310464586
7
6673395332
31
59730
21398
5685
92486
4357
25148
89
140
9606677103
56509
420
10992520
17409232
563750
3770
5344
2
951991
4168086
415614
34665
252953661
72092
396493
59154221
8
7730488
64
6202
315
3
3400
27
689663
781
596411843
456
4457105422
225918
1198
107536
930
34
63118124
43351
630931
5
26
6431
7851519368
28715885
4871600742
7869
874219
98052508
6127
9735154
5836939574
5261
4130
9416909
359571
9
2856
1
702315041
21
8
9635
6901348240
8139605
449771424
7808968
2292762008
479609825
753
6965689
33260
9386237654
696
6
59
461074229
2127248625
7832
8
4468
428
639621868
157
19
75
2375074
4369088
1151315200
2554144
168351990
275112457
602590527
7167
672556551
7208
8497326
9046197
3385
723
95022
3542003919
9413091069
26232594
4089597283
788
47812094
1
8069742
515192
478029
52048901
6791710065
80
5840289
39254447
8796851437
9
352
47
91753163
38666260
85603
555257
69502
69
4
3
6649035
1471752
6442794
202
49086321
4988504441
49891834
5487562552
577641365
3743272303
467123
753078271
707379
8053
2578253
8920520668
3110443594
41742
2392144
3490
51216102
9360
398089381
18017582
74
12
74245474
6042131539
574127569
6881
5579
3
88
4167460
15
2961268587
43140
444
787717
354
3390
674315
131
2940866150
45279
1540
3
902
3947044
7
80
40851813
3669275017
1965
63
213
9971
17
5
33815279
5505237313
766018
49
9106498625
81754016
19
37
764920
542317409
11381
2597736546
3
261010355
2675492231
29330
152304
8452333
2768
782977878
688635
75610
76235
1529
8
6640411
4
633811
97
16483
616
3532819661
1398096
9921168193
1488540
68
636
126729148
45591
518151297
4611186
3871852591
786
52
11
5
7750235214
6318241703
76
504136
513
8332
4337
805
904871234
987062967
592
7
22
300388
2186088471
58
4969771167
919
4743748134
3095
42487
277423
4752420751
986550022
5
7042
589575119
9135572
854622089
2753123259
2997451
687725
5007470018
16594
116
34676960
218519
160
837693440
5587
74025334
59456
4720472310
7572241261
12932
3619525385
4116864
116025305
2
3441252
430084
79817
4889999
336562743
167414
3315
719291
84
9275128
351794413
137972
71977
78457
9651
1075948833
3060
4
7757690
6232278576
2677838765
78575222
6715238443
2616213
93
923373
48733
420667
160284524
4
4458674
67
9
511945
7366556377
3369
6108
578
234308
10
9134
50660
81
8787185
6
9265946848
7163818
846886
655718
880006
56335
442124
6516517
6346
27203
86610465
97
664944601
589994791
63
3427950
731565910
6
59
44454664
93623
541296727
1872841
244377636
26644493
4447039120
7409564
865457
224700299
878345
98
38
9628572221
8
168052374
324877
7176408
45
966760
23233
2662
331686
349
7387310
98343
9
9300132634
1653
160544
6005
476992352
8
25085
12
8338511
94113
656
190702
165918719
5
454
6222785638
5925384715
289
6
439854831
5776
60869
354305383
836902
6458
6975349164
5778
4608
95
497394558
166811
90705125
114
4
45
157064
29317
6743367
609
69
60047
4
5296
637
6
6823553
39731374
236456
5765
774
2
27825667
69619
16
39712914
9462057433
66043
536435
46056
2
976417677
838009072
20319387
237150356
7771678
1127118
13
14443501
9
73190395
5281846
406566
54
6050412
1256502299
36208
499
98537
9937686
6108
7571752753
45906669
129
970
735
818213
87295479
1989462629
643293
6633801338
70715209
736509743
676
2754389
421450541
7564797
6250
3537
4006
747050706
9996296055
197
17419
82117
3816
107107
506
3110373
8108865
77741
98385
8185902177
74731
463
578716
879873
6
5
86966
7806474
9151264183
6311963558
8716023096
79322407
9598
1330216
124341103
76176594
76
1428
26
8866806
26
8792329288
91803024
573014123
2735120138
744
716297
4144717
2282138700
813
3593039
525747633
5359
2531
642820155
665424220
7095
278807191
53
1028123882
2
8705
9511614726
3
211989
9427237
425050
253364
5358293
63705471
2510333099
5442050917
522
162314199
37395392
8690965
4226483
5142846632
2803963582
10825
9999979606
336512819
631074
817884
935507
2240211854
1552532712
878
5702827744
4012595396
621164
15474734
14
42217692
42
879
5
465757247
577646024
2901333
4
18
44
6688
56
5
790980
519493
5260
977132
4384
7011902777
5994
94532353
23
3784577
642251977
3
32
1687206990
41643361
135928
70
22
49495040
62806
55350
2558
6
556
231148
8
659761326
7
302
6114
603599713
511259496
8507
69840165
891153259
4478
9
66101
2913021
318886568
823032
415727
79
31
289
64223
7
180
23954672
4
765379
3
52405548
41244
54
1686320
889958982
7580918
655844
393
98469897
6317
66
416571
19
5835515416
6
2322020854
41133
609
8898
10
8906575
96
592
83349
47998756
5114260955
1392964113
15
3023316
8
284
957716571
525065
95961
7071049417
58009
838
1679
416580495
36
825
28020487
14613683
224535284
34
80432572
834
70180264
890237125
997836
19991139
65836193
706348
4129
30
6180017124
5
1379534
47
24420
160
152438
39
3727592
736990290
615
7289
27985
9
54582559
33178
8
1
4877
758
63215
556012731
81291
127
45560
167103
807
324
957831820
121
8190245
46259
6206983899
85
143
526032
864181851
18198
865
913
8937158539
8267693354
51
52552557
90
848
115
5
1249
346670
3923389
365
3
6018941531
917661
18470
40223882
3251024
19
47792
458830485
358824
6258657
7210101
6986
476
7
2
663
2393502944
47988
1022389
4
58571
61
4796963306
2
32515377
1435
887966
91
814012178
775105
2251936070
977040180
4
3319357313
882459
28178367
126
53828
2035025
5775013512
2373003333
7089998
71
66
30
584102444
7447138899
56773801
7977842063
6
6
1
146
13463
8548
2022284
491159
5689227869
513
5488
72
806025999
9827200142
27627
96703515
2
649324768
30757
725
65782652
5
279909585
34
24684611
7988555481
33818
321394517
1425135
2473358861
54693587
719014583
1809622993
42
2
6899
46676531
6
550046
12344080
2960265931
476284
4092531506
9854305
8425489674
5215351238
38334435
7375036340
606166180
690328750
584
212
50829
7669225
890949874
828634262
84236306
4
3249
1507970
766605
21120
551257177
1
123920
7311964711
4908263289
573072431
43
288
329
8
59
6431974
3194941
9138624143
4376
45623
61470
41376137
6267
30963135
70628
6918
522282794
79550
4692043
4351656490
119893590
167169
392
5750046
163
7954421
27094184
967065163
7172746480
767829831
95649
6741275264
5100575
2847500
1284140
27
747381
79381
2
985363
27
7622
185068
3789
3441
709056444
890000607
8541
7548171905
308
333
262218464
2
29308
38900
4634040
8143
9
449
2946268225
20565406
246772157
156
1878333956
327361
3368
92
5299954
788
7
28529
6376663335
301529
8053
32792578
74
5
1466829659
110
5749545615
9684931715
9427
5
38033
8364
9399252985
9
9713422
556
76
57237
49071
31344396
1
2322318542
2349136
603419
228843479
8
279
83124
16206470
9261
512886126
7179137672
8827
542257682
203
2252275
496
88810
41
468792491
33092046
720544384
423596694
1972
6
1230639344
990156
9295651
26107833
788
813616401
592277
192126060
11085
6
94
7948875874
7975245
674
9756624
4537860
102103674
9757561
3063746956
7563
8633
1120914581
8437048670
28629152
906850
27
2
1449327784
2839
6117331
3786
4735776582
744359542
8
7
54752470
466
154
4402
1304092199
7204063516
438291
3973442
6
6277286433
823690493
4940
51
830333
296
1871874
55331166
77627807
89
230363
249219
3
39
566486
2
455
645514404
76531500
8488785
1199
7874505
996
65032863
118708869
47
7078883420
6
6395
4682474
2482108
5668353165
80576
76
1
65677
635
942
83189
4474749982
8020209
2097690052
6540401258
276353889
96206806
3235
5066807139
46
4836559746
73412
1689277
9988558460
9465
5770
6883056743
20
64618502
660
6193742037
7706347
8615986591
807
5974258
75
4271912213
35701
6366560331
1234928
3460930
95
702438
2857930061
79692087
61935
7808213
28600
6723
353
2417494
690
1
5505024248
829214330
1743635262
626
9406621
9
1956
9162390
6
4500018
487173773
468
632257
2779567765
752186525
3
3389
777873320
1
36809404
154619
7716522569
889
3664
74039303
58254884
949400
81773302
3
914352
2
647075
2835563716
893
19672
72167
57
6546757
8390
3653
46242483
4
75481513
60
626
28
41997
71349694
7
602904
3025304650
35394370
4365623566
679183248
4
723069853
588545
677306429
138236
77
11
898
356
17276470
712819454
12
295659
639716991
84263702
72492
706868186
14845
919994854
3
9083548858
1
7
48048
823595849
4759
816713
60
905933
541886
7458
1709714158
9778
564758008
109
3604
8046
8473
59
701
77789
8150889
13
7514191
246755412
34212042
101972
36827115
609282
599095302
44469268
496878
472496
40560249
41236
5
28290
5
1402
43375
93263
75995
6664942
93174096
489
540763
4364499856
93915
4
4781493922
1580343
4768140
93
6331
2
93
872
6150
8594276024
213
2491900382
5615272455
7138
64734
140493
5832
879755718
81778
6573087759
187
493686543
184
5
1659
3331
820964
3641
9932412981
797754418
780494937
809074
6889805878
28
35
71687
714
16134
377326186
925482955
58261
2
4274138676
560
979691
68870
619
603408
824055
866222319
71752
7567096630
347685314
616642878
8464
63872
80066
40429
434876638
1862
56572673
20306873
1210
357
4
9
48721803
174320136
54
33028
7094835
5064716
13760059
3
1377
780
162
276
627795
483893061
83560
533440
7
8057660
2300
356833565
197
11907
64103272
8151917585
456575105
175039
701859
1266592
117068
83
7484
7626
669
1053
26
130
692214
35548932
1
407413
48
178337002
8012022957
8
5
298202
7788617
6
7
7641333550
77515
4654203
1
76
634455810
483242
11
4250182
953961
79
1732601195
29
7266407
171972642
301136281
9
6
5808908
340947
77188641
477
575
71
3625118563
36
417665690
9489731717
610026409
3
9020
7289
75
2772189780
34243
8236
65
36
79880
80
60585891
59178
2
698
7173
5
9
16288
347
583
183528838
272139004
635314688
6678330528
71791560
4927026
7611158
434
392157770
89
4633
4370
5108321
26
496471
2214
69831355
57
514
649
140037
92317294
3111609114
8764917
529423
628
9861
24
4485257457
6282551897
545
368462
694933
44
727
5065616
462901
61505
3393313
6993239
5348622
325757331
54291
990
3554503
868333
6346751386
419
42298
1327
30
5
880632257
186967
96320
79499891
65
74384
9191998588
9
477
50660965
2
905
6365339
3911091
887959762
6736389
6107823
528969267
657
82623223
2240
75539041
533
8458474593
627
57958
6396
9
59669
6853
9426
360088
46085
524
2347
919
8694
409
5445097895
7
8858765311
260648
529684
5657348
38428345
56207
562
7725208602
8825050821
941046
6592
710085056
7942475
89360
7
10384
925458274
8695600
1559
108
62215810
28618127
53
6
671278415
5494248497
9943858733
869628
22
3352048
509634
11
653092
3114171905
31
5723
5770355
15
3693368
4396629377
59
53575
33
7537500
91966
77327
1020119487
5
20485
3127065724
6104795
7546169869
492
2
1828
52831
42
2638398350
56732199
9770
72820285
8361
45466
368540368
8706
9410279
87
7514205310
607820449
38362
524016965
99167969
24853846
891
554
6497265
8870950
5
996739
43176
636087187
360
83
88806559
30198
90
83
27484
67260118
68
92
589667853
2489471309
32471
2
47
67791
45
6721
58457
67
5856
8718668
83980273
2773880350
809
211
108670421
779158973
696
3100167
9262067
8
34
7154052
71180055
424
531097864
16
85025
47497
9619781767
92
31097
45550369
2035
2590287
56219
21842956
644
9
4671
765751104
258
206
5818
43709735
9632
915317
3159028
87
9797940
25423
489274439
9
500411
30
4
98
87
5104120050
85912
69015274
8
4065486570
194942
269
35782920
3639
311385
5738614024
12356
2
3241
691904090
420210022
26560
3661
42
604891
400875706
2472550
14
5125201
791350441
42566
6784
40
353623085
13611842
2890676
810398604
4955
2284970
453607
2375850
1835207754
1521115343
43
9
9
62252
3707
895
249519
410172
18
726
40
1
83
81
7231
439
9744349
553770603
9721494659
8
3338026956
8
92618
352722
3239775465
734792970
8
5435
5809206126
1342
9
15613
8898961844
157220498
7
739245166
70
154906
2
551
8237
1769
9480013253
63433095
60590
336149100
7720960240
655833861
929
491668
479
74159297
7293285973
60
47
552
894455093
53977
45874
8630052
261714
593426494
81
4
7417
326
80
8
216433
104157949
420046
6283612725
471060693
4
9610784509
4455076623
9533
838460
3701379841
68593
8317160432
387800978
490
8
99993081
9807
72
764
22529
5688
960053284
13610
7565
351025182
203619
977141
7
56452870
36
63264
1
2717943809
5732317886
75323
15157604
24
472
42333
5000
9844007397
647509910
89346
710435
96054009
932
7607225084
8074807326
9680449709
28809
6
8450757
5645
5060
744328
22
97748424
8460634
7974346191
10311570
700270
8
7440996
426215
425631
652
4249860
6578550534
5817
7344
67864
5370499777
118077
735262551
332441331
552441552
16143
3147890127
12
93472726
29
65718
39237
74414742
34462771
21783
65
1312
3119
81509818
5443097767
332231728
524
20970
56930990
4262821
2
2787040651
1445
565
478855364
2826
256
472644765
279
76
7159766905
548737879
6
8769577451
13746469
229
2953
450
4254812914
5038491067
7
72247
91
8
886
2725908
41
2429
40882875
6638
76012
7
9
69745
72
3
592
43398
397795
172761459
62
3113
88735
2945
542591525
67746
87
3567894
82770205
92711869
7056075550
543641
736
32031
2824791
499513
1978421
4807
655
70
3
465
7
645518
110727888
898
5213835055
2
1
652687
3
36
8
118266355
81
551512052
4842464390
74
281330
438906
91
526
19
210315
261697716
22281
8859245
5908367
13
4524
3380399155
3
2795842050
8357867
960632252
422576
44
424
3
19621508
2398
381
9
9749310900
926257877
9689061556
31600363
328
98
20
7
494
96704
919912152
9846038
1329132
852
4
4643691
760475407
889506
113496939
10339833
44969
976
26
86
186534051
7814
31328
147094
891
9
4869202
5512
26
141710405
4461090
861290
50469
77
53374
315960773
382525036
31
6135
66425333
4558303927
5604692
168
5417416159
7543
616
4727
747
87631237
8801263
39
1
3019
84118223
1146
939
8
7554
5707314250
42820
84145
9
577843
790
7669248427
12791
5202415
628787
629
8469
3
82819211
5
9
94338
246121
558774
2
93
2584
325
3502
866
317188399
40
58569271
2790
6454698
140385
7621205143
44
3923
943501
7397
44959711
7989734
34506
24031136
3421
6573
162
44747453
5122189110
775934
168
729
2
7924556439
17
6
7
955
47924985
569
4162643398
21632
2302019683
883218715
612
4237041
365874319
961278
6053
29
69300
5417392
942768151
973363
2295
9309434
36
10
70
7
6
990765853
978594
4786436
7
4
6656
982604
7933655074
3434
126312
61571832
52383
425
423
88614768
46
222708819
183891
6743
88106669
8
77216450
12479364
7
724
785
41789
4837
913704108
65459
531257
5764602383
7905
6
99319121
483
324
5157
5086
44845
8851970801
227819
888268
4676897
50908
6095506981
1520277
982
720684
65894494
79
81304332
4779
8982247
233529067
84
679
478292
5201
701597561
7121212
330262
113856293
5456303
5570659
6
112763
128030
6
903
57168
15195911
42718
10061
53793
1
8486782198
7
13128788
9482
6459
7558697171
75
4354161
84652
9
4140970
106962719
985
11480
8
762
100
466
96116
55393
14850
3809
1543
2358
993327
223250
176491818
949621199
1045639
79158
512
1
518074
3965600
4617445
73408645
5
685638599
4068730
867
5445857175
947602155
205
437576
631019
53990
711547468
26
793530
889
23375375
641652724
6346
6044194
5117480
37765907
881
1918057442
75454
27316271
197490695
837989
789368321
644839
27967
94843230
3874605
54218076
747165
63086121
7119358
5
1400
8035420946
5927118996
2
103051
7
760592
6706
474417259
87
68777
3562
12910
265880
948430
1605702812
14466881
105775081
216254
3276
5354451
1631341
387673
43350
5891735
931
46
4186190
4634889027
581
832
868
1526681010
397938613
86
7338678
152011999
9594026
966527577
913386268
612512646
579145
6767259507
49
83785
3
1142
7097
49691888
45135
8537253190
34411465
9761202794
501889
46962
5886484
20340
28
984
776660207
549537
191
397044
575
91126
599
23261548
77
9
85
304467
753569731
98697459
400669795
27
36264
3601551
4718573740
53758522
6556792
30403425
62336
629661
56369402
8086428736
957
4341450
12
15
31174
597
6130
752507
95
8317452687
6
1873302236
726509518
5973996393
24
831508732
7107978150
297821293
54880780
7650
2285418
323366
8
1523569
7316324869
813885
262058534
6593644417
54380
3710891573
908722543
3542098906
489
46
312448922
8
587999519
83668
56
51038999
9624314
262
415
673835
97618
8
4801
62108
9414602528
1681
74003702
4973856
96
856
7
30557441
2995
1962585
1734
48246
924702
90
32
862742
9463037818
988433
73
98420663
543666946
3678567
264590132
71
6158
95815
6863782290
26576078
3058503
3978680956
9
9469391150
92863
7496
162326144
12
890
554036
8
39972339
21
7835351
1944
7742414630
98512379
100
7030101
852543735
910489
863943
725
6503537
2177184
712
11059364
2520316037
28997562
341354
17880489
646
813789
45481
782
3662
835270
812140
878169
2540856
706
755
983
3971353
3271429
288
6
3690232504
3594533
419807543
43
4847581
68997
12883
35708838
91
162224302
3950784
195368409
46812525
74242
683090063
9
755920789
77170188
991
672
616846425
43068
6875386
370253
3339420710
938878878
7644427
35
691235
9206999
9
3
880
7
14299405
26207470
339578973
76
79
5519
195532
65927097
2
707944
5081926986
9323693550
39
92
22541
47000727
81
79
41350
941720455
90164
8029
2
8451174549
33
4
5
11
168241394
28718
65
92995
197506004
51523
76804879
3662
298285150
3958521
120205394
9
34
5200610910
42837103
14609
7
613063
3
371
12
1
54299
6995
87326
71357
966
959
7496
848225
30450
5259
19
298970
8036189
661
94954812
85285
657
45770
6793617
1916598
7
6
3633
43
8665997883
5802877
6058497006
604693
766711649
6251898883
25696
140593978
79
360
47
206
563322713
4547052701
7870180
82921
3
6604
2064243
4975
6
9
855
7196287696
203
65788352
93402380
7534338572
17
43930068
77
90
99157445
70
99
173069899
9310
7537
97
51408
252082
3907
955
97
86
381635546
284107
9594
6727668
2776
8
116
3799209
420
52304823
91479
361787
8060449
7
9
3913469143
312
9887459
6458
23
6365
61699
6
99666
86
4
5028
557
642
970679
663
5981269872
98
8
6774
5
898179
901469
564562
6226
89125171
3486397017
416339
8641
9
5250531
668675
92451539
2956028
6
13622
4788119060
65363346
985197110
4
16425
2706
3256
685431743
77403491
981617174
5
25568
46405
69312
54648999
33574279
867
7361949
731016
226
6047553
372
4
3044
13176095
4
24892017
51152
11
9603
105
5407
373157393
5
7
40403
18565
1611032829
987521781
73
52363
361932
5167
17
788137430
25698789
9742947405
45957
929051253
344
16731
52
567729
2364148
6
5718
14776
1620
232236163
6
7825
322
2
751919
66194
446975291
7
3
4093763722
9
4931941
925657
6286856
673508628
5
5314846
4
8096
1433870838
5843844404
6558
80806
215267
52
824739475
5536
1560952732
1078875149
450619
12
38
739
16
8889
5
4754
4274057436
709
4306672903
7531994
63816272
625807212
90622
5
782741763
5696940
63
8692762544
787
1829
3290812
89560
69507300
2377052
35142
2096689196
40512783
5004
39134
49564233
7
562642
3318674
518
684
696474744
77
86177
8937422
1
2662705923
373
411
582
3
53487
8278
8555
890
4491285
1
6
493716330
41535
898306
7999
9197035
906
86
884
743178455
838364934
42060
482023579
1545442078
4963275
91
3
76
51123818
564
9392
20107
9
56
5
463856117
20970
6777945
33387
672
28
37
5054
12502331
1398450
3926065800
31
9265
8823167365
3998677
2436358
9456
51949471
4913440168
5016
184802
7085276
99
232555
7593548
597
811
6
8814645
84951649
5360
662245837
18
632837134
39781
4756124896
80646
5
20526215
720749298
9289900
868775
396017982
842404
50984
602734
67
4675849
9454
57520580
756695682
3721958818
95
524897577
289227
4381352
559409918
622691
31813650
16154809
3756478482
167
523754262
1
524357022
525
37530
19518327
783472745
8808
8552
8325
3
60410
9
666276578
8095
917
206
454657842
31122
181392814
48077331
827
91082
9745
8
7644
71950
954
555034285
5
570105
520251
313698
261567348
6975423
243616
801290245
2748
592
74775706
97
336287979
2438589
2340353405
1689504387
764511846
71832711
9137
40351
2095588378
643322895
31945
6950
7711678963
81937
2665
4
2439
8
5986
8053620889
99
9732496371
25263
120
219040774
87277
8473
7517773
32
7042755563
989571
2
6978211907
287649
410
7115
5278775629
664
215
33379686
79083452
22
71699
360207
18551979
109982
63
4998
3
7296720
44480846
6673355281
6
346944
277727046
6
68596
657
192
6697911
5031854
276587
17884
8875
1577
497930
72
740447
99842171
21305664
2586780
49278
67
3897001
94
20513
8278279
40064129
155
83498040
565350
162084
610847
85085
2581
1
1985
1
5318876536
72404537
864759435
668138
37
3458
8
5727
44768812
25482
1139156098
9242200
1
8988927246
515
393
71743826
717446168
4248213153
472
37
53354096
6959
152
404
4
130
981
5983081
57996033
406
92
9270722
54
277038812
286
120342
5429192
2961217722
4
66
6483688
9012558
694960921
254602
977
27386
820506
33
983813
7677932
322175
7604910883
343
6
14
6189
7968803792
49532015
2492919
7664
10894209
138672773
56355811
7065811
36
439460
130
63654530
139436
719964
98534180
71621162
60428785
12
454610
462677792
748670511
150934
20
8503
9948069485
6
326316355
1
29423
353
3137893
5965
3
73789
8291
317859
38623234
1
5
51
89289
6867055
434500052
6183
33
275643217
28
729
881355943
2035
3455037
55
25011
306
9797
708217728
75
3676
59197288
8916538918
22545795
4
255177188
527001
766
83274062
64716
6799068
41460736
4929808839
79
2299107
5243
329
584950657
30663
29264315
958043161
4170742
6
6
845621369
733847
7832
87895911
80
11727
80374055
1563
40
967543
405594745
207653263
219572165
1413093
663366
1
70
8
42
99806
40823347
151
770341817
97748
689401414
225852
954296018
201513693
108908
4
60781812
37
88944084
5267505
10363328
777
4178042829
7226403393
86
6
5075
7908875
994722087
260
747579
84507057
444512
255638
218215
62361
7
579704
2171596278
912243818
3568881008
17104
612564587
48212
899
4887120205
6860
193
30
7917
2508869
327947371
58
646707378
85496
8192
92337
18
33
12482408
8617840534
29057
77844063
27
38714
9
73857123
9
155373416
1
526
1
7996
373
16
7
1571090293
4
1
6722
4
817264430
4
9
9
1822289168
30136
445171653
2452175
34
611741
892458384
3077
699121291
59
74682276
341990
755346
93824
7432117527
7536082685
52
77
581
41954
6171
57300
242172008
50060
74482
999177
154591941
8191318761
5444127779
112918
312
3965253504
5441
1898
3
5267118830
4381442193
8483387095
5692
9238
403
676
962627
331961292
806
257
1003034
4
9779507
4087334900
25
98137443
3913235988
236
6496
8958496875
3437456371
674154
408
4363199732
78
4
2386677
377865977
6342034184
322
5
60279125
80
8758645
347634833
665
2056
947040
515328
428
48
8923418
21704
24567046
74979
4108
970875839
6649
3406165526
453408
322246817
4
835069
7031605
25808392
352670021
64315276
83
991454
309473230
75
754447
415641005
9
65500
15
9607616
5632178177
5866773
26
753491006
5884373836
19024
2400122351
947225951
8103239217
166
24
5664612
852736
5197819
1
160855
158188
298
7976493
5541166199
35116
89810047
530
1660334668
79289293
4
9832791772
97580
325566528
5379950508
89908
641723
4344100211
75239
8
1
9
425209
659887443
711094400
117
5819244922
9802878
48
256
36780
132535821
9967617015
518698253
364
96
4
76
4106
390490732
822358650
547640
2871
612571
231495642
12050
36279
7928
1
4686637
9125069568
51179
1629875191
7845944678
200
13681
588600
78825
297
60548291
9761519600
25246
2875477
666648
62
7876
5019450
463
3914
9
6844392923
99486
7673398032
53
799694077
6424
14
6458235
2
83309
66
66
712
37
5835133
664
86
44
431805632
514
9362625
2879
9835422
699
62
5
3550322
542847
661137
9705639
8737417498
1286945099
66080636
329
9740437
540308
66
83
95851
373075162
15830395
4042
50
9131990
577746793
7652601558
164947
17917
7650
4
959728
6080940980
956
8
954240502
9851
6756644346
3562
80413036
7218023
486
7342446
71496
929330
26
8288763
321596
134240
784432863
10843
9
15
8909169
522676
59171
454747829
1007045
23
35
975
1610181051
741
68450
142209362
155
799054765
6
6185770
1607
69440
137013
16
9
7
84
937909031
9792
9148128318
11880483
7739633346
83
5485
4962
5
335430368
6890
62219154
6077513658
5373038
66339567
10465564
683591
4
767062167
2
90324
677546
7017874616
40300
986011382
33
1309
4857043179
128590415
8057984
572947503
47272184
33528233
163693
929357853
93291424
195
9
9879408
73617816
5057
1681438
4
98932305
254703916
8784
568200
5967686322
5535759523
8
77730485
32840
501559726
2599050
7517854
6192700198
2284648603
29871
7616885
660658
78870
62
6484
96482294
815808767
814
2675
384
69402
62149319
36753513
717731923
58
82470209
2
553025285
7
6
9319129
694
61079
4343
786426
8029958294
16
874
4974280496
38955
97
835170516
912830944
692
46
3688
6
5488
7041550044
4846791
62
6699399153
109542104
43369
290502
558405
11825255
955
7531
4705576118
631
6
157
481871421
24976672
85
282595556
10810
598777
4
97263622
86208
67530
82261185
90410254
735
89
9603
10931
1
3969868299
7
873
7436574472
9
95588
83908611
4248823
63803
8848561295
13248
157725
333
4699996
4252598891
952
4191
483052302
26119
61441390
6
172623471
37786
84298827
46383
613317632
675138
5867634
814575683
862259852
158
2367041774
439055289
82
1890696582
68887
446
515
9889
9546
317089559
6
73284
1
889
96
12031313
4361
8161
623742
7014
19295470
8
44225
66178008
982754103
6827572493
16332294
879019707
4363378429
5
223536338
6407
77362
72513922
82812
54352
279510
364
55680977
82
6849374
93921
7
722
602208
8335938
5
490
88266
56
6857
560370556
4673
98472714
31
146
2
61404099
444
423
1
586738609
341909
726
7527077
6558294
6476154
47694451
13132369
680
403483407
96
377121767
7606512
54380797
819767141
440345
308831
4057
1639867
1290
66
661304675
27302
897
1770865415
873
7436
257559677
269487721
22439
2596352
88
5106670552
31
64
384189483
75697809
4464822
184
7433570
38629
9029
142304879
8456063374
619675
98949
50
75788878
84
25
12409
10131385
6832267627
5758
19
125258108
1
18872647
79
6
8
82342576
881
60557
953261
6
6229
8879
185
49839
4
8993349850
5886
22799
36
5008502
220669
9432056
3
13
804440764
2417378
608449
884
6841223502
42908
9490372
61270188
345342
41846
8689674071
12
16
14143869
4799456792
57218
630502
52
336
526417
517937
980796400
17666
3439495
3284337298
725605
58315
2907830744
138635799
4112143
8512754493
786979
98
3312667948
80301838
51162
994643
18695
535591205
321771
4323905
143792445
3538466407
9939
260
54549
5512027146
201844292
5198
820
960599
26446
69891597
34554955
2453537196
749
58162
30
22123
70
36846
7715137
4492969014
2066517
9896
4
8531961395
83857
874329
36
3853339
55077977
21
23
3569
9721661
172845311
38
6736604343
8445
123
349873
9104100839
757523
76922396
634037014
3760263262
211404903
48877556
98
983967
8822613
3354
46
358
78
852295131
8579
8934490
47154
1071296957
1539
598
40542
1955409711
5972688686
2393116
76501014
105940
2973
750514
2
613324311
880139
6643732
5968469264
38371758
18957538
5
3084
873
9191389854
72
9743300
9701134518
419090
38622981
84
81044
580
630
4246883
736609293
6
994345692
9
620047
5873275056
7
8
8615406888
7
849247
72
5345443
8
8868550041
3826361260
4459
78
565630
493980
74556281
382
35460
4334650660
5
721
5205
7
5317
89931
2728
1731945612
5970162
2
17860
8389397344
1550
2
8619519429
77022652
783509
2370507696
405
5246
36
21
9500408976
9911860
410507
7913432441
56257378
68047
8
196
9168
77833
168444727
4
135658527
447
67708525
366
40
64425123
2689507569
93952
4467
1764
1421607
377339
31674
95
6
1
67689048
3
556086513
2
1458773
64
1
9
773879
39504
36995
237476
82
9948746163
794
89220713
82
74636787
1
96
69930300
2768451
6
1431
495612
8132
972
4305
314056926
359327515
33695045
5
891228975
12546801
2385164
9555
70237
129255442
66421671
23
317444258
901615039
175
2337706
665481
9528
30135
7
8
193
701
94453364
79288
117785
5450964678
635012896
38
7334
7648392
36011
54111169
6
1500913
618
87
9347257886
307
44
57
67779560
776
474
23548
315854707
8811540953
194808501
6648425694
64
891137
2797077105
50
9
6122859728
95027
1671841208
941970
9546184
748117
36
347
7458
3
46917
61066946
583
22930895
919
14
720370497
431001642
57293273
37
8
7
6
98033748
3528687
60268
248
36
28441
577452
4201945
2531182
2707
493
912
133330
5515832
848558651
441639167
80144595
85
359624
20
440220896
40092
563528164
40
635371206
764973
47
209998
4
4088635
50864
48601
4577206098
81638
165515
88
4
3810856816
26613905
540343180
9
82
5038803235
429961
80
7
82671
1600841
594010628
563772286
32
849702082
932552
4
146061740
3881067
70885
2821
9494752690
582789659
345605328
383773034
910163992
1094475
5
29855
6
62
2578
3
6780582801
5446759
501783
894167
25663016
8020636
82374580
80937
34529762
87
8
663750200
8517566
8079
889
7602027
382
7
259638
673
6
8
5762037091
792
96
6010
899
10
57484
199489
2127533
2860543
320705
9140491463
8160
96488
27785260
8
685
949715921
389870
33256641
843910
6633
7
7467996
400
83226721
8069992512
97108608
38612908
67133
46
2216662663
716
45301415
460606
3525
779
93
87
749522
28160796
3
4255244194
548
7507
25259278
925
1088
1737238385
9
82267
616
98100
5085694985
3735
47510
5984
591951815
7244170
568051
4760425
40126543
528
79461151
869381
1105
100
570
730385165
7283
6866
142407127
8
88
4010
39544
795883102
645391
247044348
4755077
96605844
4940
427462576
7
448
1366
6700902361
4138546
8951366237
61
87059
1024315
615658730
7359508738
8344
1
890
751
510
9625177
2933066
859307
710106
508987
6953168179
1
188382913
3366
6340735190
8701
73741513
918007
9710765
35
2113
87704
1014
261771716
19
936542
684
7842969
335876796
90999515
2
1082
5
32638299
61769367
50999
82765563
6173120490
318094
55668
454068
7934349057
21052190
25
39096
4380
876695
23
1313517509
28552807
38
5495042
39286
76431258
19880
894
687751
2653061981
8115
411
9240258
2
39361
581209555
35432149
5845
22783
449454507
83
81189010
395601147
1
782691
189755
6925
564
7972388319
7626368877
98
72480249
22826
1
576885703
46498885
64
24446819
4936557
7
78249791
17382034
94
714
19508
58413
95652
477
8
45613
37
7894
709846519
134
7296
5777250
49428232
74623181
115196
2347624918
17
312443218
4309012
366
2412469393
292
7754
49106071
1903
78
43355
755965085
1670
19
1785464
20175
8935797032
2991
1406
31590
197
158
5
348
686714
70387
653205336
5547674
990
3673939
1059361657
96
186
15
98053216
663467176
545872
278811
43321182
9373824786
1
248
1809449
6
57828
9293428
32388175
4
26958
4982
686
9
5393
6985721697
57801013
20257945
8228085039
4182262089
117657
754792
4268281184
8257319
51
8762405797
379272336
145
26
212
2823
9105
11295
79
539942257
7797719307
702282202
624088
6534247
3
5247821
41774
3392128392
4
157360256
66848
36339
36
435783043
99
1434500393
598312
12449
1610
8346
1825079
6601459
6085348
87907
9
711
6
9
955575
37229
5
81679
654705
3
10030261
160243632
9
73761046
3184032011
5
917343
5571
51356
2803758037
9522930
92
6522267615
5
8297331024
8
464544
391
6865
3818
473648008
6789
7550716
41502755
143470
43
26
239563824
5327809310
158623077
57411149
3
284
270083
369520
2209005
843323712
125
5640
4338
682985
2193
8365807
337702885
90
707316
26
840244976
1671417
96100917
703881
1305
45669166
835
8695614
8
4538886
89322
61866857
3740288561
58894329
5305
244126
85792
9645465095
1870350
6
97073028
720
937
4807642
34
42
8
8784457098
847281274
8
66179
22
913
8933721
8522
6626699144
178776
529367850
8
496981
81973
91
1
34
3780434
2976596
11
6800560
56534
3466542484
730
76042
1336
14703589
4464937
689663
7188544
5
6671438
909349
8772020776
477
3174460876
3389
17
9592697763
3659902
42
71
326861
963538336
7430
141
9187695512
70363115
5547986
319204760
57684
77763622
814926202
762
951365
6339745
929715509
8509
8792586995
5
4163338
3
1
64
858332
299303
1402726
50396305
7946
186221262
570759
22331522
4
645091440
5
773
38645684
3580
1412042533
917642589
8350900786
1228685
3961195793
91568
459570
6830
9847
27777
826597178
873356085
7436718
12368407
5294260701
5
99139
8
69699
1694
1605095
503834185
8945751
807219747
36157
656541
3
387702371
24651
81
5
36618
3
9734324732
4
4598651
972195
6467548034
83900458
744
32107865
653610
7
4
53936
3292235
763663668
983
31783
2978452
470072465
803636
80
869787940
14827107
579172
616137
43378
100414803
3061398117
8072171844
15320
54638
293908023
3
334
7857829081
231948504
8195
1287
459775636
43328
558780491
6054301
7192
83767
6705314689
7026779937
19
60712284
3
707689
9558
76911
688
208075319
42162955
980016665
72248
80131
4707066430
1
264
2
486086
4595811030
106
587
1
2090113
7496336
97427608
65797
8489484
7189014
1362655440
3990
4389
372873622
1
1319218
8024278676
545890
8211166
65406
260351192
67923746
1
69037797
80940107
9522871348
12212
77
55038795
2853703030
2
576690281
520
8
520827
2923
6373490533
994645
42958182
29524052
56886
50485
9379237443
827279
724743579
9197368334
9
340091
2
195
65
77931905
1219404035
20
990255
943630
792820
7998089
279017343
3
58109
5321
6635073
8561980
9682527
95377690
55405990
7023887
139
6906798
6081
57
73976983
69073285
6300607
77176
291928213
76344
6908338078
848425743
29119041
448
5912563
9403858480
76
485296576
2088427
435784188
918526387
800181935
871530444
5
6383
17323
6212
30467799
64377
91857193
54835289
79
87529563
422626825
231
7708229
246
7509089
81
4879
57
72447
2
7574
8546533067
9777568
288248267
64185013
98800602
777868
2500840207
38431
1949311375
798
9558207
7255309
382494013
26057298
7389
88075029
824190
173
6
3
3382
4835
178159
877630018
98109838
8276088
6698543
9643180
2216922
28403
596710097
126169233
3823115536
311
75303
39803518
9
88145
59
948
897
437
8706
7244445
83141244
116427
660509667
1
710606
7703540944
40289906
1498210
3
7222
53890
1206629127
173397517
3042
3484
43738
14
7
156137949
33698
54
639751668
80296248
816832
3258702565
3652658
6
12
208
436714072
5
68832635
6716
895898
5818
78824625
32
609860
13649
185958
3
188677
1406
780664386
2901
72728369
7005072
180
22420
782
8
1322
19197900
1663
9979
103846137
531796
27958336
2325146
3009
80
36092
225
6400
43079459
7177
27
625683046
91608612
43552313
3
471506
57271150
62
467448471
96
7591536655
1733536
7435
10871
3767251
3
772657
19602934
77976535
11735
87606593
87417697
487446730
30
39334381
40580464
4
6522
2
722704
4562
2639471046
8916
439
481
960083
8411700241
235675
49602
54
25388
84511706
32
206
5600390936
9
79562
17595451
35003569
523034182
2372985077
5193
3
9
83
86129
5898
455633956
2
758
82036
55004
24958
902
304444
433
2978275766
3577
818
276460
51259935
64792
53
14430
6
851213628
8845471376
97369
415185
50
86697237
52
82991597
950
731100
3980027
43
691
38
38
95
2
25705
1
2304323
6953387
105425871
99353
3
784492
47571
6
592027343
4
19
875407918
14614
999
3982
674470
57888509
1992738
322854218
1194820761
36
4763745042
998746875
2179
84
2970747018
135
4365818873
7563
6
709611405
5898877277
1813
925980
38499356
4563
1721
3
68444
59592
160
9801
6218632
595400278
15423338
705013
517247081
745
9253445254
3
9
284615464
9656891890
83659530
2035684519
82564
8
248261417
504859
73255199
9596336
64
638622921
39833
91
6738
4716
85343
27202
567
985
223
28166
759481001
9
69
86143269
29
36
4947534488
6625499
2945
22193
35
39
5931176304
716579727
3
65
5695
122165
79195935
84
9962004
2956935169
54556
9694020990
1987996133
9699870
5743194
72
91598158
3
179118723
5906591737
4458
4
6973097
65178
7
85
21
450532
78436794
70
865
426832
8458939402
3158
81
605875
4759113831
988
4607589052
79751
24
151098407
235
88
6140078
49667048
47581
594789948
4
75000
6747
40
266201434
87
3
168204192
4275
8078
805322
5770210646
912
790827001
500578
3786761
2944
145
88231
305786
8375
125488
65293
895346495
841596
715442
5535
16124
38203
749
88511
40173143
6667
1265
68
9661
3342
5485835457
25379
22981087
55765315
712421209
99
529754075
45012677
6
4603652369
4
7475343140
681977062
23
872
115990
867588
374
4
80713856
91386931
33427
4671802439
5788745
976689419
9173495
662105
50256
5
9
5
104
5907
203
3478300579
12943
4
1970359971
7636753
7987616465
406956078
7539
71942
761741191
63950
163324
74999232
91
641
691
5374576
60035622
212148
3952771381
922318147
859
100441297
59157348
1343388
81
5
93170047
8601218
403
8051
1
65
301875122
38581
98998504
8005830
433307351
9831393
58
4671
79634
249710454
851048681
6122
7553225
77962645
32134
7810
308716
53404104
386382953
61534211
655
382414
57191631
8951328290
6
279048484
1056959171
300841814
989
90
43
993
9112
312070
1999834995
58168832
3567648
69313
701057820
636953478
41319
5
24518
76317299
8041
241
15251208
80035351
16
806334
253466
84165935
86395291
7
938
7
629823436
6747867
4872
108318
7276678
55543899
2629078308
7244458434
267
1783664558
79707863
2507712615
5414
3438714
27
13391972
5789
3579
90330
822212
666464400
920
4853
880
390463646
459547
4648703320
6854
438670861
273800
657319798
8432676
5861638740
69472646
45092
244
6766311
629075
6489
2482
324165531
115625
380002
1374
3034182226
782
241
9102047224
909
199256665
24697085
2799
765623
6721
650711310
34343388
58
65
44
2735263999
127598878
362945
42341
4275
846
1046586
3810309
6
1814066
7207
374904107
3
2653084385
6
1
161488438
9321478
8593714
688455237
57
716
3
2864354222
50382
970159
226940
615306
56
2943856154
88077661
786826196
4785841
48
310187242
3567
85
4120699
784553553
770122509
86
9874477
7515219
2467453558
3510
54
9656
2
6703493
5
905616
3316163272
611
234401
898909
187
65
38
4
13
90265
499
6
673302467
6205922
663723906
224211471
549
5247586336
6986
5758
82
9
8083868
979
25695773
24
79
43558
4678882657
6165242619
173891
5
913669
26295550
8912
284917
818275
91078013
116632
95609
3645
273
5522761
5790680725
594
8528211861
1
733294130
96874945
1685428
23
1
4102
6582807325
3818
71
39
9411
20839715
35292266
42733235
211214698
65087
9453
55
237183764
97115
558
971039540
2
2430212
895
980641622
2721
58
2077
227375456
851
7462267571
637
608
15
330339542
2718693
864007300
4633
854
4713071
370579065
92327842
585780
9257888634
429308582
275
463
556825651
375446
46
4850084146
6
470
6
51855
3399414
74147552
743270
6659
255
4367789
2207576
8182514
7
35153
1540110
85289
463764353
2050
6603206
460007
740463068
31
605753
353110
1216260079
4299
1758522256
73
19
214
65
290125
3510
2946379197
506
5
16181
7546279780
119036175
58
587968
704
425510
54301632
4
2
24210
5
68
2257729
84
849423407
294481794
5
59206769
23233843
3267
930715
65
80520
25033
6046678518
458496597
9586517413
3714
65722153
8330285983
715
404852886
8345
6691
8898533836
67382
70
92429
6626828708
9408852
93
23
701586
3
39424
3
207
55939
732
8769
5
13589228
98
6
7372331329
2844048349
627
99404
948943
75694
2149628
199093565
30192979
603598334
6962426391
4947898251
250
627
3301658
35592969
2306730928
1
548951476
9292094256
448
62674923
3914253034
43
5242
30494
519
63
3
29687307
785993124
29812986
171870845
732
9636
4711548759
381599
6
4358
4
2
4896
67742
778480395
2699
1692
490501
857
5
5
42936
8
39289
591
3711762
166680290
31633
9213
79
282
953567974
252
3486016
8238154116
9189681
6175
1047917
55
83
937141
76461156
24258653
8
25588324
6
88091
61
370725961
358575364
9913867
97359062
1318
2
1183
645945279
44888
38754
4
81
6116055783
252187
342274
61443
31
781
929
941
6600539
416
18700302
4587720
10
85936383
324867
48764230
379287749
4437978
733137
96606
3
827
33715524
1498257346
850649929
7315518
939897044
168
5521
9397
62278384
872060168
840708972
78837840
7930889
73760536
1181122182
23517
358276
425
2928708
5306031928
645
49179
6994869
5614613
251
9970997
388
2008443
6
3403714
320269447
95
6
487
205
20647256
65
2994
21571143
5765
9338841
96401
81
725402
7303230080
178
6199897
9
709
921792741
4285
31044
3
8076
293
69094936
6063248
766329
11506
743512262
333416
51774641
995
543387984
989472
37
7906450
25
56381
54601
4694766
21655
6827
78845
20413600
373213589
3462882
8
6216002368
4642
92928612
973
7837
550
83
6308
84
7
2240355302
304203015
290
4755562542
933134
209324
258079943
44763331
9006
8
17
87068
79106816
59096
6651657
2375005
2117
7066794
1686918978
9198
7626992543
121
585
2154587382
137478
5668672
6228201
6938790759
8
989
29594
676924
71653888
6685633593
5483856
41
2870012
1286
638432821
714831
28446
16
50450
8340
2361450715
39594
838
1707
4270130431
8741522070
96580
15189
822741
67009681
169818
6310890
20968224
763171991
59931367
64
65323791
7564472301
879152
78789985
34650576
80967
719565
5317166020
2
6177757
9393830987
1
216
770
40801
74754478
9183
812072053
75682
5414
3591789
5619011122
16898
6938
769046
509
620
7283908427
91
25484
3295254078
6166305
2082541
5778
551413945
2949
2130
7634
88127
8371295
1975232363
4911
4503
6
75
5075
708583880
595837980
18324
2486444591
4903903
8
113640
1284704334
83298682
412
7915
504346
67518726
15530
85
806454
7107473570
691319
3734270036
7331832165
3
3548892225
12416
627726024
4029
13237
72835773
3973
16019
384358778
542526
83
4
864053
716780284
530860
2546413
1874904179
3535507
8720683
24
69054538
5002051
43802
5823306
1799196
7622732901
40269
73
45509
1
374073
75823121
44
13
900837
8235
35560
1
5
388
7
92948119
1307
257808
49295
52177
5931
88
58744
7525587
7826845643
58
1
8071560182
43911
56886
7900
698104
741
8463
24769021
186470357
38928
865
308995888
2
88
7201872
2873847372
15
207155059
1
77312
59
202
10
3433235
149317
428622811
4
27145
8232385606
747391
26164
395
6683380
999
543785
72753478
905
44440047
8526562125
116
77177
991
12452875
23113721
495
489209310
1
7138589
55991
75813
34389
8690745
369868
2530
2948996
5708183
6044
4009
214300
3891107
7
24
4419385
5124440
7571516368
607405
959404
5065327802
4342
71
8508117146
3
3378548
33
82
1621607692
64488354
9576003390
1225
320998613
94
58682251
3762
662599364
801795
44508877
9187484478
7
28320
90921
130
92301
3169
58
65604255
2659735791
207557849
135530
2638809
247
50
1916741
59
82392
7907206784
714243
918905
7511132586
5
91
373420306
513057982
8
9363076
9282
624558
22058516
8
33492
860
14
675199
177608078
3
898898
329659
4558027
87
3047
9929054
8295977354
70042
4984828
60682
31560846
497649233
1960926
3
4397463
5172909
52
598371
49865125
1523497
59901
71
2157
1357
27676
631969
2783393
5
306
203337052
97992
417582564
76250
85
431955247
1359456611
755
21693520
145088
66233
815
89
45
4333524796
24571
9185
622085
8617212
4321
7568
20
962286548
114
7209728
24601
8
4
93506
7995456
923895
61
9494354
2380
69829489
70
44741089
7206
19
60
5014836
6227838816
784
94191
8532382
6283103
4344354133
2038
813662473
7749
46519
79
87
5
654985866
70779255
1052
4961
86032573
9430492
36
971698
1149211
73212854
11026
2395553599
82655
1
90470030
809322
65
34225
7051178047
622
4028486206
91233911
60205692
9525115132
9137135796
316706731
671084605
564008257
16565209
266350
178241
1102
3555
695
3377259
9
915
8548
9394
23774
34565
2041417713
1
938901
2
856159584
422
9
6452360
9293
7641312679
241
3829924
7814
36759112
580
805
4520
9015179
8116093482
9577065271
17188
9842
755
20824
45592273
83827
4127421
9
1690423
2886521395
601566
7274
2978409
867854672
3747
9850
522322
958296617
30
42569
593
4
31821
381
83496258
9015227800
934529898
4512
649722
9200601133
87884
6889801433
813504754
1
1
29
713
8299
988966357
31828916
19
58672
4439229048
9721982748
3673233
94
8775376
783
8404106176
75
15466948
304
8201
175
563617
7067100
50172960
604
1902839389
2313
324
417376
379
961947527
8
29830914
8495
675593377
1
7261
39765
1817
5
3457601946
8590315423
91922971
73
195342
491591
89495532
105986
97755
7
8545298967
24
12
85
299
7967128
8351235
1
6
5745
53868
6993895491
201
77935
5797093
8
206050857
329750
183767
157
999290009
874280
279
418733
40
842
7396227
3
506
828
833121183
67
9569462892
784867
3
1196330860
702415391
6731142
8853740
1047
8354046
1560
57
3
80565
590092153
50
2722
8
991013878
95072840
9933675568
432843154
2526842222
994236
8952
61
137018
5655834
76518107
31823
374751829
1
4900
6007032
386769
695336084
60593
996
9
653
3052
792181
7722712007
47
29663
4385104625
28
8
8257192
591466
7532618033
6845553542
3434327904
687
36070
98
34771
7731
800740
4
30
80
626
20125
508
116124
30
7988
198022712
37613976
34218
47477559
80129906
3167
7400614418
8
8
25
4
398
5927
507
323025
81573135
1154
71494032
29
38527319
378994555
531219043
4626719
930820654
424799277
85586
3189
97631
91987368
46631
316314409
812459544
83635
19
695482079
6486777884
370093
9063
88990358
1556774
7121738
6459762
127595
5617919607
145268
91759
33781
1918
80086292
2595234
3526521856
5121549582
4172718726
3
26
55791
80428
63
8471
55167
76559
3628
5995560197
9483
997747
78
33108
2180574483
8782
76
43038329
71977
721
1664
770010562
93566455
9535
601222266
7271958803
541589262
4918
7753
5347
865475226
310
654
26480
7
48886923
257445426
25591
1566862
435
64575
415
834190808
50179120
1151
160850386
83
387
8190249075
62355
72266196
284793
368448
4
516227806
187
6265304
7844038960
280
4
688667
4659813
89894
43
78
285609
668
811
1
46250087
808599775
7869373390
5294
43
2837930
50220642
83702
809141
1839866
9780475343
819623
355982313
68290029
1713609521
56979654
3
39386
3977
3068
28909
429
930
3433
700140290
7748
7331133
399977925
89911
44800258
24459
734775940
689
1946284
6491379
48624
3
28962
55
438
6244
54000
26710
3
6
139202
1514168034
7
20
9212
6746970
5303
89
9513590
7744063
991555
7
975
62220
19
7941755972
3301552120
3727591
7272
411187
9075
9
65
9
5
24
74528572
637
1641243270
250543
58
43
2387663
458
789400040
8579310719
33374947
103301
85852379
40
4866421
4627849
50621429
41
70
573
4808194879
536224
526877211
6080594528
1999
1
7
511941
951980839
9
5550967
6442237882
6542152
14308
6414
7685729326
34340518
21877445
5658628
28
420956
82653412
184729
856851
4
87211
28987
7416019619
1381603383
388
82
421487
263921
92570067
37609246
808438675
8988705029
412545
86
6470982
96
467893652
35145
7674196260
763564572
8477
85
957829
420956098
25
745
4330009520
1
4120
123696
7079241
74
80030434
493396649
8
3
490929072
20
801047
41127627
5
728879
295
5578
146450
80303
62391420
157284233
400
51
6
33894
7576
336805935
72036253
1758551915
79342
73089884
624
184
4534007102
33
20
399566601
1811
95935
841724
3433
23
3838
31105
734
34948258
79065023
1991
91699864
28
7
71
8752
89
392
7174
38477
28316
529
5705581
7808281759
69
2
45714
1284944783
495267
1054308
33254745
300021
1963827
884464
2739
50379
99051514
4729947
27
1174
1
789623
1724051818
3269
7526
218063441
7128268962
914554
6173916353
73446
345
929105888
9661998316
247861697
14
90289064
883011
7745179
44
63213
2453
2165
12174831
67742
2972791016
387397
977917
737477982
649422
4874
48293
80671
139177
91244
8295020470
554301
78
48
8
344140098
763
306405
8689217
56
760
907855
52
7
922009408
784521
9756863
80494
459410898
5245426
32978
295153
3
71516
256537
632
7278906735
464215
951855543
881
8885
4589852
67126
376853
51
57562544
54334
591438
245274581
5084903760
3300870823
1
35
67356388
68156
4392928978
9068
49944559
563571795
7415
5
69
9
28889951
9842
5193
11
8
8227675
561
542139
6100666664
824880
9195
924
637258060
30957
5950891894
4949787246
4250882145
16833
65968
12018373
1
321856
6
5561
324250048
3433067
995041759
9625
8075042
9927
8316224282
62031246
894727
9936
9258
1287227
17065
274
6663
85
133
314
91920799
3520846
97
46905
894679
17411158
437
632310654
243668627
755
1188
940314487
9
28
518
4338
419
175804
31
129070
163135636
925818
96114768
5366822
4786
1
143
753
390931
1
10263490
3
618
20
641096
726205466
3481525
84935
31
64
62
80
242942
669908513
23
804449826
82699
4048600074
922318500
775
129934733
8
2
50755899
990775
322427675
9730913
685432
5993154
5436178442
480
67317771
909008
5753504010
19490281
2681
509164439
603173991
1
3380
45547
5563
44
5243021
934361
8519006839
646450
4830158291
866
5698313
2022168096
31501
3
577424752
61706170
756
69
3208
6996
98702
1895
11652907
4
8666885251
8593628136
600892197
815
5325382307
8873902
4
631742
93653
3577715
3178576
19923
84552421
19
35
18587660
5332934
6196
603429831
976
23358
652864979
9834016
4325523
816467
8163
8079386527
700787338
1958
106271
6889433
307
15485
9896391519
6633866
55316
461381570
1145174
6496991
75547
5
880077973
524140766
950565
67486
422870408
4550
1
435
4609909519
3445376915
8
14626
1
9377871
200416
1889266
8762951084
91426986
5110280432
419348
46
2
7327378
91
58046044
493333892
650460
504212
9874776
657
921186858
701241
208481
219
82212594
76
7
5436363436
2620503
7832305223
1462
348505
9
9288768
950
91
9585
7
5884
176
73118343
7536062
10790
7888
3442
974
52804
353
203472587
55638891
17337
70824774
603
2
7041426
3834250
54
3467
2537670
128230
3217
6121496660
219
23902705
94
6
6577
8084325
8
4
63
2683523292
190875
9319282
61278
30355455
37
94178393
448515
78
305698
65
701
8
7009821038
399845
516944
26233940
116799786
98429
45634756
863282870
9670
2029672
5109982
1031839356
2875659356
41
290778875
8209617431
1479723
9
1433172724
70
27
78
29
3906255036
820
5792448705
101515014
1
10446
240
84450
9072900
1649591
806
169
2468846924
700
62
64035
908219010
12976
682172
5
29183
755967
661451
14
10795705
4182
5578268
346
7
108452
40
549
508700
24271
91641607
1971467243
9329510
1092971
441
4070
4387
6451141049
70151
504426664
968143
33175296
686
27879
25
5589
550198012
752923347
9959061121
8864
3975744176
3405
52050
429
55893059
8
203738892
8
758825466
973
65
517
239976300
6833742
7739413103
19998
844826
1
60347165
8
30733306
192930162
1681375
39230601
4615096657
6457879005
1678
8737873227
26
5651858666
590019
9692
131860376
60
1943686333
77
168
219
7
214
84832603
33664128
3688274305
50
62917610
7949781
81
6411346319
214
59553
7801627
9366176
365132868
77276
631811008
3853
86102622
710072928
9182552
1618353
80712
3
80885457
16505
28295
44116389
39
55780
647635
262888347
800
19213430
8
568999
38784
7492
5226809388
27350004
5793968254
784
6409
96086983
42050
9732
23569207
7040
3
87186891
8530046136
28
3951871049
6046530
63631315
3536079
375
62
38
839055
50459
71
793
3858550
38618175
55
7366258
369415
717259348
2797
86644
5436544168
45941126
1452
77572
3
688134210
251
5542595983
459235716
53644
5263
419221552
736690
656686008
787711
74600715
2631023
9555813
93430066
483577222
60633891
14
428349529
2
1558254582
910
42
9458
7829
95027836
75303150
9669104
27138198
95495
73
601
3370
71417
1076
231
9986
68741384
54
31419
3609
20
2281
256529
19
581323
1850
256
268333270
987639132
348
806606676
33
8242573371
2
453600460
324446
646
401744
33088
6337
47737432
3682904
947
82
59430544
79941
66163739
2239100
8411
218
339
9
34541572
69835
4
4
5868
887
5
31493425
6217486348
973
688591040
6896370
231666740
963571
20423171
242598
21
56
544
63921433
5971544352
953739
2640762
53407471
3275678959
640
8306
6690
929383276
341393536
78
9127833118
6
39862915
118
6
2
781286
7449467289
4865146
271180
60433123
8725808
18
9079418734
561438930
489020
4704691517
147431683
35
8
11873
50509141
216617
42683367
389012
1
1394
504754
78228
544457
6089822683
43670
6731
32
30
5540937516
6952578550
5112234
838801504
83
27453504
3038888
700
5384
8397204
71486
16
680
69
3149
1286
926
7372
38
14699085
74093890
359572035
10357
138342002
2
6
90
990722
36139
486267
7
3
520952
8951205
45596820
817461336
56
3
24
872476952
371334528
4
308551
191599
5880015646
706375524
2634654
5775534
1
8306677705
779239027
90477720
574413
7845695
45
43515
28153766
48968017
91460
38754394
54449503
1422
8766528724
7098801
472797238
9801700
26867850
90276
1412
521
94
29762
9746
77
8738683
781
2478
466
49961
1981461
4747932
6427
119412
42684
20429849
276646
23508102
41
66593158
57
505993
206767538
98967
3985253874
8009293
10
98830
23
98
6333702
31160309
64729
1
686124
27
76
9174
4765566642
8
3
2370
107710
2
202390
28459
945316693
67176
1316007970
68
30929469
959480
447928731
2867937351
64894957
74940
14333744
340
224769
1
7971
63
295724
89006
17995008
75381551
47186912
18906
79246871
2595181056
4220
81
3205630
8393695823
2257462573
1
17318742
27749
18
70
40659
4849196637
741
9533
66
30
945
11362
972964
389524
27177691
90930
8
632338
4004
5256351343
28
955095
1446682502
448533
191
78816618
791604631
721
61733423
14
197
5992291
6
659544
4580163
64089
5055530314
4225
82739014
9903403702
81050165
285866235
9097524786
8
8115010677
161315211
358797899
721775
9943
74979
62780
8640554
818427266
3023573
120000613
7782411
675
9061475
32
303
18933
1847246
2014062817
3512008852
985861221
78372
48662
54601
8
190115
52682
30
7
33480
120526502
3375
1071460
6302829598
19118985
534906845
145722559
42629
12162081
7
145
774
171554912
74078
2576535
7280428397
41
8610247
2735328
1425
362876842
2133
439
235
4689004
8150954
9347
830
4078094810
545
303215631
6758418
2198348
4291850
368995
287
969
28930
3960845
334548884
537
972763479
46933
62
420
9401304
17634481
74081668
42706516
1260959609
232040305
439750448
30533
53875918
837
729567
357619805
1443874
7771791211
934
41
881
2203
3
13492
4
7694255
582826183
6177840
5419
674350
82102143
32
4813721
292
201292804
25
55
281677
3
917
9
4907785788
35294
46908660
4
7398353
551325
320951
4538687714
71998
47
2588
9214
2454833575
7041614144
17946643
6531
2557724
328972981
1
4873488708
498247
29887396
15933
49549
3246
393
3700
2349
4739093
2
571
75
536383
1842561
66612274
914
862441
939873418
12553933
4
1
68099
13
910710403
10827
878630
823
8477247
7058720
8003766429
6636863
6
230203
81945
464216
166
2859037
60903099
412027390
83274316
58
6599067648
199
726315918
54414467
135010179
22
3
118501
281873
2
10502
518
7685106450
60
833467
6557
948
66
798
758479
452642376
478385
4470732787
4
35
6
613818293
47287
760851352
8538154970
99
1
9814
1832409678
8451218
112
7
8488864421
5953415
37761
3675457
195095
2399
8400688657
9599500664
28841
5728
28
5822532070
38
656
30583
310604
56306368
988390
409
56901
381885104
605058780
53042
2671715998
4612
19321
56820
38922182
6944
2
2435100
8673866
130319
793
9306290
9243202555
64
2213741119
9965
2262
136
83082
13366778
21761
8064916
47
852457826
415093
9200230
27
846
89
94880
15
74011450
660515271
737929
398
82508
30
6219189681
2
63
9456
3
34
6982293
9045754334
2
5163986126
1847831
6009
4188173736
504562854
5
73749223
5195
5019767072
4
43175
34
44
93
297548819
15
67978
55671
460954142
515
2474864293
6249756475
1653708
361982
6394926
332058
517797182
5
4935
435
86
539329
434013
3
2160904
5983
599
391949484
114
945081964
406
9129
399349098
88561980
99096
215882
33
7869699490
947069741
8
68092114
728753129
74044
612105
6699813158
65515582
578944027
6991
94017
25
89077
969041998
99780010
7121420
2923
943881153
517
936469479
703
53728
811221106
1061
6530130368
8505662014
24480
67881869
1195309411
71210200
2418
60911600
3859370
9656374337
627272642
791
6332266
2995
1082035720
90720
507426959
33
4161
542537104
460133161
4923099
2667058
6287071140
231689817
1
5305270754
4450748
79052227
522795181
6
3082
62
708
1
1218043117
7941
99178384
397
8
566551571
92757
731898
5333632898
23
776782328
241864
3692130557
2945347936
60
483
158872996
9194
2677
13606
62635
58
5328805
795
8137
828423151
7
994763
1
47345284
6462153292
76
26
6449295926
101004490
78637813
1502
139
50
2886213
2980979
86
44
5342085
63215389
876783643
681
678324
300441698
2
6464778443
218352
97
4389680
8563852
26168870
7
3
11396249
47806115
18289764
9569118478
9226222323
9732903
336210
68
7961548247
1406018707
98
29950
66745
443026308
21018920
89179
3118179
654264548
16
5728252623
5592
207048
729092234
501
9875764
414354
6
177501352
9
13343456
22650
87838015
5699218529
605897
3058088170
7481
597
6370
247676
884999712
8819
6756084
74309
41078
8498005
50249
508
16761
307408092
56
8443503198
9157
669966
6
9608674
38881939
9464
5
14130
4
6258117592
532513048
21462563
79463
1
9576168
514288145
301890990
378271376
5221231293
25551
4356
1
96339
825611005
50703
68
114615157
463988
8999158931
940446569
310
3803
513257290
3879
12
309544812
855
8
3506485008
284132
297925741
888843098
4084369
6747
8086942
9716405
7261804
69124990
31255
9666232799
3805
45703
9631138050
9775713044
196727
677
8577
331638
7803
6
242812
29
310570332
325
533661
35
111609
529
869433
3795811264
3
73456346
55
8802074
5742944730
2001146
970
4
564
7540968418
87
307513
534749182
1999559
189930
313
7409544
6807336404
5
9818476450
1832928
50
66
26407
51119575
4345170911
3592529384
19030
1351876735
700
54596
1470
70514184
74
270321158
7286
57
133
658708760
8
4621069
2
77644501
4762860883
207982
733253372
5878
5549
2200
6092
2
26757
591124
3548606744
517895982
1368
39860
5693879403
616
880467
3689587
25914
393546983
6
964461
592086140
4785155529
9118
96179506
63834809
679040
366
261097
1711519
1971805536
762
6541389606
19750662
4
796
4339
737360
2334262
5
608
8
932
280039
4
94136288
637
80318
72043284
382
551687507
1552481
67
587734
397111886
4425066466
485
795937
2525
27758
8463203
2792
6503
287
4829753
2052404587
4
13061
23138
695131
654713
7326
867266438
13797924
97
61615
7
974
6756
78584
23
358651846
119234
2
7
258318
6382404
247168143
115
233656
279
251839007
1329
3
40717
11665
9836
8776722069
4569574
2936719
54503266
5390
561757385
64978210
203682
53038178
2323
455
90
906847284
9
5798
8001
7733220
4183289635
56732
45183
5522216
4240
33951479
4
4371
25933
10
47
1
4513949
5966360
563781
103842
226129
99317
1670726
5581677720
3
1509
1319464193
83458
56
5
93065877
5
7492520571
40608
816941961
3
30
544036067
71196
3
37254
57
23339910
3
7980631
95087
9596
70242
171238
773328350
4
910401503
5731880
30102325
722253
41
2018
5083
612
43553
185810548
601273
735
7776801
71
7204352
57985820
32024
814
25
776
2455
738
902
555609
266619
841484051
64158881
79
8
140312
35
11391
574
6
749407035
137902448
462
84
910
39478
722
30941390
23
76
247
660
171869
2064
9509624
17
740437
63835
14
1061772271
2424278
70779684
587465
31899005
660061703
5619745
4212
90472663
88
6621
92916180
49215
15018828
439
5549628115
2
534465613
5093
136777
373
9440192877
15381734
5056543434
466053
35
944448781
8365886882
70
4149243
7772621755
2448647045
959
97399
27
7
39
29125
7120784
4363069
9942950512
7954
4469230924
3925
2189960
137400718
8605209679
1889
9379120
2145193
6
3629910
564
4
3210681866
311
631645573
7845938
7173
5838592665
89413
392715979
6
349
543408627
252
127668117
64887
31718
4772
2366444596
6598463
287830099
3336793384
2978
850832
20015
61
7
4
5735160
5042598521
11799387
97
4639109288
695
9209452450
13740160
6725501358
6648
56997695
72488
363527
4737
197
6162
28491
85
6176
408
68125
455
6851005
3021
503
4320344144
826635
180
9120322054
468
6
413
8
8443
194
172736
85
334
629825
6072801
3604179
766849386
52241
708891830
165845
520
63
37312703
17934485
760951
452795349
23586431
779036598
982396962
11293
4776787
1645294
34866
93028
2011
4194638232
66863415
559584
8088974
997977517
159598
936378305
6609441
23446038
9729838109
599970427
124
27958
3898
5
852
44
8348328014
89727718
1194899
7910
55186
3109
1942171071
2059527965
3597412167
109
65228938
7005114314
3012486
423097949
799
130858504
95873
414094
96
73
322
13437
22756024
8000
2696885
4812004
26
5459
47059514
178010
91650325
991741858
8373119
44886738
3878847183
774
965004417
48298696
80
915170
62649909
65
9736704127
71639
223913371
27
99304
83084575
407
57768797
22814
87745281
99939730
227753380
49301030
2
10
8759352
54
22108239
85522
53126929
17977
8
255
13
3
71
9279
921
9703
903815
6948
982154798
86388784
504745
25104528
5808219219
4552
9656961
208248
55965
394659
7495056
9569455
506
496535927
8
6789
531
97
720070832
519
95
12585
492184
4
46
9225
72335004
538
628106
99
7655
711
5563044
5713
529196
685
1466
2237806
2615
589906699
4540320
47799
96
441264
93883
88
722887
104
83079287
949926316
740075661
2851614
7269111910
541
172
474434
80021
6301338910
931237
1484449
6
12
55526261
52
955
389548335
33219439
4
4026
78
382124695
390250
91330
62134
367472389
73097
599241239
290788
2607
381
7
30
8709870462
186573298
788205
5486
628
18800
1917474436
593
9245366975
2183058
8
829718
850
57611068
1255
956773533
876812
21559
2730053
9263
6269
44
109812760
434025
8634055161
9
158769381
72771
8053362336
541
347428
903517
45208620
67983
25
7095
64744
59
29
737788
942
24624899
49868
2
4
4729145
454
80099
1666925715
786391
2
9077881244
8042044933
2
611242893
55
94
6123273713
882811653
2147496729
1852
20
17
81010
157
37805842
217
53
80325317
95842726
2725259447
83
27990107
736724
473269
540239128
35020417
1981110
184
9121507045
4115955
556926807
28682
5443
3624682
9596543758
3491433
56
1854578
44
292
493736
8596719968
8705587
78224020
981
318654189
1760674297
327
9
277743
5273
3
612012
44726591
2
93360
166
911746258
304296
5201318
4899
79009
7370
2607
6941
769
98
1359
13
6799379
2
44
72974
24
846
34683664
6783
8
93038
6308727646
711082
332
78302440
282544
939488
3533580739
811
7807
858
6650834
95833154
92123
2
839
6
33279
160919
9421
579347
53562712
67618
513042
7837367701
3174780715
662
8243042338
1
349478833
72309020
3495832286
33130757
52
3854215506
42649720
1763565120
598889
8359969
751053895
7421
8
1
603481473
32
5
6038
275
8
556911
307821
9591818
1185517061
2111496030
435450
600216664
60
239035
1
385879274
378684504
842110
9119466846
830911674
4007891
74
58
1231
13925
888
40
5
587572
314
435
53895412
723324
7861892339
71191897
78023850
10562
14741562
26262
7495109560
1277203015
2994
397
2541
7226124
14066759
24
151564699
1276713
490
5
17
912
2247
54232
7709284391
25107265
7
534073
3120384
3035
832718
4
9143
355926880
67
695506954
1313
51696
5
67
10508
7373601
231
823
29807325
36500
3680
565779493
4409
48476
142662
704060
15129432
3
9780570
218796
237975
350191224
41667642
9386542
30788922
4269483080
521103
54359
3176275609
64665983
31
455830653
727
4108638637
51465631
74987
4
5358163601
8421
22838371
612246
75
11966178
3243635215
7258109
95
97
62553665
56092534
62805
9028198156
6229
18238241
93248
8416319
26
828387
9561
86
4827
2346328701
603198721
30186
998410329
85304158
4433774587
48
838427
3470
138
347
1962271
90
854775
6973
5346134
57611241
30
8
2403939018
810
6862395
938905304
6
98139675
150
428978773
752063
614776746
8413623
3923498
61347846
801553812
33586431
34
623
22679
2
7
5141338747
3841
51657
77967749
24571898
9
6045671611
7
987377
62
6
4
3020
219
76411853
945
81850
2322508
11966886
8201
7979907033
9741482
428283
7243516
61994857
21
903600055
7100831106
2804
6
2437735
3
23
15758789
2788
4072518
504287199
2
45192833
8104813
73655814
97902136
52003910
56516967
621958
476474
49157
67
808
8070251
6882
6
6094
29279
259
18
436804953
67634437
6
46525
6439
93
69962411
8962906
569937080
6429
7897814309
672
651715
3769777910
20242
2
189804565
8175
31
517249630
9
963002
5736183371
73
91562863
321555
7793
651
24111302
78664
88
331055359
45293
955627
6017
325893
473484
72
917973
826
36
93
26172156
873
654
357014
332583594
86218
668
1507617
301
43836
206017684
6602
9710630954
5
89897
883
9913287
98925
3689
559542
30
500291
168
8
5751650
77892326
926869
7052011563
3277531873
4
47015
1
6229
705715
6
8267311405
6
2
92553
4489224
484263
212174676
7
705590768
3816123508
668957
501
7309
6968
7248
2127
4
156
316079605
579154
2662
13
9484410081
8271764
345009981
9
72
2204114367
651
64895
42367681
931545900
9
445211
36101
26533
957513534
87170462
6306201819
65892
73616
60080
514244670
1279
878115889
315
2800
698
6444409322
842
307815
69656977
88
6176167
6931737
793
6797778
6
41455921
1408743
640
345
87
29
339707645
127
443981
541608
8721
43759712
22139
3080206
23
5002907
7
2616
6810106034
2840664
9988
912660
885757715
72162
800
584222368
814080
97467474
7372366201
1702616464
7518988
2756809626
7
7876613731
321730
8563126711
286219449
5660305618
2856330348
98533
14349051
74
943944130
4203457566
9794089
444278324
2769425
800961105
40367
3419910253
12017
8338736797
89545
6174885701
311940
39
964872830
8766184360
70
7419813900
646743
9916075
4050061708
5795
724522542
87
391706704
6
64075
51087
341
34762
93
3
5681119
99
6
167819963
31444425
20561488
996
59137290
33
6
6967
99225
30
9977
46880
96
9980985
817
58393556
82060
2507679186
322752
164
1785802
21
11620576
8149843
9950364
98867764
20038
3034248636
9574966
60338
59630426
5315902879
15047615
7831691073
401545381
881
4990724774
6940315776
7441949474
19
7
9045
16
75
839
134
473
74469
7402765
5899712
8098
7
5376646
8493696
834215
92
614
5330818
4
8
30146
250711847
5349946822
390
878513
46
5297
9240
9006748
8005068
422052
571859676
1117
68528
96960
612514
31
6800827112
26
6400771040
4970118
271
785566
140649
9160
58385
462822598
91
471560
845
61880
213
121
80
11441
486
8
919324865
7506314
502983987
160692
7995
37573544
4913275231
658
831076
255207
827
647
61
5881925031
3320033
8
7204279
346
190454
421005
861
656645
440282451
3
594
87
3550
7142
301168152
903757408
74530148
2306876305
8348603034
4782124
309371
666960975
2187
90
3
9
879
4714138
45
77
992535682
222456734
1079628
19135811
723223145
70070
365521
408025
6016298487
9
6
712
32536
45
5862182161
1412691
6
12620
39412
745406
4743
8809020
84720805
7
3654
598165
4351670079
99716978
7868424036
7744043730
28
849799
6
8466
9
289000
49
16984
80999493
3106560226
320717326
385653
7989748
19
63
97
3283916554
92
916744851
92791
672
24564896
962886607
75
2503506242
4821295224
315135904
967545440
8
1
3797700
1846
966
740530
5786978921
2724752274
56023154
9183071
161537085
318186069
99
36141104
94289902
94155
78676240
436
43
1613314
660
276159
574
963
345530
817156537
33731
202
8091
24578
6116
151
6920364
237034923
307296093
5649319092
48874828
239
14063
63
76
3
8349328
186779
271
55888230
1632296119
547
64
5413791
542250168
49252035
9
89
191863
4608
2404920
148987
2418177
993132120
318390654
114027
36438445
9
61418533
306832
4711988
587
107
29
315801860
19
3
5205586
84
18502519
36060886
855035
1955016693
897377299
7270118
97625972
9534412547
440988
97
5754226
606461
259743
636928364
1696994832
11032
2213
50162168
14
316
2023923
33674
10121826
9
81346172
9983
5243404983
8
934228
74
4
3568738458
63452
83556310
757874115
4574638432
32953
37313
3598057
4630694
1074648
7533
161639
300
265206
84660920
13975
151
7301282
12
58909704
9160752
613738084
7996337122
3242676876
270229
40
9504
9
93958825
30
80
75056
297723585
3
544235170
45085
8656640
673
64034
890355727
49128
471158
41
6138586528
1639243
56986648
131210
6750
40
149676
8493
2958
5054496207
773796805
965425107
5721993529
2514
939
42774984
966249
92934
722
2
148768
1499334
3127638393
631175593
931
5964
20834
9422
25551350
807
9287664
2575261
38853
5038591
866786
9886
1
11
85855864
4148719124
1
19
5
55984716
47821
5387635
417
726991048
7
8
7024
1241566
6
5220147
44
52
81
52615129
341707054
2881
5537
64173986
1051262384
6
2380764
96998
276
567743
8968460508
22
178206107
4777068488
7
22
49490494
4
94924
9
46
9633517614
814
35007
71161
47999904
98
6194
351909
86
915820714
2361093
2716286661
82554
78
65194
88037
922604
636489
250
8556549
261628115
538
648
506561
6329662301
93335132
30
389006
805649322
8226932943
56482
9770554
200
88197
78
183729
520677167
8445006
1
26588002
688
173
858
4571981
8542430
989432695
8149418336
72
1592917
77804
33547086
3
233
2
43383598
53262011
974941018
7017607916
562303704
50
757
56032
333
634
6752725
376145497
1473061611
618020964
743186
113993
1495
37631
6722273368
942751348
77726
5963297825
1
54
47
292
5294900
1121520
25
1829111940
33
7382874426
6076930797
3
626
82451
3319730
31
94013
9
997
22879
71318010
86134
718382
392087
30690863
35167380
7696
2173484484
760671
6072953986
769939705
78690
861909401
664266
9214745188
663
12
8
9158271971
784
5024
46017526
749155
408
825
21659951
6
85890083
57601473
2705372114
56834
6409002
4529574059
23
4225843
190075513
6313
85452
60
6431598504
2270867056
6144942
42
7515
11369
838751543
2413601
3
1830021
593769
345
767
80
8692597
815
7534
7066
934
467618
60
48
7105
2416816
52
77517723
643285
420441
16516
1386
482
16213819
2864795191
70723058
4896738490
8444662
64598
103161033
1
908828
5
668616
5852
86
71476141
4811628
585013618
9383277
692
74667
37623
6
1541135149
53
5060
9387
1
3029964
558089215
6657
77058
9744367
478230
77867450
6258243500
1848251490
86208548
929181
771
6965
655654
5
2697805
5286
68752
5
27093243
5835
8384
457
546
61
1
6150601
27486
9961350093
88
976793091
596286500
78939580
4
4062963
5770
837621053
52000
1869127
33394041
16629
7
388
38328
3392247360
679068768
9117
1071693155
8110
635158
2041975
641
23185
5993467147
946
99
45835
62522
6299383
99
11426965
79520097
531564
39759172
30
1265
62911
8495
226
7
206654989
219290617
10
49745
9412157010
27294
10610468
336630
47
51868868
9546812123
371
46297
78993451
501994
356352
921
14189977
4
2901206486
84
89098
379032
9562839932
5
296227
27
2774100020
3012581481
53
453
5393
867308122
7316
8
1742709
276748994
7334886
8314272
536130049
363169
8127187
57682
25231209
4
341
456613
733046273
638216
830
62
3568803
6046124
4427796
38
9067123
69
549834213
560
860
5823
87889909
96990
310200
8133995
56588
99
11
89
47069
696090831
386740537
23
7940
77439166
2086272875
45758736
361051
49
118018
99730
66121980
859
482
97
629582845
6742
2
1466818036
52
98830314
4839703574
670528
68764
40
57544
853
608050309
9380
187508951
2
4064616
343
7502765827
767901
85
77563663
16300
80320656
90
62345439
8397451971
8
16587443
18241382
16692783
28410
481940607
7807
5751
389892814
2453
80449
25
79711
2
55430626
30502889
195
86193652
3148
5
67
61
66
4384186
1342652
88795821
117
4557
33958809
922
190892511
647537462
483
4155589
673830
16428725
8522308787
5068617745
9
4399
4
5
19
10
344356
7144
15798
19681
4747369947
440185332
2
21
7
18310659
68580842
5
995
775746751
52
248
739
5475
26845
43442
601
193687
431
9844
1290
2209
56568
2896908
75336291
448961
8848150
242472
8827799393
3889
1907
287907
3186012
57968247
59404
11151
7266
928
2797023
19
2535378738
92166408
557246661
874
75628
27216550
52
888586
27830143
1
35
390337
21692
892
985
379
30625
10
5122627920
209462
2217513
1100196513
6876325863
6569
95154
9
97
516210246
7003273
4336885740
93
508851969
539
7641440408
9135
4329
4569915253
59566248
472796905
8
936
30
7
5798261
85755533
49234763
8723968
82643
875294
86781848
1440045331
9134509097
3563685424
60728
2217813788
84
3912
7158182674
54
7
18914196
454115763
64301267
5878674806
5777083501
99
92366614
5
6
9
63964
9127
786
7235082183
253831
120676252
4874032
4054
37
21
849682069
5730809
528
4302
75055555
76912453
9637337922
5
999
3510007772
545733682
26
229913
303329840
1748077353
17886375
5
9252734
5038135
99
4697
5820
7152882552
130029
470383
2
3314627
205112
7195392
70567496
4167513
3559144
884
83743945
8382100
48
339229
7686953
6397
380
6826059013
5067
1875957
52732330
3789265248
918
13903600
794810177
227255241
81274
908271
99
26458873
369507
5729
47603
9350477919
420
208237094
202
1045831275
896006
6983654414
60472
745680
94
9
9
76842238
6
9905121874
2066823
66818
703533948
40
5
808
64849562
99
88
3
2727229684
89782770
687355525
6532415
455
98362
90006
7528404608
873270166
29156808
44676843
7
970
4078082645
140214537
352
877465697
8796009757
29409
36588796
208485
13885858
3275923912
5640163477
9
92691327
39
757790173
4219542
963527
810
3903177
62
8368509
63473400
10408645
61740733
39
10573
67844
8
17096768
2684095569
4570
76617
949043
511272
234
5663652
224669
9498
58807937
393673
7149
7
58573
87
813
336
98597
3982359781
5146766
843456
187190
70210352
9190475
55121054
366
70
390
59418258
3
3272
4458938
6911
1247
2723471252
7333
7
179610945
6
5431
136
8818514677
9942417816
6820020
830
612708
1
63
710
1
318553666
3170417479
719164
9328074
1873802
20
1033897
61333
750139
198506
2518
522
8268545435
97403236
7
5
1394783096
8
17991267
9
425275743
425741683
824
5
89019
9972766
364
9802
74326
1712
4658691
274839
77245540
31854
850523
128
9
79
137414947
36512
57032
10359053
698513
5360
352521132
379335382
5431
48784879
328
356509926
90901
9
7344014
91086704
3161981996
925719848
1592923
1923080
31242
7203
8334
85
5713
2918
74023984
945119393
4888
71434
100
13
49035
7
80577
8377658
70
53513505
3192
49760
5255
627758467
35383
844320746
312016442
79
417986
704
644090
6706491394
3
40
6709
980995216
166
1
35908
3
4153697
2
839692
2086771603
6166
223
27245320
8
8732620
630
6888589059
311615735
25486949
24616644
74578389
9019189583
329159
649
3899870
5162603
6494389668
7981017
73655097
6
6547795
28
39547156
7431689
841812876
612887
6080027
562256
630
8871222
8563743
60
60
9730533
7046688198
7
617
6
963645668
8100
8644912947
271834
1
17006
7
9
34741
18
1832823914
3374097063
793303939
16676714
970875866
751824
67428
917260
1550
3
834216529
4178
9325
8407780
536
79817
6464
3
1575113
718
55808
98
5
3123
736953369
8561208
2
49761294
7275860
585078
3959
10105
8438208606
386
595
5112624682
13308
89326841
742822
7938
2013615
53567
5315975539
7372612924
5193584
7190
60955456
625
6
15278
5723
5762
4763
5687094
2699
14727680
1484267
758862
72346
454
2875447
478
3179
82
65030620
91284988
308762
652
331503610
838435
387747198
744
9
84140
111410897
4915351651
691250271
9
50
502
3831284491
49
34
8765
90482059
871344673
165605
7924107040
14386437
1
269148
2087364
140
82
596060253
1140244
74923
7766
760
9387
574783
80307
71484746
17040
25972
10037
2
719548
8180829663
29274
896506464
721123873
8730976289
871116051
6848349227
91
84625355
93
3967
96131
586790
51943828
20986163
96452435
757338
6777
9
1895752
5370605
21
8
529
172943207
57009374
441923931
173
7268280
3
295
667
1688254
222189563
41418972
3301296
9866
4347125
545310
225
280826
3930522908
6
5329066714
2
25350119
806397060
35512
61502
58894
6885174781
65
692136655
54711
9185843078
86383187
28
9
10827
685742
45466794
90534
1
911
1
2
80
3
704977891
5593
393
982
7
7044928955
76908
7773
53137087
79561017
9853515
17
276372356
62567
726753752
36
9434
3797633691
208062
4501353
14736
6529163
57330713
9555
572936
9999427
940135
9500478285
256311766
56190
41822848
102415
404761044
85057
4751008
39626529
586
525
7877
3528070858
42
189615172
4344966
33518
74098
8
51
6
9826185772
94
165716407
60324
85405652
790
91991764
45904172
4394910646
80
8900
91176
5
9732679
880
97
6954928391
9308743
2
6442943
707737
378910
558406
759533
530
2
30429
4860020140
486
42774
2713
688
55818573
99368317
346039
6990148
9799
629897515
866524126
858
773
97
6745167
1896440149
22392618
437
90
924903
107
600
8607
54842
552
133
4
731623
1215460562
671
7720
5271727513
40997
95
9083
773643301
9575336665
9911
38586
4513565
5
1905
6
11
8766572
29968
217679161
2576
85667727
41
69415250
21
803954
1510
27298
87926641
525707643
97
854148164
368095
1179
432855454
797255
9
88
132
4112078630
7506396330
912824
22
3962
45296
7363
70132
876067129
5001038
57
617378560
80677872
750071
214467
919
22421
761513
171559331
5
189
51035091
3
967463
1688965
784353661
7847646018
701287
78
41573905
1
300700
3222562890
132290719
1
3796118897
69558534
460691
8054314719
875891624
7132626860
66478011
915529
577021308
982884
78
6473
8910914154
348913112
323267438
4798
6237
38037
45
69176
445
3
8273
88591727
1439
22420
5272673
71
7
6498853379
33
233646
47392
9193098
84298239
315335198
25913
902
2368468992
9631
7
57413
9946457
41848
5186328
65
6
51842
1320384
832
4180636707
27
158
61
5533775
5
16202015
848426620
5968101262
191911281
4
112375337
9038243
3864258
28
805
425
583397853
21850
979
9094986863
25314041
9
4
3215019
72
5862856
22432407
5
853152924
237501762
19
2861890767
846632078
234803
3305
4
693958216
997061839
963524
2709835
51
4148719
7477
7
3
341596056
60
7272675
91
6385
3264697
2
9
1653918942
4159075
621
86
870409
640662893
482071
1160183275
834825
5
51701254
961258
9703435
991
1983492765
9
5614523
802
3302
61
10
598444714
991516
4
13746301
4192
627582200
35150
8701
3874231652
261949823
8
92254469
9792
91082176
3100660
37524833
581514
592533
4
3
726244
4930406327
8749973673
587
6777660
742081939
32443737
1090
27
98
3270
8325292
3800
80267406
755231
70610
790557418
25032
86110863
622
90
1089218
7174232844
4538928
4096
435222260
17882
8239
6
53416
6965829
624232140
5067484
82986093
67
43997
7522925
6791
579685
26737
437176
941436785
5553301504
458029
9349352238
77026481
8302317686
13
83215432
5052
5
536
64
15
3778650
63034
19
597
21015
237713
40356
3475382543
1534237315
9
5892626
76
1376
869
11776
774074103
499
6
567
577
448863977
655748
9697475428
18
5715
49506141
665
159
331282533
48
9966020929
2363655
6220828319
266
8549274800
5119596793
44559105
67151
35998452
65695018
4
713550452
12204
1554984799
45
161
2823721
3403077
80
5
148100
614
48658
7005812826
9541
7211
60211
782860
8761890894
63822331
4
53
863565186
84551570
725
8524
14620
8324185165
58154
29422
7811937
25238644
6428356713
614910
88957
1487779
75936
475
87621
675361
7571025772
6678
4200930
482560713
834720402
87
47650036
31511
5939
157398613
1161800443
5710154044
71885
737
1289490
3
903
93117
646751
78676015
179
392358763
41243038
257537
108189
549560
989739
663024
1
2193356
25
81094649
18905
33
89735
10384599
68230091
50807140
3696
77873
66
49
37
2162
7669
7424770799
9
6726
89863
711345
671021
3790235375
93
2225
227
68592
203
92791287
21736
2
73877906
34651350
928400
280549
8
8032691
6967
3402454162
3273
796
73
8
5066821
622725
795862
19389
7391
582
9295284
45318994
508115
9
157833504
6
6000745388
53188974
35723
29891324
38
273093056
264
7
73578490
3072
27
6892822
441930
34628
57035
15277
84700871
4259921
458
93
746625809
550
4392836104
4585232055
186202
782456736
78
729005092
1398522497
7242
247
487562558
602302774
9
76
167
5901883921
10140940
3103667102
391822661
4
50
8660881
13
345
157798872
65458
794644
584843
5457
269529047
8
64
14103
123045
1047
8900785778
629382
74692
7512548
57725
65277
2
428
8265
5
1908299010
4
934803
167468
6
2968302935
79768
17345708
15
131
9
437260
7458066
1025308825
83594330
244089093
5682362
266
11025708
964
307
6418803116
5796964
9261545
5386016
7323
923577
8361169167
7430
6753
91
1955659
822354854
38
86
2325
879
3273
574968
41050
96428860
9049652274
63
47436
719939
5105
30178
9196663
66192489
921790
92884317
823
4
4819789580
8052
790
98
37827030
41499
671
2968765
5701908168
6629
746885
376
7
3853729
568474795
224
67
187793475
66
51898
4
55338398
99003332
50597
3364471882
9827
63323504
9437
2461708
614368646
7555715
50227950
6019
3647
54905967
496
670844
9142211912
76
69119
671154
8472
954
1528465
3848
77887
493
64456
397
80
1746041
21871934
70875280
70886
995437304
72351367
9495243
241
67759
71
660235963
7748667065
711989495
8
743118281
971309183
26787
786245
62755320
68188158
8
6
216
11543
85445
9
5
2705421368
3266084
6
1931742
29542
9051797
9005005
1
802
9593946
4455322
5707373
1253
8780304829
8617
33788
998231
45814
486404
356715
7
32693942
775829421
37
7663389
8
241341
700
937
313281
11223916
3277176612
2063433993
90271
9498
61
20
464044564
52
10
39756565
4
440703051
6119
406
546
681
80362771
38588
531965331
4378146206
8
897298
15264874
85139607
5545063
2982601
54743907
159
8282
42
7116155480
4048
83
6249593
57518336
272361990
37640
573
465398297
795492
3369650
233857
18
798
9994026
1961366
2
731582
670
1785719056
59
7
7
428353351
3751700498
8406624
57
7
8709476030
2884
16
432
2690279988
6361102691
86976289
7867153
6
559307
67932488
264
378106153
228
9
397
2487476212
46336095
560
3131
7779
650591
2
280968783
26303
2
2453280786
81262560
5054451
533392
38128519
6
229118
58765
4013406
8214804
28
77103390
4515287371
147149
7084
118
917
9869597
2823759
8
975739017
2802705
342230
2656835851
2177262
9477010277
161900100
883
9806
24454
110
554
942519814
6812939
692
4429
8354675
461
4172331
57
8507885
98498
177151
2
605
3472289
68392
62133
27
151521200
124631
49887
6244231
4
92
6325536
861
13640
860481
1317
9
2028
172302976
1045023
1
99808
5802423602
9653508485
991213
84660332
32678
45101240
707
88730450
261432561
42221800
10
8067183569
586682364
16
963322526
28
9901330
123838
2
7
37938
384
7254830473
14
316325
2139177
306513157
7
820578
658585
31
2
2084
7570
6228
79
22417589
61507
755879
3
855
157446752
50911639
79811955
466225196
1957144534
5433074
60233247
8793993444
6349
8
3033
958224
139181
82
934565981
320299
98719
8624548272
814124
7292857
517991
6402678044
120
38
4764590
6806268
1185
2030032155
26868
52
711
3
860353885
2858503
13
31572
14722
413
2
61
61469
263057631
36528857
762011
1206281805
540353
6271335895
536370005
44502
23743347
892340
75451
15
4020234084
151
6348
4525
27517
1630464
579451988
3011792185
797586906
872
375819846
18629155
970313132
8769247549
737
930864
6
8
775391
95
811564671
3058
625488496
27165555
6314136312
54350
658229556
820945895
89831
536
79164600
6223025026
773974384
7210764
107286151
4089753471
61
4597
22
4
701033172
81194
205
3106
47679490
986114152
55
448333718
99571
73082897
28
4912014
4689841
6370061224
32
56648482
354045010
6087
1631281
9667036
5848767560
7584768286
6837115
398782529
94460619
576
4710
2017
3554
2113116695
995302
937218862
1
68599186
368875490
329916386
2
235229694
58
73144
970816574
25684
1524
5256
39
319294897
60573
529841
433980207
4681
79154579
2061958
35471
24625
6241
6953
167
90
28094
7
5872235
106984955
60
47
6
9
9525
303679794
12178619
34414
484
9170619839
7
980
295485
660601282
161353
422
27976490
6055491267
20744472
9497
2594822
1705
47
2354635
58
55
79489
368
540
4923079419
6896720731
9668
491561
638261417
697262
78
682
84584245
47777718
8310565596
64960526
4044
300
9317250094
2027458
80288167
56
44
74
8030079201
889450023
7161385
4805708
86
6
20270
18
8
9776916597
72132619
49598229
8190
3316377677
9
30545078
5350
211
98592
13
7645155656
961491732
75
7658
344404
3155
969
3456640316
672
5058850
3
1511
19021
6
45382085
8212
97
587450495
33336
13
44
51
295
8252439
894146468
90790469
34
92183255
24
39
9435
1993573
49
445205
38
3037
34177854
463
92
9766403
69062
15575183
50
6580165
8543393840
90
7348
4073053
9179436980
37647607
92312
517709
28386
75
9
610109
6
169353676
3861557266
7896590952
105541
34
578874
43
2873432468
100
3543835
2
8349
1
6
855
587
7
3944
4
8654691940
8
2316
942278085
430858981
4408255640
1936
7524179810
3926
7386175
7905095036
35465
2559447951
18
868
8
918514
11047490
76180597
58
1875328549
2
909051725
7970571980
11089
46771
3129
5785
32
887726
5708833
8077910
75081
556218
831905
90
302842179
59
90397
255753
626
987
681548
426867204
786418690
5712
76
667984585
468723858
7
4416121
38
2165918895
635398525
479288
7018274
98
665
6692930510
5014588
65649469
107
9563
4
336
9188
43
314643
8040842
42816340
240807863
414184
483418
1789835
27189205
6905743
9291881696
160
45132506
121142085
3173852
553
4762
4127682855
2628
6658964355
983272662
9873613563
915519127
429
205
75178897
15407315
7898
88790
40764752
851668
986
222
4494405017
1609
46912
1586451
1412145
936
745715662
2608
3
312930
69447
402577428
364205555
97919
662
5512
599006
87
2356
90102
580
7792676
34
2376590906
524766618
39493
8585627
72409615
21324862
7272
5097
3523
8
175627
31987874
3505633
452305234
9665630239
68
39222573
937138235
322
162
19730
1318306130
174
401
82264
5170916994
5
96825876
682
952
1796121
55
3056878933
42521
69431594
34
5591397
491125501
91
947
93584140
31288
82681600
745
97471
8057
185420495
218113465
202928184
160449
65
624175
88247301
7537
9053362
75
88
1242421
5943436
1533135
20100999
4720939698
8916
1493
80205
292747
64
7155
1026466557
5937
976510
1
396
21274
5
82134
1
90093
108259
44468
7238814
2281488269
3
854
5403
4
230
858
71
64372765
79295497
47
16686771
74727
62058
781436
78
39
950
19861
8993252
75
85768
34526008
350
356573344
877
383
979787033
6911675708
2590268946
645050
457
68783
4
9942142
87851
5
3788
700038
11819478
216225804
19213
955
970083687
692444
1096217320
48114
34
27556
78850
66561
184
1684
8746
509084
212069491
547389
2033367163
3
3183652376
50
522
17
171853
5
277
3720
5553
224265621
86765416
231530727
2984220842
3158422
430292
6
3589
6157658139
42
60
401846
5
87710
13
3260
5452
3714944
181770
4364091643
382443491
6792
968398541
761
731971391
9717
85585426
73475699
3
661095
497806
9890
43572
168
2780831
821479
13147
3
2451
871
265611
29199143
36
7195
10912
922624
3
3967860
158878
78187125
14805918
96613
863983515
39509
46
600
767068
231087419
45303
8
7694
30724598
4780715
8397736
71794
508460531
285
7571083461
728156
224930
4597680940
472353
2192630
4799803
467
529422
4
950563
52594
64972345
384088
5
20223
561700
19
9622
529899939
4428
544551
673756987
1394
98
69629
84
8322332346
864
774872795
5
90
4
9762
44955497
86
550
561590382
122589799
318
678066
298720
26455369
73833
5548478396
8091902394
57030061
636140
398
1769140501
1239230
997
618869
85817
773
62493
3
209
9
2587373
18165
213575804
306147
5
8174490
2535630808
195263444
33158725
507586
423313129
6930229
6823923
2504
753299944
51973834
26
244
53819801
555
88073344
485801
97002
53419
155
91337
9263485458
519
7
9747546643
5805361402
71
4
1788973
81099628
17896
295480081
1727
4930428801
492399
9148
8076
2165338383
198052021
803263
427341
22
4746385
846
52764731
75
77426
2224775
12903
217
3814131
6512142664
1628068876
495
532316
2
46520
8646448071
6423834
50517167
4623628604
498
42590100
3692
6
5313
3492692464
29637
137597595
53864
938929812
5
685
309015
54815
692220753
866
22689
11719276
529359
6
408882
1
96886
621078
599312195
8
7850962149
18
2228
441178
2195849
42655
58255
570
3
3683
7
354900647
61674239
69719
773394
5503027
54946209
2
9158699
69599
3748
5385386773
3
4108831
949
5466
677417478
5927
7209169576
8988795
778
224020370
54
6701276413
243
45757
158703
604983
2
4053962567
95403
53119
5001774075
1429459040
5
63
1382
9
2870520
1946
6570
9103787
488178796
950
867397
8348694340
5
8
653343311
4647
98
56057711
5829
210
6663960
3250520
80642179
1
122983870
872237018
701084
11135243
53687760
3649956267
14915
98176
897580136
408755
17
89686411
964
8
31
138829115
249
4612960
219
80907
803
6752940
4
38156
9608256277
6034539
9495
37764
78
26036775
31212
974
618651069
25825325
6
781
663
5
90737454
7294000767
671094538
2105
162626219
5152102
5757
8061043600
19665
99644746
281047
5
6
3555293
6
4759684483
3
14
83917
27110
3
4697942012
4
943
302666
803
508419
85
80655
15514
5112580
65164417
3960048
441809050
5937
268477
458
786173
89486072
48731238
42034530
53564365
4857
3965863376
51356473
634590819
4723573
7677813441
996419219
364523
7065902
4686346
4047
2
96
9
8
5742
571
555
6658
163967
2065783663
5830
9271418984
923
291359862
5542330
54568
5106197
529831723
46024406
7067
63
882
687261193
588
8297096
11046276
3382
963
31822136
24950230
8871517049
6845
721
963
5085
4473736099
317
5028
2193
106181705
453503911
277307845
8867312
71965
1805809846
15
82638654
188678132
7
84008
282
9476
87977124
1088910704
555
98
8
35088831
243362513
662324
416191
9563856208
66812
76632152
11
2529
4984082513
3882622
104035
8487
32122624
17
95465
81035825
405477
55976
70153611
32
5411016946
1
27802200
52769007
3
237
8
265687
975544403
6539616494
5
836
1460264
165444
97
20250401
83664142
3985108
85715
1522
26275
541950
5
21978
5412875948
55878377
846478
829169
92
76
3950195026
627058
37793397
804588
811
8912437389
47044
249562161
9
8970
584
6
13436
14528
298146
5088467
66133630
564893
933142
1985213
815641360
40
291898
5133587983
4119319
5262
389835
3
35
5
9846253
1
428619928
1
1406
7042
6
706424468
10
3
96042
9323024263
78310411
9612083945
7903243831
92474157
50088481
33445631
3063256036
922484
82630
4193
5025
6
660356885
74457628
1483
423
57997
8
267427760
7424
175897347
47
73222
581538
3043441
9018
9661226
1646
52
5
551626561
9402
5349827387
371495409
6
337525
156
5
8
967
161
7
792925
3902876534
6
286
9
5
5473
2
10
2
79641441
563879
57031044
2951954
602729798
1080919
1899612644
16
9
55798771
68471
280
547184
98703034
9703141310
131767
463
606604
6
6
287
153891
7447565
5
6977779131
16339
3627
983302
3242265
29283267
8
2341814131
9315
3633565174
3373757009
3081
168
62806
4
41969
62
17195361
7
39536931
71
465573
64763201
20
481688
4507
210
668
4
5061737176
23197
726660
4351
4238
90434
44
5355485
9085970
855218
95868700
7
1537
2171390130
555852
4400
3549213601
451922
65850
177
72
98
6826633851
372942
9924
56
165459898
6814
36278873
65583063
1
6383342
579
8220
959103837
6
8372921446
54999474
1411
460
366014
466
474889
49
6527
62
743513
8
71434686
39
761
5958680
918652383
73
62139791
2344
8066995116
582325
579
1164721003
496
846
56249
11622620
4820146408
144683
933181
138742
280
877019030
670264
268
712506649
88
9
78
19
2210
3454
50
95484272
7
62
7039
3450501143
435425
506976
236223673
614
47
3325299
4
63692952
982717577
5366
34227
8066460985
81466
6895
54421606
7233
3638
678192642
375245
917
70114959
582110
2756
47065
4
11791
2018085
9
32874080
49740
69
6045
750943860
1960
6
9056
4246626040
12471091
887275728
17
42544
49544
9906
84
6920
98
4
6303960873
6713066434
73
190300
34147446
192822
6705327033
8
184305
1337033116
270
9767046
8823738
8327007
2586
847281397
893292
42363078
4
61050274
978166294
46358
248679680
60
4481
74993004
35168
52639
743
2965488127
97641
696998121
828218618
5
1
698424173
8990281847
5
129227745
8966517
8732818
95
23
6067302
56
25750365
912761519
4
866106
734400
14498290
7
627
906986518
4
38015
3514504269
196314188
7511
886
55765
4818
495365
634794
7
5907
767
99
67
35888338
6351290156
9291948
8206377784
4565904
4124267729
992607
7
74552568
9710
3442029
6853
309349956
81863209
9
8
3204034
2292833
31885
593674272
17441
9218126
21092
6857231500
631606
74935468
356
9655
697025408
315875301
8197
41326468
42020
5779958
2661360
99450917
69403
5244637949
58055
6841
853
2038642786
6115
63162
687358880
639569335
6795231
7
942256627
169
596
112215
15
4288910088
5424
1355382
5098600143
8732661
3841
42138477
453
2381
3
3813437
5386906929
340
7818
5
1
885073
32
6901
88
465
61425
68223387
20399657
943121626
43132647
3476245393
48450296
1199
3993
90
173
5748299
78
48
9567
5
681304
4425
7278
2142346411
100205497
53
76885
664
8
8071808701
146382
8496748
48471579
1894811
444
6661381402
73163
581673558
8289628820
6020201772
365301
28
3
5555
6
10678041
9268007
2277204595
8666
359
9
7813764
86851818
252537
9009
14798
4
57775676
81730883
7246130
305988
552689483
2838299252
3069
70
92
5115
1968601
35643
1965954
11848
2856519622
4599
6
223303
444909
151601
8
4397
3557018
1642860
358109763
901
3490
8815967
82949
7157
3939525839
130483454
7980
9
6198185262
640300462
64190
1
75
3413
8817
482565504
2584548257
4
195804754
111729604
337601999
785695582
758613793
7859362
3
6
3
3451
31758
854
49
2766
9
31932
676407
9728573583
51
20833814
7150671
40
4582858
2508717981
692706771
4718742
6474955
1
277456
882998367
561948
7
6191459391
9924
513825
125968797
327
4065
8382
87376
99263
91
62527
7
6878431280
531924410
25
175
4359736
42693103
739499
1318
365594
60680886
7709185293
5563
955831
14505
890391
5964774
7198650
25141178
98326
41398222
270518
7198698205
9602506
6
866759
672603
7489
6808788
47266
1
30332222
1686342047
3698155
652592
438340258
522
13
93227
99
6
9923
5081
710279696
9067914
150
900389334
4243502
51933
825
9853652
7
1743
18
926
61
184173896
1846753
500708
4110064054
662726
515953
9555596414
488
793029
1483760
8
201
5
9522
45
4122336
4835884
624177087
448
95301
89425158
40885842
99
1070
210383
7922860827
38765947
80581869
5732542788
4
160964545
17
89151
6094680
8408033
194052211
763
6725
14
66925291
6820255179
233
79339
51958844
256528
21
57980986
851
681965
921937369
28
6241
1555861
951846
3037232
170
371525852
4242234142
98516
862506369
60
8
9489649500
2432377
672743069
41
2151521
8
66904
84635
82
146
140605254
85575490
79986889
7571
7401
42186
81
514095
314043
42591085
29592845
749102
2
50526150
231679823
299
223
477
81
9727723265
183515833
6926
25550
2778552
143903621
502377491
258971479
7532867
146
594828810
1967
6
46
7979
6575830
332587
4775726
3730
9360784
3705904
1438
45883666
2
8
93859
5
34753915
140
4027539
930
540015917
9
3395549
1988514470
6971
1852
309913
781
8508594396
383
8034909
25
870892752
1247240
57
15
643435173
123
3
61614412
2499
858
9269
7474210
44378
72443
2525216
7586
3806423
8429611448
52326
659110538
8335640772
9
1093853
8719
36895204
2772
261
5
512137
409886871
880
27504400
320321
423705
215
437737284
9925397
45
62261592
87411
219701
4486174
64389907
1048
715456013
1509
646
350
26204
61221
8601
54362410
2545
2
8399943675
98388243
461
24775
9481
4
7635
9562
16
74261762
501375
1
457596970
939
7315400
3389995129
28
280665
1614
80629
1
6
30618
8752143037
258385237
8202471812
4352753828
17361473
40
97941003
8
9
8085
59
83
83857
159526
967345
291326315
420481859
55949
86471
1
568
727713079
186
51662701
4
7104
35
417
950
5033046437
6794066
74062
8093983280
24
66
466298
218
5
6851849451
4227948
983
8315899
65352740
58699
547892284
4
876
5281431117
2
69032394
89860
9113
70
7872972
9498839201
96813
59
26471079
3461
7
817
114838475
2
1397
4193
98
94
969
431057172
5430
568091589
1650147
359328773
83867498
3983491
7711086
7
89253230
1687
4227
90
30
281325
128050488
113389
7652811944
57677165
581973
3
552100
33116756
23567486
466059578
967521788
10
73471073
92523579
361411
813
397
6150490
198224
23
125794
7
65175154
13559977
32379
12705368
828
71318028
5186
164633986
49958
836116
925
50
6
2712961
2
40
20
93035
3565
1942189
34
252
9859
853318243
95
2706
4832
156
3329
28144535
694476
1212627900
96622
71275646
91
2328981583
3
100
1
900803884
3826774398
2
7059
7782998036
71
36520
134807598
36296381
1
4619
78377635
62
31620624
3405
949
650384
5046408
3
814116072
35892
36840
9745673
200318255
826698586
34253044
26444
10650825
19
421861
7
89729
8520507
27269840
5076008340
84
8370678535
73874238
118
765
859043
15259640
82
755154
2
5640
2326630577
62
69185
23243
456327286
61876573
18
99485945
18
41890561
65427738
959633467
2
3
5171156827
374430
726796297
635643
33413837
3
535822886
71632
40173
36
936431653
896
1920486938
952250937
2
5
970808
93865
60111
938466119
6825610884
125
565871
6567
72894822
682554149
6030147
2538551
2
4841
4376178862
11579673
9492026
45291897
3
96
6997491
3328
31
6
78846595
841271144
75
648398849
14022809
67
997
6
56814
503218
67513623
886
25753
7546
168216
7849959522
510
60
9
6522
72650715
697916137
657345811
948
6794789267
6045301
155461
630
97602
845804
61722
4594819700
511815791
598
8
395759
436
26820
405583490
72085
778444
3643520
254717684
4
7433
31598232
34062
409
44781505
967735192
61735793
1
4
5993628
20
8150368332
63513
3686
9632690725
892422
2602883
64190072
1
402600478
1908
12
64475
8275025
9884
7
9165
678957866
5811
4513533
9222265983
7608309059
464
2759
3289174394
375215
50812
8768373669
209741739
33348
672
97673
7096053
3303306484
22
3000845
64
62270705
961142
27
28
3579466869
61616
6158115
105700
184470
66409469
570469624
3461014519
227873557
40248
83550419
8643
11962
49367476
1
884808838
1505
9864
7347
602
772991
36
74013880
2988
451203416
434061640
3
320045
99644
64
81
283979
59
351645
275306
2563
28985
80069
911078
6096203
748
8050201699
72931
801120
343
965
623
794366892
663802728
13026
5102949
239
3
1
6712598137
868718480
74646
316018864
621
765511096
9
8036
493361
67818
31763
67898
351
95
434
953992422
364071
51519
45989
87725
7196438
30
76685
5186767556
77
737
8
6289
1691
211
89082
693
1
9529970
56648
8557772
1
85
53
2
9149571996
30
7426516
374959525
15
7406343080
87082
5
731860072
878988192
87478142
9347945155
99
40
2
384
76
99
707173
379030
32
860961491
62
72172
28740625
4071
937
535
35
7179
2
5304147003
71193077
13037
30
8937715
77019444
3704
1394
1751434
6
55740993
4891
317654240
9251987
73
6345807
9292
5171
108894269
7879586147
7400385
2349
50554
66
180219
45123428
34376
7087844
4300155862
81682
34114692
8
1642083
951239
80188
85
7745676076
133
1030883
395017
9857569
7
9811
5261964
32
2934823981
7425
530990639
492
2873728
46076
70076
2
7664384
7960638
36498
40387
224891
25142
8653
14294804
549340859
568342
1787869
909
195
896910671
96504
8897221964
73945951
12
38733866
1555
2593
24056088
5692289
820640634
9
6371
67855425
85
410
122
600826
16524
35
15995969
7380
761790
5
663
863
43
862
64459
4177627567
8
8
4566298
6979
1956
950
5
2691608
967351
29389519
73
89
3327121
11469
7035357
395
86
58923362
462
8396707
68380
244633279
398016314
30863793
2053000285
17
825197812
16
8033135
83
970
3829
656056
33406605
1
858
205
42035
69054887
5652830
610
2
1325
867947477
402180158
7308230
867
403350508
895190
4966
235647305
6223904
43656757
212409939
136064
97441
9324662
9
26114
5851774790
85373
6925762808
565
421202
4
7053586
700
9
77
3909
4473
77785508
2833882158
965287
4
8899325
367178789
38955
668361896
91354
947678281
286918303
869
11768
336199768
5462181850
43921948
3
85
722
8932844411
2482955944
6268442
7257
7739290
4635
537843
491078
13668932
6436487
41203
44631
92561317
469
1423963
867986964
32
946
118521344
8384063
321588
6
10
70961
95044054
22
1
644076125
44
596
28215
14057
109351
787892050
63727
144541915
8025
822689250
241
264728330
8
1835572129
78614
319717
5408950
523
4657353050
21294265
558109505
645425
8317
325125
5703886
8567
23
1
19117562
6818819217
138637124
7903796
15909448
8
8525804
7919150
8723838223
792
417157778
55
58
651
2413818
136675
999
5103
6511578
9
21
9
3155163
25311829
99930
4418559722
3206604115
7022565
9963480
9
1932938560
8709
942
8
2315489884
26611
3959419457
355725085
9919
8809523
6939156281
2787257684
171031169
564
1132675219
595232219
330748
74
133
8
32
47957
870064
3135807034
609283
9874999
966
141581
6
49442
9221663900
4191060081
9709538
708543303
936018272
58
6114
57
2286637
3
610180
173187096
3254
2
47
30
6159153619
85273256
769334427
559
6
16
93
4684615265
4262173
78960
515
9
9781582395
518894235
9
302618520
78538894
9215
5510
487404
9922381131
890
5817657
39871
66486859
5229128
23930649
6476
86
39449
5495045
470548
54912784
5834219566
8382141
65483
83414
6
2
59131879
623
39254
4
2881717
5
1
72428
9020
63053
75711010
6630
848
9
83
7495203
5198
5
4850
24412687
4
3176
1925231467
2412209
187328901
1875091834
83583763
9195974450
65090
250
697
373320
4900619
85
120579256
369
39
95244955
94
918857101
24810528
86462
1125901005
3549243
71611
84
1797699451
6754934551
990
72322460
2
7084
6470165440
904574
452
3225551903
8
6929847
3387
35766
351232402
26395
164831
6771768624
61366
6
8318
3585
177
7546
123904
3630743
230798614
380
95
8371284450
9
31723966
1
35483389
7601893961
57086
27409908
539360
709227062
163
619
228950
22822763
58930
1
1994154526
54499
1
5795098
494
31
87515616
740
7
30738222
3784
331957
1279546
855
995928705
148
6
7386793899
37188710
9
8414
1
8729036
48076
41942
7964715889
26436
27958638
78
18464523
8371710
42938041
15
1136
473
798857698
808744
5559250
1810224262
9606
5808
3230
8
14113063
68
810
598894770
67
830
48394
849583
6
46902709
3
4817017673
4882265
1731659650
439
8867098804
15651877
434
48236
977309976
4535
85
55992
95066164
2766315
7890992095
6233909
192071996
2750194652
896
6950489217
334855
1130428567
41
602
98818
866569
67513
8999077
14628244
4303260
164
43816009
470435
651281
3137273
5
7096426
5328644568
70183507
6193009
55
88698
5
525548738
23
621
3202
6560197065
6
55243804
548303
2768480
69649
78
825622705
180661
829444800
86816871
30668217
314745562
364245909
3477
88806091
2244
6522
780211682
6587530544
35021
1
624845
601
850728
16
17
58294211
1116678
5665861
518959
214951
81459
65142
353
263701
2
3428676319
73937
2865
400483
3770
5798
50157
27018637
891007
7411660507
91282
2806354194
7827995142
2712063
287055821
778
61121
6687
361089
22
9
4
617451568
7786
53348
222371
247
1272918
813760
234375
96474582
247732
671060
87
55214984
6730486381
65184533
27682
652828
28986
930171889
296
791
6078769
51
6258
42228425
765310460
63819435
27
42
7528209261
80762800
847451499
106713
982124
7922766748
300
54565562
9
8
726486
4
942342741
98
8
5681994
9618071603
878367292
4924034564
32695
385
8974828147
465251
443594329
5314511
4
633797
6575883589
233063311
3709382503
1253522175
602640855
16
7937
126868
4761303
9032566363
69877207
953265728
3411218070
868
2308772
400695
718833857
60970919
110
38125253
921
2768
1181
7064081
265974330
35196005
363
12108
828196078
244678960
888109915
4479352057
601932
794
5124918
14661440
3498
77216480
1
717
19
507967695
4250659880
27122486
4857
10
760
9
5563845699
5576
2541668
949609
62
4052
6669733541
160
869
56
64980
114489687
32136469
59
176071037
6874169
21937
461984
6
6610
476
894
178625558
53624531
2
58
52895
856963742
981
15
3
60
3860527652
3968914887
23
6872
9
98229
1314
3203003905
29008
8976219
94416
398807244
85100473
5
308344
329
400870
8108
6850209276
887792
64869643
30580
82324
4
1749419118
195867
2397536
22361
3113652
88318
7
98299
5
4560214
27180
453051
2064213
2974
75241
84229956
9097360
30502
507265510
25937042
1760901861
79
52072499
3270537
236031
53
4
986890
92025
42
7484
39969644
397692127
5855523
66
44628544
92
998
7225190303
531955365
1734385
18
20954778
8815964152
651574379
185472915
851755
3390442
418549163
9485545150
6253023
930556
371685
63
87363668
923680
966
146250
1875571096
7632849
7
7455850
5413
49194
629009518
3176869
101335571
86185874
3125027
7288612
5727286
1051952936
57820
575278
3455469
701765331
40643985
3043195658
8179
793
9300
790004
615
9803200042
1222
54
6782337
161949757
18361567
7
7617783115
171
822322
785978
374745
7660
250388
414311
13128
525079
3810671449
480839
94
784141091
813168
60
75616324
418986
73512
6613
46580015
82
16871
7021
98350
7082133421
3
3642065339
280236
1896889041
3
74
45758647
22
733446
67650228
92
3244
11745
2828642
8974788986
161
8
635871
1835552
184
218825695
6640931944
42
13
193
46
164036
7
80410461
976
90
3709373795
552199757
33311823
8
60457128
498031845
702680
6223344646
6661205500
902
4734
63430413
906126
52875051
87
3
8031728770
76
9084
328626541
7798317
24
8396670
869147
202466
50024
3985
336589282
852
247598548
49451
724
926877
7542288859
53448
350705
63744
3061407
4922534620
3392
675
861125957
4005662
51
8281758
939535
828
838397
34208
5048567283
4105665
41405904
42430
59635
4
6
7397
98977469
904589728
100
927
50407
67216
1629
28896
61896
6157814008
532356
5742548656
884903885
77499877
1657770
3928462845
8516485276
2
642605718
256915890
5891295
49107
57889809
7848149511
79
132895
50449158
100793842
11109
5
56439436
958
22271530
3773486
11001892
3
229355
4443779
2
468624
66435
86
6073
6551248
5024282
343
70
478745
6772
1303325
8851
99958809
4
98769746
26717
5966
7787
932932717
564889
452313516
725769924
8
3661
61
310301
612
18071
95141754
3
54956
9490250037
804896929
76
7
5
3
288
3603
226
347412
8510254
32
155696988
262459715
311411
440018
9610153981
1110160487
9985950
4
9806121
70
65
210261
1581465
806
7335309453
278854
30344989
729476980
83680
38130867
4146
8729
376582403
8
35
6899
9
30733
314505243
88858966
70922
40017
908819
2350630
801432
234814805
93
78067546
10612
5311282147
63723536
4
1478066
1145
3226
67
9052193
145094
9408052602
440948
8004724
6685
44
7523613096
868162
3
6506
526
34106
7398079323
360
949
8615964
1
479
214
61603012
5562995885
70429
6509766931
6074958685
6464
4279702
51302390
64952
91
4038365047
358663997
6832065
869
8906933169
21320729
371288
53783469
170196
9332657267
8189754
764610735
6700127271
480
9511
8002051
4991
2974991
86
64
63600
589683889
723
61355520
507873
279824418
702882679
65203669
478955754
378
30155499
5475
51
700639964
2
85
579
4515589
78755
8
5683
2
6
9352136
57305848
88184070
31662
207616
80929
828
265
36
9999120
445638
53
6015150
81
2
2
6247865097
18
315431999
16762
471
404
1
29
2914036
8
270
169493466
8874
79923
56
934201753
6849755838
9791571
6072961297
89258
134084629
202
7825672
3152722905
562901849
484294
19
58133
1547428822
8296333
8080574
493932614
2
67323990
426137
34973973
560990267
5
7489
823006347
10713
488484750
3
750
8188504591
1426823
328535773
4077041413
46161378
167184561
2
820
9
5
634881
20965859
12
1
6061691909
9
6126
9174118430
576741011
1067388308
7279055
247
73
254599969
3582238655
699979861
81859925
648644
182541852
5942538309
745002987
15825
510937
289937747
9842
885
9608
3073207
907050980
9
332772
690374155
8
348
7979
695627882
82565819
6764822
386970274
8313993
2134422
9
4
5
109199086
818
207
206410475
80241
463566224
6946996270
454610042
492
11
500
9189693096
564720
962
540084129
4311785703
882099
231464
56
785524494
6141276842
8145
17326
4372
27124809
67816319
607490754
7695728
939290616
338
1
185112
33
4831837
85651957
2
91531
4018
295
3489589
464
73
30692
1937
2
1368
67578926
9881609777
13
35992
362202771
826
620035
49
6519367212
876746
52716
1
85594
68885
186
873623
55609
7856397460
37852
1
43929
3846573656
10171856
95062
41
7776
6954777574
27728321
7
191
4
212773373
1801443
620581350
5120
4593328187
786024263
86904353
9351
2890
83661582
5916
813
64945
3
9166
536522481
649
532326
25576415
5
5108342330
2516072
80
89
528
7888
50339712
88
311710518
694398951
35
94942197
33
196
51269558
4912365
34893
16
86973
920794
778291
28240780
2
4622970191
1891
6
531
3
62
7
5069021
898280
109172
388877317
5
3
9858971
279
9
110
2596
58687
242171972
308187
95970
6214493
1
983117
4
232
5634
6580
4035562
3838
72535
36766685
21
81
706
9954
24442
515537
7109770
599844798
233
1128651
247
93262564
581566777
7
98178997
7937739962
734
880470
823675
6
4184433
2550
701477
1310
1
8594663251
1815376616
1094929
13
3575
110
657692
685182200
51
2458
54609
5537556672
355974
4317880129
4
634057758
579
806558
2259426256
737723760
64241391
108595
7974743
14710
238980
6
40737421
3
245347318
8
8218940851
8487
479984440
8
127040
342560014
541035277
52331
853877655
50681
92496
311953078
7864352454
615818170
36405002
6
1147400068
1994226
8397726
1
774894066
7853986
30
59278
372
107020
40512
6403608
20843
3387
4711236
54633
27864
9336512609
6032
71
236954533
1
501194
1015992
727172
284850142
4558
68425999
63635547
336
3662071261
19174599
35497810
224989
786
418
325
2
45584055
123000431
7300534529
147892112
4
406
391
3
6
3098
83922390
6268
415
3
885994599
54
33387
58344625
39696954
3
358957
258940777
90432
2095194939
187
2896234
6281893851
273
9233957
878232541
86943
665040
4605527
33
6
2412659878
9
8
2
85401
8
81
744
20089602
91793
471668
41
37760
750670
6398682586
2388
261
637036
306700
8929
8
65050488
12395
55575
65868
14337330
54
724
75683026
1177743373
926373662
484797
3343618
228298
9
494700363
71858644
79983827
9268424
169311
1984
2085253990
29050
7442
6
7956002703
679
8
810982601
80839
8347226
86625313
8176662526
40
16429
6670652001
187231584
865143780
9
9
8641
1864
9232
6663
17
537385534
6207
155858498
86251491
4010458
23
84871
275478
353845074
373288
3900
971427
7
37373948
4
57813
63537769
178
17781
21914
685681154
48238878
4
3948919
7086
99619
1
903521
4217990743
76924
6375260
53087848
98696
228474943
94
2679499343
29
3
5756621
6490347404
3603115
3407411019
7
14
298
16856
46640
604950
61886803
50345160
3715462486
245775539
77
72369
555883
7
1509297
432046
749651869
589756
73
597108
178524535
35
1624
72182
7701
118006634
2645
510649495
1050050
4336782
289
7381
42690045
83380
239
80617994
4
3457
900841266
15
20
15882744
145049529
28
1579
17555
318
431681
2
129321
39517076
4897700343
2776
12
3313127963
1
177163777
97157608
2066373499
341563557
1809740390
481
93358679
920257
939491351
89576192
144
98457859
84869
89018
95
18
76310
6396
213345776
768
838126767
174
747949400
6536
883519
880311048
6617934
87591
160
3980
1678533484
8353662549
1
912195
8194499
665239
63463
907077
36477
4839520238
284902648
987
397936
5
82
4015
97296
299217
4883374961
3312848182
302006
8
24510953
5782723
5810145
47590488
661231455
580594
5999325141
9897142
191772
910571392
92070
9382951
9257904643
5201
3873341
97790
58987867
2009496
194477527
8266934183
11386949
1397550478
856163
7038
2
36655043
892527
273001
2112801
634826
4300586
3298734
1670561910
6980
22
272300
5
935
776545
4749
4879205459
49
640
9209
82
46559525
2652045
50
87
44154
26891
1117950
47
7828
371890
133323
8922
5716763716
2838728
499637
7771628290
55348495
8739630652
669699
9385
9130
619011
421917466
724
122921
5657079
5866879
6012608
440436
772
1
6334998
38681
6280
477345
480980
1500
5571604858
35
238604677
8
58
75
102749173
2884154249
29057
72086580
61245862
9035651
667796131
9847152
5416209479
3289068
689
3193377
4839272
847711
99300
655
93446650
71009904
43
6914
867409
389859
410754275
803128
482197703
519047
577
33
12364344
5
810
25
7157
3343407585
354190195
1218258
2991544371
12
7470331
1583
9549745
2509673
659
757085397
44218
9076
3111148454
7037
76866617
32
830348
7
93141371
207228684
638613959
3621
90616837
18936
5
6828
9
8
89124828
8298375748
2294
7301307
79561
60
892207270
578701315
1
429
4319325211
77782872
85
49544
1379767
73
935128912
5857689159
589481
837
2
31
63859074
709
139
4251871
4780801330
2535718348
8
674015
265
96
7616578947
3250688
720
76725
8581821321
2826
95985
825423
5765288
9991
6167388091
366
440540996
1314318876
5
2312914
4946848
5386929
12718
66527583
7168
3
4
7862623
8052
3408910
85
56332912
10782
7766161
53961707
230
37094
379
60
623
90
913629
42142606
69139434
2470
4943
5
88280
24273
669
73474954
50400
5385971024
75031
320
6033
34687439
97
7
850
6
2396365
548
110
1363169129
2694
607
1693249955
644
533653
2005226
914372424
49408381
80
9787059226
901587265
144
7934934
998430
1072075283
1179
441
1973
317
3464720607
48214
532474
66859
30
37
9373
1876453910
4169441171
61
40605
3588
2864
716
94602752
7
370624
7
7
81
321
5351445400
8573
338683620
2074
487
2
12
87
3589229
7
2749
289102
43351
391661844
95125
27
9965
8552263
45
6813
8586
7333565704
4285
7
56131
1
2145320207
30
2581
48182424
1
27164
84184
32228064
702019
9647423
232268772
9469534
973
2322523238
223508269
28877062
320
5705
3
1087
653428228
4
923109
250048
58
131856633
704133
78344346
8352
29362
80213
14
5857217
86214496
6
631
82
943666
74260368
34
533549605
7047164
20121866
219583
602881
20558479
1097000589
4664
7186
505628981
126806856
9489
156236463
8125
961
490514029
273513
4904197226
914421
5743021573
845685
6066
5980
960
4348
674262
665937
1452991040
9005849
609819889
6547
96587
8246144798
14
460029731
1028667
945834
1
282774
722
86088
55521109
596676369
579
938
9728368407
445734462
9551
537990077
4269298684
10243909
6
58793
25
22951092
9
96550
4975458
4135108
684248
84
997
356
15188483
9291881115
2192258382
6993531221
2673
37
819063
12268496
15195127
614649
79298
1538
643939025
9537443834
557897916
67354071
165705902
81941987
149445671
43583347
8832
5451
4907
3061959415
7450918139
87167
714611812
744883260
373490816
1198033657
7995872148
4987370250
9345
2979564673
661507
9
4162
2
884659
418211166
223238303
449302
8
526
42839
542278
16003
8437261645
540053
230
7598642
292
7124684
4966995
34046070
1708399383
94739472
5611018751
743
6218
4336972
3231967
674486739
168596950
694242809
616
1
975124
17155096
3
298729
16616916
7
11
3525605825
250096757
42
1353
3575
21207181
4
214555
73028394
4487
8
32
455621
7235185853
25
891
5117653745
3137282
55
6
5801168692
88093459
8062
97
2187194
63
583
5285
537
7624
57996709
472618
7602448
40584
717
8482984
680547
46976757
17537277
7345446
9852370
1
81
289
19
508
2451577
48214
275557
8
4
4969594
3375760065
49
34988
67
34576657
86
2301278400
8
9
790
862
4026441240
1301
931508196
943
4095093933
598662
400908
3
8
26
9546280176
360
5196304382
8105
543349622
26421
2848428
5425345562
811927910
2262
1706034
167160246
747824193
3027850
72956
1
4267
671
1396070
1
254289
2856
755902
1991
8253
70079
299693
890269296
9701
73006
6021012744
286
79428
41
66
8287
4847083
456959369
5661465180
55623194
51
7337310
885526396
9879
1139050154
3
978
8447003635
6
9
7
61633
400268
83
4783658
5658028600
557
7
1006
32518
8752945241
6457
14961
895
47
31791173
635253
7808594
4051
830996433
254338110
83
270684018
23627
6171743315
5
149143
1473
3
6169
2223
7488817781
5518447367
67747224
58
2004972
92154
82807800
524
14737889
497
25
5720
71411905
833
63935
679
7
30696621
9269192020
19
24968
4080
96806047
7568423
69
8651062716
308
7139757
57566
14786
9942
85
570698105
56
6761299914
7633978966
5030602
2563820
843
65040
77
20985
8156741
9506945906
90591303
6581
679970
5616
2828862
102473
837358
4227
7268615
47
61679
840
808
5908650
54577
728
23283
7428415072
802941
6
566655743
74613162
9815699536
86899
4116158063
8978833
7542704
1
3
92
58165031
42
8
5413687293
5420331318
553603
80798
516551
8980550241
5445673362
383
1
61118
34
29200247
3775870435
45
34018
876
740777
537623
9783423357
88
7525579908
76
48
61450
8
766375
64
56831
2494177198
7
7652
1
497758
80635
303088158
661
2561
5418
2960
7244658655
6
3
53736
1184
6
49768
59487
532
562417
511
284937
185
635075
7
3
5
3
2492559
684
341
842300128
961744263
61511
23219488
919930
3416
85374990
558
363
8
9099532
1053461148
1214719
252232
8003993
4
998
9912959815
6
9438193227
5880896853
1616647016
7
4
2696193
7039
8
882
78941161
6950
1194083
74
2432315602
90
40
48
5547
428
39744984
59899
70292
58480043
59582874
2695383291
31940719
16
1983052559
3
195106
44535
7252275
39856
264022
7639
430153
67
426470
8118019713
591
11850
923718398
2683887358
80
47656902
9255
932028071
8
20858
10130
750019
2808537844
77
858
507940667
3647426
3849270
65107
80220
8
7515
99188418
2653836900
914350664
61495
9
892462221
88044
40240
847
49
587143
8489523507
3
45249255
5650200111
146
86
904
9
4466378425
1
4008567685
95912282
19394341
9552
9275769735
379516
5399848
3829085442
716835
2
14352
893941
689083124
208087
2
2
63395618
428
977767746
132406
803
5927569
197073
1
7510344767
8489
79055613
6637
8701113994
117
790915
9012993423
9624
3705853
59849161
87193200
1653776
976
78210546
93887
17061767
1755552388
53
151136
237821
55161
357118525
846805
76205
6315878
5954569409
8
8267509
6277167269
7
3259
241
822557525
93128107
9276178
445
9
7933048976
24
916542
21162325
880
896
71356
256601
58822
62
5538
3222
25065590
6144523299
92626769
54696
6172769
190388893
64023
89559319
11926624
969
9140654897
3563
1480242
682157
627
6665968
96520865
4255
6934
492
7141036654
4067
281715
204159
6744948639
4
27
671780
48255
75
4461
471
99
25
9111
3043
259459
14
12
5
9301878
4502
6770073799
5657
86348
1522
6
3113610
31
98088363
94904217
647652119
15411
4
2
6
92560
336012096
790527
41111
2647148337
18
2418
7848
1031063955
8874
3
7601460333
6155
64488
835750
2826
3494142
3
902
635444
9
5
20625
33738180
34
201
3980502
3
417039
4269732614
1664
845566
96
6923719
2875955
4709517
40374834
76162843
3432341641
9308
6
1557980599
6
32805290
495111
1
88
18016290
34
3207756
9270
28293
8682
52591536
4462
5
9
520
5252704
5714
31475711
39100
7
694530444
3612046893
312143339
657102249
5
17157612
2602162223
512040
559069221
17763760
20
8311
45527353
94341553
538
825518
52327344
9413183800
88514
88384
667077003
485365716
2587127
6193976
9586
563590
1174605116
57
22416
5586
940904960
655089
445854878
647503074
40169
7
10601752
303908259
2
7063902291
4827262780
3
155959804
8019226724
3292895396
861089118
592769747
1692079505
1004
419813380
4
8562151220
807228
84830752
5
2563
11808
1303
786828
1
6
3715256839
3106051
3805684075
1
5276393522
654547
7102413565
691199
198118
4447858
779
7
506651
61751
2588788
9541
14760052
6073555621
339652853
122683
370
817450050
234
4881733
979
72520591
74
2
60
1010
9
96146486
300470
23
90432491
2
559
849598669
162
7008
69
786145780
544
2139614
23304
7027504481
423785094
789425543
65799
3287613465
363132490
4750
2679890
24804797
137202870
610866188
6602
97551
2
57
3
3090
866991
61
4984
97961636
30174959
9155
587202953
80
96
7002
58
3
677647
7
8799
9510338414
6691583070
9630931
8381
238574785
337866
4587376240
4193843
41684102
164640000
818484442
49502
38749
175478
348129114
19000
313
642842756
309
6115167631
2589146
84143661
77067901
742120
91162717
39457
5265036214
87362262
763
83139705
669
166664861
864529197
8039
745
2050647
22210921
2
3896115
4
782528
19
853089807
177172006
2613
9
171
4606250872
51824475
267550591
4055
3194805670
7070976
73
1034359
30478
4511999844
3
6515152992
8019926
55256018
84
896640
959139
2328
8966197516
4670484
60654
16064
53722311
4446
1863
4940
16110250
114
2154997
214423
24
43
907389
170837918
4
353
241
3676
5
181
9179288434
5750661
286366031
715827112
1215
547
5199232
256
579184
33547586
356339
8168523160
737985468
587797
21
1777114918
21
15116
3222514236
6106
28715097
8
6557348
85843
1861279
75381195
2248712
64104
1512
297605919
24588
8786370501
790935
95673
33552
414075431
1545249999
496465672
2109
65
883130303
57
349
219743869
45031555
9
87583528
91384
9
442095
12816
1
981451541
80364494
414
3484722
557
61
30552
5568031241
7414349
860213
663
9320206059
1242
6399566500
9981139
25895
463
893735
3
8293154381
1616458531
31829
3427
2899
310187
621
7362609880
3419367335
1287694
7948884876
7296669355
911
6314079
4
972812911
76308
294
193790069
2
21340
8484826879
37357615
207
7570812512
373564
948
530695687
99251
991751
8337882731
91
18
4265997
253275941
22
248563
80819
7
10
98103
2243943
9387567
9
48
91754691
6624
6476
975559
14398
15
37676
7659
104494
3
8351
2812
183555
837417
86
45440
9263
2104
4387432
496
433940178
91
730
48
6780
8796034176
586867
90152764
99
7202234
225368
88
61127
90406842
94028996
3
18782
951573657
27677
4715286
95901
30574
976944
398
445751368
8
8781
874557
8
2632081
6
795958969
7341
8
4
4773048058
895753
3540573
929713776
583185
836
103003824
142
92578
6
6
5603802
4551044217
1072582014
47462
514
1219463
733
93617
306522214
6739847
865706793
7346591
50
199875
84663942
8159
92602857
78
291597851
713282214
180455
75
59415948
8732
561508
33367083
299894004
13052972
55791
9
28
290788590
64
2614914949
53457842
42516251
5
488
58643238
563589
9206942541
83166
812022
667
3907
376
3
7628034
87
33
51003503
8445530
8
2747
218107
9976741
75562762
29367
1225472
22670472
84
2563308225
3425077
1
9203152
908
43684140
519
5
315906327
894
245311037
14087270
4644
3994262
9412939829
77702715
23
201
95265
947192921
1484
15338
80918
14
511226
483205
8680381
330
3883
724
71719886
644408
575
581
207
22998
81970728
6889
1
273
132272389
3213271790
588785
415348613
3
42908
94
408
65
915
348
39166625
3
38152461
49301726
490539
6255
666
616
52
3063599607
54199054
449438006
56563443
32
3654359
6
39
4529588870
74
4665283612
631020
553
1759344180
507578
47
12734
497994
3
5650
826759943
33523647
5608
94833
6659595294
676
500979
8742053
2348000806
699712431
401674324
668
1793
891
525
2765
891107104
66
135
3708856
739050124
2591388
545295313
3
177498978
8
49
9477997532
5
8963
5232969
7627
8
601533792
5
831
8204
753571
49910014
340521
6683162744
6418
7326
5664830
5
74530
12364
407
98457178
115234259
360
498871
9345
8
7
4711
775167718
922218
9541398
6772368
96145
947446
6876
21
5505
824157178
1141458695
827765
7112482
79915
70
86805
1
736162
533315
71
82982
3044
240
13961561
9197
89
26150738
490913989
5583723
729647
42
7955000
4
681
328021274
258909668
62751
8085643858
8637936477
7906963
3066876520
99329527
397
9
238
6920932777
658362
5843
391784
7097968
4489
29022379
260578
162445
523558085
4020172
324876
830
4257889
87369938
175974
4101894413
9351
846
9146998534
3
3964700693
5402
8181783100
4890178
8
1264794
175239046
340671763
250689
42145336
17583378
4766
2815
5
61543
90
7840
91
9649399676
3
386223610
69361450
4375187182
889267
554906235
919
755297085
153318685
203902
7160763685
576810
24364
1
640719
18
655884
970166909
410304837
733
87689
1411599
6519287
565
584065248
20820727
267
6698
145522
77
5924102
33064161
30571511
6768
281530
709
460690658
9732
8038777
18133928
47917451
1221
258128
80
68
297598
72
826193
1620602373
67
861
5261
669394
38
6721494325
3855685
64
9038237577
1708689566
97593517
326867
2
9
5680211
841958250
9983294
72227
6003313156
2
2412
5078
950887
166877
454
63764774
290804087
5778
40
46060157
6068265974
404028748
7288
9990
92
6
4898
751276
294
7744979
39376
2507473025
25304
95
6321
7851
420237891
13563234
78
8045235
7299166
49
731056
2590
14032782
5613765167
682812205
69746
78623388
6626
398
336395
27564687
626096936
59361037
7796068
132459
134
418299
5456931882
395841
971023907
4
69335467
569621964
73592
4161220764
1570
15727443
24
9874315556
1376978
1872
66
28
876337223
4200244209
883269
496672
2850390212
3740199
86918695
3449
933701334
56510725
63330457
305
4
855658
69
3
394487
475902
9046
517
1627
2
4732
90254
9087
6
513
3056997
40296
28063
7636771325
317872909
74950
718360
7598138001
6118
89227611
3913743123
89
800
9
49452724
9967
404
48
91624872
222
3
41487
9936865923
876
454431
792
15
2534053285
504212588
996339452
576487
32
367
90591820
70568240
50
7898168185
17
6803105337
16
447491107
39
5844092378
38351
77354
35
8
2658
8560530188
99518
76607161
123757
4878
525810234
296113075
8015
20722
559097
55895
2595371
369
7669438866
66700
25
662075953
11
96793
499886849
378
6
5138421
64558
641296796
3319602049
41
66699
1036
91
78922
7509537748
57
4581755
69122092
5740563761
404453
54
25770
33683003
6
287669338
5450348
759352320
2268309
6447
68533145
53351
578338
961
5375306718
880798427
263781598
610177932
65143371
74
13898
9
192
9
9705109013
97527
287
47033849
96
2
2
21
770
420
72937338
529909711
371391
38206
582
94
9993366876
2384
9923
4459371
94641098
70
37964558
9
6991909177
85
601305
58
43469383
6149
3564
672085568
92
8403605973
22691600
339
42131
68718
722460
57759947
16386676
35
7905862068
2
59
519532147
37722292
48
43816629
662
1211508
658189
610
44418
6279782207
7216312
8843141
1162
7257072
80150750
599
642
248433
5
694
52
2195291807
218
220850
9
960861
38
138212718
79405
2058511
277559755
243362623
5
5271021
52945028
30420
2
9793
145
427205
325
8211
6928737669
5224
390
14646
323856
18141066
6
38359
1
4936310950
94054953
58
164
837
14439
765730161
361861147
623495
7
4003589
2497445746
1627
988415
22316
12582726
54295
23630600
74
67888
853
359719498
8826
6173757
905
39295
8132903217
931
92009024
8997
68796
184867790
3
706134
815590
43550
7
7422
4
176118257
613
81087689
3652734777
80539293
7
714636
6975610
643
2360
4223
7622140
94
21943
2539970735
1625
66724
4503315
3204715
99273705
8156
3071
57
88
99387220
704979045
6665195403
82615
70
291
1234
53266267
527435
997276818
62
70
34579869
914494695
715565043
91
67
27311
23069687
22
2172122
22810542
44
746055
630868946
4952
658
14
90325
557241
5243
2335573
248309
3181
85226456
42647
5
23425720
80
8441935
78741405
216406
60368008
635861
3
3006328538
102
22871
3
45915545
803968069
21
542975
8902
42558829
88835801
4807627
832759729
5030768
84316
13
80698
5947
69
4
40
347
56
36054
15222847
5017061
56
8052363
201064691
6889696
533762052
25
911229677
761
683
654253
178512517
83
43326
35
243315574
387
5
9
29033
50741859
262
6
7491006276
61021
932462046
9
290
82679489
550551
913
99554
52818913
3148702
4
95284185
33210
17
5472971308
810651490
48
1
1765967
838093051
95218
447
9439
4744057675
33631822
25378074
50
275
2
41086820
3908308
68672
14193
8933889
388444765
9474
964684538
8834153233
38643
8039
5
2095613260
7379514
84077307
5082182
61
77393011
98756089
795
20558
7
9828117667
58913805
78132027
1931
7
34330486
32070
99
37
27639257
70979
80
19700
4128628
170854359
54730744
361180
8
3065187693
73797147
2167421071
365054453
368326
144
891
5
93893
8497915392
8
9876258
153995
9550853
7539
37
5
3116148490
816
6
68201
2
9204749587
67051
8007
328545073
7129
84390
915062
582248
22
4
82224
6665
2
7
32301
3324610
97292027
6
638890037
697549405
616
590797
1
558
9882241819
3742
822
1
69416116
2061
93
706960
259642720
1511
944688
8
2222561796
504873
8902
6056405127
5
149
736
266380090
989
8336008
72
66
803606
6719090075
264885
99
59501120
697188
603297
6319
98361263
91753003
67
85
5175969610
53841
5
53270812
77
7762091975
1
9956
37
31184
4082
351581
8729
3
177585
3547308603
621
47866090
188579
46430328
29753
896155073
2059782
775359280
545768964
5544
10304
9
57
67726506
657641
5
1213589061
166251209
10283602
80218
259
734742
286
9175812051
3386479396
9
615
3
21239
2189
10
175278100
216094
152923
813284843
51
86220
56816
652897
807861390
245473948
5508
13
64
7544681315
1013
1651767
83
3754265131
4056233825
3
130
12989258
32474651
2877
734
4615
2
27025860
767506
33117
7809243029
4800
8203930859
44
427850831
6
8010
7012
68168828
8215
2305
715084
469
16178
5117
1
82758
84766017
41686103
33
5464458
18
531851949
138758
3470
908
49731025
2481
4620
129110978
5098
856913586
464024982
673
872501
463395
1
8552
706
2
71543
198228119
27
132295
771172
141371304
6892369
4
923297441
9471008264
44
9186
4
1650075930
31230
575742860
611571
3309
7075
8645485753
34
60751833
40
300147450
2599616
94525
235591611
531028
686315900
7
202392
7156779
7653216181
71939
33916
9530
5744
22611
27154
85558
888470625
86409
241750
4
9620434
522188965
697077
87
8653782
90
2252
588
58
5398
2
97
9154352
9354
1178175821
664539253
2333101
944
5129
18
398
83178476
247216339
8236406957
87
211240
367
6
56
47738970
98744
94
39271117
866
74
569308
547458
9817917650
94
3555267800
4
843
70038
3094
33
5
27055
282
239144
9627
169
70181581
276
4
261021
7289
90
217634
38796
1
47870
96147
9385999800
1744852
39866
8527
340
2520
422
3021913570
4
4031688937
6862414
746968
8
7530748379
391992
64
3
2
748
36961956
50025
742
960
888594536
929198
97470701
7650
8297
625
374242778
832432994
2
198
73331
3
455689389
8883503104
1061
3819246
441984
74
3
70453586
89
80470392
70773
163621619
657
3
857624
2442858
726790449
67160087
3183172085
34
373641
6565
18316
285
34
8877310
9
194350294
33
347947
5406021
45495
656277472
468
45161646
3133616
481
803083
7489932280
8311433994
45154
2
884640102
9
79
2254
84296119
224706255
760
52852378
450358747
115
915
6
1207573
65308
66861
7764
27228
73528392
6299
4299113984
51086
41
127
2404
669947
5130388655
812770
2701024
64
6702549
778096
711802
297058
32487834
932875240
181
70
896
3613440
183688
320201028
75
8516096296
8661
73221057
501228
915676725
3
2635361
5295682873
140073
580044307
46463
2692142072
9795843011
3870757116
6181
5
83543098
5
9025956944
274770257
579
3795465
44769
2942
6742
757239042
949452082
74653797
60040
515396
139483
9502612010
762429839
710141495
6572
538967166
754975926
2276190562
69
2446
630
468
4
97
8993
52
153164804
32193
893
33900
87956277
7371
580220
925
948
2061535915
825
63
5664802833
9
234307798
25266
714369828
13172025
5733593421
4045215030
78749
161133653
755744
33193482
277
3483330
53751394
792388
6263460
5513391264
144789448
96
1423402054
29504303
95734
6
663
98
128
8282
838697
8
845
8
628126924
3865
1092926
207
9
620
8
527157104
254151
5
146206
520907
363
815
59
5297606778
36
4
211
56556
7384183667
899
488091
3
5370128115
14
81
3740
66466375
1465
763
5
74
9093
8
3513021069
94916177
95882626
2
62574412
969
525160884
202
8
2
6
4872
70
136976096
16
86225
81386169
4084882352
695313
8839861345
973
21879
4
237560783
337680
6412216480
6792755327
53193995
9586241475
19
8439490062
511
217251084
2218204426
62
85960
759
128029
451
718116
6240
5
3805
844660
6546674
212
795
7866
8772691
3
2
16615
96289
45843
3074137
98470
92
837715841
77
266
5721
392
41472427
64
3816440
807
784
78990
8395
586808948
127
2452855811
600522
59750
38930
97457
4302663
54804
1359831
34112428
134
8
85924
61
617
7
305176
5647238734
564
8572
36253102
82716592
9764
4630
5767
7526
640578421
85899269
5747
5
898660362
8950861
817747545
86759639
831709368
653169967
29040
49
883398
507
546746860
372
8061240926
351269
33297
8
491315
65
70456
7
109412
816350603
20869
24048067
85601
5799842
76
2275462808
184
63769
39
641736
7
43337293
94
784713
5877090
9
1325
4
753978971
3358632507
5524225
354372
91
64259793
3104
881
6785707
5535031
3616
89072
99497889
8232063
771945
1
7923
74
7293528
1845733155
310
664
8922153226
7094703
4498603
506311484
66
1011622079
24799
7308295205
797
6
2634741959
763
617575
28
58
83578048
72706899
822635
367232911
34
588306300
271274
1895
4437
644
42990977
3349
495125363
144168241
9
3920492
38093046
32031
599145519
1363
45163
8543383893
67
99444543
274371255
3364
955396
9
206
83590434
45975
1674
90
9628
679533
420848
568
5208352240
5718
7592
130
7448093
95626123
2
7553212
5948522801
3292261870
500648607
16581
4121636
2
9663961981
267
422340132
679598
46217
4872205
85806448
389757977
615071383
5
779829
800
929064851
9582
952593459
2
5048097
34
3439642
836
193991
809294331
46031
8961423935
73
2106147562
2
668
8
2
70470
1696467
464401247
9720768
29099
2042666999
469655431
733009
94486733
16817210
63014106
893868150
7665
558199
299389
5802
8792620
5
779869
902873
37673
126
9
1
6
7472552
733163120
686
7404
1
1786
2327375
122188849
313154808
63750
1342800
587
352341
237586486
54205234
93331440
27462080
7013982708
1442199697
99637
1
3998686752
220
4906581
306219
147081
343750203
88082632
7695
3
2080
6
11386734
23
615
736209330
395706188
1984
3383144
178
97942
497
6847966165
38032
4
831305
913963
1226822
70910
81044947
479
7501740
311939
8497765882
17
106665
47209009
1327
32
5357915860
8
666624
232115
447041324
7932011
3458
189
523931
26
286
41224
7239
5297620
58516
59035676
499926051
5790515615
241
293
53689
8
40255
25
4
718110
79458
6
23638762
4334459150
6529119409
868658
765177
683548658
76791202
951416
794
3814
188493
701
4553165356
3
9350
7431
43480738
4075551652
492615
21
292606351
27
33216
58466450
3
940
1712
7741
8474
88
2053909973
90688
1480
3215367848
154928
11509
133758
86156
480498540
1224
8339
98233
749862
78756
86
84216032
8087080469
83251
658489695
300
77
6647359640
6
156
92239807
478
177
38
5917
30
2750393
62
726040030
5
9864111
1051
32
698420
54011306
391839
16
647960
6065946248
778337079
502525118
363629227
77
660653
4
4580757577
66199735
735695298
149130
89
666
417
1632510543
615962512
772353
4276019303
2648
36817414
310
33954
9016
1621138673
219622346
55
7
622313
555655
2328725201
5
301
39
1
68
2
2122702
35
901
66407790
95805
26450
5
13711
36514161
66984
3
500255814
19009
843922
5
79574
531332
3
5936375
10
432283
676018109
968491
480769
67
2
774
726
8095259
1933387
5879
4468263155
9
638
9981045230
2
3068513
3356
6378754
47757906
33870310
4
70
741
8
116992
646280157
8057493
6
5217
9
9694487676
1705
7370863
692566
1515
444235
2505613251
341968305
110667401
70
385737047
3786
116700
1332174
8157
3565767590
5540664484
88600229
56207023
40112
540589381
4
7
9238
63439
956406
9897095
277
6467
107804
582
551303
991449
4
23
10295
47
58
26
32046761
83
4509062997
78
2610903035
454569
8
83
74
7333450596
75771
54
856
2882261189
4695322985
191630
4601
439141
76
218227324
714979353
825414
2414093397
409237
9
7849461310
7035
804752987
998164912
2951
4
8
53
82363881
53260053
2741
56765045
1
4
971404
92084
20919
4936738276
11841550
125601
9
49960008
65
5577277696
33582308
8017875679
889316
425
2015
712669969
7798175070
40344
984
93175372
3382863789
745333044
771
7287915985
8
1944411344
75276484
943
55669
4754486166
954
8987401
22646115
8195
4
986192702
28
134059817
862536225
351011
949177908
6496793315
2799334077
381983
8475704
2
879
574
67878668
10355
35794
45376
85
42
999940
2590277122
86760
21
5718
5
948887
879
67146109
4549
194779
7391
898
90
80
585627468
81
107170
8
9
96499
243
1812
72556547
383363344
262
147376
2
669157
4
5315694770
250839
1773645421
971
8
84
904
62070322
7
4268470
505347
47648
8
8498
284
167
585531
48749641
6313
464905297
9053571
30
79153
89
81
3552278
914748
32065
187
5
20
7442447658
351794
803
179833
8511
3553547
8511184346
16329
12
249636
9279
9
80015203
6
454857733
54
7335809564
325710
3891704322
7
645319
8669624
51106994
53010298
7226
2393156828
83
53749306
63151
49
8383636504
3
85
393212
6353848
37
5827999
886
7089476
5395447455
54391628
804701218
9443691
8
543
3942018725
6
535
9950988421
240
7
89461
4537316
36878898
215
4573
8
92
9
635
776690385
7368
7
8334
7236396029
384
70423
981
36875
54
217307
6102119927
28097204
5549
32155669
22
6432656
687
36414924
614664
44449
3399493922
22408223
215
1517
1780846213
6937803250
9907
88
461530931
942
3
284
3
37
49
32342224
518584
1115
40
90109
92393009
3351011432
479324099
59
12
97719116
48
3154969246
683343202
903383
11145092
366667165
671
75
9
2253040
8054
3
7272370363
7036433128
2741483
165109859
83356338
9209099
3599
5
221197325
37
747
5852579
10579403
3296131
234245
962
436
46104
7788
5163919
1523
9483179507
3050830543
99023
2
63
529
79305436
6187221567
7476543213
3675785990
4
10172
696367
6
5410
2140521
8152776711
90
189
930668652
7286
58139950
906
91848833
774161277
9261799047
853
8635267
5733659931
6029648581
8234
9
49318775
2565055
73087
518
362514280
5
328
96867377
366
8303359747
68
4199871938
1722081038
949083388
5161105
2
2410
9712137
98379
7414814
85799
83
467475789
9
459
3
943
14427
410
700065
8502
245691
3
206686518
930253
24511758
8
89
347826004
51404
9089729
531
4069173
983697
742060961
6527946
23921143
9
9
77407
382021059
3434
105
34350
4423032
55
57770849
60429
447645
3870696
22212
3004651532
610050
58245660
8833679
724469705
372086
964689901
8084
1676123
59098620
121
3
7896
578421673
85
7576492704
294711519
64
2544
42
7723270
11
328441
561092
5023554
1470835
27
97
6185791248
88756
45
81
236
20822
481
75459
868
5414
417273
4
51147681
238067158
397
52350003
740533392
6463526
9941413672
17311606
7
6508
5
48239360
590294
5431386391
11803
7970
9160708
971
8
40077
71779
69482410
69449
65684
3673458
3656
7823870633
62982695
5414958136
65461
48141513
9159773
44739884
1125483
4473440716
207
42
2
9025266602
5107977023
704775109
4390165
24
24093467
5192
4
4607464
32941908
5038935
2161282803
4198726
8
8858
509164086
80360281
73779
35510543
5916931
5350
87
218
150
713918843
4727244
39175
2599
4603836
731
900
50778416
6302
7
54959
85143
4005
547813183
3803
9413624508
187997321
8010349
12341198
2500880262
4796513342
48732
68851
115
57937
973
899
329163
1900305
9936
30
7522
45537766
500
68
4
11513
20
564
789236
80986
952
329319008
59
3151562388
1
693579552
9
49987074
65
71
85
21
5
86008583
740754039
3
5886
68
32
982146364
29019948
1177389
5
4467
712
641839497
8
92118320
58492
951608
3
6
4488
49877187
5673803
49788
701771
151466897
4
39105
413
48324
289595422
628
879183
15
6027031902
79
9973258
6
10005
9
901815
615
77874
8423830569
127537
13888531
414291422
64803461
274394
1041714622
434
77036
17599
1075116
532714
565267322
170708
61552
6142
631354963
3
31
25276
4
6659
1419945
632292
8592315340
785665
82627498
792212965
59778
9122299876
3909775
7752679249
8
56907
426
87
34
12
3338011
519
4
2656
60
19587472
879
412352
6269404
619
485076
3979182
7381
4292
6281487811
183
256749420
37613762
378548
667
82214749
8
1818213
6883993893
638316
449847685
8049760952
46
403638
2
97
2714226
671
10
89019
45058
85
7469140
603305806
1209325331
51775
214434039
577326864
574
965215
4
361
26
3451505
641
654
94717
541934144
6
330943101
9207
62548350
5165072
257
6
9898074
267
919
9462553
9374863
433
2182
49
4
46
3010
69
13
978573765
30764
2
12
686
78307
42262696
872481876
82436711
50520199
7510459447
60
3
7
57838
1086766038
716
382
9
7302479800
89485
936177
2
2
28713
89357399
6
6339
1501873
7226
41533
361383029
121566
354043745
314
2264
20361
26
81794
555779
8
598606840
542956006
6
1
2
997171328
4
24835
5815496131
4083503781
2
625
9181730
5
951202
7375
308
1957
38
4724
1428105008
3798139
3
55
7389942617
61597055
751043
2008649
535197
3
3645
1897547
18
421230
11371
553784023
3105
161491
11
9
5966378
880
2
927
344547
823706
502444548
6
69262244
236629
414
4
15024070
4591051415
434
95888105
771291
475
560714945
421
2
8314957079
4625154
1291870830
8091077650
1394590
6678
679980675
25406725
40114
521368826
17327
5538314577
51788
860
69
1958
2344643
85429793
83
172
7218035671
36544815
12
1344557
2
50370218
9756
9
406696195
531893
186350
34126026
21347
12505
63063
8434150788
385
3049798420
8160435802
4099252
730
87513902
954660
57064
635387
44262
582
6946035
659
737
829653
5008
130853550
695184842
3877
5340009946
60
976071091
44
7810208
3599
6524519743
18454368
6986881
90
13
27
315224
979594300
83527
25701
65
647668256
217663087
18
448
134781141
42
4283990739
855170
958219792
9
98
133
832
4220506
43734
3559620615
22014
585
735617003
8095654
66717600
9392
30407897
975531612
341478033
16
85032076
361
884
250466654
18866611
2
28496
43770150
195717522
46181144
6
3
2
54719
46805
715
27475725
314378
113645
8
96583
899470548
899
2614
3296711795
386
2697
57421155
5818552777
1038
72
423055077
5
8443
650
6250784
129
52898
175
451634426
699203
43093
938925
6360
69409064
574159441
4709206047
785
33
6757
206
45661548
10
3
9
37
58113
1169502196
3146191
310746452
710437835
7934973
4753435
928318
360
1107655
734521356
856954
1926577
6062824
920230
45374408
3939
4517
42355140
74
84105365
816098228
355806693
73711323
9311969
1677927
462
6623571500
87609798
6456
482955
857876
5545107542
5
949708789
2635
355795
7061134782
52756
57515
332807834
32578
1244
573600
5483
503
9399
259727
46
12770597
4510580
38975942
74682980
62175
493
43040141
7
841396
7
733549
686353022
5462
918203942
6768418857
313931
692201820
9568
897
367
6770351925
4
48394
1521091
40
46307851
7
68897
1056636343
1
87506
777
506084664
61
48943021
905985607
418093
11573797
9554661
94931239
9947935
392
798830
9
8
10037
3529495
97
80314
473
9098
439925
51714819
10
21736
7061513679
26
3
906
611889782
9567519334
17962
3
4
55
7505
74
208927
9400898
2846474546
7524888618
732298
289
8414861347
100
97785
822
7547742885
1914
18727458
2256849843
33436
2
7
42
377
4424
2603601
3973
567168406
8261349227
2085410
73049
9840674
704
13603773
982262514
7855986
658895466
4
412576342
623
27658653
67
8213
9735498
761284074
2418731
516523374
200
8628516741
1
177
5684521900
12
887090103
464
7369023
3303053
1819
878
9516
14115585
5417721536
710523
45453148
4
971626671
6851336
2675
404154
9232549
9273
39352469
65
1
6404
1444
63
36
2352291510
415965
9240
5096
1
1462333
132865
21
380130952
10460
46
69179294
93986
9845
64
28
388
688
99400344
23540
82642
320669899
14
49810209
38324
723
61559357
579
626012683
5
156932026
1676166574
173609317
537
38
7073305371
122859057
6483298682
886930099
35
7772413595
9
833370
6045288285
455118
744110
15167
8275306135
95168897
1218
1
43049
8703
477009949
91838389
8488960
872
91299259
359
80399
72
494693247
12
4796782444
2160
660
14821
8561866434
983902941
964
30876
902281152
525
475
15568672
535533
337906
267651301
9103319
1432792232
539
6768
45111251
694621522
354751
70
93085
884077710
90106296
833784542
9496114
9419089250
64635716
44
965373
5047428186
89
17738802
1334
575914577
980761384
964078260
31965
4
277044
79236761
311229
32489
820585
5415855
6816
9
637
7788
590189
1753658992
8035
7057901
28620539
2507
22168
69072031
2107
48
730192806
4557897
437568084
46297
8171882243
6844473
80
61542572
4
131155834
2513421293
4
16
721823
83345910
25
7220326602
776865
5952517
3812315638
9709
2489833
9
3907299459
187398
40972027
2860539892
507111185
1828140237
802
88
59512
27197
39242638
521213399
9599577395
600
8
132
5596237
400494
6566169
4
421372
6
708
2372445
6
244099421
9589253833
1273594019
7
76342
89
8941556
8
48
21
299231
15315984
26651
5868311
724851
7796499
386
732430
33772802
173
2
9176
74031
5684966
3756847
719
477
95436
67
4297687537
451828
75559
9
87
3
52854
7307274
85
22321
93
726510
673
72549605
355
79010804
571991600
9956419669
188979
3485110941
4983878
94870
86852
3
6
321470040
93
78307
809
35
53791
1
9278119460
56494
14
47485
27
60
343289
865016811
7874
5
7
25641
76
39397
1
14
916207
74646657
934
154572
136820
7
7
918035
39022
1
60
9722842
6012765141
846738628
9
444
21718263
4512158
866572327
5138
3906532
4908329
683931
831
8731
5765
9061141
447518998
3095
116359
7
291882
8636
8965
4884
4
48595
64449
194293130
86769148
6417
6
62760673
704007720
7
1499296
3451
4347
321209
427134345
2
3101681
4046831
698177
6
2823544263
1786545570
625
16602
150763142
50383331
703121
85791
4112
69247
531
87746405
4603
978764
8865316
2059609936
585309817
786
494069244
12488
8570
3878044
59956
1725
937984
610073
2502
362
3
3
666
8
2
6335838021
4146125
6509
6530
59277932
2
589095806
1602378
1
98563
31359
366
329
98066
4973
89401561
8
295
88196726
26
77
1
4003634
3592
59676
489903
2
89417624
471894
148
5132
591263
47
243
1646433
2
4817710
82
79
5728685296
1081360244
53968799
78716775
51
7705
559
528593912
4921043024
858382
3385
61
3319
30769
1130
73796945
667953
2060
10206
41418228
25836655
7
56454
7047799
54530
769273262
631004683
28
69829802
904
49585538
743465844
57411189
76
25
8513675
6031
594348
36437
2867212098
9720
9088064
7885757
4578562
7188961
50
247630
4929790765
599300
7
68615
762
2
479
116573998
242526371
2
1
8140
6017379
8477980
58801099
2749
87624
8098967989
42238106
5461294
89269666
29891
24185944
3719091
9385753
36464673
3
6
127032801
246882
44
28
4
35822268
5
15809412
2
313
209452
86
66773
3438047533
6145
94709
722816260
5588003
190
792449
4
76
536463
506825
453402
293174750
8894897
894
748224
924805
401361
729599409
125
3638943054
55
518361
54929
3351
43324036
8
62868243
54156
4851
7783412
15756757
1
22
9975
986602
77751616
8
267
7
91013480
924
71240610
6357
218247
23
354723
3912010
49130
4794663396
47
21505622
32898705
5
771669
2872089
83902
56522063
591836
9716223
9
1473
28381
48273222
130
84
3460
7317254
88122
409469504
676155691
6475812667
86284
19735
59
62
6
18455
7681
370616901
6
17
758
7
9006573
137465534
8934
338172
451826
82
5844
32598
17608
5423852
43
445272
884716
1545056280
22686
771844
528258
931059
620
5051
210371763
8
196
907806484
2089577
8
18
268181200
77404771
3120
317893224
9000858537
994
957659
9
48592030
27996
53
14357247
1633308
3425
2
59933683
55816394
6051246
24210
17644
75371
87
918379437
9632730
60511
93438362
9090165191
3
151272689
4
44061
942684
481236551
908829197
382683594
418949
3425883
75247402
91
39947996
757340500
67
8252976836
47384021
74703517
84
4097
2
9052
27654
2929
62
5438
33397518
82881
171
3
7
6235318785
45
33
16184107
86724702
563634540
29115
50223
87207
1911
305551023
740658752
3981
25
53028
9121
246453856
3264258
9094944
844504
583
3475542971
6433
5
2805323099
44110433
5983264155
2974709
950706
1135658480
1454938
887513
5833
41199
73015077
7
742
3866236252
7211
3552
791
9105233096
5
2389
95
54608
308521235
3760
5
3438873
5214762
627810723
5294191441
4
8
33989511
7256
41388641
3300383159
13564
1
64
852131747
84166
84
864
20
3475
150620
807016224
513150445
818692
156210422
228601
80
57027
2972822
77929797
827
7018111058
58
1639465
82016607
5340892
1246772923
4516
9752379
301454
41
5273
1
2329
4127854
2394942144
840411233
3492500165
772011438
37
68204
5
54371
853994
4
39749337
119504577
81319
76659
151773
94
9697
35292
7372
533622976
2651
52
21947827
353
10
1853676608
56886
7757
705473972
621568161
3
281
652
23713
640619
95178
6
91086
9310
7064035448
342
853241
10172
762
59
5332
5191
722836
87
1010329482
68806316
5
5
7327137
93262
40
52323070
3763130594
4
7
418803576
491
55570
2522779948
6
2
1
153443
812
34962110
79872
49341877
14
8182994974
876
86
8
66
47985454
95235
222
64
54733588
4705719691
76612233
795845886
838593271
5
3
4269094
205
50759
5423
6
6100
2391899916
34
2522683
2729
361004
6083194
341
25738
12
7
85
56179147
8
8392980
3
5856505
367801029
8
2
10986
7948231112
331173
281
16245527
895
37
87417
12098
9085474
146205
37206
67709
9159
692225268
916
521
3427
24
8661986
4560087
44641
5726
8562459
979117043
578
13591528
793034
514981
9
60
52
3770
7217
729
7364641728
9653852635
136255
449
2937
831261807
367509
19639720
76
1211
661
8024981
73025
367339
3003
751
875
2771269
7423147
53
4
15394
280819
66573
984
8
22440266
70784327
704371
157435886
8
27923
4345010638
7
5
86335
324
20
5515
5085
33201937
28464
2463259941
6445
8932237832
4459294
215
51825560
464613381
7200147231
19
6
1115543345
58777269
6
87886
409
69460
448
1235
4
88416257
38668298
578
718580
8
36791582
145951813
574251
6
45990
6578067376
2446452
1556795744
1
8852779978
59930580
3013267256
506518
831534
707151
337217
65
9
2147575950
25925
4851
33641311
114124884
91286
8261
880
904886690
4758241336
237706
55910
83
9787153329
8785
75596
9358689
3
44
5055826
698
49437
9341542991
9253
74654
220
595445268
421
4636398701
33
83806660
9513310876
46697
6878514396
4160327
8
81083
702964
5110
970946
61
740729793
6114608
27236163
60584
699703
465139927
3661956954
366
26403656
6
36047
15531
985259
266650022
7786767251
157588
70
7
6
652407279
7701
9445691751
49901466
22440007
4823157
704281581
6268591
474963230
3
1132
9672320
62
7305184
1571
85283610
950
69944
463
4
2276
1967187728
627
6996443
3225305092
406680593
41810
3877567371
3458335336
65
379
7758021
951327
4770
310519
40776233
5
9638068921
750412
877488
7123752525
86515
61925418
372161461
778
67649
10
2
4
5748197
1697127349
4684
148149595
67776
7902331457
50802617
826633
4
837456
35
821
777931418
332
3756116
2
382193
687947828
5706848685
5566434
158532
2
97745
192
427326
2
1892572213
33
3593694667
8087
453
510353580
771321
67881
9063378297
334050411
5
10
6719585707
9613
9337101940
418
1
3
4382
72157
87988731
1517054
3470
24943840
974
75
85
502379
9140
323322993
940684
3796
87771715
1
2545
734
8
443
8458123
62
68126
2
941138121
9
45
3518042
3
1
68137
17648125
112777
154993526
684031160
46
1849
982315180
101
54569
36106513
2121849
4600689
62702638
7
4558561714
99134493
52
8143896701
7647
3
46
79
15
423
851
289
3
2496
5269814490
892
9019
66824
5
54219097
59472656
6
5310
780
914930934
8
11907018
9251
7579
90
582
706
2528614444
68058
79660546
1909248608
1784703158
195592
4587
34945
427766
4166798275
92
712345
923125
878
7547257982
429492
79521275
8
19276495
506536201
1214178122
4179
4
1684467
6620
1749
1292164
282
465355930
57751340
40
875
6537
528754
181
2
7
7
85101290
40207
120207253
8178
5
86530316
3427890
60517
6
83159
8999405
5299992
64
8553788717
8
189
656863
30202425
35236
735
2
2787885370
223392
24
1157461486
7
4
453042929
1
85039155
645
5864002016
79660080
9161611
452
13571848
69542
7761416686
2637
679736
88
44794
6207688361
256341601
3416783
9
7004
6386
7569
85
261020
376
9523233
89713582
260363323
351
510
93
4704341
8975
1672714741
77137
18006
330248692
110199573
61
8860467
9549124404
818089721
430891084
4081526634
96876
6
844186759
15028921
84175
7344
9315
369001
76451
8138455683
883418182
990345
28309139
95
10
9413248
32066166
87663
85
9465
30059
3264627
14
245471
524
37422761
15
1038009313
831462235
98105
3469085
355282328
84630348
9920572
499
421
4783468767
894
57
429708283
20690
22192
77
36
3904281770
97039323
33692003
17
65628
4
3
2119
1
160
600268
63437090
43898
9352168361
9096298
710226
3015520592
3
612
3
8764
91
5050778570
4323910
222
135
6165
134343
897250471
2861
96
7491035
847362351
67603173
8
629
7844
1735864
94604
783
651341
1797805
4
5
57850
355
1726
63041
57582
46
49
6992204
4310900843
1377
7153
87
677627
8743830
8702741
6862
761
3087542
29612
45
1003414
83906818
926421
7898269906
2
28620
2415517
8
3
3303904071
6
732
9665
450740183
9491
9
594
23
667886923
4673735
953225
7025124
9256
14
74237
748900019
5936
87068728
38
8
521540776
30
9
498961460
2
6375998921
481313364
13
9498
9062494
2
4
6196
3985434
68
640355
18072
4775
478
7674745115
8048958
522193188
98
13903260
902855
3
54879
25
2516182
81
9
9
2160
956719811
40147600
4893619229
133
7247498
62875
261
3868
8244816890
1126728093
9
51582908
786867444
14
798372517
439
389
7
64216372
1
63674
534
6
277662
41812329
6845360
842133939
193265052
23
1
2
13
9291
1347848
8
491359595
922236591
3335134
84001
2962
128318530
504
9917844537
4690166403
13279
967657
52
8691004
43276
4553113119
139906226
41732
2311489978
184503670
4519846065
91642118
34
514
669769676
43770
4240705283
1990078418
9985275
19
3454483
455
89120
23907869
9689
76
98
5490611
238308
6931
25383585
21313679
7464
524
2945
76
5741
744232
8771528540
43433
318
591187685
8304032281
6
66530484
80193151
16876242
224769381
5
26749
95565953
665964
92215
734508303
70869
21901
985409
8
11
8288
6027070373
906136
809291814
9334286
463707344
93
734308
365866959
9
31461932
2
429190740
9819
4690390644
88
664075
6
81256
62
456
70190
437
933925
5231
6227
46782
300
7207
82763082
408686536
754
106
45157782
7602
832742
63829
89920054
3
16155206
83
8373232
302668272
8878642
431556
490926023
21
2725
46546839
3373637403
751
205824625
49474
90532974
106
2540
915292941
54985956
412794
3
2674
6
91666
9549
607584633
52
19
2710
9
6521
953378
56
2366199641
97836
353
36512
8
8425022
4
985
49520941
93
34089081
77
76375
53932
71349
2
4956958432
219364785
971
2
8589915
4369877
1641104682
6
82817554
76227
97
771
6459
2531839188
6243309205
128195410
12981
160061006
50064
415691556
4
2
9751826
2517973040
9156
928823
1
5094443
6155932984
3512099704
5211964559
3197
7646743
901925750
461989561
1289459
59076
609
5598499239
5313556
774452579
4760
2163
9071748
5406
10622
5211
240816178
1653
6841875
47
578648
66
8290
153447060
5511497414
1910467
500
354423
37039531
750
87
731830
8
4
8702
97594
507695005
8
7633
32908
1265
42566
73
9747919
4
1131437512
30625118
746627
78706992
72
5902
709
304746
5298805
7642459
3082268897
315208877
79195843
6
850993
16876
4
7466264
6594857
39
185
19482097
6921611182
853569984
4
290
6
625
63
919792424
128021856
7688
31
61834342
12363
46295750
4
55079
683
916256667
705232132
121
60
401183006
93487
94068221
392585
45
8303574
3
494689858
6483809
276007759
5999293
509
8986
309733
51
63
594207860
795692307
26
97242985
8041559693
5
802171
3825475147
300260333
9845573
140758283
56
1
331
2405687
5055669128
272139824
2
8779
2396494105
72
7068
8
426334776
794476
71
58016
1917264883
603
9105791
419704807
4245
36
9899119155
4589
34
212464
630825274
202
23064922
35452
891
9995792760
954962939
543
233407473
37111319
6
92204510
20639383
7806
143075140
4099
75526
15
9991356859
924621332
249090611
828385
72300
837
6433284884
96338839
3432447
910
40
72740186
5
835
2
5731347
190
3
9020662
43513
883039508
106181311
970360
7636800
786
5396538419
481347942
9
6267453120
66669
71521047
88
407279133
4756301262
4546
8952
85723
281915
701704589
6425
282448093
80849
259395110
4786
5881376021
236212
3
9
855
5730
3585758852
7607198812
377090
70368
15241311
421831
973362
21367935
422
214
8340739466
98954155
981464604
2
1569993
65039
2669121049
88346
1533333472
3394817
97172368
5
4424681
3450541
4718222194
4
5988651573
1918869948
13459321
77
414
85
54924
667
375351933
369862
3101
549730
91
2890264543
129
4
286
4861
1
9263724836
4888
5741646785
8
661
55
58080710
598360
280
8
90935214
3669
79818581
70295
65
8
251
9670519
46060
6976
42962679
566469
405669056
560
1527728
74749
761067
867
9
16598980
4212
1
9543048956
4002
47663
78719225
566940
219992
88282
90678
4
101312
5716720145
3425606121
963
6364038
2159
5314
5
4403
570356877
8988441181
7747453124
9303035
592428967
45
619711
543301
6572175415
10682418
195425346
969
2381795
36630
6
7
30898
723
90430064
8
4790
24382008
95018356
9
6
8669
5961
590503213
90458
844848254
7359925979
3
34122
867324877
194104461
82668
105
4679703626
9844488
8
855785
38984
953026
6129
662559297
31618042
248531724
87577
8449050909
672888652
799088
7
585216005
5761554504
1
2
59375964
55508
30994647
592009009
18447495
1288777958
150002179
29
23510741
4
986244
748464332
5839
347
9
851274
3005042320
3569770638
5462
885
45
1911105
639473
54300
3506044330
33949028
46757859
9804098
571349
7983474384
77
557
494791769
7158057482
60460556
2754989
509
9
877280050
9954254663
94
7577445397
7542325904
240667358
735
5560811
2
6
776552373
1
390728194
44032
22578
71
20268391
1
2916477847
286943
6634278
3915688753
6626872598
732135
224
4568
935759
86470
6
28667041
840783376
7751132350
2412287
2642730
4798
23
58845011
2430205026
448
26
42543
239202
55740
91
2540
730755
28042763
7569
4105071
9333419011
479
1800
1504736
2976676230
99826434
903581625
2241577
9796835188
43231956
9241475
975559
709
9
630
128
9
909073579
8414520435
81020181
633946755
20923522
8557
737896
6
10281
3278
4342093453
8
697189225
8871958
77611
933381
587587
537767
293380972
90
1906432703
49012417
32200
670964080
836
6174
45
6244661
9314
98681416
659059699
93
8
552
44
164836
4
9
68568
5046893
5964
35926200
4124677
5199618399
11698323
29
5555
214632
35915
73163
43675703
495567790
7133742982
585
32
5979086290
84240978
4434
616699
74775
1346125446
38265
76
671442
3144557271
507595772
2510405466
4281195821
561487
6764623
3953727919
565908291
98
738808
2496384880
37254
2
18
839559
4413348212
7996744
586769
69211
49328421
7449
685523054
107
371795
9594846
803
8
638732559
7678026
300
753
3808676
2780962671
7
99
67608144
64969
2629
1459
269
954349084
636466553
2
322735
662173
8677809
479954446
74344
1329098
92437
2114
1
695161049
30
80448
986032015
760
9
595822792
1603900
2871148
8
538042
7717120481
450228868
5982537303
87818213
20858575
9075074
536092718
62
3819308405
933164703
4
20022
5536
11428270
321300139
159516
12216
830
173947487
40160137
74852
132449
8007
6
3
6618642608
4861425
2
37026
541677318
7
9441
16552402
2243467532
7
1782817133
4
5716604058
16
705831
999845404
8300
8571869
8798699264
75944799
1071
56
73164154
23686
85145
35021
46005
858631
55
81
424
93875516
94998
14469778
67325
8183
8900
524014500
1
673311
942
9757
6843
74
684580209
23947
119
1139848
80913
7862370150
6319905
6760867591
35
34
1
91675946
81035050
48
8
861517858
30996047
441209269
601520038
286719
241513
4035
733
2251
1784044
3091838749
555
83481
8813
34964086
655
9097
9001
92748
9600
3595
757214079
7566053
26517649
3091
52608
42
693692
8155
43651893
12225238
8272133
524869
740227559
299678103
4993669703
24069
415
78
398
67806520
6020
26757939
5844222190
212117
605649
61
8
1457798
880
3334
576672
4264244873
4
2031
34277
3608736
646389851
79754
3269
8312645250
44
16
94
69
961314
2667562399
392772
4293396786
5838081
918762820
246292779
171792
139
69
553
645107
64
130944
24887
3
820670
7239121297
545959
9661090945
32971
164885
209
37
17396007
3
5052828405
95
7985828302
9307261096
4
777229
65388
301
774
7
37360516
33709182
91
9
1158
48213945
594186
4
40231
601448
87331710
241953910
97726
7529678745
2094
513645
4764
3546710181
60689505
83
736657721
11
4862045
3362303060
11590546
905525
4901312
30
72989
611783466
9002
4291
8178863
21745
79
32352
2912256351
281331
12
28
9806877
3817
9939
208849
57403903
28442
3078
50017
958718839
9370994790
181161
1
6924
28347454
41
773902390
67546
825973
450408414
918
1
2314668737
9169086
968
597
4673158
18923
6150868
209782
4471187
8006
5391655
5
61203935
82037
49784409
3966340
560247
1732561827
323858690
928787594
45
22974
574782
26734979
943
35106
7339392866
615
7265758
1
41
522
70524
1948090246
657070830
642
78701040
4264
51
87387
659271
236888167
988
55029
49
94453
185723330
385
1183
205545
1743
7372
98
6
8393408124
185
7863
5953
853
9394602
895
816419154
892438
5
27037874
517
192150
6
8
3029017392
465
9838209
21400678
2994907198
385723647
3031758549
2
1443
85
4230072772
5829132968
4244001947
96
393143
91792604
7
34
92750
3198
1032625008
994
125
9813366
910
12931566
25011
22136
508
763
253
64630586
55810
9018521
1
2774674446
1090
930082
5484122897
6545921736
6214312
819
54
68287208
944488
33237
74
255592357
7400436
9927652022
1783523080
3161
8938475825
36853008
78687004
6502128
8635
383737
1042326
51762947
4774
34
637988190
1820
6
1881949874
9885
4
538867791
2
83944
81
34
990
6
47830
1
417967
2317977
7649797676
662062542
302910374
91585
5
5411
76261
171
27472
9489
34463897
6
85
419836
58035402
998
742204
10855582
3302213
434531
47691
628656
2339191073
598013
960
53571412
601068649
72
3581440547
8238239268
73273329
960621
2934
28630
32007
281633
9413274
8432
3898
43
3217
70318
38041221
396514887
8657780083
6
871621308
503878166
6
54814943
7856355
79299
948784949
2606094
6146
3325922527
2135527971
339608838
8249675613
29188
7803432306
8047
818708954
239595
736
58546
71896
600582
5785
6009
9090991
24723
599621
6
69
4776291
305
723633
4892526223
1619
728
244
555
23257850
55839457
89722
5862627
5929409
55319
3698616269
66
23825
29
911244
25
830
49562217
9813
8891202
3982466217
389375820
516303303
9693305943
4193
896
6159
4977
213632
3959
54
653132853
9776071417
59288301
67
2412887442
6
2
249297
3618
386047728
8393561239
1379751809
22
434403745
37
7347322
41471155
24718303
4301595909
819
530216598
7288086
2007429
640
3443
5
2
69439084
2593536058
4
8875
39949667
34119972
317
434066
8555
1479510060
9171024755
462879
602156966
6
451495200
733
446249848
1
9
3588
606557
5371932336
876
64401
749534
4649814279
75647001
1610662
5167747683
544740328
7464
15717
8
2269864
76013279
46
347772
61
23
716429011
43
18250411
63880
996352
79203100
8
68
2659513706
236399751
5839029860
294552065
844
57498689
6153
9
5766
1
115044162
5
2
56
78
964
2988
782
6178
3823876
17852286
8102742
983842
23517368
8820
3
9105206
534045614
93548
9510861
939815
4975436
56937
447893451
4
2409656
3475423316
11765
84
35690458
7966
157625636
14077182
49263
755
8947918442
5465756
28423605
535
1427615
3
8977746
68910
74434
4
9482
15073
7898770
2627012
762001
28593057
23464400
2082937
101955294
7
172955459
89
7635031057
372240
294
46576
2
3851
62
320083793
7884723655
3950621558
763
1252341906
119
27909424
545910222
444352
999
3287482
6304
735390
6
310413
63809
9
188
8043127473
600739281
47448
32
82
20973893
12703133
8902
861
7
7167096
8570
932203
2105231
9935606717
42
357955
86321782
545296019
5479639
919
5383
84024929
4326
506407
24873
14980593
34
3
195650
57863969
867742599
575760
983
77939
625270
271831353
4758691
3864
25188
9050
5243262560
47583
1259369603
927315200
123
502
4
971997
681
549158
214
95
4
524
614882593
923
3
1505
84
5896752
13
879144313
4
525126
876
2108711493
8871498
873841581
9762724617
824
713019
843141303
94642958
20764930
289028
6
714
27134
20
1555313
97465
384
951461
4398691910
71954
411
770629
816064
6671221410
901
124868
31
8996493
92
6
5172436
787230198
88022
841133
1306055979
1134342612
55844601
35085
3923860395
492784466
79322
537
314
855179
5917703079
4859
12340
675
41208
7885970759
49204688
389349
1241
2
759
36
222
6
4645032891
111140514
1808625
3258876195
499625251
780
466626425
48466
9
9112
29081707
63
43505
932363
45461518
17849687
786778
1692642
134647353
7204577
34181
93052367
7297446
33162301
33
20
92681
640999394
47187
6163788
257
27373
5839
933194
63890
6226070
6422
9833
78177749
10468680
3758270
687714
234800797
1256
3776
714015
93431320
3145455
351504055
85936550
300983
2318869711
298
254
7
562912
783890200
873270
27997
888523
7190986
639
2163554
8287
3
6110
951362499
4573
847165
8887837103
557035
68
7430744532
2588
1612445
43890477
44816237
4436346
97494
13254
51
98138768
848338426
98241928
4
276888
7
74713658
6
67
36423364
24662
5190428917
3
11186005
5591428381
9
7
8934080
2327
7103
551772
44
43440553
5004203
12
1197
15186150
2768
159647606
93649
7
4388731
413960193
72200
786
79780
8798
501
9593831192
9442152
2
1847
5
566191
94
34157
5
72
97
80
4222792936
98
7758
571
9
41
817429
234840733
710
33716589
4612635848
8983769998
8480318243
44297836
5
7466818
8870289812
302
454
8861542
605320691
2461463
196742
74
8355833
7782462643
67596
7
996237683
9742656
7509712
7273444605
1
2233348149
3
7846701744
8
3650277
93
25334
21765362
850309
6
871638
527
7
2243767
5
431
21149
8810
74779
90247913
649541
4
4
343
88427148
299730
68955791
381257
7351151271
575
988673
1045
43930
777249595
573
74462
94444070
9
7100985
54
86295405
84169
37481
4
1566959
5721406
61237824
9368429283
571891
79
830
6261715
5291
83823
97
5
1070
310
91
17752
4733494641
9002257
7886296852
60417
937
4256
29
91014
5523961089
10
721504
241377337
8585675315
35640106
88697626
69886
140871054
20931
3224
1807085
23754476
8
1
77
187
94429508
617
9
88192055
2750
3248986949
7162
1210339876
1830331018
5
1809
2
8475481
8
466229892
5960
477
881877
121427
9699756498
670150787
2
13089
27935
4
327948
7297823
7898493
5145
46126
888760824
8016009
4
4944
175024467
28
1
83
156982
4942024
9885170187
39131489
4
8668662
3484146
22009261
27483831
336
84995
6
8651
23056
71
557768385
3013
203546
74
9
8149684346
80234
52362
1217
6
3332284895
21432
5029
500
39
67449778
1
363837983
492896561
5618160487
7897737988
479732165
7925
7
4
6
7742
4699
2
693916259
90011
899959
707254
658066
350292
9334883456
4991918
302
9043787581
4111709962
47540043
434388
45
4101700054
68791
23397688
2
827509
549995552
1534758
81817
576325
157681154
6766119262
824
5169
743289
47492
45305
929
7
5
40743478
1477247540
66293718
9
53748
4559
264241223
3687110
2831
472445951
3475
7486096060
471496281
63979
5467184
10145686
84698
781647713
7120486
2272523578
305369427
159472
603744
3649112494
96
27132630
6
846815
6392093836
89
9381905480
39378234
62
875365358
405605603
69
5159959517
37244898
3098
9
470975430
590769693
13973
67865
4509
8958033550
25125
523
919759907
21
51817790
268477
58630
99092930
54
17
1114782461
37
418780316
8251327089
4327118174
986
996998098
29094431
6814
941453
655688246
11
47379
66847
2364
7857022653
2
9
8495355559
487126056
809
29994443
1617236705
1
77048
56124
66671
7552408004
7196098132
8096335
8808855297
101934
75959
5575408171
94920834
1229892077
63258
56988513
634
9936472
4
156363164
910
71110
70340378
180825788
1
11787
674
224892188
692012
93575131
9
955757462
47
3575284
19
64
7447616
8351
5058
894
9
2825633958
92687977
9035242272
232
724
261753207
30811
83736
49
40923028
6
5422215051
6017680401
51
962301772
259519
52871
554272
5925004824
5097981894
5986173353
10936
943467887
39
8183810
3257749
28908400
2243
650988431
7
1485547714
7342520
6949656
447822
674029
909
237579
6744441
50550131
39886096
9
34
80423938
28
2
836
45765316
4024929629
7476
9
759018942
17276417
6
169
5467
4026
2
5660313232
83005067
64400
766605162
172636273
38971
5512
796798
73702
7961506
2
57491
263479
356
627222
759
813658
95527558
973
4
45358
257
8597944411
2511
91553056
899386788
8
57
26310
55261519
74
6495789524
3
8
1280649
3152157630
9402722
91
63419
9606
8897333
76
40377996
6639
396409103
635
35753196
46116
140882762
8
37
36584372
83516529
54
539
880
39416855
13964
6475
56439
4828038498
4847
7788468224
71
336139
83097
96
84
717
7
94715
42
46356
56
15392872
429
85255633
9
8718
65064
19502
55
4187646887
648988263
77804
5312943962
524055
5686495908
92
788061
4819981089
8231614
819912529
9870
67848438
116185
9
433772
9579785915
70476303
347229
4
389
6138
3
44744
5756140
56932
7707512028
5853821182
34762173
4199134
864441353
877361
407969159
9961510773
611422250
10303962
1385482445
331
2378
731889453
3725480539
1623754
4
1
54439
406
99139
3211931299
741419608
658
272670
5423
525
482346
594911
1
332
9539546
626078381
217
15
902278403
2768
46350952
284
15080
8158034
46
35
79110210
2196980
137
8981664
2739529426
9357291034
12
705990544
11658
99232519
1333346
21258568
358389874
94933
3726
8
89378654
383633438
4358708634
6905515824
871564867
4712
348249
1225
36359230
79588139
72
1028436
4652181
122543195
9264
5041
46236
42465
60
6689
6465452818
276693
9
47916155
939806
269
6352
218810
1704021541
254050
24
7614967
48358434
8419
621967800
982797
50
145
996673
626833
733657157
1565
579902
4115
8949
924706
31361
4611586
38627
4936897392
607943308
701379
3
641183177
5546
1908553143
464422
4383
8818173939
937441174
339813602
1
42965
9245734
25
6410
7244436
3867669867
426544954
7857879
32
96611
5665997
3572
4
622923
38583
754204
62
829
74407310
91
4613670864
60665
309
47508684
9243763286
353
33090
4170
2
9841
197400732
122135281
2
647508
5103461826
873237
859920
6
6412710
342532732
70909
666314
8785903
2
11586201
1
55114
1177826
6164963
609584666
7
69740206
3861391
59000099
3534
163648027
61893942
77
3028898
17609915
6135365
618146975
1370
738685022
74508
113
7
11301039
154
8967
213652
54
8592468
87
61864108
51
41
7192
9548
65613
45602285
306769027
89
5
6
9
950794904
8968
9786568
6595692652
3788
6706
5604291
49770
40702
467729
98833153
26617920
9618064888
18486
2750202630
201640773
9528795
2721
7512373
15727683
78
59
45
31904
6292403
43512422
22677595
9
901899723
2439651
8652352
2972
2001414
95
4639
68948
249338
3362404
27
16
390460976
46
257848436
81929
372949
79
6855411
689642
643871
98
85285
3873265296
41
60673137
57
573926
956357448
58
7
8160986540
65104474
6876
28
7037
1476
2418
13907
2855712
45074
879198064
460981
51881031
208617069
1060012036
209
717150528
927560
8263599077
1
887280241
84
97132155
989269163
90
441
276938
7493298
283306343
6567
43806
18618
1
14724938
24300
8117
4512
9370295951
54423
63497201
86914
83
7049097
46
836
6410
1192587
82
6661685246
153881
75803866
936566
7
735
880
67011
96476
73792
8687
81787
82077674
5
7210
5
103774
2426
112
648
7588
9873383821
7417931
46410
8
23
3063323
1301264244
37343032
63916
930853
2
62841892
71756177
2341981625
3766512113
78
631095954
51810919
8806
950604
6415371
1238750625
3103
500
886454
706
353426
8554
1655
11
534007
223645743
7
40657499
26
3055441228
97150
225846
212175649
50
9058253380
477737
30
22
987
6468694157
95
3522982
57896
3133271745
93
146124833
307190
99
5
8283
1622
3657
7
796106187
8732602597
96
6762
8570307
483545
554721075
663536
1643
63113
60
285032
96520469
98822
5
995151769
69
39421
73032
2766
94
181496
6
6091505511
58917231
5581620
3
319814729
2
366694
959104
42244877
3538430
32211191
776018
96656
5244418319
2
9249640494
420
482411285
26439
581765
7286604
8
2614209
28
7356024
7267941
53433
73
47945
9500498
100707459
9203
22
893
9158546
46186
943171051
425
51
1546
271
430182
83286844
3
9505
532
339176
93
440021420
5
95463
328581
88447
8897491
1481305
7491928
320413
60534
99
78403554
755087574
20692
29579323
588452
1
54888593
40
5076498553
578634450
6968708340
74088
660439835
90767
6
117298
9585571264
160448865
33
941733
572754814
12
19892412
94869
83484996
532861
35812859
2
50
620
62463
50739
786
56
713
6098446
13314
53131
6
932
742219
72318
2
16232215
4133881
593
4209291105
9597373397
9
4045661989
42628186
68125689
872183
24124
4939344
9
68447475
193631
4
2
9
186591
917758356
297
353
7554812
2
919789005
121515
8548
6188
133373702
61
7837
1869025
4
89544
2018
15939
3
7430
9
478156
3
69
664815
6448
8073254
10
9
285533336
9
46
381539
7125329915
67889271
207355710
77027
4672
5515762
158933904
5110043793
51
41
13774857
34647598
30
8
81
450
866
4026869
833
507143222
5727062
97919
133073
3918
58
18647706
860552689
99708
85115661
28422024
3249287
97364
3062
987963
420
3173140
36
4840
9081
5603913504
479
5407596
11
6628
9883556
448009479
4507406
600614
98
20545183
934471180
441900
3586178
7584094463
5067575
75377119
70900
6
3
93
4493784
21
43881848
3942182
115554552
3834407292
383
5455820486
73962
82
528
406690
6582948
3760128473
2503550709
78
7
3
83231311
367
220945642
2
5837024
295882750
6300741664
5
853050054
804455816
851
95217
7187261433
1755
2922
851
3055
276109223
620559
424140
6614756
14126
7901
38209841
54631757
627
56027
594161463
50917
147
87
94886
737
9464973200
6465121392
559560721
129
381619272
669889580
93409530
977
980
9
41074959
64
7
460249
14762
75063
64231382
83417
4
77398
494996512
1690474662
6656
8427284
598684067
3541
45721159
57753827
468
6
1615198
2
81842568
2018
1
96886
1902
889457
915451
409181
8454
34479892
6
874115449
66509
854
550
83
5
4941
4
31
1498147
17176
2638
65
8439713
1481
1332
13907446
86015
29
4627790442
603349248
588319756
2
16353169
97037186
48164544
758498
95619
311747893
84373
8006217
56957
4
8
7369
3692023
58459356
2191
2061579155
57180
8483847
332999
92090
755573344
259871
7667
582712
168683
673379627
7
526
143
69
4
6567870070
8682982111
3954
93
429631069
677198
57
6507718
31
2
6400
925747258
12735957
7900
5179715
6170139314
6191
5349
982148075
240069
456953
5340
99630961
49393
894138277
43965044
9952
46
43
250953
4035325829
221896810
818020
6267983099
98
5459299
74968
364862137
2996458
8
9579
656
117
1378384
742
8
75707
863
47270
91296
62008058
1751011
74691775
48
9370231766
943027
372486
8700
14285725
7042631101
9519190601
3
1
27872
42178
21
295
756381599
1089229164
59446885
28
72
9882473194
5545227
227263
192259
65
274
607004
86
29
152345
204
90
5505
7711652
303188
5732587043
67847
590
25703499
67
80331153
60
7
3
45
48517672
1
7
6241
3430231261
566264
735909658
11865
186939
2
70
4350325
259461
2728286
50
525
4
1110
85048368
7182635401
76
115
652296032
6103955
69483
968
866894
658231
403
6555695507
33039
76591
1480
740711
530
6480
5
85
4316
364
49
382776
345
9
7638
9306175587
936942820
822038580
17013
4981
5
821
189
206003
256
3923296535
91
94954629
9797
75
988
3833
90
34740
8
56317
924
44611
59
62
142
999370687
5812
2997
8552
1333319933
43621426
992234
3505
57163688
781
14485
5043390
68
6190792
3
72478
3814619114
5134701259
308
3675691
1633071
8119
102867020
976930
9
518
6379416518
702
86986633
7935136838
519
575443340
2
23
916
76837132
764
56
3925
196
6264105
15825376
9
64683
6530445
89879574
10
109191
2812788
45730
72
227754173
24
4774
60537771
6512195
1
65474216
1738
4882909017
4255932670
577703
873617739
63730100
93
7190717
4086224259
1974709
9335250104
3637794
7
651086
5876
1
98162
8415
175
3622608901
25016028
94506121
92635277
1
269642080
4448380
873144
631790346
432
5
9
26009
39985
421
5198
40
643764
90
83339
391
203229032
9675354
4912345571
6211014746
336000055
1037578
580135
276
6157298709
4492
8661186
719217
343625
388
8998518200
70
655023
469451945
462
346350977
6712825
2
27402802
211445567
369484844
13
5892621
4762917533
9
27
9
75
38167297
587
6457714
4
27
7
996901608
7
10164158
5685537759
1287862338
66010
363415
10892
47
6598
66797
389060
7
558
380613
6833
2883
249990161
34088873
473057464
69
6130
76
55
921
951773537
2417
94531701
42967723
406224798
66
4179
80
48
99290349
837963879
5
7
14232000
99519
597239
6087072
1981677
237321
9531900775
82877620
820857379
6327651970
482721233
1776
65
618130
2766700
10838
31457
55588797
15
3868659
271652
948443
3
508
1047205
5804886
72
1144006
68292861
8409
569091
852714109
993084996
8127
5450499532
67
39908
188122
52995
6
5
9011
105414713
232454919
10
389355939
265871617
3
2800
171893892
915
8
99
71925
8482957617
7069183216
1978
9670
213
796
565
688829
4958928487
759089
8
81549991
1
474429343
883967271
4643288
8647
10
688999700
328860
710623258
536235
118
31114
70070686
17
2259
637
56735672
4332236
723
9773
5381312
5
5
33
718586700
92958293
512297
72809766
652
21140
385844437
587132
138315
839910
9
782
378827
6785
45684
37279
3521939
382
8
34374515
6
7102704799
2
9592776011
5702647
42480
829178
147645560
295
657466494
64155
47108543
9
615823489
3
42686113
1275419313
68
4
76242
426988469
68345946
5901
7670563
49094088
38835936
154
247114862
38
51688861
809
5914
65500670
532653
8509
8329836
2369
44941
4361
494
6
23
9720293902
548335931
496825649
538
114482177
74316078
18496437
199800905
1
3779288036
476
10
9735419
72
86866918
75
427091
64971932
8863365102
141
21093
32508124
14
54751108
345839
684679
7
66235542
626012
949929916
64498790
1
302247
1650
2
285763067
711289
323403
24427
522
6
7
23
7906514
696415
86
29023200
2
796301763
99109
5
640499
2
127
3209322152
6108
9225
68451515
84018093
872742370
160
7708354
32190237
10282034
941254
841964394
254
13
6481
2604491
4053708540
7828153146
265
5889560
2
28
117313499
686
6
1744283136
88
676
10185
7831515171
5519
98485445
72498
6956203266
79006
32775
112
2
381
43031
216483
54
4
2429062
500504
3571658
44582
1286
60017256
8
4711
38149
32750176
599692
8
308700441
8202
4
875799829
379491743
78462852
364
361
66682
1805357
35
5
1838
89
424153
890025
11
4491
5812617
29372305
571
375
451870
1
837
99885072
7691
38114034
35
30609722
79660620
8911
7283
29563571
9
278
100581949
22
94464143
9011748
481500982
17904
51280143
3264
189
58
151685416
445
16
8
63337854
674616064
469193
440884
566
5448315740
549
54985571
741
177894619
836
742170
2212389
6
10115
1
205184
11168
9
1078
18
348510
10266574
403
224059
88
3940069
803881856
7880049
7
87431
8375
3140
969581308
8
4
445099211
422323684
4159515995
89866
268800
1219504
750
53
941257362
845
2
610
835065299
38949
4
7361
436
33658
909
47363
23167
407207
3206414
28408980
18
129
197750180
6
13136348
9677416
8894683
6
9803423
21810
5810
96
4936
643543
13530938
7
9133094612
7902002
95532
51430
340972
50765
658461
3
6404373
6674609886
375512
8708483773
93561529
7975
6
79226
64
966
9
24520718
649817827
3
97
4207970518
39
5690303
60085
7507
287
7881
3
55861
8662580183
9
6
61030
54
994074
1392632909
44668631
4248407511
5562204439
55588
6018
7498633130
2126127304
77986457
9159188508
11332098
59
954
818556160
370
6308433262
891
8512080843
960754
15190081
152428253
29337943
438
25423484
82175565
4491
74
2886177594
618042839
284370264
701
4226
62389778
1
449
87757
8986
56413145
2
77737
745
5820910367
8
6923351331
89694960
6385773
132
33443
54
500410399
9013
21896108
4179004
93
229
960676
874
2
3490474993
8710943
201338
62
314
5909027759
7495
63148
21624
7879
1135428689
9
88061121
56177173
70354
65
74
8830
26
33
34529
59422
935643
2472509224
89923
42918
2
3
80122
164178
5708
5018
759913319
7471496607
9662
199506
93
146030596
27527
148590
976
21
3586
471249
60466033
750381236
429709678
656492
45391661
49
33
761305344
8565
945772967
7786827620
81
56
445631
1771
179
374
9
4908673
75
680
866623
32957659
8
29
40559
6778
8
9735842
890
22397713
93
77
4
6651
858142
905912
16786
3939
36695465
283629
35998
30930588
8090
78
59077149
3358875799
5
7330889
67771
8
617779
33
3
18884346
763
6073
10757
8375222320
707482
3
384253
7728183
715172
9
8
9237475
325443702
27
9520611
54
817843940
248242
25437
689473
33554693
20
2228071894
8772
2497
84068
4448756
9
964307
141779688
28
2737
88
67
296
23
158632121
438
12682419
8
7059779
93393012
4118540236
6894208555
154
1398349
66364132
335252
9460893
815
5307
1797
1187212
3252547
9
3862221347
7888364
678887009
935295
67809573
622750307
6801
48566
2205
895369
61
185717
6629537145
762043
2228204
9396
65028
352318692
16
298174
6467
1526
18453
146678
9
9649591
87675735
84686
8687791
7828
7866
1193468238
2
5947906
6530948
4424873
5918743012
242490
16737780
7661308811
8932
6835286
2229
67576893
49137
249688
810199
9362108
7
196452
48
337
132
1
930162
238859
3849
58216578
8
691291582
584894
24558
7362136
2274
3185
17
5855254
44254
368750757
4660
4966804677
33382
7425
824392
5597716898
7301352
4604290
151979
2320051
17
147789168
2
254280
4682
678163
73
8929283992
30426339
939435919
4525075888
504
9784
75465152
224012919
559109
1
69689123
24094456
313
79473363
7644692165
757589
66881354
70
893
61830212
4
3977126
5999399100
9137
95178018
1413
5498787769
890982877
4
427782
10976
7847462
7364
134
1828
173860
699286637
39045564
28873703
8729
526
340
8157865054
9374
66394
6940578698
785
2938659
1334398
307018705
9
149938
978
2075
1776
74140
33
44
7049770090
45384330
408938254
81148833
2106354
45
93984
3237511
927500
87836459
7151198
708
91705
796
1
2
25551
1785
2885
4384
1900
5609651
683620067
2762
50107
745946878
29001
2816756
8868
49274796
5777
640628109
3539133
492
39
3835030
5088498585
92970006
39
858
7861
616964705
501148
9428259
918899
568
949389
1648208090
7926
5387
20
519
2
3067397852
5
49443547
9264213
355
5411
8425
3
9
3158
7507847
2904966
90
3838919265
624277833
4300446458
47
11106101
809
1118080
4102
5714726783
734
45860
47176866
4105725942
77829
24425
2373804
623532
94593
1499438
5475055879
404192
1356913065
4513
8100
863
3494
118
72606866
1843859928
477877
67997
549
734
427
2961698315
9388
807649
3
8355436
8012
751
6961061302
35023
19
743467328
54357664
8275918527
9969798965
424146
9568
171
7
1
3528178978
9970388307
173
8709
2542
31639605
19935171
98502920
540
1084443
3421718
73
2771320719
41731
594
62768664
7294023
987016
462
26
812212
32
219422
5666769
3957425504
249784847
9698
5608
5
92967333
696962198
9
17423
6523139672
200
8846
598452505
16230053
7716159063
37
3415384
706054846
86
18
279699063
129871
354
91761008
1897374366
96142
7
931140687
18084
76694449
1422785
9156
80
132
70399539
92
18219
7
3337
72
1
245
64
6948
715
6983125215
401906090
57442197
8352
556781
7036738
73916278
69337768
201195197
5463928784
6562756437
8783
93670
153544322
1
70951119
95
6
6
859584
1314039337
96
1751802
6
593
8
2856555428
1975
797679111
89363
7489807
398
219949
335
867020679
5027889
9764371
5935942
369682311
5
977997
812
2292363807
520421088
8428720
4674
957128
44874649
46066836
5017
6983769
76332
5226
28132
121
122834537
508958
9239175713
68783780
1
4050
48494
33146
74272789
41
4
8110692453
4667554587
523651965
1868
143
60933841
5
909532
8730775192
8114070530
857086871
1
82
860541
127476537
926648
5200181
258969272
9
7
79890577
4855221
734
4
66970
600348100
56
315
6
9
4
737321094
8790604
782
85419305
56
464780163
8
283930
231210359
57515
5665839
616
44412
779757786
8101
855165
4881561
9423281692
9
5834057
202747
57979
7519067691
218647
4
42
51
904545
70
4
6653029543
694482
350838
108
92593276
387245
32375
5
2215
51
64890343
20054120
699
572266
817923071
85365715
3952413632
3584735
2673507
3764
902891459
804809045
71888262
20473
425
18
7346
50232733
9090
9
91158582
22841563
2356456
134157798
906
2203
3975
592284921
91
109
280117247
2
3605
38055044
5
786817456
315
8940817899
7807
928565001
165385319
3
764878
7185011549
405767
3528
20
9671114
5784959
706683
408369282
405108449
5
4704460
776913171
605
1159
4
829362777
17423
53665705
251003500
4
828527
65429
9068
79068341
818916
18
77
6144877620
55570
7366539
9
3823493657
772733
25899452
247731
4042333271
9593815
13388896
5602195082
5
73068583
9878597669
50301
491215820
77388512
37
15833
7102
701
9400337
178966
21251703
802
469
330443
4125555584
250220361
447332
107963
9079233
967
61837244
115
63
326085193
31350732
661
82418
114072619
3777
7241887
2118230935
7390225137
105392640
431
625550259
3811
88
1850375619
861
8673
715
83
46529
85598
6
455848803
14422191
6
736996974
13
55672
37988054
5444974817
2012
44
83225
9797598
624427220
2909
52
8588
91155
536
2732292777
883462
529161416
5953
84233
21050272
9938744
3477969
5172780098
7066733
8178
6068422
8608986431
8235347
1746952774
4
90921111
205
59
37788112
514
562897
4901
2
7309716
39
69
78267
3604768
23
2638946303
2
9150366
22
4825
625876706
898945
96422905
53333
951779
15
73
617393177
62945
5694403
424768590
58617437
412930442
36
370
7328
522797
9773511491
4774395861
98516
788293
3847947714
7
4543866
6872982
7099986
14
594199194
70
14853
187075074
12
707154
4752
54
7
829
998523503
17555103
84
2510578469
1413781
1
45391662
2894
751
1
759183
4491
8660
6
32124798
315931450
16312
843580086
9
34002
697
2
1287144506
4707
3866674795
76734
22518622
78056902
898765983
14193
93206
55
338
68872817
81152787
9374
9600
49913
4
1931107
8
4545
668200239
9080917
5
297086936
4101745326
2798900706
18
2
4
33366
63789
9764742883
716948
3477
2928
6242018
1713
55
290
2481
924429972
5547
696857
22676
13536873
4843265
13
7681
403465
1
3036
9
1874
1524202776
667
9572016866
473565
6025
36552178
286
678310
28
2
30
6345725
453487381
445428579
35330
9529
393844495
8627161
698
81171204
354
8741536
893814
5
4
21528
7989
1864345518
85928
458410682
97
2027545
7
611539295
404
68495
354358525
179
647972482
278745673
54755229
12824094
45217651
5462683729
94810
995
39
56527
193095
2
8145223
28252759
3553
503426
1803874531
7398031874
26381
83158585
708645888
356
9764540
12797
8737
662826762
422412
8
26
9660
26714836
8620
2
7244
1
112
21589418
7836707094
64
89238080
53
256331075
4100629328
81777
64
9288934295
3
75563964
85583936
720
54460527
56
473004846
7527
548902039
22
6555
4743
6567
163372
4
5
5287793151
85721153
39
733617
541043334
736849140
8
2197
791128
775655816
4
4
483897058
83001102
7996
798946
5
4554580
648
359822066
426102254
253
50791149
3028149
9317792
90327981
6880021999
607365107
790685392
76737537
2926468586
44022877
214148555
1273463267
6546273385
6698
416
5
8116123
60
4
475041706
59
720540197
604123
5
17638271
6409716
2107
301871
341
38793
395483810
8914
978107
6944586400
19
896
284768295
22
4877177263
489
464080
694
5168
31553
80522
2970
9562
979
3677634242
741837739
293171
67584
29
140062
184521
126
2722389872
89983315
998825
381
17
5944
4148535807
30574017
9256790
17446381
595629
53216
7057167
28
69405250
5075739
80042
528
6754044
338797689
33563542
167969360
83747510
69
80
740503
1881106680
63824054
6736930495
774320
8279
744209
4122
3540
4368665578
2062
860670
71418425
716634226
3
483634
143730221
5675
282192
586125
1
98
80942919
131808532
73
896887
16864
313818192
755270
4
7089
654505595
610341576
95
1
64
557
992320
2
433
309418
7170032350
9145527843
74273093
8737319
2926
7081593
66574754
96386
5844914
83
606270
937
64
26409
323011013
23816
32993489
35
96
9794022
1
159057985
72859510
6719
9949
6520
4598718
2
7604
63273453
9134714
96987
5
192
9
3486131
27417591
56
9647
55489
1747392
8689
600710
7920755
32314
8182
9618
3549
226945926
704
7544216
942144
744
3796622142
47
6728
30100
993866002
3
695750
9
35
967214
10246545
199
662956285
1228640
6342
1880994983
52140419
5
37102714
47170157
18
123902381
4143186
3
43969
843723881
1364
8453
7
740592
6
11
91
47908
4893599234
44848565
941429635
4511552
4828
550875299
6839
3
4
7
75
41453
4565
43
1
383
4271689850
58
76963572
2794961
616
60107132
578
20404117
4192430676
655446469
29033
2772357670
574
5
97944
2039504987
93
7307254568
4950
607877
856385
569
26065
2823403
5405791
96
19611
75694
93
51
4020
55
5
9467256318
531889
208352273
5
19822657
77796
3476
22311129
2259
7511
431224
3246
220345683
67
8153298986
18
4571531
756442
6455718
23957
32674434
9349535813
836034
93
90909317
4
6132216
4
368276682
6
380635788
999844
550025
3847
23206139
73
464947
220
324
4
423
6
75
911
5529640964
708277
1507479647
68
5202
3231
7621450382
22
166197177
75
9381524
86736
25752
61206
89719640
2
265125509
3623927700
1676
7064257963
325499
4433888
215930445
256235
520
40145
8020
3802489
39546
204310
190750
7370282127
972909
8
192519
7
70235
6483320
346691
623668997
210528088
1334
94
6036191
791976246
756
61026
352
1270084
88187302
635
75578
890789080
75418
2869195
5338462
411138
48201053
504129
340274535
8
26
8311
775771
2304
74356
3016
469
78720188
71545879
648987
467
44228868
629
562
658
4
672
7
837734189
4190504
501944136
48915
513488
867
57
31
88128
592245
69
233095316
55038
37274422
74571583
709167896
273924048
529571
37
461
52
77948
24
54
1577181121
13868001
3352
574254199
436161
989
39739564
5660306567
19434935
2242315
324878331
25629908
531142884
984474533
2820155360
96
5204515826
435148705
9
47
5876
210
48895
7
6
5
78559617
80402
830444460
7
31228005
1044806028
8234406860
11505120
96289698
147
9325
19
577
8
3579
971839533
9678627
64
841
760
8746
266169127
3378119
9
87
132
58924
1
33887
424379029
1881
46752944
7
96
433
412811463
12592006
483
5
4383638477
18059
2
3277324950
7876400
85708
51593
745523
592488704
4912094
213
6258344626
6
9
899578
660
93
268433712
16
612378527
4035670290
50
22318321
68344
35287
84
998493
85272
4732
416
9606101114
96732
616145769
51347874
2475
627901
12336807
160539733
746423
488184968
9150126496
78
39688532
50876
571
4
930066271
95471
460827
390310
579924407
24
3546
1099
167024
50916419
483
292217381
25946
630
4645
1507
5
422241439
7
69384
1
85
6798841
502008089
1109
555189
2233
8015
6955165610
8360733
7922
46998741
3
218636
174466
7135464
7367
696052804
29453
363275
97428425
448
16393
64491571
240
5950
9402398
8027
53
137589
465
6
1395113549
25532895
81
226047
942498
91778913
9941001
4087803
1851157803
913870
848
89569954
285
83174590
786018061
7142
75835
14551566
9334803046
21
45621
9
3806270
7017686327
72968822
67
101101361
2
383214
34457912
3234693741
345465
3088278914
4458396576
7669770277
5
76711966
347940289
436837281
169
1
86655216
1244718172
391792132
970496
94505
5973603107
91
4
652718720
12
52199
450
7626
32
15926
533
8844587
4098861885
387
2
2
40
81
4063610
3371010
7
40279569
30929391
388244
8681
55
6509
30842
864356278
62
97
487627
349
7355
1471
80
7325526499
5185
39
61925074
8921
181593324
6324042
943190935
24
4
26
86
41
860916017
643
75861901
72487
459171571
9052255
53448
2250
3
823215
8208
3
4513309891
155
1544023
1155144
63
4430307534
81377623
99881582
8598877
79631
3072134
176
78555354
57687109
33
20
92
297347
5271951939
490201
358477478
17296863
30872
68
36482
54165
1824
5574
4433
1298538939
7653
18276
745347053
4137
236
145362633
810
15103860
68278529
609792679
691141366
9482359
2067
5
785
415033515
614
676
605
146
11759306
81017459
633586437
930677843
46493
110
6
42398530
56
304743055
340
460
202818
311097
5
732659944
19
51401122
5243222
1050366298
85511584
8371
4469335
6146431
789493836
832085
701698337
9445
903785
896671055
6359116314
54
6959239
60
680141
8
44280461
66395
8772575279
76
8071124819
99
4346220
3238318725
8
45
6635175
6061702
9
71013
4670199
540499
8945
650371
659766894
3
4997517
571
792447368
7
970103805
82
42155734
4582166
2
8719
5
6526346103
8310638
5
4526
4813
5959158
7
27276
14795225
8486
731690
86
948
83
621
604
20933212
750484
51411
967795
78
5065346175
326
11
2
629651409
8741718960
40008854
59866288
63584
47365668
29419734
371434601
11860
174538
705795
87487
754
6731343
98046508
9442786
9
1964875
5302
97
184
24
365
2589780
4609409066
80342
20704
63
2088169800
491
5801121
95
959
85917
7
6
406399
1149
7259
37321
31827
609925
9784185
51105
134748717
59
5
657922457
73812
6295135
612777434
785718681
266123
85893821
317
4806100
1299
51
275
301
409
50505
68777
30
5117043
347753649
48794
671098875
524470668
92320
25516436
3
8096619272
2172163766
773470
8778
6598
57
624
8
272
2907140
926026935
6759534587
19489751
1
878025049
74
5
16
51
7639946
8316929
8115
121607
553376000
79485600
20357313
8905173
6568
9
91
143
62437
9563215
44585
7006
12
262334033
614182
84200
819678
966979650
3
7892831
5435929758
38
6057360042
80503
9
43717
4067
845
444982
754158553
40
24496
715216
4448
106261350
89345
9772489
72439075
367
1089982
37221846
52873
7820
7
919
760339
8689
3543321
668
597368548
9444
574
7321814615
9
22725
4181057
1
34763246
7454072664
729854137
2
566234
1
3537378930
6356845481
510711
1270121472
48518
9010
6183680
81593
9976683978
41
82394160
66
873
408037644
955250157
714
7088
1207736
691822
209245
245110745
303334
737
665164352
526153
133327434
185244
5
53325916
42457627
8422196817
9044874
761
275159818
4
402
730664
36989209
2767001994
6688
948265707
685659
995
3641253747
40170
2404490
239324
78167
291440968
824473
28
652044920
7039955
434209
14007
6068812416
6524
6826
1
19887194
681272
82
72
76899224
64486
3705
108
130483293
812132733
201493785
53
8105
488
58
892671
63
190735418
505520723
8854
41500057
11
11170
7015279334
8665976
8078
402
4372553
6265569716
617409266
9316
20697
18129965
87301
5211573
1237
51855420
2067
7637385
2
996
2302244
2
21745
682
1953
90844254
89274495
223
8169761
6
617
4397495
810
64
20887
981061434
1455349718
975
29480
8484202822
428934407
744685605
829
1922
393422586
9073
96351997
306
74801782
9439328049
3089143469
2695
78619892
691996031
36
252640422
507142721
4378949411
53
9673
8208289670
4941
7452
6389421622
7406755199
4
8
597412284
9
409653
536452
73
797369086
833040078
676
97
429267
26909629
742063143
4701
78575
5971842
5442816
661
4401
151
18274
974031
871
9741
1136983
868689071
7
6901
200
7939627
47485
7025910
43986967
3159693
7912305
92465
26335
178474773
858436152
4454200
129
27
3664584829
3063934
6
8903216
6799769
1668739197
28280645
2
8
75136
121
25802478
376
227286
5291731
4
6186431
376682227
6
2
576
300
4
778423
5796106
9
918757
73876
1118
3329169
748207684
8468702
269557377
3891627497
3508
2441211419
40706467
83139422
969193306
8513
232
249
5266243770
306779334
11
202056106
5870970
51997237
291808
1088310823
8003731
705269
6760988
70
101050
366
60
74586199
947177117
36
71359482
912058184
25056
8
100118930
978561
2780
94
91
8
156562
726431875
4641882
1309
696110804
625461
2763416
53
89
4596370695
3756312
39258537
11345602
9
5021
784696821
773460483
9600374
9427009645
18
580
280196287
4498
42389537
15
417499146
503771
135437
82210885
710
90197
2091
32171610
737180
530259
24644405
4245
2931
187
97
7491294
433886
673
225030997
82553503
8701789207
492
7008102
7448391903
1
549152973
83952476
73
49178
3463233
5989964198
185
10
6933660
2422468
68614
453
1125444
7188
8
92311721
3775
698214
880
366886
262
4
4305702302
688588
5940323
467367
57904
2
207414
79
51761104
59110
6
6578983128
9823
34039838
95
5738041
69
7851
171
3337
9958207
4156188
6
4409437983
469854503
893
69356180
95976289
98
24102261
53397062
479102
776161
19458694
914222569
5343216922
312956170
5243658
7484
27
7
88
584325
383704913
15716
7710
49873
9
770094476
76706
8991
168
4568431
5919
71679
5134
8756028511
877330
839675843
650372515
3337
978321195
93587
678
740
122
2615
389543
265997
174647645
9606716136
244937603
41298
26
228
64
2
81506650
9010565763
30
47
16699830
270
59
8585992199
9
665390665
4351407
768334776
6542674
8057
53
9
91503
3293360
1873088
752030649
6401469525
556774679
720
7663332937
633
65316671
738039
66399909
1813182543
296
128689449
52217
1952894559
92
29976964
9346592
224517
816409469
4
28
2014909091
2050018
2
8760895
212
4848984
1267714
654084147
4192764
939
136218
9073121795
17
206198746
9
30
321375
15270310
38783734
3265332
3
9
8039335338
358456627
7
279
1286794
7
671523
72208427
660152044
30816
4
12
240108116
115811948
5
3366917
56030595
37588928
3629344
97634189
13375
3475
288414676
483309189
22646730
848129109
363918565
532
16
5036222419
287
41899
6284239127
6
666
645
3896679
10
88
5474217
4452
291452855
900959560
230598
3
57
821332018
83929
12412112
213126828
1788
2369742034
75892400
5716275373
619937
3363
6320
526066
37762174
8018
425
848609652
217
96813856
881038584
25882
575325
7867761
32648
34747579
90698415
79206022
140220
722
4546175
4
551
997611372
6213539572
7384
647549947
27697344
7275278
892479750
9320115
199898
37854560
93052
5658063286
9171
61
2831704672
3714
16
65
4
45
3632
939296
792533
3
5938114358
2234
6
5546571
745668974
60483230
36818517
151285
4307
95145092
6186457112
6
1804280
2490
5
11404297
5
561
72
526963
42090219
7196468
175325460
75052711
25959
429
548901
385543402
78378
160308605
618322
84080
619897
9776459
8404957
2833
82394
3
9899739336
8054679
21
333
9235559450
8498069701
96616880
64107
3
37145
87845633
33397
4482897364
733436
585004
80
3446
328
17
52
889481153
7
29
956
284
33364664
9
95552
75136
838824
7
8621162
9
5
954668
76799
13
27252746
26
4848980140
860637
79577
28128
381
26837
37925572
584
73881
906312404
4353121209
23
7056386
639234520
63
2004
6967709
7863
469427562
59708
4831348173
5127059
4077334
910
86411370
3790
73338491
233144
8578
16
554
5261471354
4656
412444004
69
944005838
2470035943
2577
82
953547
661
2724
9912891590
481981720
9
94328
35
27257514
683592
5523
7
95
293480551
54268352
745029
6314
2750147
53919730
3564854308
982
88207793
18475255
910
48293
5591228
4623
554419
836236
859
15277
789170
928507
1941
8019382157
11
468791
289682
7
8384129450
16349
419
99997
22224
60972341
8098359
66043
1
4
142538
5956
2
24947
131
2523361
3
5200075
23037459
428499
2895273103
39109
5369187454
638
7421
82373306
6
188
2786707544
993206910
484433068
5228341001
2
75122
5209
1647359
51
4
2914352627
31
481338185
14
67777
635
8839020466
861967611
13
3204857116
67303
713
106082629
83521
430576307
3
1
9194
230508902
380
4191492
5
634800
990130
1
59
881797
22247
21
124443
16
595
1126
6999163392
567303498
110441
22912106
1350
8377
96
5341178
1706452
4
4075
2904962
20671
165
8763374951
48
5660080500
3742
631601
33200265
77984
529657619
53529
55380
3299070
30676
98
205815223
9
7
7647051
771464
352796658
5404105842
37105
36278644
46
4082790
633761278
867
5
522302
619465
9
84
2
35943073
10
3890974937
94
4
75845
43648
5216344319
7129560476
9406877321
74443
264071694
138
598
6516
291203
872264914
93
639
356
2
37156
805
6544001312
12
519484432
5956056
560487403
55537
812
850035
597221693
20473
620395423
4155290
3268
40307
373011750
4360831
97818
2
3297422
1
9678422
8
93885597
8294
5644356
408002975
11918867
4419
407692
55342925
2
3052758
26
24
2393723353
671029057
265
73
88459452
27157
3
9182501
99813
413207
711444
3624088
108795
475
181508
5269885681
11237962
2
910031
2
7651770351
3582870193
506912
163307056
319
4
7
662679
6
266444
86108171
1570
8991
30
97326756
6446431440
40355
633986
11344
7098933
12273
715045
71896905
6279223582
631847980
6260007994
1605
665415396
5772729248
12
5352385
79644767
69
116729
5
35177
595585
24674100
13
44767
6220744327
352380212
4702781
1728140991
8403
9461401931
4142372563
2726878
15951
4634964339
877699511
2944
11879
625
79
5603830016
3761
727
319722222
7073083161
8
49
19669199
2
846259590
82136
9441547
3254
24
7
411
44270417
1014828697
11
961664068
2633166629
984718
72828225
117169071
65
7
596
515
847
87674268
4497104
19
7140360
579
78
8522114577
17087
4462038
45022
207906
89483742
9
840709
4055
64
65309544
49
7
4532720881
598473666
40671
51
9365626385
2165139525
4490392
1765203
66002
98
537873729
104069072
94
352520
835
5247478153
570282
9
850
996715
3640
50459
1268
4
674985
57
557837
4
5119544326
3136021
826288
218
71300846
6
9099
905516
967106
55394367
9622
3826
366626
49917
2515978
454
738
953
2
7
44
5707
580
495336185
671101880
45499
307
160
5331048
239265
67
905436
6954
822
986757
628157677
14232
987
216037
4838791632
8982350
41
779226274
3
7964099299
9607037
5427873
54647633
6886126638
5503
42471
290
1301
818879
85312858
39654
6624
1
5
13
86229
525444906
735336237
26084283
83360
383612
3646615
821896721
7891403
8151159
4420821
47388316
735360
90
1343031286
5946978616
12
8506
132
396
65
87
26970385
5815
49
1
472470
8131471
90651
55580483
7317789
8
628695519
8
2
5130
2722
791
952
7873
8499952068
8236360
81687328
10580
6904659
24124
8757777399
1690307618
680222
558
63
9359451740
4
4806
758555
4517
35547541
144830834
71422
82
777962
217698429
690234
6154488
9
3093
16176
989064
488
18289
94
4
769977
692
7692084623
5963346329
71361135
125871
675578529
5
5
41071197
37649
984822668
8
9156
3566866261
5722922363
15
57
708989322
5160
5012567
161260882
2386
846108133
8090
7
60220
673
3
8119164284
2931710020
369040
5602642111
6
33
1
8913385
29
9277410
85864
5
8837
7506528701
719170
5929
666
745372965
6298697920
7397117
86
837871
45079825
199
603830805
1948
693037
911163533
772380
759141348
27
1961699854
23
6
45
1252211694
53437030
1584
125736641
582484
37171
482659385
2196196331
28051070
756517
526595051
2848027384
285608
8225990889
1022341
578771467
5852897
59
1474165
987409807
276705489
3878074543
5305699365
2873030034
497000779
88221626
11
83
5164
792595
48730980
8859
6
4
7239520
783
398
83763397
228234
166
880955
108
7278918128
736037
54
560771
81318943
106697
1
5
62129
7889166028
10
8
7188
18217
93136
3784302816
92
9283630936
9901651113
2956474045
64
61874
479129547
49992
70756
67808
5735938357
15353722
60614057
555479
212345
213
4
167536
381562
8589703
1833743501
381
22074573
638
7141345
76
4721641885
105406940
3104654598
6998
68823221
2762
572426
610
5685726
2809924740
93188040
680216
57
9157867318
9779630516
677506
8662
1727
1796030625
98760629
695138599
83
4269617
47800093
5485006240
759438769
7289387
5771114527
514022843
51
6
38
709
282566212
1842902117
40
17
2237137
429613286
105
5
5046056
912055601
18
21368
2
50295
970750283
671875202
5
54733332
42
3
1815808
5
454358796
12
259076624
44888
83705
73121
17
476475937
50972966
573484
81
1987802
8246213
4311
57830
57803755
787376385
36
7742394716
618
8780
38574
9
1571
4028652
23947333
96867
4797469
971867892
416420546
149864308
801417
87709457
4992088
2066413
409461
46
17231
636898860
2539
864794
3
1
549142
25
39482
561369
39388
704955
24057
10726
27
57
3692619
25
233
831873282
93613665
93440
38
1290192
4588
2452461237
68
391573
418
206
490439
80
35466
73108
78215
62430
81
5211
8196
85
68312209
784909
4756884
4444842719
971438846
9878
41940203
6
98
9120802330
105506
268214
5
8
162524
694
1
587443080
5
1
7
773
87
82547
7773675280
649
9
8490463376
1319551
37884047
277239694
40
49
6
729599
52351
284960409
24654
1404
8
3728000551
5573270
863969
678379
3911645580
242207588
1039
5519
749
519608
9883
4
1885186905
2385
6094
972453
23158
40102
381260
51144
256
49
54887
4471044
7
7376918668
26946300
9533121224
86895
13
6456046
5929
109
71
5607935354
38
987065
7386
956
7380
550119
80
25649
104782210
9
1
30935
8
42
40
1955300
68299852
72
8158
3477697898
34121825
39546024
393772867
725021822
32410701
8718781940
2631591
9222075
501242044
143
28
427
3811733093
966
69
169
9
965
3103278
408386
1383
891823
4595
182246345
3062641
842
439335
3726384
873
338
10374
9855732717
75416
6243
2413221631
1648
421
92096633
52
8558
5435301609
50902528
146269120
8691907
77
8
77877
14452
7
678
9959
93226780
3788046438
12
3725421
1057939206
1310784356
904600594
4400
44654418
8146056208
706641381
30623771
2632036
40381
70335383
679
1
8087772
8
1389584978
44150
34445642
8
73133043
9155442
5033343
5370
24655
244108551
5
1779510
6
138
837318734
2725163
3376
518677
377386107
801045
7813663851
7
159
208621418
1618866
97417866
210
2457820832
395513389
7894459
2
883920207
264834347
70
61894
8547756748
27558471
51618358
325
9518
3220764843
86227016
22
20
79123
514101
903
297043
34932
624070
12962269
26743
8
42222
632
47349
3725208307
1
682
454
2945
1
256
59169
199
8923365165
66398
6372206
89749
8261
384
1774854
99
7477549
392236958
57738553
1054818720
442
7566
357721608
7504
834143
699115
6
8469
501178500
717264361
4599249
676276069
366093594
6701267
4260894
1741
81077167
256
87087
99
409
50710301
47
95141190
33204
6777900
524359479
7557214
2684
40462
86692070
6418591
716603808
9174180
423
196
5363402
91
11203
45
45
207919239
95025
657911279
3634985
70897502
9079529
55104666
3721
9197931
798284
1825172970
7
56832021
30
608901
772825
3030277602
5963393778
5
657370527
6518
39
583984
1
520466
23
554550
290964
93233697
181627119
9228167
352906622
185376
57506
825547218
1
8494114029
7494
4075784
118
92112
749116
274328
361
294732851
178526085
1
8
7
9217640126
12916
763
69132395
67
497
638
2348596897
15654963
2404360259
1055
824
758
933
50205
901385498
7549583927
22291
6465627
82678995
26165
76239966
865588165
765997430
68548
18019491
730
7779735
909611
5203706
98104
4559608
30451
762830
6749
25701716
154838668
64456823
5527
346970389
28
6
9671808572
45843
198274045
9
46459
480765
9513706273
3012
772840926
840237
1014608650
33239325
5389782715
253597
64
7676
172666823
14
719
8035264928
274
436395
548803
12
840316
629
601
6393260291
301348879
1
145
2554
9048
350
5087366
600470
7036295001
2
6
4519987551
4895602
9286167
53
83187
5371161757
493
44555
799537
571
1128
2923751
435
1078613558
33183388
77
78
79
4826120579
18200
2836963
858
1
8843362992
433
2804
83
62084325
411167
348109
976574726
695686951
19704137
9361718040
184
93274098
813100
885
1950
87996867
8354621
15094
8088015488
4404
6913084
131344270
27928
712852325
6000905648
52
4177968
105492738
95798615
4279
7516
664
27
79078
481
594246
80689705
60
54838
94889511
8088
366353752
2
793860
992572
8597
30
9635144783
783
869644
89315
8
6
13
9829261
126561972
5046717296
1180860546
41222104
1088
90532989
425741582
19996
8055
72
46
74516
339186521
8505202102
448
217068
5
143
220489975
956
5067916
7
61314629
318599813
210
34004
459236397
438
264505927
1216
788777208
318
987226
250
51
6350
549413
6228
29
8032
741976886
1679
632361
9
150
6
7500
948
937928736
9042
942
4567770995
79562
862489408
212579884
5238
1
6802
9
64729966
8884
3469083796
63509099
76740
6536467031
888938615
910
9
8780
304263
30967
4
828197909
60627
71887923
138865
7342414
5845552
4362056229
6287
2608659
5722
956
6802
28555
789993
1560
435
30687
2285195808
3638418002
22687
4000556615
84192
10464
4706659550
9
99
58
67
63621
251972237
49237191
9
621066513
370
804
95
85055
26596
2515833093
4251
9604703
69
505143
8847
18360981
21
61444
6314190108
99252380
7
7890
237
41266
8612623714
6312343
29
8960820
9
7810
8152909
622944
40845
713
6490
550896243
747576
1841
6
685876658
1356
666092
762269513
3478117893
41466784
91
7
9
596532
85
320542758
2204731037
87256765
88153296
66116437
91886908
1811076
1158687782
69683
151843345
2
7370
8455024
8
9203005304
244262289
93283324
29234414
269224
7
458
268543
2027381
9538938
373248
143752
1
94
2007
74
216390
193
270802618
1871027529
227262774
3499636
926544
36572008
243660
9616590
62185
77
21036
373585310
815
4122068
2751293
34864640
92895102
850895634
197408491
73
9467706270
70412417
9229720173
1613
562069
754
439
16430981
2107719280
699870898
156
5576959
4571419
7
433
440077
371572329
1612425564
66603
36504229
297
3
87
3727462192
841
56905807
3
50
491961196
68
59459571
6703463
12640716
68954
2181334374
795
60
6778
55612680
73986
66710500
56262
72822180
8068
3106853383
3032806280
454240319
4031977660
495980646
4
38943442
9381531
898764365
995499
20
972205535
52752
56906084
20
94
1670220
6641
53341124
9037
82488128
504000917
801062
8
61994
34154887
962721005
3
292845
394
5
731519434
73
3984
3
83
4
8
78
9432850
489784553
79165
958
769
5571
1241
1
392916
4914419008
2
7496345
3
238
6899629780
875
1896246
794423
148455067
34
8915301
909
4
981709798
24594
1452
609367
58285677
6798151
65
2948169846
30
1426
256960919
6639261
6
991
132
9246479
105024636
121418
834444535
77144
27584959
1054168
478
72429
9039508
93
4449
794520427
412951177
981
823975
83
27
7
857
25
9
6
973167148
58879020
811
696
5563
743209339
427445
4512195428
54
6
462498
8770880
17
8104
8273
7396071783
6841
55330
33
41333989
9741
2913210108
8981962818
655301
213
67857
3
156
1406
603503
4562386
815893371
136897
170222
64617
81
523068597
502
59332
998503
404956511
4168312
431628
910
56143846
984
74821883
3
256
59894
36
546413
7
538
5813
38
682
8245691661
2
5880587
24041
5317620547
3948025
966641596
7
995
44
1
854984
56005635
3002
97192356
2360575457
93
10377456
149
2269222218
315
37582028
6416944784
2073548
1626244
7505
35983
549
38
387
75760
688094
276
368783
4167093565
2
7505992
27
47915
8
52
79561168
86
907537804
695
27
9572
68656
527052526
86
532896318
529055347
1725
98
68
987142
6748048
44934
93
54853972
5
7815430
1
49822526
2635756
8043676
362790934
1
782046742
462761894
86
1347941518
2687135
6207854
175367
5
6169805263
431
694
916032059
870621431
845
82058
85580
35
199
372505
48718938
1694969
500188705
2931
42102
21680662
9773
3100
206562996
6580
33045858
9260890844
72
1126665046
978
946311258
2157139
3310619
665637
568784125
6
7
62
9
67
74262
185004
730548147
2732273676
74
2902
933152
1653727
5781
6462
58424
525085214
95284078
60339185
9605275
8474156462
7
3580596641
468664565
39514
4
525
9770
348378427
75
199546588
799529
2
1723
228369
91
1294339
699
3481060
987
3
9829
3028936801
83091
7521111691
889016994
6
52
4
9532
39
1275926
38157411
3231513
5728785
925
4390001371
1
576
4377220
79
22999173
4693543693
93512
42858912
10037
802
7865540778
256
93
97319008
2992986
128608
91188430
30572686
60
77093723
279
391
90316033
98520
1403355376
61
1
6
4
97315358
772049
5105673195
51035009
467
6671
444083
651
578932167
331309
7
5898
32674
5055615290
411809
149
60434
475104604
8256615888
464
3996455
846
4
83
698
854
46710127
5305470
644
63846
12011
5574
547
739395
9796200760
2897450216
51379
917047785
13537
69281
891012399
7
423216335
8
89646897
3257178845
5781
442
692992
10607
29
213260083
11286
32
1564276292
8089636
47353
1529930
83
496057259
28369
2181415
4
2
734795185
16950
979920
16534
4594086571
18768
412842
6445
79221
126243592
16868
758
76175258
554340
2955999
9441
186522
837
6151276
867
230573112
3
308
832214403
52
94897132
56873578
5650127
2844
980
861567
91239
83
758
68
649
8053830002
4613245938
444786552
4149722828
746
477204
4727451689
9339053
178591
8424
2
6854
42434962
6110
1621039
112
3302714962
5
4339213307
2858
9
921159
7529864246
982061
40124316
410682711
7574007608
587312317
7743744770
913
462
6383
479
6
2540184118
30
3235
9626045177
40090
8
724927
4201
985920
1948228451
6877012772
782
99800
37810
289800703
99337
459
22585055
27
741
1556144932
15193097
312
12
3262814
4173313
31
14
92
3843111
7226881899
6466
66
1774922881
44491
6
82453299
953
8
2
55018889
3148
5582067242
4418588
73
52
83
532
51964
949588
33653655
812422176
1336455
55
2773275559
816
9597739046
3281
1046040
56723
94380
493
60924
5265
8043263373
2766469
277359
16939401
32666969
121817229
3
2169529509
4308584
11
96
53103671
892148
530
860
860
5248088559
81312641
456
5
94
3169122
8135
1055661
708794
82414
3
2392753527
40
1
2322776822
3
1399038
9603
63
905
6800857493
85854690
85351578
1204593940
6148031457
38
4
3266
1397
49158503
565601565
4893
6014
72
471414
4247085810
64013278
758318
17
2105
75132789
47
43489
51
508373403
5
575520872
774494032
58678
17579
893706
6097875
3079938800
513931889
29273165
6
8
368010
886
880
68777
20
751447
8
303
146
7736549982
10379
737174
6382312
5096334
524436934
116796426
70105688
771620907
623260486
65
66
1584692
8361
913543
5215515079
7
274932847
94964610
66206671
5
5396
19244
7
4039785551
714009
6029
42871
4597892800
4800
176886
20980186
9
5042111
6432024
821023
64
487
38
5192559915
8325073404
6454
88
9977426847
4948
46176
899470532
352500479
6138
61984124
6742
895913314
538530
498460
1145964
6
7092274406
3751
44525498
545234778
7593
6806023031
8642605550
7758
4735349511
35
4817823
579243606
9
9
6188
28
143061
7777594681
129
332399
7
531604943
4558
10367
505161210
9320893
8
8642911
5007906766
87122
98
3938
38
88
746263691
19
55
8591
1404497
1
8302551
5371940294
9094412
2635685983
365743057
8501
976916
527986
3
22
56
9
331233
31922173
7133
2
8
5314
2670459354
485033
36200
6
1344208921
28
5
316987
45179
73711115
7
778610
3333
461237
434
49
489
303299
61735
82071106
83
2822943
7406934
2017787453
340498564
96542
4012121
569816692
5670392009
6
7185738
87850
6461257
6014847349
6285163532
7666
24792990
540
93
8750565259
38
711945565
253274
1045388
108
601095504
851
876939
5
47
208069431
78160728
24
9427349
61
401
196119854
5
3101749570
77
76876351
2
36753
6
95
723084
2696
258142747
8
1836739997
78871422
18857
767554789
8974
6
92986
72722271
21
5877932
3869904452
909809461
3029
84385
62
21837
3911
11
1
899637
667677157
8214487
9196018235
26
6
55753
6656
620165732
5111368634
9
1669
3229699
48080457
82933
1400
8090919
245
6052
471
15867
52186
54
3891
1093520
45
998312208
79
11880
12
1817800
8255690
119164384
70392816
2328700
2389415
30605
346267411
5458581
29
6
714
4391
20175
3411015159
522275628
73530780
44035
100
960
8516157479
9
5
89613
3
335472403
8926115
480190378
750160321
104213568
134193
7508
62784865
6407
498
209795
49
2544865
2
1475
682367
560008
44
872488955
74
16959321
1928078
5543413
98418088
35
8966187
68
345858874
659781
307502299
205356
27524383
13067
92870
688790391
754327
943072812
6559
22
4729899
13
141
5680
3623
49824522
4781985
68
626480527
8646850365
543
12396
220026502
629837
498
94
6739980873
366
53
37
65
5
74585895
127198
9308132736
344
20003483
96658
427560111
43
105721910
99
459
6305
7973
1
179404927
3
2
399151226
560293
7455
11382704
272889690
79771251
46596190
13547518
392423
13955
88828
981059
2
835565
3459701320
95
228108372
2828190
26609
7
61640
9
7266
786
523879520
621
50
922
795721
7
694
2073
26423763
3987
91062927
54
11289
7515624749
9062422
633464776
84342939
8537758490
4
5
54831484
66
3
6265918
40359988
153951407
914797
1222436
101
175
5391
56391
23015091
12133
8
29
7518563
64203
880931
50
7260
37480447
17220
1493107052
545434
2202282
2
195186322
381035081
9003
8420489718
3666
719480
1389790
6
48724582
26
620
5343850
782
2533433
1741770405
54313
2
5530319148
456
9
800699
1
49360449
7405707
835287105
174045
184203
5
83342
13161130
605723102
55633
11
563626349
66184
260
139582
81
9590
8302349
988626
97
949
97311860
9303
896
1
243416
519045
766698005
46453935
20367
97666
838160641
88
7020499735
68837
81924
321165781
6570345
846505948
6
1120
169133221
34172
406143
26767
8514083874
12
553417
3602941
384739671
3587998165
6
70
67
7
974017679
4314
151010
5830851481
78523831
79446341
91737
8686
29289
174764
2609513544
3
829920
88
123
5526
425141571
3438682
548088539
270460570
25
551
30736
1735
740
4499831
6294517560
7
534712723
26263
958285370
10
2
60
7359
2513970007
1328
874904686
468
776
6
8
457
6227170361
379
90
261320
4423
955
648919
53883963
2482668
835013
221115650
4791628
8315
2632677243
9788
7406984
1
97401307
325154
775286851
581242
3602
62
8191
480616424
5822
619348
191920173
6698733
866
723
3688
7987330
60008394
2964
2476379370
2874143972
1883202291
5184187086
54
130553250
943981678
1416239498
7635934303
65747947
659401
7085478907
4885834339
1936348
58
31
339
6
1782867
9713988
145
53044996
980727567
231115
366
30904
15
6944
16
9
4
47640330
64
499322
98
24
84289638
5225844234
8085527360
96
63970023
15481
3873527
6
343492
76335
8
356307806
91
49966610
77835
67
7
6801134167
72384320
3036
73
9179800563
2338064
7048059
69825653
2749926354
84755088
30
156048874
5055255616
238160898
406058
662266
9410809594
5
1
5
94044553
47
8214659
1410224
6759
725965
81534
2753
62
2857467
18279
34213815
8747
463
341
6
62
780
702904691
3588795
947985
958
4310
5958011641
4
613161324
4758058
27
3104069
70627
2730136
669
435477
930097383
944863428
906364960
87
426339
9865521239
7839763839
266
20672270
163112
39642499
956
25386
21
32
76134340
2826
655793465
374
1
595
731
896
4875
359256
476
2142413
375508376
6304
2984
93
40836
71102
179
884187
8640372
26166
939640183
75992543
579314290
3475747
35
38
238
66564907
13
35744
90
86261502
7971456
251397301
3009
66682572
451
409
4
1243590
822218
4609
7215786
7521
2623715082
13495122
8
26
4148697137
28397670
559865
899260553
431
9647135
4042
5
85
756501173
5
8116509576
537
52356
9
86366
39314
447065
7656697155
63881410
3051042
5318
540
9132805
3796120438
1
1
357661
1315802204
5176317
151143315
196453171
3
5
5571137
779285
178822970
28
497
35
449216
490
884
86687683
61981876
1979771
4945756416
376
50899834
34351791
7998
162826465
138727
5061644
12196
9950133
454574204
1112705039
509279985
93
48127428
5050253
69
8
59197
380758
873010450
99
313670
8585074283
2752756536
2088
161222
1504722
535
9717
7853713300
67448411
98904142
595525438
9525
59865424
1049511
56288
358
74844735
6110393436
388308169
7
227
5
1801088
291021206
100089
886
9
7372
5892653046
86
79495099
577
5
915
77390
7
1820976619
1276731584
64323071
3159176
51303066
778963100
84
853391
39582
1163
30357
35717
96464183
26377
2
56
474820
45081435
910056366
3
1
5
50247
160210293
35
230
100090249
16621
87738572
3463957971
72155
6285249
421
6487423
5779
409
53418322
1793570
149720
213
23901
13981013
8481625
215669
8706874903
8806642
624749091
240294
61483486
391
70874993
923930
885
59009
3757761
76393
8
476617046
73775
8239123838
9
70
8630717626
84395
92
76
3
204649
6539779
4633
6653948586
44141244
5711
74315
4776142960
4590
16279064
7223852
9451471
7
41
5
55
8
827058
532626
768124
77194
142309
3881925
2189015
394
31
942
6549143
1361996
1854169
85896401
512
69
5240666
18419
765886
5469
5168838
285980
342522169
1624
51
5900059
7680381
866837957
585
753404
4904
24396656
9705991
1472023
2
44026
88376641
3323
33
8280146
4640
5
483594770
76
9252332114
19551738
9931925
149
32128
59
5930662
563442044
172
23762025
11
26590
2275
4399335
65
77
45286349
42
38114
368857
5481789
1
35
90
5572202943
750951079
65
4400511
4695953768
346784818
3189
23774607
1024
14962011
864
144190
9688811
484050446
66420
10948548
109564
71208983
98319190
623778
28
3
6707339
1531172
68004516
72586
986
500955752
722
6746
9339603730
823327
8
97
1740
2024808
1
29
526928
6935951
9634024
949579
90463852
77073
92
5
961265439
369212158
157175456
7
58136
246096
45
408462
39646778
49248
53373270
237418479
851
897024200
231
23
836369
4342187215
9024766733
53669984
31267475
257067
45236884
600609382
28080453
44016989
5223300322
3557872850
41
4511
60360304
8654759827
1
5
6
931182104
964861936
22095534
717503
1248658796
49560
53
2
87873
15
61
99
2804
394
99414615
3234191695
1838
42943286
919704583
51
810018
61799
66378
248325812
74
1860
62
937
3543
65
7626258697
129949522
840136
97
53
26601
58
4635
615678535
69028466
56608
600006
7302
94819513
5055614
880847683
17083821
97898297
176712827
17
448693643
662205640
68
842648
272199
490702372
4052228659
92675776
8755089
481979456
431591
4679977
7408764128
94
5
754
55872
24
20869431
7853921935
45
765
811906
3423661470
21929
27451725
604380216
55472
71451
99918
2136082701
2351111906
5361337009
1466785285
65
1417710642
5083360472
576272071
836
281365
157415
965087
931011
84461
89004251
4254
6244
93589
243944
63
46
781511748
61690
67526
4635
3621
888
2446
652293578
7422
4022
37178233
329296887
7644672617
195
6462567821
329749
637674165
98601
5927
38
63962
80
654132731
36
352418978
77967
241528118
42602
147
217833746
596156
3
3475533
3
47
764793191
7918
985
318
859
10
68893
6840715441
5318574
4999406108
264630910
4
94
85010
4
9
67
6
332064250
782501
3377
76511652
405416
5841800811
4154
85494
696
5
2709277670
1369724719
773631
208
27992
78
4780
9669735801
740131514
4549097087
1
432
2926524
10
96942
2961
56270846
801
973970418
6
858
680
52
848143
7
51189
476970
5339875
709714
9
85722
62
817590533
92899
27
7485
51
3544
81
552099
98213621
44354592
361
584546
4791375768
32513963
32969685
1
34197232
798727
2338841739
375
70780
97584039
92
8283290250
1
271031736
53091
139
80
989706696
2
7917
3313765670
764581
197
257882
2
8503
14
12920012
45
526146
54573
34884731
499926618
43408630
969190960
464556878
53
676043
7838480335
22383
2389408
973
40879
973711
90295812
7935
6573
248273046
75859196
4988687285
534839063
7
639640560
6701377
86858
66
38
906320
327
31836
2068179
2732359
7968503
40268467
883249744
80
830
964
16350490
80646
3215861178
595887889
382642031
56
61005384
506
47103
6629389019
3808450
623
80629565
184749
1
7205123315
9332
583879
10784
401387261
5
339522
35
81746214
5
73218
2902004
70157682
6153819843
8487828859
1273337256
3
3047254589
90127
9625582146
83708
4940
7
2782206572
271932997
1121916
2181902
6645582
60953688
994
256297
5567692
50
5151210
20007
6
6450573574
77719
9
9628623
842315252
8998
63007
6778739
42865
1952192
4842897149
330456277
3
6368412
3233447418
44148831
34439346
88
88020
1676
774
8606360095
166
5246942
4900
6
359167
3051217897
43
8711263
813615
5514104
35
864
188536316
7201464258
846449
6337825455
2333
24
226048
1
52290
28
382777
3651277796
10
477
105
50
71
1691949
904930
36639103
6217002
799791
6073
62571
5264
9758625080
8286215067
4110908
48118373
47867
41
26262543
9200485553
372132
97
585033713
6
3
303
32817208
7
10150
93
7097803
137189354
2285
66
8205175193
33942
2721768553
5680741478
7
6
6
593297
86746
78
6493297
12
1999323
967
2485506334
5728
817670826
530615238
32
673218
5
360
3658073
348
17937606
71381
106247442
95681
2
12
11526
701258827
594
217989709
9562324
74703901
95427678
2
6688
76
62601652
99010
205692221
28458544
442839
469602
258
393
78665162
1995357518
744190
36601904
21595
9884
7
6011
27
75868357
164
68733779
8951
7298
76
361276068
39262
32
2250487
5684676932
26
34509961
4314
9018814
99715
95120
838101
4956563
6972578513
49752
6260
118492390
11
20
39342
7381
3352
2535597
2
90708294
1
1434098422
9788126
6197
902
26370
87060534
18041825
62
311566
1152881894
4
95505
90099
3046880
372
428
2647912671
214367923
38764
236
29966
7495
178
717355972
178
84569510
66185451
7227
206890816
1690251506
439658
7
15715
2
26975
13
55835983
98188
204356
20
282
27
1
253768847
5437290632
8713
3141856
401
26
7
87015699
75225
2385560
884021762
684971
2692156
3
9335483
355505
71
887657397
4194254464
2
6
5
98566390
23567
103861
742
3199130
23642349
555
1965332
55
539
427711
3236
2386
646
2296
659
26
51
9639547983
9739123421
47493127
25
40108826
7564565388
37547561
650519263
473847741
172
1118938079
3276
91729
14537509
7133485181
722
354358
272776
329377
166326
6558449678
486370
6
954101
901067
922882015
62906627
3098449
390
5
11
71
105060000
8664918172
9062299
4544048
80146
66
9167
535099
2
75
1475
9
6601382
67
3
38
863416
8319525
8968460
98309785
4881
3633673
537640
5097
97376972
1
8323337
9842469
33
452801
6998720
476949948
446002819
110447
142564589
9
4
56625707
89511735
5
7740116434
65372803
29824092
2255
76
804927
60964570
5950
73
1451980530
515
115295084
58300050
2709891710
7
2
887856688
39537475
27819245
63904
248479414
57346
608
7387535401
4
5285491
831
77209
95810955
652644
491
36823
125297
2591586
1721180787
2329762
1
194
45
691737
6238308092
41289
817413967
30094586
2273408
916053062
9064
14661
786
71
494177511
438
74866281
384808001
938065
179962946
1
4243
2587
887378721
89
36
8221
934844092
929152302
3
42905443
51501145
182875
69
4816095903
561119
9313389145
6246
92299
519082
973885
6713
49
22
8
330
8
674
1878677110
11791850
80501227
6686933926
5385197428
115523390
181
2
47181
3335196265
126755
9
35150
1030199
250022078
2113151
66033
31530
86
562474
924315863
3
6701
12904007
3572
552664411
2251759
1
718565602
2785
18
336
73415
61362960
8
95
16
90406180
5385791
874
8057
4307132493
1438735616
22
3923823569
1
896025022
84598
514
3826076
8
826960
89154210
287300
469884370
918
45772745
250
51
7922
133328395
1925087
75386
436588621
72949
75
12525
42
5376
5657555
1069343
1587
617
2
876
7
2
187330
582
207
62608
172
16049
92
827266
906319
1060520890
8303901570
328243533
514989
854
3018197488
184
5140004
17685662
841
2258222348
60692966
35090
396
21006006
7228
884
246344558
504856695
1
20531
712139143
412812187
3
6181262
385898
457
9494916169
873451
489857198
524
100
23
16
5
1531240
7492159
9604752253
3119
9562
2
15819
335474563
6148725687
828
477
40
519
1947051
897334
2277
6516
9632218838
1989
6639238
6681823581
9613129358
45321
5
635427
5281604
826116
16
75986392
94
33701
35705999
7448
10
200
7
389509166
66
8473588827
5743828
486867501
73
7399
937786
929234894
48
619504568
24682
32131
7628994616
90424
216
440492228
9501
5058658
65949
21971
985068
663765158
65585057
146922
6323
2782013197
5889409
922
686
7421891252
98
3558853
5884
25606990
92
9
32
63
978
469
59
4867432778
58322832
2291052
2353789121
9333
93137
2
627
2
90040
51760
131420307
473592766
1013
77704
138741
9456139216
572280
85
60160092
3332410629
299407
358
53604933
9
9
2148
292149
733
98
10
624
2
47
624
856015679
685349
8775482
402096
27
818
68236482
58393
143
911193170
45916
36938106
84782
1276
654
71958699
149
581743
542
93144037
641912
651122215
84
2238
7020654929
382790
840697
29
64166711
3749989488
4963388
66
49
98
300540290
515643252
884932882
95831325
33002660
728184808
8
1090213
606
726498
691
9359
3784
6856
1760819
53963
78494618
4658470779
3
710391146
1826
103712936
788
853060375
265046
3666993
88734
4424
236680
59742
8174
6
9
83464308
3689155
52
368
5
366
8129
59792
5053
4093
64882716
1800
40206
879359344
1452
28
6
87703
9057
495
5843340748
8273
2532155537
87540
5485
579
951659
64930
304027
17377927
2027
69
472931922
2892005
48
4750091
8683741033
70
3964303395
226
56
9468929656
5571
16321769
12891
590101
691571255
8
1467
6060008717
46
892349798
1
281
7952733743
5388225363
58095420
6
5750666
1
7516
954221147
2395
26116
5512198
5339657
4
38
12408
66
519071383
2669615297
8539388541
5678
6523963443
180345749
123285
7
4659060
34482
68311875
5308846
243396
4286704048
6
6448778002
808
5
16093
515
1
8027619026
8138512771
2836
9319830838
8650096085
3099958
753
609
8788
1910582
34
8995778
757384987
592
232209
3927
8815215689
64187
1068
6880683788
97739
59347
239
99096
90
479215353
49978
15
40340
74740349
4
65431
980021
3260
55369
95
95
395456
256
1
113
7766584589
111884808
874412
3445171730
62525439
40
4820897
9
52555
1635025974
960675823
6108497153
1
119843251
1013903
68
98
32977
99107697
26600406
916449872
632
66
9304611785
80
2287162
869759595
59
55
7
49
1786761801
2
53601
919905823
371069613
5980163
836320867
7331858
99485
137
144633718
9923
365812
9966471526
89818
528
8827
773786127
4729
18461
5435420569
936
470037
8622
50065
83647
39312
8781724
3075977
2090
796561
3
6336876003
738993
90
94
583766
8864
3974216254
1997356
64534408
3314832191
80
66969567
66728121
911
88832921
9
29664
82
669
9117392
94
8774963
40141
998474593
5
17983
343
930850
1485033
7953131015
96
385
4778977
2509265056
9189
315841
969
8729727623
146
68
76
918523
9403077
25
980168
63
53
22506
8700103484
24494270
6852067
834734192
1397328
868869
5675
731623
5085313217
44309
66043706
74155127
163092883
995292077
83015621
84
41
61358381
8006
4101
36
559248
261
849
2
8970758703
339
37520
3096
8846
2088363331
93
310149274
72716134
5045784835
1320863
2203
11108
1
235
251471014
38622
562180991
96
653901
713877
6453869
461
58786
5
9439393601
7455865
930390238
5325
525684320
664147206
45
43
2963787
516851
9
7040
6
616
312899
3223396
2
671
66168
78562
62
1580590
874016595
3652490604
7598981032
26743
8401241
8788
219289840
55953298
1183492
648586100
473013
44
2812762927
365054
80
621741094
44118
8513666
9
66
42225
500328105
67725
856768955
6522
308552538
115929
95317
90619331
42
112
23
330079
34930
490
1438
1
95674212
8542
882121
280246402
8633955383
2
4
32
338
394
5
224692274
77
3
69
9701
1958856637
654351
756421292
3329
85665288
838311
8871096507
5721
40
96583
95665
2323459150
45197
821739
62
17819
50
4836054
924426261
91
9093
116551637
14
432
899410
116
5221472285
372992
8045
2
591085143
43409
9089557555
68820
871
638732926
1050662
357
1249107044
9687410
53439
63141
394
678189
1709
7760
487296978
78182
671729
8051496151
25318624
58288
70226
65
68399
8430388
6764023304
5014449372
7781
8107681
565783366
7
448
2443769
1977108
73087805
45551831
273050828
135
5
857680
40
848363484
434779401
45965818
5
2
3063540256
63
783775
8848928
13
595411
79964
7855167
1915
9479052028
18
6
13231
7252
8274281984
823986
97086860
699960
9777539
2239
14
6949117
4581471
6477964082
639707339
1261212
5072
4820171
3183532900
417396
532732
40
4623610347
204460
82086151
48442200
57228556
577377
188
9
8
593
4263
208
4464694714
8
987531
80
504
146392
796
78671
4378
264203
82922
26992
5
37249126
925445
5302
6918
7
7345
3349
811921978
93
5715591434
263199001
16353
7993202
26
40059
217
7
882918
7
5
33712577
5014
398862
6
60205244
212681881
5472486792
41584798
8
4153083
24
2
6923980
4098
8439996
58949294
15652429
99550
999699140
89489173
2901
8408211603
45
948741113
56367647
194
891
61
718
526
866543938
866326
7962668501
1
58
13139
1789108466
8341615319
788515256
46643090
79
35055789
35513
4229
12864879
17
74
519
34
351081
3168019249
7587708
7979
2
8573964
7923858
84
42620
4075158
435176129
12685896
53434464
15
864140
8
6672668
703936004
7617947755
7268
68379813
16713
85388940
80
2
611916
9357955514
898655
685435696
86534328
19803418
568216
9001243626
45
94536817
34
9714016
80578280
62821110
70419771
254419867
595132541
572
7592074889
539
1342524491
983
736
56645856
9836
508456
204552
9456
7
4156867548
348703661
34
4
7508969367
420
45825
6708141
235243137
27454925
618755499
1329027791
5
987
8317478
197
633964
58942
91789
3
20596819
1159987432
5843166097
81964
5211189129
3645801
12067
39986685
13476358
1
5
5358520
1
529355118
97060404
560022
12245973
8298
6969964316
6931515568
9457051571
53914
254670057
8595
493501334
948823721
71
47399805
4766727
596632
2
90
1892422590
541
1575872
88600210
325
6966231
24199
126450934
11243
205222
1141
7544170
1
446
43938146
799869
423285549
22832468
2
6
20387168
53636758
1630415198
8
4
33639
451
815
74621486
9
660
5
4580309
316068680
912
3
944755
538263
80655903
31
46
7909235
7556
4737341
94
665303162
1383108
85
62031663
5
528621
295992
677558
471708918
5847759156
37220363
2465
5949865
5450112
19295
809
418
6277938585
65
6
391
743865
853369570
411
8
2090731
9847555
81
16490398
7475
5795135932
8026
3778
3581110
94922
503045
85353
523416
49866380
645513
116308
661231780
7
4
4
78
2
9383233054
9875578611
45007
1
44
1
1291808
8909871212
59012404
795102506
756
2199460
49
4
684632
2369543
3320959
417087626
2538905
148054206
891343
53241922
638
8273077
73232615
5841
6900540486
101380922
7137717
260793485
262
509
15
86630
7579855038
89855536
419506574
91
83225
298626989
70
6
394
37828
6424100
772155809
2972427878
7842128
792
68
2449
797
6169
44597
3231142738
427929
366
9112865233
46015
1
3
58717365
4663618
24704844
536326
265785
947761
792
7830536336
55691
234246
83
3047155
70
291204
20315
991969816
38186
51132692
8388435
748
681497
9059758917
1128263
887
31
2787835
38600904
357259886
62588
973005
9926392
5979220930
48400
2378652849
6
82214
502
4627050
3390718
22
9109355
7850
16
8813
7
4194609
63497
98147
6
753
4405
224927841
94598
164983092
570446
1150634809
7772031920
2090
3346
72
34
282878
7310244
4
622502978
339487
35296
21337969
98
166212
1969301168
919074
36064163
694402
13195501
37796280
179971
39222395
611626
605
3510330631
1
4183595554
75668
748992487
55
21900
47643
2
4820357
223685
7
6459438
257
2
54693
678324567
54619
81992
17951871
47047372
29
18525634
219
2675167949
35366
72724
1688330
9
97328156
1
5809
7591225845
37738
8773094913
473541
1149
75409505
8865
52930
62047
841
8
1605207456
5332379
2081402
5782416245
91876602
5497315755
55402189
5990365070
561
37228
28528
5
225999
9637395747
6482090
4259421
16175
575135263
52283242
44
181896565
6554
562
124124888
848232111
4
182
3257453980
8
128878
3848136
1114138401
949
83742892
7280556
91048079
9226414
4803203
9148156955
94065
7023116109
6
7272
807987
1547
49
67375
1743832891
779
686137
7037
637523959
248549004
925
80004202
4835232666
9884216
3
889507845
4221033
73728617
6414997513
3371
383131498
78
60926
9830660469
23
4785965
37663148
357
52923
83
4796878
5556885447
86511625
3105694
1668314
696238618
4155882
5514768
5
5495220166
46
34453986
1882435
753213255
6
93735
683
8
6363663430
46
4551438975
1343
1350736308
5
9192820
1262379503
567
5581151
8928094105
23
2949395
220214675
5988293
5378446131
908
20712
864971
696
744938
59847
303
429991489
44985521
34
42534822
9
3136
749012
90
8426846924
72
783778
824270013
6483249892
5445
505489
2
5431948835
20267
1787879631
878661
3010278
644630
385634
33
91957
562326236
8990391660
33280969
7040536184
9826
3
694613190
854758
28447
190665
73
959
3301585584
2
115
88703
38096278
244795
3025147433
70004
87760
28126445
675509630
452234
9
772403126
9674721547
55
727551911
3507
292011182
5
2557
588444944
95256126
7
5451034561
6509083758
78739709
5736
938044
712148
88
1718480106
613497
97746
4226
20
8195
7
29901
4844
9207
416
5323209327
492
4217
2565
3
8871364222
1628
538343216
238
1
8
433749
7
426487
1420711262
93973
7139525347
97562
87
5402411707
440105422
1996929375
46116171
19
8478651254
6
6140
8
6816395
72453
817
371
7316
68329462
452953
87
481669
9243
21
82631645
2070
59653
4829
1
605483741
21
740452595
56437602
4835284
4464
3273244171
342255
81
561420605
998545
176
888
4
67208095
809467
8
525556
9012
7
59
477964134
73663
83629551
2485817
17904
7004271
608
898107
99
9333990
5
933475779
836
266
93
1140174
537
81055
925359
27768702
9656213301
88
4576918
22918
511155572
57
129156854
8808822
262
5
2536
4508
9683
759324
837010
7782393632
3
1
509
4666484165
2204
15
9782
22487525
94912947
814
9715478275
551205656
4
72
7765
6187
8
56204
5542967133
571003568
90234650
1645765
960
42394
824
2
273059
4835448430
727560
40
83868
5
684
52619
3552881571
9059
834630
5178902
217
17507
2806
588952058
427261178
1294
78321
737
430161
6587909
512260
24
82
97651
55
9942641065
8242621
2855
28
6
6840697
41001
80
440
14117
7
60111748
6533225965
65993
209017908
8749651441
81
941
72322
257020
4289
87
67422953
7536756658
6879344824
94947
1
901316
6
6794034517
494
23046
66941390
79493
6327334
947555
431552
95063663
451489050
15232416
812467407
9255253
541989
39
38822983
4
3
698487032
7008874314
6069483351
940646550
3816888686
48007001
22
79833
6
3737
5493177
80179620
386723427
897582
583514809
92534
2301
150661848
97398908
113462
262
2025
4690937267
347717033
65373686
3677603
6333
45033777
323
62
10274945
37
8574214595
24747
15457
312
4632520067
9659
852103
707277
129528495
537
529
718541498
2974
921
8047
1
56915
457065
1152
41558467
894
103819916
73955
2459959
260629613
964315987
8770666793
13
47675
70
665284357
893
4995274514
12034
931625
2
774842
7
7234159
45827
7020968316
193
5933021
763891527
7720695
39644486
7865329881
1512724875
8229652
109152
72345
1
3286704
6510061
655199961
5
6888063
51
486
9725797781
10332
44177
3183903
6246098
8
47701
97228
414
69011
6919
727
84386
8910472
533664
68
2
73
1655
5471
24
86
4820838886
7919
88
2
5538923
63167
58
34406863
46
3
85
302
13211785
578
60485
323
8164567
77378766
649235
6
8410
346991
2937659046
95300
394301158
22648
606
150415
966079
6742903394
932966
4
169273
90822326
199258782
8424
62228
5493340
916
40307
7706
83176
35
475015
886116
893304
1
846
64040438
4337779079
14
41508
7300
5819598
7276623
147
3963939741
420
8970927148
803
52
215068
701
933559
847931
3512
3163517520
3890931057
8548269674
73963023
77
1411
2
8683
206
506457627
62804634
219
37618390
14528
7993
281969
449104
803546
85
1551647782
512684809
22534377
67255020
140
4450277
819745
173767799
380
739
2927
7651940557
215405902
6574
84540
926
6967407
439324
31497
368026842
6
4
803
34831
78569
93810
6
7
967
56316404
570932
7569494563
73700081
809
1333285
777
98802
997486
866
5023207735
777605396
3031444618
1967971
4
7103
701
938
832012
83610
9214567173
7220371
401124203
93
2697645
917579054
8756980
26
17
9
3
29572
891
52
3132646
4122
9971
809
99
1517449
7922823
191601
754560888
5190968
1
2888260
7330233670
7238
2
7215
77521758
771041
3345174
7191982
3
975973
995957900
595294
17274
5711
9491564
426
5
101688561
77901799
1515533
7873
78536
16313515
8467309525
21884178
4598716
29080695
9
894042
32
766523
7284166838
7606
97164
44472
640656041
5
6
5
1678
258
1
3558660
30764715
8989
1843
2856777
812896
2000
297431650
8
5
916802
7439
725
680617
32066
889113029
32178144
864110
6
31025054
918
883
30582993
2905413580
66224030
25505
9936
585571278
4189183337
40221912
4217388
6343
14
903028697
12463115
396
745279825
9
5416942
6181
311
7
16503884
5117472576
23
4440014
351558413
1
691686334
124600
44212739
3413946
8566431
9710422626
641
333705292
1694755
5404069
6937677245
633
2927
3907979524
806116386
529510143
307
5069345
467527
326400678
37
21
490264
76
2
152882075
48610306
760923
365068888
298310502
19573514
9196642104
92065324
1349739312
723
201
53
2
982042
115516
39123684
53
9952639
419827481
74713
5
54048
8814986
931174
207135167
2
48
246
133
247
3094776
978193
430
7113
40
48619
5
9617465
597962196
6619
8673872986
9
53
508986181
5179071
1378528
27789
64555955
15822
2533333585
93963
59
5744
7651
4
4941
340247654
38862
104
805688540
3242958238
859176
26962920
518
71
9836729
138
455336824
7843
9082967050
9
4001692
873
37060122
393226
471
719567008
74003929
26
1583
18
9
6
9973847863
7507029
8089142313
11918
29934747
5382128
739340
5332508
474
9046574
891740382
931
47
546089
8296053
5240513
1578515727
9089
8582619714
555118281
782347210
4
322
2343
5
64296416
25335075
9
498
6292244
3008927133
7763180223
7677510
11424703
5355
578
7082092
9319881044
536
39958
3220114
53
78431689
1928
25919701
8089650
83
8624058
97125
4194
9766120341
8
3964168
4434
1577127
87867
96467154
3
4348
85
659749
36
9221429811
2235746603
40638
990526
43968
76222
23
25210097
9
671
55106
129639
446758300
55
9964043679
464
879130
623266860
3608328730
3409472
94
8
94013861
127004
6
81
5271520367
19
643
2751
42504
31
6773013
3583466
2368094
18486051
45803
5612413529
19766
5491
172648776
6
774
74001
70161817
2782
284
5832577
576376
7754833966
58348
3932625836
984
5309
44044608
8702
5480381505
139423
37932
6226138441
481311
365
2975898596
7
5241718
9950450
185
479
4487091
3
159
7127
6
50388
1328542891
564
279867401
2531
5766564
9
90822345
90782
431082424
49
399613757
27
8340
36663696
2
3039634032
2347858
9060858
793504
67884
1779348
6025
606608443
7104841
89000851
80792895
67
9537
1651
3
8518642
975
320624511
26
7652111422
6893560904
791915
313674692
9989484716
701
7288
2
5085074
102471527
8393
1196599
60520882
768870
46214370
891994070
6047197792
894
68179603
797149733
28941
641291
237264564
8789548
74
115920
33882
361918789
90
941414013
4
1591080
5051
5021652983
85530574
2
773
9827373
182203931
81605120
66637225
888226
59602
28226
9275
3482350
22321
596209367
8689615
4277
7737
8686110359
560830664
1
4320
6250521
5996514
6599789133
6427
3437557
50915
37249
259001
6
629167
495740941
48098
12715466
87666300
1946258487
337297184
34498361
285349935
215
36767
314
3299817880
423
99
98700916
935155
6
9582
31
551145546
9455
774
13090785
22
2733426
6708689
5937
35571
906292
548905
463079
7666755
818113
20
3814124
2805
93348545
38238217
75716511
525473636
75645276
32331190
727149
4651683
9193840986
45
6492293
9
907869828
506602
1
42
65697987
995613206
10569
4
85
8
729724931
390500
50897
114437091
41
2090804284
434
1310534391
312
6709
25
39480000
2985068
1029614293
3904781
277934726
96
4608
89
50
5991975
3024036
1434150261
68511738
4346
96659
1391
157596
653674762
7958821
5457087647
710553647
5552
807
1
64964002
45769
1
11763013
9826835733
8302235
4095497
628
142283170
144267247
681483
3
895
26778662
9716047
14683863
3883044
200
515959975
3
10
141
97
9102
47956
961956050
1975186
4043273974
64409
85313
3696379
6349071184
196533
896117027
803
5017
20
16975777
192
572
527528
920231612
880463
5
794252
1757160
134
292127507
977409467
2302
9888
579
24
73
5623
65362057
6
66388
41444
533236
25
46883
214
8235
596
740019
4512161963
63
760001560
1539114
29755
7
30917672
73151798
87
779
6593
93
3676404
3846639
958228924
842426
6962
7399
3562282481
64346578
5154571
57987810
6651613
6505067706
9281366814
428
6119656358
40267981
29131509
9624936
97950
5737031
334292
516956
281
2253456
26826652
310
2206323630
42660
812754947
655459
769063764
198207
2089774
8456662091
87145486
775273069
775440
38650
700872
24
306912
3221384958
99460509
28
480
59164
4254
44953
782
162829
311317
41090
4
99326520
9054726
512477569
349206
76762398
515
1678
23740672
1
33233
38
47
42553
111514
5
4618437588
4956
5613134
9500056
80988265
62654
757356
903
223
7
126
648994
95769
793
58
72
18105242
6763701
298090
99
28308
1
6852849178
974
30852277
1366679
32
28554
1558
374646316
7514
997112989
964870
76716292
75735
7130
39
29
45191
17719
85
5469408716
81675512
550
870035091
3085
113981170
989972
183125
49541
10
8684
3655117126
238
1371
274577313
808567
61227747
7817393832
4
564
56
3828063942
187414488
56336892
54
560483702
1129
9
73525910
712681029
224
403029915
18
2563824234
30510
8
640531
496347618
338821755
571
3
46692
5719456259
9991
35009702
5019404507
9
35877148
9418
5640
68074
326460
4265
44206174
36441
46665120
647274105
8976
30490
5338332723
447038
928
84327431
2758341
16181997
69229471
2219589
2878578435
90078565
6333
7
2748
580830
34989
77
9
67561
2408
2
27
714105
12567010
9
3324
9228722430
29
769
4798597
1753133
28441
3601
89913752
957333
53
677
70471
37098
85
3154722151
3413
9310
249101170
2948
2187526875
8773
3391921945
755
4414
6104399
7050
104616
67350
844411090
1993
3569309917
5118
2
7319623
309217834
49701005
1
32327705
2388
91378224
27
5030942285
6317841
465594240
282750831
663621
6482664927
3
242832
741908137
30
17828360
904834387
41581568
31318174
64063
269081533
69388148
577442
92587
7444
13286
8477085
866948773
2952717
1135
9
6507
5440183535
2
454548639
96863142
34215876
2051
32895183
5176538078
9726536638
912177
86621
3087
43
11
37271216
60351257
9485250089
8317
201505
241430417
9
1528412237
12880
508073
3805
1
2446053560
2683
396
4761
4127949708
4299238816
75503
1899245
234
79
190
8
702
97975762
82086258
832365465
21423045
39212242
2239551
65229
6133628742
292
63133592
48976
52
9789095165
6
1432575425
260
5
3540772
112335629
6755003
783032
1911496519
361172945
9428
342815420
999002567
647221357
565
691
552844279
19803196
20325660
739287571
306538226
28728
3847641131
328
1239415
50045
2
205
625
752023728
3220263061
831
9861641
106
874
1120
603797298
3070832562
6
908170
3118974256
615
4
595047
5395
796833
5959114360
5522367106
2927454499
6
379115
71694466
208
5238523704
738
91134181
41267
26250457
618188803
55510495
6145696
39668775
773
75618
7147
62124695
5235533143
4
9
345973
3918980424
1732408239
439874
93674
945773
3204
892
3635252
2978410
299
396005
1
2101025
5156094776
1
55
11
94183
7936942
261
930
7144102315
372711734
4004881
4
7656875
10
1288383
1139463
4300433
65775
7
69111583
122159046
86
1592
81679
2705994694
1
180936
8
1037573
2809602
8
33
66
25
4
2895857172
187
3
91808
36536
42518753
8618
767
8424038
714585
77
18322
6225128
140209
723481
513
1041703389
1314949483
739749990
791
75620974
450
33040
57714
61
7992200521
86896455
89
77817
5230
9103036195
220
6035096004
5622311275
187170178
16786
939915
93
896965
1895
670125360
3848373
51295
51905775
86415751
2917557589
7840568472
7034391228
5
8816456424
94937219
5698540
7898
565
212713
9716396317
705842
4
1899091
9773747732
46
5367521524
197879745
78617243
336344
797
1918945
5033
8286605
633
8316163533
30277083
2104803589
2822414003
497414378
823580
706946715
86609
49400
35
114096130
2846126454
8001
1813624038
1362465871
67602
104375768
570039
6
2379864
3030061457
8
75294341
84284144
52
14
9
1
65373
7405404500
6242010
676197
42
4155700
971
253428270
6831
80
187143
8769
12694258
419281
59582015
398574986
61946
4
67512
34
950
9319
3
776515603
744054437
396
6305426
7
374
585
449126693
5
19892
5817276151
6930
4
7887
9568
2034
58375
75905
77027
6282
57052214
463120
5411492
9436299958
342266
34
6515
9318925276
310221
65183
3963
5620427
9560571
7798483981
31465080
5954802236
3768849
63365857
6576
425472
804
9
527
509611
66
238539599
5025425
105909687
99855289
6930784927
4991579
72919114
27493
3445727887
59612
24
3
46
48
896980932
597
8
753156
8
273444912
3505703
578011101
8072868
9679
1604457093
65
4538
80251
790792
8169
5
8929119915
133828713
852175820
16321937
334997
713454
39137
7639998432
57936169
1211730
8679
355775
55
74871
59490328
922
417305827
109
8
183268676
5648946284
477
714685
4503
239008353
1647360940
62006667
31688330
8945
41
122941
7
805873
397570621
21695
87470554
109590663
3
161819
853
9
3388611
324
9712192873
64064691
226720830
84
610173868
315
668473
32
97976342
3
56142
46427
925267362
962410
4444606403
641918
97295103
225873
53608964
6572076572
60
90410115
55504442
2
882
57
67
4697
25516
29279
6080218517
2532558
4670687
807738
62498
1919345
588892
73
1108298033
725330
26548237
62496153
863
924
36389
676546452
962465384
50505577
2742038948
691512453
9
8273897586
996
2224
23375
596
134025
4364120
939223126
180
277869
156056
2964820
4540522771
4540
577
78556
828
8140
4
15340
226738
420
7030095824
1693922
3935722
1
7676825
908
95325886
3313492797
97877887
700537688
5
1101049
31
6195
2560531211
156971
87028
4534424252
1275269525
49
60333
3
61
8187
317
8194971
783687875
509
7660007
593954
381857540
225640296
545549367
4796636129
1912260
19
30925416
874
229064
553
6047886
9028472
7422
296255
451153886
92696
18985508
2152674842
90433
702534147
88588772
7
8
445935
7
171405
92
816251
7776198357
55817744
11
34
6993390
598498
54769078
88317
71
54713730
10571
1260972761
86645381
5366
44474
3
6
5516021
5522692
4601645
824621
82
740270330
867789159
45133566
385005
1309
12636469
82257915
504
6
20923
54
3287439
9200179
93397
396
765
86273177
25
38559
93742
82
43
2280240382
62781848
3
4
29917937
27614814
41114
61804613
26722
1
441
914
244969
88430367
6570627670
9
6534
84813418
8668
6
307433363
96153
466513473
47951
80289818
3854287263
64
774
808214270
6009240
86970
26864
2
31
371694515
90397
22970037
44810749
7164
19050
897733
4958
70411363
77
341
4535
682778776
900
98678
6062682615
8
9379827
1
147141
4
82
197
480242468
4286264952
885
27
2689562222
822040
5
497567
488
7
1
354672
54488
427154180
2356450800
5912
2181782
7600662
5
173085895
82164
187984634
6
777748283
6475814569
851232
365507997
13021814
529
562829
5929563639
741
364767
1245594
58942
28
201216
3729
1716057246
9
8837
54216813
3
82
339757592
785157119
17028099
859985897
48340839
1008186459
16077769
3
231676965
5658
7045
1611981
3
85671
67967
6
945949
2226450663
13
60873652
4836245
40275
7980073258
9787
9657
4622
4026556
18442692
498998
3
63
6148
88
6
243
5982
637286574
452203
9238347
49
236352636
337
834557216
591
6020097768
1674
3225802161
2
1256657368
438071
90
730172
5340
503434
834034
555
666004
7585800787
46048058
2
7420
3045190838
7
967520842
262071
86
80
369919616
9
2
98827900
575783882
466347
82
557699
142
99496
146126387
89
672128
30103594
7767184
79589
9
9463
1409156975
67256733
47931964
9
7142551389
93485
110338726
3190353
2162682238
8357553563
5322199714
1
190466583
3158
464415843
962998
1172995
5
5149
97249632
24316
797
32
6
858015408
581323628
461534953
72
7
2084
4
38
53469971
9085180811
4215772555
5402
52050745
425136856
325870
6915426
1
503059261
29
58821
4739020443
4857
69
1
41632
8
57
512911
4878707
7
63562054
402527018
106189
1915
723103
2173
561454
45
45777
76329479
8
80822
11335637
872103
323
1439
98
7808375
4868033
4908481674
960204476
3
92
561
225
50742
396
49933
5047127
9623
754925964
9736626
24
9051643491
470123058
3720363
6069559434
78172338
953544
3
7037565
5093190
3982860
67
593049718
8922
6587647
1123831
8384239
9414399
3047
72
47415332
174654
27206820
5
506306
42496787
660284701
700595713
67644342
76151
574685272
5
93851770
303
2298
427
97
743722
5
66631031
4445935
902
6373352
370198039
95
66488
7
2
69473
998410655
4834534732
8931147
753467
4260
3398571916
60728666
28522
6575
403
1169012887
450382700
7
938397
1
6
6480529878
3637167264
319435057
9326
2946152736
81
341842293
430033
9703
269794
71084011
7431116
790
312643503
7686751
130792
37
8147657
998
2656
149
8834498
5335319561
289
5824
379103
2884985471
82233931
4806685
7570
886
24770
54842
22
50118
663142843
337331
33
8334507719
26
3512302
44
78504
52
72551166
5575742
5762450
4976
363804565
4927
452726
7771
739461567
81815
5669
9
9
820965017
8
8
5
7
226
4950338475
5022
37996816
556211
290
71702333
6
37724789
8
82020
29
41537
1546821890
40
16
15
3721463837
6309155
573971264
29945
5675
283
4
26870
62190
624
99522980
783
1572307705
3060
6
35
4727599058
1338
78974728
39290
6952
87098943
96778
6979454
812
26625
2887250
2857203649
7705963
555
88494
10
51517181
16119
3125
1
2894960992
3191036
66
6127091
5310
441108318
6
564361233
644472
9
749112460
5
2095
4635521025
28
8979708765
738136
8
657207366
5
1646
73706617
5686155
3834577566
5553633204
546957
45
65931
94
94379
312
5904894
481243
5080
482601167
5539986
4266
220
941800329
175758271
118713523
294
4940887
766224869
29270781
52119
5358137
1938
64189726
1
309
6101
8497622594
932794
435
70
89478
90593
8704
842085093
79537
87
1
331872
543943529
12638210
5139460550
1136598004
7282639
1723967
26072
561931
29
7591705197
7213
117
57229702
8069
427873300
43
4665
5475
415072
6
2199125954
4126
719458
2341
92656
380327
445071
5595360
42098372
284402
196774
8794
886
9037
91898265
256
825
6738710009
958973
7
3
77183
3037306789
4
8579863
99
4552648
8648799895
640873590
30
59
27720789
210113
456
6696302
934
2153492656
472
797
82233621
39
734728726
9592897385
1196513758
8897631
3760
403
5829995520
2
75
8029770
1179803
380699
8765
804374
51162
3199573
61328765
74
71820668
31
28538
2571
53
9432379
5961491255
1386
379
8507449321
2325057
64102851
5789407
6807755828
59161731
5
5609
5
87
33174
8
6
94286817
927
5813090
62
5
7924
52252
226226802
23972
6
8952022
209783
72998324
8
370
2537424655
7764607459
99811
4279411835
30122629
18903
903547
14
9581682041
8
1705
1047
2845236605
37
720627
18809296
8003994
843
6879
85
9946991
466772
14636
499868510
7
106466395
6
3066037920
5
7077503
862678
55
35397
32468
553776169
22411268
68
8309504
94258
2
3420866
799540571
7792
38741928
1729554454
49722
29749584
8
403299137
820361
1415
91916
639196489
8942
6270
5028286
603
4
514061173
530357500
98386763
178638
84494
900
13674
474151
91370041
691170325
981017
64
91640
195
7695
38
1587328
650496
657213046
633373
4
404
4768896
99
203
54
605962
2000392
369132389
748662
91596227
1145
19358239
9507378
2980173624
964974
5444176790
789581542
5864
832711932
9
4
252552164
5138002
3801109
1956
95
98
644361090
15
3159186
8431740455
79486166
27699391
49284
5913258636
552442247
2709095742
9853
46
8006
306
8544307
919313
8256960171
6575681
4809496463
4152445
6
3122585
55
58406
506235
791736903
8
3026295796
77404
28
65
34431128
6845
48943
22
33
3294698997
95
640254145
8861
73499695
38
96146243
2190649
220
885
71
39824
713
1
48
67
55
131898
73779
59220
62
5121804
12
1
6727
1914
4
575
89
26629
29325
41394
676
4555
99901357
476318
7
222590135
8627326
6831
6
42330
9699
390
7743887454
4398353
84898
6688
89977021
8627
923487794
567670712
185237799
17943716
387
9928242
378
9418521
2
10
840317
307661493
8142
68
25660256
3116
271158
16
2871
83946644
51755533
632752
66835
5
4651017
947829
1899
803128
230092037
9149253028
647
1168761
11425
65
327
25919
685538
27685075
51
1216
6597
315
6116945
7427
5710124
4134
839106591
12
49582
6
488187
6173264
707908373
587287
7
829008819
2
598
6404398329
9657
6899328
250367
4574293
7
9078888
8990
12
959767
13660123
504890163
35700
84736
3790514
2498
13
97738
9
55998087
2935882429
6997598346
554055
468
71
38
698
7
93706838
2
91473411
719
85
6
30375313
430
90509
3224734679
360
6
7617
8
89983
562
333
35
706485
217
353939821
3486970
360415
451
59440
237853121
305321154
82906
913
2995
75129334
8
52972099
69140037
2849864
64
45516032
19
74374974
2
6302
4047010
38221
82007366
4353833392
2
6781362
817
623
8165448
60043
41774
8709240936
7498
558
8938920056
9700
9729892797
635228373
7655
6
32
89023771
646420081
7574678
3926891605
64564320
2335
1175019
8738
346683
2733099965
4724
9
7210303981
8102888719
5122933202
664538
76496
69125323
7
34603
776889
8
6183237
3310452803
159013
419
428573
7661
19341
3552
628
7289
9
74985
30729816
4
44
22
427160
7777983366
2500174
92972
6801212569
4043658
8393516761
393
889257
92
50843
2863353
7205
4772
466
63234
44630442
8717
6872468697
73303395
1
73
6852250
456068368
9630075
3
876315916
1374
10496373
77541574
2358733311
255
255
7
95135
1938626
11
7638230743
1423096
5
22030708
895
3368051982
7627158480
3212
1092
628046070
925083
7570
806
28448
11220
1495956
191
1206802229
6128855228
142567210
643848665
304
46119
16
3
278172
99
6119
105
5
6697482964
213320252
65940653
715956134
3282710
16133
33
3117179
445148
3
113203507
2
8
78
35318186
93
60
3853
426
5985250430
7
5525
483714
3432080358
88897218
589919793
87948829
844649438
186
178167
4
29
68
2355
464
72571316
35059
4174
999
960
3228
18219491
8
7
717671
4
87
956
3146
9731465578
6070
7062
746003
418606
81
41179
117
206
741513576
5881137
92254
7446006
438222361
59
9684
799455
56
236
1
70163
9
19
63
3
6
262082929
42346
2718428
486917963
7840542712
53436848
8
3905710
1737634
99
3696204
93779640
26725610
73994580
7654055
19
8443761980
2398801
25
7
165704276
856365
28784114
602216
8695949
38
8
9703212
4
29166
3315860
968059
148276
2699164
848
24144
95
8590831
560305
1015
1
83
157048
3921710
2
104
7064
95529
586857646
6
23
37589976
3858
8671103701
9671234
530852258
84438
551521
900260
32724210
2677788620
64
4220
700034
489
86
10
293
39377
311
75350
5969701
87161
6018
274
462007993
648
8771
3861
9253473725
5585492
31
37559970
77847657
6
383188
2
71
9310
829
4
936
604736
7614315976
60
57
2057298
894
7909515476
1893860
472
96
455668
94
4
10267
5071292
4500408
7426275419
77571534
44
711
501
1546961
72031872
6059902
1631
51341599
5900740
3335222730
461050
498333
2504323
25
23
8
35052
64996
50494
6542718381
12576
8710
7
209508
3
282441
273510945
60219
938868225
1
849284
54
8
47
4165177641
695504
8143274400
1507937
75
5
69543086
7673251
9449960185
60
8954846331
2986904504
671465721
38050898
25
357379
59
992
445
29
6232917
4766507
8371849532
9
89803
2659292098
798
76444254
5208669
34
38
926
767367936
211852
4
1
9876718
494
686849620
6666715605
1891
159252
303950183
4411260897
5637
917314
9053956628
4362
7041712
1682849
413
564128685
893
99268
81683
138878
6682290507
8568144
938076
2456187547
729
411
7127900123
1602694
5
511
72965417
838
213
702
1852107
89177243
782
3610983
392
159720
607
6
5162933
369
290499831
282
590
71841
80542
383956025
2391
426
575
4
28179200
7940955
9983282
83
861
30
9076126336
55
1862846
1714936851
976104
828
3267
1
718
80014172
33
388
21
6
96210568
604699
48
3264
205
8
781440631
1200292134
7273879033
58
2059299
941227
37991
130
38681
410
3
3668051985
380809
27
3
849
29
4
2889
800608
589339160
76273
94355
427
77411900
3073593
8475
934
6158786
4816
748840464
637006
227352987
95858901
5176562595
37
34230742
7003077
8206
635
4969605
9
64253561
724
6
7
93690262
11643
69317882
5785
2584408515
187740
9769110
343397
456
7
80
9948261246
728
1204227
1339834
8907
7
99607
20
8437064064
94498029
2093103
4
182640827
8
44
88
4088
85
2915226595
2543751009
386
3025
9195694
2
3185
8694059031
4
57646359
86
79580
28949327
43325
2800
250974
33490344
71561375
91821761
8877650164
3773814
22355
413
683513229
21119328
942943
1058252
4673880
72
6313704
45467
331
8595825135
2408
9234009
3175683373
718
3678596
40780301
63985
64
44
1292168651
4777687873
14612462
8160
663441
2372192
8872538324
135854192
7307671109
66
95795044
502876991
653770
90405230
42329265
46512103
9
297
4888780958
4118340
37
88
2124356987
2565191873
883635
89847344
8
12
4511164325
66
139
98394
359910
5012
70099
12001
7238416
2328684592
2632
7906829198
7
82128414
88399390
7882
226
136348
8777
6252229925
143
918
9385651
24507460
2
9020055292
79571165
691387533
12
2656086139
2
540
4015614291
9859
949889488
5164184252
8836912
1237903601
80
1395
86626
2363660468
205
8526
6
7419792560
15758
693628076
95
6139627
723411
808394
6
365
86
4911
22275708
1646396650
897135992
4557
7070
71616135
69
231421411
2313677
486764
712083
4
73
9
96002483
634
8701253
889828882
738547798
48611982
975
46391762
295812947
3
5
476548168
99
947
4861445537
38
1525106
3
6931321
8693132583
225529
82909880
23823008
10
6500
20943865
96928
5
379740000
860
735
8851170
4945719862
78978
3067370124
677081
4063971
5509
9862
34622061
6833096423
85
335434034
27752
437578
15
3
79
172122092
3113
75794
121
1367418925
714922662
9
9641783
1975444826
3289160
591126128
39098942
523911
7272958723
6899054
33861272
90781111
43
4
3878230
1070549208
9
5277830459
3
7187540390
10599
3451262990
9041
5380
5620
39784
908651
7
400208
96103
700486048
189233
536620792
15
89
29
31305
6345336
3
79
989906710
682005292
603
705866749
640924284
480964
61
1
785
46597509
57675323
7669
1967527
9599
1621651
20156
2649
15990
873623990
4286
740269885
876041113
77601
5103
51116713
664737
53413
434
67
987335451
66
8978946962
5160103666
1111
7724
60270
65763
72
26
539987006
47
264974
42
58729
2789
1395462
7
61149
7247051
3403
80060679
2343
4034408
723527
54359
6760273393
89465
45
100163
8556909
1132
601911168
77586
4912
6344
429
9966
81867
6
37
981
16252
164
1274
3207
9
41682196
906120
95
72968
174
1131
2866
58673802
2413262
2117125
649109
438183001
8295
27528379
55
3726624
1697877
84
5
1075577
8
293748552
3484651595
940416
439062333
7344620875
1
9414805965
16461507
31
5267678
1648
82973813
68157
71223
148
40
372687403
414017
1
6626917
686
96183580
3230496088
164
8430074471
49364
6961295161
2830914
5518002
563
6027
715627
6709
2273096007
920523
6354267974
189676703
9572308494
785
829673671
56
3740843
4682
899947
69676430
89
12
528195947
99
490716
6360712038
66733093
740288343
3108604
4551587444
58417
236965079
44093837
3292282602
3177
4910
355
169
99
5342476505
9015
3897997
55093
3485
6031275106
7631043
83
38
5
4682999210
35
11588
38679
242566443
8
710247
1
50571
219
969168
953
6909652
658684147
155325561
4638708469
5
43429574
926
899641
7289
1723216464
326
986115
584388
194
7925
27419179
49643
5696704217
41670
59
7871
189118275
8755934
89
74
82365327
81484
80795
74
76973
43982
960073
185392199
91863777
23708
88751
68852
8336547
843599
4944858
363582
45429241
3
318
8179317945
41
7168526912
15320
6052069659
22342
55
1029767
29144
5
11
16322
47574
1
83478
75
3190
223714
1274
30327
16072496
70142578
814
4128145476
1
85699429
885
2413769819
65871033
8312037
5608
130746163
5
9
7054714832
4845
426
26
49993116
3446776
89
705
900
978450435
351498
78
570576753
28162
3010
8336503
226
97
82
365
70004844
4095041
483
22
341085196
7515547631
31328722
7939103
3
53158
2266384078
86500
245544408
30338
7387310
50605340
224719
1862160
25
7
79
416
16
450357
91373
240091
15827
1
568338
9
3018866
1249633379
52727
4444746
2264
5368022080
5589047
303546
33831
176443
4792747040
4014010644
6065941
172693
9
9222
50820
8881936
8540
371367
624
2
210
3166068
4873145795
8788
31961169
8479
6
148
11012594
661270106
1420969
8
1941
2239986
39932947
730152405
190711570
43000
1637261743
110
90820420
5368638024
726691
4382
19115896
8
9154
43662570
4266678665
2116
36
9534193763
5
7
133
880423
757220526
9289835
228789024
2
228664
76544
92437
47115448
51053
1683871
38606325
8600977509
782
76
1388
3631
11025
6261159
50463209
6
120003
76
97710683
73191
2789699
6455708
41927553
316431
7899
694020226
576594
870788
81601490
736
64
22405
64
767798
20345
2334
4
65117370
19498
90999
387838
5477
39
88240644
350
41
3
656258063
54938
803
67867802
77209
1346114
475916756
99317490
559089
4
76128
884357134
992338
46723831
457667
9
384523
17
81
3753467499
815267
77
3141644
66764191
536384
6
58936010
2729644738
914364289
36
552509952
21
564
3180
1369911947
2142599039
5152455552
688119
930
209820
90
4
4171
74
10
2005333442
23844431
14133540
9566676
1934011743
599
915
363260007
283986
702320933
13
80
32
8876669702
53
34046390
4
839
4231788765
718
9218714362
45
66653
536
442971057
431992
9758932908
3022529
78547
3444435970
779862730
8133108761
712
17217249
1855126917
44
49399722
9270783
7781872
4033547
929
866
909
409523
691
3932
681
6
8447
16854
42
33028
36075
51753827
473125
4282
775
2947269
1511
35674
3238853476
679
8
6
922
15466348
263754084
3600821641
723838652
2596774
8005928027
4879
8421458
1412191659
2114
26351995
6367222
645814805
730409
8164305
4196
44163
17
647909
873
96775
752106
2073579
2034857871
77963
8123829
3070
34343079
297
8197537
137185
8619575
88
722
305871548
6
823088
1976
361498521
2321368037
26722241
808821
13495919
129
4506848771
10157
474847
9344
626042
843
9973
315
373843869
439027
400579
611451714
903710545
775
60674
6939
92345941
91281
30
23
5177904654
31837622
906123
7398577
71
243761
88035
790051
25
1597
1
723840882
9584962001
38182
969252
8647189632
840425059
7
17571168
192
71
511827257
9166655019
87933
3
597
9
72250514
2833000
7
429
745625
80235
16045
151437384
11119301
344059303
51687703
1
976344395
956759
6
164892
9760
457227
64920082
4073391
2732
59
2
66
5605
8944101356
3087
4420408241
13
81430
49
835
2094750
68965662
739028971
433564049
3176041506
745223
389995
712799
123905
40180827
517089584
301955081
1840360
41307210
1584474296
551751
11172
239
101272
67777572
6459679963
17
902814
8790
19824
674247
51068
45241334
5627
23
715116624
8
41
503
398832633
748676
970845
206367
232
9244362064
214012027
33018963
789
35308
7861314576
272605711
26
3159607095
88617044
87416
76
74581
370976905
3
970935597
829590781
26
6136206771
37131
180167
4190564028
234
6
816022331
338
393551
75
55
486650743
245
62
3036863
939337
24144671
9532339305
82460
207921605
