36148
911680326
515185171
8547929590
5340900912
7384721
928
6859220
7203
5778875
6107
83
40135418
894
5
1
2
54
45745919
1999
94
4
5021452476
4024613149
2015519
59252177
86441
28489
235
3522748
23961
41975
447951
6169648468
58
93
90876
941427
175
70036
96056455
3906832803
25
725554061
59522
3897
8
724379880
35
4678
6661
78905677
5
473460152
67191301
46349613
5697375
5837951635
9748
2378
3
515122606
420880757
79467
7536671059
6413
31
226
9630
497986484
92616639
552402596
27
817975
387151231
7
903031052
8992753012
252739
8
6
508156
591251852
42
4991268
503761
51119
45658668
618
988698162
796
596
78093846
899396
4099332173
576
6472
9042
99534302
466
2750
418585931
6279050
65039
7008887819
5776941
27
542782330
128472
717
7140843
19573087
42
81640
6941048
81817
27
84255090
410881
35141
4131
56052633
92825065
4864
95818111
1
6911566
717
3132780598
58493349
4372214
792
202457
62
2
606
6082009696
46
494206732
76738053
4622295627
109812
479831049
76
43
6
49184611
2243
9433052151
6854
4411455787
18896073
28
550
7781
397121351
547668
631478
4225
1054195
80
105888
61291341
35381
1804186011
5
5759299
3579
21274
96250337
967216
86295
123
83545357
430119894
4783
4537467997
135
361922174
47
5599099
8
4972743
633
6467159461
490787
1
7
9051786366
5207607432
120240734
9
36193665
16054
71150
62
64622666
47341581
5440
573
33
9
548097
43762166
2
56161650
1341
968575
85684952
18
2928873131
697982
6507088
4734305
9
138317
56408381
826783
1356
3761691750
70580427
753829265
6333
67
5116947146
5202
936602604
12588
787356953
980521821
42
9387
774522
495510986
85
4170807
4716048
2075
7988252
5046945
4
84382437
66765203
48
36
8138
126
3914166
8
37756
39
314
16389251
5
915
232
2345
4620532802
1839360
3295975622
6170984784
3
6235713
6345
946650846
24946
7452944424
5401303786
9276218479
5
4
96
332
896325
42130
346488231
80
908
302230
83462957
3922746
876333235
192
6173
1933483209
1470
3957458494
90012
95752
7839879097
6933
71632115
3001598291
317408
13490326
8005857
648
63051099
3091
354910
5895706972
362446714
5
8838
69
1631
26
4349399582
48086
225089
4762182144
81354489
9246
8746612
555
36680
98490
6
665
1551583
7850
71016
4005
5233619
16196
4924787072
9795607
406547
577
6
75192784
27
972660168
134256
935
4777791
6618
619187
931775
546250
4244
7957560410
89594389
73138828
2
12251
72276
987
63
66420991
1118
324
509
10
48558785
1145
82
4
1404
43
1
208
6151885231
47245659
6455819874
2908361
8
292918056
22377
247700
6
2
2384138
3
50
76
3
8993
6
8
578
22741921
20642
663989
126237535
3726851
138827
55762
36
13697
2117324320
521
210211
17840018
72
511
237902
142
4484812
501
954
5525
88479484
40586
31491352
1
5292577
5045822
388
82584
6468195042
5
2112793336
6252
751587911
1
85133098
954400
18016
4076656464
304
918199
3608
56851
73
352728752
6099
996408961
13286449
217932
9048
884280
6626
4728
42
1061
54968729
105971128
90
57452
8957684
84349816
38
395260
6907702835
210890836
960
59223
7908550
351994097
415306
3333
68640
24521195
99746
4479
9968939
151423956
6035653349
8065
630476245
761834120
9376
8790616
8657597
29
73
88363278
29182
43791489
420200
291
605
241
363452
87
53759367
263357
23016078
19604890
151
221009
834547529
725082032
39220
2504182216
754
3
80008279
78634
277117829
45
384220210
20
68453624
265
8
821304
6217
34
97138210
38598532
4
188036
3
28484
9091905653
5879874
101527154
6323
34310983
65331700
14223184
2
86871339
33034
2431946
5562492
30
236
77284
993057
312632298
6
143932
2090293130
30545
8836
129712393
358450
9935489870
31513
77
70187
50291310
1446845
92829589
93245
118875
63547860
37962610
312599
520
412734
95431
3502
55624
16
2758
2
3033178
96
20001
7986024028
125229
9
2289566875
5067838032
2249
8080454874
833
422426971
8397828
4851367126
430358917
22988909
97112
3
485
736025
62884535
556379
94189337
5740289
1159
8582
65
147
6709449
5731
582674
8
786015
7488540555
7603766
703
1091118729
807
788
1
71363
413372576
37122153
1271184
5285
692
67021
720
5180172242
95
1177016
4
4209782
74851933
4472
8218612915
119
11228
7299
54720
501
3592106862
90
1800006937
200
120293639
992876843
592124
8375668089
3278423120
6106
35730516
72674107
2199
6
2695157
6086
92
59132641
2677120
309056
316
9
183
862
84
2473
74352326
4483
8723136
8342664430
36581
2441251
66436568
101882172
8952932572
3788
72
444
198111
457768
4493957
5651
5261
324916
6
22581911
95951
5080470
75151620
22
417
9744
719
668362
76
3275
7
887
4098
948646613
13341346
47873
488
9748829
546852950
86
75654762
9998
60
5869
8661004
38524137
99
4
24
4
89053
723078
394766
9
6446941125
662523
2365216094
1486
64
118
1780276
118719194
18624313
686144621
11780558
1664910
8331619925
212692131
98102
9992
2911987000
799437046
579
7152141382
95
3
924271
6510061
9
169698472
605578
3050194501
4259809
4534749
82872216
41342352
256225676
982059891
2577968
16
4832057
2
89
63214018
2855470
5907201
675
7026796
584
6022264008
5977
9681948
45772
4
9723840123
3871
724795
87389
41
8461
4
536
35
70315608
2099212981
8
131934094
9170
46
4
538
8
9314361383
7858
974269658
48595
9581364454
9038821
949773
3
9240117
2
926628672
1049306551
68
76917025
19
17909571
571593
973524233
55098184
8361152
184
4
16219
87
92
715674383
651541506
99019
187465
123395
824
5329390
3401
1175048
143
7016855224
843619684
1344787
70390851
575308
8684
2590
23200
3
8
5037504
4726241
9040
1399
417
584
439
7205514
7
7029875271
6459
79
20211
9
8078512387
8057214212
2253276714
3906366438
7394146
553214
91
8747523
6453934696
7
3277735
8009006
4207212159
358
85846
82790
1913587
3899272071
36028314
2563747
7
57813
2
724023
514450411
319572
593275
15224
7659859238
736
33233
91789
2
3899
581133
318
4928590
42
480892780
9
66253940
64
59
911532086
93099
668788487
5587703171
651821409
585328190
8088964
686350
867468849
6875103943
13278933
875170
98324
57
86435300
13
61589213
16465805
265
84297756
14612604
749675
89723449
35
8340640
5687714460
7700091
252373
1518
8467348
22
5510
2331
9958274494
73867
6106812
6657554086
2564656
1180048
19482718
186
6560
5330229197
26336
5
237726311
85934
19
1196
941
5492107428
777385
17377439
696721660
6636931
481961733
17311560
47
1819
438354027
802001
956526
249272725
6574874485
800709622
34292225
698119
81
47
254
43821
28844
34
8221370410
3832819
40131
9274962
7711
4518259
20585110
8
8262
759708
4642
36033
250
2
253789973
3
33361476
2222239
2665513
8675477154
6588
7732282423
939
4540565006
4686550
25629
5117072199
83027
87407061
3445
3
1274140829
4331949466
6747944784
328461
990533
942359
96250807
643897
631921965
235
11667
992970172
3814123
752295
250
80458746
979979121
327058
5925856986
613669
801962424
638314
8487352300
90701
301150424
237285470
87544
7010278938
46742206
44504112
69
585
5214851914
7
3147564201
115
22323937
3986823
390583957
6672
34
9311521970
95325
3
3614394549
5
5
954754
60991
8440732
23
1072588335
501586
18203995
9808436985
787381182
6945172578
3319773
6643
6269531
2092735
1075
6290047
488001
174
9978116863
72450297
8756
45661905
286128719
1
36402
9264943
138340046
7039
23
666380
69079228
8417166
927
479775042
76525567
51023005
4322
7851445
671948416
1676
957907
94254
8
29810
7230150573
189
74310
1800
7
92
5051
16
632925
57970
656762
526472
54828957
1139
25395
39674
52446
4
25704
7687297
5
82
49673387
3
4854
371
9820
55909
58045094
4863052641
666567967
56
2842
856
8074899789
5
993416
5325160
165192
337247649
2122188
74341
887
79216
17
35030
1328499
96
133741764
72
71
6786
410
802
727998642
303
830
854499803
57
2
32580
3153
647
929989
67610371
27
21
3155835105
58434
45609080
92742865
508915
385930912
25356673
2706591
7
27
77999406
3
88719884
70
600
323286440
773676779
89
34213
5016
850387
9518779
7
547982037
35649
743578
42182364
980318351
3606
191
971096
560631
827
186295586
3
7934275236
6
75
3
868459
83536838
245257437
4982296
8881
4
35420855
23277
8159568
704475963
3
26820379
78657791
964982
6
1594315
8481478101
500479532
41
2559615
23572322
94
45269
41
68
6049
7
754815
92483
8
1661
43448988
94
70924
29
516
1877019446
8986930583
2172
534801
16
9
19252
2554235
37610
281007
8681721368
150
3649276379
85109
40
242177016
7644143
1750115093
255098808
81769480
5419
837686
7186297823
405155
40194
748513
6748097043
40008
1
6382442
6985
97
88900
25072
3080902555
13
617
703683749
2270794931
3296605
419
4468470
681462249
558
1597328
68916
47406963
55557
996864
7844
1023
597425293
56158069
301611
2347
5071711751
36
585
1186763441
4869
156920
8
5640086864
104
91
516355137
83929964
3481
5532837169
568851
547725
88521555
56775969
43826
825
52508
52197222
3593092671
198510
22005733
3516
58158
7
44356
895549
96
56773
94129
6
4
420670
67256
6695
715
7
32
56115
4
83727895
821248659
8
4466138
264312623
46
8256
6428
959565410
78388481
7185780
9645594973
94977636
428132725
8
420
89271
4583446182
36
68
361877688
2089939
4
6808
478
5590099
73
38
7595695277
82969
49849
175855
724524
2000
78
148
3693
5248
2172197206
493
6302
8155
92805
894
5
390063
2781051
38806
7455105593
2556
3493
1924063
194894
4919765017
35
8006763
373
77613851
14
720
6916
8352839
4924194
5137317312
67765
254758765
755700617
4
784
98144
278451959
41509895
9495
615
89
775940004
914440081
1233289583
58
925
465581787
9967
446238
3915130
467
1655721
890959
43
16
3
9715138
665223682
2881
3190
898
301351392
761744
210
395854
475
46482
196627
5747765153
9810
95097842
503418
8
47425964
6
621959391
9343407305
45034228
110436
359428310
2
22
91
7128
9920
26637772
4
939078947
5750860
92
5860
2113402
4651544878
3170
3265
2790098
3
43
886856769
2470469
3031086
9326586
7052386
156554
192
78
765
236571
82
2256817
312921009
3
92032441
60
87
78067662
1333
754910264
2949
936399050
96948
33848772
57312306
7124783463
2
59622
308149858
839789054
883839191
745350
17509
689683
8733
831220
52076
846836
5
5075806618
301994530
99798
656112211
81797
97
12965506
389253
33240
1
19893
952566
5721332947
2129802
44920199
86
581918115
2148181605
442507
74
66770
9448
21
998698
3
74
642693
2
535151264
6443726298
3569
8590822
6833020
7435
8974492
842
70
987730
42
949
785
28
367774
6198
1
7166
230
760560
161534
74155
84520513
45461927
9189778178
5752
1739
38437569
76090979
4851526214
47826245
24
297246
3639096777
32156730
2991271
55
423
6
2613832808
221182
2
4331
114550
4271312
9457998
8759789
1638
528956
771509
41119
43628
632
2048717255
793
8411875
470
8443618336
557
2
418
8505202414
665
9755
8
31346
7972911
796067
7002
9393
7973
1
62217230
773
355829972
8942338508
647164216
14615
89901
8819
5220876825
61647669
17
657553
460
9282
9
1739
8
2981307613
77
2324703
49107
428970
6277
4
33
16836
2196660888
7399309085
101319
7372
4387347361
5230353516
5735328451
322313554
126557334
804005
119805
37053633
413117737
299392532
44
3713204447
801983750
74831245
4323161189
58
4
79
6564237147
8112
81797
901536
9688928790
680154425
7
313
14674936
28829965
946
23651
2
240801575
76897
30262
2
9419597
953403891
7276449
930
42
38670
379
380
65108818
882377
374
9552
3862790
399041037
18219
9
6069
317972719
882
3627
18262
5184
9999
95364
517512
311508
95749442
4757566
594071
6527500375
366045954
5151
924285066
430
969
2677
941614986
2124135
3904030
2580
67279907
99
149880
6880370
72601908
349039884
36197389
63
8524070995
233261845
60
1261522744
926375
69
902191
792
33442
642853
4738163585
464
77
1951
6442832
38453119
27989532
804809280
5511
266725
3
20472129
134828946
9922
24708
562013671
18628738
41
51
527
9175
12995
753950856
258
27
8106233
7
2
1377006
3
6907983951
38
13755
15375
519684104
648930
3415981031
46807268
619
86341
5493
7125
6366
343191604
6466267
294739512
88
9525752
105203
7715978725
93446
1938441850
93873829
2289653
14
4608830
1572945669
2
2569015287
568144
8965
3980
14884
8040
18291731
2388527936
7512769
657923
19
305814941
2486325729
6035311984
5733
4
38
4031542017
218056975
4490714363
27350
226611966
6
863211
798
8804051
8959432158
49500
691160891
75
716
676
39
352862
8080350
2718269827
92210
82352942
847
633347005
78328732
824
855
90740
948
72
133730182
54
548573
11
9
865805
6
8552587960
60974341
1268240912
29
5
834859291
644507
532642
797092349
38
4528498546
455
86191207
6518
360263129
2414190252
116
1733233
552
8
6449748733
2301
1
9700982
786
680
9
19570
5263155486
73655
1015558025
4493490
663
7
4777175
66461
101190109
2281739
84
12852
211511548
810
6
9658792
9482832751
45
57262
5828855
3811149
876414
596
17500386
83921668
260300304
35
9124
6423948124
4751
32098
73
57
107
925210
8811
507862
8586883304
2192
26857
979648125
9663847496
514134425
8036234475
7442930
85060
134288079
7543844973
46
7765448119
9603
26
129118
225705
1014322904
43003
1
36813116
900218866
241747920
7257761
35535043
1561105679
75702
764783539
562
9120
12605
66000163
94730
5456390233
17679
1950
6392005
701
1429530
8667280
8384553
63
947
3
7747973464
3191416
1
406
25551
82313
345
2775
434
74679721
9472
8555084
31507
82759
573265215
9398185760
569
2594
519581
20724730
1845
5699
72
2
27880
37
86
711546202
99079
1215443363
61
65309751
9746
38040282
7039952
7394626494
415760
91217
5
48
485499
8280
414208
77
84892
5007
7187372770
707602
85283477
34562715
4789126372
267447580
48
624150242
5277685
7365384316
9420908221
635
1956
154
37
6194789464
93011
350
928
98299267
6
5
36
8531669
794
5
15
3252
737787
2764138093
32595
7417
1580991
15806
39499
88193740
8516
54
76
207398549
94021260
613
22485905
7
72531
86
24824
4
5436961
2786784418
70
16
5310273
809185
265739
7755007143
49
354
79961
98720
23
585471
968734
294472
83
1444288147
1318
93728022
18807632
9355332823
44158
21823327
41181
98712311
24
2
37
96326461
12
5278749349
6751846
300396556
24631
65126
156309599
26
8979101
663007
6164
399258113
163252738
522
85
2197718378
568740
49
6108849
252241078
5
14
603946
6142929331
398348996
4
439
8776526648
993655
12
29953219
4353
573865
916335016
2441
51
525226
3470401476
606587411
1900663
8
826014
341680
970534975
72612
346342542
99
47
9058353889
3372
38931136
758209
293939901
89413
943373
457654151
33693
2
757093532
3
7922554870
25479
1
657
52584
736700
82107
1
8355581
82
61
250129554
13432025
6195892
605096
9613047
715879467
4
704
47202
3
597697
102335
810
9816174890
437766517
586766204
6341
30639
7872238
931
246288405
3327
8771642
9127838
636480567
58106682
95100744
781
5078136462
2868725
66
4
479
15072
334
60
474
4582905134
4680791
145124
68
851194
5
6637261778
8
219542
692
93995
788000
9714567
7411046237
5978648
68
8029252695
6987
74988437
6159326916
8307830
2
92665
53706
510
423745268
44478609
66915461
394798564
9
335381109
365
2372
506
2952830
2877033
9
208254
392975
51
49039
31117342
7061985
410
319
9
4494
695419
3107885
5923411432
8780
772202
6
84384
585040697
5850
5536
4085086
619322772
6
616
8
6
2219255505
99
246
693327
6567261
50699820
70919
10056616
4749
96037
587175
4058759
2254
9
8319
166714660
735626890
656407709
904887949
12
12885
869284
992899
58140428
95297951
658969480
703
122216671
568061956
892
20129343
450762
89
62147
401
4326388162
74
8763940095
73
78199
8669217
466
7161186457
90080394
816880528
31
1
45053286
2684
4320974400
2
70977136
8403341405
3789
283158
308846716
25973
4
48902
3390072
46
7477230
2875
5867702044
3665288299
2291874344
30521
318549
303662
55
737053
5
2
301
8061
40772
36
20074040
1273782
260
5
96638
8566
1245498247
98258
7
15
68779
47
54555
49964
87
126131
19
7112188269
479
2
16
5
89435267
931530188
3193094193
3731608
499
2
52813416
7
12463996
1904111609
89
4834468
80741563
58924
4
9375485
400658735
5493
9206566263
535859
8916130045
30750
115
23177
23
1
1485507009
33884
6083
7543382
7529700
6689
4710734
68128
95496
6903
6
86823655
136
75
8997226
9207761433
502721501
5719
19486
51140
8292
1040
364154865
862
1742750
34
6580626
146708836
8771
3480068010
62139449
64241
67702938
882258574
224259
10801
254003
4
10
6254626203
5957865382
91926
8451367558
44079
839837
4
76
1569
960200367
6542180
122916
62
310786
6642
5
24092
4041724
8050204862
346
944954090
1764802
825220521
495
8627830696
3964540186
42242
512815
9456937
437
4543504871
733
7364970643
850772763
5903006
60
85176
23039
822
41924331
8
2
317
710678370
35037760
7147114297
5
7226520
2720
20184
982263
8657310
662514
168619
1115
255791
8
95
63252371
95096
4332422392
6602496777
4622897
3
12039
5
236548
550
8768
795087
874874
85
805564
81377198
3428595
3496
906489455
62399105
88483
78
80788
7964
44100
30355342
27
6
811601
76435507
383
807
755144
971280793
352947
1322
7332
191607
66
68734206
594110097
71580
546
1981148
751985315
69
564008621
486751368
3751952
195101
96
22956
1
3
82
3914231023
4496
82
4885
9
80
8
396106899
6
4554
760423
13216054
77797
99750
217
346067
6492055735
871
852
56717210
800
9
443
54395
9011965420
5637281976
32
6431
2193666
86713
430724
79525
5056
2157589606
82791982
28268
39005
4263101
9407106
4767416856
4200419
92556850
2086774642
5099
53
4303406
24640208
7761
92891
82519818
630253914
44763173
50632
7331205526
1014
2
7
40881912
6928605711
91599
157
701939
1088
565215504
71308341
68
440470
8173
687457
877
4665956
521
525779095
7090549288
348182
3
586757
2
9444546
8799831
11
9
8089459395
99290696
77546812
35302
18
429271
986402117
3747775225
9536247728
66345204
31118620
3494
35738819
76957257
7807
4493249
98
5266301
4557738649
9027
452574976
179
8
5
9025134175
5
9990145547
2850579397
6434344462
384595
4818
667212044
3738947
216734
5
9632692940
2970
700
999554
30628
8179
63229
4503222128
713946
98506
89
7906779960
838973
17717
23999456
1612847
629981247
4533104
8
991731
503157
6251558122
19
544469790
963834
24
88138
5941231169
9908329
378310
2853
70041731
7
950
39
37161
4777
2386479089
6981420
67123
811078
64708007
70381
8017135211
7184
61955896
181926072
55119
6
98
545798
21703207
444393
627497
48632
9
6466
6685530437
7629
1
662259
86803312
40
695977
56818
23080056
82
7
1908767
424359744
5531791813
8799127
89708
62554
71243
65483438
516986715
8
1
4451014584
552
549000
8974888
48599
4826
116672
737806
82894
8872947176
62947187
2654349813
17541
7060278
6086431004
9312
33323529
526
186685
4866877
684957360
598
5
2
3030660
3518496
9827166
5181849
1780348
42
4979
8888
80
63
590
481976
8211476924
9321
873404
81685
539582902
4695
6006
815202
23253
5269
8136706
677328
278
1158502987
579
195890174
476052
397262852
6596
2187626
761
657243596
144
94948
4777982
502975
1
297054188
485030943
6666839
8
1
24946
55384
68839370
5167
390503526
6090
759036245
128
8
2
390
328467274
653950413
465
708922643
563964
9900
836
72542589
1
92939
89057599
365
381105
29092663
53220
643649961
4467125436
83675
65655787
8287
1721647079
32
9
4741
77476142
252
89254
143268
917359
5
59
5057292994
991334
10
68
42234376
6
355018059
677
224074915
11351842
813
89583
7
8497038
86162426
21994448
21654663
99
780143
7961753349
38818
308952607
44
3358276872
664045
7016579956
76570059
85675
328524686
5579
6533886972
17329
376459112
960
3927339925
13412006
5070327
700219088
6
3093387312
9636317
9
86
6
2
3806898
834782
44654653
6829
26720844
9369
64588183
830971
2119925
3685014
935
60237356
8067029649
86772027
387153690
991
249025
8479474
6187
5570581053
267140
3948045958
4732766080
8993
14640
97545797
148
3883547
18
784117
783
27426548
1653
1689
95
8158543100
439178790
4388
99
5019
837
668489
4874451454
648
6534177542
81
826326468
38537
87844658
31
560729275
2416498297
460463700
7
72902337
48
778129830
37273298
79628
192
70549
93
113
163
661345
73
6
57895758
3246428
4823048
27
5089114
27816398
15
5
78906
9656436
31275098
669724
5757
64478611
8078699231
737
952738071
108701159
7305310321
88
428137
717
25301067
3027460
563
2
23014
114150809
2214210270
8630100
473
30495
67
300
7
300551056
6551306
878362559
70049
9358175
1
57810
59999
3982
175571452
1
622344655
27
8358129
6405
112
9
81763600
514
84123
92
79123922
873455493
3825
44286
867
9623690
3350625
47
68
55391
6215543792
33
75
593045
18045827
155063319
17
590884045
8
2747374121
9
4
17
29409860
39050
66421919
435133
783
22
498292
1
1512
64810075
5756541
757522421
2204088
7876643531
30296
5937258881
3
1014
7400172174
815
125789
662
79
168
888118067
304096
9980
9999088907
54
408
3426
2230
26931646
63
823074913
7184
23867319
8209936750
690496
72626
2687
6050657996
8373
547674680
411955984
1
71923692
362
3
34816368
5959354763
22
941
3920902153
487
6037831718
1
7022
19504
590574795
741345796
19257
2426
40
28
977312
374
356959790
368162217
6702460927
948891777
91
2
240715
87066
53492
7148
2336112
559486019
509
10083
55
299
8
1983
69
92218667
2787370
391
7077
3759665
233838523
4814154508
911318389
557
374
7273
2
5403200
5021
3728366019
92435
9
584
4
487649
861
490
5222245157
980
13
892
52025603
5968419213
685304
8
81649
61239
38380884
80
9677839382
21
231185
7848
2
85
7878350
161
862772
853
6981615
5679472
2
3142733380
86760
5701
457
97
4163433276
1774261
36
7815791112
9960129498
7
271389671
2230
20560014
5786637
8179
8311803
308564877
615
518491212
98343078
747896414
3
4792
21
456866407
83834
34135
193625216
79464
78481
1
88051899
781132231
715569
5995
6989286
4797697800
474207948
437306
8496141
1414
5784484
395598
28255644
46112
2927
4
126
22735
733
4936475083
31675
8886474687
748
84653
24376373
822851093
3532888986
94
3370199467
603543
5609450423
2716829051
235070
335
187914
43671845
65401
7
8
9201668
281
2778
5
257300
409
7143
547398352
8
822205
7682
5166
641518
508100
4
10034713
575230
76350466
6591275
68
6343206
207779091
92
5
378316208
6520451258
89788551
310
4679878506
10944002
2211595
248792
6020782342
923858179
4428300062
193427387
2433999
160
682351273
2710476
919
9
64
9
182539870
599864
971
47
991586801
9067359945
9653931799
9755
8537925
224295118
405
8428593
5209851
257593
288140
25324428
794
6934820
790
938472
507701
2
6838721
53040
2512
2830717122
2415890
243606562
3437
7657
3820661304
583491324
3246346
7627
386669
3
4299895
64915463
862
3194
3751177
7932105265
7859341079
832176
746126
988175526
94788
5
554639160
566350949
55
599
8550378344
1
3644102
4408744468
44
60724
3
7041
5217
87755058
3563687
821793847
6682257
988783419
538
7869054708
878
8791
76895068
55919
7454749294
1210
585495
8
648
525539
3
95276743
93
96
7
8582558665
29078
660182893
52344
41
5307421
8311338120
889095835
30054
990278660
7945
56214
19437842
6
49700
2
66849190
854
5
8809912
6483
391
525136775
7847
4346335
9994
7593934
6
527490934
330755
50
99
53
8147784708
275
580562
1
47865
9134762751
170
795160984
5381
3
433
92
206
64647670
7995
1899950033
50087
32030105
6
8344675
856310
54866
5149809304
5529
27720914
88988
50956367
7997
8055594983
36945092
9824453
73
243318
3337
5
4
22602749
622160
7537686
4450079
631538
45787990
653208
517286
689
488
99
50
1967535
88318
661798306
59
899129
62
5742858207
7
50566223
7863358591
6964769415
5485913
86
24365
1329381
1778
840954905
886
9
7311201509
8328
55
838902
50
3
1167798350
2576
596792586
764456835
60910900
57580976
7835
42683
91
1856613
445024794
712
6451
421867
9623
2556
57120640
30
38
2325
459662092
32683255
4
4756
13090662
84465225
241
2001068
658023438
7590417
48543
7528948
729
542732400
64716964
26
4755
781156765
19911376
3365000
364636042
3
4017
512136
587437
842175
32821
6852
391754
6057751
909524636
45948
59
67640257
54354158
56370492
67
71607377
4
90892
211
16705050
384635
854
714
7148874
6935
9150
3407405933
4031170553
89
3
441747495
863840
41331879
4334
173
6
5274549455
8051
8
8066016387
7
4156655516
8
6753783933
19
312301
33
535
5578
602008
46
8
37
38508620
1
3
45784
955516
33013690
981
4042625373
60
18685
7586
42407656
2
872
6977
965
466
9677025873
2
80121881
9640013001
220
73109
30442892
6834157271
4400580569
8993
4098654391
1
3075310
2
5
6150907
8564123364
162
4400405
314
40850953
7
2
6
917
497
954782672
748
250
269037033
276538469
67
751972
7645479
1124
9269996957
3
4431
3061
4523011486
63654
42
17
33
351703
237
731021
30191622
6
98189
7
8
9
92868
8942055850
8722
87622760
54066
3264305480
5359665566
3930586247
315762734
4633749
6
436344
510798
220236199
524167
4347
9892844861
6083178
5
262083369
585
668859317
3427
56
4013
52149791
21955
3457316738
6919515
569572330
47777
18474987
74246
40364810
8848851
2694264
1713516
7389
203011146
52481
3673009738
6
525
817430
65719
129
93407
21345
8
76106
144
8
6677570
265676541
1
3500751759
72003326
774813
564131
93
795947
7
1196643618
140873963
6835
45409
98264460
11481
9715532800
779976
7252723
133840
2
64022
157
788981419
915456
766
4982827919
54
4379765432
137830628
3567317
8844
6642
577
382777
19698934
78
49162
11793
2
125815868
9009
787568225
367555951
70622363
61362
35043
633629
8387997040
8899
1033
177458946
78787512
4
54612
41
882556
19303541
102512546
5743229915
132753438
1
14796273
6221
1983069830
4953668662
561154940
1103
513260400
62
296
29
4807972
1
10
829878
8084668765
9936
4
7440087
660582
77964
6545439
325
3580312228
37745
628
86
933
6
35
726
3185429193
5287681543
68069879
614
881
5110
455
6864491
3503744743
8
2
70119082
3679617
65335037
114031914
122334
5909291721
53
1554
432
50
9437
7014492
90448
1715672710
9524851934
40951157
982251109
83
6165
7477791
54674392
198223
550367
80793666
155547
4193910
1
3
561
356
643710325
822501
491
497576
9668313
66970240
8
436708259
63
7692410
7682867911
10728
1545
9945678
926529068
4037
6311
412605964
80
174366
5695691262
7
563
492437
2231
1
503820779
438033621
481922755
32073468
84
673363
1036717226
32
985542546
88065
863008042
7458548
35404793
1930198
6752652154
2561613132
93114839
96323924
27332
36439443
8692937926
47858
17636394
906847
6821176436
7921875777
77421954
151
612523894
46172
29312
5585
746
586
2912491
730142147
545300472
1800
1
8867
97874781
30168
92985849
274
89
85415
91275802
318
28534704
3087397
259324096
92998
349863
37
540541
90796729
89
48596
7423
570
121670686
8014468
8
7
5489240238
13605
23855419
4584579636
9
1
522207
20752
4269440
5905378478
6745808048
4863127
9810639095
8
76
859369817
4727
323
400192783
863692
123985443
108
48
16200582
29920
5048685
20
42546
498589
565252596
92632
207
5074109
8
16740197
796348
3948751187
6631
49251518
8607
2
6726557990
48
99
66455182
57103
5009402
13390623
15998228
1862777732
13046
229623
645
50060716
914558
57328175
968
82
377191073
9939215
273561
5838
626223
8969757
928763
659052
951
3077109
2941
7321
43
900101897
397515
90059372
4569943171
58944
73338707
12751
9281781
23098887
4155948370
632160
504634
86847
7899887973
83913
42
2079
584555650
271828
67
372
3
1583997
970672
82734
5290555287
776871
654069502
762161399
406828
135051529
2
20
783
964
395647076
245574
296
797
5367317470
353764592
3346
997143
176497
67755
819701650
44496426
5
754940
74928
555
3
548144
8687
2
256014
1
1
119
77739
995869
883812
635382381
9393
36
223
619
176
8933468
128294
3394230280
972
1643235
2245
2740024556
6521090123
9230
8914986
367361
8508
48
7545085129
71504
4732
251806
6304388297
9
6
723496166
3
6560
991206453
2511490
5994836651
9747952
4006
432
1682041905
91855
202032620
89711
70925
17337
961439924
397146422
1
11
18
565039
311
9460241
45
27
935
7790824
344168
332091109
7890333
897329
66
9199054304
6368
4240015
7
6448
63550257
9122286
8838826
858130
2543978
311418
86821076
108011
399178913
136
52
87
523
74526
4142
7349470466
151
460114
963853467
113
64782328
91034
355198
22380500
213
380821002
205339977
37
530940
499499756
8816063113
33
92721566
47028
77764
48887389
7810289676
501695308
4303
6442240
63760838
89
49
91
545781255
567893285
9561
25134
67566
31354
3954
1795
5
8
117616
2095
88
77601
783801
155791
210483
1900558
367332
174580
926321
1
7
86077
397
747895404
596596
235047536
76996609
85730896
138427
48
477
498710996
1
10596
756
33
3782291485
405798990
6
91800641
839
3980
44406505
4840
5179223764
2323421189
145789854
716884061
73216
828226478
71793766
77
13
35902
8072415526
202060
815
7039
4247763156
9621835
1556564
23381
4930890820
6324
3690291
373486
1317472985
582344199
767921369
74520
79549214
70
82014
3516
347738
80
9604327863
80832
6376449292
2
280987749
4426983981
325586
5363098
52676
1446
1
442149
758508615
2481919
51773
5616
6
31954600
8
42962
92712034
71
9
5689
11
38920313
9399
8523
353
12733320
9455801435
63750
8458381
6
5276
8
91576443
9666063
345003
63
2676
8824
31
815001
480115576
37395
86
983248505
151
72
727451762
19264
20470
5457215
41118333
89788
42
56996
995651
8669023208
9206
7
292
561835
240325
493736666
6143
543829933
30
55093
248507
912804822
768
1603037131
72
5894
2858
1
30
8169
54142662
216
8505455
92685
4230
146
80365980
5709535
446782727
280
297
738
4655165723
292682030
1741721
4680
9432
6
8631585
490387
1
39598669
489649848
9491
43
694
8712048907
2
7
6
11959
885547704
97166834
841
5812457
3558339
7756098171
62
9
813
3
143807
17503942
5
2870
4938
5
6306
9514119188
21026
84365
7453086
4030339
9227
45
64
16381
952
388499
57
47406
7976575
9
1
3
64047
72492
967819
60
8
206448406
537679
8
83788413
5
547453
78742908
6
90
1351
9377
5068599
480
25
743816026
592
55021543
6
7550
4
55640651
6
476327
1647737
370059380
71
30
8909576806
81
5921759176
79619
2
7
6
30076
101
367278635
22942522
2797
116306490
5241893
6952
5172
34906542
761
773
86293
3490018
390602
936900
93602902
83113
9489779
4892614211
6
5
454639
875
477
9662
2699945
1595
879268254
44480
81883
77959102
7698633804
147
23
153371246
16124
88
6356922
5
5
3265831
93054
42744803
9139196
82318
8940018237
5854253
9
9391
239019555
713984414
34539
5804624
60188791
1
45825215
314604
279439319
4044494
387641
477
98
3494568
5015
281
87
1314927049
3117
72253080
444
214427
769
7390805635
851
1593067707
9339372530
5822
281618
47984073
511301467
2505166
81026
176089
9
56623385
5197
322444400
6600
3618588031
99227529
1680550
4
1670636
1381973
86
52157
228093087
903
60069
60409255
3107700830
38676569
1059
5602828837
657936462
266
801729
2679
887441
92198
647
8686804
830527
854568
4597
998
699927038
14
3293391746
6506586
40185147
98667
85150575
80842923
54
176477
94349
676462429
94534
5824475320
21129399
5339
25
6386209236
90
4491
49760625
396982
6
38626
105502
2297772962
89
6207741
9596716
46505965
40
70855120
161
6012
7733
9264769
1
68
7240
6
9934575
5154
7671
2367964347
3683
8541207
582
674997
489360559
901
92629
6945071785
416687
97541585
248580
1878394675
396
459995042
19
1
3412568
280053
4
902
459
6850125470
651252
6214
84870325
95731018
369357
608530868
85007571
48390435
7773319103
665
8911
90909870
6770341
9060464
45203504
1373392
3491027
7483908863
1255
1431029269
9367
784
830574
7307000833
3966508595
87
982
7079
1624950425
39719
8820
6
8
3
8217244
499014839
9
2
1431169
928603
3897152
225341
8
2
8570344298
169401435
6334
450069
82198
9669836225
577405152
3
25671
95835
16749
816441924
89
1258067
662940
63
2385898537
2
717918539
2258107
4578087747
69
7
139
40958744
25902477
721111901
3562534
415329
45
67619
3696
73668036
56311
63
757
5164157
80
7169966
3830
6
61720
80
54287
5
6101081
3096984
917
600417986
2418691
198857
186303
292
11335
215301
856805361
61607401
899
6
9071
31650
74593473
275167
996
68
58259144
6650
2334817
4
7712438322
8
75429810
5331
809
7312
915
84042453
8412703
485219
164
5033
40417596
2104137
65438237
44252
23504603
4
4933
7
32989
8388611
165899895
2211954800
440836
9
528
634129600
4763013719
9413301652
2
58353
505
97
851455425
6
96867641
686703
749190335
341
339
892
396606
2709312
9
2837520
4542481
5718101326
86274522
8
6219
1942885
9642464
1509053
976347656
338889607
8677319
7871
8071
6400
74786954
2025324970
58813218
159101625
13948304
504
21
78953080
325
3559
32
14
6127482
236209992
107511625
78586
560
80
796262181
4720
289
28107061
345174677
6124
614273153
92043121
96178534
6222
98
958256
3489252811
258
50043
27698
97688701
552
17914324
67
1
106
15319
55078418
2829097
588
1940
70003
966
14
4408289
5378063736
8895604
796
28
28191634
9771979446
9871
9
3714468
607723650
894806102
5738961
5003450
50951568
21
17505787
181488727
5
1709
99066537
314
5234
5048510063
792622057
2
444
557742
759
26184680
112
61730
561807
938
15624
1106183588
879
5
99
370
102
9765
523
800
43411
72762
93218
5438
2533181
9139127734
28249
417
4219899383
75
25747970
296097
92508
9959
44
185887078
1007807
5679
6980793432
139
893415253
1
664
30056970
951384
29
34
15
427
690593
94
7248
867116
392370099
8177636574
667087047
636
31
1
49635
33924584
28756199
22585
9235303249
1377279
741
336885
1103440
12288588
7249
77474944
316
16831
6
31440
448921282
38243
616345
46
813
4621966
14951
38
817946847
8721
9293
18477
918743296
12089
3527
55
3253
2
9283347162
6894337816
325590
943848225
7486860070
54
29950
42762
51602099
9341425158
4436570391
9832
327965782
91
521924607
9722
234
9
913
69022
64
961650071
2913446
74810511
49206
89276
9341994
1388694917
735469437
877
2751
416944999
59
97
584511526
31608
37
6724641973
5
39650938
9
5317373602
88635226
45150
917579773
30
534
8706
7012476659
81
637820
98
1
89608
41997
5
708319
6
42
728326
344
425
75895546
2
582
44335052
702918169
9551
22
1299257046
89581154
40
691349126
73743
59042731
27813
385635149
7127793
64
9
992608722
3
95687651
10847
619360
85317
703470
85311800
11711
797689
43786
30690
597196
9716365723
8856
1
48085672
7092
64432
9904175
7790962226
8156902001
96324615
430138576
3708037346
86
21096729
2123573
70938866
3354
69
3655
28
72363211
5
49392996
506369
63356
21
99
1
226536
161
3053
15715230
1754741461
7
978023
6599
44
479916340
2
34
304
60417
8213206352
466
69
2928873
54175610
9598941931
75304111
840
203673
59
9
35303
396
999081
4187871
95213
719944
364
9786042
87
76913471
7
77956
350
83
445607190
2717901
1850088357
4889918985
88858
39185
65544753
2
20
344198
27
73
3066579745
5064
86512
782569723
61939
6269698174
288
6242588656
634052
2
1
44063147
66933847
13624677
1
3532
8
469315
568852
4753063
4
985211644
45274303
15
742225924
1757
28224089
9316823
210
8894031160
240166
449
2002
77972349
88893
5432584109
967753
11968546
7
72
91957
53465
26482
48094773
2
6
638229
2314
83863284
1091146
1092125
329811549
75149222
539408
977766
284
16
2643707
523793427
1
47
13
18
2084
7510437
372062
850326404
6667569
94
628252347
4503
4
2246
515
9599769
906
74459122
6701
54
45517
58
61474704
149054762
227913
33784
2
8323137
1372971129
3739
62300280
793138449
2
43
23
975
949
5849620
7813
46645
42041
76727744
13
7549429200
401
61410
78011
2627
581839730
255
19605537
48
986008
69
900
2
7954623255
3
30567987
353461021
74388
365176980
759266306
629748
6718922017
384010255
623
78087
404
31108
91274527
5880153908
599988680
79587581
101
14
45032679
6610438837
31
85910
7
510
518
57700
5840
13458365
1
25
1330
45342010
506742
988809
4003961
8300582
73
2372
48131468
10909
128
3261704
35717910
8294048
6697
143922
1488228891
668514
57405046
3367260661
90783162
526
4214665533
3
1
6824872
1000
25904
824072961
11144
185
5427736155
6877
84
8302268409
32300576
5386845
5749
6
3986
626
49443746
261405
76958372
96920
493
5465057036
301
857548
6783057
42
476
6
733733467
785
7
4792877
3
28
60177091
9
616
12138
684
898363330
609698321
2535
286696112
73756077
9081084791
41946
559727
19849224
973088178
48007
361903
233
725728803
14264958
8730173967
239730
31
870015
16196
7943063
235
76
273
7
4264
282
3
268361
265206
15157771
1119522
82
9
972491
9164394
919467
6063546208
291906981
21
2516019
347039782
468
82
8568575096
4953976
52473142
38065
3317425266
3906
7138394140
1048863677
36581
370158448
4414011962
123
11011
8
93276601
1366
9015585652
92370
543
689684
206661744
83
1
872
53880502
358407967
99600
1395237504
26999
4870
838837
5
89
2652441449
40398500
338
44888978
562
71215628
8770474033
9
7795221
9730
569650
364
8080380188
19493
6684016
4285429098
448408
65
64
608752735
94
97988
9
6232759
6981341587
1621167
85062
969916
6746020
46886152
93909
84846208
7822312996
438636
909
99
1655
4910675271
2340679531
953
575230
3
85357546
710463
27
7
3324153
789
856520574
1836251605
67581
1970
1786
9
22740
8477996154
3744
429703868
635
388
2662519
83336
679
6
682394510
689
2
62
95241314
1966283075
274707538
79
242
7044160
5
7110256
6178
9
7932
24
3
16014911
72796726
885645
67
5499074
65485383
41930740
24
1821179
63
7689
279
25473959
7897
28091
815
764301
90122
275837135
7
5
6265051
542178
5548705576
1465434579
19255474
4578
1612541845
4660636
127761
539
6266383741
88568371
26509
536
467
32
9670
350075243
4069604833
934
213441689
608086
352793
744
2842191922
99693
12412967
7142443262
168307036
508
43
21
8063
3252141324
5761803894
759725364
5548141267
8381263556
86686
99898
52482018
196919316
8985167
8643048
31410
12587
30426
77664361
36220331
87110792
59
4259942
605
44
9595
248
56725310
161259787
338113
65464165
82356754
4219465
4852550
6568276982
24079
8354
438034
1463688261
9
17902891
2987476662
8068661035
88
816720
3
6
74
5346405822
741
436
644310519
8
1834742
4859
476
804517637
8367583
2301093
89
9
602703597
56
940016954
930
5
990
46929466
1163437647
47863
7783
7020570628
65355809
7552012053
55
9
3717
1
6435425487
390874
95
12
778816
21547628
7311448
3954892809
7941136
347
585663
7668259
9
1606
93418138
23345292
452
6803960679
6646
290199
2827220
481677350
8844
35696583
75
90483
364585
7651868323
6738023924
754928
230578
7885569
922
9088437
73276779
5
8431689
7972513
7
91198
2879970181
17
492668
58980691
24090886
954768
4749932
2762257
22366177
530374468
869853
837225
650
8254169
47
2
652586721
5561
3
79710968
2619296
94
8
381536
63749406
7861181677
202
26492
6985667972
7649337
9142
862556256
81926
9
1
9272
4966098
14207
81
7838088
5
83006
4
4783303
66149141
753036110
6
124237974
8404139274
5438771410
29
4465
222
4814282617
568
889
45
40
3
898743181
416845003
4056
26483
2254014570
5
98
22
4
19551261
9708022798
92619609
42481947
810
53856
90
504839
505
109089
786
459960432
3980
65830842
8
1
638337676
658
2431090
1
273
84548224
33269
2335919
596724
1
8478
619
74891318
1800
2975887237
8715
8930
95037
101
493856194
1606297685
61603157
15
677
256
8727024
43950
2456396081
38499326
33
5443
4315775
383307
981512
2
9
44
139
8375501367
88865517
63089850
4
25286532
4
617
614337
1357409271
1
68
966412
7427710702
56
58
5525166767
975399
60790
2564
9522047547
3859297604
1930
9560660
67256
530982
35558990
9701652364
9452761
70708
2865
4112797279
9
27790005
9078533
12
486
330596701
6463
79308
5262257
46
4409401226
25259
4105611465
7050494010
8051
5180
26
2
79045
8169
701
8573
7194298955
756637
49618
73928425
3057810
186984
242313
954371615
695606
4
877
49129
8270
2518
582189136
292347
208979
280
702
9863594950
966719
13139692
2748
8149
1538
70630151
16511
350711
235824783
9418404769
2
2092775679
77431955
112
8700
5794930
2831
12
6
9598003234
4901
859
2
4
96193
2
83855
20792
26952484
85
25
2
33
53416783
504
4
75250
36749
8399
110970
1853761
982242
578
58550
2081
23583801
80
455244692
7118
9423
72
3
648128533
5918452602
68616409
2456264
591813779
6
623849059
645105989
67901
670097
675
140587
26569
7447196134
4793085726
55159620
6237
3587877696
670977331
2494
315
899
1350
785903
44307
1344
7083812
70983
983086
394865333
4901062265
69734502
10562
27549
471
811
34924
695853494
7128
83
77569
742
459526929
9600551692
9893
3649127
456742988
442181999
85
308335811
40427506
1158674117
449628934
842179198
66
95772154
604477664
7
99155
267
76153
830
121
662
46
590
750
104380789
76
799
967724781
62
3372349
3
243
3091589
9763
6231812573
330
1937110
5169510623
427
913
16518273
1580238265
511577
6841
7449
8785
976749
54908864
93955
675
95013761
335
979
565716635
57778807
76469
70632
110215
825
452219
155978161
940
6415126
94
597683
70520534
6
63601
97699537
694523718
695942869
766493327
68938
48
2
62679632
813155
714665596
1897965
3
81559710
623020950
120363786
30125
7
72598617
381
8996456175
14691
82941314
37882338
858
1519482
12
712860
54192
6147
7266020
8
72
810
159584884
150
7120105
79603
25773071
5937913
32596
3334382
832984
88837835
3
5497
2
396313
386
30548
6603526
5423094470
8301827248
40
793546
964
79
787360
2378850
39690792
14
62
1607
4024116591
74448791
101
2293003
1135041243
33763
4
34453
6
48981
349496362
220198658
5768885
7
6302
5556650168
902744140
142677
59602
533908047
445767768
68
2453
3890638
4291256
425
26
71
8357268
898
77829067
23
598
1623
106208701
6623
6
563
628
91832
745178
86992
2706738422
87
5
5
54012159
217917
2432961
2779
6
31729059
7229196897
476840586
826111
40101
636550193
59015
5295620803
9721
3569179
92
6219779
3396399364
36350
8398943649
45611
9601826
277608074
30707658
5981
7615241
39
717110345
254860038
7721626110
18
441
816
6
8857320088
34
11
643778
14844995
8
54466596
800
326034888
8795016237
687
499397420
682
22716
4931414929
816
560177842
634
20728861
823653194
374777793
4417922342
846837
4854
14636
68070365
7741878
5969618176
4699798210
13
5789398
37
4
67107
7556642
131918234
96
9204704
8656985
378085
1
640166150
733059
60424309
6
8291145
54018
55384
868
78906
27
522
269485968
155
6286
118
179
52509647
7692
401
705
439897084
8
3611509813
6120
770991351
78
44445
1512915
1
3228442
94426772
7
9594
203726603
71
8
76
616
92192475
210
668538778
2566210
623708
6998
848
6991
3603
39
27473867
421
4672496
50462
8493787
35337260
64884605
26687
15
56
7
342
62331
114774
606
5244
3700322240
7900413
44872142
334
13474
395
9
18
8177299943
5
5992370972
594
559863997
975117
8587628
3
515
9
371955
82
4619
559791
838
5754
677
982226255
8
55898
97035
13964984
802
1178347650
68
6683250244
578
8727868132
183076272
28820139
94757
61
5859445
4064871059
560428082
1
5171
36593
207276134
7
7645704
600
9035
989129892
5770763034
608094
24
861202
6596
4987665
2297
71
35667
585531005
1
1505154
18991
87069690
4881
6
8743948
27876
19515
5454562
620515823
6823669
99172
7062512125
13019
5288962768
4
5629
150802132
2
711870704
349298
1423
59935
20
981232
690
63622009
439232
44460
336586949
23695
21835780
1
4
815213960
485252243
88416
9145336
9
1714
9252
49155
9
893
50
435013884
98
31832627
58859
4262974497
3667061
1673427
34281818
58
319191
19632302
5351931276
68281941
7488129
5915
941936060
9710
461749599
2
1973
927747
238243
5810
209176
91467746
6004
21839483
94818519
3861201736
399
42345
85777923
3778
98390000
825407
9
86221898
9
97
44314
80673834
3
1134985
2695346
47662
6541
761
33613
199
669
857
403
12835384
378
3348282
795
64380162
917
956113030
94617
16016
22440
37843
460190396
9
55776018
2
1645462
4165
15
835423
9
43169
3440665162
9428932
72090857
9213669
8072622
8983618778
5652247333
54762
6
26985969
5518983126
977886886
396
866965
78171246
457
52075155
3
4
879
31030
549146981
14313
19
8379957034
310270
7
696
193
621145
114376860
451
2058
571393616
107956
35081353
3962882553
19761
297
34492
8
76308611
35801
85
6484
1057726
9913764
96575671
44
93746595
2670304470
467994163
1527608
124
296
522790
5408891
7609344889
9
57
6
4084656
538886397
94
8
34328
984830359
9810552
6959444859
202365359
9
9
85
1154570251
5
9
45
4038
371442821
86117
874223
225
1021
366975
4326
6
58
87452167
37
5393320143
77932337
633408
901919
4504
359
94342043
5140
31
25435860
9673201760
12459
59797554
4926513
917
3
9884721567
2466413840
6127
747238399
61739
6507424
952387
78544518
54
56266672
70
4876
6188
4178028
2
9
6598666
7525174
326004
5197
79
879602
9825
87
605090525
32
35
208139
8
3350
97002290
1243336
4731555
642855
58094430
19216947
39706630
588119
31324
9838176
69306
283478176
2
9746791862
52
7
84974
832495954
303990478
36061
6637457940
2771947
5859
79
1052581
3187027104
7793
9324938
12507
6669057615
72326169
54552
7
6
1289621
396797262
2750112276
10957432
9566
513340316
193668
465859
244393
98884
49539
793016
6556883
4074
1830
453231
5057412472
9
33
45588822
3994538
102421
88
5827
3677643437
9649590847
7662039335
29532
925890
74
21086
246301
8411035
91
5540377766
1089
150673224
620364
5739882
25
5326811759
85
738
853038
13
93402
6803636171
72000
5554472023
574388
90
6302973506
454
53818
68863
1408187
6032801362
762
642123986
22
6417073352
186067880
7
8107
76587
13688
42989078
632405
4
3985635176
70014
78068
66902
91
776826
7076727
8854
255110
10759396
465739
18534
762903
487948
93660019
1256810
809
596575
4674
798421401
58
9747384749
58803673
94479650
7766037
9
52693876
7469204789
13364998
60311
72466
38185
762042
62
1338891
7544049
3435798634
505061325
779
1
12582
33
2990
97744251
8
2664790455
484255
737618714
5547
9763865984
21545558
142591772
2
191
43
1149
51
56496
1856749890
83456038
928
8
6
4468
65922
87046
8
9
4939774
7754413629
919020763
4614963953
7095
697260
5181903973
7683
2637
1112554
8
95792
4067594995
4068273
72341
556129
397347123
577004681
1825417
164
8
2930391
46
17957093
9210185983
77
3
4389
8683
5
73255
9084
5478829
843
6
58
997092330
88540391
3527997
492746
7
80384
386019317
660126
419
6039738149
3
56
88989518
885860
180496090
976671
59161227
8
6139
2
5
5
14664
4674072
2
48945543
486765889
70056146
572
632
30697712
325387
99
1
72
923
86054
233611072
8
23685
9041278613
862506602
96654090
300135558
150466
5
2
133724
7810
4481321
4
454
6
394327
982390097
95260
688
33
2108809837
8899889
75
99605205
6757441
99
7
437
429370627
9
8744234389
53936
4
3
65489
857
15
27
51679056
66630818
1
90187051
1
2322451
51985333
394562377
8
9455817
827043769
4
469
2173027653
1366960880
991066
99803223
450286680
16
24
235470833
25
30629
942334920
6818
39
741025
52
7
589
2431524271
141090526
3958921
10
646
790354209
230270
7864948
4567
13721
5829850
726963516
5646
77912
673
704902969
5201499
8504856120
88705
975
138038137
8
1
1096190723
94036461
1707
3221398
1075527676
7251056083
2
3201
79
7
202
159555264
1
32009
2691441962
902736863
1
743
7050130528
656438708
6
14902
25
7647086906
6000
611
5165152
340497227
7451224380
198
3597740097
513242759
6884146453
9368586396
1747706968
97
8297
9349623052
3
39224010
242299
397868668
49812898
8732818817
706
74012579
677202
7561
8138548
9508
38913
4
13
770
45024441
86039918
185710
81315
9
512865
859484
9286425401
80
7849
912696
976630
96
123737746
319487
47799195
5752
26
32
39909
2159933
8313539
171914
590
89793557
1201
77
91305767
375534
256385104
9933325356
10
673
822525336
916529066
7217
37516
93826
36596
60969
774793778
29270572
74742
522
42374380
522583
445405445
3
69
29477561
317702
9
2444938
831
778129990
71365
5
9953
15902
7661584
827
1185352
866
2679292057
5883569
819580
16
6803621
309
13998036
7734850306
3177344
825485415
6601571918
55
2095790296
8
95
22
96
4
63170079
7
74
25600
40383570
336758
8742
21078029
531
496
9747268894
10
990827
36
782912478
976214
37
7
8
795992
6254741734
6039525
85905
5300122298
3713074
487665
938082
9467314
1473157843
958
8
22
696
419
92224801
4
119164171
56460
9064769
7406658
1
9659010
28
5526
1486182413
9753
1642
696509137
243969
72421059
3714
72634
548
2080429906
7386353
79072683
138
9
654141
734732
79
24928073
1042926080
776546530
363450722
7678968
9829
1
71
278
94676
46007
7126963160
33306
9982
74638916
8625
6644430234
9761
9
55965
68916946
1615
656259
75106
287
89385915
210407
343
723
577103
432853
6
758273
8
537758562
131271
7
269114
73
232565167
768993
153733
5958324534
291063540
302948
8220985
4027
6
71755
53032972
5451297687
26325909
84
6978756
1
53776478
999
35198069
27753
30707
5
5165
14596
9
1
954945
4969
149861221
9
97873154
63861432
71186942
4549320181
724856
1
90881535
799511
71
83
880826898
16
867
788998434
9
23766427
650376
1105
660635
4
5
345
90383615
9844560988
509949
168209
475
7267
1304709
9823552
73
71324426
18995
911502
45540
893766
40340
94
8435124
40396312
909
9872969534
1329005
39
744832722
3487437398
21
2808
97
5985
54760
54
487722961
38923268
247828901
181709
2056460
8474884186
8830535828
773343
3308304155
2
3
343170646
36318
3
82471
340160
53816756
9605154
54
9097055874
534976
72825213
2
967641679
84292
909836052
65
8558209
6313968
663
40587924
4987960885
36470326
909440316
700625775
1767968851
5651100
7399462
4560
5836
481
356
8178339486
825001
369317413
78137
14580909
308496
35604461
3315837883
45090
29736
2263
60164
9675455
954
49005167
94
249666
910357620
873517
637
5699
12857590
105601967
4054944
5
2834048
3561
535962
9
1
64034325
40
64
558639200
33
19
2173
471101842
76164089
51800
9886369
923
93
446947
1498836
5
94283072
9
398
7358871688
108073
960
4
399132649
90
5465740
1106
60648375
45802364
4324671435
932
9679
9012889
675745
666370
293627786
7
180367
7174942299
14344
4225471
5
964443
555418
5
99086
783200791
2
269
9184323052
7300974114
4028092
33926
6787
704900
34321
6658
5642
5104953
8244954742
1273
10329056
70155108
55457
811
833365962
76
18
8391
2492801256
6192518
9317686214
7711345
2044
21934
302235116
207
23139
6037362
33215
52
302
217730
4791954
5
523673
260
2134
9820101
2999074043
1506
292469114
6268
54
7977953113
195022678
167027
768026
15916453
488
62133
7
7
352206482
9575
880431
6934330
16518029
2974908
33
3589928
8300
3463
599892
40832330
7
51
4649
81302
37450006
5478635462
7637615144
26091
8
4
1291724668
2157
16495
986
25020
8018676
345
7322229924
652606873
6421
385247
389
98
41964
1
528687470
12791
56
18
91
71875523
647
4102764414
5
3420505
340972889
4876997308
835
68
6731
88
2
28
8648
65661
1578
5892787332
47616614
30858
40269349
1
6568
216966
602
92640330
60688412
660069704
1377
890324
74
103823982
73014
64688
89
67064
1
47428
72942171
11
2412
168172530
8704
142544
59760
680231026
40524
15772
55264
942
62
77245445
6395722620
1658346981
7123751
66
7114
231903971
429
11368432
9767322562
575530
9754965
83172480
288408
3890088
4976350191
24
113
9
7
73
154663963
9961531000
21861821
2012
842
972225119
349865
381718715
7301
8887
2505917
6382594
27
1971
1191941445
766185407
5
816871518
957908822
4427
923249493
4921670
9362775031
741809504
4167983
9126
4143506
5187231389
50
305
669004
40233107
657
922147
3212626962
3
98
617593718
4080265311
4258
6
63519017
613112
16359
1609
4195547558
65
57586
482338718
4511376136
9199
20558446
843960404
8060588
8
32847772
706
5
515
2836
3
1528734
37721709
8461
9514201
47
66065871
177899234
9
950
235837
66402
8366
9
243011242
9372
94
748017490
961313
4
8
86264600
7055562
1310
26325059
9
9147709907
788416154
734804216
8042503457
7549
41773
7
2961573
7985379
233
655
4
9933
7003529539
767373289
9
481
3269275
99554
4
275365031
52780838
6020529398
379903509
82
337
3789958
586
8888626
4436667223
945
231960894
1917
37986077
189864
6543337190
55
500115
82350
68054295
3548945
15970
875
75958914
14391315
437059179
6687
6356
870859
98
762
5468473
60727
45471
6
5091764357
756748617
452
894821373
94
1532312
7091048
1176017352
6638
16654423
9877653
84836
592
2144198251
58706
3372333503
2645
97580208
629952764
500674
32660920
9
9367
834378
4
68
5
2409686970
93459
607190688
2268150
13010
7269149
6145
132
8
41
6473511
89264
8153
61
855911
5751151
91879
44
17
18
480911448
83887
24838
22970756
44676291
285779016
7
3
339320
9
5
432812
6198151
37242
44603
9
76
7191812236
4071277422
6
6778
284592612
521493605
8795
680294
3495270605
332
857743227
5725756
4955563701
718577406
53540
571088614
1285
20559852
6966
4846663
4995878
5346440
83501870
787731
63
76006
946104026
2402664
79596464
5978355
199352
563020013
42
2801
6
70223372
32267353
44
50836
4
577104
784093
35
177745904
6503
802953
537107
678043204
6
66638
1708
7566357
298700
54752422
8520836
8
4766166
1480
774
8156255244
818705759
3081
814
2214362619
366431
89295105
8957218434
70345
823960795
99
1744005839
7
695
3808506
5347883
101943783
70086060
7200618280
637833
571317566
401907
1447300
786
167311
879963
96568
3
4789052340
4415
3
602245
25049
300
12
9710868
6
924412
7014869445
19
9660405231
105033198
35362
2
7785
865
254913413
499973
6823
27409141
4482203
304250
64480
84626561
99418
3
46096431
238
2490023
523003281
563
23760363
82588
7691995
98331
4702
897536
8107608187
4554435
409224
67
26
5447909542
9233
5530
52
16721232
6
18943
663836242
941620974
11846244
9095
4092636795
3503334
76291
9
90278
85
63
3
82186
8
83072918
64159723
581036
80042
12052038
858659391
397920
6429883175
6037757
5788751
973544960
276
6
7992351152
62792
752871267
5
6903524140
5142783
73
973275495
10257
512
41818325
9590
9
524551
983
156
8014499
4
88571
931736
484735288
56
296262107
351240838
4862
47
373118154
14
245335
1337
20
9972609410
2065
8839
89
1896032107
63122629
7432
7108331615
1216841
33
75
83
24130
68617
42435465
4697513
20
638811364
382439288
3604591555
1875838
405
27595553
815
707
4
700849
9612456101
30321
167513043
833525
55644034
5057469
4564135861
2365373
6580015
233331
921
507
355426739
88193490
1912727983
8084707
411
81434
89
24
40
687238
4890
9566
58214
12749
949239187
366762013
574847143
1642250207
29037
415521273
60991
997283
8
24107
56063
44
1006677246
9678
9230
341
88666
18056
746
84929789
9
83200711
14746193
7481
6353349800
576906
8883314773
370
51
540887
192
1
46524987
91203
2930704510
750
7
8
65
91
8784972024
45869279
9
1279302
141
509390139
3007311341
2838
29
82
5588685841
53755386
86701
57800
250233
8427479318
797
7070897578
7627299929
5
67
869238
7
189
994513
931530505
67
39
5035520
9337407
3520116
311
86358140
703219374
79
84172632
8
5
917
57
4481740
8
28105560
183309362
5863640
7027
25282
2953984
859184
8504554332
945
9032
8094586
919586
9413
4
28
4576684
652679480
8
5785916
299
6
7220182
1466304467
1988
87620814
1110302376
5303148722
847280
15
88
68358
294110287
2859
31
3438535630
606
7
6897
276392
125154
934035
9694064
955434
482
2883
1
97760
3787813
3
7021114
659763
3223635
707352360
14926
2874239
21542
7
305034246
43690311
3
3
2763
71
7981824
1897
1386489
1793123
36401345
23135448
7307
2565416183
56363879
5819651673
55
7799914516
5018021478
642368
38902235
538556
75
38617888
927
7925759863
3
87
5
5358377
35
5164
213
73628464
9124
787972989
283581630
437773944
4020
5
754187
358
5376
5284
159494326
9225554
1269983534
825933407
101
578960
202
9860
162
7105062664
9
8332857
5794
30
703
57297
156405670
84
57
856595
9
565394
10
199053684
9
583009567
55730388
396035944
87
553538595
5299186187
7
549499
6679390
78
411189
26588
254
9
75486179
71197
58927
356574929
46950
7231018305
89502
90
8541743
844512976
449865
371
4590
330898894
970280
681
91
9101
972850
741502
4046340576
8179125081
10158
25
98386
4340389
80
4938314
45685
692955
624136
6822471
30343
1076420936
4306138000
63235
5632993411
23
3776963
441627344
7748575371
99
5
86388
2710756904
71
66
931274946
812012121
897201
2437
534557365
3912
7
9924996555
158554
37
4981363698
9
42
578
7
1453109
118
56
6552698562
2345738172
8479406
3074122
89
2
574482479
251
896
965
7453
39515585
1882433
952499
6547048
908
48
858105
58
355
11389
147763
2986921
6916
79
216
74245830
53370
958747431
138259
91353
965515862
76294
44474
4308
7
13273418
5709905869
391737342
845771426
93452139
316472767
501
3565275213
819048
2
594443
956893275
46938221
3853760
363
8115
7139561742
177
476311956
675132916
8540
82288015
34
498
140
73
24861637
68027959
1
43205
6
93515549
8604
46809563
9776995
43726
512
793981270
151123097
5199993
676941
82
606944
28010292
252349597
9221165173
66698463
4214
323
49902129
502
5
76469787
739704900
4
345206851
97
2
2975509675
2740
40680435
7
254
294648111
3306
3716103
194248
33
56900
5314535374
7875
2384
1
1102277
22474760
79
68313
786
85
1
187779
303736
326
30
566345129
18
7966
88
276
39369
3773010941
38
229
32426
313678
7866344924
182177505
977
44
526
607421
74133913
9022905565
951392
97
8993015960
423675201
68174655
89
3437
2507613
3
2520786
316795
798
32162782
41068295
7433406
704712743
5448948591
499
9
61103066
529443
6
43602
7
5
3518
3
372015
772699663
6
888266755
59454094
4
264
3386
477
3361307561
92
9
4049285145
4
343083
318057601
9427
264410620
520
91850
12070444
18577937
4080561970
848598691
4503
3379
379
95123
3
19757517
30934333
2
34094665
84
68984395
7752802100
477776
9489
6044
736169475
30
1625155
8678074331
8
61
6446
31092
7
1874989526
9312908846
690
6
61
31762354
725816
4
9021609
80601892
202530649
7950107
8364600
109077
54
2591
775416093
77
7
3130
85521116
84
904244
80056857
38
9
9130954553
32823612
62308417
993386
3619554384
5160868665
1
543
85381
62
73856
6136379
53
348454294
186061
47881
40387
566
78742378
32
3
82584
61860136
3780
147
4
23488
8527
8550598
8680
334
4426002
4485
804
497570
9401472
8965564286
26229
856
335212180
381
5775575561
1216955980
373682
2051887
826211178
8844
44284
4636657100
6432259
904809078
269904
221
1006484857
723276379
1
216
61758790
138253354
47853334
848169
7
51
16395481
800056981
132184831
7771
473765
45
62083340
7980613
168240
267
1352
281447261
676691
24213400
71775
8
4921115066
7390
280
9495148915
28215
54585713
11483
785206
1845063313
9801223973
66380764
8394772
24
79
4
7288
9451857481
1141154286
91
9188
73368
515995258
96396149
7551423648
549407
3535518554
938606693
39581858
6
3226947
134
3359
413356
357619448
81053117
79176140
6440
558
1
726573713
469902881
23310653
1950549886
5
6535
8
8053642
1
52
7800916584
519975
57073898
73488497
700670
670
2179298576
23
35
36
46
25550
9
11
2285740715
2006
13
604
22777347
245865
98415
833960
9406312
95356743
8343
8
4889597655
8
25425
5014
887017
8
2
860
3782311466
1
8849755
7
7
79030924
756863
94615471
1
25
9459636
48
85133923
90033
5
64366
585
2
4
5442
140
68736908
81123470
60
7
1710
25224780
94159
2
4
211
38701
59777
8221712315
20877469
1139
808976
92893555
854075
867144009
61245466
30635
439536
4834677393
1
5910
970390
306104
876
555746226
464
85407
5794255910
62656
41063435
81813
1760413
731464869
7649243260
85365195
70
75019980
995
6
32
783
1
8473
7492531
25818907
8558189028
66675018
3774
45121
8484303
2
362299325
66
6730069
88147300
55256
4
368913945
348279
86678006
81
44
8456580
579
833717
924
17
3
1792259
43
72344444
23277424
8015563
9
47
7897112
611048
9871791881
48
7540591478
2
50
51767
84027726
27571609
530
91
32
5297525350
64853
78028
639476630
621
441043510
6736730
2779
37
267128
10110454
461299448
682271
791110
89
8813081518
840350
5096001
179362639
5480
7106229
5240
18950536
81
23796
22069491
2779491
919684
48
1600937546
573012
55
3
580745
8592
82755184
97849
8734
65
3
53454
22727839
8246
238
8868914
9596259
2094109
488249371
38801990
5092613
73112
2491
8
2113544438
7263
60599
3
67
5917404
4842991
6249009
736
36
73595195
84270569
201
93756
6357248
6
69387
55
73
78484660
883
602785497
757
65629
5
45
9616248
3
5
6636
161202
8659824
6515
8419051714
982
74
30911
47006472
722
763834356
2107217
5789505
50497948
3
6
95680528
3694
714118
3031912680
6996
47747777
479
8153762
90
9
11
505
67
99540871
49843019
317
2
5495411313
8
1754194
88990826
22
6502477383
4941091
7
410
7582773604
1186614002
1658862127
540
29915854
743034100
1193708
45
3
5435
713367505
2022
59277882
4
43
4579
10877
1
75
1572577747
8908
425120728
167813
8978161033
18964
58020
55904422
6547019105
1282
281895
545679618
772536638
13650
947
598
81730
88921
70471
659971556
40316
23565
961600
2428229183
4935
5357627
7797
40201
6602827
89
62961
4
30127
6269682819
8
3770
48431826
260
53
50
86
241894110
2152
861518311
14
5941755258
6123
8
76538
9272
23443
917
36739
233498
696254
8199998
19207
65
9601892124
6
495
7190
4502
36856887
50
626586
20640084
70339705
87808
51147
85578930
8138556725
701229
7956
80908046
4533243399
595492016
7008
3341323
6543078
882552
818061724
7967
5
11
4363790686
75
40898103
6402314
2
8181349
7102501031
431610
76103
3
5752415
95
3546518
6
834056815
66595
6
500
5
57008699
1507245389
51
71194
38002882
253646959
57652397
23
87
686878
64982
2704627530
24
69
5711
646475
87
82
4290755
15044640
94080
3429114
818995203
1740
19
675020856
17156493
672
20
970790244
5587582
5909
6241363633
57788
7388184
1305493553
325829
3840
865
33517028
5009047
61227
67915518
9
9954961349
998
24
78119
43139444
7666
581780225
9
8098385322
2382609
254301
215940739
495098
8422476477
596578
7492204294
608
94
3196345
9865255104
4487
2364713156
366817
822948562
72681437
61
9
48319
92637558
851595366
31881697
9
940691215
8015
3305680
7694
322443
557907
273115
1334057321
489376324
6250207148
9557
1027334047
533
375411
1
9
3298879
144186
9
634156
2603023
6
9
618725
65309
19773
9
1379
88818
61
282
945510
3289
41
235176
45
50692271
8546528938
225874
372566802
13
932
76
8603
3336471297
1136469527
22525996
6
4560557
332
80863778
6207629990
46
9247347
57486
7054448543
2
616849
10657
301173713
6624
441155
7569
9448649
910288330
19835259
5274
471771
295886
93581658
2256968781
867199380
7899123
29663227
973769
31
23183316
933
55788137
661874
540
96
410600398
75461614
42035
3
5
572371
707720106
1080
8882277496
554790650
829
33552
51083
790159518
111
4
6
8986381
3063473
8349682
3550200656
684
983104
5
1854479
20
85980717
67502
11
420333
1862398967
89199369
3291
8
49
96395490
89731
3324
611061781
9
4
975513
5436
6960432
127725
6714788287
5567297333
263
69
80
790
106662
903102377
8558253881
835
62140862
7
1289372
1
765
985630039
9
6435148104
820550
89248
6191132528
3882
8
5814999
78
461034
5692
36
1252852293
83858
94507974
1
30
936832057
441620
492
2
921
9429497
5131335
7114306
88100946
1
32
24437
1463
10
7050575
405433824
9
300405
1
16028664
16885365
8552
3215418
80904
3
369227624
5650973098
740
145738652
98131313
580
68
7103276
40395262
696451
75767112
1670034465
3794290
7165338677
1
83219667
630367
313349848
9
7
401208
49640640
9130188088
87130471
978569803
84
5542119
8
6135
7709306
65586661
9
99572104
67979795
241277491
9839
77
271
4385447
1315364
846
448
73537825
13
27
111777212
2
91649
29610033
25835
7048
5684257
298986
984543
22
96776065
609147
45176
7241
73288729
7
38
4
3089803
5
789
97814750
387297
8944001
7766
36
508050051
3079
6576612
56
7514060470
51
96583459
3319098209
75
857
808314
7754210157
554214957
234250963
7644545821
9
626
2363
2726
1
8
9
26
1116768587
9033414644
42569624
677
5414694681
64375329
9792773161
77984
804557233
53
15983
5105503
505
75
50
438
8352395484
924942293
29238
9
7
77498
2
111267
92
663665
68862697
22803
4051994561
348106
831822
861990
7168
34813
85355838
6708362772
535454
550022130
983532
7171
980617
819064
93873520
6242518
29110
8123181460
7016
83
34
38498
1530
96644863
58420698
654834402
5326667476
51
4893155
8678575529
193565337
3174955
446198998
8788
45
455825
27802
375456357
676383838
1276
796
27312950
258
31
52665
9129302
189562
36016226
6395
353874577
598481
4355483
9287
9356
162
746
1
1946
93
21221
772363
3484546
2738265
2257961
459
623318
796478272
9150267
41410
6716
135602051
2039
7354652
54882727
4
7
968
16
79199531
77040
67595944
85682969
9341975
5361479
212564954
221
247
622339860
91033290
942
588823
5320705
91619
4705
301504986
7
877
3854290
15
960140
6705
4
71
978638
953329
17
3782318
2968164027
695413274
1
7095123881
3363888488
210
412849091
6
6113336390
8383
333719
708741
2121836387
42
44
6980
959087
55
414148
1606143285
5331770
919571
88
4
66216
15086287
98122378
38050
44
932693012
4373
6455335992
6
8794919225
673
15646
190951637
8629
214
91230344
93331
9586
3098183
88
10610606
6425
591863
680457
9850
76679481
29115
321309
3386519
905802637
931
8
934774
914783605
15134
770
5
42
30
3222
92138
6536059414
3083019691
93
404
482758
7
371513
96
62081763
2
45240
5
530
8267469
8
43
3453
78801
93
95
1460
87770
9513
2883284031
3652104417
588
83273878
6197
83517
4
326140
57698
9
612
185687
649374899
406278
645063635
54544
459062704
624741832
800
64
79533
671
448
42495
9361
52660
507141831
20191
996
6
1819568
63223
315
804
7
9548924359
27636
845
826
60913419
45514
4941
8
708324
97
7514865141
17308
67065372
95197953
205294189
7759712337
7251615
1746245129
3690602796
5
138064899
82
758398
260
838
779431886
9365181012
4964592
8
182
95629868
8474507
9248721589
8
561009
581033901
5001723485
1
45403
589774
94465
334526
7657567052
85360
83319602
223516914
60066
5197610
3
7268
7
744646401
31471994
9
5133689169
85
959
38935
90759750
946055
5750
9194
790
419
86357705
313543696
327
7874
34139
52
100030881
84053
3639916939
382737
10
59363564
377388659
95
1337121725
678
1458194453
467
7459542
4926108225
6
824286479
73666200
2
4305
5714
42
67999117
7
60681924
351763
438198452
2498788
7
9196232705
1575
77469
6
5
244090
39
7665
89
3481
268
1588179
5580644996
8541428
6098724544
941
3167
98
86
800
2215482
1188798508
53811
752507927
5
357
234351
79943655
7693
94094
21484008
6279111277
770
9039
66
125117750
3827188
2826158611
6150
960251704
76475458
7
7
1
579516651
912906565
1273398122
5843790530
59
12350420
910097473
196015418
10807
38
41
3715345
79576619
925307431
3208794992
99926
8287477
7
3
1927
74761
449611171
66
185
4395
851
581
224093381
16
130648058
501597372
223
3885158
5
478
293719
13538924
4
14293
738
8519488170
4137238
51871
176264
887465
50948
443604809
38770812
9677896
73
33746827
336533457
2122
725598166
3130
8238102
279
237
236
340615931
36
3
422
97
6762390
7
20514632
8578
6
156925
33
46672
7
91
83779952
17217906
485
56
79254
381056240
22105226
1363
4232377153
1605775303
9134898
28819784
559111958
7132134418
55
39198206
311
170984710
29369964
649059
198995
30598
2
6541303078
762
419312
74
11593382
4373
565387
94393
768
5631465
1487258
6
4
655
79101925
1283484302
8846681
350
750682
6774421945
6752107827
92
275151238
5571855
714
52464113
6184566
99
290931351
3472571
96
684837732
724048
72056
12
681615
3711597
63796326
113845303
4985966331
1847519768
510
15503
7951215
681370
95418007
1394102
9624626083
2446789304
69721
670598
36408
45453648
959785
13437719
833246735
550158239
84
71064291
356833837
57
73
1494430474
8951658
282
25527
57320
7688825250
3738
28113
3148695275
5
1
6
69210667
652120
42
9058
37590
70153
6772196554
305560886
652423
526
5834
4077862
30
3158531376
327591
8415602
501609552
3419352
18
432
6
4949568
72
2696987
4826287297
32532
1127341075
5301921195
1526391
914
55348
4750477810
976797470
82824234
296274829
624
43254304
21873201
516672156
113617
947
6445
346511
305
152884
2974
60869
5659263419
8807
6
528555184
25087322
3
9421
98493
933
9740438
64342358
52
989
488552111
3
47288687
832855
85
14429
9668
505487167
5768014471
54692554
99756
424
3598338243
24880976
625
62
14
5
63290
2
64
50
23685
80
842192
57
8873575
862
2365618
662
526
837344
923588
3292604981
53543779
26398041
290394
33528137
5691
291742
70697
25
63450
3081812543
91
3
20
13
9554597
850549209
7918
651
29248631
646042305
4
92368758
35462
13212
5
74244
988986
604664263
5065896800
8
3135933
71910415
7128553972
1240
42
3606590
4213
2015
1
9611519320
42
4014
3537204
2491131237
2364
50001
4
4057297484
1
18908
9766907256
8
565456
42672111
125
6951817435
4837888
380
72663
8721
2249
1100670213
374393
321515
842444
1
8660934
9231056096
5794
4
89
819
9
909811198
21414903
13247
30
7836852
57255284
7
52495069
9201041032
470003607
86198080
97
290576317
3802
39440914
4431153961
78892213
5366066
77551427
669838140
31
7
876
210
4322
990196
950428786
5297546
324
39
9021
143520200
764
9
6628571896
14509
83416
50680
932
20
240342525
798120
773610
76960033
44476011
5
3770
45
9254629
87366
6251542
9
87
3359042175
2032612651
81165
41371789
35457426
51
39
365734315
29
951636
78793
9660
6829
75
46348
11
903868559
13320927
33569730
70621001
764651013
3
5
402837878
624034004
985447
2
585
7048930539
1605327
5
1020843
8294
5963096
6407525
8
7482135280
22
2378653
63648
1981783
39732
4083
26353
58
2
70014150
5256481
8081443189
1
8212
1145448664
6
835
1337942974
63959
156
3
966581681
1902759910
3
45
34662
172651
88485925
2986458571
128
77
174301
2335373980
5
632891659
3
213
521249491
3193787
8890237
939
951655
688
7475864461
91188376
987
9249224
3824413417
457
694
65523601
722162
991546266
4721774
4031383
96733
8799227
38
166
2733733700
4319
3399160647
148
13011
816
9879133
5224
28996
296022
5036939
9225871681
95124310
1579723
3117054261
806523879
964
2625
1228272698
4
556
25
654596672
8
57
8080
7427636284
148700319
8
204
6905
7
904028
1788
5
6405040
8474
717
46192541
772193306
469819
199
840124873
460
90
230319
76722
55559087
1292
67426
255400198
15078462
662590
70
4600667
93253569
65
869117884
56288694
3120469
38298952
29306652
9121352
746297
6997
15
7710683
28
8612
230803596
3
72
460085989
47
3
4983513
12
6550
3890092403
957365
95
4278816
3
780
756444
526002859
7429413979
18183325
69
159597
4812
955
43945
80931
16352
153892354
735797424
65613
305
9669
351
610884
59990564
627176175
877791409
243074
53
337133484
987612316
909
99815
621
2390279839
9390567562
1
17605462
2642
7267982
39708819
67460251
7197548
7964
90295768
8082
8058
12744
644
954867487
7246954
26753423
79
9296
552
9
675740
5
8639422938
1607
652028182
184
70
13413
868900694
831820006
688871
7593064473
864976370
3445
8124
332030867
51070
89131758
5617589696
962541
1375468952
950883397
49721756
74757831
6
30740723
3695
262864932
432184
6
9394923
7250
6
4
37341860
96
504407327
9
5003608938
6551
295490
5110
9
2394
2375
4128166068
487530
137329287
22833
520919211
25
3471
6879614
30
587399
16
3666
7042773
98264321
503343548
6
8268845
4309402
45253587
7808113
343655693
2454452130
17549
4303775
129256646
31985
874
945374
73639360
5112
72203292
2927469771
548506
72
6383308
97357718
2408919
8081
761582
9071324
45
9
19
6190
96520776
8291056483
6916
780690209
8
119801
7045173072
9
6491402
439683
3
92218009
14
90203168
8
34540148
324
854208248
347800
16335138
3176754
75912
5144
489845998
155134684
8
87
833407
544275438
133820018
565320887
15812
7
53119365
1
8
1
47
3735263629
7778025
3041
650250
27269
44923
462294499
1075292
7
592497
5154314421
3003978
255
3808143
211
926651663
432
91903
675
6459612
88
18349
3824168
83178
29364898
9560727
767262265
3254209
972843
57
87536
7037
19
16844
127137
1819496
6940196655
9213
1
19540949
16999057
4580186
905105
8
186
3
481
8303317660
129098765
507040650
614
409620
1
5055935
5063
1
514650
68205712
794
870
42931777
70
8101
4
2
100226
8
838999170
5354734313
7857
685327463
731224
474
955997
14
398
7399
8
4333954777
357134270
60715289
972264250
34
453
492254
2
2
2245
1852
82
5925488
66
62622
71436
903759
9882356968
81342248
91
810152786
20163419
362291
7
134
25655
5355524
631173003
8309473
4
7306042707
6554
63904
2131932
6255988115
980
2
56762585
2041119734
5935344
5465875329
533
145889
2
3569030368
8
2
6088245798
6999583535
23
60318
821
1311361746
9
94
91761
71045067
77193
9635
831
73774921
6
844
38285
68456216
26741
601
13
300
153
319767003
6479
13806873
4
8435390
3003279592
40111586
36046
1
1122775
67
630241673
479
8486
8233804056
8880413
19854
27059
15
61946
97
711
512
477198671
743
62
849051
885
1890378
380
627789
4497
3379
331
38182
2073
957
7
5294
17885
44281966
6778242
989644316
7893707503
844539
349
85
64885
40194
418
702
9
475654964
907687150
927456
8040
87101
165251
443784
74719
602
6725
969
7
550401065
740504822
9
4100
73
9
1145615078
4827237
99788
727452084
23657511
8281990
28534408
76224
4585085
2027077
87434
9101393
67550464
21533610
3025419941
1128229826
1723
9862583
664
404569493
384
454470016
3891387625
851772
51412801
5802
21
4397973
525092
699604
969577
2373078
32204582
788
62
1208
6075677
3398
387
9982426
39
3568
7872917
5687397
33647133
4849842517
268532
1275343796
95498381
73871
278008
8
1
1764734582
459
27
562762446
67342
12049
51
62
756983763
17
625220
1070
89873446
3
7562
170
26067958
56379
287
23259
88226
81921622
4906815
6
46377663
61678657
80484677
7131312
48
711185974
879
17486
76
247
22197354
55366463
4284136548
37893
61
22
6
9202
23
91
1051161380
67466841
44350
13
3991991
358
90008093
2373323
5370569461
27
488857988
655
3708518
4350752
82
5895
30949357
426
7659334924
53
8
7
12174979
180232
74
9240776193
8914611
6370
8690
4952
2444
511480
9578571
423781066
536008
7464954
8
4
10
813
341
82725148
5465
674898069
29806
2391840569
9505394349
687551
2887716270
74323878
871255356
13602312
21200540
26
5
218759671
166552852
26
39
8537801119
54
5571504622
91957772
305962
3
835598
461268559
25063511
96
2
422
3
31
37
144
4793819
7730
76048
71
2785
421110
3561
60828
6
7182205
2571
61422
4
211623
96418
20
868435958
110642
874155
5349324
63533685
4516232262
77
4758574572
4
62961939
14742
51
193817
235
70
699
108474
810
9719349
594
104553500
886959928
22
11393503
996766453
7934999
4016649
15962704
13
4257
7008736705
8388454
895
45338
2
885862
8394
535
874341193
836106
2
3622727257
247941
7442
9
142986
961034
4
9401
256
4
3006253082
17562
7942021222
4714672
4871956
13
79
22
4708
3334903281
636
306
6
883372353
480812737
166026830
5690
3993749
219
5
49589486
5986
175
3814
359501
7
89914
5747
8695535
4
7107656839
5429966
92038
624391
6
7926728
2215
8338934691
125571
304
3090059
983
20
6
58610555
5
397877
128582664
381
3348849
85335428
60
338441
3
2344823
62914857
1828334
8134317333
4958
31
3929950
52544313
772
9672607578
7562754
3744
80
687
810422
5023533
82066
95545920
766144535
12
150843170
5470
16159
466613
830637226
26970
1
45451
801
3152
89
585
6311419814
97
981305986
7
5141439491
82818709
85
275383
2
7357
836
7924103
13
98287197
8
85580
67669
6177066
704275575
6179845705
730
10372746
736506
66
3
2638
6
3229639
858894288
50532918
55
3897264
779047671
36939
903897336
6685
6659
2
8200
2332
287857713
629
2316887824
27191451
564
105053449
83522
3108693576
72796
8161
7651719534
3679
60973
241
8959210
66666
105
71881
34
2121754872
84280
154380906
9
6
93
814
1252447
5840818
67
84895487
4
49730944
7710
36436598
3383730
309898864
8
3386071218
602984274
91
191531652
909452
290531
8762026
57
4201545816
42047
1114084
195340334
7909964880
900421
5990
547
7976168453
326114
5567
74974
5255
961962171
8503165
79173
88558
748928
67
128
497705
843142057
7258309
571413844
55821
625127
47265866
97184920
4313780
6608114766
690
50
41699
170
6425220
2417
65156
6212003
9670
3083
679607
38454430
9346387
5575
8
28
391723
258
2
48169
1
7417086
61496
97
7
106957
6655370502
4247548813
2
2943
87
80283
255333
6
459
24870779
172050550
139064677
898518546
72
630897
4012
56
111106096
92811093
272349887
91818
31718
6585
2142
862195
94097465
47
548939
1838
8030571
67622
8929215
34
6
2
360753
90916
5106588402
5
4116
112204
4
4431876
9440554231
819439738
98
3495
76
6
3259523
1550
448381528
13
884617727
5007
210648706
9
8
147512
4586163
42733
34355416
25191423
691900434
69494466
447018
90422602
13900
6
52613
9868820
8214884826
22
3
1325590
632277940
448425
555228
9
35878778
82
593697
1303
79474
896401
324685
30
155
626
102366831
4330207995
871522478
9
31
2
819774184
567840005
47533
94647478
362623612
369
411
84
9
301753
4460285692
9834991
264295
4930
1012842073
65206899
9
2
77268
8306265
489
8289
425159
3900
969
8371
18767
84
408
82
93631
54
8494516
2323333769
596556985
9370342
30819
901
2
88
47
46
88994
97
80167
70913
7992514391
94
841960808
7122115560
2426642
20692377
83864
4962396894
645172
1905417450
64
499
83060
968009270
3168
2151455373
201759
666815695
212838
1982441
37
340312
92
35188894
20280393
235889
12350542
9238
779504
460455
486
542
380970535
95138101
596690
422
7
3669
4
4873019
7152
23298154
676
8415949251
92175
756083004
5978318
131867
903564262
8756835990
71894
7360388
79581
46
1255043657
49645127
36
5092739942
8
1
9125
792002837
348785616
1561641811
320998
108175
7424
757
3986681545
58376
8478
81
16010
949188
5
834481
47
569260213
5076243269
3221
849
1
836945
43838133
335152
67
2
633400587
5205
28519
978157369
1
2335344
70
842447127
90240
88
62921664
2914214885
53
942
25101604
5206
52
52401
2433210
28730
62
536253
631791958
454893
6
5
6
8720
14404823
29022551
717836
166909996
558750
281
8806229
2147097
1
8
8210122
94253
1425967
706779
3117
52
9094053548
701518
41074
173927855
73461260
801
1166148845
346654294
767
810446538
901
426600242
73040
94950
28265439
38479384
5771903337
96966455
8802730
1876274447
716603
663691199
32198055
810625353
180423
54933268
1415613
57025
4802702671
648936625
684329829
91365298
47480589
87747593
612479
288984
38139636
2140899928
807516
5120
472
3
30
563
51034
348
92346
2122204815
2
948759
614189317
7
35126
7328889
13
469001
74009
83
523874655
942688
616348
5
76
299299517
15781
660228876
154098
89867
566672620
6026
54834
3413920772
226880
6732430098
280188603
5323826821
3
8288393424
57820415
25268
7354
279
357156
522597401
111
828
685393610
5
57535
6
3894
9
73
2079270125
49
7621278
3
1953418
324402697
7920358
1411431364
759962
78
4230270
827979987
2926045
6104
3
7696533590
3364948189
4
2215039
573225
89454962
3212
52
276
30773
6555
83
4275331352
101
27127251
3887
982
6454466
3399
309382007
7
604444
59908
508497
63737
22413899
85
68097
9670
4597044069
207805
2524482
818
5
3929
7
3702148
7365
2953
6635737785
6138871
811370425
5896
51042783
349
31593511
1074
122336815
3941
995590182
4
7983007136
6
78
592
259359185
9202459118
64165785
7657913987
7488687
27
207311
6372046
175
4
558997719
580
2485
27643
73991602
225
33432
10
86899364
219138295
2184
206766476
94147041
649
794024922
14952055
23100
73151991
9446
197
5799990
711391264
755
4202
30965665
229593452
501360474
129
4199
5904313449
76
738772460
56417999
11626727
10094
253856497
29
433467670
3246042
7
4
2273
513794
513
991381
4153
62965
8620
7169
466064
3812935891
4437252
50
184084
405
5441201
261
784988
942
7827673
3149012261
3925814
18056
30159356
58
41555
95488207
229
436351
34
68824938
841
1
1480
1274668
369
7137
5757021982
873
67590572
5475106105
1225521
93
6
4863719
325284
9270090
3855426534
181524
953745
9293022
859117
94505811
5783511010
8559597411
3625744
6458
8
688468
376
969
1238092
2680263
8324
4
598
684
3308582241
62
962706
34703967
233438
3727347956
7028159
1842
92
222
520602
73934230
28
734857540
908
404448
4440810
6
21
490472666
1415
58
3667771
710340438
3762607
923
283051963
90
5
2
1396801
2623
400529
40952
9681286661
2
14821230
900
256760540
84128
5158
2349479
17336564
1548368736
89
40349
5085986
6544
3200383
705779
815935
901
129
204420
115864
8039387
4265559889
8706
2504
897
71082
4
267027778
423143521
8
9876729
76
87048
1472407307
96246623
475
4529071804
486
7997467
112381048
931115
5333
98834019
78258
8539769
848146
861605091
9980634
8311829
24669
8854078524
43762505
7596
1
81967
18267
33
30
19013966
7994
885352840
30
6239949581
599
697690
77730018
256726
8252404
9
2513243
90177484
330599
105481
777
1434426
311106753
9807404
12
973216599
22
5006130
8609940634
6787
2466
6262913
74608765
883
677338518
64883
4716147774
221
2999065344
16520
5408
18530
2
6196028
34219240
55113307
2416823231
422
917
5862
1614
3
300231
99946
3483243
639
90
679
344582
22
62963
7
6
73
5
4
535897
11094
6418490088
143170195
6618
4007887442
2815432
79225
2995973
1
3498238414
44582
9673050
1097837
172727877
35
13774991
71595
8220917
461238
8841565636
994324
662591962
27305673
5377115293
344035387
94557270
7
233
9577
4
73182171
15313
89448
6
2323
7
9
422470
478998
4875780133
6
2
98765
221664
30483
90010
87
6089
37276367
40
750
1085792
697369167
2802
2361
1
9
474
93482
4357328548
2321445
9886760
7
696306
5706619
22
45
416300639
87497400
136024298
73923940
365
926
33523
73861332
7
19974
6476639
6389758827
7046
5420
519907
9331
676180
6449883
246
1550914
5751299
4
79
315741
2211314
175070
41564
81413724
36992385
95359609
337053914
3691
90836
21268380
163247436
67
9383914902
13207472
7
446548
20913
12468964
99103
6508
6105284
9786133
3810666
6
85
975566459
5248524
9737984
4594
41
7
9961604
528242540
254
401092412
201006360
4095300
51817010
2895041932
6692492
320532
2802
190451303
457
7638031032
6809724
279495
79341
5797
1695347
397705415
8
2
613
4469855
7669954
477
384717
47282764
76
865
89946977
116
7195
513897840
363342
4
9525607
2570
23
66801864
968822531
64028418
635395316
688
92752199
1684178
406995
87
68
8
5640021940
7
57055
64197
946
995
259
7361
2195592852
99208
846430
5795785676
5305
77512186
139413
3222896
14063668
74762329
745805
171160
39
9538881
6838
92674
8851326
87406
4033022
644479
6
33
4087
82842
583960085
76954202
68174515
30
19211
72065025
810
371145408
8860
326713255
1281
89
41968876
57139
31760451
459
882
339065
701
48073
5835220
11951528
770
994
7725438193
8452120464
95664
51927
3
400293
70402996
42
9
424
961261405
75173658
642984145
783782627
78743097
4323729633
190
29
5784904772
340
99
31
8
872542
243710
78649153
1
780523
62
35
25536411
44
930067
4906363
69163142
9
2
9
687860
17656
7
52383797
111575
5
22161346
95471
4660846
1836690
8825429
22392
81
3570
3674
88449
183168752
2028100908
369289821
606021113
131698990
60634661
2930176
1317128564
2603
573
27500005
21544
61062
52344288
646143349
606
475
47172
39400221
89
408
7456
89319124
862307
6369917
6814438386
446611
301651109
8887
25
976795
147523203
8309099
550
79
99890789
14214
531980357
94
15754037
765
3981466
473
3236683184
19498
473686391
8868248
4471
8597
746
23
5
503370245
41
17698311
4
2682338362
5859159
1
587941
5
59405
811699037
7168
8615729442
64909
490
3549065
73470
881183181
333745255
9837685028
1
497731
9094007
301
4339
99575
709076134
40405
4
33780
4851770335
2
88414
1660234409
19970057
97611
658752412
95
3387079
40
3340283
232453
7344514
7836929636
727
7641005
937260
2692
328778
276998611
26459428
7
6
52787
802501959
3
60231216
7223514
372074
662064733
8722641
2624134
58
9977153186
18551137
561202220
2130072
1
1999322558
8179675728
793170265
5
8363100
66007
4
4767450897
8252
691485
206651
345407
45800587
5129
65
8457951
6107
91403674
2026194201
55
7386
104167067
865
5240
9883583905
1
75
2879
9
273
5
13
5
3
9635
25365934
12287
634
27944416
58306
55
13
314971
995218
41
815
28
76871
4410164
492911186
6433505
2127502
712822835
98
3679293824
87099725
907
20653
7073219
7
409730725
17946125
947
467265673
19
609083
6759721839
5896878
8509408
9578528
70389425
91848
6
2913556075
735891586
315402
63
27080233
6131342161
84903876
3547
9
450467444
61
197
5718
4435854
16277420
415058
18
4544
6416
605
2444719
277964
4232
9
8436427
4
32
555409642
885155
6754364384
611
5
9
95
39611
98
6555658
2158274
485002
90462
5
349
873277210
84
799379246
61410223
209
99997
467
6006669812
6214088
95
54952258
9094028101
293725052
7310318335
445
78
7035902
9803
9
79
4271178066
5
4162
885948784
5563
791
92679452
1
545
1464
96873346
993
4
2142
3
17
3185981903
9459677657
6518804
4
7207465
35984907
97393664
60781664
5595549659
2424
59269
1608090
880752
333027243
6522013
887
484653486
220769
4391
8594188725
54
857
2
6343635079
74
550
2059
7568996
2919
52
605742
6317
7
56823831
494
81999
21
361294981
1998
29759893
948346427
933808
8282822807
851613327
8256928
271432290
96
12
98
982057
7169696
110685543
3210164
97411
9260
62
570
9
91
5
63366920
1080266275
8540491516
919396236
7865407184
47653
337824
4093842
7955742033
91
39
190
9898881
824
460
441682382
6786173
316075981
4
282
6316471008
14638383
507
1566615
137
7781531453
11981
42398255
60797618
708603
303457
25336458
286359
5
2627
1445
773
8
5706012058
5
78828614
40
42
5118135190
4526
68
6245381
4311815
412
44127755
730068176
4
809720620
50106
53
28418
5
406914194
2102890344
93625263
9
908
88454041
4308
1
323
7335000196
13
722270
2298091590
882935231
511283897
93465205
2183
33493899
55
85
1
3003850448
69990
4395
9327503
77687
54622881
117
120012741
86
9673454
728
66049
1085
423
5278
82
439
828513445
50008
335333811
5
55
7201702
50
38
523758681
457078
215461563
9
1757567994
102277200
555975486
8
6613268854
5864712
9
68702056
4930
98
2496758
9
27627
6
2251494176
8865398780
89685
654968
9493
81039243
7294142
19
859
4114
95615181
34785375
2685608
6583556052
8
638374
746318488
7300
999
5618532693
2529
4
568936
95890
37155377
9259293974
84834
4073199890
8185
34011
16748985
627
357
114161455
52306419
313
464
1
47
96
8663604
73902
6426
4385
90974943
75052052
457130794
584302
20
95
22109
68
1998
2833
53003
956
7206780217
5352534487
7065603
96278161
7876524022
6968
619074522
584
9525257705
3
7453336
9
658841239
9071
35773284
821745376
281730
227063
66404450
3848435
929
9553098479
537703891
37776604
570
313
914558303
40
3264
582
30
516798
826
22
93244
38038805
4264212571
961480
1302317
5677
253618
527086550
87
389194291
31
7907109044
535918
29017
989
5202267498
631724696
511
394419
5193086658
87825
6645655
9
4579574088
1653674036
1470
2
7
52498708
53809
8
44
688701
37187771
4
25511
34
8
805471681
128769713
1185948663
95479
974
7735062
279756814
8493955560
4443
37671
8
312344
37
936926
840191
8271
419330
5478796
880848
789804635
79784173
3
7559
530698620
114556
5709
84690627
421233
2176046
7
6570299063
257489223
3080287
899186062
328
421083696
94399875
314229
9790019
18
59007
6801867
4
74
62964208
697879
4551063117
56033284
9563139
527210
8384107
987736
5
8893978595
226362644
6239214
8298
964784240
1477903
79391570
5690
7339911582
5
1651696804
101706187
78
63
822765
28365775
9470
99636729
39
277391822
48
4702
9337426152
2310
7962
55034
358
610
24865606
9
71139
51547
1705885
87043
31
674730
42000
2594103
6237
12
1373
296
6561702
3261694361
41190
7211771176
7228940044
73
4334445439
47782423
978322
3701643
6
9730
55
89
88975
1
5
2435040331
704644
9900695
7407
80
699731702
4758
374942
8125601674
311479
161037830
23
9600
693132356
59999
340
26141951
5062406
3
7989
58424223
9278559810
86
10794108
6
2
99012
102414
14
582
8
4317245
3
53858581
698
375772
36713293
689399465
569532
9223
177946
248516
32976
19
203686275
4138090
3631
36499
2865068410
44708930
4073126
62780484
21
15159
81
8769166
85
22471
254
269
559
2
5
72417979
997542194
4
124948
688948
6829223
24
42714039
1021462892
3363841717
4120244646
840749176
7632221815
2445819449
5745573
95148185
93
8786209389
76091226
3416435
7414370
83
713565
865678546
3106731706
297433135
14663
9953762
856833
28962
34
44
2943499094
49747
71
549790
6
948464
9289749766
8
518
3262223794
869
86502288
184
109363
9670
1807530640
81447500
15705337
725133
266200
2570614199
3866
37
56803305
9732
73832133
68
96586598
6594555
327638
98681569
15
313
32204
690150166
7233570957
675
77
209
4
75778009
215
4207
74
2246
497548
9984
76042
3845422
170599
8175
596154
7829016
9627767057
5
74942
6054425498
42
269529335
9922
8795
68635
143020400
4880
978275023
61741
9356562875
62655
2062273
77513
31454
922971
11
9
65600281
872
6
9444200001
5985691
571521
21854956
2
140410638
626613045
800985
98
616774
42440
831681
337
56076
2149027933
89
86
892255553
146704765
9062562
968670676
8663056
608530899
3207
548380881
3309647849
26
9763
71491
999
721068
73628722
35450
472808893
333
8541659518
53181
1473
8691182456
332
42
2599955
7724087078
55
32094
259461
30130
997626
34
15969840
671
1111967204
54325779
623243526
1208532894
86290269
30
2236
5306
59301387
9127
52
9649592
118124214
365229
378088
9750
2
4078070
11
3732908
4
3396453
4052794351
7893310
522929337
68551
23503
274
8090
9748044
99
301
7038847475
236
613703715
77130
849283
140
74645958
418409693
443415594
972
87
605287
726448
883573
3029
5
69548825
7572882601
119098444
965
172
4
5
827
250661617
427848
62404
61653991
36202339
366
9
7456858762
26880
3
6
582956295
9
755
612
2
263
7086
6556406
55093561
4410
93936467
48058
741520
73
1436
60
8809
13852711
753115649
215
35597246
403
7310660
2543682766
728
12977
767152205
4
3
807120
713671217
75041116
8
6833866
398209654
229822
6100852851
37
12
621
5637407
252685
5
593
9193360
3
35681
8
5283136
1640835
97246836
6
27
4432901566
36026433
5906
14145945
5612471130
193767
29
9825726128
6388422
5
7
9068513
8604
8744
8385330
6080
30511891
7905910
354
2807801
2
1816767
8
280
92491621
41
47191
92069499
2635
454418191
577
197647
719
549
4267743
1562386466
704
59942
7148
13722
331267933
56392
2498
8078029739
622
214624745
518206
741
95
957293147
7294
88344755
4853
255
74105
1583946156
7852621393
4923758
245
3689
3715813
50
548900540
550
45
690
2
88
44158807
279171467
9623
1821
96312133
295798
66391607
5977567
1374
299648813
7623153
66
89
397
8835
712
328252032
10384444
21
127945
2
9617994
6064595
5045929
601
8445
269779203
9857
5805
7848
6690929
9284146472
8124754
7
4173
27847
88
260094
810958
41
481
8655620144
3017724268
627
444
55579
577
785141
39444773
870
8
6477163
11104
461347718
34
8391
4027382727
2806266
481821
89
56064
53283
6109329580
5
33
98923495
5320
433140954
37892
64691
587829791
589454
672476
772
6762
60667
3387431
5958489628
2598
92
725670
226224
918881
51002189
126309230
34
4990620
5
7
817923
3012918515
40656
2552
7967976
95880942
6132689475
62360426
5516
552800747
667
593
46554517
80160516
7270
1477
9
143557
42785279
244821
321
505081725
98735840
94
7854024
59389
61
8
3274196232
145
3273943
52903
646
9651897187
38
9243
511
594498624
56862271
4853
7819
9807281469
4
3880340620
232741733
233
35400
70975
7574159
2123917230
7310605
85335669
4314327236
7343
842
210140324
838683211
90596
8011028469
2954030
1742050
337749607
6261
135
5
4421700540
4833291858
7
8906848811
471733453
9660082227
9654007360
284542
6424258
3
4274019033
5784
6
27
136078458
1675407293
19
2
1762861717
4983145213
9337
712
46970712
2484309860
36
78709766
7
4651
8496
905352
557
341100472
38587329
65
5515700
1587964149
644
992302
922
6877550
91942398
910740
73075
847350586
9
2
4
2927
7392154
4874
466238814
458
39744
6503938695
188315653
1
46756532
3801875839
38936994
54
18
7303
844923966
6090088
93
296
73105261
8268139083
9151901
108
191802170
10695
970599
539
307958
39624170
32
281159
28702
6031443442
24
18103
4029
82272
5
9
168056
7862715417
54
6590
7
502865193
2
3
156937
5014061
7103659
33
79
50846
9
455996
8330571
2335660305
4
8
8341326
9
4198581
4968
453
626700932
76
213046219
8608516486
6802158
1805
1042781
8050
8330720
2249095
218607061
3
73
8416121
44066
58
733559070
78851161
847
4034435289
7948262828
7356438211
832647
80
3745485
8073789
7
1483
7
9
671
943796
514
1025520310
8066
5930603633
9937262229
7598881
93281
162566958
3995706
13947
938
445958
228438365
27216774
33
512899651
1
46
1
374404982
8985
79
173193709
1806319
6130631207
4
867272758
4752
8
275435334
639671
2982806
167393590
697697941
4117
9873
8543
85
5557434540
506
468702
105699
3190553
86
9876436720
945685
1815174
7513228
391490000
111
884
2
8908
3
39518350
453
605725
358988
4197020
180
5
5168675
47204
58624535
42212472
7622111
8415489598
9875
75867562
81
85149208
8431116
2151
5359679
89555
8
280
2401116503
43499870
59390155
60801
476435
582009681
3000
1720221915
517425
1563172450
456071
7
13
81
5464
569681001
6266360
79067
521742620
3118
913174886
22277
70656704
29
86
7076283
70535
5800028403
2
523
480
652
89
98880567
8575
997049798
77
789859
764578
2398773
8961066417
59246
94843861
9
2358
825231
4627653761
85
435
270392
43610
4477
78177652
674
48
12
2274696362
39
212143525
78
699801389
32026
5616
6907933
1
7443586
407
62
39
9093677723
20484
6
393961
41285849
697420602
3948230871
9796187
997868
3236
54
3
5577778618
607791
9
8497
796498
460
269263
67923754
798689791
98
9
468874
82300811
132327002
9398235353
6880050774
759551
334
609
9
682
65
38
654
793155730
7592
5141135
90710
23
3
88514087
510764
5
1
496301
54
66152
4192
96
8192997410
2
7180
2215635
2887
2
7
526
9
8913972
225
47609609
8
7
50173643
69
510012
156
14495635
19149
48
198253
31
47389
72
3576
645733788
1698579888
246652521
42912
453973
360503926
9023
516938207
3846
24
1
80612
95442
7837554
269
1413
95871
3231
3035083556
18
4397389
42871477
13
6321
5
520576
251
532507161
854611280
68
6273884877
63
932014883
990086
63508
53
701283429
8
623590709
12800
5157
633446229
57301655
3293345
4140686924
7
314
861
177464
731
3685469381
35883987
1716363716
8189
1194128300
13564882
6
409121157
4759152236
9361
80982
8721281
3
211
536
980576952
370709
284567193
973366335
4485857
6109
91847464
2634284614
9475
3470140
7398
16136657
70
633
92736
7073
1149954
897
2360580
83928649
4307814343
44468770
22803
8538629
9695
993915806
19
874508149
308
4917548
512
15
28
5300380
48968617
726945505
731607641
459394274
1
9
5208
2
882666
87
53205484
358
19838675
6
7937
347
858
42025
7756
90418604
37064356
95195
4919
5339510
783457238
7046
39975812
621
397279079
62727
294766
10357373
5400
4953776465
74698144
137698
2308920
9450
723912740
630158112
49170
35101
7575409
366875474
3293
181
21238
811133951
985050358
648967659
57604
6124640
64577
23656
2
1
928851
1
89262858
105386
682
707509
47
6326372723
8769847
51850
20
7162149
5341177886
3309570059
5578023
16
590459
10
68608
2534095855
2466438
75
588
71
5517045944
488
18
8239
293690
9248467
829660192
36
8823052931
34632967
195367
354
167103
3290
59
4
84676
64
7943101842
7
3
731404113
5
50
281821
5160559
762386081
188836
361002953
4384724
33608215
3761540
8251
7878998570
5983
81
6956641
66542
2
6068747
32
512227195
179949972
127923
1
252907
3622
2328
2
521942
64467
42772
8432004880
44318794
383138
5125520942
3860
655295865
1584148
812011808
9326
1624731244
7584207
329797
48295
230363631
9
49637565
9201
7488631789
387381
3522106
8954144
263722397
856068
9357575790
885
56458471
4818
7479877394
8844107780
298369
238
925
43463136
79103
6257668230
51441611
4545
820301
4589769
229
50
31
7486
469693308
869613941
27573
31
39438
60
8497451027
11
88115
9417
9872834551
6437738615
287
527
327744208
82498
2732774723
8
3
714403
26119819
4493
877
70991
7694
30002
152283652
530
2353082
8174
900365
363626857
39
2747
43231
394402800
585109
29
332589289
3680
106
851484207
19872
1271
427
82699
2
37
28
9
570897
649029
10
95
4992008
2962364
918
760152
1370904705
77146
714
443
601516055
30549
7
5
7115123840
778
4201823
437
5998
17559130
94724
3027863506
5012
488
301
16016411
2185
4784908
9161216543
92272941
59
231348916
71
71317
3367
9797712932
2117430
82
992337
71
722127
7402064
20768486
168
60
4
622790017
554
731832
5
97894
83617656
9476329
8811
6489
44756693
18
6618091950
3270640
79157
189
8170
945688
78
7491265881
93
333925957
25050
6107388756
54
3
6232544
4736236
61917
21
2377
35113090
59720334
40083
91514845
2097
9
457
7687285354
5764356013
149
129281356
803798288
3653819
6
778523
7738179932
437696
39
470
21031
36313
83417
256375
8896
42193
1015078006
674
9454101989
44
268034660
811792293
83180648
61864
6905666
41
39
89402272
50691620
7919814
577621477
45
284230
6
698
922901279
684561406
7887
6401
90
1899757
5524978827
59442
5580
6845578
7017982
422
740974
354345843
27460
81061
26408
8933
600915884
991
29318627
70677
9
7109033330
6329
22185
7809
8352897487
161
837
8927
35467
8138582
1858
980359823
97021426
188
3798
8
35429
124600366
31
3305202
12
2843040
2496284064
3834030750
658357211
7233
2897
1931
7542959
57328
459090
893
911296
8470205054
2
89364
9
163
441127496
5776322830
5520951
8
602382173
63032042
1545459150
4860504
3654061
40571615
224945
187531
1550149060
14879522
32
708932
47345432
995582612
8667283761
5883674
6012873643
413749
97764291
41964
922
26
1205090086
2685509507
7814
5420771706
4961525
12
660564732
286863
4
10976
622
2
819564303
42741
203
429775937
5
3002546274
7
82898
9658615519
88309
3885
830682
2613591
140004
6
182933335
6182829
191429
442
362443039
470794752
70541281
85296423
303875772
4
5114200
431347
167
275636765
6
438
54844
4722756668
6286189729
38562
3947
6201426
8343110
2390
421957899
306320
312
3783
459348348
382
2
64
3979
27
2306267697
693
25
37942
4
94
48877906
4389407
981
804
47997892
895464550
8300942828
6
60584
2883371
3576
24672
855073
59215730
7740
2806
8920
92413
8782
7
4052611
12953
12722809
5390408645
1241
6700764130
28811
39166754
343495
153
1
4758877
907626
358242
484159
61283400
53
10
9605
48
101629
33672
1600998
8324
9103
4215377199
4884531067
28
509016
41
6334387101
48
8745781
395528
548084877
4
78
1
84155
653994
4091930
21967
606
998013
2011375658
27
8
79
6602
2
96155
53
89355219
5782557
3401391
881423
6959319
5
9985703
2
1
978547
32374751
4
96940303
581051
1596600236
65374152
7985208
8378459298
6791
32260
135
35560
76849
6382499
54
8948711406
206
83
3
56205
7
401643322
2837937
51663450
893
919572
20297
7
3556969361
590854
82220
699858554
9878080570
410194
33
6
8
29768657
46490
8408939
9054
10097
6
544033515
526525804
9733278
27
234330
914042711
66579
10459858
34
60653798
34489009
292
20191
315
47297274
4997
586146153
52891
9838986
524321076
67891
95987
4302127
56
9
82223696
697
3310335034
3
793619
2620002
13908060
7610016
57316
55871943
2724171
4637801604
16917747
236912601
56303320
78
8925331617
53902
268650573
90
665888685
32603
222392
12108
6653
1447643805
5754673134
109034
2
1883408
7206661596
896455
671180
700
9
7647133
333
828
8504
6936643
327666352
5
16
6
849732378
40
163462
55731673
830331
3824011
4509449739
9628966483
66970
3
6
54587
656
7
6
408
7
724973
2809990042
6654
54443369
7
32
2070006
57176
7
11
34
787
680656
200863050
105718
2307154
7259912716
3
6849960512
802
88
373
43577
9254923701
96472
6021
10006477
80818
8264
3
97034843
7
56
374431
6728284
502441
4632916
59635
88
30236
77697
47214
36883370
63846556
1784
16
49441585
331772
2
8508
545314519
5599401704
858788078
3266066708
21713
10983445
5792
4701
8527900371
1197122445
48870
1
1555587439
635139
57360
130403550
95166
6
4535697665
31067
5073
16831405
8119500786
315548
6994699899
75362893
947383833
5418132
412
686633781
1246363
6143192231
3192430
267367
546
339391965
391353
5564
426314619
868725313
8380
98451
4740416
3703638445
128
31107
1089258
25026118
915
9821960449
9434
7250086
42
135
4949356612
708
90214
85434
22
2414
9176
6713458266
780328
30173
528053946
525084
48033
8633
3358447972
51
470670
2
80
27531972
95
3
3476799
5
78706
7697
6104612168
913285036
108
9
6
52746
79
682
68
554981753
63174
555
892078002
677211963
7
5392532414
921691102
842381322
3
476312
425
40473368
9444
145
805065034
6
88612
88952942
33611
9411831
636500721
4
14
264306266
4131647
5683564
4170205945
332483958
7
71503
5218910
5
3796294
39213
125972
9706
1
67494472
707938
5421101698
9268220
6020543
3619584
934627
926045917
7
66956
153861449
145
81
739704
592607894
849
6399
559623595
8451525
143756
6268
878
1
615387
414312
494141
3219
182
650
25857
24646
7917
72
75426
1184
157258102
350
208483097
4
329
67
271
9432990
5983173
826
4151
33
839824429
34951
1700159
97025700
4
7675
80937475
24255
632
68978
5001613
1345727
149789082
16925275
61474647
3734
6429566994
8908895754
66230022
493310
86662
2263580
897
690321120
41898146
46790651
63489881
919
6667
894724
89730
2088177583
43
9456590
70
5149904
1509633976
18855
528
7716297
324822
31935589
4005818
50
508
18173201
4837
638553291
4
66
10762
5
5914101661
64666909
589054
98
16618
12476410
4
59
55
9593
9874930
591891930
2
6985
816
583
482
3
419658779
213
89
37
6124483502
726
708
381629204
482
190
8677
26
75393
204527318
5559352
71555244
1
543
11330208
81721793
47334
57314
1332367
1662666
43
6
32566
2152761
7
98649838
217018710
394
60
5
84734
415520
73744392
2959255885
9278188034
98072
26541904
8347624
484469513
94176606
452218960
4052591921
57391649
4312922194
6048
74
21879225
429876957
5606
565314089
938788
37225596
14
613923037
8999169
95044
6368399
2
9930
782789
3375
74140
3250336
6900917
13
30
8
9701295055
5322369716
6978
4939161461
140489
82541947
7
3041793092
37903364
49591404
6
3128
31991243
397
6
849467
38095
8067
434924
2
5677564
430
929
700628215
7395480
5487
5562
3333263
3
9172
895913498
376485
28083
2738
4
853401474
2987606
1428228
5390310167
6105824734
135689598
901096
7113
211924360
78
352042
25161160
8739762
1710
488591
2687376
443
9
8349
5945563269
1909
997855576
1064539
3632042481
71845
7849626
331
4311202265
843
329400619
13064539
8514398
283259549
5272
6101783
456651
7
4931
416362579
6103419295
37599
69
8853774
7
88112064
770471147
9790
2901311
6292275
349168
967
72407172
23
687
94857944
310
6
3942876
45275666
887307
16
694228169
458646682
90679787
325423363
3877870
6177298
31678235
54
94578
395104423
72321
1
127296780
751981
408897
265393399
79
9583102
812
929293383
315198
697962061
7839340252
3746
702585
3431823703
2332695
41629
7
3138610
7429
8603558445
8
62731224
7
6
8329
880
155219187
5943288835
7527565
494
43182217
4764
330989598
728820198
7431094193
2819941707
7886
191
8
52
9178
507327059
5039237
69339553
93
4430
3960155931
90445
167795769
284298717
949197537
217
67
74691
9511
9003031677
6
2155603773
910104126
1
8632879546
763424619
526175
1264451
56
3974724550
80250
2448
5772510
16
1207541
831120
9845830204
9
58107827
81360
6518947346
765541135
4774585
540
527299
186
4811072940
39546
9
804
2839996031
82925
804465
909166
5216930
23257779
34
6938185
983032
91938747
333432210
327985
2748537
546338
838
702390475
7
97818
579424873
10
27124242
356596669
66488
822914810
2541
1334461269
148636514
86
4
451658
271829
1
5666109642
677714337
4213
6827
653394
5214714
6696
590331045
597532
867428
843
9011883862
3545507209
447520954
881091587
25749
973460
1031
366046
31
87675798
51028883
9522
99538
2866931113
6
1742718379
334815576
6255967957
9815679
8
8612653
6272150949
97
78884
2
1384
322223
8735447
81
9307896782
455346193
619058
330366
7
63
45742
80448
53
511956261
8
2235622
1057239638
58
6221102387
674661
786594
9490
72134
47964916
889958583
873346
7
779
12
855910321
22443
75418473
9386
519269494
24131
601
7108669
536936128
612109021
530588
25632
4911675178
93
377889
2
653
23
5662
7993262
8308368
9610173
28676729
80755
92608847
98
934
48927
360
7350097096
6565568
947344
848982
145293030
8740096502
94050
89900
68420938
52
414456479
545036399
55492
68989
26
6127
83069
44
137527321
7837
688706507
79
710105
9051198
4
5405207460
2445941
270
9493
549187383
67
6
7328789
6329
32656
879044
1
998010
922114067
65
61672
43443
879
99955161
2
4885412
1150
8
628
31665
29947
353567954
357147
6
568174887
4
333141
6101484
1412763217
65260
588518792
9179725
334
4239006
92486
4324872792
87346
18331
393026
51252430
353804
379074093
48805
952785310
6353828
9090537642
8
70276329
66288742
2938
23
56
98746688
331259
97
382329
2671910
7639
3652166976
79372
671
61
3821748613
267400464
5734234873
93891
508388326
45
57
41
3749109
6
15057713
2868
5037
2820977
2755
297663
81600684
6035773741
3743224
3465283
223854
84670134
69644563
6141
9
76
3093
87
3
739537045
27986
3
660366715
54
204
7473161103
588279651
9258
53410
3905
5321714642
78
3031
468043250
3004325
3
2223884266
480338
9161309
672045
9911
39004007
53
81170
64
571472601
8
6
8
61750
1
62567
7
9598252905
569362982
958380
8895
99337309
488655
5852312591
797674
48968
884581
57
50589551
59238
5
9165
3453103864
3043118667
34709217
5872610282
17
18
120
11
2
20962197
828
2190
64654
1273234
70293567
22
3143945986
1692
797
4376205658
3025961
46661
51079555
6548
307845522
3872061434
84
881285085
3
8
149320322
7007
1220
1906346303
1
109245836
6607221378
62416
4076
78723782
5
9490161177
47485
4
134320834
2142
551841553
4716551432
23
4652
9925
832
180
452161302
54
6715048299
29
9581393354
29
2
630372290
894093638
48
996845605
46359
227394
584549
71921
52883
4108280587
18630664
5770125475
62832
892365
44107
28
793997594
58
85
412308
3850
9152691
33791800
64
77637
787578
985948814
3
3407397168
79
9780118
4
7488
4
1974866
102962
8
41
886424
39825243
696078349
6
46775
39
791262061
7817351253
4
81
4301
38932
697402825
59599776
103
694
2482298123
8359085
6570
5940636463
50
314866
2027695
53041
85241320
26
1
929927
7476637
887960854
180622
4
535
684
845
80355
49958151
4895
1145572
870
3054
993
390
649816
5519263
1
2752
32571006
1
82984124
9399373120
41
825974855
77777
9031391968
674179619
4183
107283
822442
845985
534558
2354233153
562
32
130
485
32
193
786
6695948
1131868337
6146104729
95719149
1
3910003587
9
6197009363
5
178699602
7031
3060
6
64
860703
529
26
7057
47855
5215813
5225
40402
87027
9295
8323015419
4939
37
884
491461702
55360
3
3857989
2106231257
8564384266
313
21
4384
92898414
24590591
3703823986
225
51365
4060394
38812048
3363
601
89311
82622900
43
14
4804270
5
5098
6178776137
99273
2957886828
71410694
700415
2
10
7324895
38322117
9020
52464
827776
9054
5765220283
1702460723
49
981
222
6292121088
374575
51
6408
461676
80434
4
9
99054002
9
59837
2902
58661413
6468696037
79
1707
54512401
66
42
875804531
5
70
7978
6590347592
4494643765
891
3211
9715
21944352
799
926
22747
718
74
91928
64251470
87250270
742935920
3590
7
4854592
542271387
2250
23292
7694
3143057
1
413
8589613500
82145
51276
48256320
1659
504
9019356
757591862
7
7
198107
8
5195062306
33
371145
12498
5
7182939
94598
42745845
38
61889537
470
9792007
6893303
7
8103443835
6
41789347
2
440826
44683
741738560
1497
86516
376778156
93346251
4418
47
5
220954150
658
8663163
4
744931
2816864597
9440
1632304672
6487
651
696
7
419466
5293079054
3629315321
9
30393
1858
28
136604
3804
1893883999
682
7
291
7443841
772993612
8
44422
5302317803
138
377278
55474225
2
695451
5
43
3715013
79705990
35
55368711
72
82867
3
516755
7690
34257
524966536
14377396
4
68895
66
61442
3509
8978305
2
8513
7340
711
5
6789220
132894316
8658126
60051
66
447089
969391
76275423
51
839898986
644532
2940565
32
97
85305872
921
2595497
39128
24128848
775449142
77
27206
1
78853
9601325
218007
93
5
9628731099
40
628
1833
105
5
79227668
39
90600
2181
699
236697
2689
501931
9
41714
611376
31
32202335
902622059
6742233
359
434
99891724
2362
8775
24326143
288988376
8528569817
411542320
183
2599509428
811
4648315
37
59
517556478
994728
407725
90
9
317
9319295
22918
213
2916
892
7573
635
35630
2089
26231051
4528722
7030693521
278044331
40
992
776
583
3423063
5733323
4801493574
7157750663
16603190
70725678
33822
78
14
9209506273
9
921
3019424121
86
3941538
367811103
527348
9720827650
3
522955
1846666
7
88306425
9
7930
9962589
45
1112
43529834
1
52147155
3312908295
243160109
3
92064457
15873
6065324
519
95582
44325
48750
684873416
5052285
787623403
81
5287916574
173172
26
631277
9833341464
130954341
3090655
9683065762
7130
3973212
243
3109
67254507
35992324
625934351
873023271
8485210851
76103
73
9042737440
3229185511
44681
867
187568946
8790042
49983
854
44
319109855
285
7
35661340
1727
5827578
8
49
6917
3
6
8061756
69
18930674
3682
14729874
21540298
3
8920
53507
2461855
10
17
39
3722148
30813
1736
414
7577
817
8411
2339422
329
17263
583275195
2
353
601569
57660468
988
643952
5866338612
8585564449
98003361
51299
5120892
24
82497
642098460
161026
2725
67
2
520352835
365365
789448
4
974
9
900133
376384
49497
4177937
8495837
8155
95597182
165
5701122205
57
74
8
4
82174
9945467258
8777677
32644646
8331
55110665
90895
44
8986383
8116123923
703
67698815
575504
87
116963
952641
573755056
1718
713
4353228
7637
508061
9658174874
526451
3153061473
2904059
8170
913848
98809
8645
97418662
98664
5330949
7508758
79521303
3989
9913518560
4030
3795
815
2582481870
32407
3419215
528721555
127374196
2
80
73
3100105
95908647
190
83
54
99790539
80
42
400433812
1415667489
566
58613
162
99704
5807
536517918
302551411
215572526
78
8
3939027
790
6975
344
8173558
3301248
88
612417533
35577313
7105
971403
46663875
15694278
8768
2542739644
2632511
1
8485778
972
637100
3
25819931
51
525
1344576
2662743275
659
1921
5749
8
349638609
79174
98
7265873212
58185896
5938264
5654017854
9461
8
72895980
6512
79736
95180
4541
15
78239
2655785
253015639
24143901
461216
6618747407
7613
5625
55
270
2545
95916
7464345451
19
6
4943624
4
83
2
32
28839146
878
439982614
888564182
8281423512
4
34509215
37
970133
4064
992375
31532
34489
249
736104
197363
79
7
1716544398
2
19216
5004735774
857933155
1926
410
476302468
71042
13
875844
1104
55
1513684
87
5350641327
979221952
878867
536212
9656170190
514
21870
9061346409
7900287
174
78
89013
837
247350
7360397343
106215
833742
54
520653
7800028
53771507
5440778035
62237577
922
65
674231
558615809
29
2
806775
6282431
73042
395091
805950216
891405754
99
8355611
4492356040
769201655
77506917
851
115860697
13922972
35
82984
621495295
8315507
82858
76
4
136
69631726
216160
320349
88
531645
74915030
6506885764
7933
521436
86929415
1
25
6874808
6083905056
6
8134
6
7742072287
7878
8
89642872
14241228
538351035
3
7
2679322229
54511794
9102609141
8047798
482798042
2
27
226
9063935
439747
817782
155854758
7288708
548016564
79345144
4595108689
92817
6029185
161
482
9114
5896764
6743
786727
7
60
94196103
5
834194
40
69011
367155
83
410
54
5148539423
81989
789
22
71134774
2
66421
7441298537
3
86593
9
818
248752
37608500
2353
675
1005
8928
611468
8773
138
540472451
94301030
7
57827899
77320445
83069041
7763581
27628163
541163
55609
7215402948
5196498
9019339660
2363
85
68142
87
184165677
63295927
714070850
9193791146
84377
8345883
47831999
28740271
11
16324204
39
4400651229
144
4
2427239893
6061845363
894315
89834068
257734585
210
56440661
49438
5683
2683497586
4899169
621364865
8625
708
8
22
2777
99
3
4020
419
34964103
9071
1
97994
379371424
687672946
85891655
15
9
628104794
14183770
660517
3766
17165
9921639415
4253
4504838
61850501
65616
804
1
1671
348
3893
79
11421721
56
2223
464213631
83326918
93479
9705250
333350284
9850
4435202
935382754
3
41895440
5377
71
6589
833409720
91
720037761
1
8264502842
894881766
9800
8719927
7443
894642
909028
93
67
800077
268
922788
6
37652401
77482
3276
4790836745
99
9426527
6040
6987264
235760426
77676797
9
51528591
8922
1
4
1
87
5850614
88
24088
55
3897795
400543
67513
8360749
195
50
58305615
494892340
180752733
935739058
4134154
874449
45243909
9243
36
1516178484
84170192
692600504
9740011
3
3
211215453
4105
7754688
1956
4672459810
25
7312506
5
1018
1565
1053
947
9
833570
73072
28494
10257655
7915799308
89638
342
2228684
787
7940070
56387
4
5024021
3895243175
418971772
123
5277921
1316
374
3629
32252
7
33311
366931901
9
898945
6349733
45364877
9197581
3232582856
7
56294272
195
3111257
447771053
5495
38787742
7952
583409
67462
499
81
26309241
360642512
9830286
39818775
70240306
11069142
9742664027
578714419
31287463
3154464112
1
5308692759
1616472
4345
5228244671
40
57
660
8
414617
1
739
9938155
47747488
1938
3006
29150280
9452
8715187289
76067902
9
643500
3088758893
790
5178231328
28642909
5398
26299
877874
951639
2
68498
2221588
964523442
15137
2
93017
95
81859
744
9286872
51
9705035
162671
3
91
974614911
4205982
257985
4885454
47
2459
6250546059
3
1970279
3991083137
603714196
796173
6527758059
546
734857
7866
15799
547377413
69990
61815408
747903
148167
54
169775
86977
425139728
8495557190
8
39055496
3
7842233628
22328573
83
297239497
3089804648
54409023
90
411088
55
59462
1864
71030
1693
451
50
96759667
7876806246
414627
420883915
34104736
8695839
302
2841196
772
53
1522
650
31339
1014057
31385
7426005744
179
19
40833
9361519
68
88459503
406949479
12
43
476
6
949291573
998930094
278
5544609
6359522962
4507206
2516215783
843176
885926
9456
911
32
9377102
406312496
92719810
538718685
66443389
4
29562934
6
98754
489899
30450
57
986353369
1116567
65728545
3
1004133315
963753
111290
11
3036
56
688264
785
2222141
6566368475
833124614
64515182
5
81453139
7745705
58784
8
1831
3
92
141
87519720
60707
9341
6136
104361
4939302327
9006
15724
538201863
245126553
920
792
945959
23
80320
76
490
1022037347
786795865
249966471
1
636557
226
100499
4411
178219327
73734
163
78104
93
1931
95798
486109980
32040568
6921190338
43889
21164
4
26479
288
4117587053
10326769
36
617735412
211494
71
21674
4484957803
106
87159797
26
46
64421
810354487
169229
178968764
74204
436161782
26010
911
9036901
20143
7
596439924
4066
5894
4664432233
53
587867769
89842728
8080846117
431749594
7343207096
844169
1511468037
424744329
6822548024
7404597
32570
14840
847
5724442
325146505
4630176
59
59
9291912489
99
266873416
554001987
557040298
2
553215
4057386
974
70934
63621
8
9944
2952824160
17418
2280
1939880
623528
8470239784
410
357
742
5
23580
9090466136
40
318
2
1985445
88206
9920104
4
917877
67528459
8587795276
78431698
461378
10837511
5987144
8686960
7441
96479
3801
3724259601
46914138
952509
2591604509
32096628
5209820268
80192948
487
69091366
190305
3
9042
8689
874
3039
693180863
9335762099
7319973
26000
9
53
889011
90
9
4084997411
85721232
887691
1392094
668560337
809506497
25713558
33759290
97
6270
7007253
157
53
8680883
8590
76315
33434009
68
755419
5931454557
1143
4
7759662
834886
423037
83
601906432
5343
1738823319
42461
3
96835
555095910
417843
731
619191
584
94187
430105349
603
5447124532
74370
678
525127
520
709383
59370608
287764696
238
6590024554
53
932180
55147406
61392746
493460
935312
6111
7932166
639657
1314
35
5950802
277257
54552970
84727787
1542382091
624346048
348390
16763
501536791
8
6
81685
8660605
7
962656
65382680
1570920385
351909
52479121
384190330
91
1263717
93665
123
60980
415160804
3684
9406814
4001
29
41306677
74594716
96988
5731883
365
3130
61
3522882
445487261
477043
37134198
31
2
23
228089
86
53210495
6
8
4564043
2790426890
6208936
65172960
706330
675
5577020763
85651450
8976
9
22734547
9172831813
5956685
9389316946
195983
27
516003
1190584734
13624723
86
8
5415643
80410327
1154
1374
1321607
531090
6555
547
93
8568449921
8945981971
232262737
89965
25510
493323
4208773147
2
17
9
7068820640
158384408
45550
2
77
87332744
14337
5641880
264
813305350
5
8776011246
7907
55
56404
2118501
98604402
32239
7089140562
1875
757
711237
226166286
77
264768
51807808
1710299
9
8802688
2547057957
84059833
7688
843228904
7
348
779
98526
75090932
3429
358527
87485161
62386
8727762
9
98627651
9425
4
554137674
357143
4
44809054
889109
41
93
3050906563
5720207281
956293093
833
44283
86
4666117
7168
3147451427
39
7
7791
7
1
58080584
161652
60
50
341492304
67
3789396292
7473301
4831635
7322
589362046
986392049
5970903510
5237
890513237
91
153642497
9961
9278682036
6067
404486835
7
638
40730227
395676096
88
5109141
1854
1
5283967202
2007
5259447
4379
3
9136
8
59756
328
2368611
4147
50034991
2244984467
4
3457
232973237
77929
2099326333
599817067
955
367
39775
3875272
7191565573
93
7407746
483305128
8049
1
1654546911
10
24389085
550932815
91076561
632
6721966571
989306646
8354
88
918594
14742
673624
10299
918659
93052991
146
9918
844513229
79
6471890952
97187787
25685554
5417
85
451
6
4337251829
3
65616365
3
1943
49597
520
883
5805
40
6633302
2438487
884178
238079
9044896
3098292
20
795289
925574247
5256281
3686
843
78633
96953236
6900546
15516174
6863665126
318
1926
8756801
7564801961
79
554771091
759136
32
66547703
749739052
8
91446828
419165
8227
20537029
8561605
173352517
961106
35864024
6759884
5
10930465
868686105
49
267
36189
54
2668776
6788
126830
5731
725420
88
6158325
83973
77
94865
4737835597
1896189607
2061
8743902680
94143
8934
770482
41347290
3985512890
610749
1434
4015490
25918
2689906234
8744767848
198043837
3813194609
8160
50
126125
81
170
764
606847159
229
732296956
324
43971318
383
56
8037284
23
1
8959
729
154658164
597429
406710
321653056
82053
77634
326
4390738
590523
2380
268707761
2099449282
77257695
480866748
9
1951
95408580
924762597
64
97851427
1
520
6735
640287
648012288
9019914
26
76
822722513
638
584782
412809354
479490943
605
746
972
807178483
516288
2
26027
54827
158369
165950215
1163
18
4394068574
95
6150
40
139
23052800
1431644
38958139
72
458
4
100
913728
1920512590
1845656935
97
8
95361195
9626821933
876623
816912
6171646
8625533246
281488
3660
72116397
339641
3360
5990293705
49
5978
4981127584
781702159
81746
8330
9
6516532
5503
693840228
5448616588
9517
53696473
903682618
9401584
91922
804
737
928736223
5194
21
397650
8944965711
28885
42
19
429787117
291629
1
27339392
2050102
17
42
8750169
25087
690
49297118
2002
6335014409
595473804
5513890923
32892299
4
9279342033
590
697
926
2623
708
1498259285
86043016
82
55800164
727553
868390
93029295
5709
474454810
197
4634040
9791
4835938150
21
10
52575
2371622399
4300412773
2705407479
4024
27
459619
221406192
17117
8
98597
2467888968
1989190
7335946771
47
22707453
329656
4709678043
76580
53909
4033898771
70327
36991895
25
5943
72602364
3176
211609172
23
876
729
71
1594077
7
30
1336
269
674339
422
38
188
87
51290816
973790608
65
33
304076277
46
8248140
926
616908552
2
435
888
863644428
6385
26
7104854
6
6775
78979927
949187782
7
75592
43
883
80595
349121
1436
940
7430
19713667
8621224560
80137
26455
8899
7195915
800774789
6901512657
6
5970134
846033488
958002247
252939212
550827526
4616883554
127
3179033353
27
36511
5417252168
39367
91434
1806
39
441202307
360
7195035
36
87744048
41
2060533150
33303
364946542
4994133
8866168
270159
16377
8899253
52081
140030506
90173
37909
224
5
6410144
41
568412
871
937497
782557446
8893227
7363078704
45100
785633791
9034719
968489
9
18366
3225
220586
405
1185714
34
5
71
134
9
980624188
9468668530
55629
8073098017
3
350793101
798150143
3123142
7352280664
249827364
35266
91091
28071160
868028506
41114257
75654
88877702
58108
6240685
5895008
2924556
6325402
5
2987
25
9142506394
93910042
6360
1315
787142
82096
9760973259
371876271
95
78142
6603456318
8810653
9
920747
992756
397
6287911
7220512114
2964931005
914429164
27055777
20188316
845089
189
5744
164081
789
768647821
6699345825
901546926
2579563064
457265824
5
77
9708337
7693496642
65644
577107
9044
9191310
8920327151
202290
627134
3626858
63785678
2
165853991
90
655891571
5
7
272
808733
315004
41
317451640
278352139
22
36234
77442867
5868295716
89
695074
54
551393
763031630
594462922
1657
34700375
9657
3
84
6063657738
2
81
98628658
9805688
2
8954090
544
267658
2613
99
3
59
1660944981
19751
268
81
68660
3030
973013
107
669557
5678
1083
67
542975503
5
105
762884
2222
7836017254
707
43417
4087
57896433
8224
459740873
1282210
726289
4611690
6999638
8292904522
87834
7
573934
364338
406
5
722
47551
615
78330
89910286
20206
3565618094
32236
36475094
9383980
3688
8
29731
8657335689
952005655
3868956044
52741554
950265
2095
18
48
593516
9596604
578451522
2410143047
224271
567
6
592189
389
47164
379316541
1411353075
77905
64
3555060446
911486065
23
42
6626481791
296972
53242756
9305
949
25570305
6
3341413
289184848
33
113023345
90
9686411
1868
76991865
73
8921
2123
4282074312
926
97
44950
8
504
1271946579
5751221044
4565759
1470388009
560059
2107
50
88
54660106
50633
5315739
416866
6382
465
62687697
3113059
1316
3221295601
24
77746
47678
76
323419
8204495
515460698
65
84625
38052859
1425351049
738
2096676193
1623308
8823178317
35306
185
933641
28466
9170034
565328
10
151635510
796094
91476
93753333
318611
92812
704196710
7
35
3
3
543476304
2963147
71362
390
1929
2
26743216
369
570927383
4421822691
39122
7582666640
9
54204233
70846
187348
3327213685
2601008800
7684103791
8332
582742
962417
876586
54
8
966
820046
76379
52659179
32064543
30
104727380
728584774
47252
608831
40
5
9
866772
249205
4847089
2347
8189568
58209
19676456
256967607
465904
6208668
41
84
9723
6429392
140291
8765
9206
5
5857
3314748400
9932873
2265
6727306537
76458
9015
1568250824
60
60
289734
536390296
45084
25647653
30
7723437577
556
459119824
7
4848
245212082
336643834
156022
30359
83363
885659862
68313419
3
62361
76770
44036
574651333
9014195967
8095257
94429
6
8066688
2961256
9525164
64
417038940
95238951
3387324846
427693270
5567437
5901960230
82651317
107005998
807
5482
66
42353034
3723826178
8937476432
48
1
926196178
902407718
472
6
2220
76699189
5184879
7808397310
957
6838637490
93
2922086
848
93395
9327591444
27965
111029410
12474
3
837
98650
563
673070493
13
9692183624
3542855
946773
3012
5365381
3
62194933
6886
4152002
3673
786233
23702
4071178313
554107
3707205205
211
8855162318
605229
8728517834
3466
1329893
4308842435
58285165
211090052
8007
69044387
1744777121
6910060105
62077243
2253675
364955
754365365
366570613
132
626
547491482
736
8
935
820030099
6254
40
96172486
608901
60610526
2
9
144
567415235
51007351
49134
509366613
36698945
3242321
3208
255117
568
1
5
759208681
3774
55021
76
721447
196
88612578
836
7698670357
1
2
54956956
24913
5554
148583719
439403
12024170
729
4107563785
7
7813
9
52207669
22
96987670
4121
646286186
2706
628
6872690219
7965829
35391333
68101
38382757
6141178
5824
82343365
59498
9738
68695
8
425245
578507
63821868
646371197
2799
9846
3390
648511749
84
3160
808
3934041
3332
950
8337178
510
23647
824931
12700
20
69895
5896573
62229576
2
1929386486
534
7523742833
3109
2
388499
35
2871
7800854
1423753
18227
112773626
888295543
37
41224
2708682
1
7388135269
6
232854236
442
8378473
48934
8607178241
980578458
69687
6502
27359
1416
1389935
4532469
5
9172933
67276
54
301
20689140
5317814590
2
852972
66732
690960873
2349340714
70592098
87
2
2556942957
2501
5967634
88095730
284
629256020
15744
850353
3690602379
3107
29898
6115598536
20210
3
3210004534
2
2190634347
7546
16839459
9818978176
8566071
43990507
542090811
89
284471
869398
91268563
4
6
969835
17476
32163
73079
149
45
20
3113
9134561833
210974500
508
725260334
93740251
412929977
5678
9929289010
5
88421
705
97198471
619906
5674848
4415
1528
362217882
4482610
7
9204964715
69751
550372
88
12839867
88
833855798
17
1543
7
623892
40
742
73487
77542563
440312661
33
817
26190
8025276
9023
3598096391
6494470
64
392
538379
8402927527
8913
161553591
8422
918015
5870206
493260
60174
73467
70445
9
5387551442
85065515
6048
559
9428297
635
780761189
94708934
65
993434056
64303078
5991
256
5
9
35511
35173366
9
6227
8255
58776
7
72
351
94315
175
296646
40978619
8655027437
97
872471238
674233
412396
3764729
9
295
991556321
26644
7563701649
35
64576
632028821
15022638
373727902
195409489
37
2900854
1654
7768135907
24632
7519289285
8
4839
6169163
14327708
88212
6
2266597574
773
72
251675402
43
4079
7137704569
2
7232028
77
1
729
472548
75
968178824
8816957
4
5618791947
974895
1667807
22
9
6963067891
819950294
405176322
492
51093349
843719446
41355
837215324
6
22
961504
853983700
103656
970
5846000
566
1883175
97732
6605
695010485
141
3
4923140923
21
3861674370
44750
15851645
68431
730409901
547
827247023
3
698011
8200969653
8630
50
77
5772
1676474
4
413
135832872
748
13195
152039849
3
4921
45
426645101
46218
71660
74
731204
941291
29
1453
566
9
1185
1502
88386
875
282963129
5809135346
878690
4019
64642
82761253
5808956
1330412141
8170908
39357
92281552
37666670
112
5
2501
1013730791
7546
68958
990500911
626319
8488995
42925
962834004
92927089
211066
629
68654
75
1513
6264463872
667570294
552037
7955805
480935616
2
40477
811902874
72669
107266
98540
4519354
441162952
6
66184634
1
30900
961367
8
74403735
462830069
25196680
72977091
3
72711766
113
40
7933735184
4967647119
8383
4859516225
8
71533129
68317970
406077
67
8549
472
125068
37103
671734
96
4861410
87260
10110999
5
3908629174
190
88052
7204903496
9967145
4622
7852940
77839
4851
307391
4333497
14770
8057129
81920
30645731
6299027
2558
8809336
34937
693705163
1609841
59779
3
75025203
12074288
630332
11
28
2721
16
93356
73114
741338712
328470
39866
30954307
948866689
481294
724747
94914
658
2607
43
59566
7896261
37338080
547
58
6786762
541771540
15194406
5660267
1248402383
49821
18757724
954194997
5600
830
7749
50431348
7
277580163
53162572
7908105112
45161
203
256
702850007
509130
3533001584
948704
47431354
80967501
16
15972162
8
64572
7322244
571407
967417637
5
6597469
113324
6
3908034053
614102
9237344
52
389
7286115781
9
3789170
7
5282054018
903597007
91092
807457
11
7618900356
227467821
5871392
4282
947717815
13989364
886680
898493
8704012
314923187
8956
4
388670
46
1257919831
6798
75676
5
35439
3327879
5727913414
205639981
7229
65818600
9019510
67584
53861464
5587424
3
85980288
77718252
6097126
5343
5744075768
24362400
95
58896909
7270176265
64380352
93
311872393
26724378
36417232
805513725
9100472
2325
63325212
8
9160199533
9301458885
25
1606
4846836
584
8391
730
4883
530
30294
92
384651
96
9413
2036
76793
40
1
1184025
2014797
16958999
66
209660976
343170567
21076
1468
90651617
6
664
13556
13
685
545
8976
5
55062
43854
2215201
299
7
16
680
7
858
7936291686
89969
8
54
800091
34460
26459
20756496
52730400
3
28
7328623
467
6093994
83291
101
15
81837
845461868
9330
4
940167
84946
53905
332
82390779
5104761256
4229
57
1
8105817850
209735631
51761115
133067206
4124
314306665
4694
9440
762
3611333859
38
85188824
589
25040827
689891
4
194424763
407
7
81225393
9407
5122
298
85704080
4303111
3105343
37890138
2
681893
3750
80
285733
15957
987
59
402858
328266207
416
3
699823
38166902
48
996491014
98
888863818
82
54
405917
603
781
8002912070
51624199
896
524
9537541
9732910548
2
42
5598232335
2072583
30889
6430162
437532
60405
320447
9258040562
580244
25417
70
9766189363
6
936395
647499
13862792
687352
80485
835
8361
963534
572
92635097
801311
31921585
7255667
5396
7
67055
978374305
9850133903
9602068406
972345
5620565099
312906058
204991012
835419
107890
771440
8443
4373983491
673260
6335495
6504450
7199877
5810
6489503084
8276821862
681
1033
487889585
1800
9076
9
90
84
8902438030
4485
403465
610
9
369
9815967
5745450
6
9743
392042374
46096778
7368721
8358361256
19
8
86600842
384
619100
70214252
15
51186940
3
1
5895
3503579
4863405
7024852733
8635
30
1589746369
36651102
76068263
9
5
3081
27
877043144
8555427944
52
1449
86
7185391604
612474435
57
108969
521816
6531402
81037351
689
73
83679452
702
37459390
874
6445
2
3984146
4
633203
825517
71666167
90486
1320237
8720897407
74637820
4975316771
865764233
263
759287
1
826386542
19
65
2301674
82
55261934
30384
62
44670
8
28175
514
487073
541
44786
988
3
820594334
1666
9894
202086
154775139
90643344
8290697019
49695234
19622
8507035
5066068260
8
75587
907738
15220
49522014
9736359
482419
7264716017
59495612
731868
6907433
228928
509
4357
42624353
506241
440862042
9510361
3
35108
2106032046
135789808
2995243986
1267568
5936256
36394371
831
2834636758
344160829
72506209
864535989
7
9472895
2817834
490
788129
2498829561
9473
4
7169
215
34770651
11864
69232067
9722316911
64
9
664761194
63
203251621
6419
5548740
8455345
1911976054
8213551
1226831
4
7
27812
83664292
8698
419551
652377
3087003
932
658389
421256444
12818
143839577
153
564164731
544
4
964
36072
33
192072366
7783649061
108751
71103
1
564709
661545079
735079366
43526
52446394
539245866
7208
3
570655
5132558339
9
6
137759653
99429
2103435
643384765
42
876285794
1
252604191
8
158839
13621183
2191144854
63042993
5276
6915821046
80
325103832
91007
572
719342
8593206
2028597775
401567
5731483
245824
54316466
372
32
951758634
7295614031
71083027
374
1873
826
75
503203827
152696748
383
31763276
8
140
8419169297
7653
21387080
80942
569104
4
420494
15196401
5803023758
3208229
29
7676919
1991
31959432
558596
357804735
9784
62380947
61517435
4133527
26458853
624
553
8411090
26682012
421007
488335745
3507507335
928537
688621508
4937
545121487
42
5
42
449
54
5
273250328
90264397
3319405
5729522
15584
16123
4947
927742582
549836061
9386
62
2047867531
9
58
245094
2716204
5
5619754
1468849
44959743
133
6961
21671
4
55683
29
5924060822
69153865
747
701644
70011510
958863
5021319220
9
870474773
63
3736858
727
5379343762
290
489
8785903
2745047
165876233
4388407
94625
412686
9560864
6782952696
4
99712323
6128353
989264
34
591542
13147
28783
98573
1017773
17729671
220
8739
9
3771703
3258881415
6909461660
1999
9
7
95
540522302
338
7983645
2
37
83482286
8308
1
7
59445
36
55380733
993893774
2590252
867329057
1252
38043082
3351
898205
5507320152
19876
534971
1307
35111
95
2040794587
377
3776
6651713
8805366
1
5755554124
42
420663845
7316973066
5192565948
546765007
10833364
37817503
4952402
3
482414
570742472
500280297
9299445341
557754692
468848
1485
590317751
9300
5050803003
271970220
49992
54784
531428
9054310104
4144924357
638169
98
5436
60509
5
2649078
5
7
907936694
79967285
43200801
616
738896827
8
62495232
8529595
59447
9293
404475540
30
267811330
25
3435010200
13802
792945515
2312
7089359
7384
82935
5814
917558731
983
82
253020
1463036386
4724
54489073
38251
1465118
920
5023
6936
538967
9111171
529223411
36960
7668
66128
39534600
2
696434
4031913
99
299789
4
14198184
4892529
20560942
450089529
971466
47
78416409
364560
93618
7558971
843183
64587311
32514
228162543
28
6
165
236810260
418314030
42049
6301738
22515
2
43104
5178213556
87448
740
7
40441
6597
24867079
6
365721231
7
364252589
1577309048
787
64071165
4
9
642
74050
4
6946107
670918
60
86
7770390020
9606222133
5
6305548563
897
216999532
47947
608
482
25
1132722447
2
39188
7101444377
16816789
1998077488
3656630731
831504
4950128
7717247101
74759541
2808
95096
549001
54
134115317
5006513089
9714
69172
5844110537
4692120472
44
47901519
1
151
86106
940
2283764443
679321377
47545
82011
61726
169190175
6
6
9
838
8111443
888
653710
3
6
382
703
1
247581
582
886763801
1557050
1245
36
95608907
245
251092933
76676
3795
3271139
808632512
836536
85546
33489
359615
5
4781700422
6548111222
840
12002
4252
5
8940832634
7392
589747963
9572234
8112218
952903372
548
1735403591
30714242
45266129
4
95
270620
5225531250
7053017324
55232802
3307950246
2591930
75995338
47
22778923
94000
956
24
947582244
506904
415
995
2182
77667924
11119074
2413679471
44419486
7638556
5
22406692
91744981
22
11752
2824
4
3688
668058
97
9797
19
7
2440847294
1675
44607213
445063541
330
493
39
9610323199
90374936
619217
3
15317
7
6706
339212
50137352
607515676
119
323448
75
20522
9126
3773310317
999449294
553015
6485207
389078
51713329
299956066
5130255898
7521933524
40546270
21295771
742
82419517
96961672
1
681764
92057918
4599411788
52299
5639650249
72987
512861008
5435652851
47422
6191936098
3220145
327
323306993
3599912
4556
947465951
34600
9585337284
68461873
766929
1023
411615
1276053
90
61
8458
7702480281
549396055
93166279
29230
732
272525274
514799019
9692
816
1299
490186009
3
4710871
4
2932
22912
8
7892
1
8187783
47973
25632
93
926502352
9236
515
8
14
9801924159
641180
35880025
249870710
4936442
31
47
2448
92140
13694
9
43127978
1197
7557283
739578415
50
86688010
4124379
83
29605
9612221
8394
810
4441811193
816139605
521567
505581967
4411148
110537204
3164751023
9551
4
40
356
120988
5611727706
51221
7374239948
777195294
1
102696382
3412
952
80108956
3257605887
2947185
910548421
2077925912
2890982791
5051
1
95
351375
1181769596
369
779449265
6
12571
579
995
18217
8866
544703
734
2811781
2
389
70546723
73896454
2
711144
96801086
1031
22737844
91860280
43544
3038
231821
1396915268
6817977351
1624416298
5382275
85
50
43069
5073389
913465
614418046
58980361
2586923580
16878
217412765
4
1387359
986273029
9389
1417083
289195
1832
5869
283284915
243491
8429285
9056970
3467
3
5
7438
57
9001469559
15290
927935
21324
294867
632421516
68
6858167521
2
2642
320
8329759068
37152
7221
2377922108
789614
19
4852
4850708
7
22131
3067546904
3053092
8977897528
46156350
30274
37139884
3717078482
2737839092
39230
7388217
408319245
2800
58840
8
19
192644560
3107762243
6
1
802
392178006
6018794496
33524
286
9016894
883556774
878
3
9364380
80611155
699
889621
5785922818
683262023
720
31
115052650
9925218
6
812279651
22
2100218265
995
2474324
4693
123525832
2350238825
899
5352805
94
1649
963398033
769
988038
6941658
599
3618324
2574295361
9004
570290184
4475704
153
513675157
457430
3203
8
8288175
681835901
655
6
2551
6
1486009358
9519905250
5863
743235
411143112
56662
65823
85347147
288638
473049
4134949
142706761
34
9013114563
846644697
971325
8263820868
975098061
872011357
29705
9
98309261
823661687
18
357885072
9061
2439269447
98
64324827
321
728359
4192790642
8764
33
40357
32756
989
73
460924492
65017
3
8068395
2710409384
53366624
42929
21596
482
1
1206575062
4406154
69739
633806615
6189108908
547086274
616996958
78659095
679181178
78
2
336446505
9054896522
7659866
852063
62407183
693151205
28
86446651
629438704
675
4
29464
50
5796
853182
8379
76
424
975
98351115
8859172
69330
270145894
36675761
742171513
2898129
490617951
8597
509026
354
6202303420
71295394
756
345
988972
4941356
83304
891638
710
503
629
9339221002
60398
667
495
9
5365489
93912631
1
7
335308570
6474
8443055105
293213744
374447
9
6
717487598
44910
725313631
92142790
1858648851
2243233
8
8957644
7
2162772
6235071692
3050830
83836669
324906426
77007
3
6080704997
59711
2443862169
971
302757
7222503697
9195153433
7
3
17
53379
31604
17305
5315471
3619824
4916233727
259
8304
94510
986846
3
96
720053
2827
484699763
51646317
751
64394728
4523
697
98348784
9079736451
74686
9051823
2982
43309351
3
709800
588681
9649932743
41
30
276
207983
88141047
424
5317033014
13212
9807525
7574231
671108473
6
8
5134037
19887
81
22362
785
944112
9761241
7557
125827
644222
48070924
79
4190
281
16863723
5
8118148659
8775
6913
53
31827
6416005
17878752
442585
836482
2123000
7
6854
550554975
87
54
565592400
3401120
772
2
501
1292567443
5746616
875
8
99
8
71789038
7028
80624972
3880626359
6
7571
5141
919
5763732
3941273
495579
72059905
3576
5
86
314
88
8420
1829
19
882534138
5071
22683315
359303311
771487
58836
58
11017
1145
282470350
765339
33
1224844814
17783784
535
61778
563431
7240856
90984
685
419
918
7
2826
8789
527376
3635
77497
246
9474
1064582960
690
82
1663
930326257
17
439
94639270
684
1047540
1759822
7285510193
47592255
8
18906
597
9842864
5045516
73
50
9869
7415196
954841444
750
2139
1
139664879
14
7
96250
922
323462
14911
6464
321810452
6090198
21393
35795
898221108
7517370141
47879
395416991
7961
9376819095
20450
29664
763447708
406612
6947671
9014102093
4835232784
5268
6230741
63271745
8
54
839317011
6744
286538786
209481549
341740
972200819
10
27
6302790200
36423
5732819689
499
67
8057
648589980
6177594622
248690
947
92
77916
79558733
9
796
1621993
8080
757906275
9009559812
4574
73743426
884
9958
8826
433287
9
9876120174
6105
34
4960892598
856595434
5
845464
79
5684045956
688309
32
7234984829
293499
77913
4112742095
34
6
5057
672
9327
95
49881
98953797
6071309858
77815434
531773567
3549219
5
23877331
27432358
95432
4687436998
745
6818448
453781862
207672
48177407
3509
554593360
3588123434
56
17
2195
346372
76745
24062036
621769
37316
8007686
43
2915248431
61658336
5054
69123
68733258
23616861
290073
369988606
938728
16504374
72635
2735148
566205434
3595295169
177973
3
3096
55
22
5369
199221
560030
9974950104
113718
18
17373
8366038
609797453
3
17
77
9752747984
8600
94226
568462150
6443749808
75283722
9450448360
7
9068297
705
7983610392
2909566531
5033679
560011693
6993121955
7600879
9486
425243
5
8715447918
282
5
4831767379
4666
409
2493635190
2
151298
42208
96055
684644
927060858
2307897051
6392720993
71541
4336518
7309128734
80170
224
33710
316
77634
22
39
83192781
79250
3650166
8428557
55919350
99988
9354463610
109
233127
3992478
5907
270963251
1
231334
249
3255676
9480832
28396
638624163
18
832227
994
31631
5650413
8505894
4
295311851
1920
9653608447
134006
8585176
9454100
288014225
53766
97928
21242586
25319995
8
1392
5465
510
636
9
620
2824801670
1
9964931
6
136655205
450083
2104030
915
94
552691
59738
7535
4191
6229069
66408953
8551247129
6668
9768755
54655910
617401
5
7268141
15278544
92664
78965154
7594
3
57
96115492
4552691203
209284572
8
4608
722
320419044
55339467
5750
3402
9679
7141813
611695062
3
44015791
8093
8796
8394551
95771006
536357714
853698
517126248
876325
171
14599027
3
9
58
2
634822
38225626
6554919136
95
361771708
92122
46296884
894088
8560303
179
378
6658
785196797
109801453
6554234
8319
48729076
6627834
7
6937389
55
1945675035
9519900
2984756
93506
1557
987363015
8667106
708183062
195315
93834664
54856
20055
3057547774
97
7
3216
740
8508532356
2562
3
16
86
1008133
171371
826
82687031
6324137
90624
8389769
3725682
6
338473
5208713303
620
5879429
94
8
1476
53
908743853
806
49708941
3060194685
7208972
47914797
584807
288564
5237233
4100460
6122835669
71
73
8
510550462
35258
4
300
2
660
799066966
12506653
634
8
45241
2
9569
933968185
360
5165
943
33985675
7269313
560350
86668018
7920468680
28107
718590169
919
2082664
595779
43531
4215841825
2150326
781364490
431655
313961918
56
7859
3
37875
31361
2100
90
93603372
95384
3735799553
868153167
4558721
3457
9609692
5460286
7
4
401
506196
46376556
71908
72
93918725
636529
81923831
49
97
829320
8484
6697564
9011782
97902917
3435
8088606
7055
7742175082
3248158823
921338
41655
6
61438081
359850110
61
6455338917
7835504905
45652
7831724639
93
3602
1314010951
34
398822
533497576
7456089762
6
509980680
89739
8065451
52886289
36741
9
9191736
84747337
815476008
742222598
870
7937388728
9771
841263
89708
48
25893639
73
315119789
734736
494
15975926
7319
711
104805
700517
5650754
21579550
88
6
659
2708649140
70785
71493
73882
80978
3742167764
960456
72648063
7600537375
2
40662
25
7531081
1
8
6
825551
94559
7492647918
42
14666
950971472
4175
8996
48685
2152
2
3726044
6508985
4618
3571163
79170958
790
2389720
975
6833739
8107537
9
9557188879
149838979
774985
293547922
215583
22014012
15565
12791589
6331732
48
979291
158
7873869205
9
42467
1
4
83184
444095
9876991
7048192221
743866
503107541
2264333128
9709
204542633
28357
70513720
4847767
795538
2259435826
663794307
125709
187238
2820615
528
513134767
9
370
80712
1239149
620950
1276441
3962918
7
3598084389
653083
9
3316
9613025742
7140646943
79450746
5
8887939
166841
9
392
2
43
95
26648190
270909
25
2300647
9869048
93
30679
978
131662
96440
811
4160629
5660
753809928
3
1
713375
207670
27007
4826
5165334
49
8755189361
1
645958
1
6663
4
4305442
61
2251
197005
16364
2293099
76
8
434547082
385
4772533
26915806
68341720
6
164551782
88704600
4810657941
4030904
832
6173
74
67549225
475251
689787
68
899800273
1407
323778
76444115
7
41787
412832204
77982091
8716159130
68
517223
9232
137844483
693
29135332
73331880
8665114
57
448
7050886788
9520
11570
4325
99552
757875647
6745856463
6652283
1
115776
3785
410
6077984353
1515944107
67136
44
376685
558038690
1
95218048
691939
467734
786
74078478
412486180
3183527166
7004
94467
9749191805
44870
5
553
9969783
5177340550
1081207830
34202
9621488
6815194129
8811976579
395
365997050
9649081279
95
917
98059
57257785
7220
791093
605396959
676970
176726
41914
455957265
97310
1012414615
74007
876641690
70
55
5709793245
21491359
510392517
5995
881267
43491822
36497079
3881685466
94
757
9
7536953204
1
7396268
3387020
846895211
15052399
654732423
1959093813
26034396
501
29662
7661096651
4679
730
3814
3
12
92
212913230
5942049
65719
5845336704
3112
390475
4661
4291
970804416
1327903
329
128
481246152
490
62459
13094
5
918327999
30
54910714
686277690
692
27014
5966
559654196
57304
5211431
80
559895
49752628
18
2614279
62882
38
15718994
69703495
2
3404165
325284
5526
566532983
2
222626
9492735
31
9217977
4789006
5027349682
37862
68321845
19021069
4
37012
628126
8208374011
5297850079
2
4761
98553168
8
1464365577
8
71
54
6882333989
22
42
1
2
12
951
969935534
1302
1648
1
87866
40842985
7410430
5070172
712477518
3
173058100
85
3857178477
63
6627
6722
13451
1
4
101673
3
654460304
8315
94
47
41579
516233
7837522101
53099
3029422619
55
23574504
167146
74972
45
9010270
632
856
6768346566
5431706
45658825
7
20500
87325791
1
388361
49010667
799485
725507150
46940
59
3501321
151642
4124
716570
6409596326
585551844
6
1
862257
91890
823833
592
5577761
93893726
401590453
229
1858436
9674061
74151464
3
8680193612
4882770
965
815794214
3619
84152
3284402
33210751
24525241
9057549
402546
997
2822520841
843167226
66
774
519907486
52875015
2442017157
934385949
52381
143376814
1256696806
54275931
26720000
843
687
41
8344982949
310204596
5046
747095
7138
202
3712135
3369428
24817
5018816
48
2642373734
61
4
4810954
908
4
2509093
40
383716
8
6621413758
160
804
8659
486
89690597
9240932
432533
7
6
99070033
403535
4422
1010210
7523384
1
1069218272
430528
491557703
939
5383911370
687
2776771
9963
6062
86096664
44
874551608
69
4279
4973324
651
7295392
791
4523
546
2
323604522
4
6020317268
455
68806118
6
5
355
7
8613919
34164
2341494
2196
229058
5969624
5087
5
7821920
64318
616
118414501
44979
872
497
890647
180276
3517
1395836
2
2116898
990743443
28754609
19083996
308607
6632874
560
421
491
468731359
764579622
539045077
6
9
3
590221
68
824
11538984
334918536
7057664
7350205
609
2
974
9761280785
515343198
55
40696600
5029
923000785
5338256
681402454
69741453
551692
42834
564870978
656015408
50054637
9362492
146448
1525
771795308
43610268
7670548
729380586
274210472
766419
11610410
8
47
57544093
29
427263
2953713
2801
631594051
80975675
739102
97
62
380202
732
7019190548
2296262
721
27339
411511211
8
209121075
2679889
34457
459803261
883351376
15479307
865
2517
3628192947
7368138720
10232444
783907584
4
5071261
3100129896
10
93
6
94742827
4897397867
89678608
155394135
184969
78
515
278
7
255
421
5045
1806955
57267
65481
660
547
480394106
3983
237351488
78370921
286830321
819
12103
89
3798129586
21656069
7103813
418647901
24104
21
521388
4054
103894
46
940546
6
3893793936
206851988
11683017
9773
4223
939140162
4039856122
3
9453591886
85403104
68386
4783941709
901115
174517
5046989655
49420
9792
866174
9946
95
45
6312
3958227905
96553
890
1485
388
2
710027
909880
89
39159
5354
4
8876075
229581932
807
28068028
547967
4
8074357
6013973
163700
8492
13945
8866521149
327
21726518
492186046
50409
81547
7792028200
98541
1458719
78
492391
68973809
399296
956404
97
36622484
269096609
635738621
2616964
2444163773
94621
38671
7
193
103
4177625
158404
4113883
11484
25
394370
45
9212
7760
51
49784724
104425939
7590853
476499
96602774
2156
451024
9328211995
2584219
867311
5106
470694
9
2990126
45
718484455
645540231
9
666
7
7576031880
413417951
727054
3602004
608
2489
422164
765
8
8
294424
6380
1985
43
43537
671003467
58
2
2952045
4626523566
5894946790
52
660869095
63
1943118848
10
369
23
50333
117477
9
9602
984
18516
7646
39121
15401
9240148
302377
15425830
6065921
14
9
2
74
6491506832
598226231
7
555
2072001
7749066865
82893826
76292
1524537079
161051489
505454
1468022
317942896
8126169
9407980096
11385717
268611
944
3206548
2490527
259076
4688
96
175
1269421032
10901997
3509952
181005597
880218
979
2
55336
5525
16150025
7148322321
98549
40
155845955
431024498
8640440
5
673
57981079
12801
791785
84
33113
715232614
562257799
848698
79242297
7987480981
40804975
45933
557038310
739222595
9
246281735
1612756780
5522155
9437332
8
628522836
180683
6525239275
2733137
271435
9020
1475382
56483342
51987154
799
67264595
81431114
49760023
8371
7824861
3225
37831
8
2367114238
33963088
939657
915
375
7
2411
19332
5240
79548444
95
414012
17006949
424
94504
35
40
321576
912075
7204
4
32
92
27571413
253
934401790
6799649008
1
190
83443063
42946880
8364
3185068
57444950
1754948470
223680
12
5
73554791
8
1600
7
296974
9584
6
5664911
451185
8
8335
44066616
704586487
46
96055
792064
1
820550321
669
849
97516
3094040118
7799364
42052085
537
4706
141026
605990
14553477
32
8440030
364936588
4815
829
7187108
95
10
3
1
979967
18
76182481
1235606180
48
391641672
317
96338853
9
49242098
32798
166730338
59
60980847
47
798
1986
877
323894502
4282299
24
197
4068717
796129044
346
9637718
2
8203831
262692
41
5
9772547
5384264
473
7236329376
315
8362716789
926120
1737
575662
1153630125
8
724902905
2285
602
3123508
783633
842644653
610088
812276066
377662
138
1876
5361496
2622013623
58519
696597370
5434
964226299
9029505
820442400
6576138
18
4662133826
62178
194
7658
972394
7
9
2038107600
2
64
8773632367
187263
99272271
40
63665
9383747
5906
9016500
590
42869
18
667374041
708
786231
289
31568521
15243867
17038739
54
183497907
1947
40
66606
728276409
728672
38175123
8
424
524
850984
967436
69
938
29
1657110
35
368
450
62858
11
8037
72431
3
289
6013
457039
607
4887614827
9
8009
755475943
7203173
20695463
4079011
602
52279864
3
8
7
793166
9212
954595
59398
2733810955
260364
699609343
116970
411899752
85839
988138095
2045
85423750
478
54843
114215141
4
515
45
3282000
4
635308
40
1605005842
83
879127392
449
650
7558
126533
69972
2
17
6846491985
27259
12294
846908
62
1807
96001
483892
5683370862
453
533
600589
43077550
8
593
26895
717694
42886708
81156
340
3605840699
899080327
774
8399193728
1577739
6
7462934600
2515
3829897
508
7541262537
3472228088
937455
205368284
191253213
5
7
448
6201
56508
6659
5
71939604
3591051711
3
23739385
156388206
80899809
478404956
928
68624
2278639
5750
1184
81766932
75
48967
22046
46874
8014071
13
624402
5740870
9735774
534707570
3065
802837256
463
9111678222
444880513
9
28494027
633632
696785
4405564
91508827
31
965800
735853102
665
82
6685
715
61260
45896
143
6002
4740614
6721457326
1760034
101371268
7
59781370
8289549
541676686
81648622
8638
15077
387016634
7498
4219
58
1774055553
173
5009034798
52
15876
809849
93
6959
422
36336
6060
22
17048
193199
6
704371903
88035
9708158147
3148
6551041
227
95201
5117801
66754824
2
9520
8443756
2786602324
83
15
3002
4249560
906449962
4
404949080
143197
62
5754
2072
77
569
5710538
1855
372980
2815984
5775
42351624
6
7
85412
56067634
8
738893
5
9784763
131525938
96428
9218615431
8615413
2446366
2621872134
65
8943878
62
9
56502415
576609
408
8156
8338310717
4865
872952458
9020078049
937967
4
269125101
98
1401079956
331043868
1951449
8572619360
133544
49
219925
62169
5172439479
898695
89
8260016502
248273
337650724
596054713
5183831
2431743
58942
314
3035629
8
89933
522047862
6
3661
97192
248
1
30821
68918
7
70
68788787
4650266
732511594
764733
76239
7480
330
735
63191634
938
3708342546
1567
25677
6873
902
73967
100
2
463491
7660872
891
1422074
3
549549
9490
74990
57187954
79732471
767618
2487067
712
117607663
92113362
5157692812
285754646
508444711
8871614700
3925
29
286629
1
1173379858
298770807
24969906
9752
1
24
78
1070
5167
4455093642
27630
99790719
1
73069
38
6986675075
39
503
853476
46
386661292
1836204946
6
5417055
18479528
54226
2812673825
41
859115
55357
10895111
225
9
9
89532
99595652
1842956456
16263077
3431239060
2427
8675
9341787
992296018
773
8227
37
4135
6599157699
51
79063
738914861
87064
3942895
9819585661
9786012
7468395246
131934272
830031
661
5047193674
9430051
768774
4966791804
6304465497
8805
50
446687
6199967654
31020
8011248828
179
190258952
7
942396
78934
749
61726
3847714
4
875477
781245
3687
77812554
189047388
9171418062
411497531
5
406523749
9
743826
9671461993
53360489
760914
7530704
13203
9932072
715
18188
990389944
9201697
3072
42
6325
6539175406
951888503
6555
46547
78884759
95011
83642
327504471
492817
834
823933304
944491617
477503
5113
61749
1717
487323535
84667068
70
17863000
9970
91345
1
4443724347
178891
886917747
453796969
132506843
28
744091941
657419
360528
1962051
3
840465624
5746765
44965
2074336
52
69
615541
2303472923
8576
46
438137
7745583680
66176426
75
606320
45534
3
8659439660
80701041
8
9055
35013379
5539
165269323
70971
736161
29
968
696692199
585
5200253
7866746
14627871
6500888
1415
17
9385
8075
323224611
2629
51
5790336
9128
10557
11957533
20
99082
47
715628
688
8845170102
90989
5852079
55252
98738
903334
8451879792
1820
758730991
555867
644981450
1016722
2034741397
7
616708
584
96
851073518
1
18774
8671
544
87561
5098266303
51876
6236574207
243781
600
5911
1280292205
542944
586598443
5666344150
1
352185
94
970
9413971
24
8202
28
4908226
67
3952266908
8025
6
1307
2304
20
941841288
170987
5
8747
9972672
94
890
6922679
2
552
61
880567
2239628228
8008378877
5277823
8991
566
95
40333081
9960
75493089
6287
91351
959688
3802
1819720877
525460
9
176227885
54746992
2
39270
10
425030
1
4930690
217
8591
680964
72682132
8
2625
1576672934
910246765
2269902
111799405
18
2683158
11136234
7043261
41508637
34360776
65047
788
23324
24
249169
9
10953394
966
99
750021
616422415
963
966502
96571116
88
146263312
7
7102827030
313
6798515770
73
652049
3270
2
348076
2
2776602269
26683303
6069579140
5672
4
756904
26
4621698142
456311
5474748
44213223
275774488
2440470
99
8564
8200335095
84
6194378318
4631258
1298
74959
114859323
7
99491251
70437749
88605534
3549822
29542693
47691
8372779
3470375
8605469
79347
6360
13
1845444
1162805
146133
5
885244
203025234
670821
512672465
8352
5
9641
2345049890
4
8324
76589482
1288
78105849
6988334
54
1529
119
7652974661
28881
4783908
78971971
533911406
420551
7388
7483
455016
9596
354172
622
452085135
7348
4725147110
74537
874518085
165317241
649
1173494367
10961228
6596248310
22440
3680
520
17292820
3
171245465
842668
6
6
13
3
60088927
1
311930
91071409
6415
90527
64
7682818
734
6
6940817062
52213
531359515
9098
13
11
1
86139
7384650
690079738
55215
61
62486
6763249992
101117698
71059662
4483945219
9364
67482
793770153
61544785
27508269
98769
3655
50
43
229544
5237098167
8335
480567747
908333272
1942
50
6
35858826
7
8972886
8174707620
161941
79
76
872740942
841149808
868440
400
85
662563
346
8
93087335
7203928
677162374
64
8916115426
3829108457
21350036
3
61
891
13
440
5774
971
672
4429304
8113499
830826977
9672656
9716545525
6
5
355066
67518
330618544
148165
44
9600451
87545
687345
4524
85984
4689613
788083
1715
9834610895
43968
960682727
1129787198
9615333
39520
6
6944578566
221775
269937402
85357
786418
73690858
182819
7022831
539
6
14338
16288333
6
60768
588
80132956
165
504
1721
130596
8143753
78035880
6955596
405886
42401308
321005
8742
717
7
556977
712
41
81174829
1879722912
45
52
77212285
796
228
537991105
1483091
49446
232
48
4
6984165506
48995453
82106
49051
579587
5968680
1915
5526849
258596522
66858801
8035
111869979
337
1
1
95892699
1395654580
162235392
2
4093916414
135
72239709
708
244492485
7
397
2207755
90085
45253641
485
6295
42437
646272
5
893
4964602110
71838816
9322376
489
466
1
96
873200
29190390
420792
82754237
3193
4601877988
63
2939380
96
255
14
592
5
277217
60207
47271
318151
320584
2540233
3359
7170391
2050
33528816
8077359
88
15616729
32
16
2527
4
34
175455838
193663
8196863734
6153825853
164327272
415
56
92230774
7
2578853
424109597
8838174
32981984
27649
1434946764
6
888
153335
34156
8618633
46186
3
452457943
539470748
376
73201
85559
814798
647690
20969
6246762177
7955
117438
427934
42
69
141
91
54473
22607
91288
1764448
9060605
4
42
870362083
9480
2585338311
9622
11187
81126
773921
4
5618721
99041
968373374
453
470679544
9736943
826357
51793
64991
641590
91
55
3767762
595118
7112674187
8500125
73983697
1451
4058003
312647
2427770299
909
52
23894731
830941393
6825704423
37
608469046
78271
7
775
4
2732
375628016
11
38997
4
56
258991
45362
45
1367857634
71891266
3402644
2
574
508
41869464
7176698158
5
526
7761971145
524
49773142
3
57
3464
558
1028955
222
1372266
77230589
53
3
7503037916
5
6
9379760
7038496
3086427
5199167813
219461877
466958145
2
886
264183
956
4038567101
6
88434080
2379032018
183468
5122
95672
4836134
390545
111085
5819258228
72
3989246
136
167
20
65844685
2613
31
8
596375092
78
951531586
5890792
41128513
32112490
6921
45425
83926
94584260
17467162
170225
7384
5
6073
1661423380
7328831
5392858161
4028543
1
87
91566
31333
515879
41
67966241
7973256
6
4086
69829423
1738619
8
33153
252355
678423
575
4
2572772937
897244608
56917
5684369112
8421873
9275271168
7
6747121143
96079971
5765052114
7
933398
4
458
85631378
720093132
998488
2513557
86
14612
48228368
1543597
55429
61010
4483
799559
8857150
9874089
2915927
16
4358
89131
33793253
8047322945
655218663
8438
9992670
40537952
4776566
349854
8
969
67251
422466
5358
92120272
3395072
8
603934762
7385
39355854
572392047
6005
6
765828
624407343
879733995
3579
7
357461148
52860
7
99821
23303
2664856521
43
39365392
54829
9
424123338
5
8
6
88459
7962157
798448585
9889
5007
98911951
2809599338
88569
5576234
4074
9353405
298
9852273845
47
9
6454
105
364372122
2489135018
14712
1
650323465
7139
5731666045
46207036
52557
11
3690902552
1020
2494565
7169
46709554
659
2
310618125
4721877317
846215531
2819414
7961
6459251
84647
57499
5780444022
2275044397
31949444
221059
5473
40479612
18651507
3920
171310116
8273486
81374
86461491
493
14
200398383
10
9992
4828637124
22365828
6
579031
6236340697
208358
658443
2719279044
51733
6383320828
127108261
304
56
89
5789
643101921
45
4
466072
9
3175805878
379287670
84302
8
70011734
7335
347632688
61
3504076941
762
638
17931520
58186
17231310
357266847
39
5328655
6
408333982
29
873266261
612831
9
81580519
436
9810366610
6838554
34356
268
3
34
22028
28
97
94593148
20291
6436
13
9410
32
701292939
4864
717313
8749906
72890
3659
9379
95985494
2380250
40
94748
4041
1
514439698
1
71079301
22018
40005
2462
2326043
7950290073
4427
91
7457865
1435
7545354
17254
75
882910620
2363160
72403686
5285
9722846738
682349
394044
5248768
30
5667761373
68613
7
9582137
5835182864
69
5454130
3692762809
8554
774
8104039297
5
215
45
14410
71835
58
9
63
880348837
81309
2798302
454
265
8117
5492643
434
871085
4674405953
8963475
737899
307161103
8592669902
778798198
281278874
390938011
82353112
95
1
627276959
4
7509533
20753901
2265
4063
3849193598
845
572457
1130396554
534856844
1520588786
54856
18662931
211874358
509001618
4020515136
17254209
6232
927
38172669
16555615
52
47
3039508727
76627514
4045543
7722161910
457
26700
64
449617608
789145265
1377
494366748
54
7289121
8604063779
99189063
20220
5353991
3450
24232
7
1750765504
390554847
786187
982
95909
84035934
91995
676556107
46393543
549507570
110925
662214708
88
7
8519977
36701347
9
736217718
7048598118
86201726
5363
93026
584646725
762
956210
8354541763
20
96980463
90942
252874233
7488
539
87246
93540168
24
642611
275
8151659
8675171
366004646
274
9416266
5
1
217443
53322600
48072458
585335
4850329203
56650
54
2908
743557
1
6934486
46268065
6104575
1621
807467
5128893
813
887
77990932
33108
779
4646073
832681
62748
1550662192
156
36601664
2017
5492736369
110
1122524698
797
814
5
3
3
6641328
509
197990
194
30999
788117
5
47
8592
20702158
41262414
3840493
339
22280
4966443121
5041
463266
11690958
49
173844
215
6680583301
934186419
51
7395929360
98443
19866453
2
3578696394
3
6474732
7641691
27489
2
1
28812
2053063
537565549
4524
110402028
177169
683781
7240
75968339
2258098
50859
9598200
63338507
669658
655803443
21393253
34244
52340767
28
996965
1887804
259
5793402
29
2843
69114
9690
9
124074302
84655360
45
12
2140063218
500631109
35725
6
27537685
66018344
4
1717
9334559
7862
602
85814400
7
64950
5037499391
50
9391979
4
6428
15
64
8161023264
1840700
80
99709639
75307
9839764663
3109314
198348356
2460866
64
8927
52228820
247732893
49
82
8
6806
78899222
36759215
2959486179
9369470503
15428442
17738071
5704
8452823360
940527
74785
306
4850
4317
555838984
880511
6090
687406296
6004321671
417
50698049
9809964943
38841219
58349955
38
29608846
1076130832
5309609
1
981724
2846658
2756048
8437807
8883
3961988
1820
86222
577
93456
630330563
858998683
5808
23
49265841
432327
112
7377
435
4
5801
81385
30
64263713
62363515
4437267838
4
646116
31649
24850
6300157937
334
62
47371957
6
6007959
5
74681
5771498840
71935598
11934803
64
8
7779775
459048
658
926356165
46
2402876
23161008
47308559
44983609
113246069
7209150950
2863
93260
165763
8367685225
631
8230025
69246982
6
91
6134
61056
8644
1
16591144
87282371
11953963
4279824818
13650587
541186
735
97408044
396
191393067
5224
6592886482
7451226
56
9
230
3506
360
9284
1743667
54379190
448566205
46249
30
9
8255193
90616387
4392
1501427
95
74328
212215680
5
2717
64922
27234596
27103675
6479448
7912
41
1
537968912
5490373732
7
2574232095
54229301
699680728
3
5
6
7792
9207482
4261995329
22403
8499
430552796
6499649189
6879062547
801580
5490860
864644
807304855
1343489475
45988
310989570
422800
39097
68030742
4685794565
49
577407
8156004
899753480
788959365
2884
387776
7255023
915235
163
25315111
811
63449
743
1987477422
33
40177
54268
9438383989
92758
4068725554
7988
386474
4366729
9341
1149103807
2681751
52499832
6
837
49
102422349
365724
3108621020
2320543
1015314749
761
23268029
396014045
37159550
8597093457
9481800185
266
7167025934
1233972917
846
8596909267
590493190
244627
4445367
194948
730049705
5834843687
491
183007624
4895464414
75
4253940487
934045258
2457
4
6534
7629017
8428
63
5784593590
82555
496
774874438
85308
991094
20264412
249464
6913
53
1422110
620
25147
5257
73
491507368
36
2014633
4854751
6203
5592
22086675
614034
752
470699079
246911
738781
30283964
26
9452897
8476460
8913466
782449
99
8
5571119
7444439
6088277
88413
579831435
686
6240174857
537822
9834792
9260
90
58044984
713476
53721137
26993
3919053
2
4356
7054870579
2132
79785710
7057767
13813943
364019
429
460
7164
6404
71
66
941
7405724231
6
2132931705
67
626938
669300858
52372799
73174085
27538333
3
8632
477279
102647037
968
52618
229361849
9437080
7535427211
86357
76155
757
787504707
777118580
45079973
69
212396
640515
9
1045182902
763
32443
70463263
6902637
1667432
5306860111
95410715
979066319
29
853315567
30
2863716681
4377525
7
736
2
8990486415
84687
9606921
511199
9
8
476
833
6
4
2093807
99350
5166150
3417711
47
514016
28504
5
5041
7053
5636107
7
927
8957505722
96464150
601
158
899525
1342091053
647905337
9661532
8293337409
10
6055514
68621
484
6392366751
2
33141
3
34173
16432213
74538690
18305
4765073383
35812533
528
3084
81331016
29007
393765631
99
86177
49148
22749388
31
259823
16
3966
997
831337
449
476694
56955204
5865774479
70729067
8
2246434
3464
480
766101
4
860814
8039
759
6387797
221071970
63170
91
8529094188
149413
5914
3845175482
50065
98060999
4
4
686994210
633344
3168290
33605
8943
17294527
5796294470
628620568
814059345
1833968979
93
712752
93102
1198282
161239477
259361022
3
10791847
93
8605398505
76399
8
7335675704
7462649
1185122
1040130474
7
1
314525
595315
11
6863614965
261047
3
17672
5066775
18
1705
6266654112
55984
18
50
16
715338
6838
6005
28958141
58
45617906
5502765597
69
84803
864
500
64819
111203701
41
78396149
3
54357888
2
15
313
2171
4272
34
899448
11444381
41384132
798
34214024
73727
77
8005246792
59
5976714
9047732
54512459
80815857
44061667
3267
6960
5859845142
706
8
911590
6658401978
81574562
3276
963
380
7835348124
8
7044856779
87
3320
1957079132
275
990711
2088165
4390824042
89471155
251
473677
8025843
11726
19
983722
187
79996926
930
9409759
9055021
2830632
8
895571620
138948716
1906
45208058
72732
3473381
1111322
85714290
79615
5
5580490117
916218142
818682080
372983746
13809
40690
751
7001950996
995753
1545470054
499934172
935349270
3957
59352505
31765
3776
2778
80882600
1739040
91
832647
52164136
4842389
1445020
995040
624047
6453019
923335583
4953207
46
928065428
632
73774
1458
5777
24735
7000191
7
38
13733952
7733699
72834589
135
3
274169
873229
33082
4579489396
7256111
521
27311277
2431108055
4
4481
55093
6329
67224647
94119
153022
65
22831451
589967
537814
98556
68423688
410336779
876
3401
1324
77208
510
4688922145
85243
1324939
890211239
97510
5487
490
80118234
667203770
63067269
7062250835
8
74418
803508
987
246
14
391791953
7983
6322745628
3418463
2692689164
9048664
98
9256
729049975
80
7768391770
169612179
1
14464740
5016025307
346
95927
21
307400769
78487
2
952
4797
18
575845650
18
13
90488595
39
2295
3
31931
81
20478648
18580030
813616036
38
94954
5538958108
90
26692762
47281534
841
58388658
2
9023
105067
854713690
3
921680679
3291
1
78032
33533
26206
533722
427286
4
30
20823
67239422
348
938
31603
923
10
5803386
4
9
1646
6695
7
8406391
6
9154
64659638
7357
6
3323727
82
79095
19
12099
2
1602
387045295
2
562
5017
6201
79056
403592400
5990111
1
7
203
6318
68
3793266838
8153873
991471572
487013862
4996
9517404020
463710
827311
493
676578882
1692473
81
4560674
5393306
2271887
1541806333
1
9624
719
973
49
57529
6
9736882233
254834
6404472
3235
56309
302416
8127
56688
6200
512401
240338694
746
2004
3360
8103553085
7106968
6978
1697683098
907070380
24
687
360
690257677
59390330
9655179
8361
8200450532
355568615
6
567732
3180526
2691133
983489
8911547202
8
861
814069738
994140
644
96
908334
186728217
9246
86528153
1
7175211
15
168
34157
4190
13171
16
77620970
31
8
142280231
36
569
64
687887340
89420
65202203
3
160220869
361
98097
7768523
738
61990225
4036
54
20273
46440
5907
512
3186015033
79
340
82
86554
687
6747925464
4754544039
94145
1491
9444406
2739167192
626804
5865723199
67085520
10784
9222817544
305074228
3068
74608
7626420295
5849
756451
26709148
556
51850
1566809
70161529
6
894869
3
6014
1770991369
338453
7
2336689
5126554
636159742
1478738
6
7071
981983
269871811
2
65
83231778
8773580835
9
8
3349997805
90926
8
657677293
19629693
9987470
243
4766287622
227330
911
9173772
10481324
282730
2642064378
22657
567453289
33664
5993877209
698
8765823417
6478459
400
33440603
2487769
20836
64428
43
2967
219030
439
237
814390601
7085
7
624326
6127722606
7103110888
24670476
956602736
490
9108592
19764268
22612225
2
2913
13921648
48904
14
1480265
636654
84173475
4841478362
41004227
4
7633742809
551933132
452796
2502239
63
2
7264812653
491
41433089
16124
37121778
229523416
9371
667505272
7
811
65528356
1706
802784
95163360
86
678
187714864
42
591
3059
1267130166
406538996
7
1
279
7
47292
832791334
353
89727
893
8498566684
2016311
77
968
38147
24
5
11
8713890958
979969
4773
332531
29
9
340
77
334715
58
9919
7947574114
8779739951
35306
290
545
544
664607748
81656115
4221204
200
94047
43
69
21
4
65643897
61196955
5
7002639
4483
241
7889
96628464
37495
1065144992
51242
616
3
1646419
560901
6341
8879
12780
27883726
56
5491
30813
34
350930
7
505166
13005
691331
925120512
9
8
85570
839396860
579
564
7392337008
2208932833
133
903091
17263623
7
2193700
25
77508942
27495
764805049
2
784105194
6
161022269
13
54373
130636
3521118
62
7494010232
8233072
438
195642293
55811041
5479565623
46
8412275770
59012589
394
698709
1
670
81403
36
944373
37053
8128154
79
15462497
300810831
10
1245630
60360
991360
281609
796713
89
7877736033
347902000
341926689
663
76
940258540
419400
8291
25
568598275
2
4757
821843154
6616
436
849013784
9
1177
1746559
772
650978
21083
99
8681861196
10
11283
4704198501
918782
252489
256093924
53954
24
837111389
5091195
50833697
93988
150094
244782498
82189704
569043832
32060
7127
391682941
40
744674
832
1594897
33741072
5275
1
566361
296
328965613
472504
40
4
86
9219480959
35
239485
49519
9990362
52370
27656
33487980
7667
7
471065
793
2215255835
34
63
5123485
67863
52
5208
3891344
968586514
5681
5125272153
89800
82
77
6772132545
8922092094
590
8
4080
1361464469
3
81820
1
127704621
340
8065
9946362982
7275649
37543
906095
26943400
7
2
17305160
76954
69109
8883411608
3308094
183285
7393530911
1175639372
879765901
348
7
5
420920
1714510
33
391
9399570477
132
44030
9
6
9
796368
80343
1
6
3
638718
26128344
9317471
76614
40500
3266
81773081
40676589
5146631
217610
2777
2317
7
1053027
9722446
8013365
455340360
57792
61
1503723
22
33
8780495
694
3
726545170
9
6949608992
92359191
78602151
4533
1403736525
493
19848773
210479908
4
55363746
29308
9505512
37786
523
1
4909346274
30446
75334
43615175
9351493
3027
91432
3267190
1
792584
362006
7486242
577
262
5
547834659
35
82166
29520
36858
844217
901030458
720622
9
3686179
202
92429740
3206
44507
56968
9559028
15151356
1672
227138
3315680358
7
73311
13483
72804471
252197102
2695625635
706
7777079
79565
8732280048
955
8
2029145
18928
19203075
551113537
90921331
527
285967
381937
68900
44265
5213
49
8939255749
976594
6513197
406325
27858
157338
2410096
3
63
539424969
63
1402597
564073
69
908
8062859134
339
286188
43409
834391746
941996308
684
83352623
1
8811441
9818609
9265
73259
6
5
325
1706
2679
190
50
7295947111
367107
2
17032164
195807051
595383
122432020
36833
12997
87861
64022169
9
99007
8926937
7884063
7543353578
900
1984193
813
167679
9386
12082
37
17
74
6
5
3005973874
65929
858567
3
1817
18725865
6506106
4
5603877306
9522
375
5233
2200596017
8220180
249484
14190785
129
60
405029328
31104
4780
6859911382
1772782
25123
664110193
620345
6
215606399
369904523
8
6
4409
94
984484
636495
9290624376
67623
85
4
537890
306418
742086942
6976
22509185
65
689875
1918409
5160226501
359368
486
786401
9415
22104032
9307765
8266145
6
3
5267693
1248050
8644
5651
34813728
7812
917093
2354715050
3478751195
124
1750
72084
2
929380720
70325377
6333715
4509
2121
31
31299711
86
223450114
5
9
211259
7
9579201
235677451
86
99537808
8436382
59723093
4756
3
6414278020
7
915
74660
302
87636771
43865
473
4
1
177
129754
281
638447076
4
83049
4875905040
13455
34909636
66485936
432
24791986
136319
71452484
6007255454
5361787
956989
77698
8
4095449375
388628
90732
3623483946
27553
4430636027
4
515471462
52
966160147
831358
827
2508239
574191307
5257
155992
74888
251595
11736204
1393929
8721364181
52515134
2900972
4
65
8
7205245120
58152
124191
6
78060
9
51476
811
6918778
37355797
9004190
46381408
86704648
32
2101475356
4
4942989176
832094
21
88541
909425
63
753532
1721150612
5504
75955
76649165
1786
58748973
87823643
920
60092919
9425040178
5
3
267
3150
401
7392
13
1993321
24105
6135030
982872479
731237015
82781488
489014
14
6739
270922391
28964
4945
9863429350
87318824
31372344
95716897
4418862233
644
650699132
469687
1171541
62
4
508
389208
5
53731
81067503
2211
34839
4628140
45064
2
285957
816157
71
390
560
97
291608163
3842
3568
65210229
5645
863
9596564
9
7536330321
899864415
455235
50169
989
484
15820
4
892
7168
589
43301
50838819
770
4
92575
25619
8343193
470006
8482
60776590
888
3475910503
99412
2646554399
37036
9726858838
5585743
9061
1788
1264
6092426
889627
52661
370047427
62
7374131
864158396
79713
42
64346
95967420
323
50
91431277
2851578169
408605643
281521504
3
270
73
480
813
491
3777128
90935929
2
6108
277266819
1556
1814221551
5963930
9660
4956
4385
69943
13014
34
6362
9769
8
157
2429017
3417944883
12
4320
294
424
7
747203
220430626
1926
97077354
5214249
1
8181271
3898881745
910
50454
67
1096639117
7650
16302741
399
549
3843943354
17246
8865
319622
99
462
5253432646
945
836
2
929
7159
965675
161
49405611
360428724
313500215
7790270
2688
42682115
62
9
28481
89663234
399
526056
163324168
4748
9631069
72946933
4565
5965
5748871291
90
637
2113971395
9404479108
1795071794
54
884452826
61469336
549765
7002956
5085519
2550857
27
89
546
1512728
1298
86391
3
15693518
415
278608800
404454
852850
59271460
551
3923
582
98
3180074
370
21746204
401308324
53436
405442830
95600
616863088
774766
248
54
3544786
3
9
1376452
228825476
25213101
482483548
441
4
8609308
910
2720
488
863
62
4336895
1629450110
33
76644771
5962331102
7516
5240
12123
731467
2403
7715
4871151
5661
17272161
512135338
213166342
647451
1
5478900327
46686732
272
87
23542973
772579
910007
93434961
8657
5591655428
57223
328
7358330607
52
76
61
965634
21346956
1288
2718
826441373
46226
2909
242
3548
7
6638
188
4054811349
8648828753
3851736
7500425635
965
32486
36455821
17796
3660519997
64699
417
7
96
4818533
9462337
48
6119
9429503062
891912
4250797
1507181385
76923
68746
28
2663
3091785689
391326902
8
5449
964429
9533280
980414042
2
8
66019997
981573
9
86950
932014
21222
5
9
22401
54734597
38587
6
614261796
9
66463
623196
849
5
962044292
2
579480
58740
27290
27620881
19
74945
2
811
756
165913126
33091379
893844769
411
42699
3976
73017275
2296497170
621
4033781
16
74
3891525
3192256499
7528395
78886341
74104
4706215368
5160005
9
71165379
756
9392076
8074818576
9252
1
94297763
13048
1
38656451
651727
50808
13310565
45176
139
317
583373038
5807
37206218
9
4
703353
1496771684
45368976
6
716615
7721963602
5
662677453
102854
701710
499344
3186834
52543965
674
100586
7959
3551464231
9793591906
450106910
9826428
92563
303
68195
398767239
442322776
52
35278607
10040710
25570
6
35
803494
9
22800678
5808
678569506
948
1559738920
7
9195608079
276
875617638
50249
7683
44
882980391
646365124
72733
5659772238
5603
735835000
4126123
8
30
430788446
1602419509
6
81691
36
26
81
2
46951327
2569397285
4069240684
7266
8905774
9251283
45324
91319638
68861137
2565415210
7285558
6325
4
887111241
780
28
913
3
24351
4781
4301
285749
70039033
38
4979
8663591093
3281446189
71107171
64745762
3729
2568425
6
45
5376
4160319036
97
38
43
7994779341
9899297034
48654046
67030066
5742173
54310285
4287
92
1213223
1821497669
852125
9
3965818533
5426624024
5794
7
64146
485894408
7850743
8035
298
751
594619727
2
7385030
27573279
5524226692
32963
749729
454
2759
5610
2556547294
37906
69544
317165
906
440686
665621
799469612
9110039074
38815
46433250
7099227
9243732786
7
398244668
1557518
496
3
9930246
8304667
4324025398
759
93179111
39724
71742003
3823
290
712957
58425193
776138
41040342
18721008
55846893
4633888
49001
292874
49
1011475
92
38
350
9581893481
13
217935
99144238
66125
4
21373342
64792
2
681469732
7362
54459
335
421069906
6981864
32
73
55
97665
20265
29598495
114571417
76454
97
2893736
46200111
84196
71563
7325
99830
40050031
7212301962
82948
934612
344736
22077
1
311813
1823
5219911
2564087
4
13
99461830
41075713
4970878
67580
4
63486186
8104
6236034
32862235
1
854
7171
1092
798
55
89711317
9553569813
6242588439
19719
4570
6798970
8
9
79
53
207879672
50
90414
27460
8031266929
1
51
69372
8743332
3329537226
5
4697652
222536
1
4928786559
805110
4152792
670
705853
6134
29750808
29037452
483
3398
522823
1029497
517221732
7
3
8355
8202957
2033
4573
26
7
4059670
77736474
86935
3941
4278647
243437
1019450
600027
6456
46
41040
89
3604004
64236
74
3782
222677635
9682167158
355
27903530
94
544530
2
18
183540
88
4079593
167529582
2860535038
2
81
7
4923131
1591
8
137
7567
3693095297
965233774
785828
892674
3325559
718
94082114
8
984238379
7465879
96920
6807762489
7
9
93
890565264
78875898
455
49497576
9
17863
78950320
420635953
290
4077
71
377936
549
4
72357
904751743
89891
3369760655
25586
5
8693
287424869
933
32445
912949438
497360
5172823
973479
8297561249
948368
4740
39253248
41069787
1147887315
49087
31041285
9406783901
6903592
16705
590
6
1
68670
9061125714
339586492
66070
3394
3346664
881285506
7588257805
46372
65908
1084
269064677
521435
1628
54377
2970
9837
681
8979773000
6564076108
12632755
6
74881
993288
1058227
28
46276415
606783585
4
48921779
440202093
86970240
6
1
5807
417376
293
9763347926
4148041
72522069
9418
3643458
6335
32001
372
88
86473550
9045418777
63972928
176934457
69190524
23831
15180
93410
27
8332467207
1427363331
5989733975
8
241
1664274
418
13305374
1874
126569303
7695094
54
22
216
78519
121079
670181
57873
6862007403
483101349
412
3249
11
548857551
922839
456798
1084051020
921141343
484009
4892
58708946
557309
45
4370258
65
3355145
9280954
209060306
51142835
19
8
569500
7267109138
2007
630286224
1
390
7065
5041629360
7
56
7
416681605
270063580
363235952
8
6950
786
203
316767
41
3948
2390806
597140993
6158824
95481570
54007
683
63802420
381
670170196
23281
45
97737640
639309
31390960
487
435192553
141
19
810043947
24000
8
6060122
23
3744
2
293
270749821
3933918
995
19
17352
3287056
81404
9767103
739428245
9585438
2728
96009291
785
999
790717058
2
7712832
88
567009026
432426
2
31
9
109666436
82658
6
3258046
37
46821589
92559
59285603
79
7378
5857480355
214308224
9218
89087439
42
75772
7585
416405
732321
3397472428
2746
43627939
70397941
390
36383
479020
4460
76345904
183
874606
60
5655742
86
8
297
1022
99
85122
45745
817062051
22
371
47667
42
9
75741352
5268425
34648
865
6
75227
9
96
400918
777849936
79
6361
5034
5331786916
618561766
573658
73049901
231130
1
650098930
184
80891
42636
5668134
2983
772754
159
157
209643548
285499
90899270
7248
72590
4532215
93444
60429
26
4
42203
202433410
323686873
4435210
120654
5414
442
77058902
950100
382812721
5185
780163927
4
20677
661490
227
3
821
6
966081634
65442
51
37595
31465816
405
303
126946970
9864
17
647
71
4848345947
208895171
16614054
464188805
563770
5241720462
254655
2864305947
7932929423
7252
1045550
705
877063
2493243
1131
4
916
722
6717643127
57286
14098305
3
655123
265858
14
3396736
29689
353
752
4325
774865195
97187
34577
510
65186452
43
8
130803
22
48
2393
647234
224605
69
77768544
9231442
353
51070
2
6
7468038567
2658868
5788063
73452855
980358499
709485
8686719561
403787578
37
9209
81642
902704228
8430591648
288008705
28266
826
712
99301439
6190
8559185730
3182390
53078
66
9082904759
11542
5024
368603
395
4480387
774248824
9
561
8070903208
80308647
487227161
41440431
450797
981590818
60638
8887758556
527
9
38934160
748
76
58190885
58551
2656
91313
2833
1070
283
697
7278
504318
8
821
393748
69
35172806
21805
8183159
8990717731
465173819
7613511157
143
9454
909859
7117
220717562
440
9334
73
7
966053117
4
3017729170
8482914745
354470
8
77293
6142
900962261
1035185929
9265126784
871
34
453313954
6178862
7701337
59
385637
78
32
88447750
910352965
6305
7993271
21671975
65
6
6
49408
8029
95637
80500
332471101
4130
720
898826
97
10
5790291656
393
12476
45
267880
9670346165
302718
848251127
658718
1
89613047
96
2051300
2404622334
5
1404
988
8133161
5874822
1613
100
814583
51731146
1
278
1094
311968
257451821
475908
47
3905
75616693
2
413
8954
3
409051
47
18367689
618356
309989
7318
18285273
6028
507464
84130014
1753673
7253068
620469279
333615
51239
18126
8
4
5742345
3597075
77
297689
7733311227
4138
3
8108424866
234711281
5
4361477
3786
17
171
336929602
7283338897
4190849
2401675486
4670727
75
75213
963051
92
8327
3
2661931
82599
812714
5
383
62018
403
49848
55
78156427
53
17732
906
9770836
697
65212
421
2
4222
71826
3847367
4
12
1764000213
282514
9123869
39372
4524
7
4594600344
33688735
259
413997129
81
374305
385405
2769664802
80
81123
49965
97632
374469
7306
25719
9142945
7892342
2058820
22948
705356761
222
6
8020
41
836895
747367190
9683547354
96711175
71680685
172063
172
522013
2
3066
13
2034
75207901
15199
82349
192036
446688
935575904
6
17
589534663
9091
39
55
41
774
6
69
163716
70
174852416
665408565
144
81785
24
3225
37003
2261484900
280735
16728
224662702
11584875
5486326
47099
69
575415
662
229
14291
52399663
9
4472278637
7982711886
195902
8132859328
992
464539659
655
7154
23342
50
5
4393421
6960
4305
355
287588
7593462739
6
907209351
24
7
3162580044
18410
390
673512476
3891359057
106361
5636
91004001
374
70
66
677272
114140
69
3064631681
8821129
6637
44701230
201781
80256564
5433
5
6623
549594676
2535466188
5358233885
76
6
91852
6098145
6946
7
7133
227193
647733
681317584
677
4593
869
440
7542821
609
6265390053
3567042825
7307
33500425
3961232
8865987
5695
589422
6630725
502037794
9906505
82922646
589
5830
9070903
252193483
207
455
28262
98
8
47173266
35
78
5168064061
99
17217291
9
287538705
584563
51141
35
40444
174331
1421
273907725
3564175
68970053
285863331
5550469
58347717
1617946
620
677
978495
51544011
8311837810
749958815
6
1865003359
39
8597
273
734
342566052
3
90763
767
4713894
11627
9077
6
65
4
30849512
8276
986879984
284
8
48
758971
86
771
5410380
38004660
6811390307
53
447054
6647047094
11
64101488
61
647527650
6868126
630387
58064192
32
319
35885
94
997
55635182
93186754
818166
995106
7522329051
19
98
8148985258
6351422
9315378
6012
122838
22040184
360900
6733
3793095675
706
1987908097
42891
34980
4235636277
8302964645
26
84
5823753539
2184
3
4219
18
5
46
46029
4005783
6285678655
5228595
8294
2706
449392
7688
5
56484
68547
67462
854
8059755
30
1095504
1492759
40
163587409
61
3723
26
9377232
3105569
2303153469
80944309
1255455
8605209937
527830031
98
652
74354420
238441
8
331
9906
609
190
9414821
517057
6364455015
479634
15939
6246
116734280
37995842
370311
920137
940378960
80142
9909420826
2
10
2615219541
2555589405
88
392018
122496
3561918
61171
700057690
1291
56183
84
105390408
692887
6
70561
9984856543
6
669
864610355
7495
654756
54859
74
9623223
73
371791
270
8418511
67
43
547
4670
45
3278
8225
408548141
31124
2952113
783194
99047628
367
55008
9
65663
36865937
9215239
4
8423
9491
97
7
491276
886
280770627
411997
16872583
4146306
53431888
82371
567
3
7
282
3
644644
16046
42651859
56084418
7932727231
8
37752
220
96
579118296
503081642
9155409319
629267232
80204277
95
909386888
37747
1594829
41
758888
2610868
5975
5
98
290976
5717
6
683
3259
9
42537565
72216010
613364577
61233
94352
66135369
15340715
62
4
74167369
73585523
57658
45552551
9957321
256305348
37026628
8722774243
389
8
891
3015331
4877
55019
206403
8
97400
3060050
51897
257097
9811904629
5101
563
735
2797593
72654215
68716012
871099188
2
5640707
338
6596603
5614177
62941
3
62786203
6
95
641389
96
75697
152
62624581
5427427
596735464
727390087
384
3170363414
671238635
1425788
132900996
486
773
470687
58
841528399
74334
9
559408151
5980970724
8518819
526592
823360
611383
8633803
309739147
463
8448946151
7392
3652877
55321298
4812617870
2574215
7330
744582
4
721986636
3088
601
99747114
37
7671312425
29499619
8218
622068402
413761
1
79591082
3322
460425
65196
6388502
60076125
666
5
106339
264756
290620
9437951
82476456
6406
133520401
7097344541
2617
3739
438
153750342
8379080666
3030
458
4179
713678
779466
464329
612185805
5495874
8448
87288
8526497
1080
75726
6
67381149
87268
10
7644227571
681807917
93614108
853352398
24258
38511
727
20948080
119583990
6027158979
695631
329
83107504
57336728
25
80
6162876644
3925184
899465155
34
630093
1
717341888
317164
421
207
77087
3076848764
37308195
91
294687
1860
726891
2619656371
8547995404
6025866073
9745
507390
6719920739
306684263
5824461
9
428718
67805093
2002
466
772666
137555
23295
8
786597
4
7
34466983
7312476
99
7022002518
81
2682305346
9238
981890
393355982
849690
9902
131
7022349156
655
453266717
84832139
5313
48
640
4200747
569860
353
945179
2695663
169594
86152038
9648661971
14901440
9697
159326083
179604
3
604
463967178
75702999
2
413521
224636
8904180
21
8318
8812
6649707
460767
163854
5755687351
8
515506060
491652402
18
65
5099
244759750
21
8091318
2396524236
746907890
6065428050
151539311
69197286
50034
7876190
83601325
58071777
469
17
627
57266507
84643875
91498847
1504
9005802
75458
7
72580400
753986577
795162
4761234
868190
372351503
479397191
9
8481008404
7
8
968229
5444125680
3013
793000
527
634
76254
68463941
288851536
532
33411
4050562
4
606
1469
2
1176
9
325747
6363828
7
7
81
8
766
6
970
451261200
9151928925
5311392
56323
151
3
39
518591
73952835
6341914
691
861869
5774915482
5548682
29375
9
6009645288
653432
7290
140363610
2
7692983198
657
1457482335
8013649
44
6
979511755
1
9910445313
2
64224
224465
977911
7262411925
91
9687573
5
8
6030
9262714
3722
659591
676
3
236
8562951
70310393
4609903146
9
993
9709437272
5696703
27
663
917
3710634203
467391
2226366
14
428066
2768721708
95313
7783
42213
7
7875572965
554050801
585845523
8
560314721
664025394
6610
3570916
29171201
8881543
2
7
784000811
46368
808517
66119040
5356
1
558
4206
471885
79016288
24150
5000775579
8284721
3922038
4
6442259
384184692
1099635947
9234006
49
395938
3928999
4478269
4
911708
689383
703
537
11
2261171
41629
24
1821
32
85
921583798
22799462
8753349576
67487498
480793
71
9786476
47
52189
676
5136141280
814123576
3
4883
825257
831
1636488
99
582669
1371933684
33361
3939512517
3957896266
45189
690715398
3564041623
4616
5462692340
634569
4445072103
18724
690912159
225009
584
85688
509463545
56784
3394621
15
357
2792
56000
384
55332335
365175
470284
9899
524164
5742
5046
6
6817404
5333933
4861646
77
62999
115592764
6451067
2
938383508
991
28
11
4903049915
8
5541522788
35778
3
861
26189
458
711
781
9858385216
40
2
46739993
67816
2713907742
9761
591676771
8
7
4064
93053806
2202
7211134759
6
5
107
7710
2225545
929309
387
67
7870
6530467
94
236437277
36
18882692
7146671
9228208848
3
56
233107
254
9526658679
563756419
219
8461069
4665584767
499
6738528718
787958
506
4
5177938160
8912126219
91
7047
2
526100
1
860276719
9207
6740
915913
8687788430
791
25
188
55406280
46358583
76908092
209047
9443
7235
8
46457
4
74538088
1428743331
813972
3478927685
59485531
1502
259017239
6526
9980
5
1444
3059510
28
2297694861
43823
6744
427
947635069
209631
6571400
29676146
773231
4136616567
46172
18
74227669
92509
63015
199427599
9550
9217
22
805931925
93684
2044
993166
33
3
228
565862034
44513038
66587
71
259887964
475
532
3
5
8713864635
83068
95046
74953
8909999714
3597
4
2807995233
48775069
7764971208
871
6
7772
5692672623
3553288
112
934435
72
6406
822242
551640
48092729
2033200
6
69696950
317015
496908014
1891
71
1170838960
2
5407423743
60062893
53
97
5603
596302
396
75
684236
34
6344447
71
198315798
72111980
941639483
4592
753290
129
37306
9841
4742
882086321
3741605541
6401
85112149
4576963202
6725
6374622012
8194483527
59
110
9
650092
6
7195626
3297913826
976079
1324
7535640232
944
39
7
7
79
693
3623
3645649
813154
708
46
11
21384782
3
155355
6351
47
1949777
5003831744
607122572
194
402692
910
7210539
9576534731
85068
7155769
249
57217399
407299016
23
45058
52309
910585
361
501
6
9
62795
9959710
758
434411077
3971140
3
35015
7836
6892
744141652
4868
114059434
496096
7188240753
2591656
573784915
8590828203
787991659
666274
723
294673096
797603
7
67938
53538053
1899
53342250
86277725
89803921
8431390186
15417
6
914624362
8976339073
211
13
8412374088
8548
7467
418
185
6
451
2422770
5633304
1632
934937
91375184
1742
410630
503358214
2967356169
95
80596113
884718
934
7
88
253260
9
1
370835
318076
5
52363
1729
297443
1268041
941650219
809544245
488821
22471
504771913
337
23169697
980405123
46282
1594
1296191607
30368
316988051
5
12404
98708
4
4848763
3334995271
393
653
711
8091860242
24633241
668
181562217
312589
812265
783536
265
1543254441
28128053
6150
39036
428
493
18
676393286
53
42
251164516
55685
656
97324
36
494473409
952169723
68670924
542040341
84716
6443242748
6
3472901
9629
151481353
9332
668604
81508
166445964
42
441825
33092861
4072
72252211
7628
4653
9
699557149
2
2643053
6292
816916408
8937
283274
3761686
9823147
2960153145
9345213720
80
7
26
1755
66015305
303118139
980241112
4521
884
92950
39549905
5231144
139431319
7
8861
535083092
64308679
997
2476
14527903
26509842
686740
349
210
4
395243496
9886477
18209688
7190420
28
218800652
93
4830594
6
4745755655
2
4383625
9325252685
919
205042
811984361
2506076
3429
204
2
5552281
414373
2
3139714438
8060168196
19
704725
7
48807069
458890
9
60
2103448
1893
9072291
33220
747
2430140
8
98525560
4
7586679
4
77
952022
8
4
53544309
912
61228615
55082633
5
149799002
77585695
33
6849
8843313
5575767774
169964151
187290
18
37027
37
477680
47849382
3222887457
4
954989
5
1173076
314705
9453676141
441
4
1438549599
442907
7344
25494
1069561
2469374893
5290382
7120795
707525
3
4
86
4
866543967
826608
5821
581873
7
77737229
416
46
431
71
9222230
174060662
3070
801299
1989885
4842490
7382316
833
37
123
88
391
66809105
9076
2773948199
4
632098
12
66234773
37009
3018307
575266364
439
8196291136
365461907
1
2986661
1240182
56163
2200952956
4555
58818950
2235542
3290526527
20283
659012458
237066994
28709826
7130
9026269131
1786335
2967041296
817
7761660693
258
7510
4659742
1720619
336025322
846482304
641
8320
8380
3981989069
1588523
69529662
4
707
6851
982048685
986594
37
764866041
676
942
2
2745287878
6251091234
50516211
104
74630946
9043656
705782050
8691
94289508
5075710
560
5
5093
944
138043260
55841
641
72
2050
4
1
93498847
45
8514334900
1243
27200
674540
816094574
3317307
768946166
5994786
569683022
7134153
221272
4
56328820
6510718
697299
392
31
6109
51810785
7
99
913
15904
877
68011
2452024
969
206965
2
12503
8193
645
909438
588437750
643843058
6019
82123669
90206
7660350306
85197
11680
3672302
890
2106
733203045
436567860
9700371
945
45
4700425
426318
78519019
79069239
34396
7
55
3050138613
738530
7213
6566513679
97
467290
555270
7085477299
1
956411
2428193855
385827
2207954
522508
7976159414
9820557
11098072
4537172140
5024
189
8966188088
8
5932108766
6132934
7920310
27592
2
7
5613
3806898
1079691474
631
7713917
1657834336
96941
8
11
89
877715996
4080962
646
1777688
5997624747
2423467728
94170
6115826524
96891159
955231709
523970
65015
428954
43
3354861785
13123567
359271
916183
6
552891
580609936
5269184
62592
76718868
16222504
4
1
9252
5963748
9883660
48882835
6075630600
47
608669836
742716
11266773
2
4756405290
27437
476712507
6201
96587300
4
8458580622
701
998634
5451772
1216091
70629219
85925041
5467459756
942
602820171
93313
94582666
74914247
675
1948071
5358438
447
905
21306
91569
855
8984403
390598
621494
7903
53266420
129547
5079
9087
766541783
525946
6695
701573
78362092
25
7336932109
6
8
852249407
105801
8270931217
376509
1
12336
45331657
99065
7034
45
7669229
446
789
577292536
2279649670
8927983640
6982
96
1
9
9308
80
265154275
6792578
980
849366465
58064601
69
1356
409923
11
35
27958787
983
35
1905550
1292819768
823335442
2
6233
299269
644174981
7719033972
1219275
59575724
52536
30371056
6040
833
9542360677
312316277
7742349
4201757
76474993
5071983868
234083222
525343271
52167028
8980
87
38554
22
6
45441
6523618
424
7833
632
37656131
20
8
8933
944675399
7524
81495245
768
742441338
2
3
160
92
30070366
5472308845
342
1549
58840127
799662
114956
3
552192157
91263458
31
7313921
6032039
48596
99042
600684003
8
4921839576
376
59021
654605718
3720197
82626096
931691950
2288932359
4573
4835
1
673781
55738241
6138
64267
5
949695
9065480
2439
728171
9896
6840063093
958645
849862
9002749
811777305
7553
240094723
750011394
52
3990775
92450959
9744105540
24
10618698
41739252
1262702770
612895641
277
228780868
64974
9
2
1965809490
181868
484451544
6
90621066
12461342
1867104891
62943138
984978
4045395
169
69
7
70802236
9
2888
91
200292
64783093
8322
58464273
653203092
55
60855
796
6
36920410
790551
43391
66554719
77428
260
43384926
884279
386645345
7388
862050952
980
9114
69383
9031906120
966664
66786048
2682875
5110
8
3985563
46306
618592903
349
704
485699944
2807
713
1503167
238342
39462277
76642
2846842
44177
82
4773
542614028
155
5826
758
7240600284
58
545
87137206
98463349
599747
7312390169
706634
543
82785462
12842363
8035207759
994699013
56267
9125471
7129909751
60252
81122161
581572017
16203
8513
1
7
7
1658
581631
4
70227918
985354
64
7311460924
5074935052
725264
760
22
7451584579
483
9674592
891
54
47731
1
4
2155993
10526640
90300
3
917213328
8
220718
6419132
874
36284501
37262
3
683174611
30
71952
760625542
7
4873
18
33
12877
8321040498
93321
6566
4215724
289
5434
751
84
2121
85287865
5565
496
34886447
852708686
892680822
47707
494
77
39633056
810
821791683
983
201079671
974
817962
884534
3966
724226
721639
18596054
1
1234596736
980413787
2795
305351
542507
9730013549
8
1
80092296
371972227
33
75661
48896529
889689712
996873
9
48132953
830739
729
91
60174
36
349253
401
9648536499
21657280
1344191
6450742
13470638
23817283
755136850
37468
5641584
171162
28114064
480476395
1822
264942375
61781
58652227
4635595574
2315039
2948795
4175794
802980254
557715
8
4521
7
9
82694
7971669614
7182938446
4438
681808
25102161
605
48269621
6855827929
624180
16304020
7134
72343110
74257468
670878
8
332
409686
33
9542855565
998682
13808939
341
4535697
525905
7
348333
811099433
866
22306
4
258326349
82
55864144
7231451
6
62
735512693
17
3
37779
204430713
747112906
2331765270
248273
79100
439
8
400
29049252
8714690
5258756
4313635
35425
1783902288
6
351294
9332800875
76329
7592927
3
153647910
55186
682627324
83882
8613578
1954
875
41550706
38272295
60916
1001
838
9267912901
2613349
52011
80833284
365177237
7113800928
7682097
842
1
8
7
945839220
1
688183
1813
182862
835928
4036
221
114189
482574
226307
2258
27
408
5902075061
84
83854685
587
28847
24424
3
80
483108838
865099
163
84
477
1838
51059
84566556
913546
23396
5497
70
58970
495
379429482
2853517643
6261
648
49670076
7247
7423
3117001
7421
837454455
462820283
5042
3812
3005785
3
589226274
6713
77934
7373911
1687895
543321
71538
502737950
494649
18
6542236795
6207612363
2205
891095459
349
6550
1435274
2473524545
8001273528
8402
11520766
8
461
79
210175223
807604956
44
982399
11
730818
52645115
62163076
857
31577734
29618
7404734605
9608
4
219709451
485861
94173602
30746241
71
8
9
732235
3400157155
334829
574414485
8209815
631066
4144527
2517199046
4
3983
8976696092
80535538
1406227
58607
2747885
4633
7861924860
321002874
2
281
84354
31
5
1
45676
9812
6
7
844004478
3565958
4009575
659
59752
7929
8
3081391894
192270
4
674862909
26662
16
8291
423955
38
54021558
980130068
5893210
64304571
6468431659
5
12404858
77140
9312
262557
184692
295801229
2945026926
74385
3
86555531
257316102
1
6421
643
89117
71731350
2631592
6005
188440
83965
556
39
709173135
2099
5341
101957005
803
843
696677
9860104
947
99829329
7097
8968
59424
8617908
373
8815574
28
716465
941
7218044196
81
48
61670758
79294798
94
25142777
205
95323
867920560
58551
6094743
671310248
47063
28208
66275698
940858131
969424368
17
816089305
40060863
7
3313
46
74294
3463
7518686729
3918644
489493
894
943
594530
54
77
613120981
522
1523
8627242146
5227
44078258
52607
97
707
5285
474754457
18
82357
6120587709
23299
88905985
820
1789689217
468875
28711
57059612
42064
18813
4
30795
8066343
346518922
3564766596
244147642
64032
64
7
89
718
296472381
9503
66392
521
59016
2131
19126861
3616511
868291702
4980345310
84
6451229
12201
1
3556791113
6921529571
283
957
92409
81293
7180561973
275674
67
47048286
1680
497047234
2527
9588944116
327004
822789213
1037
203038464
222
7450769
65
217
692349
30588537
70366
4
673666
561
3805299
891
30
94023308
4
38218008
191154
759
3103812061
772289816
7181520024
4
6988966
9493
8933
2069
454976990
9
41043463
1322887
653348668
21
5585994305
576
929136
37041818
778339
347257
218751497
48080632
4075926914
398175239
4083
350934
8885491226
82884836
28
123
693
265267748
848185804
6597444398
33585060
1
749928
217885442
7634004
28345346
4778275
8515762
8831770998
110320082
6653248
9072246030
8
395554
6
41793
2886092
1
771430
7
789401141
6489
85065
3871597164
8554370416
8599034
964058
1472817
7276656830
2100372
9
281206
956
3850
1
145323
34
237302
85472244
5178
98
721855
390410542
730
53
16443
84
501757178
65
3034
4311
799622221
77
2
11751
38040
33961
85614
8359948465
28962
70242
246
7371334
3204692277
719637568
26
17
8365
5402299167
2
94786
174
993
9927631389
86891198
3425259619
7426760130
3
1011191
63
4
978
2
79871
4330
4
94883793
49110527
66
78206831
3480275
967
108474
588956626
32
1440
626986733
2324977
2
4
2751271
7837881
24497
143225
897
8851
47
93349
1
64401543
158107
398
7
877283364
3
7
2
69
2
256
42
5162170737
499
3813872097
931
3
6838735
6625
815
978664
14904120
1
362
9334109
998278
6472
541693
788719628
145
3543683894
98
188
6587
1
666268
3
5
4852
66
5613761
554117
59061932
89415
73310
438
48618892
5015958915
67
7
5
344083909
53374
83
2595106
774
508780751
8779933
98185355
922722
58
515
743931
898739045
1763266974
13818280
86
8499708
3380093773
96
8
138
90849
6266813
98
43109885
7221
2793711
2799
941563
89
6
193798
9
375953503
9190
329
6
2396
49542469
996
160190358
665684
687
752
185
12719
3473510
3327837
59
45364569
111941
6061448450
11412
4107821536
3859419505
325381
432111773
687533
96533980
517670
49236
5
3
880994
4015020959
857
7910
882570608
87
9825
43287025
777
2181520309
784292308
710197
5
592344592
323
14100228
40113
88857579
254
7941482
698128632
7904
19
9330552
7475627233
2140
5
817296349
2270480
6
49
87091290
239189628
35097573
6
78767
46
971438625
402954743
99167905
55000
91721066
670863364
827741141
5
77315905
8331049543
499207
2629
526406005
441
8781063853
422173
1787076482
946814283
812880647
3
9633216
971
747986
859510827
7559
71670352
1
205
6
8632217566
884229405
10
283
43450158
3319
1
295263710
9503394
5383865
79530502
211063674
639526
879303607
30163577
3879
573916178
443683
38798
307953
9889025323
313
8
378322271
98640
129128
7556810
111
7544372
6
1183
430092
763
9
527899
864910396
721103175
5402886
3
5052378615
494076
916270894
1
3193558
6
2671
1
3
882576069
67014
310
493824
5
955991
3581
3511750619
96248
265848199
97173089
605
4094976340
40
1947
881
200
691
49503
69231
8
85935
590148823
5812809
4
13979186
3075759
116382682
358
386669
9148
4993
61173358
531
39
462252
1
8439
8013745
675566755
8995190
53404202
7686
775539
7414
6797
452021
78214
84430863
7332780
1246717660
885
704
7945700002
990767438
4111
967
77043963
544
2229327
6958
4084074083
156484163
1055
8219
935
70489
730
563403
9844
830782250
7729758140
3
293764
81850091
469042
8422815831
907537
31971
91506
3564
5638233
26550065
8224314
1712347142
20
5919
7486
5606
111280476
66130161
43797834
4
8498449560
673
981
676146403
774807803
2058475750
64037
9080556
457229
62
1
39
256
78768
7021271
694101
43430879
6566
88697
499630
9814503
87
99791
4
42202
2758
150
8430307
2931721875
352270261
805054
380994936
8759987101
310191828
4184
917602
316759316
26643
83325356
60645
3514
620100499
550425726
2
2312824
559134445
67763791
66772
206825624
8699200
1502884423
16876024
7501541
7196
837
466313483
84470618
574
990931
4357
367787
778308688
3905733
3
5555139
115
272615
388
5083
64694477
7702222
67560863
1239385
41
3180982708
159969
3838745
1
500306246
347
356771
1566
2176
91
2
4869
32852
339200
9
931336221
91197843
3439115892
1
722460267
640913
6796351826
6013859
88553944
553504
111
47837136
969354403
281
86701
40191
9865
4957111966
8036221
786598
80206
739362369
7956268
110
74466387
242505293
90266
2212125
172893
967904
119019
2481
1038
320174023
2907943186
7084393782
1
94
27753
81
951188
84660066
50008
886364
5428888
206986
173212
1469578
6783744515
75
3690
4
744222
92
51
7319436900
103348690
45
56345264
928005
4
4875
251
6626272
68785
5426
18485120
3189872
16
91
2839488207
5969258442
335
3800207
375508283
58873
95891
5534912703
79432
3837
323655658
3841
94227490
38154
58515
8
378259375
1173
5
190002
1054
7
875221
1907342
743
695160
59
23385249
841658
9346301220
49304
421540
10607
31766814
8
79
8586465
7568
252380
5188307
59156
5525316498
4992
570
91
73583
5101001306
7835
47706528
9
4
9
7097044
269851
928688
85016
4320430248
243
384968
1087713779
64000
45
3
9821632169
7
4314566187
646
104616
3516231997
27453769
288
65702
1732
63555657
3
708
4326929736
8171049
7
450894
250287
124867
83844135
142
1081377361
798094
7
424256
5708
732328
65
1218
9
5
82346
1727511786
9
6506
15861242
522718087
274
851535625
8854768
722570244
50
79058733
1
79813
962057164
63869
8722858430
80663
9220
973743315
67
8114453
541731118
56213
5520323919
273815
1
5
724818948
217585635
2443451606
813927369
55688896
920
4
3157
95893
2872555389
897409
362301351
8
9533357895
397968
73
83
9474454
36851
4422
1739353
91
983061
983
99
8
546657
59535590
1
64
4229922500
75895567
16
8453283312
8
454
83
8719134482
6973989700
1989
5289
7755761
67922
8
3565
159817409
3502
149
9639
399063467
51
500660
4000959
379015
49
2718
5315393
895888483
9422038
66
71393
1209269
490843
4
66
7
93476941
81
93567
33841909
677919428
4788899
751523366
239
715335
407057453
54503
19034507
5237
690
6306319854
8105
31
74491417
886636148
35896
23
25
312
6122980
304982212
3
264600563
700795
2647277
237294587
9868351473
8
900063103
4618193722
6791789358
6004732742
5065
8739
1688
6362851
7619794775
21749
2582425
6662301
4468
130200
86789812
3225623
743735324
775
6236753
676
378603
58125
805832
279972
4
186612
8429
16309
175975
1556521134
710166877
44
166888
9093427
5239363371
54407815
5250710
70282
2979791598
6180310
2250
54611
804445
30
7418715
88968
27
1465
6419
8360398617
53
1838243115
500
7170903360
6630302599
9134
530642549
7
2940562113
7436721
100990297
2
647894635
7087677864
11286
5091
1
53
89
6330742484
96074
8053632989
53
3505
46076518
160139825
53
54
7994246
1
541104
67278
5540
5559
2488292645
13896
386
5152
7475462803
1972670103
117965
13029
80629
55009327
275
1
30
770866034
4151936
2364563204
475403680
41
11510
63460
6769669184
627445
1654555
98
629849132
914745
63140107
9225
9644
45742
71370
16232
47
374422
600
234317
5234239225
4
798259
61
868
690
340
60074837
1389325150
7668484596
9995
5844144
6833
248042
471786
60
7762099
7
9945
5853
455529
1864646
22754
4
45329
54732
57
77835
5
41912
55455907
526
8534
68
53
2922
6
60123282
8934
6447950334
195373330
8009
1272327938
9632
580410134
509119294
704023
626937826
71421963
2321578
918
43136722
402
827
81
931260
6271329
488117
5566943857
38070769
260123444
25
9
84293
4
137
975
15852
6820835
4
4050
270183
435638
47159928
117
1858
332
4840228700
5100227
6019
6702211429
182433307
583275
94811913
4444931936
88
328
53739
775296
4249
691
474340
26
7
2
617
5119101281
9108073496
2711960870
1966852319
9780
46253
44
936
5938
2848370
341016585
30374
42
949
3283374
3787026925
77
637226614
507
6119915238
876190
89192746
7123186873
660627
36
84416378
2355084
9069
2066
5047
4
96
7037250
6580376280
530
63498
413339
178302
46507232
564050
895
918
6
975556
766
57679764
83
8
595304
7191221
636
26945
570898068
75456
562
488
5891212
1
8
13623
85
36252176
402
9
56629863
7477306632
570634795
934248953
89023
9
19
3110
583
79610660
25738196
46
83395068
88032
9603375
62
6711006
5823
978244
3273581233
679651832
9
94942579
12728
148
7
230
36265
240618
711
1175
52
7567223
27
372
77
8
65620826
6899882138
859106
24345
668512309
198577343
8037867
72522
62417
3333904158
42
657
770
99658
75892
257
905421
3801041865
31
271827335
479
2485722
74097
8280628901
235182
849036
2564055102
9832638523
655972
85560
1418192
809
8521605
547
8
81026307
402
6988
165
423462943
20992
743075718
95328
83570
45
590366
5
5176467
668
43
5572765058
81
9137263
39803216
2490066042
55
3449064
304
267
266653
309961
99873921
83
79435774
5317
5
91438
23623928
9929
38805
348498
8597382200
30
1508
4791
39
571880
126350
77637234
39456731
487
4
4978
53864
6544
548869
139043301
896
39984
3
7
968
70
2668943
377691564
1
21760972
4725165450
647307
35
77
2602
15466678
3624960878
306972396
60595176
27258093
487248
974701
3909232
7692
3656
410036
96
5914387170
60015674
1
342212990
145410
21578
4092
9138105
936
27815823
9265463
194774
216510
388
6
6304502
7
492148679
4
43561319
554
73
9110628
24609
60051662
252639
4
14853
950721
2
40
5
5582322
68
16
3
657889092
7782227
671704
423805
6052604
600412684
95
814539994
7881520087
84910928
7
68273
66599814
56226
96
5260
53
31
730285729
208094
2864
8857
12
87602
438441
6540115
5886542
4171
2357
396639659
8666959
7775679344
145
4900478098
7
936891409
8951639928
36298355
9366915027
3439466
61429
6
233057429
1177876476
935
578656
498054144
210
971295
17
68
977552
3437510
120865
497
221953502
485
8493882
8
8159923
808
4
6
893
613672
69
27714
859532
3085
67
193473
9
3
98
32172647
51092337
812667774
65362206
4044169661
860173013
779537832
3588
4
89
872541890
972331920
59203
194412807
7148687694
594767488
8
3841885
7
7223
94
3605
532241636
32785788
530075049
2740
472353571
92886
9975653
167793
3741766
16725084
57
88422
58063171
795
31416
8
2
36
226479
60
66587947
60956610
880873488
704897806
945025651
67821
415363554
77
21436061
854431805
4754745
200910907
6
59
67846
5208569
55896
2626249172
75302
85466737
5692846091
3959229498
4106
5832950
70496395
23526497
97805
771169
6690569
528
663
499
67757588
5
1
94103
67646
4567990
138155873
6
6
15940
8982
102
757361
333
47589
408
832823997
38916499
87651267
5
333684
744
96115
14840065
7394
6
544696351
8659
94140659
8
4547829000
11629
8909
73
16114
971392
4549231
85
8175873
128
85
96701112
617767
42
807148208
1441347912
6711
514283
7792786670
3
819704
3
9651
305500
12858
217
71504525
461
23
98225179
12
276074467
69639
955
1186
7322
6651482422
4721337
9774844
4486944976
6
7550
75095
11
252364
19791736
734319
36
894728127
5298139947
56926
8431909
252
35161755
378
8
397
56
21
99
319
839616
720
20282
3
670
6132
4491596072
183
33151781
80
43
7760837446
355138
50
9625412
78
5914
40666940
20
33437
4197847
745785891
9199
50135863
687903
9
6548756
2
203135
2606
952576
1394
74718535
681652048
85398
47018
55159
379543311
141643
912
469
2669231286
69877425
239820687
37
946
84244750
4
1686
67
5525
1
134179006
701977524
89672476
4816147348
4955029838
8720128
95
9890246234
5573054
618901985
5007
1
167
131186254
222
29689
815
7
6276701
60062399
789880908
862
2024393
19829471
654277
9387
741
32142
1
386873
696510699
4290
9918313338
2
48903007
61517103
5033
9
5301129610
542206
72604937
9515
181
852639463
15087490
725
465
6
5
2
78918964
84851229
24903
46461843
63715
58605
257586551
14
7875
7
68260
837527
521311
1666783215
17497362
702974069
534873
36605
95476
539604529
9
143195
8190677983
30585
35375
6129797
58769981
4548620183
8443186338
6382233473
1492
2
1745223
772
4265079082
296398
1506468
50222
89418
17
48
6
18
6394805
1
2296
77934735
4677410
96
763549749
2
29405443
457387679
16195
269
781
7966
2989043
73
578403
33
93797930
958423
58509985
193356410
94928234
827
8
8
54
827449
59
415149546
840555
9417391227
4630
3975096
3140
1891048
824182255
183
4509240832
182
3296077628
13887119
994900
220162567
935642
8186538745
2769
500
4644150881
29557
3977
8558864
37
188
43
384
13685677
9579
397
33
7
1083967
139
710751
261002
46433843
23356548
5292688890
462183
2
6
499
4603609
5044678
9205
810494
53644938
1
715200702
28
6836
51156117
234
1
2098
96500
78341
42
165
96921
110423543
943
32038
18116658
337
8
4363
887
984788
6296645577
60339475
29062
56
4171165
585
4
849
65
45
658375
760
6793925
397
898910
69
596
25460
8
1788030
61384740
906
72
100814
4718883831
697823073
411238
454221051
1
67
89
853
878837
445981276
88566632
488
471638
2573
2
6
5768
86151
11
9047311
6332493477
7325662
27795118
8887019
8491
49
8
22118734
2
30
36800004
2643015192
97
6978
6
913812
975604
80
3478410029
566446
3
90
5052
7211640
2076
203
299
259
114781943
68940322
4075244315
57320
586
843
25397278
41
8825041
1
465253
844
68
693133675
3531776271
960847847
24804599
770485676
3
1782581
7
71313627
9
74
337
3723748
79
65
81
88
90
5060
28899595
81
134628
8845836442
6835024408
713842
89
5396
70102237
6
733695409
71779
764149
80622
8213
4
72101440
76
3849072
488
75575923
500295
686482099
144
56369740
4734157120
9103110
60649658
329380830
562888088
963738
84
4120
46838697
995742958
74744
1
1842533151
188330
370926
8291
617710164
7526
42638
61
73749
2077041
20223584
29922631
2740049836
8
489181
1931
6269
50873
4949391877
35988
3
764
1171174
50
33935395
756
1794
180
70776
33975845
7
32904
7109
84
8764635775
1
2944325
1
1104602
3882415
516
554441
8980
7842901048
80460555
75
746060892
9004
9
472428861
7518298549
2259
4
536528055
6
3072831499
872475812
60006
964
94579689
737
7393
97073
4
375
831619
707
11774177
570
2206731704
23855
776221415
27534066
5982731
178
140463
5
55
416181067
447425
23258497
2337437580
35
9369568
8
884
903987
81067
267890
98
132972
72
32172
57029
973636134
7245730
9334322
86891
286
23876
13393536
3053823916
42914109
589
901600
420816173
85031752
803
788861857
531035148
6492080
423
142378045
875055192
84
7765
23
4
780338
55839088
92
285
518374535
7364149573
5670221599
33
63
689
597
8251365
8816
4650
642117
940
2
19035586
2589425
8
662759852
5179
9052858
31
8482091007
7
77377
176
1
2597919345
226422401
1138642014
4770183246
94
7595267
9
333647
93231
2584580745
43617
574315
593494
95
663
538453299
8
66
596
1535878
6339233834
4003117
590375088
310
661
15837
3163575
67
437
2181248
5742
240
44
9999
418
151249368
28731
35009309
19365
8
8190
5777846842
56835625
8440
13975
462792
2539
5969273836
145
74650
5
9169035289
801726
269681
5116547062
61466
3886
7695557088
76
454814
3873
6064855761
249
6
11509914
7771440
6397536
7
44423
744
94943
3999294530
48148
6620
367061
26242419
7723437195
7813927
382496003
7858
376892738
7371537613
31
11359209
2457495098
56736
99430303
49
64
639
32042819
29477
38063
711084403
744322
493631
2672
177527690
83190
508
529464947
575926345
1733865
6742900
787
27021679
20207334
3253
21
72910552
63952499
30865
63
60
771
3034209278
980385688
95971
4571314
41
3962915
67318115
5443202895
435
94862991
35543
2285979837
117129596
8
74
766234
15964
24134
4398
8639969
708
46372
549922
79
2048
347
73272232
7142
4
1327
4496258
7055926460
1495870
169233003
1390057863
632112337
17
666
35174584
82280
4446
19878
2889156
357818
7084397088
360
15
9464366
4696
77
84293671
4721797674
55263
8055650
1479169129
66207
95551990
501
94313963
3439598
1777954938
733324
831891354
778132
9770
81316
326370
33
93889278
715241
23365447
5259
15
79
2634655652
42868444
72831
6
52
8
57675
8805
23796242
6074666154
657
1175735
5532
5
3
1018883176
200553986
54
79197
502913
411364800
81
78
1004085646
6186865
8123185361
151958791
33693
153564
353170
525151
4475029234
9889869
8468263
494871061
11930142
20863
28502814
1390934983
12
862349
49259
8740
9
5439356
5671
3850618
94488
52
30741
671707
97171
9
896261
257342
20265995
3740
83586072
274
588818705
2
37
898854802
7469882
6
94470
99
63
7355078599
98345011
8809283
780
705
1
5862585256
52323
419578
209410237
27296
866534
4411
99554
10212175
180
9
98144038
82
6469302795
968488422
60706
856347550
55
25560809
989180401
87127
2293
72
100560834
1395014
2363896
778
5172421695
4326763
981917553
38498
3141
8540629
37208
110
53
3
884
178
6344593
56564464
30
82002
923
210808677
48971322
81734774
9743436183
77
80321
2002979450
8635
23
54
3706023
4567
81
92468066
634
4551
8706
3
35585
7944
210230
7
22
6059050
140181934
2568153627
7743106979
4121
11442342
563363
3953
73451561
4770
94248807
657506
2207
73901279
41055
496282
88736599
954028244
305589
4077
972789070
371694
8963
749
544089429
28748647
915778
789
140431
26
752659
6005063
199
4079683
74848
3864271369
9264106
656085
3270531968
494044
20910718
48
7524130036
902815
1195674
12517
7662
640
7784912320
6
5960255319
55291
678013
473678970
5756
352462022
71599805
2
367
3288356665
9136876640
11323994
777819943
12804276
26523026
34418935
761761
677010123
618
450533
9086772786
3842
8
7847891
5993
51953805
67440308
39669599
738026299
9
774174
9345
7517257532
163804759
5
3120
7
945939
281843
531
683694
632
6649076
450
25
3922
9448
802480138
3392
38764
28219
747
50
61
3901274
4
7
5416
1016391
64471723
60
15610
3322
545
71
8772850
4452755953
341
773588605
924472
975
70
639
85953
730909211
3964243372
4110768764
4956619680
916246295
8014419
7300
361165052
8249719
9
983
4030
708964749
5604620
123
414014
6882420
250
789511
135886725
9780
43325893
1532603
6909
8819523
4160661097
279065966
3797316669
6377921014
538408794
9
419113
923809
466
7366110
27569621
531539130
3751205417
8673
89
62
681
774388
17551968
169
781048977
2838036
31
724
4
1364061
26240
3421
643612
7946
8232
785
5034426337
8007
3620992
60836504
8438
81936
4
3411944706
6
6348
12
1267
2
9320582478
176918452
612492
563
1723041258
598745
276983
7862
52117295
7461089447
26
2200
226702
980323
509
68539
4967199984
4018365
5088012
75
45
440
393444
22500879
141869084
9466790963
70037615
21
787887981
85227868
9780262610
817225
5518130
787227913
4368758672
69390
951261945
6004448
3402207792
4296
9442
309927
23
2
8
24636588
694025001
14257
7413
5
572841185
644499947
41
4452773
264669192
1051633498
682674592
525355
8780
8260933928
72
9708
62133177
36
1
91
66
9252873021
781209
9309504462
344280945
93
138516980
46777
19283778
30
840030956
800460
67070951
54242
6389
96363
73366759
5
742
6335078
6
1637419705
989588
988710
1835
87
4
43311
9293
135878
8410
3807957
72
1826806359
657057966
9243
7401
51
755
439
2540677190
804280738
4423224
7306318
8519553
2342
611217
205820
58
76720
869342882
1991174131
6
6953414
29281
8
54541623
553300
2214558357
7544095119
361403
3
96546
414619882
7957792914
48495252
408150023
7931635
77186
196
625976917
34508
5976
85383
7281309
64
701221
855075
487732476
5
712
1965726
950177
7127386
654561513
494088
53
111
8
87912
6394315856
988
3466
506971
85
3392
230
202256
5290300
2966275134
3
2038325
811155897
4624
458869
51235052
447166835
4652806
447065
60303
7
5
635945943
8
52437
3936
62504
410
8
8817077383
1218052758
61306878
378842970
206913417
1629113645
3
8893099271
411
5277140210
63719859
17452749
431
55432
15
1577986
5814271643
66
61432
589
99795714
666210511
68
9779
91169451
1118589004
214551
349872
262588
55
8007820
37824
77
35665885
580
266891879
7995
3
8528437202
746510
31
61
918626765
1861072
11150850
8
283526
4
15240727
612880932
84265
732893
2409
7575080
70703
12771
920
532557991
991324598
3303962200
71
7604163
32366
3366648
96
52983290
54
686
90
9936379
468
7153
6413626866
315489
88
647181097
6188
3
922582464
174721820
9
782092
990777
8
985784
61
232902743
54
5
14
2381771379
4684633
151401209
64819
1096416312
19188595
9410524
3
39
36860376
2344733500
95
536536608
5463188
6888233229
8389
8912356295
436171
41115082
86467842
14977
993
52105196
897673364
6666774
47044
7079736208
7768
27269
84118
968
8332384
887
3022830635
8326
27051
26455900
70
6258307
20076
2273178947
5
92373795
6512799
691297290
891290438
5584272
5628535047
648982
3
4390004845
7
8941985
42816884
740637
987
668
2857
9645030
3
4695723
4575015687
671
53350
91833
36830
71455
6718
763222541
1950666342
31299863
9207560
51634
8322
88
44242
544
439130279
55973981
4856038
4120
94
367
4308855
506814
3700372
553738747
38
597
731284494
26716
71550
3460735074
2928
643
1
2
76589208
635
36059097
832774
424353310
648256
38942
6305375899
529
75957
5977
291020
67256481
956053191
4973331
615
299916
42318
11
310
513
915987
681
36
9614
511620
5025127728
4616609
68175869
77
762691632
210
49565
5123175088
47757407
3415072994
68392234
153117
599
3
1
1
862757
7331918
264038
3328
6167144235
64
681620415
73169
6294996
6634973644
4819
6238680342
1306218134
35119923
2
5614
544735002
7285851
35
743738
5
7
26
861829822
220
92
353
650
25
440
322
196936641
197564861
9204
7936857936
3813612006
1645
4071241440
4050338
684190164
962315
2903
79514
5
373611
676904
9681
668520
5
4
2
4047980821
6
28222
4226634
8778581
890721
7547
188770784
113895
51857
3
429
740622
155
47
49
779772720
47573692
475969
87286
1501379546
55467
163203704
566014725
8306
26432143
47
992173244
465234494
9575392
15680
922485
3406333924
163803324
292211
3
362798683
6877450859
2
96453
64371318
509376
187423561
90
9
702093
231531
35255
62958
6207387
3608506
226931
517
395
4664
2905693501
734847398
15604
1258077
9548701
28348
1708237906
67440516
1
582
489114654
816353
189198
1
17141
5694
301316
88632124
17705
9
7281585
9
5151
55
66929355
1209412524
107222082
3248350786
8
94924
1
4513379656
924366
70
1419331571
830
799
280223
4986299071
71
15
9620335
7043
3487
16688066
88
657795886
2152560
98618672
996426316
748
94575299
2152947875
1648
301630840
7955905012
29529777
4177493
981
7736147
38646367
66339348
7
804
96424878
334468
19314150
5257081
4412911
15326061
988659482
355
8794115376
881794525
70
99061
2018367351
5597135800
9807517
83868774
44
473
59
134
5837907402
30251
128224381
5786900
140
668
3608412848
751
338477261
39422
53888
3584199
9459997
255300
7
5389291604
2513
81
224113059
68179780
6385452223
9122264
885
9
82
923
3906
4687
17
96791384
53577954
47774606
9790251999
4
193307982
89106
95445979
6639
3
53
4271
132488663
363838
597359
8472
5887623
1076509189
60053
57070
183385
35
211007270
29
74926
590853079
895015
8387
66452544
628583747
747
756507
2
7560904201
57266
95
9
547
64463361
3
501620377
209
7
4194276404
78
1048621
147362307
1815732
5276624
57766552
281890936
6406
12667
91917148
39
86943353
41
984401
86000389
794
28715
966915
7
15424842
29
385669515
9365608759
286
30859
89225181
766
42
4772916
5978655371
24385512
52572
88232
5
5
78433231
55795
1
430
880
68256211
494386
87948
532010
10735
542872153
5
3
24068
636339673
6263393785
4
6
8867577465
6
2491391727
798
52002
722991956
9
4849
82742
7437493037
53193
51315723
862352636
472873
4
917
6621389
1
1398783693
24735672
834777
6
38
704
6
213504
1130527478
55678675
188090
446866763
7
8
178656985
24512772
787033
61526
761
2
332
78592
1641
6935878
5275427404
3503620230
853299
72
9
5414948
921936
514248797
89105060
674964
3697926
5206810955
1036
6
261796
28
9263648
7
5547575688
18106713
9985
2758
9
4330264826
382866
5240737
6600335
6
2
3
5869050
62822587
88
51782
384626860
8829364834
4022
30972
832054370
673923927
5951
7628
2621073
22
6085565
731
3
81924691
8522200687
858
9332701
725333734
599233
4740136
19162
2212
45557477
805048
186920
8
5
4651
873
50377
441
1622501
42
975
4866
2967640
7
3
869005856
55
21453
9428
330
4237894061
673
522
5052
906
5
7325342
7460785
226
3
39072729
2686
20156
569
425
82
65
76786
462264
653
6
439409
86929383
3575050394
780071
884047130
818511
894210
320673
35279739
5723
41
2969657
748
932
574978
9579
57377
58992
1057802
763587222
2711799262
32611
461443
924898765
379163941
95152236
84083338
7131
33
73467396
57
8
664
990880
8784
741761641
387
51201183
581761
8028323
5815151
1396281091
6299458
650987
40
53045
426546670
9628290792
902701083
8904939
9342645
94366
7572579802
411865
83
3
6810173584
1034032
9
543470217
460200954
64
349
523
229537
440
2292811287
2034570984
200339
5
2
13
21420254
983
926
75560
8772
866
16
8
528076537
10988851
4
5
6011814598
77
857
14204
445096468
534
4909014
234
21285522
2
757
84079
10818
7753364
30708142
4283913
6
901609190
740247
9366528
407840
437934
24536
7305898015
377726
7
33807
1715296072
1
441297
65820
1754460462
336
2069470
9600
50820
8113726
41007986
9
60
3869
3
142496725
20236539
8673750
25425
11
1574
9676611
44
41
29912
161679941
93
7
359
296094473
9
615357972
747066
775442
1017539507
2529538664
155213
3542
157
33
63716298
370728378
4613
3960981610
3575186
22054392
91508
432396708
2265062
11
6343856
8978
90517638
9652241
75
6950509
20820
780842
131332
3038834807
92490528
1
6463
7
6963693
4458
3341
2095314428
9
44255
14795
42
124165
30673
879
319884584
8214
56875
8099
26
5544552820
3367292
97410
94307
7229692392
70251
15337
807
8678692
494
3420627810
869
62982532
9
669723
64276
67574
95208454
5577349
64
6
2577153
687
100
6549045215
88995
5
85371
3
8414
4
322
24360
5738
407051
271979714
1763559925
58
7953
5
819764177
1
8834
79
4779331
6
1568940526
39
351268
397028612
60
20094540
40973981
7617248
4536
4948721
2368176
126571
442266
59719
457171237
188223
3339696226
486
529
380
29730
34418
704033
72
64094703
7005258
3374120
78923754
9
24658
498319573
82
5478
155092
32578
6
3067511
55938750
27973
236625839
25984
3408429442
876
3005
615018
926633257
741
940300438
87498
71493375
97327
22736
7326780415
722738
1433383
19133213
1722
5060205
4642762
979276037
3399
6660
55577521
77
67795
2645
11748
76020966
99
633095
86
57544013
4778
142
83951
546091979
984733
73
1196267131
8289132
847780
3622357207
9788863652
104658992
30028394
90968
6996816
240
556968
72
2
8
364852
75
88166
140752451
42612
198171
22740668
6276575272
6856736181
537
6834
59
608
85
829
342981080
85557
908209
1
649
8
296591
713334507
699911
1726768
741034334
529585297
55411
2535
6
7998
8360766742
2592368624
1125479711
152848322
9730
532925669
296856
367
23526
4404386
8536480507
7634
8
24
2501374648
2188673
439357977
3
845082863
49
8808
7555
8925
66509135
80227001
80435
1118390729
492
694690075
34
3
1114669
618333394
8816736664
297328546
5528880
156305660
707661
21881584
750
996
31008
66620621
84550
7542967
99890111
414471368
4793296549
58
5480030517
84951
504913890
882077
3434200646
401422
4104815
859080445
84854
676
51676
2764045
119
4954555
867556736
175215
877
684758
5879847528
697347
13674
84748
6569708
91
5909
2160
704
525770
2243788
448
543370930
7
3898535
194
524
5605030809
195
72
163
9467114
925599890
1651040
867745147
75380514
472
6276673
242642215
318995901
613
8745
8929
9886
391
844493304
85296184
4857732990
873
1079519020
229457
431041074
72
78929398
117854339
63
9720031188
821929793
2021
170544738
4529294
9065696636
989023932
154
658
6071360886
3
37994906
27697
524
62882
3177104
9878
292432865
112416372
1
596323437
1831168
252653
452
495060
939
82
53454677
721
8894
438793356
9028
203
182369
3391006361
1
44387361
1
499
73587031
5920917457
8158674
994815240
5
7776955607
27743
5187502530
92800
1749
57236
247155
59
19554
4
1917215
29448
750574
4
2265577390
5539512
19224057
497591
827
585122692
2478570733
21
1705381626
75471
146030764
57353
84
113004822
97
155
78
465
7
88
150
8499
8
9377
7
2722189
172010
77048
8949897886
3
7504031
7697334
5222
3522434
20861211
183245
3613779
1231853
607221699
33455668
41
18572437
877888
4478227642
7716304405
3948
82
90905278
1568
1
23
27610
395614
997
2
32966
9272197
9493659602
51
58
41242611
53
119
42724
968158377
857003703
72
79679
84
775934434
66207785
132973478
258836251
7696226894
2
5704682490
2188713313
3
540563601
12686
7835189794
923516477
16
540
72
12783
49304
8833
2557970
5
71923571
4168
6
5
67991776
66431
4
3
156557312
54748
293718341
3056962
3524643
196534624
923952
8683930606
428220
78
49
259
1
414984
9235
541941
96
9557757
51419
3104632432
779763
9445248940
29116
95130
115630
5487926000
6028
177406
18166757
958671479
639
68213184
8979485646
66
74029232
773607455
171
32
4
9822
77
1042597
3126132
4803
205402
49379
6451827
3495373
3676575
2
8
1152160953
8
9713
31122
3
174
786
4066803
1407905097
442
5
20796902
88211951
8
240391069
365037348
593936
307929
7860889712
82
9225926798
43523644
9958929
65
57773
558365934
7405923
922
90447420
191
35
14408
24813
147
193
23000975
73
3626523937
48441783
232832
865637350
18832706
359724237
42883277
18
9415373
10
2236913
499435830
562
6326
34200262
378745
6544472
600
749830
8107654
69579
5496187758
502415070
590290544
889191
975
4293116
82
70
5402
69477
6325819544
49
55798
17
553
5956089
61862
5366482471
7711053
2855250
979916272
89482168
4
75001
7814410499
4695707
908
5569569072
7
5319770753
640306
9004
3748331684
300494263
42005
996472753
666
4253662
95
29422975
986435
3737
5900074427
7749299
79335779
562746389
904988
992300436
4836964
244
74
493546
7647056
6203033
92
530213525
9208151045
82147
9363
38704372
455572
32010145
3742233
4289
671629
43900
83927
11431119
785
4408128
45546
92862
408365272
8817386638
235966
55272371
43317530
7028
4036021
555
7857014252
1199
1
75304
171888
5400668
70448
1330148496
242708
5660380907
7356
4
51891887
655533315
6782149
66111
171722
58393379
34631541
4241
996
80237
34846
9
8538899
9
6269704
7
1
69856096
92
8
2
46959430
895229
401648224
3943
5261568845
11985986
2168520958
75014949
126
5681
5
21954
1
6
9120773
133
667
734429
5
20033332
40156751
352468695
57454888
87
58922532
435123757
112466
753885
8727844187
976587
4460531
47
6440
91
15755
405925973
948442
5213
216075125
61
298327
87
171409
224796
21
2627798
4145182741
318114721
53819933
6834246
512078
66862
989108229
1
96
4058682141
5
604
32809
306082
490
35043916
3
98
23
20
7251
468581437
15
14
515
4257288851
1778134894
6
56496051
3
2
9924
5716045416
870649
649698
7487
866921
9
75323166
20216680
55
97
5698362500
588
924703
949170
887509234
595
374
1289326
24
824490
9104255
325609
1242599
7675
5982434362
891
10387429
3052649455
805
4773
210
99194733
87
80445118
656555
70
5843361480
2529215576
476050672
1740576
2
179996155
25079
1106327
7
3173267
3626228
8827
485579033
815277
782271222
426056263
9283403
8468668
8255598758
6079555614
4427780
55
7689993478
435
2
892
62380
440
72361335
4310029276
4022648
5437260496
9644263
6
263025400
6237466078
2947282292
794
6807
706431259
919110
681
952807299
79
33713562
28
913906
114380
8442
60
93966370
464852860
5778
9
66
356651
4846
9290371203
6627350446
75949
2
24
4
6769
673
158289
33950
853413
391
2200844344
3434515
36
9033914
449848
678849
798
91
6119925
1578
9250
769
54
99148
4544432353
159538
8355783910
9846
8711
22662128
71657
7
33257483
8431
931
86
5
84027
37
1818
52541
125453955
15
3720123
977213888
937
25213742
19700369
254866540
76750
7035186457
6
271
612
6543348853
74298255
399148
508
2
202024
95147348
1
730148027
224533556
446695161
2
663550
30
885
53
15537948
79391
3280117143
8219385283
979695608
4026482
9636746
34953
8722
45
2
751196759
804277018
37
16371640
3
60238135
7920
9112411649
6214
7207
9372
2151
266410246
409751
8988068623
1
496432079
53
669096
6981111
92
4937888
81348246
3123731698
5723
117612663
78656787
7077
7
2
84978992
9626173786
3312900542
548193411
368507098
22364
4447356
94865
875
170765787
243529
68
61845001
214649
456
65
715959
50625774
7
5999914369
90610
9413373
993171200
4721738698
5
8
157474
140
753822
6
7201
7786
62
759687
56
287072
5069228154
4269900190
8227
9635589
4
52123985
36017648
5501
20
222
3
8
64900
449779
5176314682
9581221738
908425325
853498
432
1746529
56
1306058538
27
894027166
741
9
5819464467
809843
95
471217352
8
958
58934484
6941911635
20966303
62091
751
757462319
244
586391979
24
76811389
97267902
69445
9772
10036
93319
9856807609
301273
477655
6
69
224584
6
85
507021
787207887
80607
7
3
241444
347596
3876929999
83196562
535870870
3698113806
943792375
6508507
2685040473
269886
138
722096547
5561
9253197
4972106922
8274485
54330605
669214
8662191
778
2521930
163913
216036
9463
4
14
5367451866
4142259
14
346
728588
7593956
7665169
3
79619
2867223152
6638334346
5902
37
72
16758048
493607
1925660
88
6500305498
383150
812
45884879
5882896
181099163
46
7378327
81
23912
986799391
9
26325
8553133000
106220
4605308
348656
3135
8192623175
537
51
1318772446
27320
53564020
24964
596192607
69211
5229851
114
322613966
93
656
7057
72032
4970138
3962
558
503221
309
4463075946
645627959
48
2
21103
3
36
5032544093
794062986
525755
929
504354
7
868
49
872
9079
74008
441116
8791
33
5295832546
4472678854
1602576758
177638
5
2185984
380820
673711
8313412
307814669
711633
2
56726
7180219018
143193
89271423
3
7055753975
972
6962132844
2508828938
973158014
660598415
9
9977464389
597381
302
23241
69698
220238
86488350
189325420
770163
54924433
5233
6
50182
12
964885448
68574
55
63
2916
6180179
9387660818
5236
413
845615
932724
54
4645856338
21479092
12533555
39
82786406
322
8059209560
9794021
26628930
78698
59529679
930197558
566
5
6514
129091
93394
41894371
9153
63707757
554422
773482414
888603830
3756
29793
8
1472
3639835
3976324948
6646
9548507
753404
2
126
6
51
6
60562192
30244
9572712
744394787
741
78902758
442396603
1795624611
8
38525
270542
6640838
51908
2542130
2
8
17640834
5
837119614
98002
4859
235658
9153
17240481
6942740
40
380501889
76
60891431
5
34291401
9
70
712172278
4666
7478129
21597
4271202
476319
504
709782
24724
77125103
60
8208431
50313
327655
827068
197
73886431
2141943386
50
110
985489
956756
27547
11340101
588
6689212187
43824
16
9
58
5
441
3
333900971
63477741
933130144
68
7849554
24158
793641736
21579
6234548
407
3
6683019
319
3992462
76
7307217
29722856
70
961425783
8126626
275178
54
95452900
9411735371
3
737339204
7942707
961773444
2573673465
7030458668
4965608728
5705818279
575027
7
28114451
807952691
306619402
6
2903
136964365
49861
1
68
149
99084497
55550370
91917
83302257
39831
626988
42655923
4
8
9
27456
5997
98589
80
7
744111623
4191251393
61390
270
5388
2
16469
170474124
938570
5116442
11
31836
6079814484
820442740
8555
488186530
6700608613
7
154
4
6859
30853560
5
9
142172
130087
3219239
5306506719
459744898
96
86
8283413695
94212
812585
98
440418
2200926
8259766993
33243
4
16501
35028
7788862797
505
4903144
70
62705456
943466
498
9360107972
46
1797658
99941672
25211
291
9
6592720414
7
39355151
898793
3986124421
821
839
4563
346745929
8
260
86440132
2
4
47513
6721
7875848
7085275
906369261
5786
7070926
391789854
497344764
6028904220
779
85
403863
89996928
7933549
7
6
3226418
3263530
922706
62255862
808337
286317
783
269726
10
9304317987
3
741
394188
605
8961124854
8517512
35
89013
7742522806
419
70034
39231
116
17299760
70
299118
6109188508
33
9855036701
4
64
7624991249
626
826
707371314
4216047
2260669129
468
9
243619
55432255
596
49402474
586960022
8563218627
2
29500078
724047739
604326489
781
846
5951106
21
874304999
3
938472
8537100138
15204516
858175766
28
43919
53420649
6583286827
30
49355
73320
249537
2
7
453566952
59
4
808556579
5
20854
52494
6324825
911
48852453
97857
171
2678290488
52
3
7229
95
4712
5105569403
73
8214719
37
359343
9902455
30
1456451
59093554
73571
542
4927
6536761855
609335437
723896
7716
60686397
12691019
3087824777
709080977
2426
6570844
9834184220
1894
819
105383198
573
21861869
31796
159070164
88292577
2948224
6622
358279
3696345
7183
4540
2173509023
5336406
90006709
45
6
413175094
8507964702
6526650
404712
53
31350
9623
96998
20707
106
686247
59272649
3
43482345
948
4262
4721731
14609463
613
9
1581
4554
2219564
929478
54376674
3439370956
704
929461478
91
8598
68492
9
5859
420
844768100
1982287750
27973687
69
35
590946461
4635802
78465
68644
3418
4
682
113909
306533
37710
20821
2845
2391441
438025
7
367
731929
844292551
2632
726032506
7027
66119
74
415252502
4
727845
797688
2031380
5545933437
6307222
97164
1231513572
9417615367
9209709
9514
2064
243040583
5185626
87694
7866692
98
6492941263
2
276
1527
6752737
5
3604604962
380011
7967
91
78637
597094
688776
916355
158128
400
3024620
6194
5043
6
1099120454
614215740
550462
721887
9836
33327
7
195371
6779992
750
5
500
168557706
2210914739
1534
21412522
613017
8
4406570286
19
2500
3719
8067097
2
8872
3
98603
33842
5414070250
2494885
2
25
982
8359142633
764519
9522717
83
2167
7038971282
31259432
817766
441
4
690
1314099684
120
42164
4036077
657
1943
4
2796537
1747
2823575593
9
59951
584
855
41102
646535
20427262
209
473523
73
7918
4
4229
8219247
72681035
45001408
893
5217799275
706520703
532090
428
185
6887196134
769616816
935
99212405
2
49
6802610387
12092391
2
995444
31638573
4061
5
583
8
736186076
507614
828070088
130
16226
58468429
455694572
1514615667
5206093
603691874
76
1570
71
1805
39
47521
3443576588
5
82
2
3681400
5680386627
844094
5214398671
997
5429880
2158533
60877
33144
316
90703
5155212297
8933064
2262018
52
365
47660083
201830339
878
2033
18124
512546
8673152977
81987248
597
8304
1
56985053
61142783
8
6733
876556
57344
516228
6646628357
4
16967
4
62343793
993870
3269847306
683805
1626
29883
412
821422
47540
161097
554355
53324549
19166
585387
433122431
9541
35
954677
805760
41
8225967573
81686984
248859
5
50556
4
321676
726
212562
3618
377
93764
56517
437494276
4
61672
8297224642
376
61737628
55618
3181945
216
8945151
9
7659
85
38705
89266369
52017989
418648
7639986155
41679
5002915
9672469
4049
106734945
814109
103172182
4201234153
9885288
587901
656928
722095
212291
70
112722
1760
43601056
217375
86735
9894395
887992
7503513
359493
15
87504
3
4
13
5195553159
5
5219
5041046
35752792
20242426
46
5578664
649
944
1
1095204
18547
3051336
6062
81
1953248
2
31
3538258
4481437
7625163
383960
1
555
42216137
230876225
4376
195
938611
325
8046305
99388905
9410
679
59
7
374664
99815
3201
7796186
6661629
682
66521
35460045
7018428001
285477
6795
863527
12
2480
95
4716264
750
96103394
9390
130106236
164228
442
2580429
3265078
441346412
6698557551
9535
91643
21
57
476
6586157
54628700
9278569540
876135965
987
399887
79957
58296
997536246
749218
769856
13320310
134
410
9
9539
5145050577
5
89404358
78880
8294
22756215
28822294
98
121597
810427466
9338370324
84069
3376182
2520853410
8729683
4113905
771954
901426785
4879843
5621637417
857
54349
744342710
212
8035828
530
1
1
1
7166651189
88867
98343328
38115
64604
6903299611
66997
903398105
47
8602828
879
515
481268
635
7
9059499
563236
620
98697
1
50504
850
140918
56
8
2528672938
3659401248
4334437239
72444611
10
422846690
335
85
757224449
1544217321
35748616
93341
87685
78090381
47
1519118
2
9130852
8025234499
27
9220528
3893106826
35135363
386472039
91705675
3
5387504
899827673
9568118113
57906731
649
16
605
34
69086603
2
4
7692584
77
7763
1546610
99
991
3358737
696901478
9351034821
5464
22
6385998
150959
3978100
6
1042687740
270
165607295
5183638
398323527
7231539
8
278472
612065
8056
21384764
7668
9
174988
580
5737798
311757
15
2
15011
525
4946
1728955
538541341
834
892732159
4668621122
28982
6172279445
36801
6945088
158
88890
5359870134
9395544206
9052
6002858
50
868359
494348
310139
25932
121606
2
319872074
9475045
86
382
5449977580
9302
36881181
54970254
56532
7169664
3950925
2134
159831
9
2604248
530889
652
13174644
2003398
8877700
3235392372
73138
15351408
14362
6
9357975339
22
2
6807
1076382
705525
9
29519
95349167
7558
44
6438591
757527
38677012
4
17083014
122015
5166440215
6
36229
1
77859
2321
13896
310012590
56289
9453311629
22
2147
689946613
72066
90940900
1832136
202407
44743006
45608
28448294
2876
4211312
85788697
13
6595
451
341941
372435
6
3256
38023
4219162618
149395830
18901136
575925
9241180625
78
339194
11444037
791220
7252
53
89637
22
5152
614688515
426934203
554320730
429119
612355
73894
6704302436
6116146
57
53
870
60348013
495
115359
94597052
761
8166
182
360584
64432704
24114
4
88
69
5614666596
87469
1829521
65662
76387527
9448
53834870
9638
9179097459
198793019
92101977
1620303
23080
5168
849
56529
47314
7764263298
24
1817571417
187955918
216970942
158387669
571937768
783374474
531
61523
93530
120
159
7105563
3
3510296208
5
940325
45824410
8
98487
5
437237
2231197129
719528
785
76995988
26402
1829447
81
139
2
727
32294
38394491
30
80
40
6536677
96704420
9845497586
58622
3060891
244433101
6591
74164
3733990
7370
7
4332
1
6
295882
12725
94163
3
33899204
3165
6229
320111
380777
299311933
93
2414602833
8308264425
873726
391539071
301
267
178
45
54
29807080
2130
40201845
16218
1
949011622
737935
4781821154
52
3083
223600
608003
83265725
4740151
72794560
853582
3247649075
7963360
4844625
284443
48
922
10473
2526122490
7002
33699
4329850719
559
44423971
581909
935243668
4
367192
758
19747
627497967
74262250
36830184
25377
3
10
610
7579744324
45278
4380409
2237
3472020909
80956
5797076009
4938075
429
10233566
5833293275
88
92561388
9887312
50
25879
7961
391837707
8119320
925243353
87
87045602
39825110
406702
1950
94
397
404566890
8
4016
78973234
907247648
32839532
948970
56
8785
426635684
5415172855
15533689
71178
98
8211701
8885470166
44089
87
92157
882470065
1
43350
1
30173353
56038935
58949358
96
810401
268170
34
4742305144
9212304
692327767
2852982332
2917801
45177
8346617
7444986
7783294027
77896376
67
2
31743
1
377935
1160465
5113640802
5
256
325764
2172269115
9441
567
767903496
6537786
798257
87
33608
665349327
84860
98447
8126652548
4644797
44719
218
652911
4
6114
42518652
865
48617
7757398683
9883003118
49231
9251364
6139709
788
7318809
9327535531
92856
7761
88032312
22840
5
360
9233971
39015
30768686
884408505
843
50104654
22296
4
2009903989
759561184
406143
47
43
2467213
366187
251
9214
499617
2091585909
590273517
1849
3849
99784
853258320
78557979
96
83
8152
6830904673
491236
74488
3850977333
69023626
886
613
369756
4745
9
4
819519288
2084918
57882640
796900159
6
4723
87
78436194
86
57577926
33
54583385
44
1491394841
2210636082
153164
320836
9548431
517329
4034710657
63300436
228382947
26
901987471
71897
426762442
94130572
38
95
71155
664867
5810
83219
42
14263784
608079
10
5187
437597355
491646
301
7444635167
58666
406237
867846
7896
8314
858
219401059
48724
4903688
8460433
616
2
657756
95140
14337
8398648023
96
34699811
999221597
881
678729
44
76665414
547736
6057
283394
1501137700
802010700
3475085413
1777
8781098114
2363838
5181797404
277998086
7967
573051040
508
31342594
6
644375737
4146862691
9546945
9
115770
741
197
98
72
3688980
4120
2
9
6609139
6578279
4
487725
979332
84832
81487
481587
74951
78521856
69
2731
8673
28845120
1751
5423
5959
80140378
473
23006
674
8728975327
234940586
5539
6
923933
835367
42404723
9265
1
17
9618
9
502
57128821
7741201
901
227464053
86028
32281
601041677
534
661196964
759
2
87747117
6101
8
54
3
37976
8331413
508843659
9
40
553
6
76
528
721
901834782
36953800
2391425
84
309612
3074263866
36790
139629689
77520
262644036
571273880
11327
8
5619
7463691
813239978
68
66695600
818
2
60245409
641
61972
9839835
57432
2
8573
6
47285154
9
45317134
188430
659307
245726
5
9592636544
4292800
57910774
76386466
9585164733
97
49
233770658
1246996
767
8132574
9397588
7651
934314011
795098962
7408999
147268658
719634431
38970
58381321
26
69018346
899710006
143445
384
814
39299
447659467
715833
6
5031894964
464587
582
9
71082038
5342638056
8974042
29684
127
1158941
535424288
80018
1183314420
8773
6032632
5690127062
5063
1910701227
2831415918
8543367769
70266
5694852
98404203
152882
275908
85759
559918
3862102
9
684
12333729
30
9676940498
6070
777478841
337214
157
1505
9148
78
72
207
276
774720
451589
147948
75
13772740
663
55132190
28
30185
60688
970
2866
881
9833
408
20234
840
410722161
87
1
406
689530
4
40
406800929
239134
91
201
2702
8122284
8
63
232
94949
51
397234
652
301645
1
2226373029
280036561
90
21886
5965
7058362
42623112
45
613454
4694
66020
382072923
757425
4244004148
3990700729
6581
3987556656
2
6867
6847
2
907067693
781256
10
1
1642634883
963
2952375099
261705679
6086844913
14042791
270699269
9094
136
379
3123828
630
81237272
925311132
58078801
8
528394
4841
4119371950
98
4617568
5065267
490
34511453
866137
894730632
4
56472
476734
4815093542
58123029
7194901222
3
2
16
39387350
1058
342162832
7782001
25261872
733921562
91
69
1260
439936441
1785445040
227280409
5263720631
8285781140
259861
9
8144580
1046717075
5476297
7297922273
75154
3788639410
83493
6829
8408388
2163936
514504
3294
321812
54411
65849
168
949668
4509501673
835
2269421635
24
744937
4911460770
85306545
9905676398
8310348964
3833878065
3105
6012787
380160
647323092
567994
4575917341
928783942
734563465
2012453661
4755399
73693
42
33
27
1
87
601689261
506968
4607418543
7716
5
67568
446255
93587571
22456
187455
5538608859
6967195
860
3239518
3686621
4
88563
864201406
663
44145
6148419
820841081
4068
4073
15
314822
14601807
9501
844
1197
3810212297
97949582
400
905510159
256603405
6257
8
90382515
1932849628
99064006
352219
6001394
684957003
84496530
763
7670792001
71128695
140075
409237118
7160
3
11004
6500
814260833
8
93005738
93298
81
613
96
275
60488
5
3405988689
60773
50
11299252
784069
995
496251411
129355555
538
15325
651
58242
92756
4956340670
569628
68937
267309
4427938779
6414747
488321
7664264673
229894
7
2503573247
8193
417
1223559
9943
65215
8462179473
60951032
483872687
8355
4936312
1988880108
4108213
2762889
3542964213
379865088
123674230
5
507986
526611
451093476
3
3527758
4961947402
4
2778230
58
4499453161
2236800717
147792
235
1523084690
40169
7511067
117
623736
60269613
82759380
27
590612873
7
102735188
22
94
350655317
70996359
65773112
5502
31843587
798806
66
1461210164
30299
8
32894
51453
85372632
4667426488
877095
3898
723995824
975
4
52169
645865187
7
9505826880
8405041
6593126
122406414
4448086
261
6
57929254
283581864
811507
94638155
7416
311
634294046
823
28633
281549978
65894429
25107
207
5827
1932289075
44658
2688645676
4352235790
5
2206460923
20
5802561
6
123209431
603514849
4
39
5382643337
32322919
8
7735316
39557
725910
665476
63507
277
5143189416
39
359508522
291262645
5242486
59
926
273
798
50418
559979
6964029711
583077
665755789
57039
85285982
20
98382
6627028414
22282
31397335
60193249
339
66
98046
7435182252
478
442265045
50546048
5
9
2
655863
817
672338604
6542723107
340155161
520
42
232426
492552352
53875
5125
9641944
8707077843
473462842
9121
479
649
2914373
177143638
3728450
36
396016550
36
96394
30
21717152
78164895
71488093
714824
3015676907
45
33555437
829210315
1487833
34124
952796
20165
77
4311946840
52827
7794
9010533
90
26
28574908
663194546
9449
5203835
90204
3391
9
3334561672
4689
30267
34854050
231547
6543060
8
410
4
3
30118
9082457
10673397
66
321
66177678
7
825
55534540
8813878224
159678080
372
4
951735
6282
47
606897
1326511
33707
86950
850
74752
475870
682865
291605964
536
800904754
516875
833849
8
56767473
5180414502
55761226
241
516002
5
16186
34926353
115618
592646
835146660
7711
2
418497118
16165757
3975586
965
347
680342
8269
587
73755246
35193
97
36174785
69812
327
677
5524793117
7323075849
5493058
4479155
53934
890283617
759055684
5
7411327958
9
675
518610007
4964
97492645
23
62127
9035912194
591
730927103
861167760
158424676
7092793
46
7
36902
4274039871
2034901
8
95
882
30733
5
638
766
41651
273266180
2440751551
4585
2091123
5730716838
524
3
5496324
87
20
5
902775708
701
14944571
8246
5
66937
7774
7172505
89
12029
21
20198112
57
330462
287
25211
2847736829
8962219
683635700
34236
7630
9
927
6372286300
950
12845
286098804
644
42
8956376
2207511
8072010917
525814493
66792654
4410527
795626241
962405
8329562538
2
2353218409
257445
8704
91130
258331
25640
75295
21012048
1
19
3989818634
78790271
735
882
7363671
536
7778616521
70291114
3571651
3025025
5049706
4904831
32085
67984860
5
9584
171321
49529077
6
43
309921724
69274049
127618550
9
92
6400
309
390
6232263
93
80971
20804160
48262781
166669453
5501849
96244
357
2062
490
8
5674202695
8337867
821115613
860707
46
1952236644
984237128
88
5698809651
81946
22
11
665924077
3211628
3
7448733
7
2122945
428763177
689677768
8724980
28
5391
52
34996562
60
8878534
7374672
731052
980149
21673
87249
94
8
3799257157
18
798036021
56
580
910445217
9426563252
163107611
42449
979093658
94975
137879958
44
16
579722261
63182
140
84
9984926
43
553187
5491775
358753
563
819686
8672653141
1673838
467
85953
9649
782
751
41
601855
83795
660608185
4
171709
37
392
455
69
5782
72137950
925
687
9634
2933950742
723268
18776023
3335
10
7527
868
310085
2480
8766957103
17461
5585
260952680
747667373
28733186
9310774
399
222
47
469875584
71305976
94731045
622264
9609361399
808148
9610934772
1893
891107
3180
9
856128529
18802
422407
85884763
78748813
26979148
6
3942
10724
1308
8225
72652842
902651
887696
943
9717
754604810
791066
6608557
55066133
2459743748
9
4793267868
6888
966847
6982424105
911786
5368046
923546177
9240
4284021
7906939
77
2
50802740
52
8909551207
1532854
1957102480
980058741
6676
2609924097
41
13
91
7
90509376
2549136482
6
2756
1
29237
955315704
9158895391
2108
727152394
9
212
9359417603
63276127
641170472
80225
5737009687
64784
465334210
68
8539576
5854
806
110
5931452
609716
1516
7150
595998
7802
317694
3427
5
41
64
719
82998400
328569
578583190
414101
1586448
53717397
12008615
7639349
2771
862869448
9517202
7049
3369
227487
428
984603671
677
19
789797
82492
3589012078
5888136239
17187
41121420
938
29
9313
405
279380175
5943
465757
8475
320
73230084
1641
70169
4
3974657176
9427193016
14
994914
785735764
57
18
1531
80910896
5380855158
98
387183
83
5422
23550843
6313
8
801965
875
69081
4930338567
79917874
6680804
8134
853
49653
5376968592
3
96955322
75679
581
3047
53
59243
3001
44836
3
8031
92932624
3768695462
65
2572744248
805453674
918620
4
91
7622
1877894
8100542
4414
545874
4
67757
5
40234826
5
58476395
51
1
46
267732482
8330636739
8
488866944
466
2453868
534051
563
3158288
6
39526951
85
80626152
110
6770518
4004111299
82632513
3101031790
86458
8390838504
822386154
82188
45032
4572842
3
9595
628
338814
1487161097
3
1166
2
341058
169302
839076
352855
31987317
822621
903924
48
139
1240940369
609396725
791
92541
819687508
558
5218
41
933
83674409
8850834
980
4079751
510670
40761406
81666380
6134546192
9115677
29
94
921
4959383995
2955
2
455344
879355
2
324739
8
76
1741286061
99558670
569085289
23
879186
64090758
6
1659
5873326
4484961816
6
196903
17
874
25
8815
9226109
5975647
12700
24551243
9159650
9952942051
6772
6366
831494936
3450391599
74
6320
84
781312862
76432037
79638278
6341
129
9
7142234
80681
44923853
898708283
969
16270
9477046
955
555
8770
4391347
13562035
4035928530
5678745
6
4339
1214075784
4377101371
2408
510751100
88
1445789997
8500
2
166328
4927294186
954613625
94531237
95389442
636090233
211513210
705
9217532008
52844221
45408
76
528342
4
7309602
7
3623162723
167552707
14
910328321
18
768
46973
48765974
46016
39891756
667764
8764
222314
7
477571
98
98141769
4
5
19
2357945
297770348
4845509178
9945
2781
3814728
409259669
2358
61363975
447299858
791825217
199395476
422555742
78680266
41
5
809
3282
64032450
662657
52
8441979
39571
238365
273
513436017
792398534
795
6678010571
28854195
4
48323840
3138557
283655154
609650873
4
949864832
29602
8037957
1
124
6
328
8442
53777
36048215
1
552706
5289794943
1
142
10
76
9616853727
8755
720
6
659
80200
867730884
9885
646
2895137
1067092
14
45198993
5946104
455660
2750212229
335934
1407500693
2
474
22996
553408
63586090
743
243921
18
370166
607557
3
3299
7
53593739
74920
2997205725
72918
376620
25956
8019
8880100525
66
3157579
1799498
3710816354
609409524
878742
95
570
2796
68
84049533
97
1910700824
88709890
126
8275
27
8417416062
7
22
24
726
140986939
820278273
866
2
40554
661005365
81
551416
126056916
503094
45755960
37
5114
96
750
2457
834755
993517
3975
952137697
51
9371525
4675
96150
6387779901
30
60192
7
606782
1919
282
4024228
2017
926122
377388937
829232
514823331
111869
357768
90130915
4
25
872496666
41434
4811198
94
18083
10784049
56
461
871
204
931
8
2204125160
6805445
5689803723
685
9399
13133
2
996
5522
6
21315
3608
32658763
74
6363831802
7513708
77
65829136
6
228770293
88
465333399
19
8985
47
6
70973
8014
79
97947
28791
4898052
518920
427
36863642
86425
87637
4023584
4
648909
43
573
3710041
6065533
