1000 5000 5
841 228 543967082
222 327 266160595
530 976 974884699
519 23 693238025
61 562 100686253
624 643 723104183
554 574 544615361
349 684 176842584
157 430 379298396
96 979 712374422
941 668 64625607
566 896 341995792
96 200 255309310
706 159 26230251
313 361 751477241
496 379 492489595
312 546 85883102
325 162 461112284
979 147 971384480
859 874 111753572
935 22 934963676
614 187 26645744
275 170 95311694
386 661 585422053
681 503 239754488
700 328 675508018
503 110 428908009
42 784 425139246
956 281 14896867
404 890 195993753
188 17 299151595
914 484 601204695
10 247 275730362
279 832 89960102
277 680 94474068
403 324 182252914
224 160 36276464
295 902 882320524
715 295 143078755
478 203 130103457
350 327 725144584
482 93 871228427
554 391 266763757
299 465 607239096
139 136 76932240
526 4 664628913
423 150 697058825
39 22 368557389
344 427 966423404
171 696 432572559
681 717 656789933
566 944 615932173
43 583 184977239
597 693 966199113
70 664 854988682
803 739 162460091
809 646 876778605
514 991 196432733
990 72 86779915
994 258 274995675
169 46 703165478
109 978 468942971
24 901 798370797
600 411 799917191
5 1 8694983
981 800 969709025
386 540 452944207
631 65 79159585
618 59 408919455
898 253 547221345
706 85 337859292
516 310 642427601
281 193 263570763
617 529 714071587
726 68 8356143
421 20 561982381
480 352 631287942
916 631 27754971
549 420 229266090
237 664 840016709
834 291 156699928
463 108 7416222
88 666 184556286
459 985 615910749
206 626 624134060
859 958 981895825
574 537 103298150
130 450 360256227
42 831 843007934
621 426 870441497
109 521 547478818
102 489 379747254
332 122 446882554
205 54 914824729
793 896 871328935
990 426 296087020
358 232 50694480
180 376 161321023
633 46 131424665
813 798 131333774
444 887 529427807
524 672 221487177
971 462 459293361
622 809 792871852
141 827 110016540
852 416 598014095
550 4 6121845
248 144 179989257
442 171 974597586
530 576 608108739
773 714 824937811
164 409 138650345
721 525 759899587
713 675 198137508
556 964 721413082
239 73 414002002
269 802 121118432
564 677 190213905
380 666 723578044
569 965 159691031
482 229 711545257
182 100 54025668
939 660 648073947
655 39 189109717
169 100 374372568
84 770 164834506
950 384 74543047
335 306 427272436
91 51 605416557
856 87 840498124
554 163 18433790
877 979 848810093
703 482 228410741
414 247 577659492
964 138 623135611
669 231 786380584
862 894 77050287
386 398 208537080
62 699 840048025
399 305 535991003
478 825 653884369
914 149 784275051
246 197 619136393
885 240 843446353
998 562 436518048
509 47 498201987
750 238 470596675
647 390 255210038
151 905 918854300
610 181 716557936
342 800 207339873
169 778 265116676
218 526 405144522
89 682 348621283
93 615 769676774
965 761 12947574
951 700 237932957
794 586 785437532
21 5 428281500
784 246 915334983
283 504 919883611
746 976 280982149
870 819 459085579
390 812 886436855
236 68 930943652
859 431 356249901
83 287 478645687
697 511 113954252
540 999 775455310
7 136 664014215
20 128 646426720
59 404 240637981
677 155 793924093
352 717 380571132
825 808 882281550
55 331 461843465
699 569 637959173
853 774 688527126
228 823 69776020
925 867 747302926
195 22 407686564
319 107 535799665
784 719 744003602
870 414 941652498
923 708 557787275
133 642 35940590
612 434 530351442
240 267 672616755
863 780 82089951
617 731 771506612
443 138 119593656
525 667 879438279
583 161 931419131
841 494 339516059
462 313 156207481
134 97 953119748
986 223 873685607
130 545 469178476
921 961 830026529
86 83 751294356
900 132 648039384
678 794 459547147
872 726 459732655
988 498 785102616
609 441 292415074
953 591 826495517
384 472 305463407
909 944 982463757
75 118 407596575
797 285 412499084
400 189 290931058
939 96 26571872
97 444 160840515
579 522 896498658
550 389 659929004
118 247 861392587
533 457 948298642
858 137 718560228
441 138 412189112
27 10 241732736
115 18 37837946
155 258 402376723
193 456 104580178
345 963 229910189
324 832 585949855
931 226 493021530
576 583 79991087
126 159 61473730
966 333 69074250
432 263 310439221
200 340 594835632
74 976 105080804
17 443 796496696
926 805 719152328
171 252 710604120
320 473 311403411
601 820 771017016
592 26 320655806
380 959 135669262
106 129 314482522
317 405 841559940
363 615 710804440
370 286 538175533
927 947 463146811
458 884 959682768
914 755 364179170
261 508 431367775
995 320 595637697
309 385 70660738
79 522 219405202
87 319 95710665
399 163 297301174
451 580 40242323
229 27 272610266
801 804 810363710
148 206 163315624
333 389 791872102
614 180 296022051
722 584 108572817
975 34 685305589
815 466 463305307
750 733 709584819
224 158 170592672
743 697 813099890
810 305 414280640
536 74 304440323
672 731 167437994
434 61 219943543
16 783 919089966
386 311 246217473
208 408 310789658
189 11 67343949
946 816 951330423
146 267 309416440
606 817 949028324
487 79 342944019
138 689 96748097
164 593 87816256
96 673 250501440
619 76 579963274
244 299 356964680
607 412 780354646
930 671 267603855
456 140 957202197
13 398 860145046
135 37 669518901
968 333 65190395
31 927 579890714
636 907 632488367
808 897 125712776
770 298 432861229
55 877 535998101
19 361 750017843
916 667 516044233
3 649 852737870
831 618 682593416
939 428 995375678
641 623 65570679
277 294 627693171
69 591 792703295
139 971 858181721
955 680 954287279
646 585 177695822
729 835 287799567
724 382 585829447
262 375 903511030
152 802 609484725
79 29 196980179
420 15 779425348
823 721 747762130
563 903 726979961
101 3 632824840
868 421 384519998
382 177 241601329
828 217 543210826
811 990 921655788
965 660 911177839
678 741 248548572
418 623 72758226
414 92 175059792
594 445 721111985
630 898 573565523
890 572 183503546
652 505 780475621
283 686 601966643
317 115 499730783
984 350 589160660
648 623 897809916
411 107 830787874
352 202 994765197
581 313 217975725
99 503 905386763
143 441 694057342
687 649 369816202
945 30 744269315
716 320 883637424
472 942 496511855
64 630 245459611
651 185 48365750
274 42 944503667
709 163 104631953
777 120 237034512
931 505 933297193
608 515 615319855
479 677 663472125
880 709 780277460
979 116 16439584
566 327 120156937
743 325 913015411
733 595 190364390
172 972 760979154
449 739 964235123
352 97 649144457
6 705 530843899
124 288 23776242
272 27 551121818
947 84 990789164
903 420 169902528
432 281 104155736
962 96 289404262
167 89 643497419
553 144 245320029
900 210 625509911
586 107 716813375
154 777 142026112
933 402 439494352
814 154 785073853
490 72 366490838
99 93 548498489
702 491 13219691
286 559 373247992
593 328 202955218
657 301 166370068
61 73 312578352
331 447 734827942
138 949 279704955
266 130 494972766
980 757 528577463
936 465 248854121
776 859 437278280
223 933 581090613
990 901 633173782
36 636 227257902
362 624 47666671
216 44 930583778
722 826 860926210
427 334 413535008
602 647 763278390
407 784 630380277
962 427 652030809
479 334 53053645
179 159 937575423
514 644 646929925
690 392 253543380
531 512 236631402
555 299 446303401
328 268 591857548
401 177 561919520
953 652 586317912
843 243 976910366
667 549 969340899
359 236 614875304
986 727 894769509
77 107 445421573
193 143 175776559
138 502 310776055
614 544 857473905
42 15 797554426
667 753 422922701
325 228 76569180
778 835 175961508
781 359 645674350
619 878 283273118
492 374 422393973
775 92 530480195
913 116 828274964
702 755 867181064
172 59 912174013
822 785 453456544
978 775 639144174
481 676 759091240
759 176 252950377
86 146 825580696
948 584 862484851
692 717 210555047
92 698 820426562
561 298 300312364
489 206 249132417
869 651 614474920
742 715 864242852
985 399 50301439
549 102 9421279
575 227 134861998
412 774 657957022
595 474 600385760
562 231 871168564
865 852 539308272
363 905 827936620
804 348 66014155
178 331 11914957
247 49 795996238
534 925 352479030
457 164 709389597
350 90 293036006
997 239 739035103
21 826 112753312
46 41 697672922
268 261 67447244
761 324 264332644
346 325 538121723
4 547 777712314
444 204 11551636
782 14 956991122
839 91 281315758
91 935 427143741
471 865 960955596
343 341 778567129
763 631 187996388
424 238 574774374
693 520 604907244
535 526 341695349
639 415 101693031
629 142 837436711
206 332 601998238
30 823 182145973
561 205 633572549
708 823 459109198
221 775 358930260
818 554 535767765
63 417 729166303
492 452 318788047
296 535 577614232
371 666 287672421
994 329 646107353
822 196 164716612
349 101 164112456
252 804 766237809
869 47 927364000
673 584 325891899
398 618 466758627
390 220 178511967
295 427 462493471
382 205 309546285
635 130 279208954
634 565 216264480
577 619 407046425
687 171 422527397
193 62 555720179
188 882 895032698
900 719 363382289
234 626 200883443
107 990 660932152
805 957 213826191
118 84 916357404
55 20 538702422
348 601 729270048
467 470 336976228
147 487 673602592
553 77 968750604
718 416 315715084
251 112 571277726
682 839 443611169
933 153 629668645
163 541 132661760
659 587 5649847
83 307 580890764
480 436 194539329
842 6 303158529
830 224 69694457
134 959 965420404
843 791 763638099
9 593 340754851
597 240 997921723
99 119 903499016
959 309 289705584
806 646 478921654
624 152 424630932
105 88 583006329
934 601 898669755
664 171 397849808
873 452 639049519
385 23 394022870
556 930 753603022
479 393 899860352
541 227 228585200
678 948 656682667
269 616 99577315
57 56 217935469
792 908 665458673
543 99 190088595
555 858 380592597
754 976 350792925
484 133 860485794
306 45 469684569
670 118 170625956
613 735 75852663
26 317 992208900
235 868 802787302
394 824 156155806
40 24 500765616
601 866 832032224
177 60 724008092
152 306 649738892
826 337 614906126
553 65 520390844
646 142 558900059
123 877 599924923
977 930 126261915
366 524 528761753
629 630 721208338
416 194 229648409
383 379 88863279
271 839 768941281
45 263 836098418
3 990 816795505
600 75 705430636
326 318 121227745
99 367 868444831
142 18 378695413
533 348 532306427
578 359 882473887
610 203 456885591
843 501 874714827
924 893 3170020
791 746 747059927
475 551 946124229
905 372 508779543
936 838 69004700
961 358 457411891
620 190 688385006
350 390 422699802
325 718 438364682
608 641 97693069
352 530 911071800
222 822 909911844
105 657 235806352
16 9 522596593
606 933 244999776
32 7 370735647
438 389 903957974
626 287 397902091
905 71 642871185
51 308 973586712
860 405 592046707
606 782 802582309
307 511 608152258
74 72 896001983
152 499 236709344
140 534 430829284
967 969 267587420
232 908 272373744
110 879 87422818
750 110 853546527
285 611 229605197
710 333 828120981
440 857 993112848
208 119 363078655
435 889 215303261
719 73 98713850
573 479 403420750
582 656 169424527
756 246 70415293
370 196 30848635
221 59 228364611
502 690 781515374
858 155 217578117
407 56 554042166
730 762 464507366
996 261 530795874
48 454 334001658
441 182 678083629
74 906 660438226
236 951 218356628
933 104 889752138
39 250 175831370
605 371 75483019
192 320 974673363
620 604 962934609
933 599 51817618
445 885 688662484
527 277 647594193
296 746 129748460
853 215 657032379
671 861 451496768
920 474 768511362
12 983 916357340
581 100 835478472
44 895 71650699
483 203 964058773
296 106 303239411
247 923 290243083
810 551 782572829
368 169 439001201
36 563 132815615
391 828 549411221
503 247 814093685
112 720 543836355
641 518 355221088
479 139 553894906
905 512 900184662
622 88 324279297
601 881 328511215
649 57 982151714
99 59 51297061
921 291 975884328
70 54 414917281
203 288 861878728
872 459 432169380
888 820 832089533
163 56 789852167
97 78 638701495
184 179 932615393
537 205 858123218
904 508 509390240
341 17 754806018
845 554 620308276
533 201 788469253
277 161 945110872
905 679 411820121
377 304 437333348
933 192 224874708
897 853 946481169
258 86 903069226
590 198 889093440
725 966 227325239
996 809 162623957
145 347 381086104
586 965 359634294
514 475 91043134
348 666 217761112
434 628 435924662
65 854 644131167
66 242 265593510
996 598 740498800
246 226 925926656
660 756 96167094
527 177 527199361
885 167 349318665
467 638 92242271
738 167 221882207
28 502 786778091
809 695 473060450
453 343 865081996
308 198 844044353
502 614 230883943
26 708 919307826
129 317 421681570
96 304 549740451
730 183 128170617
291 97 801166966
38 199 66591199
349 789 885599463
502 124 798327746
948 687 329565875
264 435 696653964
153 53 776790422
965 909 951291844
594 267 596001387
357 794 757624225
193 708 564090795
955 461 254199607
662 652 683507385
443 711 980603099
503 993 316052291
532 967 551089166
989 66 603075247
331 780 786496855
181 727 914264427
849 297 664141953
436 134 101824414
261 234 310870870
779 270 84946017
593 476 364387381
594 475 790740334
100 226 905576622
985 226 304576457
257 694 502158508
227 645 329814963
558 180 184215743
338 849 538200296
359 831 736919028
224 50 695791743
72 970 26645248
492 10 840297717
600 283 69495217
225 684 220867818
710 28 416678063
1000 632 565318642
441 659 564663271
242 167 904167543
955 193 37190127
810 200 185630307
332 14 354921458
274 943 344348172
245 443 960211496
452 950 443999690
663 607 898702787
68 756 84511695
716 432 414237234
968 221 167221213
459 265 448656865
575 302 644529869
874 728 678972952
613 52 86034821
550 349 18881356
959 750 636176014
915 875 540460989
4 495 504776952
686 592 760360310
839 676 250077593
511 131 429243282
601 374 573649964
38 147 58010517
307 50 899726598
798 734 499345677
905 650 548938609
607 460 323708230
624 740 712128973
65 11 526148319
982 589 650098322
837 420 465901000
265 88 207591801
875 274 504772763
112 99 830483073
665 512 383107816
111 383 736057174
456 908 532448619
86 410 422583829
166 1 826394027
894 179 926949676
643 931 543688064
834 464 630324493
437 448 246413015
101 709 995453073
616 887 533044981
212 758 283050288
521 342 216860114
891 770 121466234
107 186 323717173
828 1 6213969
875 411 176236590
981 399 986414427
742 743 403125897
200 142 607100064
204 675 422795831
148 9 700752780
795 724 503822629
901 300 926235880
737 358 565345099
441 774 787614221
750 285 891635252
37 887 236026645
889 116 625339084
906 338 76887243
483 197 337283919
932 23 200309761
127 637 759854449
463 225 658987515
64 132 488718699
58 989 557098986
484 880 267565602
40 443 919389992
575 266 364013994
890 194 225933830
711 643 666233264
415 70 347205760
613 125 679097732
282 431 931670017
92 296 341645835
705 673 64983280
355 774 810390620
602 180 477914835
562 118 191332120
27 628 490174551
867 4 859799772
240 662 907289202
8 411 902683892
539 823 108198531
821 748 593787556
935 552 454005549
551 340 303368394
465 440 162279727
915 139 481635357
522 400 547193959
124 911 409613075
708 351 74452484
821 444 577364485
645 57 114704213
448 261 267308417
555 198 423946540
619 791 876589740
967 459 957767290
131 123 596946075
467 958 650126101
495 666 671706273
753 235 960140054
775 378 413816268
982 978 787510076
116 923 334261237
90 663 484864582
475 658 663268582
429 60 243372701
302 460 10087897
443 69 256237195
794 888 423078038
873 563 890278821
107 81 46343548
272 419 522259108
311 460 931176742
604 728 420024748
820 357 815815521
872 525 910797810
867 453 917094213
910 337 440039651
762 400 784176502
76 518 378834009
120 771 993790323
365 999 568058004
483 383 366876529
126 724 91754386
855 45 465644674
993 869 261829476
837 169 997622210
796 2 730433960
274 594 162679832
599 283 224950899
845 315 386652281
421 224 794909493
156 903 89797852
455 207 288193718
508 314 767580357
504 73 629592066
475 372 324272175
650 57 125859303
655 211 133206468
655 585 180999878
638 561 53209767
889 744 618676142
138 874 230317879
443 262 120161452
116 110 815948999
989 704 381255140
426 620 227387187
563 11 617733105
395 854 127216338
648 747 759638522
195 659 463579032
601 252 132370861
594 199 77744871
720 166 496674796
267 193 9932661
746 183 560112425
273 894 185729849
521 250 77360128
82 475 103589609
464 776 671670706
573 643 784673606
975 184 359499634
968 484 54631880
681 616 615691584
277 580 445762409
738 506 302378403
170 293 488109692
601 408 660856317
860 497 509064366
296 268 602991432
589 179 141148242
222 434 229061839
487 315 549748761
739 902 512759239
514 640 982892492
723 218 283320603
439 534 653858838
559 141 97972107
563 308 186724889
353 219 141621117
531 223 554300611
364 594 650886025
915 396 291142452
657 752 354911612
356 860 801525321
191 56 362842663
53 358 523348123
348 132 771522761
343 375 154391264
945 326 935609256
587 689 137547172
904 300 770590015
539 969 39637828
724 576 11449818
998 643 914624688
952 65 192582411
624 157 807508615
803 446 466661735
760 743 941603244
900 8 407762600
914 177 34336156
617 510 221763336
766 91 914616167
60 462 808181663
312 773 549039539
207 389 66546322
956 277 128742684
569 492 277443778
974 518 763939523
264 427 835812802
844 876 999303150
663 464 946534590
271 284 970465952
992 247 896540068
929 999 317841011
600 308 419406635
221 194 181283260
833 979 781204790
385 876 650617043
88 333 186859538
719 1 917102689
453 241 898124733
330 214 721089114
850 377 512004607
277 98 216700221
88 510 663627363
177 995 509838389
691 696 49304103
629 208 549603182
294 223 841352700
543 696 425098003
597 407 61418622
151 128 689518974
776 308 122108670
221 814 687249277
76 196 896369614
501 142 736850516
706 516 265009276
548 154 343140296
602 72 382765100
801 977 706800400
972 586 61106865
566 656 593227001
944 937 370998795
416 284 737537690
434 766 365251290
150 318 593233356
313 93 313515260
300 88 813040130
452 394 432712783
433 269 889009850
469 321 479729379
102 43 319124588
542 256 409796225
740 246 309935583
666 631 608705343
33 32 129658734
182 942 438164795
964 346 206480201
283 163 854132014
878 223 789056912
588 831 125756235
133 672 245599335
135 882 603231540
136 839 68914864
988 437 527445743
732 587 912771504
628 908 545573365
758 476 604489521
324 563 974370655
111 722 455669806
961 832 84532570
224 57 525547189
623 536 681457168
328 351 884826943
891 758 259372838
913 175 807582969
242 811 618428407
798 882 214746110
809 230 639184633
30 608 917649037
138 917 236073410
224 58 774767692
714 724 916570346
11 449 788037305
233 365 26773460
785 170 753636483
207 163 704943240
851 120 393797159
628 187 20481480
399 138 782872600
992 401 736519772
176 12 2389922
2 686 189054574
197 439 893313164
114 847 233143961
952 766 156502428
173 255 371302366
747 593 354062034
882 559 711581700
322 219 822622512
750 516 548099201
205 792 545302307
626 637 631576989
574 498 716410424
920 248 733029247
863 506 869172514
537 758 895763142
391 344 561907337
333 21 485679886
687 855 163187228
698 436 316320070
959 406 518515340
760 428 638656452
45 8 421058864
489 843 563038783
134 535 472030632
728 679 155827127
263 14 47410192
452 648 776259529
235 691 422312395
775 555 552962191
100 47 474391169
65 241 649061199
413 378 764027662
95 915 892048598
637 229 626294741
470 245 2070959
534 195 408876807
398 13 779667581
894 387 59006997
989 800 651461216
357 179 451786893
232 135 743855439
889 346 804482642
399 772 273686419
501 234 820787455
208 378 7010606
812 526 454648361
43 37 583901869
119 98 515813436
9 3 731256284
856 318 73141408
746 941 610596716
425 111 659625818
436 115 426204064
297 452 342406955
322 926 565920594
729 895 652075743
782 499 103388514
388 270 48957669
745 421 538792079
95 733 784923679
660 638 237480171
519 677 978043920
493 192 247149083
677 88 526388473
764 454 260837712
884 914 366886744
458 199 234441706
848 264 322025200
54 276 28618143
420 570 516626319
531 443 471995517
282 196 10898874
811 431 925439526
869 543 825216924
174 540 626085137
964 299 738251248
83 924 231282633
52 37 663104478
288 953 682517209
63 930 911924795
473 408 587845237
902 720 820488686
199 186 683231354
869 951 845979251
609 251 355180831
875 238 549206787
413 110 956184395
96 788 500083870
544 234 344194843
809 126 396906603
832 734 854978575
37 7 440509716
747 756 673920838
492 191 76204697
435 119 249769434
710 386 668800670
271 390 605625612
435 972 971707658
957 418 43079985
683 431 492874778
137 394 680420461
200 303 106951294
534 711 347643947
867 126 930379030
375 665 476196988
394 741 749414547
113 622 223613676
900 968 1440855
202 82 396922377
341 872 63406205
859 898 766419551
477 445 131733323
622 280 528818470
477 307 257546634
450 15 633580833
399 21 769503208
477 275 802910819
746 561 202648010
467 924 893753812
585 904 785321381
955 713 718095579
694 920 678577834
66 841 925703051
530 886 256555009
526 340 144555886
467 855 949547571
862 14 409848653
25 489 325386805
682 825 259536790
247 370 525359734
124 197 158907407
368 757 356210313
411 185 330761401
120 493 709286627
492 196 545759746
16 929 226869429
527 817 752652904
466 341 476152022
836 648 36463437
797 403 108864174
994 684 929443171
717 780 155106622
122 195 555568265
742 581 591002031
130 559 816099092
468 448 603156711
910 438 526150223
537 178 923833329
613 936 229281869
772 684 262127158
840 363 143772547
584 156 95449209
417 79 246791046
309 491 437190461
801 228 473665974
906 785 402480669
240 923 823352434
211 72 926568345
742 242 264469345
564 209 256876577
443 3 229229162
698 900 404766198
355 166 432419915
165 701 553487118
843 977 221140451
132 780 177347422
142 369 698875195
724 45 73657262
380 781 721700087
536 490 946554859
41 701 466463674
522 462 813561077
703 956 880249605
833 58 143091258
328 412 677483496
156 185 655902537
271 381 978729359
627 943 826804290
423 806 561764358
48 324 992313616
51 19 553609018
934 284 624398951
310 925 284246376
436 426 294485372
958 460 705920524
375 468 275970042
286 977 207612254
971 412 999341170
26 652 356464275
741 47 828598198
699 582 347543473
445 185 717768066
525 704 528667681
561 107 213216620
516 603 575639230
435 177 24884167
264 163 223848991
919 251 636024587
461 318 458659492
933 303 210948489
761 173 340467786
1 385 82899130
995 535 934075578
554 534 917745181
783 624 819387224
341 104 311951738
510 61 361049628
232 72 463367701
882 941 25049369
248 114 546265811
652 459 980158822
69 175 546465837
500 173 992444963
135 587 752853911
176 423 202188619
892 647 353691629
645 588 309789942
725 201 730084982
306 715 950366969
401 610 443771806
149 551 734677359
607 356 293224584
103 713 981280895
961 493 417058726
156 569 101587039
47 8 506015267
385 946 473625729
791 212 703446230
126 57 848834048
983 315 973286118
133 543 87297988
105 946 257522770
184 138 703096790
967 745 658179891
693 821 468390139
788 589 660749586
857 43 598345313
146 710 665881509
887 244 898047983
761 174 781756986
596 248 279181621
509 27 224313024
402 879 759405397
370 358 55139912
751 674 630489056
750 987 95238164
108 71 237203188
323 389 806870060
843 274 514987281
335 294 890240863
406 401 215659287
720 143 480154541
1000 469 637399566
687 7 821459713
538 860 18268072
682 853 523709150
200 123 432957726
253 164 226484269
753 98 743197975
879 170 100558182
915 101 188817873
567 770 884477663
355 158 699209002
129 925 306145858
5 120 403993198
710 719 329087302
270 651 730964232
609 790 437237937
969 993 266241467
750 270 753595774
669 359 426534986
473 210 559227708
745 591 891344541
341 182 31967404
912 520 123787949
75 851 289134847
604 148 810691477
3 188 52130317
438 174 194786396
807 660 651711481
37 90 500221506
82 144 968175470
189 34 969141401
333 670 290203512
664 39 211900871
226 649 287765754
886 952 813681904
203 343 684541267
614 561 184414130
252 521 332003694
442 473 971117902
965 713 216343173
445 107 792998946
425 373 917792542
152 406 912339224
583 739 443295985
939 209 960774549
82 13 403867970
347 825 57606229
157 80 45593914
515 266 239062554
835 339 546745796
201 79 618006115
168 331 695802144
184 721 737252141
300 744 596342355
446 739 578825697
220 457 842340918
920 574 222299731
145 489 909387657
180 312 391970128
349 823 70669758
918 833 681223629
23 121 997559464
888 94 119594583
540 338 672859610
12 485 741778680
51 880 857455723
384 217 622705484
639 204 73775232
584 288 922112538
351 559 225145230
457 957 443638524
674 802 511002742
254 925 125131289
491 433 45188998
485 93 934729090
978 324 559246565
745 668 100731712
362 171 32302514
596 646 994776700
782 878 258642163
173 434 318843682
53 571 825727214
226 113 26085528
48 533 13581724
747 788 709479476
739 990 111882925
302 280 145734059
569 298 87909348
37 895 588941182
353 42 257948279
320 650 597896829
426 742 600350990
734 229 281848942
333 296 539063662
460 281 392494014
957 7 713076183
209 2 134285173
447 198 312407913
137 773 50855402
439 450 408716117
430 128 328052092
304 811 921053646
457 337 729577248
900 872 896629035
367 769 144255673
710 166 709110664
881 219 900614057
804 88 17510589
939 33 875253936
770 686 604373976
28 17 198187807
763 267 971250528
41 951 155150311
889 411 883310645
973 930 574776792
414 212 816535469
680 331 502609856
345 178 210245603
401 782 549010857
407 341 818936904
909 132 954122738
357 250 779305655
613 378 693187370
696 454 594690142
856 539 12647518
724 37 786561291
721 534 969295460
805 581 349446255
126 529 153584739
212 686 860103937
160 865 551393874
724 481 69145105
233 414 677833668
214 521 51459900
697 169 952059376
761 359 215221467
402 976 282112993
617 386 533552340
245 88 677138490
284 714 987000163
120 426 87791961
773 353 654488694
839 935 653711937
565 92 399165771
955 366 87736684
83 860 386512040
540 598 690520817
114 905 22690858
816 4 330276920
174 393 684340503
711 423 753484970
472 97 915790685
428 269 346298360
232 254 753788680
524 475 990640365
934 476 645044808
675 292 265143766
137 130 225561655
337 368 388379181
341 294 657962576
316 652 106291412
911 801 459115967
840 534 263612964
507 929 381672789
769 535 17474972
376 15 729735335
967 220 938127957
6 1000 858135396
746 391 978974880
416 523 551829588
633 137 478892978
335 748 498173718
279 517 865881887
159 394 3782023
189 577 294123822
412 182 884132695
534 922 828114156
405 274 891065231
503 769 881431345
772 141 142809120
600 965 619507474
67 24 117181220
708 619 873334055
195 878 293623065
38 26 925325104
313 41 54507744
736 322 231226578
798 687 506079258
450 140 941674159
740 416 628144787
314 905 73931068
664 142 44933931
768 206 534497327
120 52 767532925
93 15 78712280
580 380 558797900
642 698 784895047
293 563 701891550
463 36 11978214
93 376 818815115
170 851 235981978
153 885 873696733
684 149 361226738
468 30 651449143
220 797 258559364
230 762 877533501
146 21 461592212
518 899 912461126
681 971 256816076
408 863 887066177
287 278 864808107
190 232 96510661
458 895 663634921
439 29 566047105
77 71 576241467
678 738 532570369
2 1 785247779
220 249 839112141
137 682 212241533
817 983 673114421
526 482 284535872
453 697 113316707
836 621 742936532
774 752 440059315
253 749 426752491
668 820 356889461
227 4 59202974
595 149 532179426
644 207 595007733
344 519 608951759
296 914 264462680
444 856 783320450
922 718 526219152
665 238 224592601
285 698 241517389
456 26 237493140
734 982 942695183
823 899 787480465
112 33 107463783
739 837 900392915
734 946 949206756
934 152 483605331
380 212 279575253
146 839 677514516
41 400 876749571
595 39 241461332
544 40 792789563
248 383 183393546
940 44 560145767
965 319 298059568
414 118 972587129
684 516 548134332
27 328 447439134
758 403 424296640
281 574 969173489
939 659 822895959
994 222 855132029
428 915 712469648
508 823 589949992
612 16 980986726
696 927 902697242
954 859 392340766
701 58 803978994
808 317 769468068
119 829 320633323
318 760 379610702
375 483 302375301
806 78 843320841
537 533 62547531
954 586 209373369
273 781 395571716
397 469 64950226
692 344 189387839
260 852 293456363
550 567 36070181
978 476 799597396
946 468 185908462
137 554 93384914
355 422 132740621
719 997 445252778
836 131 535379265
907 293 788495657
543 808 568662695
435 809 476595120
59 34 276921745
898 345 966491077
733 709 883847758
293 254 812789594
112 524 142616653
275 56 563555947
919 554 157233016
563 644 887882486
809 117 575990135
445 869 322873270
352 328 693211608
800 551 27827169
240 598 104405840
824 621 936863408
395 245 494805374
994 2 93997255
405 457 718410175
2 635 21573115
870 931 599590569
562 694 139321373
366 914 447428208
588 844 752299602
748 110 350718252
833 496 799833356
466 494 416586809
23 672 557869623
552 394 348994566
141 506 941420082
753 37 344057654
295 164 876753471
77 735 510996998
96 303 216004363
678 791 507899862
329 17 46529273
506 51 98759275
306 630 378483841
732 226 749885385
321 310 354416766
976 32 848899436
536 776 489224777
621 200 474656644
438 673 506225363
468 653 444755526
162 44 278374903
549 859 437057871
705 604 523631458
999 790 129820131
537 276 708109986
899 942 353483088
157 585 819375026
778 227 959488416
286 784 704822482
797 278 449093579
991 815 746006296
727 26 8701574
870 455 969731758
922 423 932760009
1000 78 985258816
334 42 92826778
224 970 356729410
723 223 10110857
794 917 690461208
422 47 84066393
344 705 522497864
591 451 911450224
120 551 463044853
104 397 945145559
458 916 219177068
763 387 881359426
17 115 818355556
435 521 113785904
962 792 575223144
788 568 498212560
590 119 589390714
115 312 531716336
973 760 595184850
493 911 799696224
336 120 297122923
137 531 291847144
178 814 297521710
102 743 339257138
905 555 398446570
287 404 307953389
334 561 202554284
366 588 679902991
782 828 780936137
483 959 364260529
810 445 537759710
771 536 125611635
393 405 416445148
865 151 41968169
732 616 571641630
10 251 292846189
542 759 789164085
112 75 975571500
704 235 390256769
502 313 388055765
545 293 585754346
255 95 976951112
205 166 686295308
786 47 903243581
896 329 962701785
135 994 802914788
631 557 524806476
222 5 6969171
875 978 998165848
346 710 544651838
377 850 424397737
213 76 45239730
772 123 85427122
881 692 819322479
113 79 25315794
981 673 277102671
234 326 450164058
407 477 630363859
535 792 61169941
386 360 819976299
466 603 86430650
324 102 827144037
559 232 526878341
326 513 691511990
943 195 601609335
618 158 295481157
601 270 349883809
27 518 174729049
122 326 576892014
942 145 225230354
582 552 547850585
901 438 165695783
928 613 936440178
751 33 765549420
786 845 788972977
323 556 557911696
297 153 273304425
377 757 546323216
969 35 653763667
824 647 781975182
40 494 632237159
685 603 283115479
468 22 321558463
144 800 6111726
619 892 80440458
450 363 14933738
319 41 837222562
411 240 87073121
420 220 628317116
910 376 596859050
763 326 536994714
467 642 213013147
767 632 178514563
105 966 849782753
653 85 714804565
391 456 91002103
417 75 285892631
212 558 233343732
901 517 981242568
316 129 957754660
449 779 492259584
322 979 946957110
563 10 180752546
379 953 3841942
859 704 291564034
158 65 526883865
170 70 467525047
372 655 563132590
260 2 676858246
622 450 960356672
368 32 627907434
209 765 700714900
47 682 398386711
433 358 767970305
449 799 690390887
411 785 337099739
922 70 518891018
324 225 454581513
139 587 646053099
119 1 290030784
23 17 241081696
279 468 243475276
286 639 385973826
166 338 204675126
196 462 673045676
847 88 614294343
445 722 44918540
242 167 370253951
495 124 707357550
607 238 481489379
425 512 98506042
904 528 175652209
413 668 943245622
686 415 856414226
24 348 324421225
265 244 770031084
43 645 631398881
63 56 307221450
651 449 801520528
419 675 879381828
673 16 39608375
883 108 241254855
474 418 108003377
203 332 626765765
382 591 185359934
468 729 125952604
528 863 800257288
209 427 856996877
906 925 67987700
784 125 390361201
535 91 464360503
832 256 212370732
393 340 982526906
532 165 813705930
962 919 123883394
125 18 944522506
199 365 704691226
317 780 291225935
746 993 365746228
68 516 841293399
406 255 380297992
348 325 265250205
483 517 475760346
944 217 770907380
740 675 402802987
324 317 987402252
651 311 128360568
9 900 216651654
266 781 697674324
862 40 976288406
465 368 979159101
295 874 548056715
61 862 686161558
190 409 131557001
424 442 515404512
714 157 698204935
646 449 229349005
387 548 801837364
58 57 461291494
140 303 832326732
708 410 806977625
519 473 409705175
88 696 268752335
987 179 536840029
434 907 909799962
385 993 411966172
362 599 567812955
769 388 609497553
879 377 139402042
687 369 409705290
181 319 97855635
434 750 950527598
708 837 415892785
742 430 677265997
44 214 573105008
13 439 282958201
707 26 655732885
922 473 746382530
514 460 462290426
745 304 951742928
73 884 72582284
980 439 817837199
513 448 12690702
300 968 206816950
531 408 663734876
414 992 114085935
56 728 539041709
765 530 568559653
730 590 872114291
29 807 818741165
116 635 89438022
672 621 35320422
272 736 26710267
747 984 742471744
641 1000 131044116
556 135 836800583
788 355 151076556
39 875 332558140
286 258 280619778
799 719 624554122
74 918 712156097
756 732 545578732
444 273 845249713
630 623 523678167
184 965 248485170
835 428 756458512
217 375 713082379
864 562 704757628
919 454 752070286
437 79 16328869
271 174 972685004
913 515 945989736
655 525 266537953
232 59 980131770
449 883 962491216
693 175 702050531
407 149 609408901
612 959 53319707
218 217 900323147
438 394 897733597
729 31 988074266
283 814 524955362
249 3 412284549
908 575 989304777
516 475 514412998
785 889 312680612
129 56 809695756
44 783 324423379
968 53 762243135
372 780 163207496
376 288 865156467
30 23 143952497
994 59 552505466
146 370 802108120
1 516 345511540
668 409 339893536
461 126 471573386
408 541 872807341
364 240 573165301
311 848 959777955
422 68 946451907
193 997 184048566
749 619 697233021
955 430 440966973
305 298 436255995
455 25 837484724
82 117 797178550
488 931 286135067
768 724 267687157
350 840 411138349
74 514 936243879
166 31 151720778
646 957 605819728
565 215 264356455
962 899 888018186
56 199 926383368
369 233 420422569
832 439 258008512
442 739 651628947
722 249 564815556
741 58 303639609
791 802 633439834
173 414 617692782
28 60 252078946
801 184 645191621
411 610 110650356
155 906 341880996
460 734 778266082
444 231 970251051
130 373 808984753
457 640 263652993
238 417 963304479
42 673 35063343
884 802 160975532
908 284 891637227
191 502 554462767
925 725 142038855
83 248 653951478
820 754 63633771
992 865 385000181
331 792 853544593
964 893 970609361
934 670 836300458
398 3 320180772
855 347 814980358
763 944 280134818
707 532 359580902
452 391 225667848
303 608 436581859
94 833 264099470
38 568 571356052
682 596 522304617
426 931 483512320
224 960 897042676
339 841 533774665
935 728 967344019
53 4 756928758
896 744 573016649
222 747 78564407
918 837 888249470
77 446 475774525
409 330 132725752
800 739 143091223
536 754 481851976
438 704 159404880
948 682 93176564
404 156 823650162
419 170 868412921
899 758 972499508
234 23 524226182
319 533 771876718
875 475 67286474
343 81 225596567
516 227 100618153
697 794 581755896
541 90 189530144
476 256 169050729
945 522 92781917
925 407 880250915
851 133 649751577
312 100 218953668
811 191 586001676
933 750 936021856
153 291 50906224
463 190 437970977
533 305 263230507
325 515 141660866
840 857 520711736
628 389 315379187
108 962 808096377
900 743 657326255
957 737 42335849
58 43 625105654
547 522 658903883
20 123 864965606
995 689 899291968
88 15 890846710
516 533 420794297
582 416 12478890
700 592 888633689
215 355 997076981
29 652 410347853
303 19 811954511
647 386 849733139
863 764 180350567
69 168 325478092
98 101 10462470
159 146 39107500
11 911 704703406
404 956 837638496
769 265 283514026
540 674 165195314
428 319 913717559
860 939 743094141
557 999 183894104
893 401 348437206
1000 383 435099909
132 818 54812456
810 272 260989119
834 141 520263403
107 912 352539823
975 244 480407267
296 794 564018531
41 17 282217311
917 454 501518998
670 803 764699464
669 995 267691675
798 615 273942940
53 459 70520153
34 746 401690993
184 62 258804387
182 601 9304609
526 627 203241923
449 472 3364267
374 29 769841286
568 735 614535810
959 417 787152923
403 862 301231011
939 613 271134014
490 687 420264294
98 48 214018322
555 983 491830990
562 811 954773867
634 318 315742816
941 317 498215389
697 368 81796724
802 129 625416143
126 315 376774278
458 552 216057
744 990 476342238
73 364 592364337
328 383 437654470
196 25 515626538
490 438 378705527
892 110 598031842
788 691 95151328
608 275 649452593
262 501 7068775
367 205 168973284
176 136 841566375
6 1 859828062
528 140 457797579
699 16 112426666
474 604 982391286
338 783 847449777
478 589 823381802
201 760 339282662
83 518 686195427
903 417 255054256
220 1000 393710678
147 443 967344227
386 736 162257226
642 708 186130727
267 428 313358158
206 292 501265705
361 498 799718352
519 913 623500040
682 38 364772242
308 466 520619370
852 410 895526645
543 496 779993327
625 394 492073017
934 666 274534301
472 210 738672989
282 487 360497890
240 113 335918111
183 290 11757691
845 134 672168687
795 330 493728939
669 68 598767767
299 623 209505983
796 529 438887727
850 721 411201816
288 73 821651320
572 67 316572006
620 489 221058721
152 48 886837282
72 55 972611799
672 501 51020233
967 395 833060010
643 468 714411005
582 16 166313650
591 817 856779172
923 735 337787812
735 328 179407089
667 482 977325201
160 121 182234239
152 361 526351399
821 653 470367458
216 163 7667259
90 12 500244407
902 829 102023364
143 60 452226442
198 250 615184236
784 866 758357057
220 174 712884607
886 357 636838537
997 534 910584242
347 635 481865359
369 697 502179500
999 562 214380082
10 546 477021502
698 749 410852443
195 670 419711783
969 772 317533436
343 543 125307862
740 633 118848952
632 10 439334385
638 640 176336573
25 572 753788415
586 647 745772292
510 316 301262
911 50 947624785
810 373 397837655
732 15 324516161
342 629 820040403
950 441 29333746
384 717 797247174
125 466 171136566
4 523 181651278
287 196 463335335
580 339 417447873
603 395 604369721
786 688 274956806
178 16 99713296
244 547 308631367
945 653 81653904
738 265 854737865
527 53 682719073
326 5 115213599
768 496 610214431
220 644 584560054
75 364 929653770
551 451 535818848
86 33 351849845
483 666 678484189
828 687 145145466
17 490 54470185
979 436 189428241
17 839 767144613
899 916 973638320
207 632 925016356
617 565 667529322
316 354 459231410
657 635 874812178
835 705 985443161
928 67 453681548
767 546 941018451
181 757 967842063
718 855 250710684
799 520 256124072
443 311 390741153
466 488 313773922
539 65 701188214
686 970 171549959
562 391 281906583
478 112 977833528
486 257 822281114
625 441 641473368
379 293 891006016
608 734 723401456
358 784 845804601
494 756 193819737
371 389 724551664
208 340 709271361
297 933 70209379
491 736 140130524
44 538 642817038
532 989 99891304
520 13 889015616
793 212 368317861
676 123 878523908
71 26 172220884
21 154 77835878
940 324 265681886
770 860 724872919
575 42 827513783
313 551 599120597
369 1 607754293
685 542 244870689
82 305 736599312
874 732 230007808
335 371 664360614
844 584 693563615
521 920 326039767
35 631 885990892
564 76 523142011
752 41 991236107
547 226 706037733
311 96 137184221
389 562 652689770
805 544 199553586
896 413 539263385
936 15 857627834
458 107 900952023
167 656 910563269
165 408 812660217
571 765 569598957
644 759 417274654
374 202 988648779
172 645 977945746
400 285 723413812
457 108 208787408
312 611 864848166
801 948 728378010
849 626 855887282
530 837 803037547
458 156 72754417
323 248 816592313
441 34 828751903
8 370 975176953
698 924 112694017
44 470 291028693
242 698 967281611
828 468 899373037
888 713 962597676
757 955 373854269
350 920 677329211
215 182 641995464
395 566 769910666
203 78 521705387
660 989 484262434
308 341 473835523
659 171 291102850
506 441 491192432
865 790 363751034
917 737 18288222
553 590 793060642
462 663 133194553
258 74 508890644
16 89 594079323
152 986 585883052
180 29 93256761
350 646 935367623
290 411 998953259
299 680 70666750
224 813 151271355
994 534 754655385
314 244 232130974
722 658 977753480
332 66 675873132
597 490 30630930
48 171 479105604
494 268 449047260
124 751 842314264
362 372 559098134
581 439 98060068
957 205 432815591
429 620 244194305
580 524 832145905
881 431 758518419
432 756 277825644
191 247 416031242
842 931 694452953
761 665 136842897
846 429 501607225
559 571 61403204
541 923 548271830
857 651 467391237
440 951 144467952
283 919 170535337
22 703 197456190
499 749 511006453
173 198 73203196
671 458 680628626
725 728 132966544
2 523 750039753
11 6 985768739
197 526 766305786
344 630 899303475
905 698 564363302
891 277 862449751
232 540 354175723
194 577 276158561
998 7 828188592
929 698 40208930
323 742 477296063
708 705 479328194
592 260 395800056
430 487 474319467
596 998 603934924
841 563 410839131
904 180 879195567
861 28 463816891
190 499 659902697
721 80 876863414
330 202 149677570
996 101 10570866
688 756 957015063
743 200 490496866
113 478 566558526
149 147 90762786
572 622 918139052
5 505 889093268
175 794 706247443
163 268 865336347
104 962 941707244
662 314 79403280
480 674 339907137
575 433 544188884
575 225 220909992
134 385 674556330
364 299 827495708
873 344 566215192
50 129 75452813
697 283 751390030
567 317 81101573
782 270 978622392
556 286 581420981
192 697 977492771
923 677 228634543
10 4 766571597
56 24 986218351
986 380 315044513
832 277 555829290
44 734 505951977
753 415 253980999
498 72 447163752
164 136 597484021
458 441 805725398
973 49 538585524
464 8 418888537
518 508 88337313
601 718 27934660
768 321 116950487
173 118 687003005
446 524 766756969
765 72 797100264
530 814 935367062
773 457 467240643
608 278 507073105
392 909 529845489
868 600 396397751
926 615 651804473
926 942 597263702
623 951 324493062
329 49 784140228
545 734 236156039
225 28 626823616
196 604 544022633
655 762 414157676
854 809 941203485
17 4 275221142
57 891 100751216
506 442 536404181
240 956 567697368
950 321 161114923
668 685 183619455
814 202 801297946
351 332 610020100
2 968 883355836
533 902 626607090
893 368 241242040
942 487 767864228
919 359 21481611
658 209 683794750
295 191 124051466
936 143 419283774
770 658 892608304
262 580 767813169
545 364 487823815
591 682 821551807
337 888 61304060
983 949 901052357
111 149 732608686
949 261 184906645
198 461 168023806
461 646 3431727
178 531 153112331
78 780 962070326
693 114 745144272
471 10 255274892
134 521 619448647
501 478 503646473
233 283 929712012
708 350 671626463
482 645 588307246
48 993 953438342
869 563 690501047
245 806 260278577
714 184 773499316
194 880 603857589
934 635 268445130
326 251 314911331
126 177 757494714
870 27 664139093
778 721 131052635
235 395 744904980
61 57 110189416
607 489 580809283
387 856 480345814
256 252 888497261
660 956 940202173
870 432 890084646
980 544 9061291
358 120 352064831
187 601 119022321
313 762 574416570
348 957 860025657
80 20 184076889
298 51 195248815
385 589 92866261
762 836 664419322
73 619 273126282
390 616 467916573
484 117 558828519
502 106 420766194
974 978 58291011
613 659 537453679
512 498 972748262
827 119 140007337
74 291 266306343
153 124 671895364
281 55 263821482
49 10 137760293
519 268 183916901
70 815 43593689
383 776 486969935
822 867 403922295
958 401 555016579
357 872 784732323
758 991 966577514
519 471 270679126
108 695 758488755
134 71 325435361
260 98 153587165
590 874 638796224
804 575 527951815
901 279 318548075
597 292 212796243
185 172 482569859
299 899 655984167
14 503 988153111
101 157 549215108
755 482 110943017
536 858 98945829
372 353 323209587
407 256 205839454
817 100 305913193
13 699 273628518
717 994 998606240
636 949 777327514
206 578 970578064
106 8 690130225
121 733 996199708
466 34 542384380
387 81 522576984
680 345 849996767
884 429 123963231
746 935 53989927
13 10 780104318
218 283 386888855
82 873 357068116
906 542 737327254
553 755 12010074
903 841 271846768
740 550 521254995
966 176 357386229
444 293 489235161
104 71 393407823
104 417 871024909
139 103 743857649
451 286 94846811
69 29 818096945
510 42 357754430
982 363 331897326
396 588 923082605
902 37 521939437
633 773 182499998
744 755 152979961
552 114 725285529
524 1 228394048
248 980 14613816
32 922 800365173
60 29 670649924
589 335 671019327
58 706 455217428
737 104 846413675
443 706 257970101
510 228 516441056
834 845 737804010
892 468 247857418
474 798 490320545
589 460 904062622
96 36 847724976
90 80 18540312
323 352 746317660
60 342 79293890
473 203 642809585
708 814 724189474
237 167 44768463
991 724 634923820
6 235 821233587
657 486 1999176
429 33 345635714
916 248 114923394
862 799 873840659
571 264 56448097
304 142 478018288
1000 434 488067285
480 233 548048971
671 623 817131511
292 92 154453612
618 256 609669067
947 15 688318220
543 129 849351291
631 186 972611616
155 58 923607275
231 273 913483051
478 734 405994434
79 211 799638576
769 590 843153000
25 22 864224378
528 170 417454804
13 91 571640017
343 36 920958372
320 391 729197024
694 516 958163713
860 136 305477590
240 583 275880955
841 572 319968411
374 901 139253036
355 980 577395070
643 484 956958143
207 538 398903850
273 119 449261477
47 399 897296636
655 375 403427195
216 296 902553405
192 765 31832198
365 710 482884422
393 822 471683851
6 725 292704747
121 118 934433637
970 418 13404999
881 301 362807976
36 326 171924884
738 303 37062796
392 172 948195108
925 521 28315410
329 167 591569313
47 86 28569437
245 259 658530507
3 116 241788024
678 9 113859895
517 911 451520016
281 596 124010145
259 863 917731207
444 317 315750860
26 92 542673805
6 944 386234647
846 700 797388936
502 197 501345666
437 931 292000615
467 460 605436046
952 307 769749391
866 428 730702288
317 445 89207554
37 644 930709058
186 344 587019920
187 82 466425622
3 159 651877123
919 715 691851489
889 133 31566437
332 715 449740428
361 96 744862455
264 229 358938054
861 99 873214675
728 179 446127826
828 964 163002051
402 336 888340581
982 826 106516672
973 181 362636179
264 576 769454684
446 88 284641385
191 910 843631430
673 504 663352757
377 96 882743305
672 630 387472584
227 147 32173562
933 980 514284446
397 953 408286608
865 979 971520550
841 136 258645609
441 547 627906415
514 179 773901050
108 300 545636782
122 69 958668799
369 158 36362716
978 729 265046367
117 297 80424485
556 167 854933523
394 974 286843408
749 911 279776936
702 393 293179375
845 229 527902497
956 938 168983098
591 411 221954490
366 826 511559863
176 915 305758872
26 703 151812862
701 511 542592217
325 678 419597354
51 620 539831014
495 962 536869907
376 726 152030780
386 15 300766433
979 481 606569671
318 232 871464629
182 352 822040526
844 265 437509975
536 466 105342485
546 442 546630827
962 155 951796166
817 2 567516132
33 635 782441041
217 105 277607680
388 171 994924204
528 756 639783315
167 152 946448003
819 674 487985844
109 105 49251496
422 776 463151527
505 188 529153544
340 413 390879149
296 321 546382691
327 172 131602996
928 208 498604459
653 171 948668662
925 813 716673059
937 209 349514746
834 404 68926233
885 959 720055396
92 392 382959944
578 2 426062394
261 123 196667983
285 180 973281016
530 995 629129959
497 151 73075786
405 260 546677833
18 1 675424381
949 154 584894370
611 653 439911284
909 656 202388586
790 101 962051918
160 162 937614071
208 424 277265086
764 223 437976130
728 391 390183236
306 106 618905836
165 33 348330608
626 807 664920963
462 160 861248951
215 253 414598580
945 13 719270432
766 183 339510312
924 203 201655221
702 981 291842181
246 47 424193643
562 816 111313098
917 752 845550161
752 495 45335033
210 114 707612309
475 372 996868904
195 259 680678956
351 268 388610866
697 179 849391983
596 102 905458711
577 131 682821947
877 812 716898778
853 497 878312981
413 538 36270388
299 928 741637715
328 528 569786562
615 512 123581660
198 161 541726249
228 843 914958770
638 183 662386331
777 14 851467612
215 165 222432186
652 822 39142971
824 873 161675244
505 291 83839670
490 804 70979745
551 109 124764561
679 107 126782264
854 42 271815212
228 27 129927532
673 599 491918537
346 207 786351544
290 62 489607075
151 658 90924035
654 378 683554824
922 347 506786239
108 60 202734596
529 35 10935838
466 219 65887310
460 754 288587125
841 141 681100248
483 803 760754797
955 890 262550130
970 836 342736804
953 455 521037627
236 314 891532558
894 889 711396878
640 153 552670117
735 697 816565976
566 769 716811351
58 80 572619910
502 706 957430560
593 536 970927344
302 127 769927069
821 591 810823046
127 61 450234585
776 864 149766279
69 230 788116326
831 427 573251833
765 559 878020049
791 936 874226283
78 153 709437262
645 296 570003462
117 168 219509536
638 963 170607635
199 477 432104502
960 639 667202058
876 990 333296215
844 170 113471208
334 752 659910303
529 164 720538789
870 731 721977876
24 96 82951747
337 36 628123848
545 436 192170838
878 173 482415291
722 334 230014488
595 39 309721443
936 446 407267532
449 46 680606884
129 96 169921562
80 384 161328679
450 429 111699030
885 181 23102587
399 79 115672062
979 490 679642991
170 548 602088610
401 673 623510283
368 893 925027530
53 772 107733563
184 288 150237261
897 98 994952641
875 202 634588479
967 79 593479239
495 187 772039713
974 791 370233685
250 107 848519871
693 893 664923754
225 54 10006239
552 297 824223185
264 542 884238996
614 78 812805047
181 50 247403065
60 482 384368328
687 595 731653562
133 19 449158115
281 312 67725156
793 196 14857024
327 695 86356709
35 32 626265073
656 180 546491707
704 627 288525346
303 942 56271827
156 204 378155137
645 72 366121063
813 312 173640620
511 212 89676626
242 555 973588773
496 484 957887053
504 969 104390079
881 611 352892007
739 963 181306125
808 93 62980522
678 633 804837310
750 119 542363753
52 796 962102974
267 151 159463016
241 231 993878049
161 930 916320123
551 255 402324934
276 316 541582553
223 972 351981691
736 104 456551537
76 727 363593785
551 31 817283838
408 157 864358568
604 157 238317966
920 786 816707818
181 887 20460061
751 60 64590237
31 24 354293156
227 48 720755943
200 766 833571101
946 47 809503061
538 292 378518108
417 689 592077669
862 407 239872327
791 591 557677057
341 824 63852661
974 958 677998893
1000 332 227298235
442 26 850332773
944 881 617463309
242 181 2914169
816 191 894358624
335 142 795029677
284 159 749918852
356 257 4164369
955 956 159349568
448 103 184976160
732 899 527599274
841 491 275607165
366 98 669635872
563 318 744526408
260 712 465367691
330 370 460513092
449 1000 919698559
22 623 734321418
473 259 167913922
59 614 820687545
454 986 832837642
759 704 127998754
825 518 366723184
970 551 936365531
470 237 221825129
214 937 336812619
401 42 661367254
294 105 692640125
823 239 466600616
233 250 668157037
978 150 542347769
568 302 49432578
517 313 917790150
36 764 951498105
189 584 514452100
288 574 492510305
830 15 880189024
587 545 827753145
326 298 339079819
802 633 47563807
298 690 323795779
658 928 161797167
289 926 135312783
542 550 222515279
423 61 845177560
697 293 909757225
679 732 724009746
120 47 658267422
764 269 818077298
757 431 767923779
20 669 590673438
766 194 786760904
468 807 276640275
452 570 113845496
26 117 43292113
958 133 799037701
662 264 427322781
316 23 680015196
221 524 957870920
837 950 270500996
552 49 817678666
970 905 476527714
705 661 322127615
279 184 309767463
521 13 757336879
953 721 448416472
492 356 333919048
438 71 86044679
758 663 852181823
313 568 487073466
964 178 383487388
819 721 46952416
426 400 823003517
704 914 389129649
934 947 980579324
742 204 779046468
222 96 856860869
509 183 277498390
125 399 5139693
217 106 827009718
625 113 441762076
652 262 452316601
316 147 51379382
669 869 6109785
947 890 161187670
191 203 462694248
129 546 172264742
186 160 188228117
381 54 46694201
709 18 95464690
780 721 79664213
760 680 715275597
40 584 610490697
193 604 782990513
825 886 163634400
697 926 855232600
705 796 54086191
196 505 405607426
150 633 517634212
519 961 678201679
116 78 20588404
297 947 417796010
569 9 225193144
990 768 590548861
198 159 369209814
272 570 106204005
337 775 481636286
213 74 157054329
238 528 383223697
17 109 797685873
623 516 337881470
21 183 390740874
64 62 599340229
115 142 796578398
428 751 277512765
565 602 806282218
942 123 34030841
929 974 951105833
723 132 376734064
93 361 909186975
446 289 23467322
983 264 804760956
513 634 613263046
924 974 617643632
70 990 412128749
69 239 446881640
914 451 213800153
729 632 107458070
83 185 593378650
897 263 533291659
596 734 263671807
278 996 764901701
289 908 281586939
830 523 13088146
515 183 561846573
214 965 576107978
127 135 243942562
717 473 220793324
711 518 494176282
651 1 724467554
899 502 30592418
485 376 128821290
543 219 369328430
83 68 754229305
930 561 387923694
612 628 663430346
556 14 664087285
795 322 582940572
272 455 513822473
540 79 513983022
418 366 208260290
194 214 755106521
507 961 843389171
523 498 115488987
791 458 476569862
59 140 176654167
75 523 433195411
633 113 745865220
614 518 984786308
314 231 81417089
334 66 947891692
197 591 966575145
11 164 513825728
695 631 602992201
979 133 377102738
837 136 235611594
573 511 660164550
805 932 175469475
988 532 91245937
282 129 634556312
602 374 448850326
353 819 907842977
562 353 349282717
752 114 397513908
190 137 502590310
998 115 624565159
761 650 559888180
384 333 191703839
762 813 826638640
415 743 101524806
763 540 590397754
617 621 783584792
211 399 551537080
557 97 958861119
898 231 853601585
367 151 67956210
114 65 562043169
293 166 711910968
775 887 700813528
887 591 836302218
429 209 702653565
755 196 307355961
650 181 902469914
745 122 744769913
52 871 646557900
845 933 786241094
848 452 161088009
230 248 402931792
988 213 443469774
680 978 593528106
727 638 397695372
411 425 823281922
575 491 401645305
843 730 225031079
761 141 525427790
261 760 900778385
688 268 633056636
137 278 2705564
404 209 464070038
559 164 310190966
696 533 301426965
322 405 848598513
111 78 781440412
269 876 149900517
679 358 812155980
648 264 526134524
121 209 813197521
170 17 995567356
215 839 76726005
528 378 304148029
989 886 449864840
951 161 518425528
971 856 196753021
158 952 343305856
376 324 727048066
851 911 479926064
635 241 668060537
414 231 612131
994 888 884408392
1000 569 773174570
130 9 313100141
311 901 389126075
797 294 691146671
294 895 290425437
859 888 635227420
335 111 709377660
60 935 975806827
817 530 821503029
469 36 908457330
611 232 61434236
343 399 359530585
826 238 778816039
952 465 529881872
3 2 657500774
573 748 8064314
987 645 929445021
565 722 786616819
635 956 987299985
403 935 118542989
715 518 125616236
942 837 70787833
708 230 640338125
820 572 863472506
567 700 766645708
363 163 858472447
749 875 673048862
19 9 259642177
821 879 907353646
421 28 511846946
503 71 504651795
958 48 142812833
540 777 714491825
193 37 267241603
120 586 917979878
462 193 375319079
106 118 351159373
343 334 79792146
813 783 694973345
873 253 961833681
822 395 960163677
481 924 877518815
391 265 197902445
997 896 9746776
618 225 968981846
525 897 710819915
372 265 849381016
908 280 144978101
387 750 174337729
312 53 680858109
125 306 978996323
111 601 236521807
277 34 562596042
36 841 624274112
194 32 980864990
271 493 245365326
62 283 992006921
897 381 167603129
896 818 428693772
987 519 84006360
788 390 998198023
467 19 346286259
14 167 409960734
993 641 531855359
552 93 482309731
116 527 305802813
278 969 941131094
793 790 861110492
947 460 533925667
353 176 984083419
183 894 763707311
715 719 906834849
477 381 185518432
698 790 622731991
881 737 413369231
911 900 229861441
585 911 965737981
909 667 327844406
27 137 216037578
143 127 811532201
924 485 327187384
149 815 503853419
268 10 297865125
907 98 199876728
812 643 664337943
966 917 470932279
578 346 243406979
267 728 658347749
53 725 237909390
502 509 130451477
706 961 981680062
427 942 265986478
999 608 401276501
395 489 777016937
990 722 353389237
419 85 600888444
869 861 775001938
802 647 515036275
262 339 958981785
302 541 11866966
71 193 530658160
115 38 975530824
282 320 540289434
385 14 914604941
992 404 431250422
755 352 135295805
18 635 501774037
92 9 370241668
860 570 293883196
585 437 738908688
161 824 111306075
904 467 193716779
828 947 79910923
470 460 772684339
923 201 775850999
912 794 139163415
255 736 10559881
112 878 360920334
394 215 105933640
64 427 239024940
103 719 448169766
189 181 660138468
221 30 680391840
17 817 65183788
471 783 968946074
565 943 974671557
572 426 233443845
867 531 338464751
878 707 756555947
910 481 541277876
190 501 920481130
189 50 696227150
339 198 105017929
479 613 916662769
518 294 445772600
472 319 554185642
75 133 564343148
189 770 893850341
165 830 985707946
902 526 338175599
322 22 340062624
960 506 263412395
289 97 580838939
477 132 473398435
606 454 2605138
342 92 69312407
798 511 177972828
670 210 784217540
568 258 866686236
287 323 379260823
287 22 688085404
78 20 558142177
166 200 26781567
286 373 918618846
674 44 702738744
36 30 332995864
859 153 834262727
70 225 609197782
514 992 246887948
920 94 536707818
84 34 620308638
852 489 833326592
432 761 975256505
287 949 707394622
442 971 374509190
457 102 133689543
670 980 434791992
21 15 815718964
37 287 73793282
89 938 219767067
230 327 917467747
230 62 62303929
562 664 303170773
130 827 320750815
155 243 423049807
347 738 589256
400 261 760302621
283 358 111383671
774 526 868105733
976 331 75165742
527 248 4080770
36 531 907006073
443 454 122086736
124 137 775560535
799 112 514603979
844 920 799145076
393 119 189311458
872 124 111715045
640 86 587735718
961 890 863742254
229 455 668788441
903 241 144103619
966 985 540958974
945 344 344792014
963 629 327309428
591 715 750004176
56 930 56465205
415 313 733343496
7 348 437863697
202 686 382715262
867 620 855359057
255 603 877072832
56 83 438083205
127 498 646620506
685 238 112318918
827 135 724300070
500 716 349162958
930 604 229452407
57 969 816149026
400 995 860894530
283 369 62607206
832 529 188318109
661 25 503960139
539 548 930405579
962 347 43019712
804 237 500306191
138 244 122354377
779 957 409545004
169 148 594245094
522 190 676055364
694 937 587064205
499 290 637857788
354 726 422600397
959 19 519839187
747 445 204583373
127 542 942014081
835 17 623269907
230 293 107848017
594 587 295818415
310 300 165404444
146 76 71835286
26 758 917487175
654 91 917296984
425 621 599099215
890 600 40971694
174 229 803899035
826 930 788641941
934 468 31485426
405 286 334045809
872 14 700558334
106 86 717502686
639 80 67467291
373 192 157877281
241 548 358812192
679 169 659381023
875 48 376298377
233 230 466838995
204 114 835539641
107 561 1258653
672 737 193235614
955 830 947813879
630 52 902190535
99 515 82226072
507 183 634837481
989 357 82889686
716 737 177329409
437 230 670012670
47 639 246426160
780 218 398122981
867 305 903800776
935 231 651967933
295 552 953368589
697 533 845324617
845 912 487948376
141 75 470683796
974 499 678028933
153 980 753750922
796 974 73980148
336 826 583950106
555 811 837140223
278 892 559673473
137 573 176504816
739 164 291821579
639 198 611257787
622 782 801702040
259 487 495096701
221 40 326526771
803 628 663704482
21 869 865705100
941 520 296587073
727 489 642370612
404 790 676988976
837 204 476675457
891 362 213944000
770 859 720127148
412 503 277712447
726 198 986988791
698 994 634360629
258 90 796217458
989 234 227236387
246 575 706217815
746 1000 981033118
515 440 751212558
73 243 484622434
85 973 607802272
257 681 916575443
198 361 401368521
982 828 295361173
792 357 41082886
849 510 733351867
19 115 259518287
148 288 947935211
788 792 430046968
122 874 554588516
973 644 435368026
12 1 639739949
373 2 393626949
299 497 678939007
136 353 411389690
389 150 564725034
47 320 706708563
476 132 917101695
705 83 724068429
193 931 897957433
574 464 948896869
156 356 64269002
48 15 79552857
948 720 82964938
49 714 580091806
859 136 842693194
581 92 525626747
325 537 889153666
921 862 680762329
842 646 913772581
977 38 550528530
136 116 515802499
612 281 198517773
373 105 95628174
578 901 833543195
189 529 96513655
819 796 519353557
268 207 174069245
26 20 474771130
483 757 621121536
687 488 46862654
604 589 195062463
95 424 754436284
29 271 826801021
77 566 797050822
127 221 791811515
986 232 666641299
586 238 485063280
478 737 186995284
638 631 12360491
351 729 893296760
997 291 829285724
257 162 258963008
556 580 194347151
240 225 706540077
156 441 59414101
744 56 377891419
243 140 815707431
446 86 766705680
794 525 147609674
489 607 227117858
773 395 396804999
867 653 213867619
220 210 667261301
545 949 972173522
443 188 93685924
170 442 996046941
569 459 533649780
246 847 721371361
909 261 682026454
240 327 16153803
942 176 42654623
950 504 539986384
251 305 498260721
690 841 275861604
62 34 557631400
990 890 19698306
27 132 518149988
177 914 490581612
171 68 22383522
313 191 660494046
873 46 210552313
606 215 449728024
250 628 615501748
684 122 110287357
327 162 919089134
871 195 796574425
762 542 789994385
359 291 374591567
868 765 182837730
23 524 993394753
254 57 929545239
779 447 936060872
699 410 678968221
689 652 242368290
677 551 569582096
284 337 839556593
234 172 707856979
283 350 272706346
81 50 131435659
434 16 983836826
847 147 159668197
76 451 824915916
252 133 728866031
987 919 176622734
727 63 53234270
886 560 506856451
377 27 944626257
566 34 466126379
39 995 191370300
838 315 595975237
593 193 808728012
454 123 497649042
723 137 714280347
866 201 194954441
485 409 732276729
531 244 822565191
802 757 403971311
236 181 17673347
902 64 345457467
105 918 958076516
11 319 425618626
915 560 751168721
942 431 664017158
642 14 374437522
774 621 615284339
819 233 198678213
736 301 384620045
688 846 802201229
935 517 104507750
721 712 897908913
289 338 490180926
374 997 184954359
152 489 22652334
823 995 557796173
362 538 475385457
101 554 345894178
596 741 725265475
776 134 191411910
323 475 38997265
59 387 345831337
454 387 683054021
909 757 51904417
23 788 353886147
357 735 626215984
700 120 195539201
264 631 688518373
347 76 18080928
28 331 720794013
465 59 995496591
181 99 321418468
235 219 562389114
176 736 877882720
805 335 346317821
354 324 635997132
524 682 393332213
767 272 120832501
29 11 637478503
943 50 532777909
473 137 829789426
157 51 954008663
359 304 249669030
374 727 424907371
876 286 805448796
137 492 204934509
712 203 196637332
463 647 220596555
281 288 337826017
532 837 692202532
930 742 105098684
610 374 720195390
165 325 647427589
981 304 351494870
288 488 968011087
659 508 497089870
17 879 696346590
695 90 137672484
84 688 393704086
321 38 816018070
681 541 189412422
361 909 997976205
838 96 159104164
832 919 512572722
779 526 801428151
214 116 828577397
539 496 816528526
265 538 629091560
119 258 338620676
367 358 711235938
629 704 711450798
724 204 411359073
792 451 231783449
57 671 59045833
191 16 136894011
506 41 590702281
122 910 344924348
479 568 60534403
870 913 469216323
940 236 888527977
173 957 657093799
686 251 439312286
461 704 647648941
73 698 272119203
551 90 398065798
412 108 146007805
656 123 5329835
770 210 881808655
182 95 484694945
739 54 109694481
272 658 852032787
923 743 746546462
657 107 940023724
182 510 72382838
163 587 705930174
559 500 541527994
31 30 338437903
181 899 811352028
456 606 525755143
110 840 958658934
762 796 871119796
837 59 317024465
279 229 486890548
96 406 543245931
498 713 619734860
862 873 172626681
727 685 449006864
576 400 353761709
453 703 866815771
176 688 293069577
673 577 919256593
237 622 974411596
290 618 907763467
893 310 55749086
311 621 266137630
672 165 59878074
105 93 647860785
877 1 985198575
494 35 612418360
395 677 356426701
537 445 70763228
407 18 922546565
907 466 749881681
477 820 700390339
273 903 100516245
574 865 722113180
248 346 147944432
928 12 857286805
972 616 107986322
103 20 906349867
419 156 687953617
891 433 279198144
263 60 251325996
678 914 999075141
411 553 337155467
782 136 593339981
169 565 911439398
128 13 412586564
355 436 103779267
165 858 494183610
42 465 348542459
319 919 221224304
308 879 728212618
541 373 972937006
216 197 185551767
154 580 444792756
261 951 310548618
573 904 582764678
810 553 447510771
803 189 811957886
491 570 862569635
737 162 59548823
606 627 518599989
538 821 979213687
546 407 855389695
882 332 790776886
148 48 646973004
612 363 239036292
297 826 893148758
878 408 177583739
282 719 264578193
342 922 801930991
719 870 956079868
514 246 598958010
997 156 41643244
53 580 517781689
550 513 548537259
580 658 75338704
281 47 469484584
349 385 293048061
231 46 444516303
209 308 702963769
513 550 20500922
915 427 187492886
564 209 292699871
208 203 606135498
604 14 810685308
431 904 975989917
700 514 668645498
95 163 95593496
869 257 324770963
362 472 188416782
259 930 444936305
198 642 982039027
763 157 463329208
478 448 704508042
14 8 245324680
282 807 173513804
344 276 796222001
747 449 913351437
179 700 982410879
952 512 358323002
216 783 262115145
812 572 273112080
496 10 641506334
123 16 848218900
117 732 300213455
938 935 247266806
987 356 655040214
27 144 379046771
441 945 669743525
100 2 958388886
188 86 268454928
85 257 820466413
857 826 781607342
15 356 84493670
456 811 593452108
994 248 940757556
666 1 427283516
75 694 914583855
1000 738 707690553
241 161 781278426
368 44 311035093
664 242 238263003
545 432 533244539
795 955 150510170
314 581 393487369
695 232 892701359
36 324 904615417
955 924 528533075
302 575 251035899
800 942 423012123
323 226 776180572
610 252 178082715
140 139 763590718
34 232 210122030
293 300 668469460
783 875 335876500
721 747 918101605
585 572 362496218
691 47 299144828
675 674 693735374
123 726 307771080
22 826 536307446
813 629 645248036
889 327 286822711
960 281 683917087
703 86 206975940
437 273 99723232
738 702 499115370
397 765 645198636
780 252 389320117
413 924 503886709
794 639 593128323
454 685 849522220
51 609 994796586
12 271 112324804
758 472 41818476
864 349 909040759
739 349 972556849
117 53 18659982
663 642 92676955
502 640 604413378
238 459 700032798
94 19 107391425
414 880 433499412
659 393 934563356
59 48 489515606
786 113 906499857
89 30 957928681
457 677 979047346
525 278 440651578
344 254 406230904
381 218 448771432
619 220 773963880
688 852 910762473
636 807 97807525
323 565 860899786
103 648 255810727
322 113 714787567
8 6 717662320
346 562 650187811
351 835 562442047
733 290 382771577
827 159 460429448
465 941 22901221
282 37 823681401
852 477 514366206
481 197 377571877
661 798 911359584
165 155 146247027
120 828 871181144
901 258 672359139
39 512 983316572
908 166 480735861
451 463 681639255
164 860 117715020
900 214 355398815
225 159 70930096
483 457 784324208
423 576 320210520
895 741 225582742
729 165 586812281
846 197 139937615
262 368 124260909
696 498 240975208
990 581 550091363
547 632 44496281
286 199 820711347
644 300 80413491
593 233 134032231
954 250 418970714
656 175 87606063
61 108 963284393
272 242 959337673
968 574 166637482
58 606 578359686
539 337 275569187
724 961 556566364
836 599 390185624
915 300 992733799
212 197 587275052
872 881 177170992
986 164 375695593
893 327 573663949
124 122 248631314
351 257 704253880
890 630 691405874
38 531 454990285
40 88 632491344
356 142 436900860
543 187 293335704
378 538 103309629
478 419 661111752
980 427 956745887
428 905 15212508
435 377 733709470
248 986 420789651
218 52 783597220
616 344 394853451
680 115 412199060
132 109 689993808
689 864 935304356
448 402 782884537
538 924 37381827
973 157 231848931
646 450 216348191
814 573 472374599
135 327 801574732
763 586 39521371
918 149 544767543
696 153 330862167
696 247 564790263
147 210 117298939
988 842 870154098
590 645 134288063
512 101 647805957
490 439 870807362
284 626 864915966
177 680 202921889
688 357 616111878
288 72 599231098
725 569 890590567
233 969 549862703
880 425 847932764
869 994 124096710
936 859 289253109
760 641 824921551
188 88 573759211
38 407 63107271
918 399 113348001
121 854 188034433
932 739 514740424
796 768 20686738
252 99 548361091
412 16 764052317
535 26 472234813
339 150 580381549
337 817 643847252
491 215 677815193
533 896 43724636
192 445 313778356
68 495 630046707
725 28 734687467
129 329 233739067
192 943 687091907
350 61 42418264
16 283 476063693
478 30 988722252
480 521 263865593
961 710 532547172
268 427 339137606
227 712 486437365
769 368 459047845
363 308 327888807
446 581 434449162
131 535 784727425
223 123 354083791
542 380 136355096
462 23 648182924
813 370 911497948
740 642 351764952
186 514 289793277
538 301 355017397
244 684 474860149
144 2 364184047
512 901 413206859
291 541 445186227
960 247 142253627
197 746 727345463
168 351 128838226
223 109 78280357
1 638 213608350
456 366 955424207
636 197 122213515
368 121 942779706
499 11 763885505
734 162 764800412
876 252 842012980
886 636 902991507
808 681 749129311
766 288 427243197
20 14 678857573
282 886 551578154
4 2 223316439
641 38 873211042
436 315 631405149
728 158 830256295
40 630 840859850
790 999 967439908
864 726 910758595
834 922 589040290
912 61 953335752
722 207 937611374
180 169 914559605
585 737 862186435
27 196 215694818
630 875 354277173
757 39 311711011
77 636 333125318
751 760 667611394
23 412 427111793
212 116 902720891
461 215 685233647
253 932 638656695
627 519 72089924
437 614 276382097
924 513 489717678
183 252 584015457
173 814 73802612
920 613 264538587
238 103 166885415
592 318 868680284
860 512 895125465
830 40 631463800
514 44 933664465
173 751 144419703
708 201 809335191
668 69 603727143
513 749 537803890
30 12 271447892
984 318 188635834
164 135 740659841
345 879 59554424
323 114 849125089
911 788 820575346
218 553 251259215
915 302 580135247
201 897 20167113
287 213 374281746
564 493 173874228
15 8 721487240
543 348 991440995
262 71 351037903
442 131 764860947
919 192 907055116
599 64 657482954
391 499 457474735
410 386 236363112
730 356 351351732
53 663 146057670
959 812 786340769
856 684 831514992
441 776 325979860
850 603 491613891
989 152 631737882
365 646 306438028
704 61 280854157
890 638 938688029
863 202 754149511
287 382 662559411
1000 531 699068447
597 531 772276648
400 60 358835035
904 866 263688196
51 898 618539565
458 398 10711531
570 471 471319752
861 782 99001859
34 655 79713833
790 464 162911941
787 523 12185915
590 348 170155928
436 644 54877890
662 187 957918027
14 627 226280321
8 21 812820185
773 463 318839650
94 50 170485320
612 845 90252965
397 355 329309656
34 15 560038470
854 18 297234417
290 244 256994902
134 960 964247422
333 170 627324966
548 34 48162670
346 36 127777380
503 908 83835552
498 712 998817168
721 253 26493969
786 599 3149527
265 480 264511753
95 37 76059667
249 613 474570279
509 312 685484472
402 343 459588562
314 463 760179928
278 241 629422977
529 534 948600166
620 635 51859946
82 38 181419432
530 177 901716660
391 269 865096197
347 148 93510128
392 280 309745647
304 77 490211042
130 329 999164821
906 12 788197564
127 959 120450672
122 69 158354408
47 281 183241561
812 100 763393611
301 42 394443357
44 1 25852646
521 842 708192841
264 75 710555993
782 633 406704495
234 312 536836952
276 393 41071452
308 371 852094838
40 21 962354609
967 581 510317115
320 251 17472772
743 454 958193756
727 284 523402499
86 518 453650014
709 130 681861737
688 193 30180248
174 17 94554979
871 821 736897249
66 52 786534004
674 828 230683547
928 816 671926930
75 12 287250817
670 132 570474159
305 105 964481154
148 836 98142893
672 772 181422526
968 506 580746513
623 526 603678407
787 249 275978642
741 772 104692426
940 887 622436254
130 508 724544252
530 150 584879165
719 684 176731995
801 287 524846839
979 869 541104064
298 538 661853552
484 915 422100647
389 906 524045822
125 561 209624155
362 165 175828769
945 109 255679720
318 965 663133910
789 644 960551340
580 515 393892258
193 747 815360568
930 145 353996632
20 508 321172468
807 312 347859536
234 281 989538359
582 129 344893960
350 903 788952293
964 673 544664397
155 199 619469637
340 125 981035384
498 563 352474948
894 738 978053151
855 620 249834119
391 99 476239607
952 748 602864312
133 477 22964585
373 742 795679834
529 238 279227161
90 798 288074258
652 803 887657774
262 730 145747720
984 466 479602203
874 194 325350239
134 117 662311712
726 404 519328739
804 68 357324139
611 57 39723337
815 402 24057660
821 281 333338333
98 851 429852793
311 20 908454257
271 250 636151559
620 68 915117983
701 401 534381786
834 544 27411035
514 882 819598887
731 195 293058908
838 878 7178423
55 34 652271048
662 125 590570431
444 389 589111605
642 221 419109100
213 351 887620341
266 3 832568400
829 342 859729606
571 861 847554748
18 27 639230562
9 511 851460320
976 438 483020739
658 388 431899083
742 2 51926529
645 90 955093913
610 707 764866972
662 308 74020337
988 637 979363189
286 462 65495332
195 361 684625207
809 673 620402602
622 571 341464978
718 16 848245860
35 8 66404269
478 881 268840314
748 98 480330115
796 935 473107624
957 986 832493713
438 700 682309904
100 723 36835595
905 725 680213366
44 770 236151340
530 337 681823448
376 721 704759969
771 324 863010040
325 273 743247503
890 803 390455031
751 593 18776390
929 968 530227990
100 992 938898011
108 384 824410381
471 206 675692084
838 337 507010959
683 327 684216380
78 848 648502049
5 265 928721678
671 766 473690125
401 266 189648075
840 650 644346873
315 632 188046515
208 214 424088521
458 634 530342208
332 219 468125428
737 523 832495520
853 332 23980630
461 760 636034027
997 844 972094721
810 63 247800933
770 996 319798062
147 28 538766733
661 62 30129364
406 347 441499963
888 39 74125381
147 116 320706920
229 393 975207363
406 948 401760677
374 496 77494184
378 213 738228826
168 977 939393122
812 516 136087710
754 248 142616565
327 805 744423582
682 636 897765475
89 721 546041521
413 746 686339101
436 42 900995272
806 482 830439975
278 935 972276577
377 766 594031772
166 410 536924066
146 459 431587373
543 935 735126606
447 718 492224760
97 319 243444598
598 255 177782152
982 33 956408036
618 367 284352895
646 36 820274100
23 511 869707408
648 837 333652594
740 334 381611182
643 579 464763463
894 483 262112040
549 367 29849628
637 755 733544157
142 129 763321961
716 741 46157644
80 105 982159108
368 972 80899053
224 285 321701160
283 237 262743641
219 50 611398738
531 252 62074984
703 519 363006956
360 333 503749182
163 226 70476589
491 766 290783849
388 446 662829210
339 911 688956664
745 980 250506342
757 929 502021926
634 234 956382682
225 797 769458364
274 72 336033003
807 181 353484305
537 606 935126330
666 742 446414917
184 778 700976000
814 539 160088040
107 106 214066705
631 721 278965035
106 118 973515892
531 408 657756293
794 282 122920048
299 180 191940104
611 809 276663868
872 45 837296096
511 220 683036720
630 682 77595783
739 793 740501011
767 582 940598759
204 419 313764715
929 465 549099922
510 693 682638853
759 988 280478883
7 445 815985196
998 328 881362446
619 41 133749091
52 594 962995435
32 52 431165028
530 828 111569630
265 305 475318187
583 499 512486049
211 730 60815932
962 839 775126068
225 677 324908028
554 311 547166156
368 144 700622477
14 467 799095439
247 140 17644333
771 410 261043609
590 329 691067356
871 111 859764802
693 542 236327544
539 682 341493998
350 270 112144205
377 278 95445750
941 439 939677263
187 142 444174915
761 774 430993723
685 701 444785539
809 116 568849469
972 963 801000309
346 936 669436327
683 995 790901312
204 958 938949315
705 483 999130297
87 4 22687452
619 44 384381235
656 524 392770458
424 860 110092022
15 240 553542517
873 454 654389932
56 253 37338097
407 818 36553813
65 788 239346961
493 146 302532803
548 98 478326349
822 729 266222148
113 856 756401972
7 158 608956607
457 193 386650982
880 751 620059342
927 894 133548816
617 182 725727532
951 193 234425297
224 36 654741594
173 689 505878106
280 832 284313458
581 675 935483343
335 129 199961448
663 777 421659449
898 283 266016056
155 527 850742172
835 623 159494550
677 149 902115272
267 962 616899016
183 8 434696028
714 30 561655296
765 357 772961021
332 587 994363904
265 862 389682339
491 604 965451619
715 976 339963373
293 517 110813847
584 427 955066344
886 513 120220612
24 7 285825486
571 493 525325687
122 422 673114680
599 506 554718673
462 138 474659782
669 807 134177349
637 258 305929313
259 230 716043044
747 823 46896118
476 625 179820863
837 921 382206589
138 116 881343434
703 516 188599996
833 402 719383618
619 59 347756740
418 768 117528896
373 433 471376202
598 41 698730644
453 909 604261467
883 504 294625540
807 281 456881836
649 33 7210676
932 579 185367891
821 64 180701835
457 388 838216844
629 142 984132866
139 455 478646689
675 70 909896390
396 52 606772539
602 727 644972634
352 769 970586217
117 903 702840720
16 434 6627259
876 960 570877511
635 330 192415450
130 394 741920203
715 624 966857979
602 475 105535057
407 959 349236410
879 14 574491547
992 74 232694418
173 318 676921667
961 626 700242676
449 985 918803319
459 848 852052963
967 544 768778773
683 414 432044918
382 416 998775601
407 487 756446304
243 944 836527600
422 513 689075015
177 499 815588674
273 158 463496906
10 980 561349059
513 885 239927806
596 857 330840225
267 315 783497868
27 901 684071265
145 398 58324513
933 546 530017866
305 746 509116252
194 89 994665267
211 476 389222869
785 209 756121527
207 259 335231412
214 520 390611392
897 621 186543351
573 19 349257492
448 385 93350529
680 129 419667854
70 25 88266902
452 400 499965352
608 686 939297773
115 552 357482376
113 101 21026561
88 970 630787866
673 353 654184495
494 709 900891156
196 514 10661572
259 83 146970893
730 5 544205774
319 872 437411087
24 633 680595456
822 184 489697798
609 849 235824897
161 58 391140954
755 15 563638072
338 323 569777243
317 54 680630303
727 560 774598643
110 530 299268618
977 553 519733734
779 635 823520580
700 975 577413505
351 979 561973619
649 517 237758221
585 402 908376264
392 793 158349215
755 532 324639910
651 381 347843518
270 190 451592410
592 15 186514800
884 828 699848015
513 371 378378223
719 220 818656261
971 743 454072077
209 676 524990108
452 923 128274076
300 369 194123691
369 942 372640786
535 862 962018783
234 512 786979132
199 216 173150802
298 436 34852871
675 315 382689034
14 468 599410661
41 792 180737520
606 36 997353528
241 296 933617220
881 47 209265655
428 175 112156394
958 68 563668191
578 967 930722444
665 66 242710858
68 770 773042485
967 612 578711645
431 174 25823751
445 396 950222195
497 36 625617363
85 41 182587836
951 9 926632235
849 233 539760581
69 357 514861871
598 188 115159853
154 753 851006035
971 940 700261388
588 159 451123477
212 743 887063702
213 422 150956393
482 701 957270590
321 241 753986222
980 775 746697395
683 60 558639435
1 282 349170238
156 123 343397996
931 322 180153944
826 278 726740742
424 743 812876331
217 490 193534874
73 624 360878502
961 904 152786129
279 648 960585194
192 174 756238476
184 445 79915429
852 585 263945392
121 680 78343284
203 551 976561295
5 783 2710543
491 150 216521073
164 540 759994630
607 73 226981643
780 560 948508178
375 172 607632463
152 749 12367768
471 405 442454146
63 536 334469688
648 158 489747991
659 988 766021237
154 127 473426673
481 80 423703151
587 555 294662634
937 260 361961840
228 334 857239435
73 352 861373153
309 208 655926725
604 420 299641574
62 588 35554049
653 288 221796106
940 994 119792197
129 213 676436074
544 995 340932421
209 547 443998480
950 111 401176792
481 147 837270313
50 41 602146422
894 728 506208835
700 762 652630832
477 195 45256486
785 373 134372812
414 234 133816975
868 215 156399471
328 140 360997372
308 222 228287814
974 33 110668919
704 570 784566556
605 289 369029050
980 197 356234727
491 653 401403875
123 637 566965463
785 318 285100554
152 77 575085040
245 462 272040203
963 519 86435600
44 530 967383279
596 281 248949960
927 235 428457326
300 317 579062520
388 607 83127936
930 52 656149612
250 754 379219680
738 555 26343549
134 411 584304798
808 161 357106086
362 497 215511827
54 5 55843484
455 301 989093726
299 416 325712102
756 496 740973098
358 103 136585661
601 750 367759675
931 582 397628491
402 603 254125906
715 229 326460804
415 990 25337719
201 149 194863458
159 87 143120300
973 385 469421248
693 700 463998038
356 304 835063258
52 85 289668014
29 755 671593646
492 286 365276247
497 959 745698441
548 465 88466761
321 498 457120497
702 124 873541554
983 813 317045866
122 102 717034894
716 247 769795866
375 81 589219703
861 137 100572224
560 170 643949632
222 913 490906147
869 995 692593356
865 894 416748322
523 751 628731225
866 216 824494725
368 446 285739547
731 589 191109857
315 13 37938069
394 669 693549355
884 863 578540222
869 117 721872863
458 358 153951908
600 533 625389711
261 845 782377331
336 641 288826887
852 219 989000707
121 915 809380194
923 868 523717775
391 919 38992437
104 738 672274682
331 793 464508955
736 730 197472335
168 57 204549763
4 661 347191836
645 775 920763805
139 105 704983165
957 239 537676147
416 348 325484213
688 161 696692163
878 433 515004850
943 436 847070038
227 655 653372471
961 970 292866096
198 60 612522997
237 727 487835544
852 211 160932867
825 139 593768509
372 922 276386992
273 957 9196432
764 938 636473687
103 369 597781785
999 746 396030754
797 794 624809622
472 171 971564930
544 476 230195547
739 239 72118631
837 784 189644706
472 582 360659599
189 202 522864740
80 670 984049428
259 308 627904907
431 699 101397245
181 521 732153699
371 611 287586015
774 786 233145775
280 210 90758604
824 465 854192559
371 355 118718502
386 228 997710875
284 577 325837220
664 687 7951446
282 795 553781144
398 557 994328275
94 262 258336788
824 666 508255661
60 461 418941532
733 885 227433656
874 989 479933824
98 144 467203626
88 996 2567497
411 937 730296834
511 789 310264272
509 310 933552998
610 491 499507400
924 273 352587741
532 886 895910089
763 523 656072902
674 444 806757494
685 908 885284960
527 498 661770716
640 263 553696009
359 144 500664731
146 192 199052143
474 43 775846907
276 254 910130652
261 210 115618475
175 141 628078887
899 308 68783047
527 139 297870246
953 421 843797771
150 10 347604540
73 230 242105865
823 753 843026514
409 299 684988956
427 256 927454766
499 140 562118683
14 633 860012861
532 53 495909495
368 460 756639551
315 483 628951987
201 106 672329437
765 96 56684035
853 810 533005894
506 258 306067460
391 563 475900503
907 444 902723652
717 979 928281234
166 595 558634655
99 929 350629076
863 511 666850955
946 5 2735946
796 322 281034865
791 391 350703829
678 280 199287465
792 448 739518494
442 33 276300569
36 376 712111077
278 591 488245558
833 196 318418017
165 368 946844716
781 325 869836405
521 312 771357406
157 173 254655637
996 69 562687015
377 967 415764461
504 216 127931868
968 682 231235871
144 2 11915280
76 75 647472480
578 174 84637433
551 757 94010940
7 364 237828239
990 651 2481985
442 555 586174288
29 960 742813413
103 175 547933689
488 389 121206359
292 922 24630810
222 688 84505390
377 119 258995171
795 847 596902225
547 503 177185991
67 201 995522820
265 640 676151969
26 718 84149234
421 256 915708315
723 166 106469095
853 309 511115895
478 417 865845368
110 47 240492710
889 986 190906391
413 833 89530533
414 319 604611177
927 485 518115083
543 721 478260104
465 940 943626867
1000 3 602690313
826 806 517894780
743 210 580401452
230 270 459933798
617 472 139016442
6 461 586141892
270 611 284825476
40 250 215850199
233 479 559399747
38 144 909840520
927 32 638872288
993 694 589994097
999 278 663109767
863 678 825500502
22 9 954185433
171 236 615418978
681 286 892381097
561 508 62188140
773 497 231331958
329 150 304178313
146 56 86515978
447 670 476955098
842 58 866471478
853 174 458708580
20 151 198992434
350 437 212257896
232 91 156015925
873 285 563819056
278 73 934375204
313 293 93756650
763 826 988609144
342 938 534925601
174 362 121917109
226 210 965549475
289 357 378446592
73 28 834420797
106 84 48340775
15 85 486584552
591 349 820014239
561 207 710591432
189 110 7807040
199 459 350675823
533 223 265109956
179 15 96988894
686 103 392519480
821 367 673504892
987 103 896442867
846 651 241249274
624 143 591202063
397 273 612851951
941 266 247252374
732 222 815275545
229 14 26809153
32 242 611865713
975 960 416900831
927 48 916347797
673 383 454281526
929 753 466888389
212 990 571412528
269 90 302037811
426 222 964795760
946 644 424049531
479 220 992475870
984 937 68558948
459 333 160194465
349 303 599327758
395 990 24350273
24 10 693742505
189 129 560289943
677 687 182057882
683 788 533262197
925 659 202666409
241 423 305611124
336 16 235199959
160 717 875800459
712 5 323644831
59 580 873556567
951 199 727267687
505 520 770655801
365 304 181696467
256 909 386027897
780 100 82054517
814 620 450835041
957 374 181964251
254 390 39846816
450 632 44958796
422 408 969636847
422 967 102476701
773 499 134509690
411 377 804384716
627 404 415157607
305 419 308852206
679 96 202127620
679 617 197893510
494 947 818669441
830 543 773190426
225 834 630359779
747 676 362087492
268 778 450971670
908 330 273533657
186 741 316687645
618 735 455818317
851 366 91151433
929 809 142525112
403 315 417951284
42 522 601778232
654 359 786806897
368 426 738650502
704 934 698430358
477 275 212372175
686 928 557730656
325 308 425812871
677 493 225394097
295 832 151932293
888 236 226198839
96 197 713399342
976 36 984879188
671 460 66989890
599 609 918704547
63 425 671811000
237 201 294591820
162 349 834366912
503 82 947719575
76 705 203116385
56 901 812038213
64 607 863322859
394 796 516709273
560 502 572877075
686 297 786996644
830 19 54976187
972 272 353371301
314 280 831874038
376 111 526250577
345 689 257934721
341 948 821709960
639 417 879870379
235 298 485538010
498 190 174255966
176 148 947081167
473 321 505410748
7 366 714136722
459 515 709883557
934 450 141438410
70 808 114431400
190 361 18997920
488 18 99802309
318 237 432061530
544 956 881836489
319 36 283333421
199 60 752950061
368 631 976680676
983 579 203447321
104 172 245798466
660 572 590138248
944 394 749151064
197 885 102156189
381 812 220650297
959 75 402451912
829 239 41724740
197 91 376378629
40 557 243131613
950 453 613993293
599 378 448486676
972 143 62640591
889 352 983764814
74 746 555713541
78 350 186882039
2 118 16538287
299 166 390049710
396 235 615082217
479 847 999538885
446 79 699537734
45 492 499514806
145 915 521530556
100 931 346565115
132 291 219106446
17 34 752477797
806 299 150219234
859 819 477453286
850 499 821604641
571 446 554831279
444 926 554716876
938 284 237335001
817 577 856938134
460 582 50148803
570 744 788623520
945 276 576919735
787 909 300682493
935 900 585907658
919 572 714149699
827 411 571791148
169 871 90221736
7 3 684007900
68 858 85011817
107 542 832683637
50 608 676146214
461 298 214947466
416 367 283037248
347 382 295358091
421 648 186402576
480 17 216017141
553 856 514421846
494 316 642182874
728 968 432104322
316 919 739696804
360 504 287950605
513 208 209170048
777 546 520348060
369 912 118620552
983 712 433355650
941 967 163391054
619 115 361333434
228 218 186699162
331 294 224799795
846 662 492775744
328 190 565343153
155 64 538484944
298 195 834173366
924 129 678054707
852 641 518709022
674 607 758384343
492 92 22038552
506 990 616997743
911 832 184121166
418 577 569391944
867 28 929363887
733 161 801858990
906 425 881615234
771 730 407727675
248 5 544558953
882 124 176311998
957 52 34997144
253 138 920902861
213 690 558654981
800 463 575070839
985 495 987007726
166 769 921004440
841 3 789953947
513 637 703442696
390 189 115988450
217 17 586460905
762 825 142692378
799 637 627503706
933 414 941419016
204 43 702972966
104 102 504141632
648 290 441056742
183 798 589419055
292 279 741812797
447 691 506576323
668 212 538022471
118 983 817126405
929 787 129443868
926 450 382067920
50 980 809694636
865 494 833218057
665 508 350875696
740 358 25946628
908 301 29823530
432 737 305046615
588 335 967200349
637 344 775431730
771 302 856880403
750 119 926709328
568 214 257096713
171 777 673910048
812 733 894503464
80 439 995856300
553 671 824355750
825 91 37070377
588 642 363851145
210 694 87848063
39 376 208732637
713 559 616610115
68 38 678964112
230 992 578052828
708 1 955591645
790 348 116452149
591 954 915907480
201 613 200662834
370 10 107234257
650 11 769404936
136 517 851613151
694 97 541434254
389 738 824943922
935 342 689992894
13 364 380339038
353 693 640021651
191 392 783224514
56 12 114570233
708 518 935187529
445 687 467615151
411 29 753014583
262 42 368640822
75 899 460341763
923 182 493488431
787 31 366958157
212 300 118512927
414 99 354291792
476 132 22392694
421 500 112622751
818 201 472951589
131 614 690711030
99 246 944940544
450 746 583988322
611 397 180811951
698 644 381900059
995 613 482599226
817 237 473011385
100 987 881218091
145 15 360404158
162 769 471848725
876 309 913780927
91 623 532314586
206 204 815860551
855 375 396446248
964 375 258267292
880 803 405301677
702 486 901842484
440 185 781437909
890 753 223555593
657 755 995504015
285 490 932168586
180 134 250907745
95 123 512951356
585 470 296572313
244 131 106040790
133 744 735415116
0 885440839 223070535 881242603 170230215 161098007 667859444 443516392 295298856 210339516 950974072 272573610 728006269 459650732 955550721 734131028 934717362 470033831 606720821 854747133 430635076 649534282 985031151 681774806 505018618 648099714 271125293 389105958 255808828 653145567 262282487 367194872 55524968 152640648 610283473 2348757 379434672 721577710 338472847 572944006 4895899 86588454 227822091 118822328 974801719 650821193 12197147 184074897 239569858 782272737 614042508 964151109 406667109 628690753 291906923 499744265 650362787 377473537 592581199 58224007 259953179 40256038 70335870 514893229 129557952 267749432 354813831 323027377 420601943 383136511 581729912 252793587 510973110 500646878 81807222 781509176 224338718 154850345 336806038 747361949 704134313 21387762 591549501 622093325 311543991 941122238 373858151 137739767 445439723 541231096 66985473 13226805 657974622 936302302 636128102 658815945 721429651 517879196 571788612 775763190 542448873 528775235 966766020 409302587 761318192 142225706 487214982 468227 803727222 564723538 722984164 675342320 632939508 344427514 876214528 684662040 464650380 432679516 204556117 391177277 865793863 703792484 405114296 715471601 89267989 207661791 161978871 458177511 415112094 139654633 679247904 249088952 588624611 811501224 952019203 721653410 959454977 391583611 996220825 108344243 971826858 799537856 429720589 175559318 831312502 367003322 920930221 690345671 286757748 557884114 172080109 721936632 195081874 576971102 904516891 707183398 871779133 761173419 942767686 746799511 368917953 268749533 933958319 818336575 541142194 56055890 822382155 724411293 794043407 935921909 47974369 526447346 426743930 41933879 149387388 252749884 67748183 942657577 790903103 244159951 493614090 303514163 869358354 189591424 520189812 819881079 253242525 781532167 826687524 961936637 473717789 927173502 647446537 279803686 972494721 969734355 863924487 210164073 957470994 532752772 207612236 515471069 874621106 239498965 355709938 500282825 162471869 710980659 123599782 675886193 429252945 651431279 211732661 328967548 814162881 972950050 449991737 14806294 593905399 710030771 17012305 615315035 498166639 612428860 480525536 890538513 74326346 632236924 316653681 833353731 193653906 535610435 751786827 241894195 329930593 756368845 590880577 552777138 298112782 44527493 280079519 79560990 686476690 687323847 164166302 480938066 916850565 541902870 690293026 304340741 959174293 970173846 611315880 137570025 941702126 369855399 530910413 769399796 883033754 589767994 215689619 938181420 248149904 659378994 352651571 770436207 191967204 986928281 455814666 83652786 260660847 1858924 742944497 37988850 839997245 907225041 876070306 734279543 98771033 633875147 282468555 758091600 701619161 758205975 96737945 386282848 721407812 158284667 659534239 127788640 614713461 696563642 2972214 478824934 67086022 705694853 759174305 172793240 825293029 794084132 211297722 69775361 160870921 649460422 595563761 609150907 699396663 124495849 389174027 65107112 799331035 228872915 44170752 108691097 757151968 609431095 712753790 458489830 206402113 483759579 8327785 216228437 524670150 427803594 188066208 527931352 938075248 761857285 790518504 28172942 750369395 204096223 75718485 207556852 752819149 844362656 569967999 482560364 514972651 196496906 167908057 524620529 64870665 945666061 397345357 444992623 767226693 253012356 172602735 27132727 613284751 367573735 651566175 302820314 121407080 672636682 681717155 149146762 595175646 433505558 906482477 692045479 630427287 98008622 322580850 771139629 40415897 101029093 467140265 855942974 749959313 423561721 116108401 633949092 626782431 113178499 133823605 571303770 641279595 584587765 516570433 328259142 94790198 462519961 304894010 483493737 698854969 171379090 367480050 35045473 655001117 908524266 916691081 64302219 12329617 131989933 269040895 381799818 910812117 541386842 640055391 25132669 52494648 720890710 856175550 571139335 448542510 766585340 627625409 607506903 375352514 438497340 478413147 986327007 337605973 72041522 392767102 867861068 898721902 4703299 742985136 632070861 919086118 910333974 238727941 403749611 691981286 915702302 579861185 188241865 154894754 666204576 184109727 439198740 506395640 820652795 282298897 133258579 448996961 13290441 165383298 460244111 8405847 313274937 293577492 675370838 820412127 519954352 226190588 966528099 785164895 25865305 229235189 839295689 594316099 448014469 757757052 336301605 516212457 670802410 922280026 719437805 600299205 460238130 643655682 38302831 349486764 744063355 469432519 99335365 206216438 102771357 215310913 687613224 87334477 941270952 227268196 499605932 914991472 489870945 982224998 18690789 217755964 137227150 163665489 727585148 655247169 650594634 190326666 49808806 22118268 526287470 789493010 390134453 947005314 453946009 143503272 437428655 228502791 699416523 619561846 723795148 889462396 632977697 924136575 874912647 991994888 957793228 391721965 638725147 569474499 248345723 68745960 87987820 74787180 145095664 170875805 400829173 903501630 408146887 672806375 295412701 518647335 422077128 525370226 833917057 750530350 66467764 719935537 463479216 351224994 955940991 618125987 397183226 2328883 801648980 195412254 453640564 29782810 589678620 817255738 323909616 989550608 924379955 534985937 432528736 871403952 746428821 655364482 950188647 948808528 445781430 261783626 606720347 126919358 344185451 173734821 104327804 144896537 84268838 392722309 570239784 874097368 89558779 921186851 207544392 538165181 884723172 250261590 697812917 869055146 167086117 772167720 900412838 523210084 39652583 974777890 693757283 565059005 255619722 113187176 397659284 156677159 120978288 370390526 479304928 820825840 419052955 985358807 273263000 134116781 587656463 607338094 546874165 195180980 644033286 962908071 242936685 146256744 343687411 343142626 986165628 535332647 367407845 422076571 486770497 535247104 34681992 814284163 550707623 455745736 923585720 388664427 710250993 365130820 912315364 821697374 330857105 325824710 182050469 924055905 341486726 86032164 405593195 656753018 340519380 425109901 265407115 976772903 807126383 939551385 734859062 524940751 240711691 387724005 689883421 692482583 778014028 11547326 30841540 374506947 8152676 546005015 524451863 307867699 182650418 69578257 0 139707970 617576789 806721399 161749286 92994991 793297415 163615679 384364354 224394222 334308507 599895008 121157068 743839236 532082805 255964539 837058804 518567976 364768704 942054671 175818333 313035892 541152299 583533203 763394065 173331905 837546211 758530087 388766195 144255364 550801451 150077828 390200729 380762727 421583391 914315899 563151220 223961094 401145039 515178061 245377126 196060288 13730486 489444014 681417439 236457570 14268247 566067173 489162378 563060766 960626489 336617746 703395584 612421810 381133103 946242861 119364813 204766837 237961125 75733133 20278123 518126094 591125064 883570804 760533209 544120029 332050930 387507013 481150519 528668955 963853729 885048190 318654778 704659843 847714994 252994044 82274179 623354294 116155300 2671217 434322956 306762032 708521510 661314338 373494208 97380948 753452616 574494046 822155163 60830608 572531336 187802438 462800222 329932222 264268572 12788354 336485711 108869402 811871868 337703068 731647712 728474308 713001198 525038537 82978237 734803862 865550664 766507832 947722554 100962242 934982126 804328171 472987890 413959831 231959570 310994544 668874764 315570805 332066963 581408636 102745389 29587275 420192920 987467942 117365782 838967363 194694052 155221646 400497298 565440514 395425835 485835806 145867481 228501005 3914829 60991997 552288776 104337613 784816594 852744788 718370081 884893654 330992701 410139907 730078460 53512366 527760720 204474773 982506374 336244699 125294847 274119583 567817134 325151802 853827771 775669132 274560797 413139070 316027108 802301995 76087464 580451506 779776842 826361274 493702477 452728405 231742898 47009922 476103851 405409520 173832849 478913127 810485519 805400027 485670144 932518080 592754382 668959956 151166807 806113562 168828150 348717778 869755105 321870806 882253710 197788981 656623170 383272573 513279305 716007522 199852379 268409240 726488635 960313024 53996599 24493455 882092820 175237 855136666 114834792 800213502 821009128 364265486 201282963 170063455 71554489 194382918 249328904 293398013 990189285 215511858 701798417 479597877 741023291 610217920 334275709 713339693 545987719 840986344 85548605 809385265 247627452 643344687 500264995 882815431 539531646 338420858 387204499 116244413 221363930 986169612 407357892 150753881 67114587 235926474 237207542 292986172 617324004 36476105 31861351 890338907 223092605 28426432 889555462 737080160 963598362 538943333 489485809 621751283 540278783 995851890 126548421 672071192 664309409 906693836 554855311 990228976 765363483 643375273 999364159 503740141 112392579 784265537 727922353 337340104 165803000 445654520 197329164 214248545 947181446 149460267 135258404 430726879 120863015 390225957 206021137 217275105 443272240 320194087 92203361 855478414 263695975 342752544 453955078 75845276 53050931 601023961 200864986 354893825 858189502 468196100 889343724 742320878 324385326 320095725 749949951 741918538 356446837 881295957 630332302 562873850 234783274 192833573 397066112 980937966 246326005 330332077 846343479 986239915 134971249 682669102 504458294 490380102 472955083 306707582 755919707 763791730 58774362 589080084 389520278 918648969 638368906 163643901 950209784 464829731 589041892 21049733 413593115 537021862 505500259 794943876 317083714 645321336 9984334 937541384 199521962 395686342 16644875 718226287 357544781 339392409 148920317 848336616 856243786 468470347 276476773 872298743 113226965 907608071 574831584 539275485 98119256 386565722 635108736
0 149990383 992614639 759674729 39402212 943742140 494209417 754038455 336151093 197397282 160100561 482240169 664152573 81108524 832019474 544266593 65929114 461556670 479213839 756486373 85871145 891543929 481129462 137080508 911700389 117134453 262316707 241564905 940690331 935268692 666366007 313655748 284399640 86131071 920543560 844013174 465137914 493768514 538746242 425644676 587514736 354455583 43859333 941740731 66613447 535499831 642401052 20349358 212428842 349488140 15992289 666888154 8351983 570296027 742165309 185701313 553836385 672429500 552460987 420456957 662789568 295308128 527153275 115786222 793514636 370810153 605159964 345418047 864646568 859433365 970845967 886764735 415902931 192991901 430895074 609404202 803161794 920150006 827611302 574739068 849597131 972497542 35863881 597358441 690581858 438069629 229248691 595192346 931279940 855541371 174058107 822521229 679482421 669742122 983705982 718305102 531334400 749586327 235194616 501463542 295820742 802371149 198732597 927117141 680206550 714012940 269405455 386625454 263713908 255648781 51246184 169464156 937984334 881479370 262707708 980675459 210749367 341811939 956099174 530674633 61013951 12976224 202634621 455910173 825521353 529793764 336607969 24532349 777304944 163171969 95740497 758766245 359031584 29816924 13491672 305178724 993131372 943759314 512151017 984745466 382484389 843195738 885271177 749856939 725223511 210887855 623211889 975235315 174769279 442242227 367258660 907552593 292978973 877711207 587491287 63236351 778447119 270476327 697619899 987429084 518416576 930211953 462460401 84756492 686297294 255164950 107494078 961775366 606846522 972420025 121531085 89334464 627190743 37841673 104984328 624534792 585283636 726474277 956978018 992754192 996160643 51911339 418298211 383453851 860509371 273546875 12597396 652468237 194277054 740488470 850408375 410553231 420742804 562232491 841353091 291449705 17063440 88314763 191739946 691737083 739494288 174781444 408136708 919338581 782066834 288393704 547174813 679409299 807814285 311118586 701985242 771532867 836122451 898147447 262953362 222812405 335845184 683649759 9854781 264436585 301201128 117163803 473966021 895344211 698309637 784698087 58156382 827398141 812130103 303050382 859480389 598806433 242402685 156844790 759302658 177665972 58134213 408730527 339099006 544015765 918749598 954273366 725435666 309855996 364138747 892196210 702737815 288520580 551021812 261369228 634298316 781487787 973183220 158366281 115439208 827564516 306741941 228924097 286304290 783399152 363375082 289951187 728324877 640275506 55388782 263514767 34635189 354257952 987995078 227207621 983830516 352806186 411930744 783594031 750683975 94300480 178519524 494783407 825129997 729144244 577343832 320198970 662712645 589195738 880179986 86172232 634725059 401045841 541641091 704817491 970439269 614530186 778103882 551012373 997825762 91922025 743782273 476223237 971044077 678242496 440620066 720623486 220498576 99047144 973200132 541752518 589491564 448313527 372489113 101423203 923803029 889368112 764390346 452900233 381779450 302253640 956162165 520981940 361545775 606022817 505806114 673743826 426649837 785284427 60155193 358307416 372436821 181055534 29825093 163851360 66211115 725673751 880301870 303950739 371400479 700621859 845804196 218670031 876214917 360967948 151859556 853175452 175744894 204925338 863779137 822203733 485655284 550281438 762214233 996541687 397112831 306626420 708774410 10910067 226032268 994675164 486702152 176341890 337226728 290407655 604501933 536558329 318079993 534770630 530989976 970122890 31132500 172963868 213645793 53406597 163493729 329209296 359315031 642313433 1879513 215759204 370610098 318487501 89444708 974094784 464117917 52935773 19017129 773923775 669984600 505822557 627653878 237037645 451733273 467021531 274103641 897033007 24534923 498380843 380291793 969754743 256106747 311124999 702039 842312411 941525085 84306300 957768071 191885155 282749264 859033345 884451729 163356495 158086203 201143246 866047292 542694018 640309064 736282096 213283665 407642819 956396618 915521435 972449999 342299637 49452776 691946824 412014725 945872709 370005575 392062728 380367109 963299677 275621676 682194688 242359292 162872489 903055465 81246170 665327765 639263211 562171713 587803408 744380628 179719510 799695146 58572840 582775100 584921724 267967235 770450704 959400297 288206064 701895854 857254020 8062294 198419499 811652045 520934001 372241787 157140941 390699181 430343714 408270231 412258942 182918318 55898583 155111121 541715009 869590126 598245530 954560477 331593850 45324086 493088959 758428206 12169686 295083791 596109412 500529961 206367151 854336758 860757603 405332392 912292675 565768497 464726781 372162111 400477128 27934933 168725590 253930773 208930173 633748089 695491994 397705139 593109971 887876192 546893507 733329779 679067732 388945226 331685875 647174293 706324393 340820471 847867149 474039656 510729013 196918383 935693096 198617066 911412881 747324093 992921992 702861952 112271096 743930508 917397759 347797530 897872024 438749625 152546090 517990718 659642695 279656527 898864202 777894974 69780811 169382204 833262776 554194052 782829210 8861248 469907386 180081472 745698319 124113854 446208245 530118225 774222330 800631302 561829330 346439927 930476423 737794468 749840452 507203782 930505491 906317532 707336562 823856693 473424872 974065831 341612095 335394597 451682685 12468993 201149224 886478234 636798595 513380668 238586514 274994938 864104722 89209490 779591189 85891352 500298409 541195609 133256550 908400058 811957135 53279815 524133057 960438619 744982463 650560712 584260430 131154328 448051718 735860225 794159410 331149724 773090163 957151371 886536993 458460394 903382093 134264868 360890175 45465401 144485569 457990687 316225048 899417869 552017049 533370541 149286274 172199898 741769319 885389890 457809402 818082092 714359294 310645002 8788838 586833819 339189579 13603921 996314787 521005613 910903905 402901950 418307813 458208549 862933249 737762902 56894849 51879139 154636424 344266534 737742739 695641847 461075560 568813229 459214433 290130262 246457213 702573570 904045311 762036037 988676013 599075716 825831471 593394598 601458553 824329222 850164291 635668855 125008642 260856436 219192832 351766260 590736320 434351173 394774056 757469672 926812997 463851971 3972844 462672594 861946348 814029891 635282045 5499893 25600543 608273511 626985739 922571211 205604301 741476195 51334211 628961676 908101570 588716414 806721957 649209562 575814285 823107555 9366580 216820238 260717028 48273837 128921946 437263343 297976400 774002858 530466815 876608590 57455135 664730209 874015558 70472931 99468936 800628865 395116503 456770851 155051821 504196700 990630827 620361476 450358890 932200045 116034688 407764266 160092220 141636000 31685544 986684586 991493504 733935503 246966801 532475896 277336959 735101884 668157240 440654430 242910327 133751499 262516323 174380988 520525519 491860334 116298095 500111261 481666185 258884488 950409884 906409476 392308112 795674103 118091707 200860831 602960177 633976112 162163846 325508445 920924509 191085247 68169459 512405815 882659798 400342526 109990378 317668882 63260611 705511490 693642484 852231824 28936514 716035196 285629563 607279026 635017895 577017318 241191737 581898501 735610113 748571189 747622472 31452990 728694810 261565163 663401146 75065650 554981745 737726929 82203805 555626289 220817011 867842374 950850077 973196986 761444420 331144725 81576277 460499242 999029214 400990489 227138074 128559133 600056276 169516991 968625610 378614728 558587503 58248418 217696910 958512658 409305363 638324999 352477120 72741753 37784412 187947431 551971082 287225771 747649159 740059245 199997427 16905017 330511237 653419375 430757466 828811505 630291529 990700828 17065426 119425183 997645691 948212221 627063130 805700739 423770138 975398466 457902864 976470837 17808497 413014157 871841229 932725573 880216720 437518105 625615693 521571239 858307128 132068917 512499905 2348385 501154642 529238923 864763186 944471898 305596992 14342187 378655755 571326172 454748782 916517646 499243140 230684907 318000797 659073908 482463568 841283359 248067058 13885161 522348877 590357282 855998668 918134819 506018389 336994728 339072161 625533403 242573563 734862492 631758692 310442357 201891878 1114261 537143725 32706351 984342591 3571380 484427200 362287425 404238212 114682799 823627340 111322623 540511184 801229434 621434428 69149404 594039211 754975317 259675624 532189828 895567184 101753012 322601973 657968811 912297165 118298760 385841874 359162625 630709021 758472106 783715078 172731782 814223897 24749453 521119797 779051008 437870496 959894177 717369801 264739895 613888275 702502088 465521320 13933507 733191545 223882124 35325503 803272568 799450772 973159755 276786838 995957642 455402891 89939917 523724063 345047469 855038147 603783357 999091513 29677494 662322735 473053509 540759674 22015777 452801000 438894757 286927495 226380864 386620334 483122307 850635158 638088904 908132919 43712100 412763707 688284845 165971325 629069594 177599593 442977654 884862056 588861226 730031140 807817535 689767155 969892315 880131953 333052628 492301360 930600277 660676086 849505801 603405241 125541580 202604324 888294437 275970936 272645213 474739837 925073427 5275664 18881651 73917773 208404335 976744142 963875561 0 263136747 353962455 875549358 982697751 32089299 409582863 825618762 903144243 926534308 837859726 880588205 694000541 343197376 433003717 117968991 739687312 514888877 885231831 726305079 700291862 435388129 236129953 466823182 836048228 71845518 890496925 422736266 185059508 530158210 493561960 261436411 560710190 213587602 446492529 486196848 306196400 163225972 341316011 67213664 789607610 328144023 633893847 764540989 499759227 728603013 943909186 666378397 956491363 574269433
0 108296392 47156661 463677969 166152988 300101154 994546971 130384365 714879611 371661622 554072509 107543386 473973866 734983423 157546282 139560315 336934012 322880164 852396342 452521888 432217676 196595771 740091937 272961966 579522201 83435598 493066511 29631909 989400670 876093269 660459273 381760835 810185360 88940398 939191555 201440241 332174874 150223680 601817738 221089214 807419405 630962826 318482836 84336897 187018858 651243674 716761311 225701911 81942707 675727465 212917761 681728769 24751721 629273094 394378907 175144541 142924008 96669028 992453109 749044371 577180024 885749623 822102836 4599058 130359338 901557977 942086977 93402023 365888237 946703689 274299392 179681079 724261720 761865159 962196757 40202706 281972205 915142104 548515887 781070538 926642079 133069439 84831899 199342000 454376895 924293373 715760775 577796482 36778406 619127685 893600882 202256000 526051973 586283212 935742005 916222944 50700738 924483221 132913985 228289960 65261303 355863835 192148246 65136889 588144334 968887869 766027271 666070421 264910600 682473566 986723181 854632697 977623773 601619111 912789380 782423516 563270879 783787899 762709390 529245578 2052152 853562459 895354482 897876096 124340310 354501946 692224803 939463175 25007880 628525422 237972769 397393482 10453836 227772657 171164586 483060406 633507400 898313320 3225108 583729186 910449722 64071445 901739706 618826332 952484225 818035568 385603283 762927411 752626963 602832405 472058098 368776045 369525586 253434760 903226785 988589595 548170107 953429028 109468344 124385138 499528448 817557414 286903320 29548563 2371038 58957127 735624980 180175228 776490390 650933849 507033397 608485518 496088813 902188791 136987701 224457551 102712510 258463620 576547899 97584772 43034772 610801856 38306296 343474390 964076852 211692179 692572824 394063461 109197044 125646631 283615257 947490932 499653151 304683157 163469245 660723585 404734027 419316700 47347665 207642393 698080461 205143083 756046909 503227437 813407880 723772281 242088847 478500108 798701480 805942547 457410569 991129605 283771615 379164727 747604917 976269615 405123965 78556343 894248323 568344673 243565106 80568263 627266759 589513202 876389425 650100786 593090663 652272026 905120959 796147624 635796544 287982461 530112276 916242363 215361138 346092937 339533302 213374050 961563332 213469755 482764721 478195292 170235482 257746212 149808559 361849154 250413091 382851751 53857678 732870564 536707646 824993377 686074891 604610687 748587303 113625592 417094407 833871498 682537307 242164856 231824865 444173560 891617277 306322796 76308929 714577202 438132367 109359989 186473008 682142289 207627215 28818064 955849846 380734332 318442084 888129977 174203750 618186310 863965190 379279718 517479634 138389524 515591063 505439381 218832958 58512224 97517604 783133245 664255884 28186864 752123277 402722574 11562001 41982089 862712959 604324326 797886573 342220211 80988238 388030673 550424105 631638639 729230755 733370901 898888220 541759569 634220130 683573402 982401584 706779536 941364739 237056831 893138604 613033927 323545129 100166102 19490732 275398142 133746760 815109789 954617732 575699313 126676614 87383617 942175112 978936836 849363439 594345890 723049977 766570835 744965319 488914045 407419132 463939088 838105841 160310296 768769361 73713847 644223407 252187966 766911454 2872126 985298317 146931130 978095360 966765343 769363948 380103342 225934576 659164160 364252404 274292343 96026520 715994297 630520962 277396879 897177240 118037231 808652523 224581139 579429118 23776471 576440225 455869015 962331633 688285573 210505671 87261517 216985780 965169676 412034750 264425007 678150830 155360182 702626447 213313211 419288826 613950226 287871898 946099388 980243388 997631255 90046229 885586067 793256346 872028150 65203902 122524668 55856083 42943221 498099214 88149202 605202024 835522174 48363312 925267607 411167173 682180906 817705446 147346953 823336342 917424069 737179618 424231773 176765868 414623711 343660254 154937776 476526520 339588870 513759478 302142668 954747195 252720201 155195224 474194283 544955631 241290632 595491409 873499585 741794379 298691706 320461457 659446396 610318548 545413415 881781662 133655353 276878812 100040047 269600484 20889352 603137614 19511158 858218462 152427862 337327986 870164744 0 919486766 474468000 715038 325475741 999887149 95715854 93105498 376696107 422816172 589315835 60531067 778389694 431474583 946018469 455632728 785049107 270219962 129221385 123776304 198959078 329128891 96822463 582486594 450237870 36411483 992920723 178944531 410789649 601668058 753560021 573363484 10062734 442321652 63214443 65123812 774602156 924189122 113612332 67211715 18556992 473515690 724097155 936204499 446257951 657873273 231062919 551207332 691840340 181001228 598303075 749534745 566359142 698654717 269958905 207718620 582344993 300756953 969490221 161922728 521579235 612998980 24966966 855146785 810986806 878583883 343094470 174901976 829882560 35262181 205642717 113479084 850179807 313312641 121120083 469769572 601184815 882170884 996153331 316890091 335826685 238114030 972364829 682515495 485366 864331895 758285550 251252530 822715308 257185031 524115298 867912273 624047561 305692786 898586744 829295503 455957366 391541199 130205328 935140501 680857557 31946401 460132316 863528883 720870340 805215656 915688079 194107814 385007957 833441464 403406037 157380948 955392052 168773483 154892049 154792493 20558189 857167250 478296444 286574670 399519192 4571387 431104261 948839743 630768664 110279178 352994284 998535071 856739550 168772853 888979871 842511926 889979944 160743606 490843061 164924738 13569350 390737570 237102744 208717093 56525025 413646678 524334000 467897086 788861723 400158764 223973904 670027603 549734192 410915284 929880563 997251347 40924663 372358619 897311851 677444910 351200081 310984205 427894518 64315350 556426405 350669026 302914442 520013714 711090347 880446316 627335260 58255601 859448060 3662473 897920309 543675842 452960582 618513272 97909062 90237450 399649838 450280195 542466100 715167013 824531256 484799864 64612158 892033735 885224283 916177192 537889365 994487908 405900222 619817487 158040536 762099615 106901583 3792292 418132868 544338822 62051009 312035271 622698862 176099267 834608298 74426281 937626661 507216575 675380097 887715716 633878537 635216775 401216582 573941037 13483315 454529741 158060877 890536156 160084320 216575509 234717125 628946543 683144738 518137572 239651612 751006369 302079312 949288662 765020485 201676629 243721645 600379312 867040628 612481470 572831918 157242928 311180975 280254 277493613 786095841 981402846 784127214 728575712 974317276 142593784 788776178 359416787 790300484 972317068 964517291 267376963 160737869 778109561 249067607 958567142 291493193 384367040 243128996 429463298 835222659 752663225 99215573 226073180 248771425 536598561 898228813 207388258 249671596 986505101 65001655 322980506 358980338 247834300 635288218 175990242 731747016 678672602 933634079 953747565 683494455 297991405 715822226 761726667 487486474 175908922 733621473 877093015 571709184 685786628 942059985 777644175 402692960 246373687 100319654 207778382 638383159 190321356 338809321 321766590 504568990 821693042 442058185 951353299 169963222 64766029 983247897 204234497 89018844 591163907 71563590 660519633 361184782 808636924 908042337 770313840 555325219 561360654 996000096 648519405 899821089 399777263 479505505 976515880 144299133 433980745 165614271 260100289 2786470 207445801 96807171 297276116 546987176 854896109 65850272 322242371 211891345 141726846 714214698 354100589 875335687 874767150 922947589 974713508 421474445 512280287 120228438 739727933 346003254 461892033 71482149 71945712 476935361 757077765 913313912 587660446 419647334 474258036 263954525 703229458 277950233 626760262 5049997 79831523 120660552 96483812 436625367 823582761 664775939 458600511 840116533 818557365 558399570 917036572 25891755 866992614 46366437 848507519 976253785 110371005 578569221 205513467 845603342 716600676 679095575 720220376 13826270 930536694 659060569 194229462 451720736 263869741 680311352 848868425 315382301 464019490 253733826 15867128 534307139 980107442 979890552 471879026 365369618 580426999 205688317 83406288 466993145 507434275 409385450 55278255 955019742 947463465 53826594 120482549 451380683 863402166 850531932 452391711 127914036 485083530 589908793 198814961 803553974 301446992 589841704 660032088 549502927 319232575 340092952 45184722 835614759 974393984 349378996 391874792 844280409 570400865 954964398 543937971 717707337 111576111 869724219 837794118 429475621 836872867 539378875 832341712 912397352 468430382 170411513 191030059 191967570 829165785 888900170 568340716 152481775 692913667 615528666 138716592 212349822 899974546 176709097 164215042 954343932 944847523 462689500 794262974 203963608 403139489 573372640 732344099 249512748 490125442 624039171 187302548 486439123 138686351 454433885 776787676 63506368 6477698 82922651 791627704 776617599 43890527 547352359 611945449 718910388 493907300 65759650 910157296 275689491 464391812 229224268 680668599 477116504 786797333 902444803 431400482 249612671 374698642 999536424 839167050 768178758 173578836 184721339 992419653 589914215 426531166 154952518 892006901 408676245 506470374 169570079 641024062 508022811 433861451 905444179 683933974 236653081 199269159 865606236 231572749 721567592 402024631 195076996 466780501 605884443 965795969 893453942 758246138 550789207 914310434 513688774 180871047 607541676 860995038 470164923 285089871 814743042 315964669 884011271 803520402 169939152 115483797 691764542 440816992 661857922 679154886 397333871 173381171 22162792 451091633 498833377 821758803 846726748 14222573 287839742 111706147 415992529 772646877 680628166 344125765 829232390 495622042 459156487 17410389 159710195 34038322
0 230194665 844012094 151513501 993094857 406058349 440207848 696006973 788500098 87966068 615555159 449670566 227980384 391347260 937849069 768238994 71079890 366362557 153200922 274934518 231481999 113986493 636957021 420919808 26932140 640311783 809767146 743279267 583022468 999019188 709838051 826729081 262026402 256966126 684345466 734523841 533404581 920596020 329824238 437503861 689373954 854949369 671189444 441213942 315859318 657725728 837118167 535079753 340565790 972560513 751863089 216488069 11736809 538533876 529974469 419181158 840588737 638084266 573350279 177041008 898082783 248336914 307865384 454278622 542089426 563348507 145312760 192500061 502852959 331159996 174857238 105951079 421237692 108526889 581142459 299370752 817859829 143109161 47679461 785770922 113792634 166360413 946348812 933953665 574104153 834511911 64438549 535143177 694179967 727504595 690366392 703710866 702926976 826252413 467345844 322209893 577557783 183482551 57190735 169423051 854433943 533356372 404278346 406189142 343363668 977658493 754631607 514691729 366080783 508678601 744335132 646517013 213166412 471132026 432128177 638449805 799667758 229863685 38786351 72780983 418778410 597669392 261156184 916591469 98519586 80225950 835626854 914778544 550119372 261819095 638073885 909141264 598312182 780110714 663716311 54800782 137959211 936617876 83870271 247497601 744788281 329894198 511327362 696723926 161168276 323712270 714578405 426873273 790189913 650085021 400921058 694436209 961872997 464470125 900852668 741353974 384856998 392459085 483976482 615345032 420459645 808745192 360373683 645242449 183631243 553765297 273309587 931724561 202800301 413445216 846795901 729666450 980028953 137150527 570976976 572540275 697840213 889057339 668444922 542055466 200521743 895892404 877298199 534012095 905009909 634744091 46561557 330699083 406316756 67309677 612659622 350978477 148825494 152631465 887034161 740877347 768573201 965340847 15762043 558778238 102105298 310828592 517196550 55010731 967354569 939263466 209675158 248933797 422858189 752862180 953375229 210829569 895265892 778265898 894782063 846707546 832666439 92747993 438639655 328106770 393531298 760860049 848576811 454759966 369354113 145028931 138222637 705888408 721662061 506765182 129138770 553855094 753824587 231044508 42499503 910363862 460672290 947859718 20201929 730211177 186686761 526385493 332627598 135923604 538640987 775812881 88049469 91413079 938214935 378150152 798188514 84095564 78090513 511730327 94755747 941590984 919798842 645030691 524992566 492866568 204789509 518865703 201959975 61702996 1070170 376213233 837105287 770363174 218421598 688349559 402666717 730204713 811419887 378832006 655299967 434438030 7844865 542865272 260718894 174689701 704853305 718423833 265507285 791649800 143570115 769303354 909489624 139408441 457670471 512653953 885660477 91024294 539130522 896525399 678432241 321304498 86455694 243480693 487724693 778066548 695370549 475190032 719053099 65925195 837265707 870481694 49437811 628465264 138671838 580091967 468776301 308911994 157549663 996074725 100437368 330989934 383086577 730121301 644862705 727404008 713881461 81574446 8595366 439600262 4131681 955016119 659412216 913860159 700525373 782403314 299698536 183973034 500661946 479497059 430434384 649262313 86945973 111999438 506265100 551070724 361899418 966153140 717312764 235981466 963558731 892078785 179491330 635450777 876225541 319244533 140011292 696155178 867795830 127023656 670798270 276888726 35072969 319026651 1853714 97704759 761058489 870930506 61480866 59162606 959984528 148868719 995341274 996858890 313847909 731189577 827594784 340869194 555411230 733254808 445051651 502084884 876403063 111052608 828527399 471807271 938889865 934186881 91752799 470861571 899533101 338777964 958572392 761262763 851831354 888427256 507989705 347750179 899875505 457766669 101308715 440435730 811327657 454197010 563705746 951945115 904475559 758379374 660718983 974461593 70181563 344677890 332524290 622088673 821490516 854792372 509963702 823465693 79616637 81061740 944205686 130888050 348587936 855869271 430508705 449923326 572607234 463045580 468155935 954299141 146806545 5186201 686226359 325100880 288955936 570651642 597134274 683167033 669380189 854810507 736314284 737932233 656069432 997367519 188156397 626461656 88948142 310911435 98901269 685467317 197897058 262017022 892708725 208654310 716435921 56636739 404865521 311303655 88341324 852343768 409329035 608805263 5316377 311074046 796001330 855769121 23503970 61122187 585168638 439903853 722445231 807943581 728200457 180868634 148624243 45879371 262981859 747611053 301566677 754074788 909395003 668199015 167683021 796641785 940386797 317105546 88082848 958815794 422159054 601672192 14817440 957264652 825534120 841089292 534203966 672209310 274537677 346057641 581483122 42651072 333468106 1392853 704745544 397212333 60876136 792450189 738305543 794245305 610485099 645051628 390482506 796391656 661895095 789995542 629154918 417384067 407859012 607977694 563488142 569749412 363278387 680810912 485043057 303429168 459662147 213656728 352661258 481554387 798361645 113611450 467701693 143237357 568702702 714012324 339571092 772643800 866646554 568972112 687057233 924154730 939948606 390362487 933612706 887308895 914728850 438554702 325630081 824143752 358223925 478663597 502204863 147281006 137086444 939392166 639272313 579455658 871622597 471513722 846339922 101475702 376147551 210091170 878486428 53766641 303281900 356942388 464128293 59796931 246613295 994920989 421240449 634873420 66722630 915535163 805539161 308913582 508908167 355056487 868932758 94681332 679948196 564182213 492081898 776785450 561159185 752479526 595929015 92782693 458573294 480998985 871601931 250610267 278052697 115708821 647560493 203848587 370691794 226778808 380845393 440925217 771581182 703163561 988934492 35717370 242928594 575243112 9982550 578837266 671201780 985376694 584647545 158800635 619530567 548070756 684554380 56752255 57935339 919664235 411822867 380543085 818423434 788709951 178457517 483993837 335850897 351908546 565490535 758478043 919752285 962596061 221840476 710171442 330917593 115352837 82611110 145920105 37406054 852645410 414616473 461683884 381720845 806854682 800105975 234014294 290321021 843450804 96430792 603396389 991081165 396308402 318133494 650068049 222514541 133964956 348660137 396542835 559444729 107538842 626057063 608277886 392142831 460895445 659826387 83911301 164580187 334323696 42508243 378603888 587947312 557252738 448345077 273121652 376689797 180298275 30487696 697834390 155860025 658253899 980529778 360683755 123050885 505410057 32655886 282146736 491044380 615805724 471005960 488536907 839545130 66215510 245348889 549482219 463071971 345947313 813899089 718544020 840450463 510648132 302683605 663276657 515174675 345977568 585855879 146714127 446424256 111909593 749994875 710334375 76477706 260094739 364066912 108167836 787037088 522477653 914808065 85855123 643866803 248699694 407174533 253487448 677743671 108236553 557277802 835547954 569977922 617080773 907703679 19002877 717552202 366931372 725984549 437389722 991387413 199009006 663270872 328778897 910559011 152147140 828860651 216706918 616982128 424892416 591933463 333234255 760985374 148160724 647523799 884441807 809270360 844837291 588335485 472569521 971684213 139425776 79124152 103253907 90019639 191220884 653873408 847039981 591948680 515486761 976008430 747805849 335968695 647288067 624804247 886077089 284966506 446133246 457462570 298286079 795309132 480126846 778518114 687722995 416166974 489734925 75357306 835654591 819646607 920798533 567052957 23149813 57374191 140901705 579653074 745710725 689378016 141635746 0 892601283 143852656 279454847 245899182 279222391 562885441 676594418 623039197 925372628 66420985 27544202 391052283 624361752 785746678 139546423 439338218 18856209 444335518 153884481 82157577 495479726 637851232 981269931 125832259 62456498 424335400 529162563 236970826 243010838 798174523 340427810 826804943 732135811 577460023 495349096 858201301 31484406 544677895 10983696 314087163 45101294 325964809 74522518 361959342 970729682 115842895 708750415 651380219 330194812 876414944 111978519 756595452 517026710 451120682 48556654 665376698 823368796 991636971 540592870 692261382 472757241 581459050 631077613 816995626 20230249 66999470 466806638 484515462 425154190 815133403 398588135 480847246 798961568 203005489 964953989 165294448 174773451 532643611 641054462 519045491 459825074 748227417 883270485 283604713 544471263 519856661 523126487 658913328 752547066 666809433 160285022 431223151 844520745 223739023 947721221 508861153 97018126 671407445 650979596 413549727 67400195 117268579 613176794 559718472 767514079 469319789 98717073 497587228 946698282 60342594 515232439 686040002 579878931 89876702 416505219 562009579 512688586 848915730 978295399 166022159 791280659 146087951 141454050 347753279 387786851 329627504 110492674 743760273 967044897 957007292 31310334 769689601 838737857 823006913 58194415 244492150 664499731 71380556 937383912 890012666 873597103 905407169 455710401 72760883 318049094 399632406 944974387 53468221 991176134 208704943 751681386 851604141 465804681 913208062 724371772 62355128 76895827 198369634 498216942 342263149 301207370 591081510 167918091 796618996 326702318 255381356 310912476 454281955 19477345 800703729 335046727 201237896 238434549 177181007 138252330 63634511 110065510 812088859 585269565 246512965 383158455 951534596 424889830 59342533 135412827 239639770 260630129 733200884 330550741 667750562 376558617 104629945 271570305 56735260 724004589 464851661 891616335 245592507 738802514 199651501 447110898 93337651 957363256 803358920 475043801 435213364 125517861 95287147 802816648 668256367 784464935 800352177 269367748 791120141 79436277 482476293
0 578952656 334867796 923114525 969516369 995099295 165869937 214435251 430710380 493104273 778406457 706519375 38356291 792321651 115127100 928207943 735400330 281110669 491173443 103842974 124336074 755930589 420872320 869134157 997445789 779147680 722910582 502160284 630524485 198636073 140109028 828581271 659950711 794097612 25690535 26297792 377513679 239563572 295997170 928538631 681222266 670317147 794543775 919995584 281715600 164358378 792603512 811313745 191745497 338786976 950949899 327330335 89671723 611284810 838579635 468292203 768125447 722234752 280737794 938066867 28342813 546659732 175471419 311665489 769525036 79329307 926623912 549662624 342125185 18805851 531172476 167024369 393671047 469130095 993174995 946539825 182562401 3555988 591562541 372703400 313373944 88761970 442602742 510706363 694122766 408743172 680752698 348179272 209631330 651022436 804303 140979587 848339126 740925758 23770909 653502760 95900699 984780122 342326988 67564933 588181301 388171098 5015733 348901748 472720708 600624753 46971454 53648498 15769100 67169779 933314257 469710087 197497398 86879073 922571336 953043109 353386611 596050158 868819996 468562733 622391500 837335352 711854374 310744743 105485964 184861160 889043076 627689741 985489894 901259092 554613655 719039478 279257668 840477010 445917323 187636515 880651177 696531984 50938768 296361591 399492868 906116544 387183923 483957481 172697997 28061125 228737096 631991996 620545873 552360909 505604347 174604237 259970645 289742279 408259270 818544032 274247545 184170083 540418531 990202640 772986953 952670576 811136589 948282904 398425244 68162749 850332750 408832617 401714240 210891223 664859498 155114045 86825051 572661732 831147275 327204949 255567383 390764145 850623533 558708476 320100647 397551935 311646104 29438919 971856567 916106888 504009475 975069778 839204595 536754228 923936861 926709595 362849384 975799127 725770207 360147962 65072169 517423129 498913716 799149563 861009285 315859162 266585300 245591865 421614931 48735668 823098419 652035762 69795210 609234512 460336041 774828972 844757502 989881508 735929571 257595044 472229092 956631337 536605405 253150099 601596945 956144616 116900195 142291263 720973042 153848838 194044841 255362457 644303785 688536469 546952132 871323915 163625526 920127732 892286949 370731507 493469962 43543868 637810732 535737516 149210814 375789258 49503 313603592 467757469 681259246 536991474 724298455 75720061 804946591 899718913 386074878 711222170 703787742 102427215 19853841 262220953 167157776 418136429 146229399 360107507 516553975 534611893 545739011 265077488 897325067 113620106 315462596 654706270 765128967 26989540 295065757 400249194 993700689 806478162 490241003 62990293 213170986 926619384 249134551 713156487 536506065 991273485 684783175 58116345 412326658 639837054 316278675 950921622 434737941 417095139 753988387 44589598 312823459 411057518 247786152 457772687 203380717 563839986 329831885 822457720 138806501 96916323 78912135 70462359 143850745 347192292 370608382 143768745 880476912 244924672 35433594 410863523 945908046 857105288 113202707 746567903 787274316 907565926 223089501 568717756 480135369 123077530 181935874 763516173 676826385 219970535 903539265 166528652 651916118 884355410 106051642 415080893 333040089 201863814 178227937 345863756 307007883 38638149 447155658 36590061 864530459 463904789 154247054 267125521 931029010 290431418 442717495 664852242 100757114 762389369 919568694 978232437 718004357 180867586 532178395 47400979 820111932 795072852 95195744 121506483 221426615 176328833 953174630 436680771 5598370 514190431 484627140 219718852 598627893 179082791 398888069 279541131 836510379 791450847 260448448 208326288 385168545 698726184 480563979 717474741 965495448 205685606 108997448 553367662 66528293 539400088 860811507 93827345 403782017 996867415 908352270 708001314 57903001 131362123 599705259 279786369 854539546 917100104 892443013 171772947 992209105 773675229 157270223 9492980 330656028 136147237 252846368 304452294 404461014 8909065 270788801 719032195 0 146368878 816944489 641623704 821042259 200889617 356320434 667918989 296866116 599264234 751699191 753317238 6495814 760034422 828097275 229357055 826658325 990122121 934465788 164328375 400685956 447458995 748649408 587660814 531916410 532661325 967982530 783489510 549555356 987677434 368830004 132398055 231863763 349662817 75589145 244102045 46538567 529222566 782123411 59802763 602822474 7956992 708627040 213252531 45148308 999617807 448973367 588285356 383697572 534943007 737579580 706073309 45622134 613504678 540940544 741599473 174604121 882992409 763080009 322473850 149540694 952380793 130011326 147343032 837490753 734466117 652779570 824761028 984424358 652598870 298767494 355976503 942012471 456111728 788413743 445955344 416969906 941319122 865121558 542273992 132445994 181722576 141985405 684511180 618409457 410520784 210641259 435187478 149197274 322885909 320890198 465123165 892934397 146418629 387027557 287964896 922214035 445011042 480889397 406323912 21247123 666812888 580948759 228529743 981583650 251479182 242698060 707147677 912476091 37230155 471517187 5686503 585902231 975311121 957530092 538892782 754114633 477938576 997767857 819491506 419298920 834716115 958369694 315805073 62420079 640042731 310423533 640043745 94730510 84292743 170426538 979204520 961491911 245187664 647711119 845698855 366127729 599129721 895207454 447096928 704117385 580940537 378882460 186195988 806175369 511502434 237166530 832224750 739278663 788158796 320352836 500091405 729885224 373073760 23391272 163976020 860922510 99453346 281615719 31868038 473371366 247430833 560890483 139727452 454587609 171978494 385765079 149781111 943607072 692109993 114134782 323276850 387694423 343710690 976669823 358307009 253759138 487846332 484618643 768834248 649244366 599108783 635827168 611135392 814781143 196639423 618190910 645063332 160599821 384308607 82545768 833316269 492908933 496341836 466225319 931576966 752664703 443076993 391791656 877396945 152554334 432466617 388799407 262761906 875526496 441547984 14317396 416633518 353892754 12538321 962304767 130657421 432003744 329093080 208671488 342475076 206148356 419661052 661938900 133425156 610401300 199533196 672887548 786575969 96496708 448381187 316857478 757372328 294124401 154732588 79771716 29784325 458776576 825494139 248125415 192489463 934491833 148246979 768178935 512587336 259557431 579765499 133038910 357203614 186608666 695926186 638100784 778737471 472116395 609950220 892065387 933848546 399219302 183942590 393811331 446151211 760739104 974095769 642829132 923234497 268916840 815238877 458437090 222453257 485143220 614136761 25523468 256206261 908812051 300723529 775057344 658198392 966177695 509564869 576918623 255652147 987690853 846734630 21436851 749915758 732546591 184671292 834695909 129498966 222464808 941716300 802070071 463359033 466386525 823880735 689220447 779173899 301324380 715193487 298822630 231646743 495518467 552490494 540709725 392952606 262833807 955899269 313200333 492553067 603128610 892182228 154514014 46081520 900132325 936485248 674995850 30054856 935717084 415736847 774860663 663649208 184729435 571521554 70596974 546456564 738845148 796084660 448596636 168195058 595545044 931149547 116472515 498589883 36364102 528931535 910590377 293316559 975972382 23334048 503620381 711429033 800557475 19549639 688557612 668458644 590514457 431649131 325831872 107120132 554054438 446090127 921866825 109677193 271381447 880816250 285794000 299993184 446405073 816618327 310408226 379547795 293172246 907474640 113822394 113075871 992740077 939901600 396891805 532169505 782727307 841490627 643321284 162827611 725411642 922579282 407492613 591805945 138347907 35714335 757111283 407729130 856308196 403951200 616907058 979258478 459042902 152815292 71113322 349151340 241315982 877571690 211297723 562116583 55399252 852478611 323666992 970482546 391132782 67492007 450439930 727741924 911398361 327600798 702347746 651982920 959788586 805231484 497425291 599118826 719424702 744360893 176060848 70370099 864828587 433230968 914133153 922161400 488913025 114496658 280092050 178694711 21615019 869268434 25981607 827530788 510802843 309677305 18250632 169815579 138312299 90646592 734444526 837607290 992281202 907485585 67973762 548183802 761934180 121594459 289150722 384366270 801060843 708109450 531359318 177948164 152870159 396966496 351504058 500363692 612351815 289179645 873184474 582929334 254475 262591998 836253119 368883407 836475904 221437912 778960534 665288815 771022557 519221739 551214593 297563068 94610724 403217263 793667024 203797334 22425176 757202703 239087950 320197303 439077112 357677508 878226741 407478438 657880621 215646243 551425447 866735373 240648962 711310404 290519428 925345257 555100382 642122773 586310534 403286315 448079083 749831846 803979985 617078031 501503029 293103750 593078401 921112282 153936322 365834577 544194907 624429255 949649776 956576824 541363223 406932595 138111961 722086625 56820830 455966338 180054783 838639815 572914466 345928992 284750130 897429171 153853563 86878863 787093376 245420733 651166731 797760901 456781884 398335872 495022275 798839462 623186343 729922496 670715510 914513208 80492301 295485466 755237908 189548454 310368548 540004714 825438853 207963498 255862428 539954711 457424667 888593710 897597908 363531725 167579306 891439934 852162086 602365178 251589704 60170992 82677812 649698456 325279157 366570826 53150450 364527174 804554237 26848911 514029815 147411518 94295907 506978371 757840127 688190042 164947409 861407612 931369580 824395169 376406990 321511317 277241 169604100 340758772 797534733 87720171 83648624 62724989 901567469 862526463 523636030 721369300 643744391 888878013 76756552 265583980 837883030 389307367 665108308 517772350 117043479 258563722 871933474 226468574 381606410
