1000 5000 5
702 249 679998170
803 62 524237695
440 195 466542042
62 903 590802027
437 170 363199217
505 225 356758556
976 563 673904188
331 657 962060981
693 955 694795767
917 407 781987694
337 718 615553745
229 906 926920340
96 950 884384701
932 281 669877871
321 314 778773084
274 35 595161383
804 211 730269273
91 846 451583308
748 449 869545132
304 571 92992434
600 191 498833422
988 397 870539242
30 381 871460070
950 626 922033641
996 230 948485564
64 678 785916824
814 936 117079522
57 796 69920902
269 669 64011071
235 790 454581951
542 455 415682220
400 760 105567207
407 296 685906168
101 780 723800830
492 110 903879723
621 832 494621615
76 640 653405024
998 903 9230810
145 603 93389500
78 55 18404809
996 200 834092513
10 957 793121434
404 135 108334696
593 606 344259559
710 644 161764049
422 395 215908193
149 169 544787311
243 843 73508436
126 265 285761051
196 493 237530920
21 460 682405534
433 55 368725193
233 383 226750831
248 750 850095872
407 61 833955502
415 74 279823160
331 172 256424117
822 21 9737581
468 373 74876394
417 40 733219924
833 368 241235897
159 615 89511950
42 445 669799835
344 320 839137143
747 457 154045194
385 429 913332326
907 196 825429773
248 113 756141022
259 202 88101067
821 208 616987037
750 355 473812930
19 10 255776750
440 83 715673978
394 17 639929929
282 52 239955137
368 185 780723998
799 418 790354239
5 958 659534997
976 270 587077033
270 68 337150828
859 777 781289050
716 309 504964107
73 60 345277184
630 608 215004644
919 193 159889356
734 80 981730469
751 382 843080098
716 48 696857247
709 205 26163467
374 497 735434523
181 374 749050664
631 458 845289248
878 942 393090012
556 350 547742257
508 474 311490177
198 296 907684814
364 690 992741845
277 560 493974289
548 875 888280686
185 665 569034115
597 280 27301957
275 727 63180491
285 277 617710774
675 606 858975157
610 886 735240948
500 92 997569142
402 71 662609797
897 125 462753929
256 318 855515070
869 484 49308677
279 148 524973213
866 382 758685757
469 474 106135956
58 28 933132553
834 437 343981172
252 770 512100788
446 330 971595777
570 356 131892682
131 976 814275837
630 132 919259355
936 727 122477946
220 737 803842746
862 940 595779598
467 561 46173966
273 806 466350544
48 432 330058103
273 720 932099999
147 34 836114263
215 141 366504518
222 412 903843044
149 57 975257093
745 123 749983570
857 329 448790413
65 114 232570295
462 610 397116020
107 312 873518779
755 294 680185631
62 769 836938110
472 115 665413909
987 135 387311298
730 588 395205775
603 799 306011662
983 637 766583851
62 643 666286150
68 470 881081148
770 189 552335511
869 74 138981666
673 325 427135924
857 741 93277003
314 281 459798682
830 195 573991765
712 730 87690105
503 218 804504877
297 819 691205093
355 860 852644932
692 733 843296015
562 789 681117562
502 516 318157986
937 840 569268408
730 606 894975882
661 59 683886662
921 305 200439319
71 604 867889172
174 658 234455378
55 954 175656222
755 853 604111016
1 796 888898692
986 210 363353033
148 130 189426217
572 665 712480074
462 432 783108493
119 573 42945216
391 813 118115920
725 571 174154820
410 147 957927126
806 227 664775471
140 885 773132518
703 779 70245523
769 985 691735200
393 10 192064341
572 101 423359736
988 112 347579725
469 537 709430046
166 933 485268238
435 203 78436269
760 792 945796342
271 55 400835005
642 66 589230091
120 299 31447130
753 513 800793539
766 709 20016421
74 886 652069811
70 932 572356122
851 510 445268025
126 277 273124331
734 275 149461077
744 444 467390407
205 237 685257812
425 128 693729337
422 294 393855525
2 46 877172024
68 976 845408663
807 538 753884771
411 992 229270406
225 988 973306081
342 815 768084819
970 889 132031151
504 825 390574851
254 425 949024539
781 318 56264122
496 446 608597959
417 281 261361971
106 195 289605335
225 3 776452972
172 210 148173059
892 574 919122009
783 414 51498139
772 622 18360237
433 836 241530268
692 987 548047050
728 633 426234624
850 835 580942761
288 106 859054619
938 946 571423581
149 148 887002153
298 132 601122959
444 179 200548804
812 246 536787663
933 840 374638219
534 8 816066955
216 52 770581037
343 764 526993264
829 230 891512430
650 722 253970260
681 317 222438788
942 578 334796554
620 828 270628451
565 944 451310507
256 924 101381363
591 234 47935608
383 938 256492083
444 368 260948998
562 205 179770422
199 461 905003557
54 658 100630676
706 71 497832606
332 221 519249927
373 990 866363414
794 557 98327112
432 509 286160303
904 50 144256570
316 286 476138857
175 408 565103383
376 222 883739783
934 346 103982161
989 846 575260669
942 461 412330108
420 369 780489527
428 174 501049101
972 51 53892539
263 601 659617522
568 37 15350629
873 326 130446340
188 226 343099132
167 934 55113676
242 96 804087042
174 674 926859587
59 26 709792324
83 944 598639277
784 295 793871567
848 664 191138024
834 502 937925842
725 363 354238655
836 674 445583957
776 203 690168597
666 452 963993121
493 700 901268073
658 249 416237450
572 313 400745646
656 113 261917730
909 887 593852194
98 19 984643740
940 15 390252898
445 82 300659101
707 757 407902780
788 238 793204459
23 744 520618072
968 827 688414214
327 845 210594880
686 264 558674123
631 543 589306587
662 821 316804504
458 247 757838666
283 278 642788638
753 952 506978966
664 43 541264845
150 182 266254672
847 137 664525151
562 487 904041895
21 19 508421501
491 818 292646435
120 172 202029550
710 401 552460157
587 513 927178385
323 835 290557423
636 139 953333484
881 428 991636844
264 167 870266005
716 71 318201455
500 875 952028955
868 19 365379986
484 10 594580839
445 325 478243798
107 206 244229165
123 56 753294371
94 156 35819084
482 188 770959583
154 97 485901024
522 836 856588507
938 159 372358611
369 888 307620394
752 526 394851642
631 210 772748124
377 791 691762947
649 293 145076209
50 295 660404157
418 276 41844522
743 568 822741224
393 577 947212384
25 4 157424769
489 864 867282439
345 811 408763374
605 911 665069138
926 816 715219236
376 890 774142127
510 83 477532162
737 300 304031582
79 981 676857584
595 224 37008980
886 594 460640711
605 958 683069106
894 246 23922120
874 823 956629984
907 277 897862170
782 272 480023281
122 37 936479265
401 133 8235489
48 14 336705060
730 399 156339759
995 673 114705527
994 530 710578720
663 8 808005484
154 284 681482224
402 374 812370289
590 402 433267048
920 955 632844741
388 150 291909639
513 428 885336976
299 252 117608180
448 446 377496413
619 713 311679849
994 57 237990123
815 387 164027754
972 865 833435754
964 562 938747799
843 104 220932758
70 855 538167971
559 724 707317217
877 581 447904634
952 181 99397906
835 78 567983624
713 455 370677096
580 741 501375628
612 81 461542781
495 195 410919162
474 383 70862284
600 281 476412043
214 60 518650955
233 829 82763332
660 361 252759194
285 449 823416448
316 279 613095511
893 79 81552146
716 80 968422198
273 25 34673690
239 211 79989423
518 138 416260011
93 776 248725059
430 167 437709085
407 59 736434916
353 938 645728492
490 90 562692849
416 781 295084697
960 878 908677622
955 474 288389330
706 438 650082671
757 588 421220926
127 268 675319008
793 183 594050052
261 885 610795865
20 529 238993896
346 1000 972377861
24 27 923776773
38 777 293316511
977 625 787727609
959 585 122809563
413 886 949883716
512 365 105837019
331 825 589840910
27 965 740208119
974 289 442597352
652 292 185855251
539 524 705751956
835 596 984101678
702 168 521718576
71 107 605020781
899 236 814131958
52 825 258984793
963 856 294472624
578 109 508551087
28 5 25621893
179 113 929015565
646 825 233440856
374 528 176548794
893 86 389461688
167 258 465032558
719 107 370079522
769 920 879402029
979 401 813673042
709 404 107097481
503 955 338444722
884 945 886613425
752 158 968377784
859 596 419664011
783 853 505687505
204 747 94942739
469 226 660100082
177 505 436587423
37 6 829340752
468 692 832321861
777 890 188408730
78 64 38565413
639 44 155342401
237 426 676631771
936 72 357511258
473 985 444230206
629 591 563473715
89 77 355307367
753 671 708337263
446 391 901991140
113 79 934829713
226 155 76973703
306 526 859873527
893 288 98431481
527 430 708711295
561 698 389951984
449 764 725864823
571 34 18974457
215 750 608493198
59 174 128415867
844 483 679643322
27 741 664015348
950 541 365548856
816 235 173645553
56 333 817170835
618 892 41067050
994 77 353725953
984 954 44874479
493 195 311096709
849 722 819867429
224 776 201254827
83 339 894986860
781 212 31334038
872 516 592351628
305 869 870718362
479 968 791269001
359 45 28631003
506 423 685618859
565 534 42523586
554 771 686551603
759 229 4061985
937 332 551662489
334 101 192232068
425 597 802210521
98 753 499017706
44 325 448711592
762 965 538598679
429 822 115044054
494 74 903502772
189 599 38415399
129 636 105433949
895 966 92004296
398 394 288083308
212 139 352502730
114 102 316460335
476 760 585055741
691 850 928967489
661 539 251201687
246 977 495444980
281 888 97793645
189 60 249462863
508 332 927634620
56 204 564582838
208 34 514844039
288 735 658240130
50 19 575835747
45 550 22888349
81 80 888606056
721 519 484500386
804 780 110260426
284 579 609205241
423 415 809375643
81 641 731769734
933 795 968251871
749 213 100421675
700 702 124464530
683 463 273647322
748 646 34687253
421 212 913295525
880 243 606210337
446 367 164884660
499 177 895326709
396 756 815869894
223 72 351929040
14 836 64244182
239 675 245618909
53 876 245756568
427 200 545074106
881 388 987378312
591 989 518999112
876 840 681974991
969 490 840102473
391 315 654496993
845 269 855960188
737 26 203563475
449 616 648064159
928 764 561027885
943 872 273619696
362 82 122940306
190 543 806811607
565 373 920423285
164 7 636640119
153 906 614838374
802 288 999244864
16 61 959836505
601 711 76265182
448 422 619758408
655 858 456384612
627 207 197705051
143 551 565912749
855 337 74237151
5 190 468251326
999 59 459934466
20 542 253231197
891 997 271969971
585 127 941479386
975 301 148051900
776 721 773878978
358 116 105749559
54 382 405242749
529 410 26628550
695 437 409472842
60 56 309921729
569 251 151507216
827 115 53014025
780 479 298564206
278 940 500487604
672 306 682102629
914 255 772745824
779 287 838317997
543 489 116554265
29 18 787765557
985 372 129717208
327 275 65592857
288 722 188613135
948 106 830681971
825 461 553859857
164 320 12587214
549 420 772872072
270 768 859728303
668 134 130863137
102 72 774181215
289 65 535886598
269 172 710055473
695 319 356319951
655 506 637706049
926 833 636620637
920 360 47978828
865 160 972043699
419 921 408294569
995 271 320223916
260 434 991379988
734 581 819699115
60 368 436179620
278 95 519627887
32 11 536714249
27 838 230146993
674 607 903708723
648 158 954319504
63 62 99320000
506 990 91637103
450 258 335158778
851 889 971450105
761 188 927039185
266 38 505726218
908 697 72410044
253 333 783256855
20 621 254416517
598 359 643702474
650 554 795843101
843 269 959857693
494 247 342463252
97 778 466381398
874 695 806547012
659 685 50771183
131 880 856242264
712 288 714344372
209 953 117826592
528 884 833676303
587 218 1949100
863 434 487946346
119 421 324585251
340 73 744597570
48 848 240035681
911 39 258032736
416 189 854506302
275 278 870070129
499 269 973608620
136 501 738462649
407 474 649782910
514 322 315868387
998 135 934246740
20 827 66156613
69 3 561222778
832 263 342439671
994 323 488953295
908 476 801847365
822 325 583836672
434 313 940826920
18 109 236149759
168 314 117310479
82 218 752064502
580 483 679538365
94 883 297766747
440 178 754637721
704 604 551944536
745 257 175178113
163 116 281482815
426 35 683302442
340 129 95210291
357 319 966290490
270 135 506071644
14 872 671014118
308 285 524190965
753 421 266904606
694 477 716097095
717 266 64074788
293 44 75737465
353 564 797406142
807 604 61391228
237 239 661419576
265 908 21113535
671 321 306412047
217 14 507982168
865 808 585528173
410 25 608395240
406 239 128251788
924 367 148981767
905 563 586161339
757 704 583236928
451 377 982182600
529 776 696580306
616 613 909648022
660 338 912925048
104 77 860606935
679 350 918660354
423 96 58574224
919 369 750521771
874 983 351116435
835 529 431071082
943 8 385130467
361 181 239761010
513 335 65570493
411 331 376803291
772 493 430177096
221 616 628046709
130 127 122008740
835 312 876647823
519 962 656456359
223 438 309558366
561 533 597851602
184 176 34928813
685 555 989034557
371 660 294471887
311 168 319751955
191 364 479270097
715 779 646394927
349 779 147698510
878 662 436366396
126 14 571243585
728 235 234703301
379 30 876845839
232 108 316966444
137 34 522073874
374 140 151235731
453 587 546624306
286 201 969216666
175 6 974759629
840 155 467109799
515 3 545774423
901 447 510870935
357 132 714900402
831 602 203860167
596 340 492545365
581 389 215279864
286 5 560226390
869 126 414521908
332 705 118594415
187 105 38240663
356 264 227312437
52 577 835225715
340 120 510702501
718 889 575757509
238 336 130977940
834 106 368337270
774 149 859286138
194 526 56873686
247 237 314372884
220 570 957218713
183 28 486726733
400 271 939687119
5 630 72679778
437 930 33076861
226 640 812342439
901 532 787310429
578 82 695455715
871 87 576245234
521 164 493638134
362 15 668890056
339 649 435673354
96 464 277793445
543 704 184852761
128 825 59199433
331 420 845254237
761 156 320523110
973 602 907758503
251 904 368694617
560 246 990653416
22 20 500569182
106 618 26166008
823 510 32358509
866 631 268170851
152 78 47396507
738 17 986651819
196 926 860191694
755 181 27517947
636 65 650393077
637 93 154725708
322 412 302448429
484 707 199065402
930 804 858371571
694 718 728932821
217 265 12968442
894 623 320421227
15 98 823435180
678 975 537905562
717 168 170742189
22 657 613281668
111 103 198284254
196 596 805119809
182 505 943869201
347 327 970600409
484 746 229798630
983 336 39002446
804 462 526023003
609 954 474298519
948 846 175799589
432 261 301932801
244 787 95461350
831 934 694786900
33 784 173413179
824 261 998004539
471 894 251075849
26 278 460041299
108 959 149373394
446 331 361512060
886 475 290471699
470 553 584289239
894 688 346390824
46 916 267100900
305 163 415251970
201 100 212043654
701 650 933647606
360 286 946127383
958 854 552469613
466 868 965290923
219 35 822370527
184 137 458109201
75 56 668825375
361 318 677627955
902 472 91952334
625 590 763185783
720 353 678005018
4 119 671439817
629 700 768302184
439 487 782331721
906 178 658063724
405 484 174696768
951 424 797218257
101 475 359009431
927 88 344283322
363 394 584318079
443 250 241441594
116 105 259946483
434 420 10833910
147 867 944848754
531 23 607523939
193 723 637418670
649 513 9170696
921 130 235138176
928 228 218429133
493 100 118499244
778 275 999137516
429 101 224477605
761 342 448365474
317 441 247058902
762 821 801597159
143 81 304426135
172 347 272747850
588 340 124185830
443 659 750640042
568 170 773784242
732 290 487088668
377 929 151518232
657 292 110025155
503 640 991769018
3 922 813757926
262 773 331891676
86 606 187127225
209 659 383593643
575 425 3036499
985 261 979086209
968 787 276327345
418 629 111249402
137 382 699281575
16 844 333792276
361 731 802026943
316 390 30037759
591 253 441051390
922 189 217659404
167 395 522715815
961 838 744791673
372 863 616632071
858 827 803792210
682 395 548945900
702 407 373531422
331 855 345317479
893 9 460240639
332 140 791989583
920 939 756543405
693 519 825716353
38 464 634056519
152 245 835595123
2 47 251077352
786 921 837010318
432 513 333166215
227 943 514131402
731 104 295507803
998 442 958196014
771 582 906330875
143 199 299785279
228 811 798135874
772 496 279580447
321 931 512011012
997 197 714984485
182 112 482826892
570 405 677428312
170 507 710002563
652 245 824614803
668 292 565102214
308 584 659544348
626 285 894738296
850 659 208551313
269 170 833013835
781 332 231112078
915 767 435747233
636 459 549983379
93 767 363992233
391 997 318155874
26 932 702738609
449 630 104738640
18 85 716147989
956 297 477724909
613 580 457672992
215 179 310305552
742 678 900045849
607 10 239556828
850 5 273377494
18 340 622031592
875 430 905865393
42 307 609553784
431 672 162973461
319 66 282480590
918 838 874307485
978 917 860014996
519 621 318653438
406 535 859728946
637 683 508605538
899 980 44890393
363 987 841440965
364 239 754758952
34 858 253234190
498 941 961648894
245 967 752179419
168 692 153014270
689 476 759305805
459 695 32965853
900 37 748490463
263 983 269488158
274 266 708191411
688 160 767961935
950 863 585308469
627 439 654131663
694 661 10866941
492 719 107251709
911 305 675402701
289 603 715369008
661 443 475623579
608 8 36452770
413 65 23930248
10 870 823918746
247 712 970747041
420 454 832531721
528 287 379062287
843 962 695310844
22 340 455667689
729 369 97342686
982 307 316300606
389 366 99249753
934 893 782963373
643 834 117109168
153 712 994245209
526 281 751660231
891 100 281162172
438 210 183701443
975 974 647390910
805 933 62411260
451 645 938790777
161 321 342508905
453 346 277826763
231 144 542528015
321 174 729490991
507 65 287234415
396 40 977054258
889 123 99559383
114 510 687384285
773 907 672337772
191 706 406722699
953 358 172346667
20 638 40165259
322 213 565519870
263 201 845888702
102 264 211332229
919 886 462465125
801 642 742929438
405 721 959994695
283 429 42804220
1000 958 83903876
790 659 957709663
373 417 555551791
586 509 674410179
861 56 751877456
877 251 720120763
700 193 529342097
946 235 58659390
253 73 471700886
228 632 70274858
458 182 359384577
586 57 607866029
731 694 726069111
866 379 381077781
33 558 169195929
177 376 830812523
558 397 860863082
851 309 673631420
653 180 263608867
464 723 30384160
380 315 869363514
138 49 385062490
673 922 649141929
376 459 164708099
560 222 176183220
497 3 914541650
860 523 115139214
93 400 653436520
539 170 214689525
876 547 281629786
343 902 100470693
187 24 191902396
84 187 984857670
207 918 632372184
844 784 697352092
284 355 911366750
6 99 972609646
480 462 174209648
999 636 597066632
484 18 659260127
896 186 737064727
258 972 725835951
397 283 655322096
790 602 401888400
740 560 260147498
679 72 557230634
722 809 167209081
717 684 352587769
339 907 786753739
73 917 194633884
387 370 389489137
731 689 789169098
416 3 636012974
77 782 147699817
440 712 993738353
808 772 583352149
162 2 957456301
862 614 653376653
981 126 197740702
245 752 110744034
134 913 478464388
196 84 915679950
159 78 885298803
350 152 827996273
953 682 239302932
249 294 639986886
197 254 624853100
192 161 953980531
257 86 425521847
357 831 610867013
615 616 742906269
742 929 82147735
485 377 108639444
559 83 138572908
129 125 835345981
385 592 231158
399 266 192336627
566 303 635623557
771 647 215517230
90 965 547675850
29 951 203002183
542 140 208024016
780 965 140047277
13 821 834899979
589 898 246639310
821 674 273741773
991 734 626605977
113 293 2680793
336 933 767707845
607 18 114292070
651 694 944532951
736 628 685713680
524 755 275600108
40 891 41673256
183 885 298804941
824 177 204498073
246 806 965619937
797 206 472533090
399 844 923956593
914 689 311202401
688 365 704345267
863 828 409125059
822 459 515719573
414 544 112136786
1000 167 567237409
101 115 189190207
576 519 430496600
7 4 798221750
309 372 743384700
739 468 680616751
967 15 560424397
834 185 285159435
960 919 424633179
94 189 540042298
66 592 87786607
842 657 938135251
351 634 251034550
459 893 736813475
684 502 286259609
216 609 525992458
658 975 796520789
818 147 345553102
115 551 774228113
684 279 263522384
981 492 824725283
542 846 20354407
728 145 752838224
722 583 165260577
670 983 689392774
588 933 901640856
335 797 753191447
390 631 142315501
89 219 769456904
785 267 748205615
404 422 740701935
11 732 904287692
790 197 152748947
343 582 276188355
609 748 231879950
114 511 501176740
822 293 778939134
351 195 17637580
241 188 393128704
343 824 218995557
933 453 540410234
114 282 810928056
612 833 857336175
910 118 669782829
305 628 748051495
42 62 422025956
546 293 460287752
904 580 688471853
69 171 184641067
652 690 657507876
466 302 739396541
757 841 58023320
345 437 114707355
527 211 124996356
125 393 42487793
396 510 385727459
15 421 471681802
464 255 629563563
783 308 329564601
519 277 131148046
952 472 63699597
535 458 899043895
817 847 495436713
677 641 830933528
923 589 698520665
978 91 90734835
414 233 926324177
793 696 120741405
818 288 364337954
398 511 706395298
292 856 957551535
718 971 617340118
961 861 970891005
948 47 875644804
167 765 177977362
217 117 790581896
445 774 567836224
685 309 224163470
564 78 558050779
897 520 926259704
975 398 869027227
923 25 308152374
727 333 39325431
718 275 394633429
451 135 352159700
549 449 996689686
103 45 985674744
985 897 769899944
873 431 846113877
99 634 322258475
818 771 342493233
855 548 955166829
180 163 480774294
846 665 291012010
801 959 369909875
219 912 22165832
741 753 708349094
600 525 953048876
861 212 882232584
583 943 740069368
823 492 685953496
12 9 189768605
691 870 670700031
776 894 330828867
589 80 423188900
706 234 732462073
131 99 742514062
770 444 768391709
201 593 295051456
810 294 216553461
300 636 197068250
649 819 829937002
244 943 64008472
433 830 115164986
779 161 72119481
173 748 478055052
891 79 610534144
183 596 228548496
516 916 592878899
82 371 742700422
651 287 431514518
221 606 701723888
337 185 81991239
836 67 163901019
603 600 417643350
26 2 69179903
670 668 44887497
977 706 55221480
600 941 454611572
124 578 919890383
50 872 634515699
728 249 214761069
363 116 839994500
893 449 983604871
410 372 491885164
149 671 978415925
885 750 44128919
847 288 329495790
280 964 662693684
171 139 832352940
530 310 318311392
399 186 822423539
236 992 603937880
446 666 571367051
524 775 305298642
43 15 801037664
797 868 160895648
945 608 871330974
342 180 688683307
159 480 10955102
450 402 726483954
3 327 771492575
573 982 94897624
682 568 368592017
315 843 692408884
528 325 493829528
183 537 890756008
617 258 144396253
519 25 881233293
826 269 613663901
757 89 729336572
759 666 781855554
278 259 257208943
587 834 305999673
459 296 615054494
590 96 604090790
835 587 541638088
127 624 456377716
204 712 380171663
774 424 996591815
807 820 70424267
607 492 939653079
668 630 297847974
984 817 51950103
792 516 535760715
623 396 610624741
933 788 785901859
589 608 68085900
75 289 100786562
146 915 724529371
97 306 725847182
799 518 592215682
580 328 192398825
490 703 73265044
474 102 900713504
491 913 221108500
300 606 777280201
356 632 559660605
748 117 353501395
708 362 890506727
937 105 847957444
989 260 726803721
83 53 413388842
562 977 385746295
77 56 443404988
925 496 229742155
253 230 879597482
760 967 434254632
814 137 127885589
669 180 814391528
284 730 424054650
143 348 610963169
15 390 318793942
745 878 663532218
534 365 596529155
840 812 81459516
398 80 71551786
341 567 500130572
210 332 775960246
532 386 482626209
451 122 444391306
843 311 188101070
268 465 665026121
865 425 534112656
704 865 957449992
576 827 14807500
223 256 48802763
917 486 307197670
35 88 455305349
178 834 420652432
273 553 907059735
804 12 297716588
461 1 166729874
860 594 909202531
909 11 48375114
947 476 392661118
859 405 744635778
8 446 153524707
551 205 88200505
142 814 957037834
161 544 61397251
636 567 45971605
455 347 130733880
908 166 474794830
540 496 2156571
214 692 433370279
572 913 182842213
353 811 282126839
890 191 561716518
810 916 991765835
567 465 971281016
60 462 596096347
90 633 662312916
5 714 632741043
880 148 729686445
574 93 757343169
626 954 250812870
10 4 161143225
257 980 189149733
7 297 783804124
910 807 517803998
36 757 816793533
339 126 499916460
967 297 55200248
947 673 283413062
278 141 82194095
670 250 929104308
858 537 309050665
532 731 954776989
897 624 159949523
891 526 984047037
735 167 531502705
378 188 488084841
243 70 900300097
823 308 966193238
398 83 922883566
510 337 791982466
168 822 191332554
884 865 757425873
889 511 507204788
591 520 484691955
349 350 490951958
484 286 70727863
420 727 523786530
538 958 503588916
698 545 981918794
121 990 208856055
833 434 216775603
117 43 462914853
62 201 502294529
199 618 939384243
366 285 678620605
34 6 453974842
872 750 98478379
147 970 957821242
754 368 78658715
508 931 438655990
641 321 72872770
792 339 882185223
562 989 577924124
839 766 890592785
410 511 289677417
284 79 79785880
866 971 816959762
177 719 75545087
424 227 784962789
12 19 327420738
112 362 512438980
570 326 948201440
670 299 918762526
935 711 577160573
174 15 151262462
276 628 374740819
631 52 211842985
696 337 279191439
185 525 667375742
874 320 333519243
191 61 269887394
248 567 683568691
996 779 446695989
525 962 771648342
756 44 193202335
709 996 268533337
283 630 476000793
110 23 771194568
167 573 756499741
668 388 448504523
135 992 286344524
756 315 943519511
259 109 465905852
469 110 224215735
379 716 504405733
746 306 396282826
680 974 907213815
474 832 375053617
610 114 404904845
533 140 277473894
646 183 60110914
834 56 937243151
880 73 763598502
200 684 925536120
399 657 865507421
330 279 780345329
70 371 42138613
549 489 385468385
519 474 616258258
309 37 85343611
918 452 295177366
838 811 615866286
183 180 602511459
147 556 88693575
763 385 776448451
577 410 243956977
409 744 212263904
466 849 429175900
418 641 168564898
743 37 33211392
993 762 28639376
256 444 500741793
494 27 338635251
732 493 121422208
679 619 323655113
200 311 617940272
93 330 570836543
295 129 381152354
56 518 93611094
22 8 933679840
973 899 61621301
718 258 372804009
671 438 164421594
667 92 872960649
48 26 316466054
951 652 386822638
832 128 962530480
900 7 583273915
412 390 967837363
386 192 359547034
470 16 773327847
51 29 587358956
992 30 805110295
177 326 97912021
82 47 588274024
648 300 86959255
120 94 202595669
571 400 520309249
890 532 755804899
265 206 280116048
62 36 458363688
200 851 427521772
449 93 831539079
299 753 491765031
589 141 628595658
401 107 961965783
415 279 292628815
776 735 744355691
427 482 927043890
649 236 54834109
197 86 921774356
584 149 6541703
529 90 739453013
356 208 883006261
647 185 452849267
367 629 97538973
676 579 554215965
937 780 860425645
312 417 169009753
220 964 48316323
390 789 521781485
479 961 817193110
46 378 23577575
31 376 903116740
498 987 968148093
487 165 925454628
387 741 170642044
891 175 4912892
839 725 951596429
437 725 440794302
47 179 733610005
364 591 800968531
269 148 339965083
385 97 877756578
723 480 836276407
373 71 832966051
203 566 763711026
786 543 678407277
244 966 346228755
752 937 198666055
788 439 780393367
922 599 413385676
246 570 430206781
578 979 557122018
999 902 11916603
974 141 500304614
753 361 685812749
866 209 977562727
649 288 280767713
307 576 284111554
75 442 933761041
487 289 510134107
355 152 31307687
651 143 205350629
618 148 396153576
694 23 43204761
708 632 886136897
541 146 785307044
126 955 265546398
162 823 917081070
494 889 49461807
95 107 376778795
787 321 733589879
111 373 450654693
693 744 153863344
71 433 278660834
569 718 889992839
191 745 99817543
490 151 374237940
762 776 272402067
394 825 217602506
38 3 32568380
43 925 795906616
341 725 75879495
980 608 632166014
838 775 470649507
972 772 429158667
686 84 985145644
639 573 110987509
82 29 555470541
325 849 637969201
236 812 653158395
359 919 19514902
845 660 582772818
549 204 637122767
961 860 5259903
121 468 346613991
667 657 976296047
550 412 756757086
42 147 218852206
514 75 570432324
86 3 248257750
161 468 310281896
295 559 677222735
598 1000 328136749
860 658 539945250
127 179 210178905
761 68 597447090
489 921 894142678
151 896 678358918
346 206 743368250
423 904 830105823
481 194 370118057
403 240 215534793
617 98 724683187
365 219 911723703
899 199 831183867
262 512 900536398
654 467 921976644
483 504 819928472
365 471 563379766
124 893 752609918
199 98 891801921
804 428 271542812
59 242 613722713
380 86 308064289
432 410 713960796
38 775 231733349
923 10 89994579
565 289 577271104
819 475 331342838
230 79 832387530
63 254 118456456
824 321 45521256
124 125 891242372
421 876 414233709
790 669 188969868
186 319 537338358
454 522 950431657
188 422 670998761
16 300 11868577
50 859 350866224
477 339 884137709
327 152 462368621
409 597 220484529
133 380 302295807
124 73 40435936
291 178 76057617
815 587 300834829
868 218 937387683
650 146 61406936
603 749 812550718
519 409 744495340
539 766 567849686
564 902 24424907
763 718 175618353
921 843 212993389
472 991 542464458
165 40 789327315
913 317 746522464
909 563 230094424
20 318 393761001
598 23 72557821
841 360 816626609
334 93 806292321
968 367 820354799
162 525 723472779
876 404 347410523
135 650 833632465
368 331 739907042
613 155 667751262
11 10 722335481
711 916 609392300
206 972 97936168
386 179 892143269
794 965 781336266
514 590 629636579
968 352 898937204
768 672 599583304
781 997 191217283
580 429 905867170
373 64 293133286
715 739 823992776
859 71 984599117
733 441 653342787
482 622 696069429
374 255 21785220
291 560 296510111
892 482 755193023
212 289 709084407
91 775 175538639
657 786 484095861
610 23 115163000
394 474 51323126
506 693 434775629
524 210 86433591
300 140 83978533
497 198 869162244
323 58 326769827
560 342 244722829
912 241 909010485
69 901 567486903
123 82 270968134
547 395 461282633
700 595 478653823
227 925 209709997
444 17 805154404
82 819 63109754
398 344 551059964
547 968 187667306
581 759 139241655
352 9 717514522
533 559 385312411
210 54 820185960
247 791 350848208
513 42 147547070
491 187 954587773
467 491 479029363
610 294 898108721
258 898 62972205
44 51 805541237
173 73 127822144
583 777 185457752
890 406 475911737
536 297 376885174
58 198 154357945
592 392 24454896
126 531 574447788
384 379 971073503
135 48 598396364
274 899 44346496
423 575 679783140
438 858 776010549
693 519 247074213
94 285 35794999
940 803 936521521
551 317 409994848
115 160 923023908
747 173 526236751
990 396 70114648
477 358 262389290
611 844 233520899
261 994 507714246
892 538 217678611
472 907 387541553
132 509 518034005
411 282 505931397
665 158 484142965
832 369 206662015
337 148 246341928
839 799 680616622
492 671 708919134
883 147 785377861
985 67 341570592
400 146 444553721
526 563 878569382
992 500 862755120
83 56 882556980
466 271 843825430
403 352 980583707
815 275 622174432
106 44 555359306
351 518 533768014
232 682 31953118
46 613 876724543
39 456 930562253
556 572 321940936
451 281 14943235
903 240 911179440
239 781 237910834
97 470 661241438
838 144 984067253
702 740 390775980
877 976 39019079
375 215 441877055
981 24 384799055
387 258 344347454
47 511 708020156
593 788 119504971
474 754 585843988
274 696 71174419
714 130 163118795
230 728 90187301
961 189 913960964
122 817 715846588
243 288 392602921
363 391 584769857
510 380 988727153
129 782 919558347
855 112 760283425
747 275 553793617
608 598 991476857
954 234 315005236
272 277 372686758
573 43 602536828
815 631 186070703
409 439 162112285
95 50 687070830
235 790 606233676
319 11 191645990
247 771 741912951
571 640 851438902
122 604 106386218
693 221 202790243
230 700 26201766
195 86 867441243
529 726 401622106
384 607 592428342
463 100 955776940
485 979 196678736
581 50 658787891
284 458 268330453
754 696 469524895
838 857 25768687
399 296 922420139
157 849 834025469
441 685 940489834
112 834 382202811
225 284 391608720
938 227 160982778
775 977 815944193
607 287 319555088
313 204 906850757
743 296 543926870
808 123 415477454
844 941 820011816
219 192 472152878
125 179 910196679
232 643 860780721
976 186 181617790
619 517 208823077
29 28 285750692
195 452 985318761
773 510 8097459
114 739 734855305
768 771 650280227
413 385 224915218
809 920 578829809
619 482 32584893
661 504 405902312
641 571 206096107
385 533 651915011
955 906 180060674
455 1000 474824311
93 219 169812522
64 43 830530002
508 486 17806646
240 938 765701693
412 265 591069808
362 347 865139999
714 340 203031457
437 676 569651349
382 576 268619370
612 399 889167734
975 535 92172089
386 962 339183634
384 693 868777298
864 68 824052809
898 661 757425210
313 335 568070212
157 481 375364063
305 545 717108394
614 144 195403365
307 697 684802416
930 530 64219802
767 719 679622761
333 750 638340701
155 31 798770446
832 746 917394664
943 462 976440550
267 113 63973903
406 254 687444854
518 977 158959795
204 62 175671147
38 623 13343516
159 956 889691860
944 494 382063382
166 94 987581023
363 218 914094632
778 526 402776068
479 55 876594515
764 894 512782457
384 747 621729014
934 252 483506015
75 663 303187263
670 752 541926597
797 74 799220150
569 724 725845103
790 378 806767914
977 270 395808446
1 15 725512294
501 364 660734050
738 900 575159184
537 383 728510080
876 376 28483948
228 230 270238654
741 363 355002983
960 323 972494272
507 877 568576944
201 252 331570177
742 716 248809589
501 77 249608569
169 51 877758473
896 95 249137553
972 602 180733061
398 993 179236761
401 996 232130092
775 601 75415794
148 920 214411643
140 785 693815185
540 521 394987724
270 620 282511656
175 308 239315324
985 455 621963897
592 296 4104981
480 389 209520494
837 127 565249865
726 180 931957121
839 773 815415717
251 30 646047136
265 89 798491944
690 562 271961943
359 31 904672252
546 489 236942479
151 105 511984113
258 62 930717150
894 879 833544501
303 970 524007244
528 568 631197034
695 210 727779750
254 57 380412730
427 538 922572716
904 199 776782967
810 89 887074149
454 954 235799598
432 233 952367447
993 765 66162817
568 801 174816812
10 156 75772527
908 916 183001397
395 278 329368555
544 126 950646730
589 213 96002275
42 47 833152031
733 681 209797813
498 830 268383556
527 167 154576841
495 346 184963681
893 258 333703190
383 963 571994488
877 580 935146451
888 418 490974759
672 834 460898422
785 253 547877321
673 764 292585269
289 276 765057339
773 350 697055379
933 154 122011156
95 33 357006875
275 13 890199284
381 215 860701862
913 838 106030318
226 16 251326499
980 441 204664038
317 592 242156923
312 295 109143572
951 450 733192913
176 909 68867911
673 949 205343858
685 576 991962963
306 390 774159307
704 773 134676177
202 40 379261978
605 873 837494832
746 907 759380254
880 205 95614830
453 575 865173349
279 378 171275728
121 58 754946705
29 490 662158935
151 226 82196853
866 345 656247913
397 53 818053451
455 443 403093716
447 9 597024354
666 246 352262356
303 64 640953836
949 182 644900984
579 50 742075022
473 355 91417893
217 59 177226255
509 106 548593495
456 187 614929870
500 844 193746903
915 821 507724047
26 280 226427188
935 559 121977049
396 58 885379803
873 385 205885611
410 773 544119331
567 570 879691314
181 159 37838417
22 273 634781350
863 39 321422524
252 802 358119536
520 372 107371405
589 83 816102163
960 787 442541723
289 194 37479203
923 272 66288901
867 318 995395608
261 317 894611646
871 398 633249783
936 603 366280881
27 146 840164352
476 889 314899661
442 930 204073834
68 55 825181132
269 206 120568785
317 176 426550338
560 561 650186715
124 790 218600479
981 499 632476257
723 451 540303034
296 111 929211463
399 347 682354949
912 512 81226135
334 299 664325663
584 247 267965320
188 747 619267886
382 839 593847673
100 350 319462842
684 48 629765600
692 438 799544694
341 57 510421022
552 587 139958416
685 409 689185359
897 763 863722619
578 303 222723077
149 271 126438004
833 332 792577510
89 595 926854690
716 990 657062553
274 548 699017106
668 187 957366985
183 170 499600248
772 905 314848753
609 411 411580092
908 995 550305162
852 568 378681175
668 643 222032609
65 670 417286460
134 3 34651020
330 49 365511965
239 109 255277783
249 48 244617759
185 520 25023995
442 195 51886643
129 298 808727953
63 918 145598655
920 42 113271958
272 832 375332346
882 634 292307041
174 813 530322213
84 561 971040198
373 89 738573356
962 908 824387146
59 595 792188520
859 483 728446995
995 781 352183830
61 20 231888711
778 959 122898985
486 200 433252299
342 216 342737371
661 196 538720511
592 101 609726732
763 268 328972515
237 842 870481574
48 923 220557061
71 692 593520840
790 243 576518343
600 438 995290943
676 201 842040140
412 332 204969007
110 136 27765696
683 99 696394002
296 229 329406583
509 776 83494798
978 602 667618416
457 995 905943350
48 7 348980608
582 736 111589656
934 321 731915998
151 607 251206244
475 144 53303045
455 252 751639927
362 115 363631332
153 138 450261107
556 990 904294954
866 746 817851203
205 749 167647902
204 757 198952779
377 260 652210780
748 940 58865064
430 355 185111553
957 622 369274676
794 370 250853241
21 332 773365722
97 558 328184536
579 725 213345597
621 34 413005181
595 469 253372355
506 674 839489593
423 88 463430270
602 566 706787796
125 26 51569527
571 878 51061888
700 682 685984573
776 108 85748663
852 517 101696591
463 33 54131162
287 171 723395723
853 306 769300489
945 590 818286465
74 118 528270401
225 931 299177458
98 480 632307827
140 397 340061462
485 951 155940675
329 133 925073633
228 130 423610243
50 597 499342443
711 204 405798896
934 866 309476323
239 77 51570480
630 929 678747406
74 15 275823070
952 177 279508775
427 513 386213908
87 807 877422849
973 351 265740458
171 26 653286710
13 344 788884130
289 371 340189464
158 302 873400217
154 552 63540291
901 141 614297095
454 655 699348725
423 742 442241663
832 843 350886285
355 878 833951682
305 119 791278218
907 702 834929342
187 79 542105449
304 899 86024721
39 20 379398095
636 268 689867032
421 337 337574072
714 64 192144482
837 975 580539113
331 178 588120105
840 659 429936603
200 68 52621255
906 679 711307519
699 162 684659322
343 596 634328969
334 723 760820369
715 317 513797336
218 865 276611296
296 275 10055256
255 83 600894609
541 493 774882563
880 938 782301461
599 144 464577516
582 689 454309570
441 561 973689816
731 872 318059291
448 246 664074578
11 88 845152656
976 620 696919849
962 955 489536957
347 43 131174440
668 370 290219337
294 39 718264318
497 952 827474993
606 890 4708030
683 105 111276973
648 792 830846558
861 714 465644671
775 600 273188040
187 572 571702293
62 587 889014564
911 740 472065716
434 925 629370536
927 477 467482027
690 145 885518219
303 541 989807217
706 347 614507091
427 410 399258397
507 726 412556163
101 97 71068804
877 212 884104183
147 129 821345232
699 813 562910855
648 184 452030229
521 751 567893807
935 806 897607735
56 776 410439830
712 496 555131981
744 224 865953935
662 547 956713104
993 679 973792829
971 289 215321561
948 925 23585877
427 639 799472529
764 113 593999608
871 810 365665364
744 4 636551706
742 671 496277937
305 705 678647216
95 2 94944590
71 432 122368984
609 245 973155045
452 646 672237336
616 108 502662931
133 115 586159847
529 986 346594944
996 858 15538275
542 257 922150766
709 243 432149281
496 50 598756119
427 32 223468434
290 109 969874581
382 209 452672981
846 741 946375830
531 259 965307067
439 675 969500364
920 42 678081550
882 207 903688515
291 164 50054145
394 17 881116529
961 20 597400463
307 134 938692233
924 357 261306788
143 833 449281866
869 260 137465929
921 908 115544475
963 384 519887250
90 1 341435336
246 540 852142383
474 392 646561881
165 82 559464258
614 221 596916581
975 513 1370044
488 616 647628613
859 553 806316021
224 434 554602939
294 71 221284045
922 37 696348903
147 332 369852693
240 391 688410152
770 83 751345449
145 194 116851706
71 851 938609918
890 965 78029704
802 48 108100667
674 400 581207240
266 71 736274323
700 552 494108775
261 687 154879458
997 153 253050708
641 403 557656478
321 801 676525119
944 409 835882641
723 300 520875293
166 308 660737337
292 287 131866930
414 377 239786978
988 808 411840853
419 919 829829838
364 534 625029905
725 286 358136258
630 443 436794935
876 494 269398141
577 306 373939167
428 482 752228073
209 976 81439886
254 203 997493888
767 702 333559564
126 198 332763388
520 500 705783912
292 869 992314567
944 118 68912750
322 137 788528479
39 120 126549220
360 771 224972767
809 101 958562868
962 256 507255141
66 685 488269190
39 235 550487348
137 131 512989182
580 135 977218217
423 927 375281905
920 255 341293772
167 60 114434659
371 176 991037124
941 710 239932282
7 48 863090427
989 402 745274989
268 796 288929192
193 477 614379400
304 992 739847296
624 629 544406495
601 144 793115367
407 439 273013835
2 1 258079150
79 249 669776305
900 8 338570937
169 911 597679352
726 793 179415315
698 144 993699251
862 68 189642998
499 823 697043099
60 541 433204629
221 49 416317342
436 709 789372403
94 817 724301144
849 649 178088784
393 170 942559064
897 435 728642817
932 284 109807449
521 142 17302665
872 734 107145425
341 179 565751785
780 912 429958525
649 473 763555568
170 41 655537283
244 656 648916764
785 387 126971519
642 45 700966288
884 99 295867012
144 821 229918227
184 545 601455617
140 55 882263466
374 969 870251537
414 515 263539036
38 748 408271777
290 196 440357271
312 147 997368274
666 695 59416106
483 157 687573816
162 798 940864495
934 515 194971928
257 639 720950407
990 201 405483634
424 876 85507820
596 680 488540859
817 664 964179717
375 710 148180149
846 918 976002839
609 399 841786385
797 660 81461839
450 406 244969531
507 319 936573233
147 388 332253524
276 355 544751932
486 734 938870852
107 112 122951344
280 581 58167482
627 923 11344856
717 61 694997898
542 935 609765961
975 738 675010492
157 679 761953311
434 907 598240873
582 652 128437842
958 231 479067319
236 979 561791168
368 965 271174789
241 924 270563652
391 531 49157177
751 45 9562339
372 830 786649301
243 638 406074993
983 456 771405263
920 423 529026786
220 576 968078953
814 167 599610881
325 146 831790080
415 200 409009218
87 184 307505101
513 863 518925993
2 632 862724987
974 17 243038882
348 572 92306142
21 116 626076560
444 10 615574683
737 656 122699515
993 386 190070639
911 844 929636350
721 138 159560363
717 349 864906128
535 676 531487055
680 355 124177210
105 26 251072814
201 556 450682376
391 407 782635815
235 222 238763747
926 350 686144360
816 41 985514258
517 144 999864970
665 351 190364996
420 543 194046553
647 178 592150904
174 129 733221433
329 194 734255279
173 787 149226846
707 173 490312688
470 863 405602277
763 118 591669390
973 85 472625305
486 639 371280708
822 486 505668748
749 270 871684172
614 311 588749040
473 646 152815826
899 217 146311535
712 388 339473281
340 623 517627408
108 5 674923528
456 286 859501601
347 302 869973149
717 876 892147237
828 366 46189898
943 934 144479438
599 977 311362928
430 308 552349437
839 812 991394909
669 348 510818877
556 345 377835510
236 27 354048308
796 653 295016075
698 208 747037901
974 869 944636130
564 268 186206986
509 376 576086592
678 249 460112630
547 443 708692926
39 65 408980877
73 997 569415463
447 347 392308753
603 528 83811904
686 843 863870570
205 834 879137074
309 766 139887593
849 470 780701333
715 37 711978767
446 829 345042378
354 601 599736660
471 626 854113970
632 287 956009966
384 327 937165572
629 87 88776143
318 519 182357667
1 473 25462094
585 921 968426302
174 576 214594993
56 525 170151273
239 777 126486014
333 906 288342918
537 644 781200427
129 221 823851057
338 423 941447446
769 85 339136184
69 110 766258238
427 171 981809072
791 934 469187272
59 673 578795610
968 775 543673049
801 460 156469857
808 130 312142479
569 469 205102687
4 994 100067557
586 273 377147133
158 97 325971738
896 616 487581978
308 856 94342487
658 483 136698889
899 461 490488624
925 504 57751539
752 110 77151740
276 609 23698520
690 208 202014079
204 852 578161083
55 30 105892616
904 701 906539715
579 908 220238699
661 909 259586638
152 601 898617009
359 607 853202020
395 263 910033025
272 977 927358485
344 768 108515917
697 188 556556437
982 307 960601383
893 640 870453694
976 765 636641487
562 760 655249289
407 302 542421721
181 817 370159623
3 955 65682173
448 446 96046653
290 246 697875159
604 616 301956567
145 525 422069312
2 516 988820080
606 814 535559349
768 537 785109925
423 454 97760506
935 906 349794214
726 104 961790141
785 324 16901206
500 714 680984557
252 203 259334758
339 271 207961665
19 932 158438905
481 517 463706953
933 976 428580820
889 830 742316708
859 353 279194114
174 553 794850234
430 714 352988744
565 961 128909081
125 31 208942928
955 954 711859727
557 8 903355097
78 139 988050675
229 886 372804823
99 93 903721148
607 910 205854246
345 103 842395549
932 545 348077845
13 6 929983133
499 461 18122487
758 185 664818480
811 721 190831053
212 470 687540475
732 611 893138297
893 644 135025664
180 922 563768716
746 215 443015771
499 166 856850384
896 503 944499107
612 555 767335310
989 35 505529626
838 293 714799770
942 224 389004964
864 336 787010510
991 442 150643368
490 398 230457227
433 242 41173033
205 160 893880798
145 939 920959313
29 36 791065780
206 88 196840598
186 172 981214509
307 447 235719093
956 54 285656967
988 632 243979673
629 473 263483354
562 646 819631964
711 478 541823861
766 24 359461457
731 323 868043277
807 763 582927331
454 163 820144281
398 42 407639036
72 946 88613497
779 373 221363370
475 86 125424349
27 25 854847767
494 335 692958653
586 345 466375995
89 243 967936041
226 145 125125121
795 376 373727326
604 45 173463456
456 773 141061571
871 552 115279779
692 141 438646370
4 908 570459034
989 663 983436904
381 134 182027383
930 630 710321370
811 144 760241733
469 925 79529408
357 475 194601630
774 492 782179019
656 157 582414404
61 525 847057147
233 738 581995684
776 711 275352512
816 17 629978896
870 378 815178343
74 629 294816962
68 120 577898289
811 340 656408937
647 565 78203044
908 234 536272946
745 333 584093583
957 602 827962808
112 155 979232209
636 361 376963133
637 965 65204751
211 134 495832631
854 340 192051696
23 22 178540302
242 628 702266572
522 765 331102603
798 706 525203228
91 77 638699783
478 10 78832741
548 984 872135122
920 936 705683679
629 102 524532969
204 16 4712546
804 986 344047906
826 442 545821529
558 95 165722224
600 930 192292843
185 110 178873844
442 672 211883424
449 911 505289554
996 831 650085904
796 466 355658798
210 354 160311927
714 244 352100522
953 106 380759246
906 832 301672233
920 916 809421226
477 995 998426816
847 747 523270614
523 414 954345082
623 717 171610179
511 291 351685873
974 171 513084828
201 65 929238348
884 918 512704277
97 28 88719282
496 76 672254797
746 753 460358049
453 824 735685915
328 237 160915177
772 450 123680372
458 147 694692592
382 924 631712514
708 564 191043051
741 197 829059847
331 223 643274425
93 104 899421926
721 979 76540887
968 180 739281950
156 250 943747071
939 544 781419819
870 537 92266774
190 114 891727074
835 684 188031540
533 228 572807510
440 33 991694699
599 904 889083915
36 18 351269929
929 857 968721677
203 72 746755832
577 448 771544486
218 21 497186389
768 240 183332209
519 653 509471981
481 52 1671435
609 723 366453744
865 38 27044643
283 788 347679055
956 989 978669382
599 495 738060226
956 654 66851027
471 446 746067373
648 85 230857550
734 192 195929494
585 550 230942204
651 284 541489180
601 262 504504134
384 425 26422477
261 512 562327246
372 880 147643741
970 490 238740374
612 778 71668693
564 395 151591498
868 558 143131983
820 440 946322967
578 891 952088386
314 645 119000656
258 660 421308812
320 638 875002524
472 316 831154147
865 109 679152407
420 201 381286772
499 847 465995785
946 263 871099775
729 677 609491847
157 865 238258020
570 464 474204049
346 303 584724696
844 196 71467281
779 878 850084266
861 658 837688297
176 977 53854
101 11 990414514
776 119 446661783
32 177 20457941
107 43 904737193
175 120 61062052
430 107 541623222
878 676 992518604
24 114 867651738
260 578 398429549
62 389 474404538
904 298 444472830
643 921 316125774
532 467 916358372
732 240 981158910
758 555 602484129
886 559 551850667
640 271 659647551
104 883 841928455
441 105 482800799
535 277 299908362
190 568 727270180
744 204 48741166
793 774 987493083
902 759 379046552
162 979 302421848
278 160 422862286
860 236 479347908
952 676 798803042
106 39 7477758
69 199 99837396
29 443 128815306
898 692 754326055
249 875 104352899
374 357 277780615
721 733 493743005
328 212 940839395
399 397 372477063
791 387 405201512
454 465 13589377
384 973 17607979
698 335 35723853
375 742 934500610
80 600 738653243
731 624 147702814
399 184 413066950
120 100 648793048
791 998 573805108
552 914 240721111
467 701 250896458
179 18 678444352
853 651 271194362
202 91 268830765
354 10 569047180
708 818 802446615
113 242 591012628
547 497 228839895
220 418 577744991
561 370 135593182
902 907 236003241
419 111 709172060
609 554 511242195
794 28 87301702
221 214 630896594
795 581 342437644
959 334 320516628
112 17 935340324
426 64 871061006
259 599 467099144
651 949 551407614
657 311 289861647
31 64 833981714
39 259 674927590
763 620 378605658
249 727 324987061
27 182 744429521
817 123 386781866
673 492 581228813
790 377 706406494
908 135 444394529
443 926 991327828
410 853 237137184
412 76 397040529
151 202 277196854
817 622 667972824
454 901 164581441
149 692 381166119
335 54 824585596
552 362 9713863
842 526 263182831
83 213 645002424
712 931 77937690
640 442 288097269
185 172 370177591
108 974 294230020
185 955 180637449
438 740 355739736
648 178 558105224
746 699 31182661
57 665 359772539
645 415 403046918
471 705 763236902
258 947 131010666
21 365 56152229
671 505 439747423
380 16 235455781
374 949 477999658
424 201 101586225
962 835 673779595
501 504 755234596
604 706 294925342
486 896 462485739
71 430 412843840
39 390 879761178
461 402 599234077
296 653 659577784
154 1 963709917
831 46 383490083
551 722 666468412
880 178 95328231
260 117 800689062
441 672 309515653
728 720 276978312
715 270 561980698
363 276 620399866
498 70 431914062
869 358 455574146
595 73 723003480
70 477 787329323
606 765 234696685
814 975 332853593
823 956 438833373
309 345 297642385
593 6 297896043
942 23 790379134
744 750 57758540
328 974 11460683
161 361 787530816
369 759 880204366
1000 283 30651132
483 593 667981444
179 818 436548576
121 527 199898508
558 898 649179810
585 638 193506120
956 701 28229183
761 379 354162866
41 689 431482044
165 959 711851022
282 228 147090621
462 653 80403651
54 21 173860301
514 680 354064980
332 770 777363273
622 461 732609803
327 50 965101427
81 535 101641309
756 799 154685119
538 672 891627553
496 953 473477567
345 490 13553218
654 717 425763941
479 642 3701432
809 495 861755582
713 182 374707549
127 575 929645351
259 900 748307511
621 58 168502202
742 38 837054335
273 235 832991328
363 128 419863436
903 728 249856819
813 601 221660470
832 22 470712034
790 501 659261070
212 284 740219491
462 567 129148249
133 396 806561064
300 906 362778320
601 54 890744466
9 219 859168139
809 751 557763760
342 929 31536719
867 41 737351377
319 618 132946201
672 369 785572676
407 195 607810402
90 706 526068474
6 962 106031771
702 886 29959695
132 645 928010431
44 28 482203521
242 158 221711281
307 779 982170203
989 341 454673569
141 272 228281090
648 666 920843637
882 409 317562043
760 718 550482098
63 135 8280372
648 108 497730697
11 60 953602687
782 777 357173352
497 476 272205429
655 352 709654557
25 427 729906459
160 736 919882319
121 693 977578157
722 191 220239107
693 332 516644862
988 839 336491728
672 660 976496654
493 429 860740592
726 687 898545639
156 446 481702018
232 11 270092161
703 275 221767275
467 268 574179915
51 12 896033938
130 759 251571642
166 290 202053416
821 565 389637754
950 390 403294428
690 579 145602301
828 54 619735035
52 51 714247147
323 161 62606636
105 37 43836800
27 64 753801234
82 642 48626546
605 576 42579701
559 732 573360531
961 818 737256403
744 234 580971248
988 893 329664516
946 17 378708519
278 883 36366176
767 100 164743610
149 747 817747283
377 550 479235896
39 905 240738247
168 537 787972484
762 476 597773994
74 308 172499459
777 985 733313971
84 159 736106109
409 76 261973683
974 11 491978236
906 213 344376499
924 19 517029213
260 90 561583297
613 915 534448897
322 804 112794574
960 602 720652248
160 525 896755730
193 395 798857347
949 337 628662047
932 586 343863256
534 964 808283133
486 287 944052092
853 760 722420631
739 355 274790111
652 830 516925011
518 597 163955842
195 582 480624438
645 225 672863153
102 886 305274785
647 206 79330734
634 175 657114342
800 749 810659943
259 325 674971209
52 813 987610056
449 348 667650070
858 35 95899392
623 125 446174216
534 269 514815458
895 182 615534748
755 685 288313752
914 581 459140560
132 72 406143396
658 559 833058694
627 338 987426982
50 158 760775935
732 535 577457453
235 404 157521885
80 69 70193826
386 980 157746139
27 739 421114597
780 754 230230199
983 1 846574572
411 275 586331615
909 349 654153256
140 124 911348695
981 157 357541985
438 384 858725957
62 544 607645621
261 344 690135070
393 165 626517474
80 402 65080607
280 483 706802406
18 612 320238334
617 272 232435775
495 540 349250401
611 45 738439014
605 388 412891568
252 14 335643453
623 773 992917749
488 241 13409758
105 708 689872769
190 40 802061935
149 280 121360380
504 800 735354276
72 159 207004939
680 813 652272829
879 21 548111151
973 619 457850872
63 967 679214059
762 95 915081373
806 390 586984710
34 64 318383115
292 318 43652570
288 440 387918835
641 274 450117211
726 301 320050125
685 781 852941924
536 123 199527490
919 458 387176416
680 408 118045226
564 819 682537020
63 808 441171675
474 666 325806094
37 899 600133853
957 867 131090395
778 771 82267104
315 387 27277861
341 781 935447385
292 31 778173144
355 527 242523787
492 629 30107487
763 728 854465590
62 269 685634206
681 576 565262258
900 405 878723678
582 415 181172508
905 606 120247214
273 795 615604244
829 398 707095000
338 347 342306648
190 509 904160446
284 329 897225940
654 201 203092634
580 857 899088739
151 829 996686447
500 289 271300175
69 934 153992810
701 217 768071968
918 658 59658667
501 451 721374706
395 390 795969144
822 823 932791398
317 425 907376597
615 401 400601741
503 410 341895554
48 401 936379151
990 363 784930440
816 457 381630270
792 346 78238144
325 686 915677640
288 206 717937828
791 421 781570543
619 459 559664
725 405 110815994
556 975 566744765
688 267 164612662
206 965 964644249
31 222 617525656
858 335 359568094
261 160 696315692
340 768 446111870
931 607 899252374
150 666 675315049
495 910 965951231
504 948 577371603
340 204 483343333
634 535 790042842
714 39 469603881
716 855 22950175
392 263 870070465
285 359 309544849
494 770 329433794
893 400 651770553
66 281 830887678
118 940 954052424
356 327 325546758
707 981 65619382
727 443 850637318
841 877 227466622
30 24 612231367
948 556 156130581
157 126 166491381
593 617 335476310
167 109 200370941
636 997 755913922
150 43 402642886
524 451 89502404
105 324 930156974
577 64 210871191
390 523 615361144
923 54 717811681
196 166 722789719
159 573 960173041
789 79 604073240
989 625 270656415
282 359 726772887
597 3 201344604
894 518 442433862
828 969 892772046
192 171 779492304
23 17 190716818
213 66 947242354
693 198 575564537
958 71 366025536
399 119 662358489
596 808 782110032
119 949 318383752
591 527 612811158
705 164 867577103
539 804 43236618
215 789 906055416
978 433 13696449
44 933 362410818
878 452 525443142
345 274 905582098
787 575 449663876
119 73 647330955
844 753 140431863
375 299 245402465
673 371 512505580
58 30 483139135
93 961 270066723
552 194 764009955
128 618 632592419
50 24 925252669
175 265 199163534
638 464 476659201
996 639 821517288
531 744 948376950
514 935 74579966
288 207 392512708
188 772 710537757
110 965 635912989
560 207 467665421
852 54 775235374
554 873 326914328
930 843 433893941
827 206 119407457
831 750 276456822
397 855 843911916
705 97 10022486
652 891 947848916
377 841 366960992
818 266 430557228
489 692 290111237
1000 710 252614722
15 1 106773360
598 131 262515637
998 287 244224621
797 530 827951586
955 44 937659385
934 62 347912388
672 221 172475874
854 81 403307182
689 340 355048260
792 849 243568901
948 205 705795876
653 182 319706690
203 792 643879237
69 48 147269173
305 92 774873416
324 146 33264838
644 742 814938130
14 7 437250522
415 246 709315157
15 788 536623654
917 199 981520337
734 615 697775529
308 30 3284477
736 209 246508210
322 855 80434568
185 134 286386574
631 332 710870041
774 398 777407532
85 4 567333837
651 812 880769809
31 14 842803100
497 997 396844946
552 170 908987
227 220 342610857
65 62 362930123
196 596 796525954
926 6 739217739
343 342 711812194
371 603 696700040
581 904 103416086
956 616 941272220
957 8 701515051
263 18 124886761
28 422 402731325
168 87 415894663
920 79 99792793
66 54 954457661
754 383 689921158
941 980 169430604
428 737 923031642
88 57 869503490
482 863 587136221
506 785 389105424
241 235 77256268
479 924 219134016
125 555 718312414
769 638 413744934
539 564 92908187
616 238 898373610
91 679 543309633
896 884 819045645
586 692 430058874
384 210 876743276
49 31 355364864
472 443 248510529
592 597 230057027
296 180 957396533
841 604 921283017
536 368 411068586
620 177 714397322
145 60 895662208
606 890 842314355
572 287 880425822
177 82 567402586
963 199 898534910
376 234 894870263
229 806 399927542
122 120 718501120
941 537 976932483
170 965 11729607
502 222 858301854
886 97 398066734
297 56 285789787
848 779 613032877
150 565 116731571
850 715 108249747
460 130 581439128
691 968 829469298
610 577 5205702
176 83 109697996
343 127 823868474
886 26 159214854
331 987 51994938
841 677 269595541
40 2 181742217
237 675 618078588
587 447 2240295
8 398 434964460
252 393 27714925
96 283 583174792
660 760 854729932
937 931 708367563
759 230 20134136
381 749 661117557
647 270 356325242
597 307 856632103
859 32 198697164
199 214 547285307
846 989 615523253
372 736 546427629
455 172 121954352
660 246 780149085
115 320 930883170
736 373 393071580
625 434 248509704
419 335 104154022
318 855 470961140
4 413 759861058
672 355 800700514
965 842 106828937
777 972 835812116
770 131 848516652
76 931 902240866
976 835 344286483
126 520 859004211
717 34 985182860
204 894 410413920
7 140 526463977
342 611 530786546
373 851 943281206
214 80 286839501
369 268 486884090
94 727 645085671
137 730 322695811
389 643 316807880
625 98 442841934
220 19 797663509
26 606 82377370
686 611 720497120
955 258 927644054
563 674 221002083
738 582 879991959
233 147 92644827
699 503 463758616
687 663 956100895
621 405 933259060
178 933 953139972
904 156 211670244
502 471 551544424
502 235 780857841
663 845 297345859
908 352 709753462
254 721 133603264
608 533 495382916
232 619 980895664
291 746 134037746
59 721 298733980
719 726 499023757
232 114 981490820
971 590 1806814
6 3 632511377
383 178 41897560
881 96 494794636
70 36 600418683
895 996 245224502
615 660 646711398
709 472 299581589
539 319 864163031
666 482 121143062
445 299 20120743
417 624 473701311
750 120 407631383
968 595 414853771
834 241 783481815
732 439 490975897
378 473 51017472
372 266 721870071
229 609 545478913
165 299 687462345
351 91 755711310
825 136 613354088
755 610 925479495
754 297 421304265
441 931 671580977
58 709 648323450
849 92 307830378
831 261 121576041
193 14 381727555
575 318 963862702
507 622 684816647
862 188 930673821
650 908 292018000
660 324 783605279
155 315 440278092
18 13 792397591
906 691 865607533
496 173 564264550
959 512 650073807
527 508 239467454
424 874 830411285
336 18 452781551
535 446 483777388
302 298 105968568
814 177 465880728
364 493 887782272
207 476 305944869
259 878 199258751
198 648 507053736
604 962 642595583
137 498 918275449
985 137 841343929
551 697 798462248
725 546 729259649
931 704 248452805
268 546 683137352
302 746 69545973
353 272 108475621
321 137 643335507
372 35 274223513
336 202 221204567
229 210 594078277
505 673 344695077
107 687 781945067
807 704 660455318
462 373 387753883
863 54 692174677
411 509 126815058
197 687 558015749
4 3 825218443
728 756 103270734
343 15 988570471
563 380 102817963
668 619 657357097
505 315 281626780
390 815 429103084
452 795 167170034
650 431 878718905
537 96 112026034
527 626 223301467
369 918 217214472
806 960 319501206
243 703 519266869
523 285 643175393
591 976 74403197
149 516 264250516
114 218 927645226
876 144 505782854
418 306 390102434
173 932 962625281
11 397 675222594
298 35 208058433
291 263 288953907
160 188 511530330
70 481 525557844
257 94 727704401
865 76 885131822
233 703 679932896
22 559 880067785
968 751 841123430
845 646 55469072
335 839 487659743
759 365 604569954
818 112 45562527
8 962 777298235
210 65 617572158
850 179 424933394
450 851 462160123
276 213 827882626
569 464 227928832
102 95 431569399
374 308 326462577
316 445 38041918
657 974 480637044
56 34 923929708
214 891 331657563
641 361 227330503
186 976 315371342
895 326 617785587
819 473 205341872
712 363 731222947
96 888 156385624
76 28 947855994
876 587 840435666
247 106 427347436
152 753 806108487
535 485 838597120
848 483 381239648
651 861 290626248
875 808 669091892
706 219 865914704
819 309 377369668
610 310 761526013
561 499 133687203
274 203 311978849
806 871 78447759
9 119 120892563
536 202 506590464
902 617 751831723
486 501 300659406
889 193 829050546
653 943 292049036
424 434 460838374
831 15 647545903
244 483 899719571
791 747 990651709
192 786 825097604
86 921 467019788
374 901 574567549
677 468 355494653
808 820 46180725
975 50 529257618
493 946 520031872
128 226 575549224
312 238 981456816
246 481 939183743
890 660 544609629
188 89 20806432
490 438 211145740
983 119 104565506
324 13 717358798
261 672 545324867
218 789 706199926
665 505 319716122
760 561 739841352
829 103 944325370
559 113 984321423
930 411 231526140
837 416 543717717
936 72 72190054
786 483 140681313
891 671 224816838
991 338 937857120
920 774 688141429
696 394 437297942
376 796 950622963
654 421 226006053
258 154 970536103
866 765 571179042
341 448 29533052
423 176 427416667
532 362 399639411
505 488 516129787
386 725 553496888
334 859 104010685
689 51 599993918
940 325 863538854
777 205 131527571
700 703 650557093
275 273 607750072
192 100 172853353
66 409 249780254
534 156 457218811
369 349 494288689
802 784 572137348
136 71 290861471
813 458 849135067
503 5 848323174
116 347 640426416
320 303 531838080
966 679 372601391
504 67 462273848
627 629 500781830
258 620 55730009
644 745 292096458
926 240 244670358
325 495 850081528
832 133 445667314
947 406 814707161
102 671 203285650
937 614 370261505
910 394 762664859
268 8 458279223
630 990 359215342
371 374 341112589
333 524 845527594
754 891 91768583
816 109 736727608
232 253 849972314
433 480 656015170
264 614 865256597
508 181 994057207
616 534 832326941
715 436 227242512
889 755 922586685
507 884 557969835
729 335 234243215
763 546 155513923
172 680 827734679
93 309 312506178
265 918 696678707
662 538 504822479
938 889 691144196
587 582 652335154
161 27 871532104
292 143 949973185
522 793 583554925
897 365 177988598
228 113 696389291
304 143 662401607
927 716 213148635
121 288 669603902
296 668 656689609
929 933 300392767
624 552 254277752
501 27 444084486
724 285 138281074
396 393 417530108
237 889 540605795
425 49 516322807
278 657 515149993
368 938 853755489
291 490 899361235
766 310 757723502
162 535 473830787
606 556 731425669
464 229 185327823
13 499 698116483
30 770 318617321
73 709 282762610
206 451 550336642
151 48 662663111
209 594 745356734
440 252 206310962
907 852 597598717
134 62 275599699
918 497 400883617
183 818 617470244
169 485 145722606
951 340 156614509
59 668 623782557
625 8 171645271
872 294 366668244
533 84 305361521
524 695 178894875
754 440 306290102
460 546 629233900
353 116 132726613
689 596 304789027
954 450 169711798
5 31 495927541
789 409 217388040
615 693 737993326
767 403 685959555
39 798 22863864
96 89 942052391
759 908 340261021
437 270 858641600
762 531 129371618
476 216 987207031
136 213 841655692
442 72 47361325
477 272 381177499
909 158 30738249
746 510 217055298
598 773 455309389
733 804 110093218
22 165 39275055
689 997 818479097
419 806 475519493
755 303 191536035
228 346 588152964
211 411 372078406
481 985 283051172
864 207 592314348
338 229 168597608
744 59 214389383
161 366 6360825
111 269 620611416
63 872 502988960
497 394 142171510
207 161 403387582
701 565 175864892
369 192 452023602
695 307 561792057
1 170 395878848
684 712 371286115
378 976 39628704
462 397 124588200
34 106 617557082
931 17 132828603
344 437 572172287
278 706 215487200
279 135 648292519
363 579 192997624
554 134 356068352
63 439 276480084
200 792 336970258
377 265 81922475
868 180 929214996
465 374 337574080
228 23 92403375
279 786 426317292
498 417 125397304
673 899 52957297
841 786 621964391
981 341 1640356
880 375 236279584
787 545 7355497
21 55 377109491
654 633 241081928
346 680 958706169
43 575 337683417
289 872 61774557
868 327 5887536
282 471 758366962
156 1 183808680
581 507 959205708
589 498 943337830
648 399 166088575
10 402 267393895
564 340 64260261
606 456 367729840
2 991 456089631
716 91 688908963
647 504 372322661
307 21 487897138
669 915 765968103
876 507 991631883
775 723 637433754
89 47 278676605
641 9 695657372
399 212 75767377
135 234 226096972
87 85 293953123
408 383 686211213
479 550 451120662
905 168 580604101
100 899 957651854
445 863 934974886
348 82 55223182
47 818 842078555
95 477 435599543
866 656 870804766
583 334 346941859
169 72 920505648
943 922 901165158
255 65 576614090
466 403 12038211
944 553 181702566
432 261 498125651
487 580 67631809
537 337 351187264
318 403 666236109
619 38 726161375
380 928 710470464
293 10 696050726
961 52 58785048
384 915 159415425
841 746 525502103
865 72 435108412
55 448 248798666
120 328 44286442
616 986 571045067
881 168 690323317
942 741 341318638
76 248 862385578
888 718 935929679
782 250 922861188
718 656 497269993
651 139 84900557
993 725 688606362
556 544 547314435
870 487 232780604
680 441 883292460
526 791 972632538
804 422 703950416
24 955 865489754
157 557 622431466
311 237 288282129
923 263 554462891
897 487 608393957
883 472 601366019
621 714 278283619
67 130 771788207
764 434 182320024
368 745 787708373
908 636 423945901
876 255 52233173
678 244 827762702
47 339 130022839
52 749 693620483
584 714 52421240
915 172 745382623
76 268 213791374
551 272 285036831
656 222 431970718
313 778 829773028
380 442 564076165
831 75 914835648
239 896 363211943
13 9 784571441
915 187 584424904
860 625 784596301
727 150 847779109
192 961 113134692
339 49 823222784
42 105 877274723
484 236 185350719
986 814 318443017
988 169 828102205
966 322 439647984
770 149 168104065
820 784 735421725
556 531 73196120
283 262 513956619
762 658 318243429
948 583 994408351
930 436 964382203
835 501 809637791
516 860 437900890
422 475 576861776
108 364 748083227
898 335 831143940
315 120 218626179
490 428 833048661
353 557 873950345
836 125 589804567
945 225 41016042
245 88 834810447
372 843 432984480
397 58 514738969
77 233 781169784
700 688 981378181
719 298 721671724
287 218 539205989
306 116 206174577
884 512 432975174
500 288 767931637
50 572 521440033
173 183 93362098
82 633 860559334
346 977 654480891
579 673 709215502
952 926 496035815
255 965 684095449
998 339 542353964
992 110 924556899
668 319 966193992
978 450 644039375
817 707 289676356
491 156 84507854
238 156 1440610
89 842 160806773
452 142 512232885
702 243 811012549
627 87 599534874
808 443 169108931
439 91 179400405
474 539 912113464
484 325 126942307
506 861 810958426
868 805 516296878
902 318 956588684
236 161 833414336
146 9 97634194
496 421 401558715
944 838 511508652
886 239 72477042
699 298 126167462
341 406 739091867
866 694 925061652
326 309 61082586
318 151 327691102
324 491 959816680
875 619 184934929
287 599 38426264
90 694 154130639
177 43 462916587
441 255 552523267
146 885 867838083
898 580 635575074
499 721 569896530
224 762 252219228
693 496 446068819
820 538 918033086
94 840 461065149
954 633 984131984
467 705 292426156
45 19 822582366
592 297 296693735
911 729 649969662
231 963 272391264
310 504 187639636
982 65 266198275
651 26 400682053
504 407 131069990
691 373 674342272
861 376 171246555
328 895 488989153
114 739 417733012
682 454 149893112
374 475 89493423
38 178 773924891
486 212 281607028
184 250 598669561
946 66 62077061
987 192 884892614
1 953 448571581
276 139 381703234
297 225 660061155
902 73 840087346
265 467 428654063
823 81 567206719
246 191 655954712
989 506 978272252
785 624 820733143
911 295 466378795
836 21 193286178
205 142 405849626
316 181 653086441
630 66 825838478
146 841 456700704
182 908 837860038
838 250 627454956
751 27 677477425
15 826 635580470
605 88 797715002
894 992 194570435
873 354 66372996
974 484 26372807
708 283 294760482
798 216 831722939
586 677 493983262
405 198 833294388
833 573 279761583
820 804 889579816
649 996 526500404
374 737 133323096
697 587 716295086
12 173 750737158
251 289 878996664
646 43 880280881
396 613 879383103
379 415 186153110
875 597 957958936
656 246 890094309
125 320 820346338
219 523 2470566
536 974 803956173
169 142 935669783
825 699 532082490
191 106 864225970
808 306 728485592
188 316 992690890
311 39 802312915
425 175 877205448
918 510 672134037
449 663 748052975
340 816 602164598
33 885 130940605
494 56 676060647
319 458 223639486
262 391 405312523
982 650 890193940
435 181 560823738
993 908 227124188
13 865 504432152
916 193 278188567
76 342 450518301
449 703 953531834
659 103 438804241
3 356 727045470
256 44 411334999
417 886 148313560
396 157 852085513
646 779 907945242
152 323 959075965
969 148 59732023
214 339 142947254
622 692 693847471
512 96 417439354
302 82 192352457
108 351 56825739
340 546 538757674
216 785 51510076
422 765 360705450
107 538 53301973
369 883 961591216
500 823 959928826
950 385 615742403
629 227 829724086
809 605 460628279
982 873 554383203
827 891 326748929
378 13 215750385
814 82 974273718
237 610 676524085
929 45 510550156
723 745 784738678
302 672 934211764
855 322 726656471
692 75 660665606
11 572 122174125
914 646 812213561
461 309 365262366
619 56 995167357
722 395 629061810
603 268 390478844
102 421 607168541
49 469 389639261
379 540 995293669
566 943 826433109
606 63 794809842
511 125 710098116
828 782 760013988
719 222 242866336
141 76 475739559
955 727 174148233
638 182 952511759
979 987 767663708
274 187 134973727
920 48 615722336
22 503 303597881
841 524 598283612
629 86 905496910
349 84 434365096
436 325 470329463
395 838 616442366
923 957 220925753
182 685 567436734
621 886 122525399
499 297 911483108
623 102 265038261
238 316 435688323
716 37 308523951
328 728 532715151
843 708 966838869
165 482 739574551
40 986 757142454
878 203 148806055
109 513 895003554
322 32 231554352
698 205 204675952
259 690 875392485
633 151 554506540
725 902 861087353
689 152 951958813
153 898 552060875
899 306 889983145
634 792 187493427
345 796 455376112
622 991 156308470
181 602 625975034
631 416 640300724
771 897 247651298
275 440 959816626
212 606 917874746
242 991 77924613
136 69 937462067
795 801 173450483
238 364 89663545
549 175 882841081
441 213 495371133
604 698 731191000
786 459 238686939
160 123 97033252
459 106 389645530
13 687 64361345
299 760 735026172
205 943 393668051
28 274 936027428
73 26 282595612
443 429 961179560
856 940 718141087
809 187 461941871
831 26 542587681
725 763 970145727
93 396 730867074
709 762 539662390
384 538 280343905
790 286 918861069
664 548 981485620
951 584 847252888
219 255 466309394
779 842 650382907
672 322 15230014
311 781 220423637
40 686 733941018
123 144 52630315
380 811 915316717
451 404 832671463
791 400 913253838
926 110 253182552
887 604 190940963
285 173 384339407
407 346 815840170
239 373 688144968
574 880 641311885
51 355 524183265
501 433 285094631
701 808 21366197
180 921 690196746
673 255 924131240
13 428 20402013
630 27 41584553
67 358 442941234
638 220 41275101
774 257 492054621
977 530 598066725
887 328 659597156
774 725 700773615
95 751 236449334
453 763 984291721
901 652 252984296
734 322 654066125
584 430 714423463
957 667 779173056
412 558 725273465
520 516 307942431
966 296 379253435
641 709 44250032
769 466 225210845
252 615 585547425
452 360 678138255
442 739 89747289
425 344 849878339
917 356 885756417
542 541 416002542
945 75 188517620
89 119 765061428
854 670 955874481
172 83 526860292
318 980 635708336
432 750 129328465
647 955 702238807
66 717 483481249
470 125 840954877
482 272 511982566
830 163 341902824
596 142 936754036
100 739 264125054
50 875 986888283
260 81 508670679
92 506 53287868
399 3 511707048
392 276 760904715
297 398 994753376
968 733 757080684
281 10 509698895
853 805 128320043
629 311 858338644
456 664 32870190
531 969 980652826
798 528 231319122
367 91 59778291
964 795 815032172
127 2 219699957
849 933 810612988
561 65 898342193
819 768 37927064
106 672 781843163
417 297 258317712
761 806 32755835
309 452 212975478
960 716 589636563
996 837 553172832
856 375 440403239
816 114 675601175
250 36 717327666
182 469 859907307
671 235 448729015
262 737 436395050
643 550 121410754
522 980 66154743
184 431 282460804
6 473 565750617
245 63 59752169
92 50 86452638
505 315 611516420
592 858 112799372
955 373 680092543
231 389 123942669
123 846 535957326
677 702 425605650
970 989 927346741
145 911 691853775
362 272 401316589
53 849 667727896
209 149 827708046
247 77 929631062
663 701 903302266
302 149 674712588
303 275 475909525
65 492 850837743
33 753 74909725
46 836 995098489
442 444 873632713
493 737 193689970
713 510 431027860
810 369 962903366
144 75 28258861
364 143 257399674
548 514 252062113
78 558 394213833
920 566 990405615
597 833 334577915
135 695 276520274
333 296 680897026
553 927 111589940
142 202 361381031
206 304 128653596
255 710 926970545
100 840 157343981
357 270 146040185
794 207 912930813
873 42 492267954
431 342 723410845
710 800 242662079
6 130 355689276
663 432 446017546
511 343 771948068
932 785 251742239
77 272 795548885
822 661 615557385
600 442 553678552
633 811 335519380
570 89 578786684
494 603 801834783
883 605 597674347
937 547 851904036
565 312 194221777
601 993 202638240
123 323 764926428
120 64 479856819
791 46 864603513
581 456 144168786
450 23 526106847
110 680 917607521
84 24 974163381
97 990 630990341
399 192 809269383
709 793 417179772
315 417 212710475
10 637 156943295
523 475 917197486
882 201 399132662
677 377 636147313
183 413 303328441
91 298 713722640
757 5 301569867
499 526 181183344
872 183 949581181
888 431 44740736
264 769 368790457
501 971 681960579
420 509 80506825
882 213 917079233
129 903 701383384
641 589 632652869
175 173 484876117
737 588 977098813
649 847 669238517
520 275 745310752
132 163 62786004
770 452 644491090
64 750 897427521
699 291 817568656
75 817 2041113
107 760 115553616
875 674 38106940
810 514 981824950
720 168 924540833
651 312 85968461
259 336 340756129
792 40 773914923
395 600 930773408
62 896 735543751
11 152 349697781
746 337 164826824
825 943 105147969
273 839 845434224
493 330 158962724
983 258 828302905
422 116 195534000
56 381 921654071
326 125 87539457
556 163 849996789
465 280 261296758
820 739 879675820
503 16 718516415
255 249 322952074
91 254 8458524
249 176 384717168
100 871 807086721
122 176 605775061
765 201 301309394
281 25 431813050
250 226 253772921
173 763 186694255
431 873 272698363
990 909 544285298
820 384 390271824
128 481 203022759
20 14 862503662
460 474 28000277
463 394 302015484
436 768 112236566
119 7 355094136
7 472 91737712
444 901 160065734
864 924 591697466
827 687 30781054
322 80 325167047
56 571 749244302
317 242 247240347
946 339 862326733
386 193 227038330
163 930 445863315
607 760 1788309
488 807 29438767
301 110 900603786
431 147 150367495
420 185 449742087
287 159 931477337
343 43 658091232
850 675 185768634
441 680 12828442
545 10 130592578
677 771 840574771
288 812 324246856
240 110 930650734
715 84 33782401
134 626 670727086
650 680 708059190
521 77 581570754
672 716 764958453
253 124 702491861
991 638 427191611
99 357 248532967
325 375 734216044
494 679 263361165
282 9 891416693
414 67 235193449
15 25 514181639
824 522 600882469
63 377 614991306
979 546 216587542
684 15 212976732
569 482 105583010
648 248 461768018
516 160 568862474
399 796 176246890
84 956 632264569
40 15 161146339
778 40 105921694
606 483 1007056
571 410 118166973
361 248 17662480
632 365 259887859
744 796 196581458
554 301 939482712
222 932 541113423
182 397 673440440
537 892 671784672
729 634 227490122
8 2 541689395
567 73 93511932
54 966 773915691
267 202 871754115
398 516 75049745
139 59 205585937
432 695 721572951
413 40 667610117
592 548 174918188
390 30 733005395
789 391 878467176
859 416 501688552
836 358 515502317
20 780 306793452
16 1 162361657
919 721 763980963
227 447 258128312
137 253 393431945
468 81 503859069
551 378 691532857
260 124 59773604
9 8 561620611
290 390 289073365
447 676 921080996
617 748 707269752
386 74 322500258
935 949 460260848
81 920 649515355
157 832 657209156
327 401 350329251
55 464 184374640
215 136 366408246
813 539 378861158
811 755 386774093
546 495 19533837
371 626 894523520
422 273 425945419
523 915 781538711
700 282 322140546
661 781 528768209
192 262 868275407
946 854 756081072
575 347 213116128
982 823 231822729
863 958 819998633
390 771 335893349
206 71 846295147
671 499 100558100
825 326 885462968
347 872 248699652
974 459 474680442
74 204 105637872
56 696 453710440
917 999 86466143
348 636 732313371
9 365 978402704
166 60 295989180
408 835 504672549
79 754 658715484
766 695 62683667
22 144 209524362
124 444 538420966
235 189 655395223
914 65 807992727
551 678 512438696
889 961 322733237
133 515 468076726
546 695 972357851
769 278 604191847
124 806 9221823
202 769 932925265
490 369 799006300
826 856 503633452
797 955 620549858
686 260 602908051
18 742 51033088
209 865 130281601
350 334 344033655
273 932 987654722
812 262 875806512
31 568 214894327
682 683 457835473
415 751 505774900
750 494 737684949
826 610 516735068
329 414 286256518
359 320 855678638
848 728 250503360
532 799 57174409
205 615 503087807
241 60 339923676
847 632 466023800
525 218 470543933
619 806 24297891
816 793 909940161
140 136 1421241
796 943 490499508
131 645 976164579
188 102 835226704
258 111 34408589
272 992 484678479
57 814 42711014
648 933 401489023
527 141 962638684
815 787 141896292
526 842 727010030
952 271 39154981
493 320 132837268
693 320 998290568
222 681 848768224
404 197 150322899
707 984 654680759
971 723 819735315
328 575 340105189
231 115 880808253
522 1 604983586
197 549 638894833
629 685 649331043
591 124 198945352
867 759 195439992
640 25 39435826
602 936 89895542
635 367 540614188
366 986 957343831
473 354 133673112
575 560 764280604
93 74 135168902
953 422 619153699
185 115 57484829
382 532 339203154
906 830 883473000
97 457 635279539
124 841 899624515
80 568 571865481
338 911 465881339
224 196 415896872
386 216 728324703
856 527 104264881
603 43 532337167
775 360 245723825
434 509 794448353
116 59 306891971
618 480 796556286
420 885 753833642
916 871 949137596
296 391 410822424
930 498 584520117
231 349 315611223
154 141 873902174
318 825 958965714
331 985 759739653
637 527 180580708
739 199 700327263
2 593 788901575
246 290 774712477
525 879 718712153
562 51 184616107
1000 745 524886139
593 298 737525450
805 580 564893539
889 388 779860774
246 173 64562946
120 918 567291130
382 254 353352334
247 132 903030854
894 265 408617399
693 322 328844546
544 102 211506020
199 141 688040607
305 235 173418439
616 922 990471954
121 304 296623899
706 319 294630870
120 415 163568301
726 142 829244369
754 495 333851936
480 301 543561432
297 292 368214221
104 210 537851149
918 383 336366646
5 467 259041874
424 720 504738073
551 148 627009036
703 572 186463099
453 886 620380036
35 14 582833952
649 254 217669592
57 19 430057512
797 822 12157592
683 299 8327403
237 200 500116332
556 585 587582589
644 969 453083237
268 478 639826552
291 404 552823448
313 198 705774826
433 428 22893631
281 88 667708285
19 12 1730375
555 216 949971905
227 41 777995022
371 239 194545015
256 462 740746692
872 705 707612382
366 949 776197255
351 221 80859569
675 255 510154870
524 286 333473556
797 586 807414591
402 423 913319429
405 867 99696510
604 530 956922533
852 416 735334403
224 94 689880756
531 423 780625429
347 882 643375468
47 11 229461151
800 138 120038896
657 496 759516402
893 689 844814548
633 859 18977255
830 185 601045155
490 624 185771929
43 194 186277070
258 744 993961266
402 728 514274655
323 476 939625702
558 394 388221287
979 155 924438502
343 234 412697251
148 518 896465357
403 106 713946307
783 387 901511293
973 994 652360548
246 762 899751355
732 621 665540545
703 383 314047080
916 724 224400259
276 104 594645011
178 153 782879549
111 152 74140738
514 115 322226364
918 691 698606988
384 357 881095017
956 795 493622993
488 628 421854717
692 506 110337636
47 63 877142924
820 381 418095293
553 520 224312872
934 691 305037944
24 3 361927057
42 14 745639630
898 113 652434803
556 833 929996469
977 916 713709149
351 24 523238973
609 914 845418254
57 180 826427922
928 882 117001683
997 304 199069860
469 610 394274366
403 627 998941052
356 228 517632270
480 469 935071410
820 680 729257013
918 510 654346335
280 309 677512879
126 8 575728144
158 728 651940494
32 594 668289465
552 148 438844680
55 340 782787398
234 82 742168141
46 734 134360281
80 764 916234585
244 164 727525679
426 231 661570697
489 273 752128438
628 376 474378576
341 422 321459331
594 205 875588879
20 840 907190791
994 208 900993538
689 693 34685653
75 697 453098405
129 693 847216433
78 253 379035715
688 53 84706744
784 538 87197296
380 627 409338089
262 20 914640769
3 2 618149580
96 425 2604420
525 79 588382306
213 433 252161999
330 299 482335447
307 851 818207289
935 57 789917837
849 716 607822264
551 915 877083932
525 205 148369253
972 551 319967673
700 781 60704590
380 133 542028966
922 213 245443129
453 261 214688396
934 405 853867576
850 49 343655812
739 328 439176352
280 254 738065615
11 120 401437634
436 228 348671734
460 647 64249886
332 282 712462184
751 123 637292094
958 750 391653673
184 954 306132658
230 90 229874824
554 531 605651887
763 822 188702768
785 519 759745018
843 355 636924808
277 113 98860678
493 261 743324375
422 313 703662678
232 783 957925266
908 433 641445655
813 724 630477414
153 127 685968894
983 90 572506736
45 1 290342457
152 991 3564330
765 524 648036273
978 881 766297867
373 158 139366778
766 709 285399763
455 201 878830322
226 870 205570707
895 466 936755044
142 106 602574150
408 486 549970514
917 761 400514343
681 746 884558533
554 431 404495362
777 341 310113644
612 701 389968148
952 969 3116307
9 430 721592693
588 441 669262283
358 936 600225647
265 68 777691845
183 925 97235465
759 157 749338125
914 718 668959646
101 642 839901275
85 274 212331035
844 655 648618251
643 227 753238977
101 797 593460931
602 504 352409683
66 714 385154950
307 402 49195640
852 8 890053715
833 450 719733758
811 446 122505735
697 953 386732903
913 576 904831384
538 496 592460356
874 592 346070206
737 412 826205456
427 90 154529745
571 767 707295010
145 10 520602708
563 412 883712418
860 350 900326578
392 323 780896045
680 166 139865341
928 361 939144087
258 962 613800724
552 462 284700779
316 221 146729417
612 101 919757923
765 44 993141599
855 165 36732734
371 323 292903717
461 125 691377558
892 578 424366819
952 794 973782418
46 11 825437534
453 795 454838286
278 17 117408892
418 84 307945556
957 125 112858752
223 144 665090909
258 185 784366270
791 241 877009858
71 29 26864485
999 393 760101736
311 649 443007075
232 88 318788315
128 41 115527781
838 812 268209817
240 294 198720772
516 628 778923143
485 301 670678685
988 74 550867253
58 68 504246261
469 30 303801003
803 73 932280278
78 6 756132133
987 220 793778734
241 661 634592620
291 472 511615628
53 45 289878122
67 31 170214287
363 892 724792005
691 526 79094679
298 138 446305317
892 484 494212714
916 527 513174306
996 853 278188293
861 38 561045025
833 267 460800338
280 910 778116768
792 467 504794143
644 115 920349429
124 795 58809250
642 698 70705138
434 488 450269393
277 337 522127378
986 441 793932090
921 493 145178524
633 414 638448842
790 440 86576758
91 562 805331975
467 257 488397885
922 468 77991709
894 65 329069416
275 491 776908577
77 30 317397936
138 232 67345962
150 546 577144789
957 645 213982097
946 962 859942829
68 830 528641056
40 391 416265976
27 900 733387857
112 671 205844513
192 438 399982442
925 495 256219247
998 818 548544433
197 66 906414761
914 967 989081489
439 292 592449007
714 51 802710662
373 853 873767020
690 931 834693654
335 221 232897995
964 671 98586886
879 272 934615417
639 126 410444158
324 326 412696691
676 158 833233256
170 199 317904520
15 128 884159627
263 758 747532778
643 496 564857091
100 71 441222579
427 786 450858062
484 978 840548752
116 243 459373879
495 60 906561456
537 123 919231285
372 211 384294896
298 59 668664053
27 390 158166472
160 808 942526259
129 148 449433711
17 14 282747065
597 251 420964200
521 77 710738359
95 131 891015955
91 900 560816137
898 896 869306354
3 386 621470549
836 154 759354396
227 922 420066549
344 251 420289422
370 48 68063363
485 716 140006415
194 171 431616133
922 989 829054479
885 219 160668490
429 491 94417500
263 478 941048998
883 735 501639548
445 154 964587091
954 826 631206652
615 399 148862009
471 93 595115516
45 988 956962541
530 371 535532657
522 467 789366099
854 708 12249106
133 806 812950207
678 319 647099691
308 521 796279987
602 134 67266597
509 5 225205580
381 607 771614348
276 270 276111119
581 84 486973887
222 30 825340647
207 43 384699774
706 540 291038976
801 923 703191459
685 802 900440517
391 545 469686306
777 189 411231117
153 295 9061513
492 455 64659418
556 907 654746906
818 982 567123516
1000 215 238098329
652 308 118287432
502 190 255744267
938 793 183159702
148 854 74211714
697 779 21909313
672 602 471877223
443 349 693475291
656 899 657908502
115 883 78823207
220 586 112444433
707 772 586550865
548 316 952468467
12 951 481415502
183 153 62686865
272 26 21229927
230 192 964351259
228 760 879420715
508 248 980139011
165 334 496040768
3 137 649493738
455 413 835889288
10 820 184651349
72 1 342324620
796 610 351565572
627 916 516117269
374 164 478013961
296 818 757495002
334 838 442968857
614 714 157429589
775 912 398353086
730 504 739257780
281 855 331334662
116 948 567192871
394 108 232011829
457 366 174419423
622 285 904891360
320 254 50830203
118 90 865519802
350 992 140126888
210 917 792629777
738 546 722241557
484 200 951689629
874 121 339442301
677 35 597140788
33 30 823811072
561 321 797388981
780 697 48971583
785 315 702535520
372 739 898823252
144 85 911232722
115 10 402162420
344 242 502603309
945 972 446430767
925 358 987294027
318 191 279801055
986 229 242409853
265 583 807272821
855 676 142325018
473 316 358209832
50 162 316213810
264 236 88194833
269 757 31765422
94 82 888384707
223 787 749610878
30 26 553204951
446 961 746762181
740 676 895903463
804 675 43142422
120 574 550834691
813 994 990145055
741 454 803499236
895 763 931700900
28 514 157895339
457 76 766949831
637 619 887219620
903 365 245552204
260 724 232722444
951 941 286906845
822 992 45114708
817 420 114316811
496 899 790517158
606 709 821923967
617 156 294193845
594 680 304054717
574 229 264021389
161 986 805004918
748 252 811448503
640 895 882950438
110 44 603791886
306 756 123847102
336 767 938109564
630 829 883736501
546 190 262606178
694 364 579885159
800 269 49729906
486 751 480085394
242 622 640826902
521 751 535151148
857 864 786495143
234 573 886114002
567 696 362206392
716 606 56778837
39 301 633148204
382 175 682733727
675 776 701873958
411 873 146610847
590 623 977376675
750 417 725479941
615 134 288179249
637 369 81318365
549 650 28416111
314 91 614066484
574 557 642445759
81 268 252037888
660 72 237668580
522 713 121464528
409 308 341568535
846 287 876287835
931 284 440264793
843 684 179147916
713 348 473043901
81 645 82888142
171 41 510808374
882 776 630190520
525 158 851551174
373 300 179076748
817 316 406477247
177 540 804560683
632 307 841080946
79 19 228556813
647 329 875919538
198 71 42890311
892 246 410337606
564 186 948619487
290 65 512393786
461 622 558187870
942 393 636546982
325 89 993334477
161 126 845635893
85 487 124120135
886 928 277094448
672 226 7663927
523 266 995722029
613 911 927788838
878 575 761305413
360 444 638010213
623 873 555503422
566 348 75330393
372 193 85749675
949 689 250460044
795 953 304121489
975 208 894262739
533 863 375841039
264 801 111064256
109 21 360413739
456 936 531220052
884 596 180474151
983 564 363908109
32 871 928588546
19 747 169069824
60 43 54589351
53 345 561137771
849 772 371680239
21 871 35309482
922 415 95874025
764 271 370346116
605 428 432237906
42 743 765884206
477 327 239293484
420 303 694101967
644 180 626327495
879 750 692048038
341 673 751562419
230 465 461884038
5 3 815565648
194 78 288391667
431 692 863846013
457 910 948271221
455 637 712177786
326 148 360627895
683 897 969164271
122 790 282173764
170 187 903703785
892 628 197080550
675 818 694237370
875 382 668160456
704 196 402367952
463 681 535211229
215 14 973672989
306 410 282674894
468 406 569033188
938 756 386263459
959 764 579885152
492 372 740162885
873 831 503245942
310 196 354968780
957 125 509911555
595 315 105420698
773 275 923279203
824 730 522690252
194 626 986636860
41 6 198078445
912 920 561544975
40 697 67150207
0 361354811 647904125 718834055 291372492 996300382 727827175 173452287 669188750 103998161 775429937 406521847 770648968 704484083 279989917 934005441 492010447 129004583 951617919 859352075 775701043 706170705 702614710 308597631 449582034 377038983 546514509 253501132 251447680 22848260 82323287 484917864 910733272 138016827 569989431 502636354 228899109 291536508 615688630 176307360 568811748 30662392 611573432 357294628 6826584 594483322 531311362 380220087 612746932 241193039 775859366 168960986 639429814 561769381 504685684 935941518 228670099 750831787 11311096 834514012 711473535 702561678 420006290 709597308 161251268 974032725 182162971 635733694 787543912 589819807 877067491 450160509 166390827 16995257 431024619 528463621 76855891 18305272 283752976 604413358 148643449 997444562 424330486 89878878 931710448 904196454 508621593 265673857 164366062 132156452 449537828 111241737 147756615 642585077 652106118 504165791 134967617 3453226 135126846 469750486 302618763 260957558 960121306 93784168 536610013 42993711 667084549 80366308 835722600 349005158 417346463 72881930 855760021 2444738 217969427 63654624 179676727 743542096 392666113 79404046 654123165 549279032 598224528 877494945 315291783 592812844 413187450 48592261 179686237 338567548 643695823 605550378 686180614 465385764 729131514 521364191 987847746 334865876 345577325 724284401 257739555 37323385 135334845 101346096 105807452 449820665 279266905 835212577 890642482 94654370 467926160 394110412 495477123 747408143 847595896 935180298 964357812 471313441 816022914 205723403 362680277 932767372 556588591 676878322 82226099 195808425 929150416 65141169 821022106 131683265 586773300 111304446 595725794 970622755 836912708 78432747 322001799 582788293 777727224 158686122 885194315 928494575 326104065 986637327 249623486 615413456 112250164 860956701 642545527 894645490 727747547 896506737 530369079 284259841 25852238 202156216 591605504 368417078 668763426 878477186 391581704 407677611 83249323 831708031 406538434 974268120 92905062 133596989 58983929 625735546 695564884 120455258 329342649 529382194 716057641 735023213 971694258 206092646 148082152 238163707 203915252 190825494 215169348 333309740 889836024 675816042 883978776 911866947 649431791 823825986 538199215 189222209 116562046 951794520 654994098 80192322 846859882 197752594 64671828 340026934 574834319 196859055 798090068 323046264 901012885 460541676 711005678 907090149 246265848 681587903 174210449 541580655 883013575 688983062 341797217 717599722 358927067 10057416 729174259 906648973 900750283 400961968 35881606 56964052 171383733 840027031 982430887 307889521 68783690 532062860 710994244 726323202 584009416 5402207 658738533 89476340 950148675 714001057 470492821 876075453 913134921 680010828 648964114 798816508 241576166 391076360 707487619 768620347 588668007 487565941 984021376 355561005 134616585 501680094 31787258 970861202 369533746 654833293 635434259 539673542 144427219 397725969 484716867 509825190 205314985 458443516 690295000 541859749 130009265 285305374 601306576 415949711 531361259 459300025 16830407 783280984 314199896 414345091 74025714 176348100 437591592 140080652 297288563 345639414 839813894 360048531 142284476 174139051 33940018 992686808 249987611 65078799 592915108 753480470 687410607 335208145 743082130 197980070 829128633 991860218 457315996 128648728 6331628 76988782 550650171 248076560 387278208 10529211 28460416 241332080 617147472 413681790 762017858 153876202 851664175 458263003 154603288 670538242 415374492 236264020 239211480 501682980 206203570 218321208 907207299 244066251 105535563 340662529 399842845 890059082 353945819 872378266 0 570927045 70612143 77386571 47268732 848917385 581430136 373281573 370060232 926741473 384085990 79843171 225479607 629657283 817814182 629000045 654938455 103064651 94544143 637178342 687136209 577647935 457251255 413825447 518516159 973251981 434465176 1462894 566217056 623660998 311523380 417516967 557292196 396815277 672584393 547875722 446933967 357593123 497033860 881661174 890347756 913925512 819794697 255021820 50234802 288368384 917191421 391068295 271981483 147838134 598460124 63788906 613858315 638655344 479775467 340180260 441547497 71333465 625278076 547852569 376658308 702613640 657449356 592909598 396855066 304317387 881940908 186915475 829145789 355303911 87087082 874253147 122205425 953448045 571914040 959358377 750512865 416789040 674568430 558908180 271594555 644805747 646731051 762978929 933575077 610334047 441896894 919834709 485012432 946174141 701155750 398232553 188004433 989571984 76718937 839527278 204135529 594371524 952595104 609668718 93287420 209888030 98573217 552478512 206692832 529352448 261895447 602307981 988807038 615696590 1414500 553687540 934364524 601403347 769708003 91431325 275349667 493868589 973353047 209612116 390988194 832134556 743633074 49335660 131907274 517574308 946976890 253901974 294711301 599956579 401891214 115828818 613815012 163767858 428040494 380534964 973486770 851404233 459439544 532051124 812406569 732509230 689590412 283912116 465499714 980466635 208344116 547948033 734609393 657376018 752137919 883997453 86794122 375430771 589645396 693100798 748966946 457144569 963312433 879853303 962400186 885600651 248260332 14034322 166260766 735649897 930077228 862758880 188135796 855191918 543153142 136874030 89679186 162291542 312302801 296135942 660407401 102411409 770540024 336612785 802026858 947964058 175006191 498422818 343861172 141600871 355393444 93789769 758177000 734049636 234695894 569258756 52374508 216564559 28020958 491105355 208710232 284412960 451769456 666694687 216647570 300240441 35751339 766056291 531806451 165075694 68614645 300469772 126361794 796792405 746023985 560907174 875370853 390487622 273892938 979645947 974303063 131903225 210747103 157325927 429961400 896510169 184622803 416779443 156390183 56592850 734109265 717022424 809293785 519022908 168095902 303540341 850495253 831903301 710948929 500577632 383296231 355248681 8196773 18034856 798153830 799819500 538558371 670566249 223176473 2744792 112187740 298982657 784784857 268979132 454431068 943562489 437714839 659258414 191053171 415501837 558490398 672089170 600853559 999941706 656678806 278117927 667694392 846685692 526095733 326873986 790723851 363039378 807674507 196403741 537893909 553696924 481950404 640757261 304218306 451001480 148465121 194033542 419494119 608562563 4880083 236805355 888791878 101351710 781679173 857272868 647741280 965231603 88365522 479921299 802546493 913878188 505020816 428385616 63275762 159475591 826192046 913863858 599898964 212223778 537235652 967779937 101660059 403493583 543381231 38529772 217756414 93685562 854340181 692109581 941815375 110412628 778250815 708067762 811876508 937167619 257764282 601756579 930245858 861357083 441962789 100568948 957185193 350481621 787475258 256434986 836172191 969563634 16802981 845159512 950276087 996333635 196741492 907201342 711895292 860216777 739627989 780940440 513624561 472399125 21327887 72072085 363738704 130723592 442369454 500162703 88266822 851396159 558063652 765450937 13532805 901434407 498918911 732216034 945320827 806830235 356052795 59414316 797337396 484771045 857461671 756129362 58199398 300519213 487071515 102075106 355220286 348833352 419695618 380282342 740521114 295108668 132374458 81814985 294978364 525616076 112403062 599778111 517923035 54068751 116677949 79197178 89361249 418266121 143033949 740918369 243216317 641820428 963952743 290529767 463397821 915471871 507206402 35639451 648632087 774984058 521744145 744320863 562683756 18415154 549271402 528083047 485670498 548620859 664823636 43401474 207771261 806047411 229307649 142367201 556487715 623141048 960196918 605696388 75770124 730152723 365762433 290420778 101371156 803026909 214866371 256127097 801654873 702605317 976273608 535286000 831279410 94838663 817011238 193221193 917853576 838396512 319687640 86032061 289979860 868046004 89763838 480974355 774073044 278655609 445601919 956133069 552054773 730924638 335241942 253408840 318303393 82597489 972671028 223197993 84169180 808919900 510158524 754352152 420787450 408167766 398371483 207375069 270512237 942184726 798953364 65116850 1632816 420384898 291301996 619829211 62895497 594622101 76028950 850517610 201325874 518694115 828767309 846553728 764878330 548650310 408380763 283301386 136108411 651767236 727382458 106821534 652522335 285376759 412140736 124420762 606511339 846580813 545529888 68037167 405144803 324236813 714862704 350867864 546003383 856669122 954338885 616891159 67702737 550600286 781927589 16674933 938452205 709046471 886675271 688668208 257883213 87621695 765103260 532120643 432486180 359078017 348457348 140095007 392789250 32579475 811884732 708859921 73171349 582032989 511187761 214381498 737146202 160028309 574648271 332523202 814240701 817392074 524314387 719860848 490418722 262663725 315244164 967927050 867893083 371158964 200519289 818713592 768071056 783050034 909643296 32198747 413705389 4821985 351175689 731773829 898897293 552616336 46351507 384610382 245978874 117168072 348485761 855789612 871794550 62527463 591790790 227861381 348100281 248842560 658480969 561201526 291192703 216658759 297742467 537177750 329296795 337744969 862172908 615612413 836891592 163690208 750207861 852309483 243997631 928912778 664208748 637452385 799084536 640625238 659868027 629849835 830038221 466851843 870237448 697356041 673731895 401686262 809337350 758349242 173367239 924716461 381558591 910865394 150833999 764068919 793768924 31287145 489664605 697523103 801460488 663815614 576056103 982132312 716748435 125431961 448014222 519103109 550943887 578722171 572207588 900904032 269527086 957021773 78940663 329952127 208395339 437223617 553354484 727002586 613199481 397049897 58411161 154745167 951664163 251512219 282994124 553075243 266381971
0 243740879 786973713 738767840 903850374 669184678 927195822 215677286 129639239 825678659 12438330 649080484 319337215 94004228 334430592 436665831 605118014 192526020 896903650 406806734 182529426 657200599 820067208 196966620 843594706 549641172 646313767 864586207 649705316 132069517 598148403 118996754 93958502 981737023 493677107 777757139 609252449 589000665 733992311 376391641 179853986 799804928 504126442 904871171 876888679 702964236 10573337 19136413 978242290 313151793 934258962 636378331 30961683 580149403 278837199 847202772 558752853 606407155 135557371 477911996 940151548 985876497 192549992 26023446 109656670 224090457 887132552 328908120 180169287 508540233 932999188 179197938 717407816 49138718 338035444 625543342 956101281 933789782 50501341 100902617 352570108 170241489 303446777 430602942 63413610 622090105 860807052 286617058 259532611 534976963 828834249 765752803 528000852 918439647 0 997123583 140530658 319558603 514834004 37387726 234815328 2418765 17877102 12389877 205544901 622538523 342035071 719769528 714581620 759217056 948446651 84005886 709885349 57180737 542354804 439918301 530919718 918540434 769171717 600026396 324910807 517250873 21211555 157528401 507590446 531453063 344629249 345486491 623242755 263820067 141619786 75100242 637948111 23950403 840673075 785017280 471918399 956675967 977071939 396230995 506765333 694299614 868116274 486339569 481745886 804215537 447540749 826043461 627876077 508785372 685001966 253351839 203315998 155086526 503630822 685456202 182321778 185497811 724065752 646009660 670003708 727694331 175491913 870087215 124784250 189889264 826310198 708943275 188288564 571845396 8714721 657961466 52451980 784689414 817341736 984279342 538666469 282261120 431987546 951653594 506634567 180365368 159859924 295037877 82105274 136254629 612877000 864033583 998777921 615242935 925219799 662744315 811938640 68803638 175057346 648477550 643087544 528443265 97143498 5873141 909992796 699869336 711863835 223489061 436343524 20892759 48995150 113222700 964159113 196012071 62069745 240825672 699955711 169957068 531180117 783359725 47353749 618956974 75454436 880024348 383975128 90092760 484576497 90566295 234048509 387150211 183597583 215215578 127425172 366571348 304377017 955937597 227979817 308385311 544027886 2010619 513237606 645983618 937697528 173739521 753751598 318351967 757800388 541184718 564727711 868422080 771682626 90196165 61267623 974729196 122058273 225429583 188379718 937208716 900733996 315036988 940123672 115337495 940065844 574567990 737686614 58868369 725416539 702580239 119721066 383373943 983800457 561196019 226940473 88084657 924226312 47652952 12749585 146453931 990533148 409945204 490762605 909831247 190884349 139307206 20908205 727272545 981724747 53789042 231942198 391525922 66268701 957689078 955085175 785808177 533590727 903346279 673135089 8053320 720972322 323938237 226546146 106828421 50419446 853790542 838056693 218874778 219645842 497300711 294557595 392337614 684430712 229012192 473928486 706036175 97390542 81000384 737085712 416446859 787814267 402902647 334270455 491242512 459244638 388606436 428961579 866083176 826391405 726580672 229428273 373399974 865249327 367076828 476208976 426570323 998150236 264618809 955333246 534734631 293380656 56571188 617513755 367208334 289468369 65271522 432388366 972628668 34186262 766619212 558668200 878592785 724316177 226990424 669766997 916324170 12328984 473652924 914907301 277403736 115952932 232376830 968544234 170301911 78949443 714047439 2574767 632009869 409352285 291331815 748701288 202845291 718800140 273391906 658827765 552198131 382167414 313421805 772673421 100314560 320839766 564936397 206316530 724809009 859711789 678652424 811485590 132269825 789832455 606037305 64406867 246108780 472448218 791388002 469553445 701511308 966571013 427098290 957206657 553269662 991678991 620605392 646415673 621840794 301438230 207346005 545736490 959285131 715710952 958719004 517836668 765367083 206201835 559934619 940377697 386227537 384516284 513471688 223672704 66018937 440511472 273047795 564842995 197095144 518842117 384962996 703746773 97950159 814962565 657042795 510292935 477634561 132237025 884128540 731810907 775406620 614484939 497136605 806989549 520391643 845095425 883168866 678619014 369819949 179426162 345288901 964742766 663449025 765055006 967416038 300827291 24271688 395999053 200821716 536519559 465090898 988588643 613058169 707257742 204868638 557363262 785131051 891982553 172722181 283395619 131127265 593409217 368798116 25620075 365278811 360819864 780271217 942037410 582331972 126203441 121495544 761831355 231117796 904675663 720583359 64292079 644484758 748527543 272538053 335545567 75609176 755611475 513952049 784215284 156543098 565831232 225769253 174133670 970188327 520836897 374683626 392111657 495068040 813005856 350731256 630674909 844745010 334083194 17068752 980406031 905116643 653349434 116609603 604666260 529879946 295077168 417811151 376391483 494916239 142428478 349365345 176528471 408484550 294852584 987189143 666485339 657910282 372537547 156129979 5452425 616817768 894855929 826010677 403159349 476189733 364424731 372542379 596598515 553454598 440249390 215570146 758201360 505253338 838714613 116027109 537048895 585463257 170482457 851907809 651396876 828649132 687367580 898798462 236814130 891855298 272599761 12157917 392250760 403979193 710314277 773191616 552571335 426131133 115991308 973098409 904380662 226984923 42271598 16845503 71046095 490335619 318771773 125464031 843995760 967986369 981760988 689234785 968646878 831696224 823111169 895842274 185840675 301478936 469497521 557007081 612849702 848620750 806405168 66680 849245099 492192588 401768839 593286177 441235414 809772946 682952062 549405108 662612205 850814969 187070426 42711169 877883001 149061544 151997435 86209773 344230213 18661477 692735971 600951908 544210470 798310283 589928806 538468519 246308400 7725354 636295782 177445348 558825314 606319630 699131694 218960161 655327340 918162664 149287865 538487948 370329214 43210851 840902739 927516376 699745208 990341180 781635389 644580960 506640932 298278869 815416432 867580881 875332883 150823305 553474913 9938029 339925807 848597661 353553098 90561387 614221833 592975488 903760482 646984191 535964280 623398991 190685953 14546398 832564013 529738587 283783711 736148405 242705466 833327548 822521804 518851291 131784378 873839700 643158330 97166134 783642047 803071938 533607449 872926036 144191842 605542416 256893362 211685361 269145365 612374635 671894312 373033728 616683835 85705675 717437976 112606269 498809149 35746186 511244098 207817098 508697283 833928855 729783754 323317908 110979296 320959987 69441214 43855639 199905210 513013498 419862956 789071502 822222503 17035201 895466321 347949 836237280 315913169 109132773 206037591 402489846 986855862 190834927 598375899 776381452 508605640 881369607 572184812 159374998 903433349 172954861 793930024 957179741 13289597 861251365 42543227 173118387 398064637 570966545 812563061 27329484 753618631 53645100 28699374 252099887 661661032 865427334 946420068 535440812 424814682 425996810 335383884 576904259 53734727 788110845 449367976 423293253 745884982 631952209 429032649 336512980 517319572 446709818 796311417 586776981 763331928 584289554 395511109 390004544 315304679 32210774 714581629 836527310 236033124 304340648 729063255 337411992 480998298 249225527 26635232 694098414 336067467 581406414 277003099 831685554 817707495 389918911 177576287 766932525 685961682 170546292 579439100 603133830 436550925 16432912 178658196 657525406 940858630 63546224 92669772 167882169 726991826 188949805 865535863 832217695 352789089 966331172 106349464 536580679 726368959 343158361 291725641 920578186 870631247 307236261 26860358 810500741 244232416 838268299 735490884 263535764 403245947 902065892 234115676 942015697 871351567 857971704 322275849 972188376 650014264 62779927 662463773 974103624 318017846 532027381 496436392 620216722 385944961 894990575 216314232 235910664 568697051 945097779 362815608 308119175 918544215 957200820 736505789 699431622 43053237 407258658 710633679 209040007 1310273 78690820 173314203 21605805 204060455 727774663 188658659 852489677 919223400 954038394 304090038 267842479 788353321 396368071 614483309 92440898 7072692 140919340 736048412 674960115 262739858 90741843 62085904 791810626 849776377 64188821 263080706 188921302 628779796 715641096 767298264 697252059 752139128 224476487 525522858 372504930 779864335 759331360 400297238 309598074 274665220 413109121 104302463 930392031 754836930 162413146 211529120 869282651 453063678 48201930 925701832 759940694 356227500 815910042 796466293 914740868 579119221 245979831 873195342 759989193 682897082 377917255 613032944 145720749 648147191 72340353 469537562 83654121 402258041 812224492 680837771 775449093 744885067 541474534 820859777 597348403 237437345 582236925 577140925 113949599 39473072 729256582 815640979 954926168 566687446 257896652 690448349 923996858 58207502 235274178 205938770 978545815 885921598 165178857 20610292 453249514 532182310 453336817 990299919 394768595 829137625 461531451 297391861 707805430 924566731 417968065 7402000 127184061 414431466 793840135 551121362 519907242 735807148 888181366 755178289 377021932 351978677 19743463 118302185 88928418 288361121 262557181 407434577 814529091 149612603 109136225 247606918 222162450 319165236 287509291 856696928 312329873 649908199 55732275 697683190 797480351 492925387 447474308 945438215 571995806 939503134 218874860 343768725 130761655 578308713 349987064 199900569 998006059 217722096 653592275 41941842 411799696 550841206 909148195 399246110 847109732 603142243 939138687 588330323 928752047 211105618 394651056 654198529 711853857 407779030 525013090 563992342 724038406 732352192 450405678 371642782 918938253 489022048 805806467
0 301813661 756261414 30364222 405901464 452776512 387116626 148710034 890418957 270184638 477851851 737414193 910190850 334383980 983068719 829197319 521743259 587005101 750681138 872651524 849185631 406270594 685441705 90051205 638082668 174840975 718035828 742729943 798158756 63831385 805191449 935369086 384915790 835321296 953949692 78955774 816278366 84868803 23984325 877568260 349772355 706586310 884326850 332341515 178467384 686401954 551575338 577024922 8118615 913046373 401573352 463115492 236853313 11755371 87170445 41629008 115762334 907679769 968781449 870832390 340018622 577054586 979676641 589189634 329102435 288525470 349861 805060876 364626092 825886849 453413407 221017300 171898696 61610256 196604844 781985373 259419901 720140537 170334540 961097419 610081726 500099421 404009174 673466973 880600907 732289559 616638137 941426073 715451386 564377261 409171572 59771810 620923676 625182070 24205260 109434502 98241559 688442745 139097036 247761818 224995990 330478831 554736744 599795035 445080055 851618789 71681888 649576897 578220598 275821540 268867148 857866862 324750229 55517588 934111314 139056546 167699417 712342127 999020060 92911374 0 638611516 575187979 988618685 986085157 97144892 952206776 83896873 602209896 547905311 602549840 849139810 420248041 824563008 584592012 552920522 814769354 426015285 169284125 746907278 450139527 739296989 14013503 443318943 739429298 242151769 326787678 690505617 306645051 105877651 549359722 331049699 227985613 179420273 575377391 931795233 433396761 772435939 570266118 785787353 760979635 126803429 407681595 43584740 24287664 222054956 169726037 461926831 668213630 423911874 122735033 99304546 208339238 828958061 197579831 412456184 934271158 45963179 651387738 171764822 343155184 450189144 400184391 728027328 270915306 470016776 99447333 838639391 79156998 70280369 165663352 889961591 666961032 483381262 395835927 425163403 447406028 374821132 686253627 672522459 303383114 729884256 845999796 535966657 768438525 829603697 442325991 482110096 20088582 446864722 297014093 961117632 404905039 403399209 250246777 871068238 656081147 234592287 992510459 942980043 716322799 24558291 887766060 155528823 537124747 883460363 784605618 828544595 698136522 457874231 844462554 423037392 659636073 660979506 574777890 70552246 73470948 933113096 756943544 425277920 868590681 837671008 627840118 435954296 596538301 880918576 675802304 922173108 567123783 104677304 205928084 833308806 43706227 356807538 374335723 676283526 290590914 242190034 324754604 861901763 363065309 599113077 203667945 946883538 9676694 916842654 420131025 282823881 687113549 765878696 616089052 567673387 931549861 872005152 562215282 195725913 650671855 411894526 745522523 82717239 638765580 310032308 601104537 637609615 842328664 491745673 341523964 768376917 737220166 248953856 908742500 716959089 827317753 576895222 353722929 309010282 40621025 206159123 289195161 487973562 140634598 85060834 624780302 602017910 122369804 64087231 257801114 157090554 74859054 751159008 291026373 989967824 692938143 271689092 819549962 714531595 328782546 559653820 848679323 824321151 822035110 876725567 299430001 46175972 953348297 695417063 937556293 301784168 549728801 626881322 170351058 313182129 206785782 220504634 276205280 378037044 924715659 512769273 185649586 515102272 954398767 362152046 548572073 392491975 700109901 136056575 214773763 698563807 619838200 787427372 878578548 963200881 52152870 141490792 522976998 352137886 999164748 837927338 408113123 152531727 767821112 995621145 689742190 654520870 370609684 104851978 913439981 465497182 130571548 283362053 681737149 882442161 160420760 682492080 160954128 419811639 840216952 917789823 133478705 272387343 622050493 391006867 812522824 753610521 66003152 525886651 965177355 101451862 296845173 129300826 518822515 166601917 616900370 509017973 387432476 358466220 644457609 528362016 627163212 593962875 341571478 719535342 440276961 501295754 155870285 108273317 702182009 848009425 937999787 750182240 742433998 788794627 593139272 978394715 274041583 588054227 68060023 739246017 449395778 690756003 503135469 971885168 570335393 663332579 868211410 642159761 876960574 581626798 560656324 40103283 930202543 266328532 811666261 538539697 181498110 251148554 47277858 48645926 654183016 18188713 860990821 628528007 128421054 115326828 126890268 45881127 411035848 440573139 866267754 775071222 641705944 426699079 175773003 487231460 884900220 885540444 931394880 841619225 548448032 881962532 712575347 307290572 61988371 407231599 246841261 676489738 140746887 911577208 425097337 504957822 306663196 411881574 697725742 641065634 823241762 493186990 393401629 233089546 22373056 156504660 30533565 543301394 133097075 93653474 684977491 116925447 935589575 488939062 359951164 651130073 654735108 847873399 760871956 198787790 501047472 714824563 16031119 801948652 737177218 125719776 339252761 678115336 181656209 452923062 429143507 87914645 896526185 604039383 703363008 839368849 246788213 54496408 713951057 377660560 625431862 78058416 25646771 874203406 81227294 719020179 488003415 284130470 902613219 776203085 15654348 849242859 496703250 738682586 189355947 648476478 522751191 199331536 329351201 364446384 750487936 75724292 797802343 267940629 165151313 784560941 796418610 356241483 871947877 808232807 918696855 80912973 980518373 551239294 506666748 847041283 469708247 899780560 111070731 921252763 595382080 690223356 321702658 782450456 566724714 884377569 835032024 780870018 628659957 137096181 927928421 155029187 912278239 386544610 862442156 17337126 23797157 485936012 370090545 91153729 685213638 950535335 971629509 711056285 321237039 447279531 421979234 604883071 174535360 45136364 386454775 807940439 240265992 866523645 125110518 982606399 286317904 24045318 991441340 723242560 985683698 222032089 86074789 938981560 992371641 826392250 794645040 790427903 740204640 199757629 280947235 249969701 392194328 639103348 64501586 236639528 377938684 593722211 481739608 358514172 84801980 484378301 614140685 725378108 659123141 729687911 769898959 617681065 369377859 713592952 743970685 920468735 269092362 414741109 867841173 350156146 17635902 192907784 701558543 500966027 653095689 76381062 13851276 814115476 906756804 774032442 828345852 907195579 470865250 600018639 374238201 536518557 407543940 963676048 945108285 301638181 329464771 269475386 36493649 869467223 623559969 342789559 96963824 17416929 671963204 406407644 560579155 296160808 929317734 765310175 174025803 525736676 103478621 973996068 108324444 242325208 840350273 951660408 611560961 326763668 793841475 457010967 277898080 39076767 188154669 210716301 721213071 220904917 774745632 103311270 496439004 113243555 747985538 147598743 149844983 85001611 353149881 529805882 277281537 292305971 763950188 48059107 34150579 534051527 458317129 962703509 785596389 683307281 92647925 191109176 298122514 629854842 747329005 227414333 671677108 693859583 362065969 299829145 492118197 692524101 832698820 345924602 631996739 975387880 204904498 358761547 214505894 245822771 708973680 176732189 366016822 590726703 969015290 275872926 925023747 478248677 242279394 510845316 847456969 614434624 482446099 67015706 3564408 241142294 21670567 338719358 513993210 455798350 240330613 219524506 204123760 60170158 636038380 498306517 824527970 382956071 731604511 924223939 319447479 780775231 526293855 798367361 333409055 519243827 794196488 844865264 30614733 613054099 837101374 399366946 16186705 609189331 133035431 252100157 852942103 934811437 551803290 642837263 650933186 115025090 87364993 919050253 707169937 212924477 464606484 361024001 316653729 288054465 939343654 217541416 623163316 554823406 595905666 368598884 739143820 484926434 271347140 811748854 295340950 532195052 623717357 941145618 900791015 657171317 860096265 697541326 755099544 992736683 926050374 680862580 100037059 384366464 865159494 877753723 290595658 910623591 646006773 492912647 594889873 319724954 912161319 557131193 831428728 842718182 813334364 151381541 173045150 361132707 491184409 633653139 225799592 968114375 583265586 445465462 641219222 977759983 877847792 120342411 766815751 629521539 96684334 498625986 258835248 418554685 382235292 42285278 44917528 804128975 131660551 803203386 218831872 230181652 485044983 858177956 301837153 434350255 353301078 830213976 325505691 348190342 398409872 815939664 239162919 618690304 988352994 892484053 332515016 985955318 140903849 205504879 96144826 812877549 629169085 371553463 331246218 219159138 418780472 612583020 946298640 162174186 966801285 346380804 799315589 721787358 764723125 870396628 945523925 180551507 662958974 350139378 889885297 69087821 446789632 463390196 790275993 365439491 995175735 666525248 610768392 519199538 191394176 427203820 142592114 125616795 801446791 588710597 549261574 584306690 851239723 170295888 494713601 913813291 572986372 422638072 630118018 600349636 177497131 882501693 242855857 970356514 344909506 897793605 204497538 383914335 231065048 891116566 825629772 790031482 264280336 309731673 204798883 1534865 425806303 429938629 834253313 136360394 163330612 779589468 903079074 927532559 591703682 177286522 454325051 334319418 297201989 783508270 652538106 832327049 602237256 503720130 969204995 257847868 462819628 404402517 743837634 908211923 83347169 83355591 712011426 679982106 986584834 89995950 756262808 115954720 558239886 57080730 935275884 517886268 395092246 729309161 683609417 693331150 298521650 410236567 176312737 38873698 798848157 757258535 235624549 269619870 379871266 961777244 251552400 897167820 455634466 594161146 641747124 828023846 100901265 838227897 310195322 809561033 585362858 743720732 715257521 229124489 753413178 87170487 481375204 58357789 686767954 354653030 472926494 334625654 253189927 340498379 242819137
0 424147149 322002617 437997001 659525870 697022772 807492343 898756241 316148444 728375447 393238905 119053566 722329421 729145062 155852907 858132893 286787106 307754476 368874435 817001618 545756838 35280258 381883005 604701401 989727055 656026305 489714290 483257772 442169464 357716157 829719046 615296506 279937758 58944638 199051681 899062698 740896770 593561678 18032901 9249704 63367223 195659027 453343021 877925397 167123077 179176603 576237650 750378000 864636412 24184604 734169662 170759177 220611998 681537686 957121237 53217185 214543688 771493271 835742297 342079366 271550034 809436849 704413744 141388107 135450678 588041257 168598055 114008107 892384202 446636566 874472034 534044389 29938035 716139191 774105848 738265731 456386611 749900019 679629279 465864077 159039750 219002316 763576214 806426191 82628781 403046716 630020731 542640098 942925123 838973143 794988182 250747658 379257325 942803524 849530985 165926170 681428286 516785084 775450090 167871973 199906556 118892008 89296801 394042498 665203599 957556562 763060501 669540260 810351816 55315293 122006243 580102062 808855469 731126296 141666957 509745707 553068034 85635314 285295862 322955765 984478454 422091754 647052843 889651900 758980727 335489448 47323296 355066632 482606425 607438496 382649434 391905402 838597733 755835805 232996632 606124981 724129515 916918887 729938163 50606662 769379862 334017196 946809712 609543475 726201224 251636685 159264743 122363416 170101125 664349781 28100409 259607212 543727278 515275237 15246870 630290575 273529838 331588278 685577350 484690060 780960520 853642611 909762968 783047867 333918338 779453672 799390795 923577009 264317080 613545752 798247676 447021470 906240217 888360474 623562607 211898681 797506212 175321541 991133549 481334253 406021992 274102689 287199979 341691641 17218618 657679619 80407718 560443988 981471786 354030274 671779501 485847937 453037339 706568431 720166079 709360218 419871825 217340611 542045002 489502521 808129965 180150223 551512484 145956823 65385749 816072503 208026080 505365656 533632888 438709478 684673670 49315950 56966460 692211190 642282325 222228493 538272521 197934478 576679407 1332610 880816134 65397066 65773602 88982200 192305945 876689672 478404337 7701585 513331452 935522706 504019010 983831401 195136446 274610716 966743429 854973872 89370272 481199102 781457863 122720441 256040024 54228813 114692475 813804296 825837283 879172584 421263137 961585249 853956613 689547499 465441659 343719168 863764695 234976207 889270479 986172013 863578915 235327695 300728030 436369866 149071311 204285077 296009226 688080980 357912359 404447634 717156044 508911015 695953785 911127462 876634575 374454574 826309278 449196037 907391680 594874676 974015325 514079255 530084914 342333968 743934628 467299680 43504964 328941193 376489428 691383830 870424829 441196853 170590441 453241349 361195384 298515496 592066552 704800 189902761 352657834 952918844 777730035 542794195 306288830 904835243 874767219 662237799 90675055 283374972 415526598 541444368 803651523 580493211 879923122 734527751 948514140 848856834 53437703 700507759 417068608 576856449 615126527 681001161 923126900 806224566 777445982 796057415 19511838 525887333 752629416 214738838 68469194 124229033 690687579 520981863 268281761 901034419 483095186 369293797 841947076 817917332 630596169 97550274 738960969 959261896 919173367 734883759 539043122 297810921 759095278 565317116 807252350 28077405 818573175 973664715 799346654 208867092 997063719 826869717 413345952 806686514 735141174 396805994 392759671 618803323 883937730 611234581 454179709 254446389 715306443 141551893 884441399 214272989 40847035 873670561 841289835 326020106 969687900 472947513 9269018 656631544 100700634 610742962 377654369 288147777 249838466 758497110 332371269 389631434 496971333 810813382 645143745 736964587 636841509 332665043 872076794 124308281 151151330 29758461 750782938 512709824 716740390 687719415 173530385 89634171 345329835 750599620 766353524 123276549 771597441 847884842 178434586 886267769 567467056 476458337 696585378 222035478 108570946 390618141 731436952 750786418 812436565 771357268 38562076 35022117 245329649 858703284 740119759 744882594 801930673 106000119 52940265 418287047 544986156 645421687 322948765 162411569 234146639 267175197 544234784 349953240 624460303 377486931 289977915 116810510 218057064 366001032 272463556 674257539 90076792 278930289 197126453 719901366 700944879 677292638 886233237 294375041 768822681 782673032 181017349 550439345 704798428 915993300 673333479 293225339 158903814 96147743 296204203 445848040 15758889 163931214 498739435 684625453 565294306 678257982 211041902 134336814 177941953 1616566 794848735 13138163 537953696 130528971 30449108 320900641 552476279 999434089 821278504 698907942 326389456 275462086 478426871 111859393 118376821 908678718 715700328 633433022 250481151 104067676 858935039 285909322 935086052 137541167 102027337 320949397 622393486 363251335 497013417 913001158 930213992 744235151 252185084 747217483 404967311 332893559 921630816 428820712 587432980 632230184 790727674 585797697 587899944 745635928 24394043 654196250 398856578 657503620 266428430 808821568 466096500 641834185 246272360 526059070 95362691 313370056 519661003 92180247 456706704 15084577 745827857 200092433 595762106 343776151 311008389 261920500 791073365 662901845 74835803 198548171 11534280 452512351 267790183 487675368 594735198 765548898 959096261 359994847 220076982 202759571 705255481 145142751 357733175 388969907 647146374 697256127 422404964 526649419 297898861 584497428 895450305 41695973 351557915 784716248 526092058 973199380 19317455 776973230 832739182 974339461 503055091 228284829 893298836 553345563 243785212 326110568 273158490 358861788 222954508 425305872 906988977 797520019 476217709 672307040 45902328 989716531 829790808 141063524 108976569 146816071 774837157 500056063 150054866 474948624 766944190 593117026 975927898 597320922 563348077 380486008 965552208 37110507 374450972 278001059 766495445 456064712 840537313 821190578 221364167 343444646 866807748 289067455 67600003 201314677 773880264 770696949 670776510 542077634 315583192 202355064 595076803 245781315 656351026 670535641 713765790 286709273 780894067 196495512 636587599 507239831 954935078 721339566 234446272 642322711 335037379 896792552 186061348 147649222 52710042 96469355 848472978 103658465 308906360 889265538 315304982 689979148 808919981 985171207 353905252 682458509 888939383 611775042 696740656 130235451 673854842 461896282 476545282 867794880 991497613 803838304 772774395 378770182 299472472 894866270 824059154 384791366 117454990 204466301 37662687 297660281 196303742 183853455 578699453 942120464 845158666 118235291 112449933 314563351 899693204 40112712 781408097 354124262 626911129 934404043 190689383 549622434 314473401 446460969 278008844 20269173 560696321 594109496 111872117 158443624 948321258 380695371 987700706 377631142 629617506 375865931 450387433 263920563 431951290 629233062 481285431 144664649 565064676 324539081 300321814 886296272 401245284 156200527 445245068 830346983 790810145 442982470 804559887 643289751 368567341 431412093 165866487 429722974 252783386 894055815 996417370 663948824 564011455 545149709 113297388 282749240 240750187 486483908 252182533 160571880 339404110 584260316 257137063 774595902 569133874 709019015 545064246 353219964 536850310 15405657 597687473 798571082 330708406 372793641 559296122 735423862 541450470 550425777 25379035 12771733 435513612 592062497 312533869 305394597 570227012 71660896 447211835 31792219 765696693 283944875 61748092 882017950 208334311 845569447 640705064 631674167 475709254 170627695 981963195 655996224 902334363 641133612 50865998 249692830 368487579 455974713 518003557 44741616 863984454 857240588 388521376 269710079 224711262 892945371 424000982 85252555 795065273 825549358 552792088 152548075 95078316 454038618 345817196 830272592 15336962 106258524 652299011 666720824 990614694 584810846 827817468 312749647 726173751 133145194 571284957 671024772 222847167 555287440 677387146 555884303 732383800 311145533 778398054 410602 33919454 708405231 263687928 509328748 202950238 905376134 914817426 337229079 63779358 108798567 153779129 640688632 273010570 941361427 487616448 870542030 916977998 716116162 723525355 356349796 338738393 87207337 695199117 434097126 787310944 327580173 960420969 269373711 544735441 232409831 777027925 624318401 968741758 323117914 894133149 731962730 751723693 284339968 777380029 944089325 142561904 466323530 165761537 739640336 50285486 194030978 99863038 434767865 263444333 173558119 800913564 410176828 980368890 470182054 193784305 983745563 93434741 636699628 159801628 742455391 607780658 339164469 230587691 799362478 82795320 613863264 323289524 339697782 149144351 885214846 863354456 174374190 209859526 291770422 500499669 679566765 278739566 723271627 781568429 692251101 36390993 482476054 536168715 967006975 169479361 515758502 161304878 266174479 724102992 412214133 27806016 17245824 188623161 948301094 677252679 584442016 141747270 948481713 136927398 10119263 789744875 181844202 228145961 937699569 490804315 995311385 173730630 192039060 408828987 311046605 176448512 511618104 387785813 295098426 882504586 602118509 356625848 180119120 546513396 458438657 861025424 706773602 363465769 348775187 587093365 671829052 496237806 973344053 389991540 626843203 775550000 310860248 745028912 739754671 997339252 186966817 387342211 820503948 731606354 194658683 927799137 555143379 692210489 364103457 708604031 14279668 661860256 0 102430009 415458475 478043931 24923706 877438326 974816644 275218674 33590938 627852941 562701114 410053692 5038930 73298254 707208079 586730399 217970761 528677952 233745074 942288137 360930048 70432330 410352618 22060272 919939852 560188049 384341441 307229192 798841353 597125417 339012273
0 122954991 72149057 374462478 767773705 675698967 444758744 728478087 237302733 466907302 788225883 119744630 303209285 778482383 434246716 300237241 172540584 827152628 952204057 364947182 5932708 116683453 732539236 319022846 521176921 33756777 658275835 713733982 583272290 982898630 446514908 983482979 404070489 523189465 944670607 614627652 313302906 979928122 354415560 623391820 502968543 23621728 919676586 331495038 721251224 392978526 697982973 438388534 846018624 391608426 396742984 779548910 287945526 298871155 782725718 446268406 118629195 451142241 648421389 150378004 615563573 871940162 807962003 708753102 625409617 944229755 726989285 849185665 523465301 646980891 493007681 181433898 238641029 14788044 186769456 71978614 823239935 974507280 4094023 905592265 976468235 85981270 477309490 296795640 210462427 855581581 969539931 325463477 577839998 749095419 28158911 203035447 70184275 223415760 772847936 609223679 946055916 153727101 922037356 211832063 820136604 941331019 678476385 237951253 671669001 392462113 655552138 783536060 578023399 114271738 412972422 767515163 937072035 858322986 118587498 335056666 116859178 377784357 143018699 774820584 753705315 730823359 552015190 506699525 848607692 158784606 651774026 448372177 0 24797741 168924905 922786036 996245322 352795065 275361663 414095658 582859545 102161713 375200155 190077287 156779988 661243673 918057106 706145247 118009781 993034302 806079881 106830324 469992127 113448522 555789373 415372941 468787026 593903574 392176920 52749905 112814384 98184900 820013209 130876981 976673376 965893918 126184334 217693923 295460678 651243998 246942365 372031076 670769633 150929832 450029368 844105896 929176943 378873385 118251121 161936649 530684636 308369891 415847891 460420580 693069741 700288827 968136522 382459524 51642148 877936224 821282291 947489727 745049878 220571355 898686817 323647605 695531352 520541864 558377457 133086504 826447422 874221510 190826059 568065208 837542323 267688343 929581640 305525790 391188508 630681086 172009109 188060154 888662252 229400493 597126848 497163208 926518430 211592911 736530820 896860168 816654459 762720809 56442852 799438237 626219046 240584128 648151221 626377737 984772992 326538004 734597553 976614511 22031456 266135379 357542449 995079183 652359644 692653935 860225982 283635754 300981092 87704489 676321095 29730560 745831359 808049926 660614697 356450988 410679766 688617855 363335280 146700718 285749115 604931753 674817964 141393360 403345304 537455161 426259325 295348255 265446249 895578674 740993603 237200529 637945889 715692038 297900571 490469029 919610822 578730170 109466724 614258646 992397960 763287652 5683251 866047282 256395259 543255902 933385078 199698761 655477395 18260307 752771530 625978887 495572201 274703133 416976345 221993597 351657713 505189471 975249398 384112383 112767546 728715385 63276087 986998742 971803925 20844437 428184588 398083515 37220581 534688879 274134315 334707569 195803867 882246732 47895175 884492866 603160181 305586002 262452163 187090448 335038271 177849258 251809432 994659163 956267269 998522954 382206049 739865958 797766796 398179137 258403443 886443037 619107424 569496957 290367116 329785586 24010937 631848672 803267731 355884446 493183468 449289625 41683786 110978152 9254787 517927334 658436749 634543421 384619322 923899886 938796691 413620688 488737679 373126358 412947697 92019306 485889091 419726557 225354453 909120360 937585795 667771269 150685501 767758554 982723942 561740386 369995724 520911245 461795172 191435998 478296650 157526666 145317724 61232095 119483586 720658087 317290923 430389650 480113487 816660934 532690377 126350903 519408201 873103474 785012886 864218560 919127805 432202847 517020968 714842850 252147413 33701851 270893909 286689151 929883680 273850679 951720527 259820910 635997359 282869906 608459125 29525505 962197042 150548754 519428106 159188777 84966513 896170373 453488727 133508903 850655750 786527970 473127526 254364129 744275255 666783760 806566894 519011168 397281757 772925518 261761869 117843163 844559579 366288068 713760154 168485632 329398050 184959336 90820599 790422915 880797005 367476012 67671383 777748623 120490 3590904 140786962 214296167 571406359 749637674 243771752 292262344 313146778 808082267 731685154 601588029 619308867 422718072 874121430 760039758 392889890 77688122 835704282 24391783 987005389 777781407 927250235 145538916 894265243 454343278 70575089 177944925 742277196 896806912 904304491 203774904 984448425 256909378 903356078 581488537 428659657 232876185 254879836 375221287 375637707 578736998 337704676 366666887 344659254 780794283 27532579 582167645 984732416 731625997 217062923 415776736 479587233 730962164 36322107 255153431 260710369 20502931 572727466 61165537 918337657 940793119 908258758 49190308 695126969 90344787 184768809 516085765 967934540 642978787 371607373 777700119 133290933 844773572 146734050 149144294 290818107 113415895 697360010 805883056 21137205 472287297 536791410 174872316 455521282 980183379 174085581 787610091 226190794 177161149 542906239 18332161 297629784 947801058 719272350 8059444 26812417 652002534 595249804 691290612 714857138 652171397 892454614 995254566 320275316 650152511 507205165 614532086 25513012 239232732 490495122 985992975 509329953 356974880 33268847 399847255 338835475 455112939 617661103 623207856 290770257 747304451 549700 884697179 499740052 35451773 899720289 595258442 283843149 686301607 70618474 126990087 263869975 572674517 14292883 127376794 649181583 992625106 376693251 387518025 897915812 917869016 671606723 99584424 350778393 963667002 420650961 966081977 460961466 180995507 85511738 288839629 287245123 853652955 760401940 664772498 192961640 929567480 687088587 691860701 344817462 562249945 913966422 858952484 190009542 671779782 215187949 104221639 212801850 963515173 704211274 598987753 410734511 351585643 31470793 461740200 354571210 995540238 225630573 504570223 924170169 927908012 388147311 990705495 685497146 163342399 277643159 937401413 288336729 87012468 199743766 755205606 454137540 438978930 365284765 873285970 369440938 758976968 652375870 837776136 971712367 70906403 302378006 642368427 789104267 231035907 352668874 307568842 888027571 998245598 47133270 783721204 803220130 718203648 361058809 956072188 776380716 137773185 199971508 926917968 632005855 464749045 168258063 184341251 490553372 264194092 33789773 372125830 393428347 667225268 534277371 23055509 584130656 625216172 565022826 814757262 389376781 31084950 967999147 930739993 182843056 394212832 535943664 724121405 586602742 741589062 881471001 285710059 695808557 858317363 746598377 132546847 418917378 687664237 612554994 575089561 682524823 771174112 693824893 728682870 63323090 122867162 210425908 235453248 385877815 889557286 713512534 923639014 638069906 544953932 126672469 437682524 485869354 982375550 768999824 948682472 93950387 175869799 333403408 93937767 39600775 700804529 654593723 130203990 792822302 865144928 783394662 417908222 734484051 912128372 725568941 536524964 982506752 134173034 758130527 982652294 636563479 35678412 262094156 622456980 746265267 783260156 158973875 966260701 580410772 578170441 265944726 566532730 42776423 650255157 427240245 20240052 683914154 568556889 609467398 345469703 209142161 7490633 581495763 77459265 894531359 693886917 304601991 207888065 513226660 225299729 729928605 490353629 428247304 748949189 512016753 93692141 979659453 466366648 683091533 141854226 552961224 305982921 29901023 22874403 500770173 363273490 367182868 576862938 856197482 605648476 947916678 395166993 879685829 579378244 692331188 350200720 787984495 11901960 4916335 674323929 707354914 17030238 591550363 84453630 174097592 458268353 550205280 403853810 459096253 785592060 638842297 439963533 212053323 203570906 164698525 280155042 296761369 426489230 688935313 422675094 55391798 30258711 433476830 306036619 87128684 998888149 110660337 607878042 828282069 513504374 215498346 148891806 409379910 131413362 186238254 711676464 771415593 696921836 550423539 63298556 809589098 822717685 499267193 247049975 964298978 358592258 451174513 206967278 153616019 963107018 613204340 231077500 479387448 281742487 160087698 391852283 171593092 713115380 126220159 234840853 643631263 935555397 744448679 82184348 388657043 322935481 811855469 72856405 791014860 271349609 376754945 846204887 419116923 332513315 888431696 622592293 410066707 817376314 700731950 368704725 991098227 587980738 481300160 34623026 489910901 742608752 660873756 844173767 422544937 873828271 549015763 605262404 655334014 6351766 491566144 776825317 61351773 646783400 141464617 408478148 465173882 281844766 371734229 390690471 222392388 527643285 923497112 778972319 972341956 944513747 282035261 715871215 415033621 4933833 365513044 814102724 967835084 442782836 676316703 275519496 218986914 163839333 676178185 371840885 32394748 200064701 267522697 57220248 722526051 400401450 856276472 233047107 914964577 260769996 463298487 145242295 761470973 874434909 831472719 966328280 223987124 791222045 181651324 336221032 558220783 195535470 11234573 576537757 793303244 174964170 558037497 926348491 373432751 870291830 916454366 904724426 866275317 720768459 35090801 909181103 6231623 936237120 284671832 463597679 357137843 88703068 954498277 261033310 681264540 289621236 239697340 997772065 488851648 116797091 686936309 652166404 395642964 656087543 588583451 456089829 558770535 825326125 80214670 602189866 475874936 82574235 651463927 65603592 156255135 542899214 243298475 763577918 278223372 909776834 756920743 129972840 568419805 883199034 426103426 62562879 142027520 226055230 437183856 372672056 401927584 722125297 976319558 687781502 791825522 686174213 996164808 61104159 117555980 824949250 961516970 278993455 291562372 410359170 741029003 463391252 258957262 756155677 286263045
