800 4000 5
131 268 515522566
313 704 151478759
148 615 658723481
47 743 14925658
370 228 193774449
771 586 880750882
430 574 922020451
629 224 167792098
125 85 116640692
330 717 679607856
143 628 191316449
571 614 188332864
288 73 600399009
765 661 581649147
558 729 839866097
142 162 133241182
629 490 929716590
303 41 333365106
447 330 807040463
580 499 356956956
495 557 379123864
643 763 723781867
620 575 7642909
195 79 59737989
732 242 73169676
342 191 611680231
466 500 575899548
272 174 384607657
701 269 476111798
422 170 20600459
13 12 563549416
534 136 423302813
257 197 356910216
326 206 438472708
385 278 129995830
50 11 408628406
543 457 869226922
248 225 235887997
670 682 860320228
380 206 788809573
104 304 970643722
638 152 462616136
159 738 980347915
654 322 699798534
475 75 335917850
435 14 531039254
410 262 367574156
284 35 389646278
318 113 942360351
149 425 810976605
318 173 423183845
80 43 216801414
560 146 560407234
155 703 289581564
349 519 533676220
384 255 921175068
126 442 916952060
555 404 494895833
297 117 532681981
264 87 740176101
398 578 939861737
135 738 164100944
521 256 301716530
314 373 249665824
160 339 952332395
299 276 28692488
738 505 801343177
787 68 980040493
224 315 470783105
78 186 906855782
440 80 399247488
142 404 626711230
672 209 58594090
357 127 319467403
442 416 132238910
651 394 254252248
63 709 22667758
683 739 834081923
24 623 461204647
208 498 955015615
514 305 567346577
12 266 377594785
799 387 440135678
17 6 237146620
343 425 445906734
787 463 426144503
481 619 514392375
235 149 471766347
227 306 487335346
53 44 775472213
379 271 527518260
150 170 972839032
737 455 726275926
278 654 285099075
57 165 741878130
120 66 639795209
433 536 943095191
791 712 867886211
711 432 404621991
363 308 81092162
304 52 504945751
91 486 245140889
356 415 683378129
546 377 767520031
722 540 160610116
153 56 946045920
786 203 255561339
21 19 73366752
685 513 439927705
653 613 580501423
791 518 710812135
653 396 842346875
429 739 883634901
229 127 968005913
474 317 269331751
57 570 530270270
411 390 485552877
81 237 152224889
64 605 330648785
694 544 337021284
357 64 252855568
458 717 712210614
524 161 300291072
645 443 437833138
4 62 5688043
365 356 653832768
140 404 706804902
43 108 590210990
411 79 972850347
446 603 241083804
466 89 377579979
132 28 105009636
666 221 692051151
27 2 393319939
730 554 226284456
709 141 742591714
57 593 320077440
253 644 553067350
728 12 995842575
486 593 33796926
331 709 594018522
345 362 97643635
58 128 139319040
523 637 902140590
220 43 276347343
128 440 833091701
489 22 376247732
693 347 481579802
77 359 764077352
476 154 510197178
429 77 822752730
746 456 702362483
797 95 502563925
372 151 383040626
771 289 920675914
240 424 839169383
719 230 493385631
531 690 703825808
190 278 907157085
232 747 365512237
28 441 751604647
64 400 152727945
126 185 181669739
49 792 949366597
648 430 411478090
49 442 498376578
360 661 17309021
385 292 967365525
109 262 746683231
42 603 453645764
694 419 813219956
71 315 690904286
695 195 278945292
636 440 845124077
244 614 486898913
754 477 899140707
526 315 71979656
672 363 412244452
745 152 152166790
624 111 524986319
474 425 667750115
632 254 66369517
730 58 421015312
93 141 885206495
506 799 723578039
516 711 163077410
26 53 97422208
378 87 560807167
435 790 838874359
268 53 526731338
321 316 920616860
345 349 720393101
47 283 51106489
316 548 925259098
500 640 842020094
739 424 194522398
274 707 924607001
661 486 496128550
4 262 636212104
310 238 187901961
704 349 797943938
189 627 291569275
35 724 766171650
619 56 682387595
183 81 795594790
514 217 49834587
792 628 830621193
528 314 599639999
321 634 364668216
241 35 187469716
368 282 742035114
240 709 575044370
444 338 946435930
288 402 711384306
97 398 177363835
390 239 864964876
540 343 921005375
94 321 243156973
495 326 725002284
776 183 384792928
194 215 363971276
523 93 711047788
50 89 166008403
110 420 605962747
605 120 460516882
586 345 686073982
576 450 671756388
748 739 593786674
704 539 9822201
135 251 197475691
458 411 166945854
154 92 457043455
786 468 70201598
565 703 602659705
666 686 618891505
131 781 9985305
656 453 646414253
26 266 515454717
236 555 571114443
559 375 14106953
791 523 803406902
466 445 678844572
745 477 380480220
589 6 569880743
526 659 286114254
657 16 970521093
744 130 121607711
81 582 415442826
362 643 155930813
576 498 719286664
127 792 506662548
213 518 491903192
683 391 76806141
285 208 667334162
457 133 406183745
637 298 920632977
377 613 272816221
692 641 226063725
124 80 571437685
199 172 458382042
1 228 358326240
575 189 436029275
567 258 724936256
749 474 708083191
225 49 521936184
723 469 928175832
88 30 180622954
97 366 321109127
143 575 345075132
538 8 725613534
537 215 878837661
553 429 956479992
174 142 611278035
411 58 455182950
129 38 167584310
142 692 857631180
379 287 861192125
356 133 192888485
342 372 592565329
660 458 924064879
416 737 255335988
91 351 946252290
35 501 805086160
544 584 346667715
635 744 688946775
285 637 370107050
509 141 6110187
563 786 593581718
692 519 980063787
564 431 89303916
204 737 780235633
13 1 446015326
162 532 962228722
624 63 911553157
738 786 523794884
194 173 27354628
479 72 999589585
470 752 907389726
29 23 747921733
609 15 699269804
719 606 979839956
332 38 680825518
294 176 673662611
323 133 596254390
28 636 111965873
414 152 729767308
633 38 674243016
137 432 342592041
682 631 692552032
190 152 81569265
51 554 136667302
576 336 114765483
220 26 387041830
62 26 820380878
690 691 22324072
271 93 27209327
638 346 527427028
292 219 109985439
364 709 988257304
437 143 567206379
737 482 620878117
762 79 105665949
619 329 744952003
261 792 408257336
131 429 629828966
521 751 64235178
136 139 812195221
153 338 533671518
470 15 906607894
142 433 729963659
470 298 805750655
610 501 841006127
181 399 306270945
605 105 971956933
357 521 803586450
15 28 506935775
593 513 58193926
260 91 828492158
157 191 295056810
704 679 299068016
237 786 566274575
665 685 667990683
768 118 593802661
781 757 847827693
473 362 749989142
690 264 162137617
695 597 70061369
798 292 945123915
245 533 763166242
353 511 216443854
329 719 484284588
558 295 873574686
32 14 533612682
56 601 428415392
781 404 255885538
614 320 581890148
115 31 905129418
675 283 257548679
2 557 87393326
590 278 852577076
618 2 257773952
102 442 986546610
256 670 506492597
340 67 132806315
746 622 548416927
765 150 717555827
591 792 929260810
59 88 495689374
147 733 773846202
92 423 138975376
584 524 491412301
697 643 24094669
559 185 521791010
631 716 425950959
565 767 554266409
740 220 351786390
118 432 220338949
172 496 64620468
194 295 578210162
188 163 77677855
91 69 769304393
724 385 966077983
489 112 17210475
117 37 109534176
655 352 878176946
128 572 84380652
265 794 633366584
586 18 62088545
251 230 273213637
500 380 697592385
276 570 246742847
353 203 843716333
470 337 707804307
616 79 940861414
246 147 696717845
744 138 785953712
16 569 304041112
120 556 815964080
674 764 77441286
396 389 589189692
749 238 700344518
250 703 339355868
795 410 502416183
288 563 926816035
791 510 991589889
73 12 115060495
695 79 933115079
551 217 388115528
152 341 366714481
657 190 774015815
211 446 791092246
68 56 224489307
635 543 806759710
125 564 77777359
716 287 946870901
136 536 934288322
508 41 349520285
236 368 309598381
377 422 299107628
541 316 5143776
144 242 316007154
430 231 890975904
312 502 466647812
452 298 715641342
771 461 849609741
658 565 494468799
675 384 735704208
428 191 309486108
641 119 602581798
414 9 807176473
253 7 322974395
494 110 353400665
269 335 62626000
590 110 470485794
313 781 245715849
518 126 501029740
251 701 726090874
430 553 912764619
377 296 485304543
667 224 229818243
441 501 85455528
341 384 784021012
645 310 640805932
283 675 612146326
697 289 804432062
681 544 189454886
724 178 596788677
637 214 110155251
345 40 191842035
178 141 415236515
587 715 682260521
775 184 699210878
700 663 496838920
262 107 114102343
90 144 477696373
131 50 702252809
253 457 645705741
329 541 721462082
384 260 227946046
354 612 569512794
351 187 66190652
767 321 565336963
138 626 487795502
319 330 954810556
549 376 35878589
27 718 687037431
466 346 289795997
385 16 769622790
172 763 884938768
609 673 284778179
648 131 431335286
513 196 941059170
267 410 345011090
10 473 420660484
799 177 837058315
470 452 995043315
375 279 61235873
328 421 490148238
317 487 400587843
69 313 232013441
714 515 627537334
257 555 805492462
182 318 602941954
480 703 950758215
80 319 551791037
796 97 235910805
485 775 394708845
519 71 489349026
253 41 10566543
415 690 142574158
583 182 475471078
184 517 290907188
145 122 106275984
212 2 371031097
529 705 44619053
97 64 523329447
285 141 410089319
212 362 268935865
417 786 651510848
599 544 718072167
454 12 308411982
435 161 40794121
208 172 613702786
81 345 210159703
473 415 672200727
45 108 961452713
498 21 440540103
706 162 367846454
189 30 159304096
208 90 962359319
389 38 183775280
587 619 583533321
264 322 137000588
568 420 401461259
417 665 800389531
292 505 584722557
571 358 31040468
589 487 197515891
792 785 55309808
612 408 953055252
743 350 949754710
561 509 487262766
149 12 722981438
367 687 358333694
43 112 245829929
139 8 313663361
306 628 909167400
199 2 140436382
547 385 543886889
443 709 116693501
451 515 885966682
373 797 228276191
781 482 830977767
610 781 650090618
618 392 602312774
532 319 483430411
678 422 624170668
156 127 409097542
26 142 119056448
394 199 183192283
365 683 208157861
403 85 121934604
469 16 41336906
535 510 706517195
689 724 2149390
545 503 34924535
791 466 442624888
54 624 170970298
2 391 768985308
197 690 810502944
748 783 387212497
74 305 562564709
365 340 391273795
493 163 238621784
582 668 694667412
157 163 498727419
267 52 814528739
252 740 947198669
185 8 739166574
506 429 695563534
510 482 192491924
239 771 421542358
76 439 568338094
183 767 372820459
205 174 526551102
438 330 826294751
656 763 164842836
387 620 903586068
781 375 805199881
580 559 571934624
772 105 141799865
339 14 842532534
768 171 262683363
294 182 791883056
484 258 75765572
221 77 478751460
79 541 787622289
233 138 437157610
413 688 719730266
762 416 120733871
48 223 59849356
441 207 325427986
386 157 794969148
643 9 688104828
724 148 742005719
488 407 524646396
116 303 774371604
663 438 580275676
720 582 923540336
289 667 760145713
493 697 499995368
189 619 319940333
404 411 112981020
46 29 139788801
779 690 966102377
668 16 941333746
164 142 653265429
764 431 842424769
682 312 350546613
749 76 377186245
367 253 950202029
511 15 369107616
685 41 740013353
93 62 479418398
676 452 590408776
535 533 288654339
520 783 214841899
319 567 599738886
379 478 575673890
16 750 987657639
799 724 489178947
331 150 459679873
276 345 144935777
297 53 529216518
252 741 402675299
644 267 873099795
417 275 78634
69 402 997028213
362 389 38456196
367 352 726794155
548 658 572547879
26 680 215169557
5 398 910496607
92 192 670740775
729 285 40175237
116 407 853881761
442 799 322164016
631 309 632428124
604 544 865400379
256 46 472312352
679 608 585277387
630 131 968835488
413 552 478770743
91 705 206074198
185 497 109134905
19 5 836582218
716 417 330110776
242 115 611299926
147 138 515125778
691 359 982053291
405 134 957032026
223 443 772339552
380 699 698930436
660 45 770419828
89 24 247626697
774 636 299978259
165 101 558242734
270 202 45356399
585 677 479650692
58 185 86628671
574 194 969903284
537 391 317056176
649 513 132019253
543 65 136851243
88 556 549720428
236 529 945921751
233 65 799857509
245 481 616782715
469 572 521697761
592 228 3204708
307 755 411851151
623 609 52071063
507 719 998558924
149 104 398986918
397 216 178895042
661 265 441151386
335 128 136765687
493 126 862027521
605 762 306213476
746 264 421288333
225 485 26248701
706 570 554529988
228 227 535342040
214 655 138935065
140 116 82039602
116 45 759185876
314 173 25349509
282 623 376633651
332 72 19976870
372 122 758194160
734 259 635674882
574 22 803935253
108 35 313321063
207 183 134732895
480 9 19323721
430 618 737999684
492 230 145997478
53 92 138163364
261 439 806883594
362 28 175248524
444 277 620684788
224 154 979227801
585 425 295289079
513 184 186127014
692 329 833738682
452 792 346892306
416 4 931807358
351 602 120324090
661 39 224650256
735 234 545690752
342 627 310851761
681 74 196819946
542 528 534146971
186 35 483927203
421 476 590026932
230 748 200592066
189 106 902281134
262 272 109069765
321 522 3298601
679 624 619565404
287 769 488611708
275 379 456691468
386 127 449050911
653 200 585695151
589 407 467836124
315 389 935563144
383 628 655887097
204 452 926873744
372 113 114773755
207 36 171888838
691 118 15525774
15 155 733081926
519 141 463394428
182 659 493324910
401 170 100335070
280 672 466921304
56 287 274831378
676 566 356167351
417 469 697519479
14 12 303217376
451 15 833197681
288 28 166188527
757 411 384646155
381 281 240552642
561 322 488261242
436 221 355612767
519 785 222634492
739 16 734374592
588 717 312124107
156 735 398372907
292 498 601088004
386 72 173061014
586 563 456569899
605 419 113529942
90 475 384147441
98 2 879739817
182 463 45229404
294 439 536215647
792 188 3140376
764 229 641853477
648 160 981542453
119 776 602056081
75 237 882870853
658 652 5822109
143 137 433239967
401 149 279655666
123 398 775697558
218 229 223576908
720 581 565573889
59 57 209121672
96 389 867685206
738 487 355667353
554 504 976068164
327 212 80962644
512 604 432403478
40 316 109975080
48 291 139029049
652 578 177106808
421 341 961797154
136 83 218626807
738 791 645051348
639 631 648985216
512 36 695808834
109 194 930787298
487 359 684587896
339 724 74484134
770 435 794568615
710 333 478855744
165 658 546511812
467 163 956554402
651 129 132656195
783 776 384157914
77 752 772093155
532 64 720565564
57 646 751642603
426 725 156519843
750 294 289387922
261 724 505085918
410 348 808281123
202 702 399658562
542 47 634412093
573 309 365792938
194 103 965246807
215 322 476255449
313 162 883378683
457 180 361712066
135 84 667235906
440 382 149123734
176 107 59066502
620 62 554798699
172 28 535877711
798 174 141808098
354 37 694791249
439 11 736749097
513 622 12532873
500 174 354861100
462 540 773784245
773 336 263363662
437 248 456262243
153 380 91985882
102 550 688928895
702 342 570458296
35 658 156066860
485 95 577038014
87 1 345363905
306 773 665985040
180 165 163932872
263 170 442767436
220 624 911651043
96 705 451816753
276 33 889881293
727 96 764253540
800 783 350414549
763 389 87572988
566 479 483733669
7 114 679308102
122 648 156652529
91 65 149939305
7 462 165975558
743 59 732194591
504 29 363073083
537 189 734554426
536 346 815321521
674 704 101118306
308 639 50912083
37 16 177492685
401 134 737809485
637 420 481703182
765 387 124136396
635 734 78086297
167 138 382325749
486 231 827289167
185 552 661249634
462 214 878822224
262 627 915767693
721 218 289222643
41 9 767063598
177 760 263412608
685 109 559155782
484 166 685409373
539 174 499444327
138 132 960419335
308 201 849087544
395 354 106411003
609 325 657482514
381 719 37443166
632 412 886518237
25 520 40569605
453 639 488460930
390 435 41259072
330 73 851554199
107 548 19293161
1 415 335636593
285 268 399079369
283 323 350261246
66 44 449278015
789 471 19401136
204 114 851992349
767 484 258589179
244 142 797930189
551 328 919730590
269 106 377572046
423 479 95428429
628 518 337133875
11 3 525706907
230 39 995872388
217 483 896959599
677 20 81381136
432 254 278613132
259 623 249840450
45 757 365716470
728 442 601426223
62 378 536263216
16 156 312977295
751 213 754028153
643 430 294769320
323 549 760029360
456 407 197950881
478 374 906713900
703 89 771410934
660 671 607826604
182 176 760481649
138 109 894553896
224 691 454162843
667 197 679764219
223 703 571145549
52 366 299715108
739 643 156874824
266 81 352649551
425 137 566430445
404 256 54878568
778 421 548754157
384 448 769012645
381 68 532126924
652 681 2687879
159 194 314089360
42 646 550290796
168 699 257896152
159 227 762489585
671 390 940739312
167 800 338231123
769 349 549669437
702 739 667596481
389 272 901574083
363 82 393290778
54 31 414280115
569 148 477234439
518 424 243362095
234 155 547402770
526 462 93024381
689 80 292663873
522 71 172641755
387 521 737232772
67 504 639967829
145 350 69510269
337 217 112732444
257 683 722084772
262 429 9241518
142 41 282428498
644 413 410081819
404 789 810397947
159 473 64677756
200 312 829759013
636 161 162591130
566 661 50339563
568 217 847500932
408 151 556153530
549 48 186023622
281 124 621581512
577 376 525864311
792 394 458352900
302 777 164469370
482 287 949038743
127 571 83728125
300 173 912165398
797 627 152778573
733 63 684540133
421 141 14190578
485 521 554324183
729 132 447557539
651 121 672609048
701 91 877716662
506 179 614513160
259 138 617359353
548 658 833416233
335 427 764259151
596 67 84463564
123 101 391273200
168 124 436859528
123 693 607293611
518 414 981716368
24 730 351975157
262 748 424448390
491 54 693333197
545 322 170546466
613 256 924371672
637 449 63455473
52 20 893975666
707 100 144232029
731 104 634308449
662 121 471264740
676 468 243370510
133 34 655889181
690 302 171593257
398 254 460339031
250 379 701320594
209 225 733899054
193 285 280773731
141 641 171910098
79 787 547795822
237 579 165474052
646 164 916775784
639 552 761985183
433 48 878603650
127 126 636311593
139 782 956923610
530 760 311953159
624 81 353991898
95 65 419296413
740 41 93876103
306 177 45179672
78 336 636443422
695 477 317549521
744 328 192695954
409 350 494711866
653 620 446994682
515 464 512141222
409 95 79647050
257 4 806515612
402 570 912020638
291 609 696230115
375 70 38607893
384 409 591718014
633 725 150756547
75 309 226585791
62 13 575210979
583 86 917667322
428 714 967803989
684 85 702999343
741 701 34244547
482 655 992362311
40 471 718700809
727 122 616467455
442 437 119747285
88 272 810285561
209 134 224540020
559 45 164121091
260 115 514066711
138 770 107935671
619 701 641683417
433 782 60343800
340 572 572000664
647 110 731258761
429 738 571499329
705 530 130642379
702 518 9692019
487 632 348216835
496 6 975468707
66 87 556239955
483 726 285840909
694 224 1837555
376 358 215138439
229 160 204226437
372 450 247801354
657 121 690848460
736 108 84951637
796 64 516565338
696 307 527592632
628 169 424423452
178 41 372399504
500 127 875078810
719 501 282906180
78 170 27470923
279 280 645432058
60 63 213462343
746 293 787638808
331 226 13897246
499 628 590241640
709 659 71134471
774 487 930743425
462 410 721915464
416 326 403256291
212 363 784687989
248 443 31097703
621 116 751991020
605 627 667392578
382 50 18354356
291 475 86342377
797 393 863657192
130 288 308398834
45 234 13477258
628 354 108620721
58 777 724064099
281 435 700719454
655 251 954518800
234 427 846320363
220 402 904483150
365 171 952502880
8 374 551286315
527 735 829018935
279 16 432065148
760 94 624191279
282 13 910730007
667 10 720346430
192 470 914209166
187 694 664025013
509 34 532301425
106 152 64771604
155 135 85695371
321 162 534570844
107 447 458428285
351 358 776172775
55 5 953871879
107 669 912116549
517 67 20601570
212 495 128519999
67 32 607454523
716 404 252578048
650 510 5665243
657 562 377152687
18 585 840481178
426 15 368441170
284 210 16952178
283 196 247676452
686 123 296917478
243 123 122013562
388 644 388820340
620 302 72501602
746 157 314294478
11 70 204109803
790 468 25801368
772 142 657006255
689 645 848449725
710 313 945702221
82 27 417362142
229 125 801129693
305 21 456711494
349 744 988597149
291 731 30920605
99 69 627686602
740 700 679523418
377 83 915765679
260 718 638198705
544 228 871734160
672 49 911174864
68 754 299195284
221 693 111341405
445 242 111087290
779 673 93693561
213 11 681713087
556 70 964108253
726 502 944952344
110 168 835165213
297 186 69709312
423 139 547464893
58 654 403636328
246 320 917014738
723 377 892061316
550 396 668991014
52 122 355018555
721 400 193321108
789 652 924823282
20 223 918655394
433 561 7605115
666 296 722945776
155 439 652146296
218 767 966676318
418 362 672927043
233 108 948931576
8 275 250474201
485 373 261736786
118 22 614619141
533 69 369911296
743 670 360004086
339 602 78177821
459 53 231359024
373 88 955003953
710 221 484458252
717 587 263742804
568 139 757470480
125 100 691907228
708 630 638077417
267 69 914590047
797 491 950813369
166 357 647365806
557 436 333375199
419 338 857805522
211 187 612406695
38 400 127008074
328 563 544056201
47 729 28646776
29 13 800587521
654 219 813619763
620 344 812136922
148 101 264697438
67 275 813311808
273 164 814297541
522 54 398584426
370 328 914459631
212 464 990194476
623 349 935557134
420 635 324563878
74 69 88732591
239 217 417456252
473 47 723979461
404 409 582566625
130 437 617138643
485 311 981013289
171 13 20029221
523 174 975835714
77 435 965960844
711 99 700498488
731 230 176723598
718 293 685624760
187 544 373768052
68 258 440438082
533 545 56940831
322 94 683134343
176 18 807243896
381 742 764381017
50 607 689731458
402 76 959816457
349 127 559557321
698 340 331360428
439 464 965632621
114 107 845474255
503 374 686285790
725 512 932769723
407 246 712654675
455 197 405649376
568 73 630236683
387 140 957669961
300 685 658166648
28 774 781285414
273 226 62629857
775 700 652863774
748 76 998563822
562 320 998898266
285 779 104390740
231 335 970913802
230 290 892558240
701 431 683056563
615 160 241622836
64 106 323463097
636 51 855445056
219 65 828026787
3 248 166096876
774 492 766918929
467 578 185164975
76 53 264405642
342 149 564059294
796 8 491218689
380 707 521592836
372 4 940096812
204 88 792179086
46 244 956080530
612 690 674521744
646 323 905721086
759 556 978137075
92 166 460365050
609 593 735590920
691 672 43154844
325 534 89449886
218 357 947568643
100 730 967394604
136 10 585784465
199 1 258978679
321 760 145246
438 795 639825355
627 46 258157893
513 278 642486792
547 713 999912374
626 677 190357736
65 577 68263360
236 242 972948732
426 1 381558384
676 440 633346127
135 601 488756179
197 23 678906596
1 657 922412816
799 460 46145715
415 370 530168823
165 586 455759802
179 79 887097675
670 481 8095187
312 127 654204940
617 500 594542854
337 394 979893920
241 30 393262029
436 192 666645536
699 265 779841251
278 276 808271321
160 11 295759492
742 697 118106012
487 623 831912542
389 788 720380590
436 771 738321854
217 297 485344166
6 748 202304497
43 37 280905493
580 11 944439570
354 408 962330205
350 132 841003118
44 1 933801433
681 383 761860425
27 106 340872032
60 590 70418985
228 522 208097542
8 209 437708192
450 55 258968207
572 194 898547362
623 462 562345020
110 101 518216470
147 309 289428057
775 576 997620035
386 793 149799696
25 327 895639228
412 256 802431404
92 575 905761521
247 19 969991739
138 376 647606564
352 141 710385599
460 235 551077639
793 738 236773907
638 516 658350765
368 421 678516757
592 727 127041741
643 731 87920130
375 136 781144651
131 319 541291313
508 316 159854741
378 722 17205742
596 451 286676362
493 188 107742537
512 138 371658882
588 171 245674597
584 692 978550698
713 280 670237544
405 224 701700443
188 617 761442695
338 416 848222227
402 36 688266462
134 84 541232826
445 430 719711385
639 190 196368471
754 226 36227835
723 157 190527348
616 307 642691088
37 777 575020947
603 351 267296217
672 617 582237969
344 143 328151379
285 402 573545521
618 249 428483743
284 683 81664055
371 772 520935845
304 427 534453663
654 564 128913680
296 206 700004586
492 557 334979407
545 50 381838206
416 460 12800556
449 614 834370417
768 498 24839226
356 642 450076492
745 559 301034465
2 1 418763586
756 206 539955133
107 757 950122764
766 679 231642056
47 252 944144981
564 498 770140056
287 170 526095434
641 327 779631012
756 560 571598323
738 106 632361071
26 20 121099060
657 668 314033660
676 546 619117368
490 560 165461169
90 39 133277516
94 275 953918618
685 22 482459237
507 252 43492531
286 481 699948005
30 101 698570219
555 779 191135466
4 759 272061681
472 277 248648816
124 159 69304725
582 345 98688127
498 450 28928068
624 124 916212604
634 212 996373549
538 507 239009695
550 97 696549814
316 155 334799590
202 273 529131839
704 349 722049929
429 284 480178748
772 407 567141232
555 155 385007930
203 54 186314216
57 593 848733020
774 484 36952016
394 441 127019009
449 337 582700576
393 273 332546819
378 418 493367497
761 734 404429904
125 41 73598052
28 26 445659042
437 797 891425158
496 245 946809157
50 120 270218044
551 310 921383413
660 763 382971537
152 655 779220953
711 447 605890902
115 527 663472900
617 43 454992373
680 602 461099419
427 779 260764553
795 490 882054239
385 459 521698661
783 202 868209614
645 655 286689248
242 176 696592513
116 362 759304477
294 476 659332464
637 733 830316407
482 46 449731182
497 597 327856792
209 147 785188923
275 61 761200580
537 128 339929666
659 336 369127786
651 520 611957641
395 22 62884883
225 366 259981863
734 320 77098060
607 712 956139056
683 447 244295636
23 355 811647038
396 636 715978472
172 159 808402299
180 610 200357132
629 434 782740743
218 97 238643773
663 710 264311132
518 648 897737868
392 387 259743478
608 584 419974386
748 48 961590139
707 198 79618943
395 176 408558343
40 697 412689363
337 190 552773466
190 60 398141968
73 192 100410192
116 12 956165089
80 248 886616104
473 126 109399126
254 76 709619326
618 215 964425043
173 164 467917651
64 735 327406563
245 369 713015683
410 221 28888395
521 307 401677846
517 152 151857394
797 182 147365078
129 59 293392424
254 732 621509522
438 6 386968338
585 69 21171819
783 377 560708111
385 365 685296612
325 276 634885585
311 580 635314717
761 371 968423517
782 162 734572822
69 608 674570446
441 414 808953555
752 49 172499582
767 245 789115838
10 714 256167232
446 669 281951412
459 96 141314498
720 736 746968553
368 80 393222615
696 725 517530915
591 153 169065157
369 505 487416545
123 468 909393324
709 796 16906197
736 136 856665974
13 277 362717873
15 519 406012580
796 63 711247103
743 672 538455557
609 157 718290416
149 93 197315357
707 122 256904468
576 501 54342979
224 180 739665486
481 665 763216415
68 83 672768104
300 687 499317817
139 385 665914940
377 327 233594653
450 185 832181460
755 119 469161160
150 579 175171024
113 375 833792062
670 284 985586177
409 93 809971122
753 776 744199975
446 370 873641084
156 232 969707109
20 108 195708384
482 85 992555174
766 796 897262431
654 519 855484004
31 11 169729210
376 661 124753738
455 706 822372778
247 378 311436519
361 218 465602599
757 737 945371101
465 716 193907760
540 551 533396330
784 473 771032398
351 246 65675267
585 314 681668557
248 2 840535220
411 634 79463459
157 382 383897161
437 316 293544624
51 18 408964814
613 222 22317925
459 40 967108698
353 560 602875896
672 555 263560252
131 26 199250542
453 689 381043921
196 775 558518163
72 707 759611660
692 294 113756211
481 54 383179125
706 511 551640005
600 179 272056999
236 253 675386490
9 206 190902058
715 700 479883975
797 424 302213125
205 258 715605735
538 46 852493112
18 300 593357601
418 499 896510868
763 746 181421875
205 790 343657977
91 442 491037908
415 590 573712315
574 302 183342828
356 383 545274817
107 30 426713500
7 41 602233878
319 361 901976258
442 23 933023040
483 732 633205027
346 680 220813615
144 26 4602847
494 574 721764520
225 172 508214749
556 641 219058223
427 256 36350606
592 758 216011980
3 1 47100070
271 152 807782984
103 78 97713808
312 124 820370207
220 527 852665494
622 185 145327238
12 585 219597796
771 434 708828697
498 627 938431510
279 392 760532234
77 78 456781724
172 649 216024840
773 321 966436480
574 770 569614200
115 397 741242266
160 354 644149362
699 298 537102859
699 219 88031624
646 45 287407784
628 277 486656226
291 157 132185445
614 690 61775894
757 628 695600416
363 43 413012544
683 562 824985173
443 64 496472704
190 665 94674212
212 498 592243044
209 270 688848927
633 799 386648108
162 208 813802531
604 27 20950532
733 103 32941905
655 780 537366068
391 668 276778017
454 380 22580117
523 50 468574063
186 61 600323343
498 236 357683521
511 348 919667730
758 350 534446377
8 55 815066770
90 206 109504354
535 634 119884714
162 713 428381312
669 149 471537691
586 156 19233245
206 53 978415578
77 288 438898524
400 622 749434707
256 163 232659530
536 504 845562210
80 125 10558704
255 460 157131350
232 140 648736041
221 373 473272359
121 314 512788266
344 497 473388027
478 495 390690583
784 343 7172101
463 266 215835472
32 62 165504582
710 796 80106678
26 332 355040948
261 546 571273876
249 18 112210652
387 419 629429956
727 160 909024243
391 430 300551107
645 663 142390090
696 656 673043136
31 23 722947965
716 317 687321127
692 455 360154540
389 380 472433695
112 22 619913063
178 267 925600855
219 141 217829055
210 199 938503070
653 133 887670821
779 408 103067545
124 359 4020035
115 12 990837177
386 166 797019335
477 710 862825254
244 392 31637294
73 763 243428458
196 107 408569099
761 569 540852768
28 777 915292442
326 558 304678208
53 695 468203057
51 4 150253944
413 506 78434190
324 234 154815079
365 455 330762943
162 684 959161705
646 694 507358349
413 252 888060365
137 65 59195127
6 2 998917729
481 112 499195028
631 122 275088667
453 353 937765835
18 735 843643801
376 667 680802775
28 36 933239570
381 99 565874576
26 619 535728117
199 407 219454730
205 23 656775243
724 433 717174595
645 343 540037165
651 250 530514711
70 222 445792056
457 367 582336544
734 8 714701129
796 61 52531802
754 646 922448392
527 210 789101362
524 551 511514646
267 331 942856791
593 320 409925880
755 513 232565067
671 178 243197702
310 75 844214199
386 638 633269780
254 202 661296001
41 311 125905213
333 256 614875081
132 789 669868720
342 282 710559776
420 74 303658703
535 164 80301184
562 236 946059301
336 727 245957466
568 152 824293353
383 39 54869454
547 215 392356454
535 126 233376633
301 674 375283170
110 536 111785104
117 784 694695240
765 732 15656307
292 65 695167607
440 275 298530544
77 105 913956329
594 613 34587620
251 467 72250258
769 136 544827141
694 685 838260901
734 646 179387729
790 565 809538502
80 2 86696981
686 375 498376386
134 350 707435615
286 745 996744449
584 324 71634137
760 613 71289098
608 264 844191358
319 366 845508957
393 210 448636316
290 288 278901858
413 142 323173234
511 678 361349814
492 411 219042526
485 565 588564692
583 666 714709525
527 521 442253458
117 86 112330682
744 138 368938902
343 336 412376706
655 785 692274945
382 765 325549294
528 85 328972888
284 737 948388366
81 770 197491985
521 228 659615154
33 263 313030948
101 21 655182846
369 763 699386905
164 623 295414557
481 714 64334000
252 159 443746286
279 635 476944212
550 47 524835044
96 344 398947544
133 262 937234817
75 56 890594022
608 190 651764695
751 364 301483799
27 363 776402024
549 509 386998778
526 47 373152081
319 402 238300176
703 160 3310351
591 431 606566428
272 38 393379504
452 139 680611877
719 586 641742027
129 62 617688855
468 529 388419544
408 261 415955539
695 566 80155658
773 76 390251228
475 93 149899018
420 122 596206471
793 308 303809706
403 376 664089068
15 327 409951611
65 289 671383558
459 449 376158728
631 221 930688068
570 248 370204662
708 65 296644904
643 385 336845878
155 55 175835879
386 777 861190245
314 157 94422341
79 17 471444115
233 91 775914865
340 602 525883607
783 600 59176183
212 131 772281665
190 53 178133935
610 23 824324683
137 761 726043591
172 695 87142717
467 727 952705718
245 246 561784942
592 197 703182298
87 758 471496822
625 301 40592049
305 159 524957789
763 517 939376295
360 549 155194059
525 247 629973414
48 452 733738151
455 690 703895093
62 406 615294714
731 498 91154868
574 251 919667334
208 306 636980633
783 362 626455689
489 742 617105682
80 411 748816190
764 518 423917044
753 30 715799599
676 724 180118451
127 31 846876103
246 739 877411091
186 222 171736818
355 598 538859029
693 491 499519111
473 453 400085727
385 627 144639111
100 9 962995672
732 220 612477505
637 550 701379154
4 293 975921604
391 443 142131568
537 682 775549990
782 537 61158373
8 656 385583919
662 629 524854238
731 204 508541207
160 778 332350439
56 272 986511992
727 542 666672136
119 104 573023275
518 73 446215340
468 450 324576554
45 701 884476455
57 131 857994124
207 446 839572028
784 267 481588261
291 129 316129082
529 303 613975265
718 702 932046505
196 741 401611198
239 592 227376692
616 352 482695014
756 80 291817145
16 121 32519770
484 127 593183220
632 408 867521444
296 336 219170819
659 43 634104008
387 151 67157045
330 32 590206976
732 42 722585579
499 186 647448087
671 300 782349115
70 32 229492888
56 141 404941800
282 444 374398065
630 798 394837121
692 73 411082189
276 566 81908447
439 233 523840868
578 789 488342710
757 242 72214629
739 92 606705215
363 498 298594440
572 471 351735121
522 125 693527343
561 456 904423460
84 546 497582314
387 26 422616254
444 128 264409706
419 103 102467168
485 629 351866662
481 50 222068301
443 760 480142362
576 141 66399524
33 332 701820732
4 332 303934927
746 419 102628418
356 364 376054072
729 110 94425237
685 750 367745322
42 37 846694316
346 631 392036474
416 368 669471601
295 182 418162329
537 459 40300177
662 368 94355973
204 123 585420656
761 777 671313317
540 88 28588956
214 674 711153874
74 518 501572934
277 617 974854402
65 716 466860357
21 614 256154575
44 475 667923950
478 161 51641705
170 254 549946764
540 10 444575631
791 519 645840960
158 638 201078974
42 57 760915580
570 535 18397470
130 443 834797840
584 160 707594112
222 511 11052970
634 246 256130906
544 182 592976874
458 564 848136371
769 113 983402828
458 266 477920623
553 765 288488436
543 192 977221745
290 80 241050574
724 536 369019461
236 254 932476803
566 507 530658246
218 741 366754693
794 699 710973160
51 506 901399724
787 570 975735618
539 513 748108427
629 190 877102609
454 584 144492891
405 456 884041421
728 433 23851075
236 316 868884413
409 511 831858130
387 210 574679912
633 405 875778517
581 33 74613238
575 711 398519873
274 167 986470559
427 636 128835054
443 676 981459933
471 328 685585802
486 298 856174594
652 533 131709521
637 514 329450570
47 762 162277682
217 245 269072857
392 233 48154280
242 689 394574079
668 247 432146010
514 620 527176644
238 320 866002705
576 744 143803002
12 749 364620199
62 761 807093835
62 436 926975863
392 497 921548895
774 632 804914363
780 737 638246220
272 155 290961362
420 598 968519436
735 89 923295502
534 195 261432846
110 381 635488279
560 532 902411768
86 153 16572563
476 180 956256643
657 341 73697883
101 799 71562854
578 276 729603453
179 561 62400557
759 306 80744505
681 686 453636717
516 133 892242970
565 123 6486305
334 329 451905711
465 619 981756703
694 448 596436164
309 25 996167977
376 443 75917371
319 29 416968223
399 38 698450676
340 193 465878281
388 407 47468602
406 88 606451672
39 10 472083271
507 269 84345469
128 173 953388044
684 631 379123596
654 99 209976891
476 492 932132475
686 516 976447645
582 105 476330402
295 61 222593403
494 429 723193208
295 564 464295716
698 579 564458669
476 147 196948529
760 183 41977888
109 46 932417009
526 370 568152626
362 731 202680135
279 626 30419765
248 97 303446321
669 645 823033969
483 323 662823207
399 747 325255130
556 36 192650092
274 742 369519863
154 136 583428193
390 714 238683327
352 243 899042861
516 178 813611421
451 271 979290813
71 123 591292981
621 253 352564942
779 670 302977407
540 528 41656225
668 395 729900097
580 630 635619070
755 587 672959082
254 174 29003978
493 727 355147904
431 224 886190705
143 12 440891809
440 368 757343974
184 451 636942651
793 620 701105008
472 13 629540022
600 81 395064628
542 43 628358023
148 538 473415784
218 171 808304287
646 153 297776846
403 24 359723522
777 187 935794203
136 634 696960785
298 22 343954364
298 753 828010883
8 5 562028941
125 532 878880720
158 117 361904243
636 305 245106666
713 109 372489390
248 800 492142150
677 270 481754242
302 585 890939568
97 473 980662097
300 737 687281837
522 659 429229687
739 516 807937546
40 302 844095971
673 696 879406793
193 505 428795539
719 121 328409301
735 10 180236835
695 796 737528268
523 81 792134280
493 497 869411471
722 707 322646002
521 25 256997139
634 580 138037895
156 140 240492107
582 35 46495971
65 14 56824869
282 149 70409520
624 39 783811329
338 168 620443204
302 262 316046123
520 124 324718648
16 8 158257721
383 789 595561673
533 193 110772520
434 390 476434156
593 200 865095761
372 500 782725167
12 2 861457419
315 80 637085372
470 294 38620469
449 435 593027857
508 10 336113470
607 675 63139980
111 588 399905840
635 525 331554579
335 247 593139001
726 46 603968215
658 8 719610837
635 35 739765376
646 463 650169302
585 68 423080598
400 245 219733193
636 605 715267594
598 118 577327041
673 87 223729512
110 591 647009553
6 72 655804420
675 157 386469030
96 82 638206553
623 351 465418004
370 214 14543419
542 669 672174371
558 230 210479112
760 761 258328306
430 631 645165185
611 608 272965130
367 373 840341788
476 783 654640187
3 208 62666766
497 561 867312741
14 65 778590888
785 415 993569287
123 391 695220136
578 20 475347516
141 718 800473177
620 145 909867026
17 635 780492254
177 674 329181873
235 594 542358504
14 757 499761854
78 137 128563143
666 380 38370776
310 706 649675821
406 272 86069599
328 76 998396556
367 615 517095853
150 47 411697406
432 470 613185768
60 553 874947384
498 458 271818446
269 355 831456375
707 112 427041180
685 392 572522436
199 311 698732508
183 716 441428753
257 655 534706983
469 22 649347585
785 23 646857710
502 248 597341897
265 749 96689545
470 45 792940965
702 710 768067395
326 761 813122020
390 485 323215541
403 548 135253925
729 144 63842423
224 591 919378048
355 159 732217286
386 580 70667227
785 226 742410082
415 528 290814161
78 323 90933766
309 664 453985820
489 436 700949694
611 688 412547610
385 592 789764555
232 571 184682589
167 103 425174799
796 170 988949567
239 513 225857080
123 666 169046031
3 60 994844971
770 544 678972617
640 618 486541746
162 114 924507276
710 685 480807299
540 116 155583415
82 343 617385870
586 431 545952561
134 56 405586033
238 353 304494643
527 113 502903618
269 491 82852548
370 201 462154037
533 558 306824847
214 62 672264459
372 523 469534110
686 185 677554942
241 37 577089819
364 405 884204356
654 218 260532932
507 631 299382215
786 481 830756834
367 276 887322307
28 469 684396106
785 406 928798223
627 557 493980230
97 758 847813737
303 222 516316431
344 307 408333951
52 383 358198930
270 178 431150620
533 674 593823188
304 132 320474291
565 118 117565472
553 91 262640661
371 766 847035038
348 491 562888440
746 648 812276377
86 604 775827876
734 96 45667845
725 35 741030289
157 106 986580367
70 481 651025309
338 159 144908515
589 157 423469386
269 129 721778406
227 635 385744689
11 615 355573652
498 731 301180731
622 295 691692485
613 291 970368554
482 385 277776649
538 484 58186130
510 711 863444750
184 183 262572534
16 738 408804075
324 178 270025526
161 93 545537771
601 733 486502300
235 171 723999146
322 704 988512436
772 119 12018015
464 287 956664717
84 17 302557302
595 740 781019706
661 36 471418017
430 403 423654610
79 760 844132767
649 741 8317844
343 217 264167432
286 113 219309643
266 408 332487080
140 783 758527845
679 111 93385651
352 164 246007430
245 33 554984209
655 71 574019305
342 590 192591339
532 369 935632410
682 209 44693404
546 144 296389170
786 712 259920752
689 670 161147017
183 599 465338147
248 70 857976234
184 43 359666519
247 608 174780443
616 424 488260439
654 637 15156208
510 143 459983538
203 5 814033146
202 10 513059002
642 199 468787533
434 256 44844140
31 186 202049462
28 208 354358441
772 219 784245619
718 537 951173288
461 209 173214486
522 397 659161939
771 645 189155110
513 17 340064281
519 692 181154039
20 15 350709143
678 145 415762659
95 43 93575501
228 144 804299330
577 595 976284906
72 644 435258422
370 712 817715728
115 773 604130936
9 8 406356024
636 757 775544201
261 167 305394741
596 34 165361699
491 214 900551507
371 351 523542148
779 396 491333122
553 483 73116629
292 680 75125931
306 29 423761632
778 759 502351839
406 705 781066100
358 597 827460202
708 186 905208994
181 21 865643378
454 638 732451550
321 411 415223854
530 276 705926553
509 249 471254209
59 462 167771857
604 505 50841426
763 241 670684246
674 430 852674207
62 186 496352316
556 152 336409059
657 133 953148312
472 140 212581301
667 353 357556260
74 583 196593610
118 240 368994114
319 409 314948911
471 722 990433542
229 765 43313291
160 673 703535490
421 356 721443869
290 367 964023969
500 26 278417977
369 44 223468346
64 26 450330214
261 753 928514854
654 45 707186303
404 396 709286465
414 226 941251889
455 512 940270799
374 86 499565877
572 690 864072068
737 636 640040003
340 402 154518846
433 494 805673449
762 572 4139940
729 602 636531024
345 132 582749293
592 153 588172358
301 471 317714646
688 780 578297438
768 757 916266023
357 127 852603977
201 107 546911561
554 132 581240149
71 471 122205118
175 94 142342888
538 286 600940710
236 8 278935515
10 3 914619653
621 103 763519710
439 79 110778112
241 495 135098730
86 26 318538063
255 81 345069408
656 744 428962551
78 211 658289710
223 530 395044956
105 382 265844036
226 19 171359395
200 45 996131641
449 701 127127152
365 289 480184031
468 445 350830023
441 12 635568288
441 136 301454255
576 218 776332576
142 111 327922330
173 286 432795366
565 436 585608839
731 645 941951720
240 379 768135424
667 538 366533851
169 74 770711467
301 370 172923239
520 154 486893192
360 63 762691484
787 765 892281641
336 115 332378358
433 470 254271046
216 731 275109034
653 185 898840575
343 52 475217911
546 262 19737088
697 31 822052170
635 641 163558594
469 700 143306752
194 94 531270077
549 92 335710554
461 633 806305063
223 79 252536521
39 101 854840846
659 400 651741045
611 493 286076834
150 492 792662747
83 542 891735815
622 110 388726439
108 384 536180617
231 263 971282813
414 753 670276860
639 508 710083264
240 786 416900552
800 543 426392030
233 86 886373890
739 710 745493180
152 334 38924123
356 449 579387066
3 735 411210268
730 262 789220112
288 251 191097857
266 116 784526132
20 261 495771600
365 682 796850916
94 740 713239945
781 556 445399417
541 295 505269646
19 7 352686917
740 256 740592336
203 716 421768704
240 88 961613214
333 369 885699980
48 4 313847244
152 69 793371919
237 104 153387045
594 144 149436710
60 371 311507986
253 688 407650232
428 123 491264707
633 596 653942219
14 501 403495636
388 95 744261411
535 103 846457904
239 51 510007980
325 124 947256954
528 437 22416052
678 327 395666219
442 332 928823715
426 52 745142792
714 181 786097087
658 62 822458561
223 55 289848358
356 287 962423582
77 39 588562675
703 523 32586656
764 515 905293023
71 17 642181910
476 762 491064634
422 546 760065785
470 247 834351892
465 219 142663033
405 739 741565125
472 5 565440475
349 205 778596915
7 548 612478258
110 710 171570201
508 163 676169467
675 412 71573044
371 490 68086866
651 597 348249335
335 11 421251978
169 298 775150880
241 225 939568135
25 534 228693074
775 259 467710336
221 773 125401620
340 200 654369470
6 47 332955087
237 83 231115747
599 799 843690820
719 632 725317561
268 152 536839538
315 435 521624765
655 740 607626231
248 513 126081670
20 307 321294269
151 132 645601013
145 782 832050453
345 418 796121636
730 652 779715852
485 603 976384753
514 726 171379043
144 200 344063211
38 346 16068625
310 674 913503680
654 228 509179668
745 412 54165965
7 2 119679137
523 70 865604142
760 214 157901744
17 482 898904250
507 700 985749799
194 483 768099006
341 356 409809182
703 284 224341887
521 69 511104276
442 44 241963657
404 70 670617607
705 569 690894395
748 663 312852663
564 755 214932516
381 659 80910775
401 745 928764360
479 469 567852635
193 92 897459468
675 15 347672984
641 145 621098544
365 44 152775342
162 506 599953542
410 35 952500885
187 211 442897190
687 658 333179657
742 235 639956607
240 268 24477592
159 76 225540252
182 480 104644359
206 544 424313403
415 692 53899139
766 261 716344544
277 635 877498085
527 53 270365501
203 449 546445677
355 506 789180470
443 248 324171752
557 115 956898486
83 33 203682525
28 540 210186488
490 296 628027729
115 497 66300836
434 665 731622356
322 251 405245793
644 650 364682611
408 130 213706324
309 407 310570171
410 403 45498098
665 402 294527236
800 548 364455262
799 649 803629622
404 188 349161350
272 306 940923077
599 244 979807661
551 425 85745986
442 243 37293653
721 75 370825634
732 241 490080518
181 111 969511538
594 177 859229513
4 2 263902794
356 671 952956172
346 367 680703704
796 381 274472005
131 628 938597122
169 408 933088164
447 308 794519840
454 280 962282920
606 728 593179488
570 538 57099805
580 58 600852931
15 573 94506988
198 49 647260481
581 93 11125124
484 730 784536213
10 240 300597654
465 330 67541785
475 590 309533099
644 772 600902416
580 499 676985488
698 614 362162627
786 790 656080644
290 599 342013554
57 217 441308829
725 745 419330663
618 20 180134457
311 269 330733140
272 136 833109356
734 330 769552261
184 585 874158132
198 174 808290910
730 16 680880937
14 169 747786986
550 723 275702170
283 513 455586782
798 202 160586456
261 638 493298495
47 502 961437175
467 582 184552807
504 411 993326378
98 702 593970213
114 611 58396385
610 283 746846877
157 260 487458353
237 360 675230423
324 151 201049665
593 309 446532173
548 381 465131344
773 50 803181121
278 164 212267705
79 769 291607077
224 500 591561332
430 712 854427262
77 15 652210533
22 633 272134792
687 456 450634261
357 152 140577360
758 117 910609702
502 122 926351364
328 604 726883011
620 528 322127681
170 661 6174267
397 362 638958266
165 67 627472455
36 580 171280811
354 240 807477069
284 475 595443035
682 696 17799778
796 165 208463003
460 710 629155512
86 13 455583792
183 136 50624335
685 784 316016891
170 52 679448306
170 662 179143936
531 281 236506626
519 48 762662920
115 498 830305612
390 25 53812850
215 197 711056363
641 353 352057363
602 104 188544128
367 646 881675508
55 335 207026466
563 724 558601484
273 742 95148778
428 426 700260353
752 65 646148649
237 32 450831701
401 52 221583411
575 342 99221371
491 771 683088554
203 235 77810660
158 117 797839890
725 571 339310197
154 466 311155054
591 186 300227103
13 423 100473756
345 497 411694077
415 672 89127216
147 607 738652177
63 676 324518727
413 22 340447671
273 713 316610308
419 259 945386615
576 531 374306419
110 595 649545410
767 122 297456769
343 200 590076820
504 478 825352876
264 537 136140030
396 120 406216324
379 420 18159713
683 339 987627312
485 661 204156819
664 400 65911374
662 181 43921559
160 131 998920124
7 225 63005966
237 13 948057620
123 8 316765087
752 89 130409565
760 697 681322457
463 586 162007403
521 465 438196735
323 299 606806164
406 288 787913706
553 349 317404359
549 732 37721955
292 341 723031487
794 86 2771409
674 210 874914048
537 399 568718711
666 391 960691652
250 785 308723654
594 306 819437738
66 765 366294490
628 180 233252943
26 210 763071182
315 609 789823903
571 479 532276956
177 447 116849987
110 682 642540196
343 7 653868615
546 442 616424317
116 509 519090516
798 21 798509714
396 211 16937433
529 83 49842195
530 17 335676999
513 19 208730373
764 303 766581149
663 767 909700952
31 202 88948996
24 20 690265646
425 304 374118019
780 431 948752869
277 654 739338680
665 166 260795670
19 265 635347656
361 708 770126533
577 337 912881433
173 466 335425407
211 257 955130389
736 247 997499997
265 117 113674770
512 711 773779676
332 107 977426298
347 70 518640467
53 459 458701408
635 404 858762172
324 591 464315656
378 367 352916211
490 703 110878847
303 561 172149468
681 550 609310147
251 336 896218229
111 50 40386425
91 120 474988639
53 321 40932597
59 456 654206968
321 99 53391964
664 22 735721064
625 310 942547669
244 746 41232531
130 514 193281537
34 19 285158713
11 99 250201258
186 755 676564552
783 408 363457010
602 513 32010175
198 199 251162268
628 241 84533431
631 738 992312958
76 7 644653545
171 311 852692541
204 299 943076943
376 553 416246967
200 789 990615363
416 557 486926830
471 487 249619878
425 277 876062942
114 778 849888264
684 176 731621280
547 71 160212087
82 93 353685045
447 513 471371074
347 219 976905264
605 101 888338001
14 631 334521763
106 772 394322742
415 163 488571983
492 260 86594520
491 76 832600531
493 199 277815034
269 20 180234876
330 338 843438695
301 156 545175060
519 576 171708886
163 417 179346984
236 103 370708135
460 533 406650208
288 85 553772683
714 265 257185771
166 14 489298900
521 274 687011361
745 109 254094829
584 414 210358525
150 71 912555715
796 621 583613069
120 528 24450255
253 132 258995143
55 45 647379001
582 765 506783853
542 657 634150867
582 564 494040538
333 551 26100050
757 472 516763392
188 792 690369307
70 554 145466171
74 277 543482021
283 48 691164363
334 1 263862520
175 108 673658410
248 519 151304175
734 45 683660081
228 648 831833824
2 753 90425729
559 59 348433292
484 756 957983384
444 156 479492969
76 720 31414094
364 107 277764892
258 722 953936405
45 6 642631672
287 790 901270014
196 521 868819807
11 622 811713832
276 197 988916292
258 187 432126614
236 121 599884321
522 302 44519343
596 78 172751479
336 271 906288507
291 521 653017439
23 17 719255334
87 40 572575204
289 323 78576373
275 330 320080020
185 631 434574185
475 641 46075012
759 121 900817921
249 585 448179561
154 742 781318995
765 372 571336549
21 363 161481637
51 461 817090242
547 342 19737007
655 257 871055608
271 74 80260998
174 208 253605216
691 706 856073982
79 542 260580961
339 503 807057655
335 53 891198954
146 699 82526330
532 289 587403107
476 444 74515350
81 9 777495653
479 520 410011746
612 492 581752189
712 182 656294969
7 73 708507965
551 457 832908561
238 93 881196945
800 695 696521821
568 784 42412836
245 38 284133928
48 647 10106211
14 623 742566991
8 13 413766458
464 267 235961776
171 361 639141503
416 396 453274317
552 509 312857895
65 23 35898484
62 678 430046100
554 772 140599032
193 69 239219795
383 208 990824289
777 473 185663618
573 287 466605475
330 155 683731397
389 339 867782165
160 773 181344394
192 782 550902665
178 539 120201867
487 215 627358444
528 394 130881719
282 704 630677177
608 641 201689673
326 349 562695971
53 588 618595893
792 201 137875774
484 141 477897711
120 304 118106383
14 779 152577345
131 493 606444852
376 372 879226832
490 269 511314011
274 242 600706808
570 677 770712321
684 384 702673323
711 155 601396487
397 777 755990764
217 708 122508768
631 192 749521994
646 194 953706442
225 86 467159113
678 791 868983345
481 355 843022928
662 146 732418765
560 277 440973885
626 667 766120152
595 744 154257715
663 374 628258096
146 64 520107196
106 228 928625447
690 741 822968576
112 731 756623721
655 756 498535994
400 64 962337271
170 42 978205320
23 764 196603858
751 60 759401331
326 43 584207832
499 307 567176932
789 8 973929281
727 467 437175935
94 18 207728291
51 330 908736388
557 400 684985922
697 749 329076170
689 12 589769211
781 306 564865374
369 324 685106079
190 54 697810269
126 81 395242310
541 19 976518567
421 644 398814193
645 732 222308913
265 759 614560143
48 499 223768792
770 373 217881390
639 241 216883170
568 468 128659547
656 12 89534355
39 737 55676021
601 684 380877920
33 23 345210303
551 62 764700861
594 512 868923767
738 295 956785594
127 349 38041706
290 143 574389843
636 679 147783531
77 611 221532729
497 222 845029244
468 53 495878043
373 771 411242098
748 617 622491287
612 204 696756108
249 19 646191703
664 675 229280894
541 148 449169387
85 11 212438607
128 607 152603077
723 401 117166580
694 78 588556543
406 98 972616285
467 260 638456319
255 131 845172274
611 34 104395012
467 91 838578779
543 229 174514449
265 97 933800000
350 75 207442632
517 373 387186444
529 59 615793274
581 593 937685604
713 213 492853945
68 608 998546374
78 14 230060632
593 715 138194753
299 489 417592162
738 768 83717649
623 102 121626920
197 106 655411124
391 12 482116931
601 334 55204186
234 41 12747491
108 445 212372862
452 377 257901791
26 387 491762729
85 24 156971440
44 688 674262367
1 419 950700653
19 373 118162560
559 666 154472781
151 212 170213382
3 348 445472408
243 204 147542927
90 290 596917634
285 595 504127259
341 321 373632908
31 416 914948522
398 750 950801799
25 1 650107112
317 309 436138819
627 451 554206507
347 55 918065993
466 629 668251816
422 97 413409033
148 602 65040914
525 429 723175085
424 449 546626139
57 7 724786271
495 731 704180031
65 635 26917241
381 246 800228660
311 128 617786649
747 92 653187347
755 368 960194633
524 129 475447845
472 179 976294545
111 641 677133346
488 166 604161079
532 226 153902129
623 318 196337864
381 342 180286701
192 177 197900366
706 452 370423488
15 543 574696772
279 95 478894023
454 393 49188252
213 90 913790875
304 468 844422696
502 179 664887114
784 781 149360331
1 200 160180332
730 388 199477900
61 227 176253667
697 441 96278311
538 792 752449688
477 521 298468880
362 466 63896898
37 367 496630986
606 162 143893743
438 274 605695917
561 565 970675037
391 210 149160815
443 788 762972676
734 673 269077795
762 386 652899793
722 654 283974362
750 593 77553750
789 788 154323692
664 618 102428326
24 9 534955139
349 76 730941155
121 61 302463310
131 192 459577660
346 70 966869185
570 245 974227990
576 75 658454760
317 286 222087951
14 221 510874634
455 168 36061903
572 117 926604240
416 185 67810625
217 265 813058695
709 6 212233430
800 236 74469448
397 378 966067750
731 775 588886066
627 554 69414339
412 750 982608303
228 154 873613434
259 212 622379929
262 579 621742094
630 430 451854549
35 481 127425672
286 554 322977439
256 317 156122466
513 92 167272766
392 97 260648355
261 513 415829226
593 564 313288816
737 759 693159506
200 366 685004370
718 386 21666708
41 338 163101336
490 133 898297471
213 771 668614263
614 131 251203074
679 753 772343429
88 433 48283701
544 541 352187079
381 798 307775985
139 780 671746980
14 375 240395879
227 136 477084647
759 766 477854245
49 93 217073174
212 542 586300229
178 290 247364652
378 329 412608105
507 663 437245837
567 780 257709435
721 178 547584536
406 639 150774024
26 405 683540556
94 654 821190619
451 168 91477559
783 623 947678640
280 439 530004851
754 775 11869467
38 31 27495168
293 687 367432400
240 582 929353981
556 173 549383880
102 74 895303423
588 162 803221404
668 302 614093980
739 350 369048492
427 417 519127462
166 236 438120015
287 140 513866614
33 547 85755490
102 350 282325538
25 455 625790584
30 139 474251897
591 58 992873493
673 342 156397379
601 497 837653039
289 238 324863293
64 511 680766130
4 250 229018115
201 662 966926105
364 434 586470309
189 293 748338310
380 307 487003500
148 67 821695641
131 640 476605912
597 7 828854576
334 561 196002656
123 133 973354757
266 211 111542928
771 479 823493623
785 615 701712359
676 651 777316570
773 114 410790589
28 517 356523244
634 69 818441242
550 497 289486462
295 213 165897114
390 434 431209894
582 12 411825952
69 57 906126466
680 644 923266212
149 421 443833290
726 158 538190705
438 85 769568008
222 116 10749008
712 81 85852618
289 231 187305889
272 593 686603617
432 91 711207908
105 60 25014358
500 80 226317364
773 299 45332475
571 351 336783061
578 564 847767611
221 621 974762994
520 735 749585698
330 231 285140056
308 201 12872111
501 249 938865932
177 622 503495341
652 382 358576683
734 586 363068654
339 116 766040983
35 9 81781073
701 500 528234127
716 201 882086063
788 488 388948232
604 756 878967518
695 593 885987435
678 515 63521897
582 793 156133862
12 429 872621232
139 203 447812347
644 610 216826547
445 698 64975628
245 87 964908486
677 312 764565326
54 425 384798308
138 626 195024666
33 42 213999613
84 294 415191654
779 139 21031294
748 245 149564632
511 767 648337665
666 565 870928378
779 347 959221862
760 408 915809444
525 464 389721839
323 377 907926892
412 161 348769349
173 301 133234591
118 85 474911399
765 465 675258747
727 699 47313115
570 726 271579207
590 633 891511139
669 98 705606557
158 142 802086327
496 426 797691953
231 3 323335689
493 173 16924190
262 335 303077690
559 458 906012474
417 58 653018387
330 667 847019134
569 548 14197774
475 593 983233910
497 590 39986906
749 539 873102535
34 716 986326710
396 236 316606571
158 329 461521474
604 141 727635342
676 727 103023473
498 311 812084325
613 182 415893313
492 642 608760129
333 538 627866444
734 34 716678487
323 200 267507654
285 327 676920957
797 13 339309996
556 517 288215090
270 462 465498128
662 739 630752414
733 405 359768520
435 794 345269464
130 45 35421207
331 159 321310513
719 726 577792371
179 744 297661159
696 420 488453096
384 161 958417825
672 184 498942471
158 547 159604355
283 539 56056577
794 143 910389835
302 714 326712243
171 9 347498935
69 508 317303718
49 17 351524040
295 634 803224930
413 264 661291634
422 154 811696260
303 573 602319533
789 515 184307732
46 590 923468352
792 766 34147403
408 351 707317935
393 391 8803657
106 46 847766076
688 12 289993339
110 365 723062176
750 517 62171857
597 287 2241171
249 361 813692139
605 490 718263398
612 350 658873948
36 594 91367537
720 565 764747982
427 524 167515362
62 126 487753373
337 736 40152196
701 428 169250001
602 328 740660054
277 3 797328163
163 660 239852428
205 584 148011814
293 212 594852008
664 226 742297962
226 521 756618295
712 427 112551220
574 123 663765903
348 117 231561916
520 422 347930433
305 442 354160027
126 132 637188154
706 667 970472157
591 336 699670577
732 624 237138291
220 77 741687306
192 534 235496609
745 375 975470510
272 77 842931971
219 620 103026437
138 113 843808412
716 450 76968289
605 789 266853857
163 138 915787445
333 117 445372763
295 596 413378897
632 233 620481582
50 792 178731791
654 203 442296421
495 130 495335224
592 304 350520792
384 11 673249440
726 654 916817883
748 54 609070075
309 276 978229503
535 419 296140570
719 133 752287272
222 177 448581701
56 6 121199384
745 572 897025891
92 307 377572602
301 30 915520751
392 479 712281465
771 605 729573544
323 59 895869227
780 152 913521093
280 273 3003305
306 105 306974698
228 495 4917533
621 758 955118340
784 427 679958301
24 791 397860073
106 373 690774038
608 462 302109459
368 781 268930623
231 57 194921365
671 26 519296380
597 38 135164288
22 20 246859589
166 767 681209587
507 776 167265272
635 148 511925657
93 234 764872923
70 729 988888183
754 775 725709246
276 697 449821538
618 125 965994813
499 406 295970783
186 441 878738208
451 621 357040532
681 800 811596102
192 83 893316139
58 88 354569204
591 581 235738160
753 479 567236985
750 16 917912435
328 289 280091371
187 11 696323762
556 182 610680421
612 543 391213143
635 646 726284251
36 35 779517933
132 173 221791655
310 114 827316376
781 110 581951253
614 293 753625269
157 630 897316147
344 240 485475219
152 482 428462254
636 122 379897447
229 139 865044863
653 313 830656411
647 526 66130434
47 35 938446736
205 525 157458845
187 161 447420958
219 203 398764059
491 561 496015204
430 253 187215744
696 737 140370439
580 128 901857411
249 136 386820888
371 203 209307738
170 267 522723361
367 419 690134926
15 503 9642356
583 588 779351
320 279 760550484
288 492 673492187
212 95 416254729
721 479 3667275
295 739 716065410
169 385 307824268
558 772 283378792
254 647 719730436
324 244 42563199
765 38 908689896
103 408 979909293
175 57 393050645
103 539 803792956
433 632 145251128
590 206 156240368
131 319 576070111
577 140 333068134
296 142 880639306
194 382 485966166
127 31 381735136
458 2 961889780
215 126 953582093
251 460 499160141
53 403 356526153
790 257 773294850
702 124 166756491
654 492 848091539
653 278 387466227
736 406 562632900
303 271 736674499
617 335 953548562
513 460 719737729
40 23 796222186
63 31 923789550
504 101 663587685
542 788 795440313
509 375 179813648
761 735 610822492
438 89 964340908
74 86 162756190
15 14 427550270
223 610 514078561
50 200 350655098
201 421 94202698
23 143 579198970
794 264 622710281
783 688 725932529
716 125 717923472
324 386 539494466
107 729 66040106
501 337 727908118
412 798 506709071
277 530 834866222
728 684 390220128
155 396 62657043
456 361 612338534
449 75 592810214
388 23 203058797
658 285 546587597
609 696 681230034
425 104 430192747
758 717 554807600
622 623 28198488
69 333 687032149
519 232 682993232
160 785 594308020
606 153 547945227
253 104 142836532
259 663 298473605
77 239 373107037
12 640 485662376
382 127 517032993
582 259 724403330
148 405 188683506
370 569 754422091
174 125 730114584
78 94 21220891
167 97 813227943
750 497 953208451
16 419 590131975
249 125 193726916
155 741 446238271
278 287 711651744
718 585 300892405
558 317 522313990
95 600 685398498
688 111 58118632
362 402 626671060
134 260 305049846
726 560 214002700
255 765 777191768
141 53 12937511
443 227 726078117
413 503 187548211
250 554 649870785
800 499 340083369
509 161 68872451
786 289 252060440
434 24 662921763
611 665 1444247
328 592 150664598
457 85 946993462
697 8 614260428
139 415 543962357
30 732 229051287
102 675 468629077
176 606 836621270
343 138 598181261
27 763 683251322
427 199 926953858
397 378 103963952
118 89 808851765
89 230 381654256
107 644 396746278
326 590 85456115
495 223 493631659
216 430 287699138
129 169 334586206
437 147 422991644
239 34 450955046
13 166 711447752
738 714 353952671
426 7 998589871
65 784 388388175
329 63 726369210
563 209 173376035
614 517 859019967
622 436 622267737
800 679 855433764
709 206 791599778
30 797 201000749
606 262 733773035
600 271 144950442
126 263 429403933
1 730 472960900
509 790 252498533
693 563 80731429
456 355 143369288
322 242 663756602
92 83 912542610
515 467 865493635
693 617 453695557
393 585 786014157
590 570 257035800
112 657 413161444
764 757 682667055
46 69 735430196
462 393 8177433
517 107 60487745
51 765 388227124
511 628 341047501
222 131 60899861
345 246 452777673
311 462 98445162
600 602 100547959
27 606 952989981
161 492 586294807
773 345 442455080
271 30 44410910
346 39 997789764
619 605 33203017
234 328 765710137
278 83 492620057
340 288 154654589
320 604 853650140
385 778 433762422
390 478 830726686
169 231 345930052
674 457 364546576
196 120 700096887
711 400 97859974
327 300 160034042
637 700 838644851
370 400 246680143
380 615 287905174
786 244 364439181
236 553 350641266
460 198 161988411
143 178 583591200
76 321 619840665
756 790 60509858
155 131 571059360
777 624 509136386
456 775 47863129
556 654 374698353
82 278 978843882
476 722 811127882
753 715 301909926
712 630 581339744
244 221 561514378
299 274 914683992
421 147 298253664
38 173 678639711
647 773 868275470
433 569 53002797
65 24 115868782
102 569 136813719
215 726 427895164
445 403 279361536
611 431 923562627
505 575 109507768
709 740 479172064
83 222 445783887
358 247 886284896
309 158 368539326
512 552 502545110
669 130 299241571
614 522 334929769
94 458 548719022
587 527 550819159
94 559 807177975
264 124 613657386
385 731 284472351
310 144 253018226
346 499 22144928
761 366 706077239
323 615 747877866
463 301 167300192
218 139 991548430
569 510 535353259
163 718 150738883
41 2 95037659
747 744 233013342
132 292 992472316
572 443 878053610
703 62 422675857
660 192 377937881
58 642 742515912
242 74 69329795
30 191 921952985
137 54 149053886
377 449 339914074
334 553 280654817
165 520 624036192
310 397 376941390
85 342 124019239
432 38 498851524
283 782 165298138
374 397 982893717
532 26 637894928
470 545 633525760
496 38 789054739
144 472 69314900
627 671 979267572
93 58 795554678
55 210 990370660
509 623 21623528
499 494 971746959
476 143 242562428
119 99 10082785
578 235 357374025
787 543 806574918
326 115 56828575
320 2 144102267
188 497 998248621
297 461 686999042
723 556 568958944
142 301 625867724
492 126 229172644
757 764 573482194
183 567 822288183
5 399 272963877
198 541 314378430
796 499 370485299
229 487 869533393
713 30 80407929
751 384 826229048
382 347 743651787
280 657 354184090
218 732 806677203
453 564 809339488
144 318 119682626
400 111 706714539
695 497 742027129
543 523 913090976
191 114 969864971
690 409 400854546
283 105 941272538
541 782 347347102
201 599 945372700
774 387 570091701
688 147 677416022
375 487 592167468
109 54 965935245
613 717 949510169
239 708 165090684
727 394 104614983
279 216 739176506
587 490 686650762
52 44 614040759
671 467 426127350
41 258 495296646
15 3 420750947
514 392 965388283
487 555 700545197
584 495 128724536
408 527 995767979
481 694 649728807
399 129 214390587
521 724 410931873
60 12 260081702
21 120 901227124
545 744 722018113
284 116 39280321
415 150 348157658
621 342 352094496
545 138 441979166
755 297 156648861
652 472 385597806
663 591 290955904
72 5 897532742
511 39 864307537
122 411 497263537
283 46 436345261
66 44 741278481
332 522 462228804
684 409 25755832
353 319 56240199
419 309 697229492
520 615 249142624
463 30 508100851
451 165 750297967
795 117 89175727
232 747 375020259
561 571 574177495
206 699 685686372
782 621 960030726
662 70 975806545
477 362 989592990
593 276 594458879
159 43 583607018
634 397 628202211
456 299 65707840
776 289 412405000
413 585 774823357
402 98 725893178
129 314 971101809
269 122 80268618
177 9 561063945
47 599 768284656
622 725 199762324
178 7 543392900
622 570 392367451
683 625 359065337
677 664 323915012
413 750 466555636
63 372 399415011
277 540 100603570
290 730 91094838
635 301 455690
163 2 333961662
550 764 496013645
633 314 93089937
474 593 182216282
462 378 307216062
744 193 62430939
382 325 172021818
458 577 987481551
538 335 679430651
241 708 722591493
130 687 855805624
211 39 96784937
446 777 818275156
167 464 348505929
757 429 901247061
463 424 223674757
769 108 679321664
275 52 343412113
157 569 874028182
653 215 837147176
618 176 49584026
796 90 984785988
67 106 544199458
645 532 11252213
107 243 237678869
116 410 660224679
777 271 563411713
388 457 703861408
477 351 629497367
260 486 496668533
513 712 90666671
676 210 705437119
122 117 979247329
798 632 780813196
175 72 221302539
665 672 223435776
201 101 564728047
446 559 33186902
76 214 230773719
59 67 536467101
8 277 217122975
697 415 290247960
85 375 376306396
183 648 552277807
366 84 857099981
649 562 104669005
194 362 722423948
589 706 249989588
307 91 521848892
346 746 500848864
231 136 353180349
465 607 987066516
593 555 511892392
249 430 238456325
359 349 16609549
217 149 972599876
175 499 106082137
144 443 499389640
462 293 330705348
642 755 793552203
63 381 703692243
414 385 346012330
479 276 438020964
284 145 858927110
484 424 582104756
44 144 678350980
206 345 420598761
505 10 375280036
124 96 917302528
514 636 648703284
603 587 360798456
111 434 392071447
22 432 335892438
100 766 290286869
634 659 102662739
595 245 939506215
399 143 467633240
235 210 712075629
131 2 671076513
745 629 125099979
109 780 380409065
230 87 97015457
254 800 417086816
743 643 671510659
106 297 828391637
625 339 449178249
390 744 847679047
787 733 902102816
222 459 470315480
659 86 773206677
489 157 56592484
5 1 926019986
554 217 758983697
655 458 872446685
483 333 450645047
287 633 662208482
177 318 819219903
162 499 575630249
168 487 356245659
390 38 714310288
609 15 892973317
422 695 157304445
118 133 301704926
692 339 623214835
557 50 541196683
749 411 769610242
735 330 133364092
656 201 659029762
340 493 867842666
252 34 794119703
503 365 786875509
585 675 576729708
696 614 275195068
757 161 163334104
424 89 947368258
579 739 255771553
58 3 386725383
71 1 115378178
80 265 125072576
13 295 979647181
138 201 33247212
71 114 488163054
780 700 520790297
250 76 283373802
249 576 248305539
404 54 455013412
91 248 137345093
537 207 945288594
216 71 752134654
231 125 412853886
704 627 622429523
798 371 648464730
531 409 619241795
783 748 929635876
104 727 390689401
349 550 659523427
615 71 911442836
577 350 612375239
264 769 254648624
330 133 272176073
198 650 865550520
737 570 234423339
30 16 149298505
426 378 947337801
541 799 523935752
447 299 107437656
38 337 981847617
311 164 693659619
367 552 82618902
154 202 767527120
177 513 59844327
92 82 673480471
497 251 977207407
292 536 287038338
7 204 524233563
658 8 673364746
207 333 57714095
786 693 371720476
539 369 455546609
255 594 830573129
240 418 831750135
784 418 318334983
212 525 875811735
703 686 336467902
712 10 743689118
625 651 682408673
39 677 897062468
452 1 43817067
646 46 529149014
469 77 365685481
324 169 842755439
744 652 966909003
369 359 206242331
796 237 539653067
275 233 264374547
61 56 734747727
702 247 133764634
178 480 719696735
732 384 527783864
139 323 791422182
777 439 416409807
586 277 354580889
257 116 220551782
448 14 34778584
222 597 770492802
458 202 743184382
764 710 228856783
599 288 484647852
739 258 858198980
651 426 623009821
271 192 492773129
1 324 585629847
619 456 374899051
473 404 538382979
665 761 679828690
412 6 232573270
66 70 608329924
750 755 302708869
379 250 974620707
404 132 459479069
577 349 696229566
247 228 586525108
220 555 612128995
684 384 92699548
611 264 761417786
204 466 716398270
655 156 889508530
596 440 601946256
191 570 360159341
217 36 471243374
72 399 225409261
251 165 721382929
259 385 69562604
684 642 677427394
742 729 57019938
182 84 434785100
378 325 791653896
177 650 16722516
786 172 722094917
109 194 14367316
522 18 91772454
113 29 978402479
606 698 70367991
645 481 125714118
760 188 701146414
564 549 552538025
637 402 315080265
4 24 343183837
584 305 989992943
349 229 127871806
194 344 298897606
272 458 345979090
496 214 236168127
665 76 470184696
581 190 587573764
125 701 720418980
698 724 596900715
404 274 954601238
68 48 786721066
368 700 51629763
373 338 100338715
778 611 983491564
717 713 561662522
626 383 765493806
552 268 694151715
797 551 476290952
475 195 521068756
306 710 367777811
79 69 971834238
517 381 306292470
288 285 850693725
18 9 433449964
605 114 830383551
321 447 875966385
394 419 548659750
254 793 926094797
509 304 465050018
589 245 554432013
563 390 313124048
23 261 736581736
30 74 968465863
286 11 252144882
103 377 856858102
579 182 270817434
119 432 417709757
565 94 810231015
205 380 318213139
576 348 219553661
82 47 821644590
652 413 303017291
131 627 74500953
647 367 861982955
578 511 982587784
26 27 9463272
104 58 848799282
506 304 589907888
398 428 298872908
741 204 781864941
214 36 647969945
114 398 597649841
422 601 777788161
535 708 981039918
741 666 826613170
585 24 499657270
799 761 184320040
761 183 534611488
14 777 961353976
719 723 347933969
412 789 172001961
543 740 571593679
7 724 570944934
330 738 43941509
607 541 173232969
430 707 839992959
689 674 27433762
153 25 252174462
152 647 510308277
523 85 37892030
523 720 53302106
695 657 397763251
607 239 313837784
149 189 944840234
603 161 539931002
552 227 38279336
228 743 948265225
668 571 828257952
37 473 307457371
128 72 354750122
746 744 259922887
735 10 178992806
288 560 660898952
206 643 962615682
773 411 303742100
631 334 993111078
59 209 624704122
468 500 927337921
0 753822498 593292103 421774688 335069170 246613548 973473428 334667299 600585833 894924613 228132996 701594643 136362136 273407511 60123898 316781542 934103565 793463006 209703224 975763104 785313840 931106993 65121290 275997485 310876871 291124927 775606567 519344048 125530176 101921742 55965779 23463899 661808277 607288876 369876946 980765661 115659710 787366889 530469733 636030119 458267829 982791842 450747314 184229281 724234863 410124484 52446634 0 860692166 771671516 905513111 623221414 467317078 513931046 706256974 778290854 47942454 675405353 262158265 677365294 875893167 196966420 231760568 289159688 982523930 790717517 161707045 222259749 493770570 186725173 157542400 958538366 94903347 941322200 589952041 537637566 56341963 658144195 601834725 569271288 838686370 617137068 24671551 994945051 433513741 657503312 243417492 945743513 570447357 309322606 237194210 17826938 675787624 147117321 261679503 711417099 43115181 110463013 473456012 23445836 152420930 406335760 333210988 744484173 187842406 396605492 271509689 57487250 123594425 264993666 788833268 502555394 611014093 14128261 202326663 941549696 819420151 13075187 690138707 25595700 782455289 850124633 346404054 795926667 301318490 674074013 12728572 383276845 140830965 73202959 957828809 864223480 644701319 364668290 726773093 285041591 617264566 724449239 754623036 56027036 199560478 942437909 972914362 920501658 530999423 34641142 901265367 443235621 373147682 314017207 955976902 300951233 585377986 877267105 812142592 628784825 613818436 817464015 469626176 84900431 268955318 437741340 889231423 555465003 606596567 857613196 156323542 768434319 127312021 382525434 500487440 735396703 85602112 369182245 979988936 689454762 709555741 318451492 518907927 425803549 899488680 690870404 592670920 118794659 672255252 486155567 191290902 818068697 647524098 222107192 400884602 367741987 817730274 742558 731889856 917701432 616636442 721199250 574517174 716532291 682483322 275449547 930367038 157217400 291771429 423196033 111752010 835323096 652145315 84907037 393596457 747167036 553361874 863106851 80471884 79352006 419994091 520732936 855313018 556133858 472505455 706245357 900714110 744331880 328095774 786175628 87862195 496411246 537173756 683695720 487011431 510400108 831458336 755696835 227037017 216617995 990660043 642938861 960465594 802134870 362143873 936777342 998489738 725883558 864054142 460063458 694300630 565428629 557967070 73302788 867853302 368949331 148779658 376164098 99325147 409787769 559387135 397425219 727194461 2553571 742914520 376564483 23886954 293321374 578500689 68765972 977470661 979991731 827202694 976318815 63965925 282687533 663890894 972779686 609424046 308146974 660476321 137782674 115397853 377717123 984006430 393801411 674132167 229599560 144182932 870782930 16494908 50926576 643659327 617571027 235502537 336028290 202227318 950583537 927136308 236940857 592907666 865541116 89555515 499799699 953179950 679207292 840416284 404466969 615224269 131739647 339733250 103534624 449099438 175150641 112285141 438443136 775712949 191935456 419495299 333193374 348916856 792714832 7373021 265296916 59326217 307438902 277508521 815496031 340001680 94253293 398052513 142078704 152069595 731873358 798351144 863368242 346487631 94353056 849112047 938281929 113687290 812588400 642457049 997654810 722491107 637074795 513851893 665113899 159926590 551638073 210567858 129679592 713631146 949102990 139019085 752933050 593454973 402282190 961793176 333982258 161777111 858852745 666079958 886114837 362800429 431115128 63271119 598256750 376684929 275936001 732869240 819187629 862039110 321753078 641853084 981788807 731943242 843389642 611966234 238878335 119869242 964294685 176831150 704245500 437602998 795749694 961615835 447840257 940928602 630061517 347434996 969357639 393294966 412537825 782303782 861624009 443099030 279778067 744702266 581212853 355911186 893730708 89242465 952386326 670890166 986779920 399735273 493442742 718780128 952907238 595552564 575500396 489493185 783407170 118858076 892900343 570792817 172908221 399976774 698851046 540844627 50503600 593621266 997004 988756518 405146377 328507767 30307979 441592504 871372567 787730872 215377895 376936645 141014817 65689433 395651853 410597290 832905891 16459066 563574864 725777957 527821477 496986941 226680627 376063870 532685407 218554286 676087688 550322648 441601790 795772883 493152720 46743151 421417910 956422126 848335221 421512494 55252914 96945305 409121696 568805186 406230155 511638139 683968161 198463004 3310428 804954417 326636485 212261084 644525814 213724103 760434024 955237060 622836572 58747940 53902466 378896475 731636711 435567190 41913302 121351646 783426828 344797200 205469057 494696866 360807416 993488182 822916094 460970790 582943807 176772933 340551919 622915885 780657112 853568912 938501721 216897409 908510213 541510833 659343342 172163853 552289813 713782218 119630907 289896912 216009462 892685558 990634243 833785913 581354796 605008028 301491842 359679791 951405619 243845953 395132367 822075664 666022809 846676523 668866527 573448332 726907973 501283690 747015876 550515981 579878791 414574329 953069861 886043507 794542144 272714594 892886476 904506663 775036885 501152093 91495347 283516247 676868257 321714790 244671514 215779794 636381331 33965758 852265575 229344203 399683442 734894118 68222882 531798040 989060462 915980495 851127465 356581386 703762634 596209518 11137676 503125207 799664557 949571654 977308025 157967947 470999334 75235924 779050159 187756497 396003404 224579531 767414737 641571286 90432160 349363031 25763448 38818449 232985827 914220331 940176658 896293911 560814736 987866915 369150625 214008259 322911870 918755280 744807709 638777955 571472194 305120168 97389639 622623674 564937223 804308844 319548186 715769451 441764289 117314263 965648989 546743901 452352489 177233222 160717210 330335545 580717015 386046830 11961064 134088487 326101275 470620202 862269512 887242621 152153551 584800701 498072476 207251715 932775731 73805460 116368021 200113115 396548543 642737941 970375943 194849391 83783269 380971062 13937240 947111855 703499969 20729632 906259215 589579034 444473677 74216772 976075017 97427360 416041373 666925814 216942274 13401381 813474755 707293463 308834347 458552109 161501342 190521744 604614856 400985791 981962346 251431335 240827019 464662045 915044772 512528629 561869592 28229352 939483489 995779117 999241120 980357886 237226455 670170170 648568286 718188413 791659851 199893125 817417598 555732912 177068335 261738013 808811137 744256095 39591855 365219711 256071495 704046880 904281901 105126542 855789464 616880068 242243426 39917410 972981167 655110008 696226794 411916304 113180692 304447151 214911952 54702168 246347498 970667195 839540233 385761897 561036922 793124623 853722256 832716016 470324257 474154182 309444182 280525542 234295469 605044700 691379546 370395426 218048562 562367119 758185512 221605712 720832189 246625957 802808842 131783002 306170509 421281993 432402093 898179821 609704975 552681234 35515212 123213716 941343052 96235747 812753932 354491269 915312256 763404518 74673670 65952172 564176850 920422793 956089499 256437468 567863588 999673152 744283289 635005524 221473484 485956626 385873550 57532920 8029984 495250308 196387264 214831375 195711541 24284337 473978061 822621877 811022292 489626197 6917095 819319526 72135589 397417588 755050980 956918286 968145331 36616397 317655479 912046767 828719380 810281265 184752723 678997957 203297708 902017652 756031939 24100171 868804762 141738862 35830288 72841555 513580289 101541205 93244418 997385671 725555897 53740025 291605107 646023678 999569659 731000085 941035058 394177593 768443415 954390377 961992713 166244893 670046658 718372043 50439184 642613890 82807183 668196021 543995274 192032485 637594058 973895332 997440275 398554907 61877384 851032165 350011955 545287032 183611535 852293541
0 414037417 361692032 157765042 229744398 6307359 443516584 368947404 374201380 821980209 640586373 207839174 102225743 203771280 634866088 846226671 632346165 550701375 621189624 888359790 761679925 917852871 351619916 768368542 89853224 78178802 475422201 474805370 515756010 993450593 119512960 628331403 225873046 600671767 565713652 679012249 31453073 727448112 500910170 344633478 840295094 733770045 207450983 211893788 216478247 390481436 425447871 300383027 121566634 886017779 456694008 260753014 723904736 47511447 380744562 34111197 461646592 279621628 500384012 63394187 404404815 746401376 624781901 826297829 328288319 636010492 845540810 480440089 817324990 67891095 684148740 338163736 99032203 95054541 711066003 776137112 751081090 736038223 112517861 66779596 579947242 124114482 999432300 820617325 996660375 706180333 157619230 413838358 405284049 496524496 978855159 358953894 155777825 618894343 801592463 244394378 243717369 462846931 57736117 979988254 993551824 219298353 738172664 483084432 368711843 114759878 976868616 916179205 611195353 948561187 233770353 871323798 207505186 843330541 371271849 651262965 503033726 7223031 592901021 779979472 224447489 120404086 23543290 622395125 460651602 658253993 647600671 708884494 392989389 583281702 398320154 418430673 429134584 355024475 128083276 873409517 856030435 255899581 563768088 869897741 244976260 188144509 906551265 285918615 848315809 519601152 219901423 218278636 573515111 612631952 829224228 334306519 602701484 461857627 42496024 639087706 461152978 103380869 418993992 744024221 30334402 283169434 145951420 765653272 516721623 88996561 123905225 867168624 311289774 656768641 287728859 913779160 199052953 337730214 685706239 463165131 331836154 621681440 758781311 439589369 714268139 403591919 370910858 333423570 885084011 812597788 723083566 444966719 225187058 435930021 33889715 310064332 80769515 328598414 600431581 571810045 391000294 387475442 726457788 843517681 903560576 40524115 178148569 906721805 944748461 288734675 786410051 814033240 208356435 980048810 57852672 510745762 158247367 599817586 897111084 102503028 210632707 235529020 95469368 287892424 367599984 475452653 626615008 246561709 349919086 204178595 285599964 651159146 707603158 349692617 446824018 412664796 797244090 858268691 889268692 459858929 41872105 320749336 590696156 19336585 418436150 630361342 665821538 420343280 23056178 83537195 183941422 72672823 361327892 545467108 465909291 55549444 294084989 781528953 496958023 26027043 809388920 573011636 926255308 54280789 870063831 213070117 817382297 751081139 535448321 850384360 978424909 734057996 159370247 568516877 710206815 301200928 587532180 794027237 842031004 363245613 16190411 973469007 968864526 197132925 724004702 580742681 223014916 452334436 799229536 753781075 114523290 155180905 342985454 239518354 667647460 832329926 721532213 297672071 242167055 180025521 448855469 543584446 494355094 257177768 537257147 247141632 108430018 142265181 394259964 131651293 305221043 987967114 281862397 879839729 558749531 120238418 375915935 475335637 442065543 670762555 232575982 891077102 79794097 849306654 318156620 943986201 931809109 942297228 775238311 603319821 930154425 575354058 924982002 175826149 533583958 596135654 213244811 440316100 909556965 706672354 565639408 854229681 304859231 646753227 829018801 593487152 487017928 531670444 281135127 661948108 641760748 900341043 501749629 6387318 817147308 426543657 459538250 682034804 849872603 212079311 848426675 487974283 482813237 984062364 376131752 440721297 910213453 978289798 830123035 8272042 3166006 174079630 292909722 302202865 106948320 991739585 298591275 435571307 151916806 431799497 98523079 568924989 813312860 105654589 906622289 66906980 59892682 187182869 673527218 955844157 165800840 968720186 498878301 549324733 197572699 10047759 171574201 715460778 444610455 24595363 339938818 106227955 222063740 101964465 830830215 41120757 924937263 726962623 726548553 186951018 908861016 758776791 123179359 793599958 527211525 875787491 356360519 388275570 963401733 517317486 894838510 334666598 682672617 27619470 70247352 445277839 863336211 687027680 73990677 830287072 195826555 303061483 283640028 79886158 469816482 642627729 861963923 692018443 849876113 962842416 784431814 143490875 951985374 149104639 109096291 857795203 238801613 515943907 607923044 678700063 454437754 674519485 671935712 133982187 64937815 811830559 219503473 424253028 258491358 559134592 920871258 409020565 396570100 447431895 163759777 5946141 534136241 536043239 790431136 971149820 725630454 512562463 718993628 972868772 187273635 167599285 39423763 399410557 769447688 64400703 61149410 158950308 164748702 222981353 706183906 854377960 856220803 359591395 302818266 666234195 527376369 711112168 387319064 245728602 662885037 418156613 932906075 48364591 221331537 853849201 765221870 963501126 651194666 789203104 766507071 221319572 409783431 886244888 312410674 360929595 839787488 915909080 215046289 869491401 231254902 923051146 338898658 835266695 667287708 79352674 550388732 337194262 967764642 828250633 209093591 75320343 33616091 517721981 716027982 326698168 67649474 386536895 588883568 246183414 976741219 178125553 821020864 768189483 849587520 57503555 334902798 581621831 915362271 786738149 991848807 715392624 67706743 88348052 53547500 734629210 92379524 484951705 6195250 506217839 595058640 497188344 527100009 398027289 402803899 414785300 402321316 450632854 719500345 329559184 509758080 794541526 473895386 848845001 126178284 150965406 585200270 372546454 542422086 784953047 907008164 626602740 503201071 691113376 667878524 116626874 259266196 287131108 403023607 394660506 533056407 238078625 858867535 595455298 615260505 203063063 536602625 184969443 684701999 885204962 375756051 408048707 669917216 606394264 487460849 601817383 614028896 51032432 837796451 275025871 276047784 192360888 351296571 66416476 243075185 38967186 254604526 961643566 27898808 485286686 260158040 221054031 332037835 403412316 566555664 802433871 239689632 237713176 385562483 539095355 927436456 446654025 784223203 659586296 312804576 576066631 915863029 372574334 902186561 288598089 491048020 499578295 828300264 886207118 524700690 893976433 598555205 300399662 88589303 600979061 532218634 95078566 375422221 822810808 194126558 868139310 506986788 385251885 213073623 954642618 801279484 8510778 513025934 691029291 948725139 478222630 447307822 546062958 932863469 834430641 26935549 156587562 777798213 257736701 183889730 707797856 729388938 673898019 488215241 497863730 692672015 762852340 278996170 44134734 646865590 418384789 343612927 619739498 528108265 655331897 160962836 22077253 892441541 60778541 712735956 959746069 433813892 376863861 668813200 227857235 819214268 51316857 811941392 737821719 594608365 673787133 638966949 12881436 310110073 449168579 483967389 238752131 211763505 3160312 484038088 517803197 471637717 361945734 919717626 833348894 481977358 828810916 159868960 693904177 653948765 157123498 358351638 897968024 0 885822089 778233595 967833869 94387659 261185684 288486042 29659932 850391590 939712937 766126695 67337480 529376976 537674598 627831033 443007600 451201234 603805915 643172576 852338095 635406715 865045713 422119210 45230658 845360235 915903872 312194634 559076425 787190693 363271861 436432461 579499420 647474998 178456171 846765094 257194878 640100255 859304345 469964237 546805351 33044648 507715770 514747662 478850818 643618038 368426890 753952120 420519075 513423903 429375259 834349736 543604814 683717160 558857758 394685232 358443796 760122159 195259788 322539072 112117391 147461786 557191575 748273017 312537616 767561666 762587497 789235494 593081948 1047449 138671208 467444058 102279362 679866720 53822246 881803254 354647562 248763387 444912755 492716673 11977485 697732076 725947549 551636269
0 964252823 739175535 722068094 887002153 798496253 175840097 334861763 161094841 560214905 891863045 952364741 829998500 906904606 581445282 682416171 753840663 759583549 131371057 119733612 49290396 209503672 806758867 958262824 425273843 675389650 434804951 4360616 657129627 230337977 721581726 282019554 662534942 524879499 918185673 255061994 121636002 310014789 452673603 456423325 274879151 478391995 834137769 770416309 889489351 407564280 44061467 383342424 940593268 719804893 162358020 76256308 662602336 789144780 991921798 960161571 677533793 367000338 637165218 227202259 688198962 538780427 922839485 842975544 756337806 585467449 267480154 217503654 412925510 997150621 630761109 147489626 680586631 659944153 60505261 148379484 550365969 509176463 881404974 505608618 163842235 810609688 146196752 692121503 145814844 255913999 511078304 819088057 820297839 297893989 669191282 937717368 353491279 157141596 140685740 656954227 506939523 397314155 242188367 595200729 866951223 997210961 594810142 327628642 560783585 591052194 907165860 317606833 240526488 261253167 869157692 753309117 316944390 331157929 779234137 157833665 417746823 127975272 670228768 849459185 536649955 302558390 488203724 221133819 365642528 184238111 786611232 297073466 861592315 559332544 870939425 757970150 80702709 903471744 442340703 378445338 471933104 585620089 134535318 137234723 984541871 920785879 508707799 854697684 426113308 240617053 533473178 494400056 401866234 80552114 585143201 125671390 36924314 621736473 0 821541117 936183735 412005260 248302604 918987757 428327741 672926170 586332520 479964140 161340464 291435321 365533097 929407248 107601702 152534223 922603699 225506605 200403856 457800103 739639627 22271523 932694729 139194374 482429621 947275112 661140068 519345999 55464685 114006761 890828081 324963095 642274891 234932153 212660086 330831475 994136132 155885498 280993261 696903183 145348433 741176304 303904304 872929364 554579926 785835480 514147286 734144288 832579956 634478302 772072250 699814950 398460071 926665314 215140570 15647048 706875203 529369302 347312992 492064479 200146154 622919717 600066382 19741358 48321290 37511989 718029989 533559581 503641732 69935740 930299717 934341892 599157590 534928513 376602581 803652788 878662990 833928613 80637061 347313872 245107720 827957776 77854642 424716432 685137869 911897897 770267432 588773924 940954370 108789500 790396702 343861275 156470222 205866038 760400116 142219796 933645674 241266492 931810610 275572687 574227676 753950420 753884372 370448939 685511724 742825764 98565358 589894720 396912993 384429588 296527598 967025257 113220270 901328777 973205752 676451309 795402929 178149717 27852800 311190587 627068236 173076094 790171297 938118264 578740433 916246791 464040005 35233433 407794698 997107383 556852044 603658812 7242498 565836082 184947603 392205611 788770536 151951127 205066385 12553745 673279040 387672262 4602142 376255777 412804366 521615359 574270615 348952360 169917074 268807437 437084112 895194323 497630910 829127877 688001348 395900165 467491964 503632316 886176422 758425155 976307758 761058061 19923446 608734876 783739595 968393860 688620540 975204809 420472618 322513769 19332554 822449584 370393082 281378806 127925487 506824506 24037511 198490187 286957824 543240098 24316436 266012588 853288134 951786084 614702287 680541196 606903773 923762478 426181101 458180821 807259294 698971096 147938529 811878810 298513720 900604950 768384113 691253556 997350851 155911129 629783754 90301119 694421177 746666978 730516661 902201702 996179280 886857309 450709790 618071404 7740319 27143236 932755552 376980763 559580837 445808329 610509113 804015668 497851558 800139728 357584373 757639114 457195668 170753580 730884331 903332224 28486547 442921422 27806871 123424528 368948723 462364530 586969819 825362569 304770073 518729715 818330647 765371262 288105168 903710725 574973781 652790663 663094529 39324009 156303861 780553821 238739431 218558672 938113547 846455505 614972678 315571933 492742040 65128814 884391855 940424364 144111965 794483820 422428369 572404378 391413610 175168405 623919444 844078153 473585435 227668792 193184206 450985153 641244334 88694512 365316045 546852548 164948495 121921428 26728802 155825322 979375888 873892164 971033090 1156214 622236079 581659041 208766755 449468136 639794676 579116741 193283702 782524134 198064248 754077774 838160559 141436699 501973498 115987957 829083417 93891194 595323978 870624477 246175018 488016710 28293707 43515210 33923177 458594699 495014489 757513692 778490547 26587379 783107594 404654819 755061231 929530272 554835147 956265791 945010887 4227044 555924212 429891528 655305237 340530383 244574641 350553981 958369062 118847801 642865147 714110301 489817692 759097562 326089224 580864502 451738653 316928925 679214744 127963530 251412270 855048848 909603335 654790316 809380545 580614296 430025555 679357757 963485078 964377459 188073302 403361143 284373515 501946989 236653146 114730433 335576281 540240752 207051833 944920485 38839613 174903651 608762958 860559499 774435819 783405475 992909223 158769516 166016691 78657125 174960547 769961939 125770741 716792658 557688376 91231800 130461012 427687967 118050757 864644887 147870230 932948691 592531814 65595202 5885672 596578526 122914346 703346055 244253369 962799501 753595670 857560220 854921217 465334761 594093681 879035698 691585565 481527827 732332983 638013074 95297817 236004967 305212810 324295939 710229770 349183032 262910592 482823901 468320972 975691007 117768107 269338681 638712476 489977147 901324952 410809694 310391633 838716416 670768364 226184174 563658859 523981303 454485720 145602779 990691331 566751859 197107971 973644172 876036341 69086106 320601837 278968829 236565799 926078398 130553825 141520523 876483089 760782091 690710883 587128102 994723762 640758763 629653353 898971734 963568696 221966188 416385438 526758648 963768811 339595167 379510647 628953646 572782131 297898712 440600564 71635482 396537430 216174035 296128099 64275795 882554959 408953701 128357083 703522407 148742289 991608260 343899658 401266453 810716700 250031131 225367345 816003875 201854031 159117187 660141830 2122770 270790632 389336954 682056486 568342911 337127374 888813932 782852017 301268071 146779287 751836719 274859910 480526656 365170351 857042336 778788597 426848303 759822795 439057319 375953696 371184943 462145923 28758974 819910541 931014682 24199123 278057615 9174748 903235250 351608958 320788795 961013269 718809576 505306001 121384071 493421931 166067697 585596831 335776713 942936754 741051835 254624549 636950634 906158067 15125259 980013890 932540156 374235530 589575104 518345368 709356444 81145076 347001319 389268160 628158009 188230539 205119491 768204944 84975206 760951866 615574056 216086987 310713346 434994573 691423617 307624599 978182873 161986313 61472160 198549481 918002572 974742044 101315963 785372921 721800105 990641268 905190200 395593046 853682933 789972405 215819392 717288079 980172419 533852548 934982932 523528257 369843600 210801557 897533366 458161018 63469662 953480984 150473009 58650051 472747088 614389669 324351361 413569749 877880831 635775468 918932045 772251873 864547121 600064645 956944137 792696444 847127035 255513900 952970027 880379282 314330653 128564785 365584873 854944118 165356665 914517141 169910262 651933859 938409342 26430110 537568187 886712430 234974838 823321320 690798700 998752445 34791185 952981488 966790484 837367825 531890798 177035311 229758986 681190727 380873760 959895416 6804582 767097702 279678617 931030885 870718236 627618256 278488185 527195081 427705560 19847998 164277569 701679592 256246239 880073274 754463970 45432696 50593054 879530252 232457268 549406202 89725966 121574326 565749352 598014286 888426773 354456141 141164755 785140913 970031533 96872685 257912856 64119187 904218829 578428988 637809478 828756107 491310688 115077208 283473051 617792138 847452358 408462387
0 760023061 736412903 842108215 565575447 649087373 757600115 578325632 99006945 343467755 679529766 822466292 401547288 732483652 30255032 19714256 483672634 777038350 380187155 865557047 948611727 338722465 244072677 702741585 246033899 918547208 205164702 44971280 118286205 574232102 10952339 773731695 850449790 225775493 331367297 397471155 907964192 92555331 553275963 83045908 139758342 176895877 685861896 386999897 8132430 27035513 353226195 219636262 86612899 52774717 91100373 402694662 253520492 149754467 941647807 332652098 698319392 122955686 910569992 71150390 358948906 359019065 21488294 704132606 690291436 406750297 313351938 358587236 302018978 193421079 543912442 590998904 2555304 776795965 6481817 907028286 379303524 398699680 655124631 827168290 255965882 45984193 710919979 81365101 914791358 881812761 695086531 555474654 333809288 308694238 661261614 755405654 939114140 279034941 203740324 471506158 571495299 773642868 508712219 974263710 302979959 274456356 788532421 13924236 208661584 98568726 137319836 176928978 31439677 956348866 826175443 634608906 597860851 723463497 180067994 378424269 333494906 339091130 540913709 823456673 513106283 314611832 892904348 225041601 469848441 943866717 798429661 863859776 227233023 291967298 641075828 605883877 803827988 4847621 57673862 52733608 995521980 381215117 380841511 476049541 62351671 909573158 156215481 656932458 22574692 818818132 834023322 901583349 620566676 900834545 417307484 248552485 303321363 185415201 355980499 920171204 258796045 593134147 257072029 337225429 592585297 658368943 562986529 452151342 945541634 668463931 39567017 127393567 632302977 872713401 87470197 242812918 877400138 406737412 28578949 867714432 550343568 843599488 324788589 618086364 491947869 87504769 670241290 526837776 853575233 370794994 988349261 11810171 582549092 36617650 779736858 315631340 610296287 173784319 448730684 359933578 240543483 662314838 180263276 721967672 479473061 531655469 962575045 710112498 855498097 806972493 870736069 911492622 377137482 952664075 930480268 708159032 389012961 265312668 128941077 814046986 190801064 457044332 826670372 165704524 516318275 653038985 599719341 423404444 478119558 552817473 934257152 365848570 343434231 275588921 211898848 696806001 452413049 388151577 635320971 35096823 503054429 253708137 401702211 962559427 248806474 65018344 455083289 67246537 617625365 315301088 50182148 453782866 570149937 405857324 84045091 412827146 737563911 947056865 697401794 458786702 432563240 67213907 232960255 481173591 305639066 722585132 521749894 501340139 78060312 654440785 752963694 10127488 846121773 826980992 904079502 279656488 515314841 181219259 384287351 218302082 10266813 970514570 478160544 582664854 735923644 787391391 983075720 244915185 813827922 575307775 642575884 976226422 581211436 777650210 405663859 935148768 387618862 771479503 832086958 701339530 86819272 332633063 396081372 720909926 303568343 849816253 186946288 391782675 627607431 323557193 639716449 173168692 936526894 212561409 409960037 57135784 285480486 118090240 558178622 330400439 273982909 790602573 229746773 456419933 56853233 827083412 713102319 560661567 661103820 541979394 613671963 624691400 174668552 221802837 60280525 675591557 810861622 524146407 374170418 307420765 694835943 594433422 471792981 730582132 988282209 855507120 28100491 493145725 101104866 598580231 886917287 489668100 196151428 355325499 401879916 767498011 402865812 611621450 714682170 475943304 576320183 625362425 4491179 714032810 632396611 890198905 373782535 879650660 914129086 357781981 839769969 719254391 418781540 965054412 491543350 998742278 224054278 705067002 326590695 477908210 455467683 10474191 632392577 506619790 380595943 723126894 374406355 544829689 863563025 264338909 917572672 981108086 561029601 749119341 332498979 605283241 141880622 616689383 954524017 108067199 661359905 6209727 936643058 560666246 242997426 821846351 563053640 747262473 340207181 952546414 256064597 997778576 935128479 555532902 425492654 201659872 996980363 200146469 15541291 373560034 865422081 780457119 773794016 260755478 603194241 688019200 628723455 276929159 515157432 766810775 582874651 128758281 75648427 375800513 839186220 351874215 385928150 800561457 325633226 458390333 295398674 347332689 127091631 563940595 238360164 800587648 809723390 431573459 331274811 769062696 250074679 237246482 203089047 602307601 622087183 80820043 815561513 715716276 178704991 236081288 859555767 87702634 907540094 872122410 553363725 520180443 944046004 100174271 382431912 597962718 703185909 101884605 526165909 730533630 242250804 551415725 998617765 883974385 712284814 99617414 365727267 358067877 231260252 241092814 569245672 847284170 926758184 857785526 185868714 377092423 720544354 632112053 102006778 938781231 341606454 647481939 754118858 781033373 455858000 400102272 282527978 33473480 665667408 356553309 754489043 653156231 769027919 96088060 66325293 461861259 418561808 305259902 193104885 859579330 837791505 763450968 327049799 520492307 398915398 714554591 664160256 584532064 559217651 381799217 461555358 346663239 103164825 435911317 869360953 754984036 156918753 343614246 383224141 721349822 942722841 714190967 185773815 216846984 479700846 880945972 602969794 557330031 825665554 159070266 993996034 232640708 143359536 166713488 216763883 918699291 958804573 581768241 850333720 453418953 652200610 849132877 888639052 122698063 868076099 34386240 725724841 761106326 106590622 14164189 423997529 190856694 237464831 563093514 505224422 474274682 985209119 86371982 770533535 879816380 597045283 995310308 831894646 60452130 576311471 318214234 159716544 660113288 143036456 843287375 16906228 637770292 328602959 298792270 614700713 69963313 330890805 322428257 709195911 650040194 339860217 722200438 271779910 324269591 55530692 598031161 484385524 853183817 479386324 503759141 406152671 987948770 413357608 202140440 733798362 153419368 563766825 732403480 134211766 128407113 29382355 637479239 500674957 364185645 358047231 737875231 430592002 802593466 945033082 498085566 538594916 250103325 703864455 291774004 574016636 336331341 191260770 860746452 187740773 26008124 498655524 880193922 115238105 150542767 995766459 8862500 342483984 127885917 43749088 452776511 699922649 728532452 629878665 795400738 69432985 658399849 160940643 924362703 433513592 965018493 512819188 383602967 82244251 901979686 300319185 695247958 326740700 464700386 168866498 507124408 403015483 783967664 415125454 395473208 967735019 805333590 648952592 510453176 344823649 841124464 276353252 701328213 809038279 247206033 963167933 443521650 590650708 168492441 708481976 633853876 351711055 392499576 372676827 104475602 21102447 233960807 760381131 454983965 666342653 124328548 198043281 648943152 59793862 89637525 203823335 312578286 811000292 360415683 162760087 110016246 118627365 179808252 140612034 928016700 805582135 0 871645088 144785959 231095305 626671431 394483067 141164422 489425639 633971338 507296735 88468975 537579797 356738504 977532511 66380395 964069086 459288710 800318954 260770456 628364124 525122996 252374570 844762306 311309276 272435204 623305323 19253815 699987578 535983509 150691968 18650494 108775068 344997894 917379449 182906664 961284408 381466466 297125303 193049846 471508840 58300934 44282064 670749949 538222682 298348890 721278069 947356418 204614714 383944036 905248167 451306739 794313272 343322720 765424378 455967057 923158503 327056666 865546339 168993252 570250371 147276725 207656634 431258716 479994061 143899027 258364068 324635329 149842648 455374548 308991180 723245810 776736020 732949363 171566338 870052354 750757911 224163967 713508905 738830163 723435440 586570754 662181228 37372060 183410046 951131635 114208215 904061605 4692405 429278120 919326553 830525066 392840845 581037212 614833151 771493207 531659355
0 672512363 159603020 73845657 224089289 186048997 229272104 901624122 208106288 227446766 831655207 924915273 525018156 838475403 798872391 311362454 233222278 912821293 356387061 315923747 703583699 79796346 351461231 16594985 739303037 186767843 332025638 954226221 292858328 45738350 423896843 920426061 474931666 335098374 455506383 675914172 432330919 934075911 506923146 138553786 125933756 412453435 738397810 394315936 801657984 400660555 140405581 96079103 88601208 255533923 605692402 77086704 150182093 714368885 825341476 196073852 596286351 845816184 647984523 258146092 638556213 902373669 729115582 515945465 100361368 925414176 324946425 354450065 608527455 934540349 794180314 215620501 668763935 395578841 775100255 119681891 544935222 796066774 371459779 209314418 636109551 431737718 725071027 844217728 498117046 583980411 69410271 951511861 638162231 260653025 836038004 45574837 806667051 151081340 426535849 349143567 117228637 955437228 373411 958381670 936510016 958387739 193694703 846883016 997749782 385036151 284462036 688945036 115004333 373528773 183071187 551401 900520492 806953309 863771255 563437116 150507723 690086947 774823694 674308519 455361649 973368323 730155035 304005917 876988280 768898290 753027249 886758843 701035567 201164235 694554513 422300776 36939534 823042336 531931069 97461101 388717805 935486931 482046183 61101897 611885681 251112670 943227441 242168732 594318726 135310653 743705851 795737858 768956844 321222240 282287196 363931268 157489792 691688935 60216076 564598156 582805512 510761001 312705619 891423666 816190359 3234391 271687222 856546956 764635816 578238157 902882870 714060381 313074519 326141941 703212593 730906778 348887732 326877582 861464725 971165834 110256583 318290542 339870430 159358578 888576029 631249676 89299429 870556862 255477489 498339933 64725348 759291124 42205121 874843412 732804923 997554437 758342117 440380296 569968252 656611341 922610682 642121721 588346281 366855196 873084089 998304638 650811372 821207641 359680965 567013693 544582369 40109377 908168216 291690881 522419618 824376572 461696620 854207503 386501627 440433018 106476676 745098870 329775510 496461958 355233051 397331404 486593596 295236522 990883644 425693291 646935632 35148178 68134755 178724537 425029036 897234793 903270168 257883639 195360904 81398554 795739265 939290313 189096352 28507427 543915089 32466386 729835899 532080349 988363616 428168925 814134444 539425828 295884962 831820259 515383692 865177827 131318679 802653903 706208584 772624103 244034369 711671455 679865875 567032578 663504355 150541731 916546697 360825631 228562977 576236872 797474600 188316584 509119645 42573923 965961527 675752993 600771712 642878929 914434329 324355338 48476781 417630627 462988709 181132109 364600018 67825297 412739200 336488242 302706450 757337873 212023467 185363216 768830108 975661830 876033199 665008795 641866017 209233994 837329575 899840461 595222644 161129556 811452331 310406782 403178851 601675771 789678942 54607799 511943172 352935651 278809474 665710688 370181938 866811136 383554858 695224290 353579334 271886225 356017681 570147711 168425816 980550430 729164203 11753712 865381418 349243417 590257399 894740295 217110592 927260788 460038406 466357836 142686343 357446744 55037424 103295902 239571694 223223464 967616254 358403441 894475378 896981669 328332555 223900291 748196549 429427102 939274533 693710715 239145044 833357176 93765719 64172697 516102874 323820250 726055287 290752547 32787740 251113203 689284866 721528954 661951128 633569717 699402272 358650760 639923238 297741342 493480277 642774865 49590087 604230682 341572438 744891220 180271248 472332218 659737771 829601051 720749725 608264706 420899673 429275039 34110302 868348745 235323124 809557135 975244083 297907147 898278466 35948693 642151266 451969913 424080631 189404907 219858076 433153743 749185644 165544999 653412549 39874195 126953676 251381721 575002954 602750091 604838698 106434073 965974201 661746250 783708767 75581098 365549777 11907770 309919025 490583725 460427668 475289964 927763005 302354467 963831199 248832534 785960917 170890124 59305001 995432481 114529097 203721590 653454988 807904175 945100617 910834076 301811217 455778452 52927741 258867581 803657596 9045117 695465144 389000325 913888705 533481478 638176299 787966784 324449025 186854466 833547832 227757669 799587695 322751141 453150796 332997376 452293203 378878602 698849591 720867445 89730712 779569707 473646423 206483864 445402165 684091986 983791114 372514080 212524968 229302362 538903312 376539001 400301866 839755829 147501457 12832668 251816988 55780649 609757374 27689191 332614685 363782809 63095630 373287844 608734207 864832421 259693023 275451533 231309753 183990433 388966231 878834127 403818941 271016616 95869665 172211272 881780008 402917957 574216312 558212798 697474186 430674127 265548616 593870422 119500292 447912818 445194267 401167764 704026148 695855276 969291852 485866006 52491931 32384677 91050929 666354865 8889175 393966397 500274158 365387395 415864261 299173035 264533892 660094777 994798329 990353451 936222831 668828564 950504167 296743488 355526189 683618494 678568447 266297762 326526452 243374147 221392720 330232301 881872219 921338623 750177057 662029059 664483881 816370698 534114663 389338293 815442754 317020685 573668532 293759981 991868620 503100107 559456318 108613299 265005487 303205763 491588764 260923749 474137784 458627671 260915987 669822872 58799059 752424799 326917425 689091830 304555647 140735715 427552854 652496932 952913366 260790985 124381088 766228412 529256023 375221934 513544484 651456043 490964477 889412471 477490571 588053397 875645095 967917112 25381191 346852455 980796309 112993536 671246812 805571326 995148835 312919280 433352871 714248747 537347189 137549734 750796342 270565484 584691784 185719430 62407854 916250568 921667452 869765028 599986647 835043132 305748988 788688206 635372252 211539310 782986652 617910015 513256133 783923929 131802156 712081441 562807580 284829459 725055614 371755126 704503390 544102393 526969541 828898921 625737762 261444815 970233439 884194875 0 974949320 49771339 115728946 457547528 120913813 370331359 418680154 300116335 51446549 370097575 579986899 600649528 858976217 426496451 493459157 189271613 352598315 462810968 730622440 392448312 637999097 105871537 62497801 127462553 273675338 889801129 316350605 361370622 816257282 742969233 699776850 486959838 749599872 436952669 955583957 436149647 165825977 739921940 628205241 745556111 75490345 717180454 909043703 898073241 916338404 143081990 432305174 740989768 651431837 754314477 9442219 881329029 41644079 996573435 77362616 397992243 598925583 445175952 505977650 889671491 128147712 171125365 787498631 449315790 526177654 890756678 961186420 202964198 70742080 322773529 844489532 133416628 888736565 876402607 551050429 580704348 600995958 678252445 839908455 512263374 782650354 329975637 718344276 532174518 726491629 133097446 974288364 225641898 179479025 407113196 552100152 855325754 336773312 527546993 478654191 522580532 381729232 637802151 748602246 993885819 233120358 413031826 708764658 322388759 838986639 215087627 598606423 504510738 258612827 139807165 125446404 873478191 599717544 401966033 490173499 594708384 108442317 161551388 628208822 766684320 556442486 907089052 690318047 645196468 907652628 164517706 8288560 892068828 365429424 41601633 957658185 307402727 784502151 313905297 58112780 415013354 439525631 861394635 820678765 528870259 529238363 242212591 643521036 207036303 854881324 574538547 193445498 892022936 367345253 576819706 365370795 541701153 23996157 140862804 223659291 558084566 21856506 539937843 112974956 732702277 908591381 236363147 839030441 51729015 960111449 477848236 484840771 712630482 62420724 335586729 595572761 549650646 739551171 251474534 875860688 972836195 181922399 434482467 856804604 258008183 853371035 741644260 883551983 541429959
