1000 5000 5
147 23 871127003
537 287 321211498
542 22 230546784
287 617 330835710
810 613 634504050
531 97 54262402
261 236 993487970
490 425 882257235
247 126 480129244
840 424 366516749
499 392 575893550
826 270 298922435
888 284 431213619
687 164 67443132
805 660 238193368
849 335 75733671
334 540 879426735
448 507 938245058
385 894 107216481
914 278 950074799
365 424 709373328
878 960 997710329
935 958 545485723
320 254 359141856
472 847 711574138
679 593 773014313
210 504 966164135
149 94 22436917
266 217 126384049
625 139 896562636
740 342 340112075
167 132 438042104
867 606 621625954
118 948 468447339
476 26 848646967
985 361 73321045
189 315 129567845
53 876 481294878
759 509 634905684
326 20 988632829
450 198 738986448
860 528 129611731
829 379 60037106
751 987 204723510
795 602 858406882
504 127 508900772
437 588 741605217
931 290 565494311
707 10 513470982
533 409 235204279
893 266 997581510
948 368 333848820
500 174 943300809
480 246 207557008
459 239 743793378
772 486 483805161
896 168 876994991
654 780 566621116
21 601 66311638
638 400 112041970
948 586 254818889
902 659 244758365
782 781 185407104
135 302 538905927
794 572 311737778
53 977 452443245
810 149 974080834
56 25 246534109
928 568 826062482
118 981 828856935
71 910 999594176
405 2 247690409
678 127 76222976
968 958 423037926
157 98 127371699
152 540 337152495
908 268 566635360
850 311 763522685
97 838 898638455
365 229 492041506
653 6 738851891
951 812 605062393
339 386 51735627
826 422 264935177
965 551 51803721
62 849 476133827
382 23 631797036
78 579 176015955
110 106 267898893
330 309 977550622
819 711 583545949
465 127 476621182
226 874 521609547
869 840 58342854
819 777 809157058
449 155 373500393
155 177 494837914
305 482 131276768
528 931 534378284
488 40 14536304
277 572 185747452
793 893 593525099
765 448 840866446
507 839 783102210
896 732 129800872
381 890 309830915
500 612 991476173
931 731 665462227
221 589 526490966
539 861 441759495
284 150 758976621
666 973 836903913
440 449 31228389
783 225 626137316
883 390 87662311
44 8 272730081
462 170 770128089
188 104 543548823
821 921 680708052
933 826 469855329
674 706 300726619
377 941 27604455
795 214 224373402
102 780 910008940
765 301 561109911
131 536 196078324
915 13 605302816
950 319 287862913
446 6 747345712
978 467 130934385
12 796 269553184
239 121 323073208
348 4 323045592
471 417 402042867
779 795 780088324
34 884 612517974
126 8 14823664
697 6 153433540
444 226 413130645
673 764 75267637
122 744 666579835
298 727 1104759
987 265 517307998
286 846 12740928
634 680 107699632
168 510 132112232
746 596 351947513
989 507 619632291
982 763 348446977
852 832 324496387
35 924 180674656
715 120 933556912
187 984 719740439
96 837 940941712
654 845 902501677
379 664 420294486
453 445 660182389
740 581 889777585
236 502 303421844
564 852 390226666
725 223 486535786
14 4 43080957
55 11 556964046
191 675 133942652
345 872 9776888
302 190 17884053
466 202 861078143
818 289 473999009
109 55 8850905
314 143 142924251
351 733 469234471
599 653 722415937
145 907 268114112
992 636 440387571
58 15 807006066
371 688 929933750
769 747 337242708
300 673 280292374
788 312 648923487
607 690 45429336
628 148 334586109
588 395 392079054
976 894 449668826
708 408 107189307
561 980 472888501
929 299 298745082
151 900 893897839
239 577 628276988
394 392 296693485
352 350 704475915
73 760 441180356
200 906 54737618
936 382 777988009
951 826 351818403
715 516 464609251
928 110 221272598
841 648 860254581
589 264 389744197
671 760 455545054
585 87 849990761
198 156 66743080
447 274 161811358
466 579 681808273
880 70 975341606
674 100 413702826
431 860 700059944
164 893 104043287
495 95 484941628
762 32 101991404
933 217 343179085
689 240 77167968
518 950 500301634
287 660 325255877
649 872 79700007
719 197 306408786
112 520 868184916
793 154 466439067
751 76 539206066
267 773 19490835
478 366 594149937
257 410 527543026
801 257 495716855
733 22 260169835
580 374 540597621
155 578 935065634
278 514 737010890
853 266 123993328
467 529 966269968
284 402 595636898
267 218 435585038
45 622 213026575
420 416 92153124
514 39 812252136
802 491 960009400
837 143 111543688
693 74 976862219
56 718 697532590
297 384 321233091
866 85 723827619
409 402 398606981
381 292 397987939
831 559 878490280
631 674 157065491
644 695 611157545
80 666 323598984
352 371 14223613
647 267 382911687
122 870 589260708
471 300 718441826
47 885 521232833
399 560 783440443
60 367 517855826
721 655 35454415
453 938 547973745
732 196 599020382
992 337 705330637
816 716 484001324
970 569 314687606
60 5 69813192
361 182 804709811
871 285 258686508
472 432 532273006
756 870 798791374
73 453 343773610
199 720 541753909
874 792 788543447
63 112 122842110
615 860 866008785
23 841 271756819
869 870 629729034
577 624 9746292
123 211 354439538
993 439 976557636
763 536 196409976
767 162 400077444
277 144 760817201
547 195 558256286
267 842 716363234
437 811 19223498
30 793 394159674
523 862 364069961
208 48 792756705
524 465 94028178
644 227 116089699
482 358 666325320
647 578 406384410
913 160 444675993
194 945 639748924
659 194 675129679
257 729 747465005
704 767 389446127
837 536 65501521
860 277 612498035
49 426 293182150
403 293 955377925
10 8 75727333
127 375 63803524
19 380 529280271
23 533 598848338
842 174 904709783
702 443 828794861
902 641 973644444
292 926 705957162
319 891 783484432
946 419 222334369
467 137 898451374
179 215 295904301
354 855 101806657
45 615 516988742
777 260 35757883
827 987 932449685
161 923 257557410
636 650 855413248
86 556 785354809
929 840 869924965
970 389 34176486
527 420 119433574
118 41 237451716
38 899 132783486
602 905 788477494
641 903 181784984
555 664 285719505
692 184 868642040
238 131 959954914
199 735 153234701
24 1 848844385
229 723 242569393
91 41 737259786
579 800 854809350
264 260 651556881
166 287 699896742
551 951 929964629
234 123 522489614
735 52 933207195
473 280 745314493
554 138 301589909
501 896 773154052
119 280 100478482
692 444 206590082
205 991 610412538
239 986 682778946
273 645 258243891
260 290 947477104
812 964 767458327
79 363 503968981
704 538 584192928
377 215 36255819
68 705 222063155
443 648 822839614
689 920 128603217
645 298 993962288
280 762 773077057
361 467 176364587
871 307 809385261
228 322 330122921
264 844 658162016
901 529 246361599
455 655 969714361
184 127 183809192
616 788 672423685
370 674 34885265
313 533 737143476
64 3 332330337
164 641 323164760
777 96 506734907
25 433 496298058
945 432 160457489
715 969 865940486
776 65 377259866
593 906 27146131
300 408 511065495
690 915 894783659
599 176 196958191
527 101 333976757
477 538 814792319
332 879 106526929
371 184 936169682
7 210 595433903
331 210 360988364
545 274 352423493
930 91 413991817
413 314 895662900
152 393 334562434
228 202 686966696
207 669 707371198
449 89 864863648
810 240 624454213
262 74 173981555
727 298 46954305
471 208 811267441
243 54 623119980
663 751 50351721
205 156 341325460
441 763 570062285
286 585 171208850
555 87 480051901
289 439 555487388
511 97 897330765
916 87 96182978
348 28 271512130
660 209 529127230
37 29 28375734
351 336 512935598
363 291 72557293
400 145 985844862
516 278 382785502
515 600 46199295
720 333 999262688
922 290 916113807
324 918 289497078
373 330 564012953
536 30 402238865
106 537 308363650
192 976 986823846
284 707 238648813
44 371 347960544
833 781 622237611
55 684 786721020
99 702 673715976
449 620 387239814
429 973 543239030
7 28 670198620
46 767 937835874
543 153 85422615
148 135 762700108
648 402 361812567
67 279 647643714
720 413 366387727
83 160 168836073
158 717 411893813
301 857 541111200
814 335 960839099
784 150 784739136
405 919 406469774
299 30 236266076
841 176 813129910
473 62 601977249
786 734 444528941
961 12 387702794
611 769 484735687
666 179 548285464
574 149 926559039
4 870 622377713
280 139 277799351
825 444 945471000
895 278 290627006
702 823 151653977
566 414 461564434
774 143 867971568
19 3 780304095
380 898 269433570
35 562 980393095
430 520 216108773
272 978 374270968
401 699 738779855
928 636 886811906
838 654 671641761
986 998 109889382
744 259 923328984
438 440 562796018
647 916 591650471
181 440 591849972
135 89 876612080
278 113 502939068
193 845 734069379
187 77 899354266
151 792 731890081
417 250 479250140
235 218 223462874
53 879 564324395
395 991 416822435
799 165 366635935
418 267 459852872
627 616 865925706
444 489 829344250
811 679 968564998
197 158 764862653
628 577 796399073
131 37 901645515
602 473 966464414
736 166 44632911
909 139 719920178
883 339 367829192
116 319 256960472
926 650 522897669
722 440 123457119
391 567 68584771
585 411 732611739
410 67 954747283
808 422 779315488
923 536 260938881
57 453 653696739
578 241 576939324
479 37 258993040
985 732 519524315
426 646 672013856
425 365 618189913
957 89 293439357
357 925 145803525
887 542 621586341
908 167 662804829
866 681 205889747
706 64 917729865
902 413 285334045
746 159 941812362
408 125 661501967
587 227 850183173
162 908 470833074
92 85 719995772
618 108 34642191
365 99 691969316
537 222 559834532
171 810 906171194
503 775 963533250
108 628 514284390
763 572 976540768
851 214 550486310
675 2 963112261
28 461 839443024
444 895 99119782
262 306 689020853
143 287 131940527
867 352 561330438
859 16 573579723
260 575 340231794
967 129 552193932
554 350 186479239
862 86 25944919
869 344 771425578
294 381 675605976
587 837 419630568
271 129 719783377
404 542 187965303
325 329 22241350
224 394 474842772
433 791 757448310
974 818 729205113
408 242 904874705
522 901 393877285
790 745 204652951
833 300 688813578
376 16 923605597
424 2 47471240
501 877 79788372
659 96 110663660
704 35 988515306
562 144 256883908
750 47 788390729
795 852 559186188
209 728 488866547
749 696 944079322
259 872 197714082
243 195 570191306
132 5 96374509
503 144 701011565
512 59 215962535
572 555 266980566
377 346 778110972
632 850 298526205
113 95 596269312
342 749 929728251
766 254 405799828
170 908 764161604
746 566 301788520
545 694 995929691
345 269 297577100
50 698 831127587
457 202 178864077
412 375 829044217
704 784 598430815
91 252 924990876
74 417 192026848
676 254 467829931
30 913 833249471
992 353 518825694
786 37 408920390
168 912 68873712
330 290 480005399
602 731 78454251
524 645 546026238
150 621 833229432
464 346 649916754
778 30 298667010
825 132 164287509
966 393 675412854
639 53 571991108
478 80 736603340
232 582 614565116
771 368 491307241
770 321 782026426
235 564 262499172
865 861 370023560
739 365 417229694
77 332 851462806
974 48 860834983
569 804 623391534
738 260 992508997
931 865 570017437
504 81 884424244
167 280 270676505
524 751 794724988
589 49 92552062
136 713 211555020
138 569 138945785
225 93 876816611
253 493 376600918
200 538 306601811
503 482 491173641
46 20 357607243
992 770 270231826
610 348 584950210
931 883 558660227
610 4 217701246
641 553 110314456
178 706 714992136
155 945 783144815
679 982 299543339
922 544 256034111
449 938 8928897
847 131 564525128
109 555 148979726
203 834 424796094
98 792 135311358
212 64 714441124
566 729 187866416
972 113 476336921
860 146 292039611
272 150 573043622
93 931 987311110
349 943 549640355
224 711 743562270
431 762 30287646
369 334 342651521
511 93 948311395
413 495 185134902
307 74 709605541
356 365 317131251
501 414 390126421
120 62 855290580
338 522 345517632
188 74 962428027
268 957 613790290
436 616 755694348
552 716 458912040
628 271 214306443
681 560 961260141
153 259 715146112
529 676 932662097
95 544 287232337
11 697 9061786
85 623 610794264
673 556 922015628
97 36 177484163
631 820 216940506
277 199 209346582
686 515 148655066
554 437 429977442
817 235 69017040
326 797 947934983
990 75 395435226
127 298 494167156
300 378 342233980
561 864 843417545
586 558 204925902
150 32 11634178
486 506 155879566
487 118 514658878
826 997 181048809
841 588 365387356
419 88 658231243
885 790 809887970
283 93 678921246
310 419 403244112
683 247 183572269
91 56 671950757
238 633 371127003
918 887 147002764
338 40 60801302
450 422 699778697
593 955 322901068
86 480 831102647
932 922 458861364
190 545 514259865
124 550 930003598
32 82 238172695
590 467 511941973
795 405 34865463
734 576 79578711
270 429 425620319
721 354 946014422
397 317 986247290
276 892 733514105
229 571 501791178
248 590 497532266
237 404 827191991
945 570 294015299
33 262 17799434
700 175 537780573
284 529 986299342
847 455 811985504
440 825 50360385
154 791 547442341
932 218 269645129
209 742 844738694
538 37 262405576
260 533 588834003
903 73 937325998
265 917 17958220
833 513 69391725
205 464 400504082
596 496 417629673
596 918 808215049
9 728 326657813
513 989 17012974
980 292 324250921
320 845 957908109
990 408 358908511
105 346 622443340
293 288 924469608
299 385 984286400
526 786 613831969
180 51 692967471
442 90 484182389
152 17 307737776
600 987 382194321
171 116 563354891
913 378 257551739
521 301 660974140
664 805 344149658
899 802 490509487
325 766 138590627
180 524 758796691
433 339 873670541
280 766 420845833
719 421 997756365
666 485 363098348
94 900 580259423
922 365 71684638
427 90 544918244
253 578 446375910
165 553 983868593
271 776 523502986
72 970 452853005
829 949 79373521
232 418 421198021
258 54 784591898
186 77 580378956
738 373 945378157
304 412 327258921
299 334 859448262
359 38 724398361
543 696 891017682
102 576 687026197
706 862 631051126
17 741 186175102
933 367 277358994
890 730 179005688
823 422 577759072
976 272 469552710
230 514 53689250
719 341 439230303
764 693 375052035
455 595 563056313
890 159 779595409
993 400 47876739
472 655 179253456
296 53 30354838
88 392 495741505
684 798 598595902
894 366 417353254
214 407 856288219
745 156 796844746
967 917 324288087
503 789 223232159
809 660 808042918
52 634 948452447
383 293 154850788
771 76 755238410
351 292 861401638
467 370 353416166
813 890 863089257
304 572 974201887
529 282 895591934
125 840 223796317
98 698 346910507
44 633 733324175
956 254 772605530
158 292 628465236
671 903 80579805
292 233 353052474
119 635 245612560
709 718 974261135
42 447 393442372
955 386 469754942
555 613 321095589
243 693 798766246
323 636 456081831
288 39 503396761
284 802 524226647
460 787 980067674
504 579 894596864
236 834 415915655
282 775 258860442
481 243 718529820
561 200 860330596
262 246 477322533
680 315 301787720
750 690 128080146
547 545 738065921
10 32 353936221
942 298 439656746
414 251 266822501
743 387 432390156
904 41 535402765
928 326 49587862
671 820 265718889
916 149 914441350
719 795 551571463
444 346 592378116
725 423 959040501
358 239 423765137
285 74 896653210
117 112 141098887
473 211 564614159
970 123 831081771
758 575 613127382
586 924 75493313
736 104 388455974
214 658 986032633
127 712 428338560
584 311 751159464
555 681 7388664
586 457 553355143
995 809 755059695
331 678 7596893
229 131 695742592
678 575 960288494
535 466 230502389
146 322 687174081
621 865 28375916
337 445 738143965
443 86 586118407
375 847 645528172
439 234 467272526
511 355 75037774
142 329 69786315
723 266 87805426
836 800 708193904
872 775 241330009
375 350 282992407
13 7 699943825
536 85 258251522
641 320 481138069
496 824 771094662
459 866 977848530
163 493 949869184
175 36 830725473
403 260 817469745
342 792 902173714
845 622 813703147
130 598 685599742
993 261 403055739
107 486 988821310
224 252 785935614
187 353 390539187
647 570 404236650
957 271 622472652
899 680 583521481
58 329 529149469
180 160 327818537
482 828 317105364
14 320 543672382
692 930 82742335
1 224 701391762
456 316 880636356
508 188 845156068
877 721 928677832
392 194 926340989
260 848 671704081
726 292 199195199
611 233 850333085
801 355 718170785
907 60 332430379
35 944 486540766
558 50 586693442
628 273 970009408
979 889 415646182
28 512 46241722
117 219 335470862
630 1 951272885
516 497 87912176
542 772 835467414
979 167 161325578
366 215 692828002
921 515 348767953
618 626 579451799
214 168 275703977
883 654 626713205
356 238 298856115
455 176 647723214
811 671 207400
175 773 906014966
816 462 663086160
63 821 986959138
243 216 644815264
689 246 692394509
861 582 624396930
82 42 204859879
539 630 134459378
358 545 312693666
685 325 807746586
227 704 83394795
849 612 40400886
323 270 215463360
803 707 225413660
887 681 105431643
79 158 483177181
18 291 185404330
696 44 121980634
378 935 301909612
16 58 490455282
390 314 902888228
331 311 887649097
439 519 751781833
132 423 539024344
680 744 295479108
265 527 554415222
701 80 272533039
219 46 216935551
371 636 640984179
738 303 318710980
674 93 92211909
282 921 775929123
49 362 411872577
394 746 202030005
644 1 862706389
365 112 464884750
313 829 518999018
814 901 221031157
66 752 346214237
280 495 414038669
680 24 260566651
535 499 476925453
816 711 251847564
66 444 866448455
442 722 36361802
909 230 573289278
343 234 902187712
108 249 520149530
181 179 145051972
501 209 745367058
734 499 816392558
949 112 777138973
549 901 411536575
751 110 749726407
49 391 759042429
959 358 285072358
815 311 341338320
648 320 640495423
41 476 110187913
727 909 706149402
694 718 430423115
409 673 463241149
809 800 564452576
280 778 595391952
359 611 110234366
201 667 624592914
682 206 907422746
951 743 124937751
308 372 110969481
975 970 522784873
659 592 700444873
3 423 918981321
194 750 990244222
30 72 430322260
760 263 10593237
612 990 465082969
777 217 739922886
101 93 779466183
531 759 996915778
45 880 144318408
628 227 349453252
622 235 285255225
349 734 949054756
322 789 838536487
777 609 57810450
669 97 170181608
768 638 178883307
813 171 634187773
943 518 715858278
139 738 598035401
98 722 967120562
892 26 451061323
929 39 524617306
685 564 744980280
767 112 736777102
593 510 531849770
61 228 191857080
946 229 28603964
439 515 268998498
70 96 815701233
779 293 263342520
430 808 524524459
973 716 266103193
54 562 720594850
409 767 227726746
122 38 154026703
499 308 38396390
583 331 774604617
159 708 664422717
987 724 881744715
355 147 654335039
953 772 296380162
958 465 850439521
83 685 233556752
556 645 206239467
234 987 751409553
581 777 847564090
715 140 914365485
151 705 165810370
311 282 171780452
78 105 66260858
312 485 873570717
857 201 509865593
910 176 184716010
341 840 594354694
846 221 208615182
593 401 266425256
362 771 921869417
181 916 617600821
715 968 361679121
66 543 564698763
38 388 503634664
250 987 369433609
786 359 881454236
706 713 736372044
654 305 620700328
147 392 456267922
417 874 314875684
799 558 938574542
247 219 48293564
114 939 747875009
405 842 475287391
813 806 880731763
257 497 419535717
899 159 606707707
668 82 322173736
997 711 614363131
410 204 695457077
697 432 900336936
947 258 481785588
477 39 872734686
640 361 21725026
64 282 466837730
546 341 244092341
908 478 348937239
472 55 806929382
969 159 241991030
922 880 971425640
192 27 76196750
716 411 855154270
10 367 213915122
812 570 623744306
656 266 781476666
527 131 974899413
894 170 455339579
82 95 282771956
810 904 245924122
689 254 362579225
532 589 898308604
576 368 951754640
635 695 784281573
322 186 366402403
232 401 650148290
920 333 360825870
69 338 378352036
786 187 263440442
830 480 415522200
513 433 625413790
699 367 712589500
357 477 998374327
909 415 151404978
364 738 176313531
296 816 933397007
95 76 149142467
295 129 766656670
15 278 624039803
343 43 395512478
735 324 950552955
761 404 67688243
775 520 165751677
568 905 259197915
387 621 843725160
660 599 720395232
904 207 319461964
468 317 625581119
727 719 490182580
509 91 685965474
17 384 808859796
784 427 213013220
912 93 178968064
416 29 615960901
268 51 845159276
179 28 729412833
706 634 937081246
648 39 306134363
67 830 438264104
549 402 515284984
505 273 580880476
832 39 807496004
454 30 769748340
235 202 180859325
291 831 466368489
834 657 780170925
294 122 401170132
951 448 1113798
616 431 58041701
177 161 420114618
68 639 208159301
866 258 618180472
34 276 409006121
871 628 555746165
382 214 649723267
801 771 147435946
387 322 318740507
846 692 945127131
211 82 424160252
579 301 529545505
253 223 293607671
172 838 650736201
648 335 944844048
657 48 982737335
83 326 828543942
26 899 287318238
356 58 536152334
684 844 999891007
361 44 399563374
884 668 76686470
694 431 754843366
932 84 331564610
733 17 872918032
506 936 925222693
221 654 757730975
44 897 954978011
442 236 644361152
558 65 271535513
83 760 284165709
145 108 898864822
643 650 663009878
631 362 273839360
816 13 864960396
47 454 398576123
113 705 29091162
865 461 462571780
643 668 119817718
31 224 914414781
958 646 957090578
230 157 166024259
717 375 352938971
457 278 343323679
724 148 244584553
293 858 280869290
33 267 98118991
488 211 795901267
304 274 85788012
528 239 721265534
156 640 186715026
203 339 480890483
906 538 250469397
81 300 693976643
775 885 389366789
219 566 859397085
758 404 844041102
863 385 397015488
860 653 874615939
372 2 797891179
512 382 851555315
794 172 616633132
750 943 787996559
587 789 582266431
815 677 61630577
461 594 685962432
412 378 758456574
330 228 579248693
32 823 206729858
873 686 715226054
361 470 225008371
589 149 630000873
226 925 609636669
430 908 871826591
222 666 745399820
694 189 793550820
714 259 939834282
402 581 141291101
86 246 237521894
181 58 409640395
194 43 29224921
498 137 263871333
507 162 827006664
83 908 214489484
473 386 317545933
473 391 713782592
637 610 656730255
659 335 936309989
604 469 598526481
463 474 673377037
137 563 352524419
427 626 525432876
519 6 654146084
297 572 356334455
126 841 921408418
292 122 702126182
451 871 998070122
407 951 942110008
98 174 598653482
144 899 492169122
707 418 996768874
998 323 476652529
917 610 838708078
602 696 620082161
732 569 764961278
832 995 536549449
249 389 115761213
570 436 834772340
333 236 477901486
920 849 347812979
814 641 32538323
822 237 393118387
26 10 351471713
988 326 117853156
22 654 237493893
942 293 610725389
160 286 74957107
253 913 243814497
580 59 176364955
634 505 143020805
632 751 104604986
235 323 646008584
7 812 45177859
173 586 852028990
914 997 392572427
343 263 926437596
646 63 992099349
294 233 12030676
770 919 932996156
343 928 405041219
267 586 483166821
653 820 887982151
424 813 442896744
609 804 746101860
855 995 120465115
157 748 733141607
797 965 469777501
147 802 831193598
144 33 636831940
477 568 70606943
928 493 652378666
534 831 304196192
373 368 384985006
531 667 904373524
388 83 282743801
83 31 178344942
847 345 792857512
936 346 453825179
61 461 230014050
274 147 102463821
201 328 666919654
977 431 86262713
318 274 829430467
480 558 116024308
968 458 116723928
703 422 194852024
33 4 861845488
193 524 905296463
915 344 174368960
578 274 136498010
240 229 911546663
170 65 900086997
597 23 997151928
912 770 371299449
508 407 988295508
244 112 261288229
948 71 943753507
524 539 187461431
366 583 537211078
926 818 928428736
621 283 429120401
982 394 808282400
943 108 450803700
855 45 584081285
759 222 904974681
953 382 756387451
190 182 939476849
388 256 113473932
789 132 237633339
857 203 371525736
949 259 590462586
398 408 427187504
716 216 926392993
835 69 60107640
908 119 656244985
124 729 476202159
652 219 359028445
226 95 881164590
360 865 864897531
796 34 89563044
123 489 802467238
711 346 350879600
148 884 202550002
685 7 237100424
858 773 883602335
894 861 356734026
559 466 196230448
669 680 92128637
318 285 865850334
592 807 908681905
992 181 973507758
138 853 638652648
671 182 448686913
149 43 165474948
437 797 738718775
642 215 775110645
152 203 268227178
714 82 96164682
289 112 403712894
518 809 339921169
965 885 153416511
792 693 808476322
620 208 395199425
636 40 286717507
871 593 214148031
721 210 623199845
885 282 858436955
55 410 110973796
756 819 288927608
614 427 15107606
726 753 830770762
349 60 16904418
86 702 234574690
2 142 496809318
48 172 251147588
635 906 459803000
19 35 1158901
649 47 260284677
337 551 861332111
915 684 721096018
387 494 122520528
250 88 386242498
380 584 952594328
273 311 738484794
239 475 762976917
379 3 60224829
783 459 878887242
645 429 838893008
891 520 705812921
596 304 854730495
560 681 508505709
256 482 836825305
227 239 535620378
305 691 728377526
824 638 98987211
19 56 429674148
208 404 401371141
92 582 490717
352 436 814807272
887 791 195548240
657 82 553267833
927 970 55876674
618 909 999313363
568 579 517911447
298 290 227265386
823 942 265347568
440 244 440188079
866 578 596690222
97 553 200836797
205 451 202487923
241 840 522612508
381 504 961564689
544 639 865445408
880 548 97884836
601 478 123320218
201 188 781806299
499 187 146761859
904 404 358976059
779 319 515733632
775 101 284387897
764 529 473400098
236 41 689259767
888 326 710104971
130 77 190409843
785 647 439088010
857 716 384384672
658 59 273418775
115 644 424787488
767 853 950248804
797 270 269042907
429 415 576249934
545 79 573250995
634 631 708887825
821 874 429766168
708 284 941845984
490 759 416364423
881 684 217747286
409 361 963974389
209 116 762318940
564 49 560134075
109 929 45769052
951 400 720262074
321 597 283778448
140 114 675496922
705 203 875401598
572 262 900816495
548 703 109596292
506 618 78256015
777 597 950755316
320 297 940592232
243 426 978183901
721 220 53808207
388 128 968057010
390 126 728750987
788 524 110759636
580 182 149305994
413 952 591285334
27 275 867079990
54 35 583391942
367 771 877862175
746 479 23923933
949 92 835192858
362 958 38917146
18 255 235713729
603 702 602843791
780 186 159716803
307 935 69871568
181 237 177768152
717 201 647585554
85 296 58843144
312 163 861876847
528 278 621930648
252 67 147752470
695 919 438724491
247 819 891626755
150 528 634527424
584 156 324568207
389 492 93261371
470 189 48461653
834 809 474425452
660 542 6768286
70 39 657134372
287 734 615590164
537 760 799185657
397 954 256989192
812 887 25568323
888 472 384686771
705 858 838753679
849 589 104921007
284 889 629504942
346 123 671661525
307 254 434268683
698 299 497134750
638 446 740946737
747 125 745534381
120 399 888075630
293 450 445989554
12 962 420419601
701 506 281099799
673 407 254836830
337 738 306114826
878 162 714057972
93 573 824993050
408 868 178081371
81 351 196332562
485 349 514064275
514 223 365818085
160 466 513068611
911 779 634959689
983 879 897083670
173 164 977706171
176 236 763371149
478 707 244956409
580 561 110201088
528 812 957988279
848 462 602694317
845 707 255697495
864 551 204552303
267 13 475592904
259 841 709830815
696 947 227071923
262 591 955113600
612 253 49443476
629 781 118433168
368 294 27023878
700 788 748102812
767 210 722094708
325 457 152351494
758 643 980754164
245 136 662609821
87 1 895758109
2 1 669235125
898 839 714023147
218 695 946931151
849 232 953683091
937 468 559434796
899 909 558984598
897 403 537818490
193 36 450380617
904 924 495657060
889 235 735104433
74 76 856431258
805 307 961023712
228 605 150149110
418 784 594411151
819 247 186933582
285 286 267477507
492 161 908921365
863 619 434217915
223 25 855828999
767 592 459227320
721 540 918671485
778 712 636481925
762 621 915542816
382 545 900344082
796 698 247552958
848 617 448998347
779 500 997469728
57 20 155741027
760 637 349135031
892 979 930211872
663 578 641262625
367 370 989323394
291 777 778285552
999 904 890170091
526 972 1871326
83 660 114448797
884 129 76914725
541 245 561572323
322 29 394602409
533 408 483022803
382 161 155683239
682 103 666598333
526 466 806017672
698 569 175381911
71 847 44080252
965 892 284278075
868 421 43203429
73 484 57241538
630 556 774567054
295 63 519913164
781 876 950430184
93 70 313157585
870 116 441978950
914 383 614847450
311 808 710781136
190 794 615335815
123 98 762723396
774 511 726327274
236 29 115013852
207 523 321171540
610 525 765047532
552 241 413107111
752 872 101857124
171 863 929209984
676 631 871776705
416 941 98753928
94 30 735347769
903 724 825504373
528 449 324317167
992 943 629748916
346 301 300342727
85 51 633497552
552 372 474326577
831 852 910518446
81 63 188944778
510 543 193923618
711 885 954572086
226 235 447848204
716 935 930432656
45 9 316216095
249 822 672168635
711 234 714708168
715 312 635565414
662 104 71733258
442 49 674204417
451 434 684286664
279 908 760420176
1000 874 137509195
301 221 193680130
556 185 81138980
648 520 543538211
287 82 952023920
429 571 291438432
25 427 264632117
353 806 881925506
722 412 155226907
870 132 300326849
464 160 633173267
62 396 367554047
658 573 675963509
846 757 523038295
93 900 353236365
828 885 223338888
618 311 792904678
222 993 618124905
604 121 454068701
252 173 750274006
570 256 531900821
711 364 378419545
383 806 479324853
11 784 201291670
65 31 575444435
63 475 538990299
688 251 497993264
966 790 469061793
881 194 249558313
823 98 713941563
320 680 439525921
794 903 913943271
412 494 582390970
832 889 225902449
360 826 197233646
545 818 682204785
553 935 699198303
644 404 910726351
976 411 167235955
587 34 57424968
191 52 481314024
421 920 381449702
506 185 294036890
486 727 779127973
204 890 776764361
767 211 694080979
28 32 295427194
730 391 557927882
411 768 64646060
418 303 11082427
871 36 389523790
715 200 268351466
463 278 325779676
536 177 248059504
241 392 810322940
17 544 259972993
620 73 482286334
498 172 255460105
125 853 647359631
888 172 524584049
105 90 481201016
325 486 328102907
624 890 744157347
599 908 607855305
472 908 41408039
489 656 154340112
691 107 741616298
635 423 676909276
102 629 27668579
747 122 199824486
999 775 889759766
101 558 69175019
608 250 912546777
74 64 306182296
232 11 776878648
847 1 991015353
677 484 926470475
883 92 170381995
379 338 474904326
362 962 219400536
233 898 519503937
611 259 931730837
297 168 598724406
777 198 805694149
455 125 54995520
22 15 911624028
861 427 443703429
733 465 286729115
40 10 39509556
265 106 695376345
260 428 160162733
221 949 687501384
666 61 680827843
679 191 683515083
232 499 832273670
196 837 358532332
457 232 896500940
72 134 49263526
17 15 553248286
502 652 306236210
423 509 303232729
38 820 551476640
870 808 89392137
333 236 774961121
919 918 599076557
496 145 75796086
434 845 897604633
357 239 894818825
416 831 251627639
306 729 323236482
133 19 145607289
630 609 99128783
803 929 181438349
65 15 747517272
786 79 855916311
491 94 897352209
411 339 891864859
510 198 561873037
831 526 864205839
412 514 430590887
726 899 221636181
126 826 735124226
125 80 85877401
703 304 595804836
389 210 224122080
158 63 778108350
354 897 22707643
571 868 680929238
375 169 696007878
864 454 595561211
416 290 155596804
786 344 547271538
156 426 288930570
955 402 856056445
680 511 451236440
71 38 540071017
332 70 843034355
737 548 924069190
74 200 543401686
513 235 194251489
978 107 214986844
980 279 900882424
832 215 748269992
781 520 451970362
744 541 486004422
517 103 659149823
561 627 984237379
935 665 524715357
37 309 945452145
569 200 257307985
104 77 851594607
204 76 698266240
765 14 932456628
605 738 579712839
239 724 504455561
489 830 378310454
71 717 276114372
167 83 369251585
317 349 721385958
721 159 498497799
415 639 233038643
700 389 842065312
155 30 115557736
333 242 526169260
430 153 304944237
527 337 969953449
47 13 75564081
753 405 368615590
449 426 423485771
369 24 903152481
911 667 417436875
774 462 533977975
964 947 237972028
444 413 419256292
544 56 125351042
352 165 31736833
643 14 190031402
971 975 35291206
447 826 40641421
224 63 117409487
641 504 420883276
730 697 765334114
886 109 959363758
995 169 819071047
822 429 901490733
203 171 382470649
555 327 538066350
271 131 538844982
739 729 819104773
287 837 352136309
76 315 578822388
486 416 247609157
126 93 430534144
198 271 804705388
788 919 108831782
329 534 379268012
903 295 193317006
45 978 865172452
183 595 654335487
504 442 20733750
401 169 611174048
214 59 597577029
610 253 899305076
470 136 255038723
883 419 321638747
377 887 697852908
983 874 633528982
434 43 385975561
670 369 330029147
741 248 210105791
275 121 95331797
18 451 651258637
839 271 204136604
968 546 267192478
800 275 437358702
237 507 619522062
655 621 160524302
533 536 61802350
43 887 525795194
907 581 739106555
404 926 312389025
959 511 216554452
221 240 273124886
860 661 990315874
993 302 205582585
546 467 991808351
716 629 772064325
797 540 605641527
812 235 211698765
687 816 265943948
745 553 339248720
920 54 37385224
399 249 511967466
566 819 649698512
974 686 121897259
431 451 395249342
969 942 287755976
669 615 368808970
289 438 896572642
196 67 944048330
838 198 211694711
828 340 437962611
860 156 443468154
764 645 145694199
223 112 33502584
457 126 585470840
503 525 700599257
998 468 279214061
667 504 858735681
451 79 468258782
879 363 274684712
269 90 267614841
653 315 432361113
299 514 710705737
386 315 455655543
491 938 47520853
491 902 184457823
684 434 437694021
872 549 589760831
689 546 232776768
414 271 783852980
193 799 398563844
115 15 288679508
488 522 997133322
647 861 469824608
678 765 324892415
503 892 677506014
247 720 298516714
435 157 544380978
638 791 742225219
947 171 88358499
535 181 258805620
252 23 198833466
38 397 622956336
513 105 443393901
172 515 697340397
155 890 954802794
888 9 511915926
13 402 168366134
99 83 794233253
808 89 597788482
921 593 569748440
617 329 91369098
11 851 952968008
390 522 312358732
408 628 251143982
367 288 805169228
379 105 313270534
437 392 4544499
231 30 315204377
621 444 739124716
754 200 380119498
875 727 517698373
146 34 664524978
305 182 637530583
141 648 823567280
629 982 557254911
165 17 39646245
173 287 245559816
137 613 755176341
839 105 981600109
1 535 678954130
714 494 921664606
439 52 877782920
90 14 42575861
759 297 241199369
765 587 145419226
226 111 812789193
565 385 428225662
658 466 554102121
589 305 911611101
420 349 34392496
418 404 927577713
56 583 352412424
138 966 112375426
111 549 353330234
305 554 626007782
705 51 16766461
583 289 732459634
368 940 133559455
952 211 423574452
538 577 160319478
187 484 591808517
837 370 369206812
124 372 335871435
478 737 620440518
69 7 16097216
129 33 393862331
458 310 140619381
293 93 837483858
974 323 25698428
998 531 390986360
876 35 685994879
56 313 186724950
583 477 391152806
350 309 987938515
180 504 674400085
418 304 235875191
240 675 20331127
910 23 780549767
375 156 714540007
158 289 808607090
196 898 903754766
557 404 229877871
546 658 446976848
176 100 62839393
833 150 484859907
915 205 594438811
788 438 711676896
920 900 761396110
224 189 762062636
341 82 547454556
246 14 332757881
558 325 796481563
32 19 462875703
613 65 487632241
411 509 319738455
973 325 977036337
719 286 77531450
755 27 976192862
658 516 681564533
967 895 901601415
896 60 475992444
121 205 430011063
563 918 397756025
470 677 465183117
441 241 370883541
185 59 307881003
618 350 439209321
588 543 466635651
308 307 986131271
802 412 895352637
327 242 631918469
861 751 738823835
244 136 858919986
925 318 573095290
442 630 378488022
49 446 537168441
981 206 231283574
587 446 402045761
434 624 839863786
383 85 780864884
236 470 589058199
872 231 213312425
803 642 398093220
617 201 434372050
799 762 774110720
119 645 786273437
577 182 544065912
709 273 503180936
702 805 666450751
435 358 496872169
520 205 365534634
565 485 955188544
345 219 650662860
388 204 965137628
421 979 477545038
966 606 1173536
406 447 845614156
845 382 40131959
209 173 260110432
684 36 88304664
790 487 591210135
754 45 644469100
526 473 417630897
36 10 142017580
940 15 515625363
888 337 362660520
916 901 489613528
264 741 679570637
796 121 390160559
940 150 629444275
724 625 868779667
930 444 121843362
370 258 107353582
826 196 693348030
407 298 567917584
900 835 336195699
291 456 680480703
77 207 533156150
235 316 743237587
492 389 953367238
943 113 448494939
889 233 515099088
905 289 908063147
652 300 471651732
101 476 581296172
479 127 140433391
361 825 736450659
74 357 390463164
688 333 935494859
31 914 523787997
678 24 23612252
737 139 149916042
736 162 556843780
88 834 887114813
157 907 818140340
354 705 385990731
763 461 860731891
569 482 596383194
966 91 231112402
367 780 733099910
90 269 873319301
359 235 807488104
177 312 995898674
408 73 627841774
683 488 846165025
323 259 497683532
741 561 593516454
264 830 40883821
690 183 173053684
103 12 428323373
559 500 92212662
804 394 361948628
401 162 428978900
95 681 611723473
421 57 412975654
135 638 338464282
924 187 490049298
475 577 733687360
369 476 74996264
360 604 409585561
31 76 886278035
911 983 451358532
173 209 570562616
903 862 413039998
981 315 255263905
108 685 566757241
790 318 893154255
111 489 262792997
42 650 165981689
286 267 75506701
657 714 551080923
976 496 126338139
797 727 50797497
486 744 374482926
384 574 817036273
649 1 144348202
54 162 130326348
142 159 727420586
541 975 502823506
828 726 522367075
61 941 334640682
131 400 930133586
960 478 804930978
7 497 196313446
167 806 536771032
778 17 596785382
774 759 817304034
199 645 661089571
139 89 119051232
377 179 578535916
448 419 593450222
311 176 454272779
668 218 956112518
433 689 434794017
234 795 246468494
241 771 936737576
431 854 362475533
328 861 634365638
117 523 126872746
831 766 703063964
985 465 593482782
66 464 626851162
895 871 196492610
348 41 132732342
927 968 264708485
183 878 303273807
37 214 766624355
955 305 699676893
859 822 202933136
328 487 713701982
497 576 119195256
807 236 156906234
634 981 140470901
622 850 392136830
268 870 388261470
607 547 767397794
213 46 997649242
292 351 493057189
921 181 205527336
766 695 731363966
772 27 57558171
699 267 2580281
953 918 192789583
649 247 667521108
970 121 208773281
623 553 283651450
438 144 167597510
738 527 358347814
279 182 371404371
334 391 109311505
77 182 8643379
44 790 655643800
571 535 121927022
333 478 539585706
615 427 360273909
4 2 380141763
490 399 707545444
218 387 846228099
64 967 411465691
913 960 944655999
667 668 413646144
744 838 963311772
620 848 438192428
890 530 426279748
153 15 504753714
62 378 943014337
941 366 480874321
444 155 33075193
162 317 976220195
80 654 880686554
676 351 501652240
754 657 216618374
723 342 924569652
400 179 247892455
726 783 806787565
146 721 121649478
399 643 916332659
813 703 903386927
167 149 536501634
229 759 96620238
376 137 51800113
390 246 716794858
47 105 29930147
790 19 915132438
745 821 156927065
53 692 952986109
363 40 566167564
662 46 502952288
386 78 810763082
483 171 241184945
867 502 115152582
473 710 802459345
376 909 769361226
88 840 363210465
478 625 896904381
259 208 871818398
169 434 10230373
424 906 164940415
665 233 950373082
258 575 960689333
445 35 222467616
112 53 320785870
553 655 741024375
846 769 520695391
603 711 232745224
364 58 763247856
299 906 834652861
15 835 738294452
862 275 230204834
707 430 92695196
333 606 880304127
195 442 62922366
465 22 943906209
461 47 843204345
635 225 714853545
946 882 33668733
326 239 685985621
42 5 997130625
495 608 646850753
646 432 583728949
15 766 337571579
385 78 39853138
282 320 598711914
652 696 841032036
697 551 887806359
275 268 653605836
49 396 830135503
448 30 886987946
562 691 689050701
838 3 606173577
844 899 457478371
190 653 611710067
753 141 378542229
855 892 826345428
390 875 113086950
332 28 905837568
579 828 349438181
427 359 234444578
206 50 496701926
92 982 718054351
387 510 857680030
436 338 371901682
863 233 715299565
242 304 110516083
200 652 25885026
8 801 544286672
48 858 534765777
388 924 891805027
408 554 282097622
669 789 4066032
590 533 197368929
624 487 851215270
735 346 860979386
699 617 960655343
642 581 548908517
128 673 617545350
122 779 804990401
51 28 450286028
721 137 179819224
672 532 395551511
152 333 889840787
846 308 182500189
445 193 956107930
279 655 838150622
471 958 58436843
172 613 259472900
597 113 913492025
146 49 710006593
990 384 116890923
226 526 339756097
323 261 298287098
67 54 436875521
164 611 313795627
857 914 636737823
178 479 325233480
179 381 705356419
288 120 6174932
875 181 239077227
12 54 441697004
387 764 167524629
641 50 936266625
656 356 445216883
750 283 671795351
339 45 995545618
879 880 887919841
48 1 919567544
384 958 988603594
217 776 712338261
759 226 826909006
501 552 552293080
670 848 348836450
184 140 31189977
571 752 188593960
467 211 965341969
592 796 617596729
124 156 690409890
564 42 705547773
620 672 880344063
358 222 663099010
199 140 240246723
196 633 477449289
37 21 598829266
460 378 57455182
231 141 217416584
160 672 855098950
882 703 739109805
155 774 236653565
431 321 760106293
992 392 331431972
604 487 700747524
756 979 53267548
633 181 8693311
175 90 237585115
977 196 721051446
107 501 896986442
922 840 455053318
453 838 903157344
213 56 757171086
134 47 390084273
641 181 818107223
501 617 211314485
688 513 295707390
254 678 34762541
532 11 852173563
832 665 128107266
954 329 532619543
223 972 206516441
712 26 252725026
963 197 654939057
698 443 732694419
233 84 792924165
384 95 805867688
208 305 649816204
883 495 486684025
584 350 978158616
480 623 13302601
517 566 675382462
135 98 317668767
206 371 301368738
754 703 94634229
481 199 36315113
578 529 857642757
455 747 808712907
607 280 87604305
435 73 609433383
960 902 984966504
471 673 98180685
45 121 368533269
865 845 490668927
998 304 196410043
796 952 172396616
346 947 14711999
789 836 374091696
261 595 763200178
880 138 332032734
824 773 200772737
93 967 799658825
693 175 418781190
110 440 549238094
200 733 949043744
225 148 314767229
102 62 496065803
638 188 602410886
711 2 152252276
158 729 89033318
995 996 121714647
701 34 877947915
250 366 864594420
967 235 804837445
813 48 987089156
204 966 472228398
704 958 668413627
167 968 479146593
881 40 281355282
555 301 680576586
578 446 677923250
218 172 420721272
513 360 429794363
783 62 481608974
329 206 255454870
558 202 398202582
852 616 684917569
824 576 778500220
568 945 381382835
447 753 30801480
823 216 322244634
124 988 834168860
159 326 929908479
747 22 94147937
424 477 533938682
928 748 146192716
128 766 672275106
238 948 360878439
96 461 986440162
775 33 613769325
868 742 494769194
887 199 952025173
941 201 81246572
45 195 272821748
62 129 692909120
154 445 186058684
282 779 986757563
445 899 559801551
195 64 54202383
336 16 301591342
935 932 988651496
762 720 852198958
122 639 37419081
219 173 835737767
564 927 767402709
138 630 386006610
598 546 367565492
522 227 156618045
471 582 930668829
996 653 792399865
418 249 821807461
702 248 124850426
323 994 603073916
93 602 31237393
13 877 641996635
48 215 638871313
627 535 793390372
984 927 612953703
292 267 106105168
730 464 217197522
39 615 317065966
733 654 15787231
858 663 37445361
677 630 375651518
510 509 796901687
884 107 162644879
653 231 33504628
95 72 8181205
763 562 871612338
791 195 41730136
272 808 12128845
751 545 749199411
155 160 637262746
306 15 765521674
171 300 216161036
822 561 576070399
598 238 977826901
179 6 395896648
698 674 751739514
287 423 646781740
506 629 796796186
826 362 212550321
695 300 619229823
473 619 545191898
116 80 627637619
8 199 122100584
518 429 30353679
340 302 100527873
115 887 492169129
103 363 640494407
142 8 47200354
895 297 631059588
221 44 352810915
42 918 774955596
814 324 117433549
836 181 167876703
636 952 366044454
858 528 105984315
374 360 429558068
21 548 801679228
134 751 629213093
960 554 171120945
788 712 131409731
802 960 629388030
835 750 798464119
271 501 484463857
278 75 325181136
678 996 252726235
376 841 831361254
548 470 799854714
547 708 995429519
902 750 103207736
487 187 712666606
20 918 338561884
258 295 919680429
847 709 894310640
989 984 352452312
772 910 518217498
872 903 683498579
285 4 545212018
292 625 696916674
119 41 35791823
531 258 440617590
443 203 139745286
158 682 5381491
280 960 551112749
256 45 202666220
586 889 476837429
974 518 661367203
662 322 769999536
631 749 45276918
585 164 310935486
729 307 818237422
934 166 634205468
661 465 665412925
630 544 664340705
806 280 63698430
63 18 415080359
394 148 875265618
2 527 125022673
824 781 935888290
39 42 127348089
553 95 287495717
941 469 580513162
405 865 226233357
301 49 894631446
244 980 772116089
451 444 930766106
569 86 458487234
335 648 739351405
456 887 389469979
85 212 852383634
147 291 84660465
151 595 135924315
451 619 823005528
126 968 290096450
75 32 282414092
593 361 98551769
649 636 129137906
733 793 662101603
744 4 388855410
362 65 466854684
745 968 673734800
154 410 207209972
34 24 493329676
919 246 661515118
731 475 15963204
660 45 228436204
949 442 865595268
580 498 77440357
144 502 100990193
422 156 955169820
264 74 127600470
276 114 511357012
680 337 767817206
873 330 722957974
435 668 753985963
555 853 327815458
305 282 744429949
993 737 222175280
692 443 300793051
910 432 679113418
534 206 947341238
719 475 835641683
763 440 891602341
568 20 650032186
420 858 797667719
886 666 884870397
904 266 570225172
96 240 953648855
446 262 9185976
231 34 85598448
98 90 488373468
92 570 581773625
685 665 296404776
517 839 10329197
931 625 383977415
657 335 987513150
695 692 557782393
476 268 854940180
729 34 850582835
964 903 275865967
878 709 652247828
375 516 986313719
513 247 831837718
343 515 803314796
939 241 647939317
423 139 643209818
907 328 995490934
660 315 975811343
940 52 311122474
886 810 473691456
841 202 334688071
136 580 138793348
200 26 601103870
156 317 198871564
645 106 304410792
530 666 454581111
555 696 920960308
542 86 519466371
809 756 241032664
384 665 747614252
684 624 179656435
733 385 401646506
855 193 581808821
230 167 19205201
330 995 458170937
585 768 729021947
936 650 107728481
356 225 951249201
18 5 697204377
161 885 5895194
709 313 177722368
186 958 725705806
386 953 859321630
434 513 703631515
414 160 506301569
645 444 982110205
554 171 492362332
680 450 848878358
489 372 510931163
412 613 939767632
319 463 129132486
246 777 367152849
154 413 260138905
948 87 83247150
719 251 277275103
928 144 532091563
708 257 711304128
115 120 127501737
66 685 573231394
682 589 313705855
264 334 914823185
276 269 936143672
303 131 126176552
366 975 372083462
501 270 274336262
785 301 601039520
23 20 223951393
874 732 51144680
111 130 160505763
44 557 894379929
794 389 725854030
813 705 503648587
964 282 981684681
951 221 303816848
432 223 760274519
668 659 594396859
27 325 533808541
970 942 456967076
227 760 839249352
479 107 588588820
204 818 91313231
236 547 101277519
217 276 307759266
842 640 926865901
125 67 691895413
257 947 724706563
130 292 195505861
463 697 569748927
606 755 442125002
523 150 977148580
618 321 446553690
758 186 627103186
934 601 445481336
319 769 637976176
623 443 651937511
313 134 370343875
959 545 149855972
539 29 532526276
852 183 129254734
51 228 320301790
129 962 425883447
381 667 225918644
924 12 209131261
185 286 702726958
465 895 534022018
275 333 926144869
728 278 347195672
956 631 376442215
311 253 53527808
8 948 697986265
707 606 594056781
142 542 714324848
773 552 203857086
952 318 196158394
980 252 687057045
377 438 393920017
489 800 796244733
375 105 68265022
771 230 900082070
659 524 57301433
319 91 224527762
681 890 183105473
191 670 986590099
28 976 783705138
753 344 272255862
629 35 288278658
212 73 708823058
999 721 163562364
526 948 555716215
171 153 10793303
703 649 220330634
754 151 26175487
178 649 223764345
980 130 239740302
899 386 657975948
396 996 938084567
392 385 218553015
274 126 957212884
760 971 646907578
334 49 429677404
905 119 242356263
454 210 352857170
384 359 655965511
982 551 756079045
575 993 852954030
200 498 66604416
249 501 390837142
720 399 488205044
190 288 669327304
837 455 854785603
208 332 989972318
330 587 176202624
219 930 478124527
335 90 962252758
392 803 271300114
291 107 338623538
258 310 896588904
91 195 134949186
214 130 816560257
628 298 439960122
129 461 205010758
93 286 904557993
711 252 846258867
852 352 540149736
354 10 23807768
129 789 126974283
10 357 400473189
536 513 678425993
990 728 74618493
596 791 881804857
428 1 150082467
906 699 414318965
469 283 995112046
420 993 28424486
436 195 119427280
82 485 482844362
592 244 569809705
982 595 566699421
954 29 235734732
778 464 487960740
957 214 430392897
397 693 841189569
21 184 121127357
990 235 666811633
904 146 874089857
97 674 366761064
927 747 233767524
704 794 499522424
513 638 491843864
948 277 52776813
989 759 2175020
217 385 400456050
315 119 684461441
741 671 20851803
508 68 873922034
986 20 93885229
31 10 896622531
328 86 463439373
160 858 164791712
839 549 347756
783 435 661322025
813 921 711073800
284 511 815796531
672 596 348284667
156 812 980648467
148 404 606829885
406 948 327871225
851 816 679747498
216 129 13199491
544 259 475195760
350 89 145841082
638 28 130345300
25 6 177625674
787 368 388342782
93 772 844197501
616 202 801383834
249 351 189980496
94 905 949506421
578 23 894695324
298 381 464393249
793 372 535566854
149 887 530584349
483 33 942545580
593 928 947491254
855 580 338180523
15 393 588058822
321 861 58990657
302 945 828683564
77 343 177128626
828 699 852119519
496 741 403618716
645 668 63671050
84 60 443231503
684 189 96857379
598 245 232461145
957 559 916620821
284 696 89822308
194 999 970681935
331 245 824598206
690 359 701886110
230 293 381064592
565 608 94057495
896 1000 530212621
982 571 656697561
183 119 480054182
603 988 832347456
2 479 379468338
650 756 469800387
820 708 902596284
842 407 914154754
747 25 849224724
226 331 985241301
736 66 105400634
942 606 623680380
471 132 636540575
114 369 571142103
366 752 593386174
868 830 500907075
178 721 384777222
108 104 265096748
318 480 437670340
970 536 667419085
926 213 997979235
427 586 121114117
941 274 629029615
878 523 814881465
616 912 416580288
500 59 492533176
188 870 286339991
984 465 974963858
152 900 348194152
116 299 508854634
18 208 678394637
917 401 101921615
137 952 103424685
744 478 8557094
877 340 102289230
326 472 906066728
172 674 825551760
955 733 671634607
455 295 902441190
949 231 943250217
238 171 438865284
348 351 38767202
428 734 840068938
474 169 759529174
757 580 251463494
807 547 996930137
725 531 778765701
91 934 782036190
433 624 185630868
862 287 318199726
66 162 773446984
383 911 268257894
286 844 811986806
823 540 904318509
817 108 204482585
609 515 861949384
384 288 123071875
136 194 90414717
499 83 694203546
241 672 35586581
53 29 398959431
819 284 453593646
963 32 953516012
286 85 90329760
630 639 681902721
428 188 872785865
710 515 939911799
426 938 131942762
891 726 169238708
732 959 785303053
302 985 35260390
908 275 958568880
921 479 182606640
222 833 124669016
303 483 494470688
271 737 279077658
774 645 821539764
563 496 783627832
664 420 578412585
604 242 358856727
572 383 634241039
800 65 938990083
995 201 333328626
689 996 351536219
775 429 200680571
375 98 78803645
472 566 17682421
847 429 139886838
817 573 823266272
884 529 499008207
719 561 21015678
38 990 88746898
8 935 446182583
324 171 571746139
122 566 276407867
355 51 17705491
770 766 950073983
525 396 874659092
897 869 888017217
94 341 496298181
240 317 330383836
544 583 456327333
285 39 112692910
73 451 356879104
259 748 536171200
33 1 398862669
191 672 58966341
142 310 756827055
679 267 684199320
236 402 795930463
774 726 16285587
966 513 216307079
459 278 554306313
557 968 445496218
218 737 678315029
653 532 749926208
565 234 838365231
271 14 159674537
106 265 931550257
468 301 207365355
949 554 163542043
127 166 791562817
40 943 675217517
901 892 12632585
705 788 341011250
817 379 771061654
726 15 472021565
325 241 448419869
403 490 541461046
667 64 487418651
422 438 343337631
170 45 409924085
991 556 525152325
405 867 165728525
59 694 704996949
500 56 107462617
642 170 215015743
550 450 304260267
297 561 275692977
86 372 472114763
611 92 815705426
810 299 190111471
166 924 286113146
497 58 726896657
420 9 319839194
270 749 591045438
942 317 426957690
93 23 756977619
74 270 930233704
582 321 602480377
613 534 141574271
485 707 806353909
7 831 939948372
981 92 510268951
668 793 746740491
347 374 292982554
981 880 868510282
299 213 965159008
724 996 72181556
569 448 137663321
570 643 623701572
828 82 419896607
859 422 354428723
967 136 253748465
103 255 307706892
104 552 358523718
16 599 477322435
370 252 167943879
94 990 685283782
240 793 157899777
323 895 753610100
113 592 256047229
946 415 846662324
293 625 480910300
196 467 402079545
548 24 551632653
538 292 814777102
985 748 709527267
194 127 334769639
952 909 311786495
494 621 22551336
774 720 712509097
900 73 101689070
998 2 155848955
507 88 948698544
128 114 247778103
766 867 618333123
622 243 865141122
344 718 830524836
521 999 176530425
129 882 370117979
681 669 626543273
289 650 775707042
162 299 601836412
995 644 606832631
198 841 273548442
105 53 584889300
592 258 246205445
396 253 636002946
577 761 110419082
681 184 114440325
520 974 609984767
846 557 594801098
21 470 752358678
675 803 419339082
576 828 177881544
205 172 157203993
141 805 486525153
655 92 929412448
693 259 164871502
347 63 236567848
36 677 402559394
477 360 479038413
612 446 272592073
395 155 799768784
579 820 748468554
481 881 18293385
613 597 72948910
489 851 296012787
936 16 903865715
850 157 317129564
947 405 817733662
956 339 152647986
98 515 902180539
635 558 601978241
160 725 835870402
889 99 455161385
119 654 439835620
611 67 331454300
230 425 546705741
576 931 615094793
123 688 145557166
651 498 829141065
600 549 991602470
406 121 210302213
680 335 319390791
241 67 106292304
530 604 860707671
27 25 833877801
557 62 379211938
450 543 756694033
647 99 394756235
45 794 720657818
25 820 242920430
317 313 912203727
428 284 483561537
495 489 383815282
915 75 815689950
617 949 185881529
619 439 477615661
248 570 318486840
721 718 245015977
408 174 595626977
938 168 14701687
186 505 655138721
141 106 867171322
178 62 453368340
217 515 999612245
929 782 242941736
379 775 219440004
652 641 229424061
372 933 935498618
127 178 42671336
190 542 951073980
802 655 776667153
854 332 1973996
983 468 611395454
925 6 227579459
437 971 839007210
418 659 991571687
143 850 31086488
600 129 315110392
638 863 102463562
143 728 962607881
496 220 874818858
503 324 406016763
607 494 528411534
863 22 783353622
852 197 535595285
903 526 453515225
904 515 365840326
605 285 192422083
732 947 853320021
550 319 630792455
342 418 59455080
875 139 502172205
247 835 822990791
610 178 531867539
987 778 27599290
10 482 208639964
384 264 476075383
688 843 840488564
398 678 339310275
266 747 687928364
525 83 75750041
649 514 566953677
826 1 936599321
54 437 678957710
526 414 496637537
830 19 35668488
399 809 370322557
840 7 646195994
255 190 721466674
795 688 281230178
19 497 273325207
938 43 870414044
650 718 691690215
942 961 671548599
866 13 213847085
30 12 664771256
41 586 574711119
665 457 652555387
201 944 822549200
798 423 737889379
960 916 353879581
174 154 443102361
533 706 232371980
19 256 101979412
589 369 487914849
728 13 141250766
158 798 615032702
999 853 71599631
569 101 803417343
343 4 294869217
413 244 829156372
885 27 749266007
858 245 114518851
672 294 970534571
920 178 647187987
673 617 736765690
470 364 909496515
911 414 875954478
397 385 961580196
505 184 169116926
654 468 360014512
798 669 248635116
61 401 367642403
446 217 976409605
702 277 336784441
759 187 558633697
394 63 710464027
596 447 866904727
976 376 199795611
739 741 539401260
922 648 966096325
467 519 629823213
619 746 403730959
686 576 326073476
340 20 736659183
3 405 366471480
169 97 212299412
431 811 762073318
426 52 670579105
493 81 677106321
610 459 857522195
316 260 996149158
909 166 769998149
541 441 23153880
500 649 309277820
185 680 806698975
115 767 222897731
939 711 640042028
528 552 754200234
727 884 138112280
329 162 334883725
373 800 303884232
946 894 371022061
551 658 389056059
897 818 276481426
80 75 521472169
831 67 891052016
200 271 305469721
678 404 280400654
518 330 316105187
838 526 188552287
550 321 170735062
466 496 146797176
277 680 29280612
228 586 160955236
663 805 670667927
452 128 831657335
8 622 362170753
569 611 896242300
461 453 955979939
457 804 384716225
591 349 863842917
125 219 25734061
155 725 939154500
12 819 817409298
530 273 118153937
872 48 168359621
426 128 298672423
818 187 842475619
532 449 481101472
367 597 708766648
150 533 703175558
605 345 561774768
91 729 482712592
438 427 468282957
10 300 400679088
172 63 549234374
80 1 541229653
530 492 653922867
385 76 967696120
763 716 849113609
41 549 651629685
85 808 2562364
334 75 778352360
182 412 139697803
791 322 642145915
251 70 216552703
229 460 91076015
694 53 507155343
512 704 341623093
428 265 696312413
170 125 951009031
77 43 361706634
398 348 773149159
43 417 970456993
242 925 708891078
379 461 958487699
789 881 372089812
486 355 862879487
326 140 653978797
868 946 147107535
702 858 730842347
906 584 107268121
517 390 721314338
279 891 735331389
381 78 926767268
640 882 134710424
15 9 592932852
921 374 677183000
458 927 467636450
664 22 348293941
561 417 999249122
614 25 517679943
750 388 986064745
844 28 898232065
478 592 641680698
277 104 589820793
388 219 722308173
166 99 772748946
408 954 501072146
194 386 407378095
159 29 787183761
505 754 257666672
834 681 242789432
787 157 466857019
383 322 708743175
333 953 391177132
166 377 248817956
929 774 45774975
853 685 561284986
250 96 609544307
185 197 420374674
758 850 633325567
106 657 232016846
737 314 121298781
23 681 340722764
370 199 702068129
314 64 270510733
734 152 719120742
628 41 280397041
407 608 41509566
748 739 305739972
623 477 608038204
469 30 755489316
41 23 713514995
249 195 42050544
369 349 567374435
650 46 108125330
834 107 631821141
472 588 451503180
496 467 959336724
527 318 57757708
597 573 661316974
182 258 143689676
974 37 140423489
633 484 514135866
848 245 730585411
179 167 348178062
557 430 741301865
203 224 853195191
40 245 430062383
916 596 3887378
227 937 695599535
737 777 852467669
362 791 472935065
34 10 892987217
810 298 511424855
159 170 322846831
694 612 105141675
234 229 862214212
413 752 667717262
972 278 433987484
496 251 295513366
99 903 249172385
742 558 272997513
368 270 960928340
87 7 610144674
663 545 404425772
851 230 190221810
42 17 574137386
435 303 981376939
960 296 362885754
341 37 525995680
378 171 963669413
120 503 453148069
327 689 434598562
545 814 594404327
42 81 508924409
417 527 973115414
987 779 649519228
454 518 393898356
877 6 560837777
296 973 654507382
626 522 954087523
82 14 846915816
32 755 635847591
139 90 517053685
591 311 29801442
592 805 948522019
211 935 536777212
799 30 780657640
361 670 790559103
327 515 451890094
221 80 182567224
94 191 228799573
984 395 397751769
753 334 428694164
535 767 421581426
26 374 949854150
428 44 581662959
338 680 950541155
45 746 521542350
972 147 945930488
837 550 649058501
499 790 391323340
518 255 741935154
31 212 301037997
257 8 535622200
358 469 317656561
893 687 946651345
694 968 473891459
481 26 426799271
388 187 570209293
151 635 928937804
310 966 865570856
994 545 420188836
467 71 527819232
144 42 916539508
796 317 281162360
868 802 779271211
516 73 609618438
839 565 392869442
458 71 623352350
191 372 504278580
830 641 202814527
406 532 727639778
782 554 327328328
492 473 717341309
202 3 188087399
819 887 868853080
643 248 660791795
415 783 929864834
78 650 73543502
607 814 731999637
482 478 331735306
343 198 626296986
355 237 788950320
315 403 818965406
20 13 221513040
197 673 858678010
856 594 14839101
367 363 376063918
204 176 591346867
378 48 350375759
157 89 689537414
441 593 791924235
463 581 272961737
240 623 207854320
183 877 915030326
550 669 440882502
128 258 643521925
573 564 5123269
128 182 505624497
54 841 67525946
8 642 440158780
842 384 59151883
61 50 140831270
515 190 961585935
430 765 673764922
912 69 67654354
904 654 918095137
507 140 551197540
159 121 728642899
452 941 194516737
38 463 406465209
822 928 89379762
273 169 368664736
767 727 954232814
77 671 83236360
764 678 263088118
371 163 911563358
943 819 955998182
177 172 393626407
258 800 33162433
57 567 340752150
9 586 246809620
591 115 192240718
744 345 537332198
810 204 707035197
503 834 107637978
608 344 558851475
943 200 645875699
447 735 771168121
200 280 596473896
242 97 544013744
595 177 279210924
916 276 995014822
22 440 639431970
114 80 924761205
937 778 168147680
468 948 160288490
581 958 153619360
398 74 745968663
342 462 923042073
950 200 270900495
60 75 445568485
219 141 275030811
451 445 39846277
573 884 966327948
145 279 795816326
940 355 696926177
563 286 308489719
871 632 278843601
200 658 258919152
121 75 684286406
633 136 92571101
494 63 858267567
610 279 82491356
7 1 946046661
560 490 573520790
938 803 458355464
611 860 861257099
335 318 16463191
64 640 85758651
799 852 194234718
80 947 30391300
13 667 536438379
822 602 21310590
687 156 668918727
497 676 251758761
877 96 83692666
366 483 893378789
555 579 977984694
681 275 311015463
79 174 635478894
789 99 807794753
632 180 371007520
297 401 748444115
253 642 218100873
656 779 988512592
798 257 706540045
344 363 107244011
957 483 256391867
353 494 85128221
522 726 684243514
207 108 777602060
531 103 135523669
256 279 889736389
468 179 90441167
150 26 891462628
817 561 601953679
173 704 958533278
340 154 459585494
324 817 925007227
107 99 425197607
822 492 200910354
377 401 45232469
959 601 278363536
760 628 893418387
353 233 868296162
595 674 893780289
111 757 452963497
146 95 96034532
664 510 97272378
748 75 277637650
124 37 471789929
344 178 953229736
386 985 446711404
57 97 519307763
634 436 293223837
838 55 214845218
48 780 744887535
19 183 459986862
218 811 620376791
62 55 30292572
446 240 627917114
919 909 152089892
281 60 670758647
871 366 73610052
194 477 480645777
702 416 685684
977 908 4180431
157 745 834648183
369 203 589683415
569 757 208497477
303 810 236777939
706 272 584180746
821 324 541477146
725 136 156064850
393 126 495825345
106 10 69862717
178 654 813180465
704 958 312415534
505 896 705815785
556 143 206840795
935 498 592274910
571 222 84023282
153 899 446568576
656 355 714952039
965 46 794648943
971 594 780646106
360 299 800269132
819 7 843319021
137 952 945458074
24 820 225965571
99 426 897231074
994 277 526263432
898 332 686439915
969 796 960276190
504 170 63564452
847 529 582570685
460 290 706844831
744 216 281678879
687 138 696752661
971 302 382360838
707 608 190115003
60 706 30051703
868 423 52566318
255 674 742082507
563 422 584893182
874 408 659706409
90 412 196327265
625 493 497926428
910 998 140660185
753 551 729223749
673 376 971981345
106 45 382513221
190 589 449479020
257 521 798563520
220 376 628626388
600 244 74915435
931 773 785451459
569 153 453839651
868 188 977586999
116 102 122685044
54 847 461138866
455 73 420884720
487 419 898096745
380 176 166062077
584 746 588219537
335 221 642858561
397 138 210785600
679 597 180326663
600 986 288565059
831 950 523856395
945 51 745986653
709 346 492096780
633 617 899511576
501 477 880625385
8 305 547361351
776 61 752622018
327 70 288617843
222 182 750189740
412 52 819259530
44 201 700771513
432 940 202199720
989 332 210265075
387 92 505273507
101 984 41613629
925 554 302026631
466 492 695540291
440 380 801823722
761 927 974139419
839 938 943892187
503 347 835137943
137 565 882684808
196 823 337150631
665 645 397503660
816 721 457040218
146 686 351189485
907 674 735242670
389 381 176297244
573 212 151128823
394 90 451858785
482 713 870412365
867 311 281037970
957 605 862123016
384 764 719677065
605 914 492135329
274 350 96188630
743 647 36552023
31 333 73274083
137 578 443898314
945 88 996108435
653 278 171325770
510 217 444414147
37 956 102605980
817 492 700460731
852 809 353090905
386 971 632098452
705 16 26363432
31 794 816681477
189 96 221463298
622 966 48251407
3 2 793875194
85 982 207854800
997 42 119729370
642 965 114428238
371 93 196828270
236 861 53904089
191 907 375415086
900 238 176616613
590 92 914084872
414 721 358800973
647 752 355091763
352 922 394759053
9 470 176065234
321 97 590033917
53 513 17245811
959 198 200003552
854 812 179652587
996 945 235786045
702 596 447881844
173 816 685658414
511 841 605464608
993 22 112567984
223 985 13504078
465 21 180601643
553 498 408973363
622 302 608386099
450 222 294118514
302 504 216128031
741 29 110668026
987 268 70026036
962 230 384887856
732 751 971010077
948 705 539767187
297 111 949533793
401 951 763824853
106 887 8524728
7 628 317108330
370 248 326569512
43 42 883810201
436 16 494533665
654 446 908132620
594 215 43206272
966 24 839464594
539 345 729890359
58 571 187391654
283 718 958922430
892 440 78422535
998 8 56373168
612 70 660366997
810 364 85925990
778 907 2624722
578 373 927672153
167 8 121642370
733 539 522699070
996 48 789474313
740 284 30062752
328 214 332317541
887 94 295856154
611 60 404911048
569 154 185061374
260 31 921532216
150 142 621606558
924 800 324699637
143 186 919611673
446 180 736469476
229 582 324187360
351 34 109716416
882 293 695460160
524 102 124039561
156 6 681229770
348 152 621855920
736 974 187420653
369 422 438779604
679 554 309056845
646 875 914586402
365 490 718629800
11 507 347161442
174 250 311388152
602 726 513256922
793 320 69717834
475 90 800417350
465 60 663555806
147 911 935951258
967 872 909284299
143 131 640637490
867 671 825186313
644 808 236292042
55 950 815908547
806 624 491292583
701 274 374149893
759 23 231755183
682 740 594086058
743 11 764082785
680 920 290043888
179 402 974225573
879 562 751465850
122 178 990969630
611 543 595971873
92 970 227134828
457 36 611788469
21 111 491921017
78 986 797620533
151 201 612541498
840 10 476761526
969 1000 54617394
219 966 226691378
296 115 961806498
683 210 582649599
130 939 473476508
870 810 706401997
758 357 598927342
928 56 576238396
293 655 945732147
261 622 471213974
107 488 351479422
203 672 15074090
788 301 953363454
516 606 632869693
738 532 370604063
375 634 410945931
886 588 343058264
384 882 768566451
542 45 91047226
772 192 531125622
450 301 51231047
229 403 735321583
849 336 463970964
162 299 930758248
436 667 631599923
849 173 473982816
124 117 883721001
522 455 270353838
973 919 99094178
661 408 94106197
949 830 365990381
979 744 924932020
275 231 477849522
109 682 869354187
930 526 451114889
396 23 169626787
876 899 776349485
722 896 333881951
230 281 733197318
567 563 270204145
742 242 514639475
446 831 969113808
380 467 521404407
825 18 699438156
532 459 964755987
855 409 208792263
818 188 367805861
725 512 463927530
264 18 74253642
177 503 954329088
535 334 929156846
249 269 524951132
557 513 836116354
755 446 725430495
941 478 280628120
754 134 143333964
618 25 250312512
199 556 869519551
453 542 979479119
756 494 23724618
502 247 858554977
411 194 140397523
660 9 462184359
332 619 129614038
378 280 43233691
650 48 578864640
118 983 932357054
68 774 332229644
606 998 446713490
724 444 751341719
425 325 360262802
392 202 700116094
21 130 121440322
563 727 210199700
668 122 138655754
13 509 140333393
617 787 759215931
122 78 847307196
163 15 646047751
72 65 212731046
956 6 980007275
917 100 554139283
455 496 118706127
282 180 116235601
798 242 342372212
39 22 569761637
721 973 84594466
804 871 208651881
305 418 94171714
18 800 552861584
822 939 930299562
243 722 837868888
942 738 404525096
876 334 762260327
214 468 132563239
615 813 342731370
594 400 598218202
842 773 443815426
126 92 271018658
575 221 733835430
486 668 52017554
100 67 549699060
571 208 11826741
646 26 334234592
850 605 54178303
332 76 456021665
629 381 457687552
218 276 6943809
187 913 504515665
546 784 36670821
829 52 67590093
55 130 22463664
415 185 213835719
109 3 714806413
81 201 426574700
523 992 50078706
474 556 435071766
618 87 751710409
87 120 405283322
12 10 290375411
553 875 724213706
616 134 10313064
476 440 617710101
477 565 998590112
573 106 948351414
872 528 646765277
103 60 760560769
490 918 101932795
864 464 534017518
594 1000 181686951
514 66 962800531
831 51 794980728
721 457 861856719
621 155 737491117
943 645 499404862
120 588 553127632
522 636 284276540
158 739 228699341
819 282 908676084
453 931 811906094
856 801 637687977
211 108 427465511
455 557 370705949
968 36 972101218
684 731 65151894
151 31 241712872
344 115 289761080
927 911 300390726
924 395 421339393
670 594 663115696
291 404 24132319
563 927 714511966
554 507 191321887
789 733 376284865
558 175 747477235
71 637 307150972
86 28 60807843
132 91 46409120
761 146 673485330
258 327 436164992
408 551 107946074
623 343 521297947
739 581 706308109
437 948 638198905
321 436 616888501
11 2 75434200
302 769 993579734
564 407 813173833
150 301 383751598
520 246 700431343
699 314 236453890
205 237 643925054
480 239 873967862
713 947 181348378
334 381 155909263
646 675 740644585
909 478 88287162
419 22 565149235
7 182 393885310
112 356 791541656
402 185 235515635
377 533 88280329
705 504 851971071
151 736 932390228
270 324 902666147
313 256 769111096
161 77 852007767
858 682 468352506
47 166 890832155
468 551 319747767
963 557 741286302
493 834 450168922
55 475 155003686
455 581 1847295
337 128 328174256
682 374 675815959
853 710 41686853
227 211 456821043
728 142 779875667
930 454 307705734
77 124 721475399
246 849 371939859
586 113 991805990
97 176 68649129
176 420 656956406
514 673 192534601
924 385 649168950
65 582 925302024
109 304 750025101
259 999 751538303
449 136 211728388
992 804 222757843
473 922 916346673
29 934 570580012
170 594 636339155
897 702 922535544
354 592 23217833
63 612 81934074
863 407 29797680
778 710 119390590
635 358 639024263
515 310 876976864
780 560 940252460
419 405 96128894
248 642 626853057
212 93 792652862
367 26 137740854
617 65 927996548
340 825 410180244
486 769 737821104
224 792 548222156
533 367 239161176
512 63 563176201
200 166 563353686
13 776 101724618
567 308 790116559
245 661 733547945
514 324 947610860
233 369 502560878
610 436 353079977
864 877 320768260
892 412 739916238
107 342 522741915
353 322 577796312
292 693 701540769
891 745 8961361
866 949 570469183
663 9 82685221
949 55 232645341
934 551 646926354
615 357 523447076
223 991 920269956
879 639 934820272
282 389 719789748
217 848 845974928
150 631 432748962
226 135 621063195
187 840 923884205
745 723 366952697
266 952 805785354
733 597 365872094
277 590 924420637
893 390 792127011
36 912 324822337
641 917 6407608
643 283 572778523
710 558 974211169
48 52 61945715
602 688 243288788
501 159 116642271
30 833 300837090
863 129 636882987
944 864 397680171
154 81 870124563
613 804 253125851
9 8 480989724
647 489 927629033
56 569 605781644
305 942 163821784
625 265 450840137
98 254 313282526
862 779 729961699
380 16 556956389
655 967 425040237
817 565 742503630
833 903 906602334
772 4 130843658
297 12 805816533
306 287 988909480
750 994 975325870
495 182 495952854
535 779 768306485
921 252 377777683
266 733 806884802
159 52 488034161
272 63 516669406
685 969 83658572
631 186 755829187
667 39 272056629
528 488 749074953
732 14 903668671
429 298 397342958
204 367 831106042
397 933 411777885
427 353 955365237
596 341 79571973
395 924 29568669
337 556 602650859
881 436 350219396
755 888 50185876
852 152 907463332
288 50 213389414
205 160 532574437
805 441 418160596
351 100 598730949
935 874 120919288
398 873 124203934
965 376 935379635
622 362 638968248
68 291 966569156
565 947 108147171
190 912 731452867
59 46 868536615
177 109 920662390
248 261 909474893
79 839 638188610
675 630 930706030
323 666 290930654
592 484 710584762
265 569 616101621
717 309 178668934
785 146 485192374
50 45 11239655
591 110 221191689
862 492 721542712
124 551 791498243
527 968 748246828
121 524 480345370
218 722 823330234
20 244 284096615
417 503 489874245
474 294 226754944
383 875 873171155
867 660 686909343
609 444 529953912
540 422 262712110
538 855 211165524
499 971 724239783
338 813 832346990
990 19 334269789
748 647 102244650
64 445 266394038
630 23 822718500
433 524 365732466
55 151 611450952
773 619 157743384
460 90 284324116
365 793 587663132
483 310 15854953
159 11 971368523
205 338 888730064
951 68 630484696
18 586 954508605
124 437 10641987
88 78 380581820
977 268 648267518
572 71 978893129
348 463 179064495
738 146 181030150
613 48 375928357
173 235 181130410
840 64 326540114
947 895 187256430
6 82 491240261
229 423 264678890
472 787 882849644
872 418 331195927
936 439 663903316
817 432 135505803
686 38 5134305
475 168 244214043
843 159 778237720
671 14 593554700
498 388 636728578
6 453 338684135
440 588 768271569
802 372 71740717
164 242 476714154
713 505 962001785
740 320 386933669
589 779 953797736
946 555 64302550
604 802 906159402
148 439 633187007
259 400 691559252
450 182 317569701
10 264 349098731
491 366 4334350
757 231 25259197
485 828 682232902
331 936 182028446
867 639 338866832
270 541 482679466
208 147 527375916
375 47 191327353
875 641 10980755
731 107 615770305
338 772 421579165
17 810 637711768
71 687 117277294
427 78 414104947
185 237 609043438
345 426 773425093
625 656 969988242
20 143 702711879
601 1000 618754219
776 311 742889174
786 590 744830880
111 755 639024275
241 92 874000111
243 958 654579184
347 795 335982663
912 394 299458751
217 525 423749116
890 81 545372984
526 113 285902561
790 115 339941646
925 404 71064936
209 613 796298438
994 125 193838357
68 78 505896034
786 435 965260047
369 842 453397811
457 71 100157385
424 762 866088176
674 374 341118019
620 869 424268051
915 772 191089689
521 518 571678401
208 639 822051289
8 4 135631267
543 236 197699190
759 954 923762039
47 9 991682135
340 63 691658878
448 232 933201502
869 990 806010890
856 297 243582627
687 323 799168373
44 490 824474787
876 798 9462343
34 418 618179062
780 589 525851611
551 66 381398732
842 961 574605047
870 790 738760451
899 571 60524809
87 767 739376528
966 858 308755386
224 701 32139831
817 814 328831101
495 811 852095721
220 192 61602693
899 411 438604877
281 261 443428854
57 119 64357320
916 877 312863989
58 359 151477219
174 798 361826736
885 422 517922588
977 79 215720062
198 158 807540386
606 952 562461346
201 381 583264266
432 160 629936044
619 542 581665117
229 437 617129387
970 28 136521202
688 303 308931923
623 407 574767766
171 660 115940238
52 919 228414162
278 46 803014013
687 220 686657352
103 140 648073721
64 988 213111013
780 922 925382399
864 284 75932638
471 388 544380396
285 799 197181897
955 845 771918764
639 262 850750791
925 4 922796574
137 433 791143529
157 557 95313597
606 695 920279407
869 263 964537253
480 488 483572813
913 292 525394970
565 480 232779496
21 17 905826236
100 118 528931704
912 396 660877724
164 155 889473803
151 166 248546225
393 787 869420268
157 151 675052261
541 563 76369849
823 37 849465229
309 49 518132370
635 350 60994340
816 631 104852831
210 42 816613136
879 616 65248519
723 493 502368030
311 691 369570572
641 852 449942155
760 312 849077497
631 438 340414708
539 468 755656009
384 307 50867222
25 862 355058557
142 683 608056745
23 214 948829424
680 486 229446826
59 18 230604677
892 670 115979550
453 200 288322869
319 225 554133304
195 76 708020920
170 574 922753098
450 77 707491992
443 309 641225230
941 4 76598797
950 595 39625002
146 748 872644090
373 301 79351284
572 602 661081182
163 824 582352426
581 356 669324166
957 878 87073823
591 108 657853576
324 685 834371693
936 736 389227547
984 914 8487002
264 653 413722124
77 929 827454435
955 564 965409743
758 172 764840426
374 793 288021335
864 659 120306168
908 742 745190645
824 321 6256219
143 305 841669534
624 812 345150412
181 409 94751163
636 874 406056787
294 526 541319973
990 975 13212484
174 503 156980216
43 567 371608321
73 65 411218814
733 558 63918548
815 20 885579123
791 232 155298754
441 957 675586401
401 321 540566120
47 123 127173806
951 499 891270754
114 902 653718683
711 576 465167429
962 301 641372348
176 503 789671260
788 366 683515961
641 461 983687478
505 882 453988004
788 151 382503481
158 657 532212960
292 793 825422553
251 511 270063720
714 1000 108399618
323 651 569723582
6 4 224495185
9 81 884082233
810 177 475359536
759 216 151887093
666 539 982803935
222 165 149854836
767 490 753413106
550 509 945939168
770 381 746526405
231 18 876578810
139 432 803855290
572 459 239954247
86 89 130523520
753 475 405078407
937 812 535652031
76 258 357962631
607 184 541358936
404 59 856992416
182 12 789243498
920 913 722962870
656 486 987408194
19 738 399094780
825 394 957036294
136 989 627258732
378 726 846692189
982 64 894728927
798 111 75716356
886 26 295806811
693 245 649852309
265 369 367590598
901 489 72997280
39 670 62368110
592 400 165615880
338 665 385891101
860 334 357490897
217 196 92665780
162 76 56004139
755 521 215524178
317 911 835953575
525 472 5024541
606 384 228908156
379 410 177078178
137 912 30903409
178 442 270734377
804 681 979291127
442 12 954409032
68 62 351525114
609 674 69107370
645 220 432249295
958 466 604204998
246 124 875928629
38 15 966402268
825 776 240009277
139 301 972640129
255 724 480431706
201 927 143557188
129 119 48818508
828 536 83591602
882 837 626553081
752 821 755643226
610 100 605913111
76 619 152774870
92 672 885663021
44 220 754490703
64 517 251978184
160 89 314822673
317 209 40318380
260 374 678906046
718 452 665911679
595 418 845699983
170 428 703656804
917 75 195543418
59 423 177170807
717 798 530017275
657 228 431461266
556 943 475925628
929 860 532855857
800 467 439905511
242 156 284616250
89 150 606427250
497 583 40287304
455 593 538984572
644 704 28972348
525 192 777759747
323 900 378989520
790 742 121924339
552 150 670765017
253 67 406652990
349 238 614434630
941 771 773652916
400 526 960940513
991 405 988337688
595 166 910751641
95 21 622806618
686 466 513972100
287 973 189866507
118 539 522241747
284 596 475957397
262 53 286319362
258 491 194792731
643 468 456325169
458 325 572179264
559 962 424700710
258 543 907401688
212 646 477316135
50 306 152674652
350 360 633387241
117 787 689605882
27 793 72677546
229 612 270353332
893 281 66419465
944 191 111754392
552 280 742135008
71 304 747124103
273 900 333209662
310 132 726121125
284 783 120912560
136 45 979944745
890 870 398605102
720 742 72810272
683 453 960372843
28 972 614574286
433 257 42759047
526 742 989554487
201 475 307760316
380 855 610396807
321 205 940038821
383 2 58530367
454 307 142022566
172 901 814423819
864 474 99960032
922 317 373592528
432 779 756355641
783 35 174029733
748 215 260907306
300 187 54296701
215 66 393896073
161 614 67414101
58 255 936284581
938 162 886910601
246 214 170303267
561 145 44775973
937 244 444260309
825 347 946868873
444 613 105603134
687 403 636600270
35 612 54702867
510 1 73805208
603 652 947918135
402 203 109981660
850 629 648486180
891 744 269046864
339 437 492304981
80 770 907560176
178 332 245325783
767 380 921461684
723 90 859719782
474 358 709522721
311 674 294478986
649 464 291548277
16 803 83273140
493 664 979942344
351 372 913977612
297 376 618267479
365 768 170640469
35 8 966346828
669 264 381470624
964 890 217928509
940 661 34483315
349 585 821936710
989 934 197211133
729 236 283460712
983 243 466717976
901 521 883818119
244 241 628222079
811 96 497695824
931 69 259612233
576 915 567491254
8 712 849880130
860 353 222081061
521 359 864047856
957 192 380673914
881 511 208162768
447 442 362535628
924 530 842440365
109 52 114833724
826 288 690671356
60 309 972572996
763 28 641703166
74 550 749883577
327 918 38602330
639 926 683664095
520 149 698907161
602 389 536802121
887 192 375455076
77 561 912682136
36 990 51358059
751 320 92385155
708 929 559175685
726 175 12450833
398 394 31227312
395 6 292776886
621 303 723141688
399 65 385740880
874 880 252461115
701 254 724299892
108 686 227618246
530 276 874682509
339 342 284019385
569 790 799532836
28 18 693386428
731 713 405409402
920 14 642230398
440 165 73344176
27 419 633156212
24 344 487804593
603 118 848579688
395 111 569522458
294 925 516689017
453 13 285274524
251 820 500933345
463 361 668510241
739 545 146783743
478 252 526897092
626 305 449996007
939 508 727036056
248 85 178725744
514 701 775231215
853 277 997756069
528 156 803208480
738 249 167992228
606 251 814372617
290 129 109489101
739 563 630940077
892 731 975271551
312 539 53918057
264 17 599968589
552 901 803968155
210 8 478174030
127 62 887183925
745 384 536927232
442 839 58921547
129 394 181881316
271 185 677701161
984 733 856592890
263 189 141680478
193 368 337599134
524 424 514052034
141 410 407067416
619 677 489069034
528 6 601282445
67 957 428778602
814 791 688120565
171 355 74732830
20 586 65945493
689 975 568701803
111 6 188834374
681 680 897567556
153 459 800341011
727 667 78394232
852 179 686662286
50 989 542008131
657 358 923555318
138 105 549206656
878 761 686746820
929 905 596644277
407 334 591254867
851 399 226693559
868 378 876075608
95 691 211288909
175 935 309028523
967 154 633440908
872 268 389106647
400 484 182764173
700 539 385310035
526 249 793132490
391 336 505020102
801 677 675569706
719 673 604921758
344 85 262086803
138 24 342570496
215 616 765426085
770 759 140372528
543 880 176932277
838 368 338192880
220 266 208260248
275 688 159376924
473 214 351227552
882 435 879173137
549 180 25641038
675 634 304127369
871 26 815622627
737 314 858504557
852 236 325889839
815 585 470117039
174 151 679566284
353 550 505513535
12 125 173226402
108 40 777169394
530 432 735102297
447 76 115671420
16 15 238120065
790 143 442712423
115 48 391718147
841 611 376467081
480 409 85204839
992 339 972224419
116 611 183291247
943 591 405028529
185 122 195609862
935 779 583079490
173 589 923845185
326 69 302760409
494 176 421595817
898 558 844159042
463 532 944263439
169 157 423049523
310 976 705250589
206 289 910327338
247 928 388944114
44 346 400379547
614 475 853776200
517 988 50312673
220 22 971077784
960 585 373545973
624 313 570773468
972 881 898106773
67 165 884897683
732 187 802130689
484 183 580141047
247 429 699220985
910 31 407330567
913 78 38361863
192 688 833049142
101 646 800057928
424 849 591215586
38 498 347776019
540 973 839144284
200 181 856660901
356 472 808780714
220 336 482054816
949 293 419966388
448 151 760167382
775 867 124631121
823 997 717839276
911 983 911501592
329 670 628975422
992 466 69099034
205 840 46343676
49 595 722231617
353 870 794972410
909 654 549112570
895 954 849500325
515 944 3339949
78 209 377168817
528 206 904665529
373 615 486910467
388 173 359535660
727 35 325185789
710 656 109713830
706 696 295440074
234 754 447321586
541 442 750583822
899 979 988949783
218 576 25588109
887 837 436274135
867 162 287218519
56 688 927950511
712 724 507775232
168 107 507900697
87 956 252823521
452 578 872187275
988 134 914770441
886 449 271228047
281 606 702832348
31 37 524406796
827 736 148021578
272 156 654165883
668 891 911618019
192 843 358882712
49 35 520815648
136 882 351863416
905 885 750774460
79 76 941709129
554 655 838647052
617 434 117077851
614 383 34697030
348 417 357918613
261 673 265152592
397 895 49339826
948 661 460170779
323 777 427280040
172 139 237549190
7 119 476632671
246 381 86318289
459 140 806070772
140 553 608387656
640 819 166341424
497 105 455286135
701 275 597369690
768 234 660684249
44 257 855560282
277 134 874543923
495 236 370375826
659 260 498702461
731 103 570355577
547 702 278265654
449 246 791134600
364 263 306993077
247 875 7907031
491 231 274831658
322 111 993751129
273 103 709414900
134 131 114641984
40 221 455987675
584 705 727867314
832 729 266407774
885 753 694144027
470 941 656860114
493 326 20401263
66 2 935455623
362 619 69063767
425 686 300182643
712 575 996949081
302 826 741951953
137 63 255944497
912 167 720090426
463 385 994166880
132 993 869539439
222 34 216769146
795 831 463609596
52 8 64554965
937 490 650790560
400 389 470312431
968 260 921725536
179 180 788654568
433 273 91212283
919 841 833867878
504 483 216599371
354 468 752374190
220 29 392052078
355 237 61280041
935 204 115141613
687 663 751358023
402 105 479864124
658 813 591693688
78 3 382218129
517 32 421362160
162 418 246584430
192 27 408679196
576 319 377201250
254 222 576411844
718 422 178074464
378 523 182223486
159 810 579276592
464 57 861784540
415 308 293927567
176 290 755847656
163 159 758669508
841 103 491772871
690 997 56634330
42 795 324544279
268 242 161038701
327 52 356757241
448 413 823983307
793 242 234114183
938 721 717665885
668 441 677011173
979 869 334960163
653 910 255107649
1000 731 896720168
793 22 96716864
292 375 185372916
206 925 219742042
880 823 589474678
527 588 816644339
730 331 92086701
887 340 792749650
351 784 899906015
101 377 496555944
569 117 812704932
928 246 50404180
644 169 69798184
904 419 491419342
557 882 665744032
128 375 778926889
747 187 268658849
367 109 85774093
380 441 807464029
897 67 691394977
580 281 660486531
312 409 290754709
956 627 89859984
29 17 371972369
992 878 728708656
966 342 777623987
338 356 574869407
186 267 552516364
466 309 538347752
480 417 967412354
323 471 852413777
640 721 666144348
325 122 942837313
401 546 38917564
183 129 86686455
530 488 711497096
384 170 913598377
849 673 374723040
382 75 919822704
92 345 516303682
742 467 47932069
67 628 800977430
356 98 36815583
617 777 824002711
650 439 620563988
157 716 145809843
87 256 233580363
237 93 210083445
974 398 19314271
950 128 271438889
413 751 393893391
743 225 556778144
741 316 339409157
636 240 76111627
421 83 763283517
521 902 351033351
342 256 479531822
703 302 2380484
24 29 894240287
475 220 164942070
629 506 884761688
821 444 743172878
263 593 944893430
405 250 924380770
336 271 80338898
314 235 765683662
562 576 812808006
402 968 769165836
206 335 896224241
510 174 111765930
923 220 184138902
89 57 6674345
291 184 476485524
173 331 241572273
294 817 931383508
962 850 770674093
848 263 179679891
231 336 925919391
381 745 777839599
745 942 893816490
560 838 869666147
317 77 194067793
725 818 671168289
219 546 368124889
51 444 637196132
701 781 69271994
750 319 52424897
54 11 789172450
146 286 152773003
103 276 143936213
925 624 52565146
8 952 428716879
224 820 890241387
50 962 464689625
624 742 376024741
931 45 791549916
167 846 617776550
127 829 467524999
865 563 782987204
190 785 400307296
621 356 966873628
858 196 502736480
357 733 799032557
919 300 577684217
547 456 751281902
169 318 255188418
247 542 667863902
844 138 954304747
158 912 16724294
67 984 65750169
455 438 793273108
181 936 169272443
921 297 870279940
613 462 668123889
176 979 410611680
387 235 476047927
973 679 141220853
261 930 526220350
345 752 387245457
906 781 515297814
749 179 615864482
554 912 921509429
631 477 508801544
883 325 972887981
477 31 722260948
300 596 501963618
726 55 330072679
970 345 530636171
690 10 828278910
566 342 450517195
76 64 263870679
147 309 816475037
701 814 964735319
710 46 519728194
752 337 525294166
999 994 428638024
261 421 452391380
477 867 874537257
749 426 177942589
716 179 684688187
72 941 738086728
979 867 332139015
565 968 141662748
73 246 912120062
399 755 144399512
12 617 33271096
491 749 815841237
388 883 196415050
504 138 534807541
270 53 905879958
281 648 306242201
357 842 165012529
839 58 9436007
874 756 170634152
534 505 263114537
120 692 938568629
410 584 360482464
72 687 230380754
798 567 682558154
773 388 337140516
260 9 227714677
66 205 609657524
178 131 66814107
993 525 587931603
890 691 127076958
700 7 477367596
5 688 498475051
845 68 992540846
481 402 354170127
257 253 186864485
598 171 136287240
630 651 424748846
565 873 972704588
494 40 384858228
499 780 337457891
230 243 199262258
166 102 238517934
365 304 28126565
541 578 685247935
720 439 491903699
50 308 439622886
808 110 730230492
977 967 844981561
787 407 460672634
277 123 145296439
216 89 676916865
944 417 611572386
264 91 694816370
510 784 282798890
899 474 867670985
799 990 98891438
967 935 328862897
527 458 176035769
158 53 709682129
443 93 343531912
219 831 785008763
156 256 758306555
122 516 94983453
228 925 682192073
338 236 293302282
168 9 165443842
555 256 922050056
129 891 650184292
616 602 200467276
649 955 40186409
193 271 536648785
55 787 345151692
783 533 847089087
517 327 366900321
242 604 581763072
201 178 410195961
569 738 938405213
366 215 905192545
928 631 808673460
772 442 491697489
253 463 527845751
697 386 595885653
436 729 209395074
920 392 516682225
780 533 154364263
803 464 525956897
627 83 431079103
382 74 321327998
43 353 846576149
597 520 547892874
718 880 958530325
615 341 641246518
336 989 71905862
111 275 277804067
39 163 712919966
417 675 971804288
621 584 309943948
440 773 326992671
640 213 25743896
150 873 75796579
986 11 193969543
161 174 111495815
338 970 578896810
5 264 328952950
687 681 456179043
431 252 413355695
311 947 658631266
5 2 840269698
699 303 839203726
118 375 703079005
454 8 462408417
392 283 769324197
61 955 693435201
252 312 108069720
586 56 897711528
426 151 649168679
854 773 563598536
894 210 336346461
96 67 796971132
363 847 588442733
355 217 776795650
466 871 786210872
983 128 822981033
127 802 844320140
893 251 401662854
226 857 435423488
237496702 914503124 576726506 64650691 435773435 762082299 921539053 619962258 347229894 965933140 986610454 576367368 431112931 732167115 494798853 65465803 93994867 419839288 792381595 89066853 192283074 443825693 152296500 175292728 92398444 214763579 507373291 510145636 440380804 821203393 481744133 803548742 736490724 893576142 291024575 829146661 876120468 283645811 725896204 117347070 908264207 362066952 271419437 905497407 969963236 518116925 713109874 22780740 641716146 791603221 647769933 631423906 321894938 901583588 988698502 809113064 181054704 554293789 257640880 990742205 669709918 177325179 807047516 774267162 535910244 534826234 664628147 855989680 3096049 341016207 333798503 176919648 364731715 470168342 991304105 337704534 389710906 665526555 342641901 527169776 393001348 729014673 682748910 989585268 425377355 46135172 116909392 474024017 386899099 498963374 192791968 976500481 856966269 513508477 545658108 850956343 775404622 152257403 696113209 881631930 488454900 59419591 702471399 297864760 33503687 467465019 440148168 281714124 707358246 32481110 353742882 504768229 964951895 3924592 807235492 595205358 591997556 906075658 708757597 462897103 612277908 196600111 836080146 625634810 509967368 933594749 222862696 37015221 373767318 767622526 937174398 987394240 727775850 451300008 521261774 42180239 55883078 79512235 150718462 444857917 247048337 368757485 532848872 799756665 64082134 421471902 664508147 448480614 650274001 542733900 967366385 51290008 774806547 449471931 296405624 849807057 67047224 504824756 262202882 487965793 294794593 457727507 302599205 360859891 327728321 352794069 182963548 953760389 477257176 282701959 472672862 544906054 259185446 907406010 219112276 817256607 10375386 843210292 623037442 142146263 808431067 845340181 339487827 252277772 921797844 742707640 334929622 778649606 109771724 315802770 642358921 968609583 177305808 270803417 798555258 665042750 312749891 961860979 619430735 463200063 932537632 97398459 505392103 925389142 323203166 453457400 208834924 448269770 765848585 955510471 35892079 385143405 649955676 806545127 198394455 566919783 558608549 626606749 92543387 562794933 401587874 454856883 905596489 681081110 748429037 999682565 962092873 881522280 354180040 165561547 898605082 641387544 720784046 57526965 171450498 238889386 580549027 527480166 506356685 810546542 197159773 738103696 878741198 103570996 134969080 537423922 212913059 63512293 287443679 448527955 868777558 457519604 60942546 766375695 509987567 709623688 986891146 308514494 540241433 438938244 210450927 529079194 364622069 667636406 107562234 691844432 139995758 528959028 10014412 354612151 879951591 129012637 381424121 238785871 10192493 713404818 115724953 685361299 482442530 399011287 646334437 225833795 469144528 567444419 212458442 414806940 291554969 617909659 919445931 453021018 565073812 105889197 893290189 158390823 772143233 145616795 901160706 483788060 500971038 911632281 620563988 584177452 762410554 129605782 139206974 590335660 396434518 765505387 889527481 795390255 90739245 709590549 994381881 77774247 41466576 40400651 339635447 668087297 387643943 960913518 742531675 423848996 472742369 750418386 204301941 86270298 841826809 458851175 394394862 288982425 240208895 173586943 93048728 74057394 641538865 309921589 8294314 554030274 978124069 537415688 284174283 99669123 520552174 856425232 698923376 68968231 415359790 585766241 618458479 865869545 685688383 713758733 301005397 837032950 295074255 236696013 20410766 685808927 726263064 191458851 874679468 844721022 949645792 722681298 557142023 396642208 616902937 812166956 858801638 34114218 752850215 548891316 411596370 697148785 494646231 964761935 705791304 543442876 880568543 136242062 737518381 612180887 848500683 593830563 398985540 284348488 111199949 98640188 48541424 590152368 277647285 836238777 574009823 921596624 383055471 529494193 170747239 818595683 634838476 848951419 321976028 404003451 242607869 143505480 878215362 688397716 620126378 509086878 98791921 187423747 960173990 577559618 682332856 170158147 954833984 826708350 336567362 554471702 321654327 163182252 779118255 455171556 528434217 317545752 706548304 287658595 610962556 7785472 653867156 554369451 848581482 832752631 206507358 572357568 442794493 81517180 877328272 576134403 964964669 57839250 958311087 699950442 440072889 559607788 261826030 510784635 794713456 518855869 680575793 922202541 840195831 699462851 895004695 444832363 818119941 771132862 947233161 138254473 413108974 323295824 191212325 102212793 228007638 939765373 310397668 429586706 297666695 309114171 229061981 580845298 631786024 410034874 101789105 472677871 283918182 165221102 318598204 196231575 791501761 318685278 180758532 778478750 201921812 734149926 902564014 932795442 555588398 224208129 729195228 516581263 153481701 696945241 33406272 179882454 766199551 789677961 497837246 556216969 666411710 842496712 252628953 59881894 87217509 487567313 128557433 565322613 361611987 822984502 274719461 542601864 299146931 82017810 194883208 899989007 944937483 200436053 323025427 444984872 880357056 294981757 199957565 85087408 836506963 415114399 141013029 472543246 414561998 678272062 478238991 119546924 585665744 520275915 921516617 196789740 400412741 630061817 61437395 338081749 484166153 224534482 471897610 660632586 181111020 252445652 734930709 105154269 534486038 144984147 902941038 397059870 989951059 101025851 156368333 255285346 554021934 564683619 848960796 844727617 723766038 458231153 129560275 386594896 172172240 487309350 916820868 658353174 639873261 737214246 223003984 321398358 834019244 391899314 936838777 982406859 197409245 570859251 258206165 506464509 10748342 881144867 752007740 357861532 500329734 110178438 211329721 122436355 757425363 947891311 425017989 539880798 376299534 114575924 735222587 122411522 806080771 361793570 835005034 913309049 417539017 193698898 794261770 909190139 49784499 672512460 259100371 966076925 375744413 710115525 138652807 220172496 591457612 6119304 997611887 458503675 771780137 237965327 809519570 86616406 246540208 319170410 843002410 197766246 464952010 203015444 550841468 322165724 963665469 843775013 880900973 544924561 108503906 967011346 280010325 412406517 273553504 557558348 668445320 849976884 938156334 945866314 712286646 811742935 223479377 551833965 984110398 210264769 506992912 239621343 146307458 50048635 27163658 6492967 96582389 201713803 939049900 681514481 671627516 731827098 939926802 136902786 988644280 726572052 31859101 62410283 788679372 755747880 552067340 814101080 924868177 521869876 553175288 661170099 154100758 173225577 458799271 458488518 190505499 392474149 975524432 510164367 138702480 138816045 940185581 624714696 227561996 347554813 313440834 678105352 960930462 954129644 595016625 885391950 55617866 626478663 760818035 547161046 813833964 938835396 204322846 231275989 942120372 116932803 407971913 504284277 65147938 532113634 352387310 164322380 574361329 914567565 90621390 724609060 787885363 355831452 560893481 215543069 585539801 803159151 933408940 60305320 920640702 667064935 676730423 648210469 694823858 736229468 923442810 727056371 523275380 563165371 660346614 891690355 323455819 742048134 911379380 660588444 438847653 160593284 805535952 160926212 686831608 510093996 763383361 769257406 919641165 340610753 835677160 692075201 252613328 597629694 288839602 783722138 958386493 130959080 840748343 182772669 644912431 215852277 21750996 361775368 483705456 849019185 478522844 163839220 19619745 719707377 287466353 860332816 719943057 785323992 90515722 57821429 125603402 761397478 979161766 783547570 310092954 162266781 322820415 907793396 37595223 237521443 881593941 404414378 633860876 387548995 618645176 903712162 934809801 233838826 746806209 636750543 39102309 359069625 378130083 229217080 783075488 895291876 468449020 156144350 257212799 421338479 959098950 487490948 55097658 308251149 37157020 529077227 184261351 76910400 64907546 472347245 340767352 262345807 669383032 595637730 311363932 106765053 931716450 602534953 947798659 554247727 57313317 479860491 264293815 768503665 973133189 941589410 775922842 2246745 560336271 545115754 243199856 866147028 435196519 511740482 755149100 274261697 137984682 601956314 96483186 692902232 656598523 640354397 638201510 805409933 128007142 151615166 361787369 603379073 331919561 444283282 810004466 991215951 233874022 709361929 386712351 305565463 268632510 855067317 858495965 565298969 609834361 336951896 5928936 509615063 701289558 119922750 791331918 945656138 461583644 535924026 701536343 291053244 52832845 668552968 310534904 603385910 244811905 659716773 9587644 5446633 133211618 379611191 63218325 976479700 982128333 96000948 706566070 206759860 594229876 456867029 900686214 239675878 676356672 129568481 101951874 993354251 614051960 505979167 370051119 904820266 671442434 690842597 224588920 814227003 619931156 941427063 665211188 419803394 373096927 966854644 579369117 80243976 509748764 603801412 887610673 617891079 605959942 217581768 774036546 505376618 599931570 858879644 408318726 546394434 787052819 95337824 277009378 273048748 62589105 419667455 837219498 588084970 933926576 368525778 72446407 10726343 1507828 779074344 428222653 104215580 3784547 804270150 32244393 544053970 858657766 97397719 114899766 108129843 843649308 23565392 94947053 461469173 475935468 661907619 176340066 902396421 998285568 254810203 481205651 83180831 638953728 571988321 674647282 687557169 151422342 138209249 300644091 917166942 363163557 483614463 691561648 447608885 653086172 926314572 567278035 852572698 513002649 244990681 230123742 566725277 58802380 802529216 188518570 159421239 192599351 127203155 622754059 516745055 751676514 806442603 967329089 150387564 54990912 342939394 119576957 457860239 771740706 715011581 643491089
710500254 774251379 504481228 781052660 446366315 422152098 524699683 481919783 813746699 55761430 557205764 662105027 338737022 535158401 805565306 26809448 90381237 478013646 512566352 462018537 33707176 977242427 212279091 649079951 429716123 674482876 596443259 40230974 265748872 888523068 180599249 80572936 294845558 179041702 89651574 14358214 511357683 524680484 158947513 445557639 595302222 642036723 448198528 978833347 422649047 441232401 526223026 380578474 601785205 258253932 615769883 864794982 840692229 780850820 688977470 30631294 864839289 902580081 358932436 476870959 713928114 547206229 377064819 726767508 838105892 473461831 888018767 675051431 808165393 228959304 539133288 661232296 648627458 516381309 735878123 867622888 297142726 206999524 188583775 244513947 434547145 603424376 76035982 809977727 652545210 160400870 701949024 524917818 302796752 50883584 94872771 629926057 849691627 482313977 150413679 82686151 340419357 419028706 894513043 480685468 442123527 863008020 16630185 255322908 75332952 88235742 914225728 373278115 153494529 982578919 301195162 50564894 571244670 618433734 196658058 667699736 593823074 276297093 637828370 848462155 354853240 55479436 919493982 125303110 375373931 716459134 759270825 940177808 801365019 401823185 338945022 668274689 449514367 128270869 403840432 67446882 554291782 838760491 513204087 538039659 563499320 26523860 384361676 867076570 528940600 569403954 396767416 740685368 294794804 421990859 186110314 371724180 124574680 602950677 923465022 106927603 440681313 656418963 52361611 191464087 878644599 773163690 909560624 243738064 771414370 454468527 417400250 734906379 219146667 223258268 936587430 52000268 280771390 654194760 148166224 764522809 173354345 355023871 255949499 22555106 565657481 874299191 972468872 587144415 622952975 671164738 87880256 117527031 919110008 999194054 792655733 125699241 692242438 138338542 339044810 356064516 450420332 394079540 550168738 535529084 556462437 942881397 205512708 962924987 614251568 883269802 742850470 491759742 835587586 253784667 214819004 654059370 763684372 188446965 851608423 345421940 775757364 125643189 706457683 702073491 209035168 303613573 219798419 944705916 841988131 600823829 861227936 913933038 292300198 781004 367625452 326860178 451516420 578164145 168221526 246181307 690645114 160166710 947769589 980930273 621721796 581882882 868290209 649660153 504207282 377365185 400861500 409464974 661333888 920090251 961013154 661890865 706319372 126625333 66455587 876038486 945051422 838633638 952467440 232250078 482462956 158746499 705724229 295253804 23813861 459631250 377462995 277182827 919818765 763983087 742893863 114557674 977767642 221202132 624109002 123906170 275261498 991481289 774809492 313270730 543933998 373602099 460183433 472896919 379027883 503117579 797025871 810305783 673699090 146180758 530532902 921348977 961456631 410967077 216244251 841722552 295361454 109008672 148233239 877777275 19381780 662028836 813528730 453842455 427169935 783999153 174665388 315911628 791179782 638631820 422758903 393389264 463560873 789682026 92356280 772438888 507246288 974559220 672050696 493916016 703361388 110421652 3680542 213756698 17118211 83718264 363474417 333547006 676076588 716899612 560087886 967275069 908862858 546578990 640222099 802946685 720659413 504324196 907564881 348024560 323999169 658957629 541079154 640847729 575259577 787717214 458281579 60216689 775531788 387012001 308017374 631074097 226502855 528914815 294783882 698559659 96739248 340071472 273109547 98877905 546738336 745841563 734710448 608780424 254335062 646354937 758513360 301082234 207618109 596774120 258451219 290887951 311476856 810107492 799746297 739925235 68230836 203166029 468161658 895398184 594177804 280509725 320436490 193747393 797015512 558801335 762801310 290258787 878047187 262796571 216995150 942354940 612281359 63445344 945937919 287838719 321637694 150813482 254770696 516020338 356693888 127604750 114612409 413145780 187700405 472218443 619402632 596137476 6898144 875059810 174769657 921329696 330980106 458811410 227933204 7851521 310296419 631135739 592402375 908814481 643411948 860632432 844370377 26656161 857980714 232409892 985945325 486006204 268002305 475513866 184281159 893991825 565699918 966447144 970907411 871757431 747248757 662508164 35961762 725763693 296605562 471381114 786204556 920454789 603800702 71465154 959694382 985281655 591981110 501530973 42220353 196352587 751412120 185787026 611818040 925542804 440430992 377955777 864478374 240295356 853386382 735018503 476175483 80190092 992539628 800427582 429848052 905161727 525018281 814389932 67513261 155270877 375441022 29453492 565101615 454956508 637235962 910373834 330014587 486466671 341631530 172586008 635156474 827259245 465581916 201241840 395024868 199533093 523129061 459458054 341166704 252452279 414649086 257154082 670227155 718916770 797569895 209327728 138215353 891310386 976705597 341596957 647058773 16661287 959126834 661767729 260614860 125387770 122180625 881229219 900714998 788464283 218117387 791801578 731617620 478940812 206390270 708541880 898144828 635014810 334830526 575790727 705112908 212625137 11536221 834826492 877135469 996013689 577351189 22015448 686025358 896281224 865448099 909216838 572321383 620860604 238613648 514203069 824345086 392095687 82974907 871833658 878450868 994269153 824758331 251975740 539912884 33736488 449027596 182363445 373756349 485302558 392256649 813319592 435740725 950893952 906853169 555341020 797237504 38601189 940885291 427088933 735839760 470220726 394491975 412031226 638722553 287299192 648057924 46608092 930499917 692076466 384786031 239436483 713288407 112156504 123796219 856213777 758770150 244605557 486842283 371251753 596753349 679460090 145887301 953883395 273567331 972380608 151338140 318380239 741707980 849650779 290381838 872792103 779101642 340941946 48202505 281196022 710299709 600609581 324115314 872002119 750217353 389953834 781779352 401648135 446642595 741563383 681954413 948790199 542204526 157471962 571678122 399146107 57907488 141965541 604361460 285005979 735341686 111111433 462456219 508401064 389309242 587225660 631261939 311124155 693608727 465468302 98632713 174656037 623569961 146015013 740400849 151091783 179861313 989982387 777666076 563735439 198240100 367760127 5239286 693520270 895164038 990008494 167938231 33702141 907107149 347348659 500711665 306818889 87732804 852132759 700876871 612158817 717015689 823240658 335142829 545955627 549527446 73867350 590674759 441616461 846788605 725929777 346896774 267020592 873748808 677456304 74230219 180052010 269484373 337219273 6180581 517290252 363119514 225196366 764764818 283565518 466760581 8380660 569176182 681900185 610164388 456672332 366569383 480950472 970299059 330979736 579631437 453587353 568689593 551949631 502536208 164806463 329074049 756361110 688800610 841768320 15706091 947663255 739028949 191957055 135163198 968748525 627956610 719899851 448216229 577405718 726427868 369838898 446311517 21408654 771655019 12595789 703195726 123787968 797659062 246542626 250552156 744730971 568666209 80432951 777569907 348338633 888057320 3858445 810364590 614012045 259295922 841413834 655287204 709350596 445933154 665426597 461492681 858738795 77534642 88408820 764322656 401331866 684575017 984330710 874281425 466459304 845841503 970440806 425217998 161633334 709863751 954094123 196353368 448338275 961129167 605977134 504194286 332501483 778572090 542039235 425193883 599503807 354707917 235065686 191044652 802443850 643778299 69829235 566257632 752179856 717597218 1185534 553866612 850580947 157830679 15959012 720371222 659281640 851843826 831740574 282627627 760336256 782032278 30194227 409885233 727684649 424099704 412028773 64208490 308052422 502752341 597797373 834248888 730822742 191074735 458510307 229367458 153688495 819633022 364395577 229170558 288691236 808515414 836293700 471036110 92946787 738695076 505077484 492828366 583379661 989691516 719836957 799265812 155275619 518330744 820695009 936567563 604736253 919245484 305006235 634340223 513449539 920996613 530897 910209883 115073223 936752017 572831980 769548453 466286558 767741099 553152418 936704716 48849595 30574477 692336465 89467255 525105559 564720513 675785430 709892042 844885378 490325575 863257915 434279326 869077246 400874663 827236267 797249085 699820211 364550471 174903962 359069385 65390841 948966348 325620271 10309943 871834270 671259436 171070862 45318158 796308513 302434880 737857841 653637082 406300134 188038235 64496245 889778593 411662854 843317958 974418131 286067213 9641872 508522131 785873666 135741142 904549436 805755148 75711136 423131426 520420908 49723139 957880778 292149667 242194311 810522539 471910443 95073229 88214548 537138292 206456337 138815366 509168376 70954550 529402485 162032247 50522718 395078837 33641443 770378395 615647387 952679952 522356290 891324497 111268848 414902164 321060553 703855084 78458260 451834479 977869521 724489182 44061132 713530807 818606173 712914159 107520653 18333052 363587498 479480543 330165464 31002514 495793700 564865149 421672965 440140463 716275375 530073229 449478651 868259835 308433774 809722211 982115962 545365626 112415599 917189697 730466816 580806087 66814126 930935434 281500738 971423430 610242097 102361667 15438985 35532584 139672708 865850051 149264864 254130119 496368202 389484396 813683863 910513582 739854377 868252025 524601363 526835685 445803841 261550060 383848140 809265061 911873128 803506863 769398880 530236216 937010309 317927851 625620204 382782995 90828401 344449378 746540601 149337536 546551162 379140561 736322557 178232928 91825540 466689913 403136767 618167636 800099153 9353464 41613283 936288157 650441521 488425545 999587572 266418938 811167182 134483611 370787663 345715698 253981806 257093819 654564593 921747059 540152107 236732090 514625331 211189916
660454434 390823447 594493332 824853090 826225847 936540847 49059996 591447062 641718635 839730416 770222328 971990060 735896282 332338749 962819779 489061815 26778162 9371787 909201704 249231597 48213982 689494897 701105920 190755833 732147616 863096843 605074021 342553065 736775377 79948444 192850439 849282016 876087260 982711493 416534787 292995809 840975539 528363114 560583055 106476239 561871335 746965539 859773118 866219706 258701127 429278179 825119583 336993450 629806118 620089403 342717616 159223863 732965712 185671599 290243778 333686966 826223943 581117424 120882421 414404904 172334890 142609155 644589522 347574850 614970982 925948804 587526476 867891348 444555547 15058608 141374259 847917346 335719243 63700409 941944299 270338793 533281705 884430165 200592032 470404967 959194600 812851785 628362666 838420307 297656024 241057499 988148636 489424783 233200846 54393258 502691445 928606623 539787582 476955656 94204186 580233551 815810462 480361597 746935103 271380453 774401765 337627239 428621227 734230205 584833622 243291865 656872020 246858114 904421142 79442244 936213052 676919160 262308421 332019079 409433608 153774307 249310494 500481989 881595995 344396758 678452381 704860479 588108459 391101795 687374142 456780671 470166800 442950130 56564479 904161624 500740962 988345830 831878271 580559286 717166149 789074252 999197862 315768302 867671922 134713585 710849363 169860995 416512696 544582328 560290067 437973810 397634917 636906827 523183526 470196221 533388274 187148515 725025524 704928418 771899875 367530579 466526478 746120509 686151827 793806991 688681940 909885727 622963236 662540797 541379790 861847684 736042019 873342656 191349547 226400488 139226733 711522771 736892965 653227375 429681151 35481175 699152319 440577040 788834985 822965786 725355969 831271483 127538188 90145554 112484914 901220980 392445715 642427426 555570125 188581611 273422563 475660553 200013312 225109640 703634678 108606038 902924023 293137528 768239677 688368465 85856622 90143179 63050746 549346654 106985314 950818607 487639005 671032889 945482541 712110860 507744893 32905325 994683702 455441325 464065125 629728221 355353445 264240811 755985493 110112199 27363483 924375886 924964140 792558470 337986296 379684359 306752501 130884698 862992352 14392790 136898984 813226064 582354233 781238961 715391757 665432723 662594210 992621585 133035336 590447406 634637147 842767567 616613282 863109342 185644303 158893614 999606270 353839348 56297227 250149922 164247237 467137066 761601857 370055773 869607977 286610441 747692000 563152836 644060458 117950631 358146959 620425525 746668257 788630081 282473620 831769647 831911815 123630457 447124755 984343614 553812084 176966985 275212851 117514956 892698937 448659853 54230094 933194222 509350957 989046091 80507099 584062341 62360774 316654767 728943856 336431937 263915678 179617045 93525391 709943999 147852971 649699647 487321707 217805850 767724594 730770759 537724651 763126058 240562285 904700222 788691902 657264619 113337583 207968120 442405283 243534478 923740437 801048467 276147352 372976817 411739897 379814986 521966980 532392323 910925324 306858575 325597483 550140135 293885038 119402053 995026591 411720068 987763985 389648082 969854938 893667046 990898901 986939618 745347946 728839851 240749880 402106152 36781420 116067058 964841894 754520581 707586746 574888833 527896495 972485793 173899623 15033236 717638197 218619867 114290048 876758802 973735107 765158896 749143031 62183001 939644537 612057636 228633781 953248958 14230078 713304495 30801495 623173291 931945784 95335450 134876242 773761930 797897829 851627643 715348734 496912796 524976983 398690099 815570403 268109674 294674358 90919254 833339741 94178299 945271505 307462576 820716147 809383373 169426858 961696477 85610070 436800188 288720228 630931020 946524894 952792465 238080410 901437200 122632224 525129688 696234700 711066093 363510482 419996895 920010812 460351797 983111730 251293187 318700254 76229426 189119952 809712500 166401992 796759628 807965278 632758874 299664209 676150396 59355022 660410850 861207155 331679469 703073624 528134242 653528384 25886613 449536613 129984503 969862355 436487639 699278375 770831901 121413759 899065091 133357739 923403101 954179983 869505768 713596130 785037335 219505417 147401676 410512362 441467729 138493258 374537589 150683446 597962437 870323014 354321100 500973044 999821248 511405266 327406383 713517503 702881770 577616168 874524567 726844724 989739029 154159471 166193584 525288224 691574584 383067665 744251443 892535290 190608192 233777386 387731122 783956280 500867354 528581579 775717843 182091520 416516539 348748575 70300443 457160371 194929672 172812193 528904678 572277883 331176359 411846483 464393728 278114941 619699958 88461326 765990992 753988660 883375166 548220467 518366239 603084199 401068275 221927661 388843528 958585106 139718520 158180246 84568601 495204962 937169152 27568385 762639756 686502929 340662433 374116010 374195251 144191067 737276177 232432852 94925300 221511353 847144355 286178380 185733922 576468959 728251713 96428943 387802616 64345351 883294066 195244095 211332878 452555751 602127894 605811728 234258728 769165878 767411290 669550435 527668610 382869006 837363590 397692966 944232623 916266901 46781819 71336562 444932444 13013911 770932818 55095674 818272686 980155795 750361679 505676287 423688999 170088163 523301785 846762041 55451997 465054695 970978279 386426893 384824374 285039974 679634651 851046949 211361097 781568183 615060132 955692411 11731551 631538520 232161937 306859687 559055795 530100691 172627835 649238542 485343163 500438696 729321110 192554464 761202359 194338123 240721077 336494667 252528306 297717225 802420890 286469589 767555218 314699813 978526757 273653667 247750294 968943604 287663790 261914741 661102250 937895135 908891702 872165232 140110452 358130341 625701117 419186607 310762560 941916506 351518267 537564269 318161035 360860721 521009601 397781321 153165739 590668214 520500245 953816989 21754504 858915612 854021632 377187174 580335720 779759507 665618843 167279703 878088010 272436769 556036705 266527494 355248011 27595791 861743376 646977111 997834373 267803652 955650902 880701697 153945871 151233424 728692311 558197373 889454568 848065198 868673922 912033081 655298111 397767 597866601 982454055 991954048 438521876 359574753 959178430 33951646 954036754 334672070 103740060 609107137 699098263 461119592 164615818 810067665 561199671 532229471 572472592 447806003 365186135 994723149 411070183 326252793 303200209 570256517 648532930 469142461 323542616 301682852 377214372 808643853 668575284 529805687 166946994 409151351 694313427 605284416 465823070 49467314 865259680 200886853 357884057 793738527 929368825 327116342 935065537 382678570 473822669 320847600 683054926 784499630 743981995 699165966 390362669 954604585 814936410 546040881 96766579 224998208 846858238 572077708 149044004 739455443 856043135 673942853 695393183 843835593 374976692 102213577 497383098 462394000 573570897 434279069 529978065 550147698 236101873 415156378 338547650 170951486 582027942 384016201 167847736 358123451 714442021 975887076 451333840 143739610 2052635 91666045 775948906 313893589 714480562 523098526 668725757 738529435 922509968 960395677 736190622 611685792 306065969 427135142 588352087 498883978 550915910 894534495 241049139 47954795 906648641 510247899 377556050 775637832 178051400 775422033 619610112 67155921 969346248 216031059 293950774 410719801 909610306 291786199 438129715 173577955 405963408 156811745 595466570 841057987 467874523 197095380 619334833 202089850 440695265 525067453 345730119 709900427 936057987 775151416 983801205 218230998 197807462 926948418 448305688 99094440 120447463 634130485 921686249 580180661 25217747 277985682 673379111 219002484 243623275 503552325 253183459 936860503 963459062 687682907 466733152 196913560 817316585 471006048 255577872 337936868 404314240 837741761 181318435 387520378 467791656 400436074 263837310 362239024 233190715 480234107 425269653 216602932 77783043 892449520 897900599 314558562 329638009 841534161 2509110 62274696 115372731 468651029 189062838 933286009 341334212 6075495 482474778 766446562 415648298 471356335 547669765 599343513 238939968 138187092 908883573 706921893 722117619 4346953 670464903 360512498 756204765 296971857 681532612 483094606 408191625 539737610 8121175 177968649 605488645 551803965 898298566 573195140 536334278 575229067 288333126 406592554 53421693 30089575 97138311 994320036 173633342 873174696 820881387 461574383 534401752 626911678 874601433 314602330 242905300 935345628 241107676 288725281 301648108 364331148 566943599 576319871 892146853 664007970 757624235 609500039 987132519 254350710 467902302 22031034 784620555 952367252 203839767 595413718 61502257 871001945 606338828 718625939 914169797 221712481 118923572 417937256 261803536 269282436 731798677 358319165 592615303 235984044 464714685 415447245 320499814 729102295 365480332 445912475 813685772 243977850 3161689 413244853 230869177 105549054 747683491 302040219 959241984 276668246 17523654 247939298 773113478 395374904 687868253 946079756 902232672 516735193 245977428 244135036 187151381 732748728 842287143 498229452 286636395 893982708 795373242 480199207 978510851 687498771 629840611 901630873 341776080 49319915 294150256 547801238 996365907 387220932 213341149 868907181 532010212 137574395 118987630 817723824 359801367 715133256 959600399 397368356 284437968 891688927 849248179 545295130 847717469 911621285 122736923 269995256 867410077 530567255 920662968 840007735 929793836 735463778 516882468 798649119 367054507 222748835 48547723 468132041 928763808 124637954 138272385 946743085 731023631 11456512 62664216 5545462 476806973 34640862 286569899 48119482 532871797 776703657 589493925 714547685 431394055 397045971 984014860 96473783 822752061 262867167 709063113 318633261 731093262 799962131 841299498 917623802 678731789
687847500 564799260 663212471 428271462 109062169 583586004 207257760 274172049 806641445 814110740 920026275 793168194 42604058 234433546 633786530 651437591 680580211 858309345 584961752 352290216 169466974 553240674 522864030 189885738 850039337 296830818 273699624 549953595 209910312 102800523 628526736 553351521 156314618 892101691 212108519 339078469 281666335 405413085 156109408 409317965 900421154 676445551 121268496 844524484 142121257 519909966 471467047 71256715 328519429 393376013 529551383 165324430 182392214 480200650 52327650 280568227 512016446 890602199 244562434 361263343 269000401 178036346 89669253 3087031 629403444 100042613 151017948 66926675 82875967 537328696 838468695 728385166 268462125 548656273 176976686 328813623 732292891 758952433 557438152 176589110 701609862 826624427 185325878 937479377 903955316 990572791 947068582 196053864 441675164 917795044 147280625 753933464 250113296 394442242 631795076 945931731 604819101 633464095 967966669 983074295 246889359 355333279 463350275 637294746 379589844 212690461 936864590 930041983 667768472 676934171 979560439 452684528 750110624 659491499 408388807 463482400 690026358 549422371 826798769 354312212 371226394 643825715 413680241 384259573 98141935 131879712 170329055 113515195 994184080 881147038 867164707 582070322 829696837 515198154 284686034 139310419 657758821 478466736 291275879 454840112 8769404 50058413 709928537 665244001 976903312 780509817 523515765 407486136 720348569 21480738 431485100 976765093 903277093 940538041 28570202 987966230 551173902 454878116 840552112 149042966 301858540 956830285 201022771 156109885 719336258 198149247 15117841 214268836 763018399 638916972 625532401 218947210 599905129 924364297 409037311 97146229 252350712 922626953 476229219 204003316 460156225 544097890 762649437 216524544 727957260 978756999 851422977 353767490 343978016 533499977 347523511 328077914 317375357 807442704 277997616 856028383 508746289 798532948 65380619 384563137 475931051 418644420 705206630 522210622 517527489 745549207 52342879 37737673 645789618 380044597 361144044 468504644 289836360 674100633 846370228 568458141 302726689 784861594 840077066 460801780 864021487 538642755 885242373 468617306 897633800 751535194 882903316 720989564 131569202 217851230 221021357 434557700 559936767 86153571 912939557 48631811 347915808 249137008 639433080 440033454 568833347 798114498 472610358 456880320 323100888 893861914 278763575 914229610 238537101 702218086 845447865 231825308 187517587 772398385 358943030 524979029 29322786 403340665 805774874 257590077 933672073 532336176 994000823 160368743 778633917 584646768 34967960 555634391 855036885 669993882 581822466 884430675 10037169 368281706 202399740 515930321 857815382 181084294 16279546 332833506 416498582 341839412 638757290 65390351 702476054 922639087 920990562 41085534 140562354 928926256 226399689 377144868 585221537 629837127 876912754 659977635 467488439 889250629 859992500 768790453 572695728 521590299 542923686 372113527 848265798 276476629 884708834 749849196 700893354 594762217 593004841 650622032 49890058 500611960 454510255 853400579 689318722 51717531 33015775 858823986 524180702 579750480 75566334 568430615 102411116 761747619 772196721 749684265 396897357 602649504 81161426 86388673 754038714 609237469 40524707 395610809 462209094 898397539 84742567 508706739 903489980 735453522 828372001 869974195 199717465 485539280 929251630 573514898 779261520 788807345 639464254 154183347 449355188 287440610 570910409 439274543 430503831 86751236 700940714 830543801 672764008 546744741 657281968 739852517 643286901 34394545 639034735 96139077 759709690 270721041 976773314 288418943 993617672 226293634 494992295 868668015 785887872 509811712 581404118 930820344 212326916 242243297 200558765 234098960 79458925 388247144 551775996 670650357 230231878 193991057 677538003 97794324 62887639 771557451 103982477 534908857 825352265 617730635 651353101 290639698 353520220 580054481 813040714 664889229 256066781 225323286 542876263 320562501 655020243 524286675 554857779 286379661 231257271 523749177 529962933 410593045 405528722 347790072 466290043 891790178 423381197 193626978 590505401 956072745 431051558 152179384 564520704 133088617 558323981 49012891 352673413 963922125 976751873 39659848 755009663 417093034 274421628 170987561 69876319 391496917 430491247 117923026 528811786 751214016 152477084 124137948 758824288 892686725 672830705 603844178 453967242 97820182 355251569 22887702 172377118 167485489 557703417 854466459 905882549 722183046 370480904 520450128 348706442 363567731 4207852 912460625 685144040 331867669 926420334 187220074 714396754 656890846 385490944 494808995 761653939 933971250 825971265 128898030 441996755 767084448 959466172 635559560 954131434 858881574 26731305 945757616 662097410 324078511 400606538 560093038 796119090 43910662 629943454 147864102 355601476 699797702 958060575 845454548 493236650 95274501 282863080 525235076 576058990 695033190 254732324 763000199 335587824 741057082 208821738 778507307 44147684 463076246 341228806 848680694 601849032 44448945 58969687 354790531 629618950 252605706 229390105 795465951 55026294 902508808 59070360 952090588 922960978 473335458 41334971 32417999 417603970 929230548 574620943 451247537 348937072 255153542 644197163 804900572 299876509 403813263 885318954 637029071 4190160 917304082 383947433 636770306 758983037 103594184 150144009 960037525 763390805 63634687 755129760 977468765 856286542 530573600 827047958 291220347 134871865 183660398 96661417 541912176 172453621 904267564 317826531 758728685 638855285 441848849 523865658 668543128 364870910 186630598 950564367 325020224 915409539 379126627 686352778 56604807 19114865 374749271 538490389 543680617 914510351 653308675 520351303 142225928 593247074 557023792 179972499 685824377 420731712 725962697 770256287 185524082 546938912 437704882 72787365 711764993 499849434 702722893 651838662 670775908 698749649 425663633 759706052 268905554 436085176 956777692 979636511 901299157 865452993 156019680 473404895 739492429 685243414 302434658 939937085 278920705 276831269 178822116 658862704 692413983 275763832 912365351 635231233 522122964 320697058 92805142 757362393 548192817 675271853 953375154 618372384 799782453 849697204 638276020 136786356 702122735 149460514 170033562 78784994 996512812 325576326 493433508 795708495 204436840 874308652 615722002 760191255 12606657 151783964 108349593 763914841 418242028 437255760 78935349 733826905 459943150 960847970 735282017 42985638 101584554 300052301 356965628 797963567 847806171 6668523 513679689 168615313 491330008 381069684 999386057 421194093 336414239 421916770 410063208 724971317 618571265 430402115 882015087 507586810 578626648 156246513 939837779 204184701 451899166 543167072 159852987 568003845 302067908 818616921 132439874 674401673 936423517 825859162 935173655 538277771 832890088 570537680 628870035 611561214 615725251 845898285 107233725 220835768 586530469 631284463 348034091 845459425 5193960 467585226 924558910 557751264 398294223 243237054 418057216 546082516 900196329 883385689 405981780 394401782 264931097 570586383 282753052 675967803 611960017 108306798 874313600 898368170 386164084 228529202 600406276 327151091 20715285 661481803 433815450 816658834 719710099 348987577 899059456 856772436 575074874 896648328 548683330 614279534 340173256 554943564 326027036 660621495 707767720 114287815 936522751 901237280 649224220 101752723 342739320 799574710 993266221 225952803 964750319 24236630 353631486 348157060 276888627 340340352 879802335 133487321 682477575 166042842 185724474 155475112 909944192 176129051 82894113 623125244 734022665 248928752 278311817 260441507 220775079 552289575 115214212 415361999 512488715 261795439 245546477 187449557 656161401 198717507 569960050 949835309 64815443 112295328 832157003 815967241 415183403 269658903 144401538 60490126 950082224 329166411 655201577 623458677 358554353 653459788 409870432 375955958 208239363 382009530 419266856 744594587 807731837 536472370 162666191 218381833 406571714 717431610 415961866 512507412 107375999 23691580 940146460 654461923 795902073 604489509 898510278 941996496 421609046 540036915 77594628 220516893 908739673 232321758 706873008 39472974 388704989 14325091 101356666 325368754 602240860 31033036 614879542 169661341 750284392 790000601 855587251 838355762 836170539 408042106 391925530 601671432 779003276 740810384 357374788 534138910 410451664 391116430 280466792 300716864 127448909 468825481 513524305 88321882 106679051 952369688 86306926 652718032 724319289 53934372 458765505 363787007 971470191 153409893 816322988 479928491 442367642 494945557 797128939 658213388 750387810 567537014 414112945 931174871 281298240 808354186 160290485 411787308 722494444 213446903 152393550 318507066 210744461 231050662 763884458 571866727 532495998 231185089 137551206 575550325 888727812 866459725 953119243 289956576 710120557 406791597 584355458 878051076 528634717 576699782 140187599 167110638 936208383 166651428 674694914 896987451 103537882 410549695 712455935 864573734 888160247 849932413 678864665 959263825 127330607 705922386 508869765 726151603 911553675 419811007 360333202 119324931 193412467 262772658 27625885 415743789 354153307 476360262 503522845 127256999 671686262 576076732 939410573 104605833 110257815 869897039 992163574 622134652 513273726 113675629 549840021 911420407 720204146 946266867 961531493 971884090 880885686 565552903 620569217 243176213 735610398 64231930 290887643 759892155 628602808 321920927 957673052 555187667 660607596 347933589 591029238 308457518 114114571 708991873 890201313 711297685 36175633 142924236 650000032 392559931 62550477 754124586 940121014 39105630 425649044 866579854 787484661 404336834 327547442 722068455 607621511 710336581 655503659 85405310 977685902 569828153 626592376 552756750 442999928 9287537 611685670 159867111
726470236 682541520 547780534 366615280 629732346 108874479 303850374 114666147 523334651 405693751 47629909 328665887 158258786 211659741 930813666 314500115 139203359 52803594 648681843 881372023 720795607 231613024 853571436 887062584 67737706 480987104 919208285 933253574 120365655 909726062 847653427 469505378 566356284 873873488 270606907 496510372 650099311 791629607 415661353 888091895 657167000 293848937 399034198 562497847 525266045 726221947 68090884 841706560 610519693 320836146 682374810 23346237 748108418 730883324 179791158 801731024 630447885 701605914 497796038 526725219 885718197 965159660 745928474 202885898 500179017 154106396 734350627 804533783 207941707 917510588 739654645 244188532 776692025 247480545 90650642 973327756 56577212 491865881 244183624 757041721 191194980 884563765 505133172 143178035 724266767 414854795 965020445 419051244 524734117 210168053 363924853 120659805 517970877 874075259 983651440 923067024 770464084 804028037 236520212 991066941 104338712 274581238 924841676 71577525 240749743 437084857 227568641 31029101 663249774 260979268 956028940 942420924 873570656 1348815 531024693 424714737 941828132 644382781 637981034 107037398 212710189 467173112 500968939 392792702 178357900 720558718 836877376 614182636 191427526 270192655 267541209 229739151 763482856 395714793 558166607 670871303 596021629 615480564 612785590 329495992 334989102 798168225 879432413 868138383 675410297 41331410 286926203 650185909 176031317 52675920 915916147 746931530 462962079 315363860 30356802 11671529 5706621 697964121 306616308 816183751 834155480 838930468 308026126 393265178 275617315 599846685 292336065 750549343 449034533 56939816 567300950 982923259 911329555 491018976 768513417 509548816 40043529 80196477 140573443 544345290 634551855 787403284 245189554 151682107 972408848 524085438 379525286 124085633 960677172 38888146 297516826 218543169 892979899 476893171 691691405 909399567 605728971 146522490 482106619 442540542 14905992 796823914 130260155 460786411 372223376 807229074 727657017 615112985 554405699 605589918 617925258 608273831 20092256 132534591 535443188 160945702 935369802 937081698 13272795 271290686 332185567 600616953 44962586 121997803 10878660 143149064 180644348 143948260 395921450 804446320 38125050 77517215 711149385 225806919 212720829 575337602 903689924 911640768 725425857 742692891 623792179 607911288 302150475 160769567 153310467 9973566 985967668 431532917 996540204 320353590 187064397 264126934 122063858 732746753 331663760 316280048 340019044 666904188 427479697 404214167 483942708 690881707 68152805 360723996 343701980 830709369 429003320 381494649 747735793 167005651 534405401 370300190 141403188 505156182 80546841 695704990 477541896 685568959 256504156 965493682 667624215 32787126 137831896 110923372 679514885 487981016 763569882 909970544 669698767 930731757 941218444 339934958 14112224 251963061 385134641 220705636 646705747 66024773 949888163 912069147 160622222 207530164 783767775 476874880 50266347 843272904 828494954 494070908 717575677 30627891 706440488 476393462 514736767 291726074 178775383 998836558 531097284 794939317 685534740 261512539 506318715 791494746 638610009 371327658 108511911 341204115 613805629 974472379 657324774 30382994 486858999 507266903 671707859 578949196 286247713 35290040 450174869 394101956 601438147 479508484 488894103 29006131 441238896 615104331 56114028 490863104 810164450 689162655 964932392 112439474 628952692 331506948 716642326 675681208 884487151 333603023 642846484 770988450 589346243 88979915 199709765 986775542 13585537 403418923 301217624 279681872 855170602 807698141 237213098 471666113 660470841 147089840 263960515 458253608 84324212 709913166 279257689 816607257 797071236 994179688 523658107 623892265 919597707 906476668 601626260 517084022 452120212 953362013 54806768 550510058 436056540 505302079 175978717 444248933 38499449 877561380 458867778 700109660 738171912 240009319 367220415 544165919 60570082 460109094 379399543 59845565 590885404 260372246 328194947 923772669 925737141 422451047 851770416 746001980 354230509 411124491 572768755 331996149 797256436 809640159 261018852 801954972 504019017 183468005 766212912 575252054 38063942 466186713 326891177 856842115 246265106 712534169 541548943 134510131 218201708 229034968 228919081 226173733 928005599 21973215 309791591 536109686 223809296 260024111 870723878 428400194 337378554 251100516 588166608 481552582 103714255 180599498 263232170 737037003 369052201 856756696 241459572 121694563 440339432 301234950 139342213 553152905 261485508 958082428 480370244 545536922 33228044 966385762 161643572 364863735 487638154 291721978 372298994 719145932 975974127 530160900 862634490 436863277 871464092 758682533 714755479 403781630 385903966 460725421 900472979 390387884 503796419 229968567 65167229 266547264 638317169 616126307 260512487 52798491 68986922 140609647 594683732 240812533 457765633 788933936 245113539 952915204 707173354 604102265 712221836 540810949 736740604 184001059 501765467 322376796 691088542 828533401 973289027 328918349 655712037 576992915 417180101 772835702 709747563 392331981 570811775 148915957 894143467 556577393 212902692 577314238 465256473 369788016 756525549 230171958 336400590 742776939 497607163 571341298 514267223 321442935 521136939 707000231 804304054 679554696 757922920 617811069 429268932 258179668 393075948 770064727 517974280 562234272 695214213 984750927 343371880 994613526 226306534 900854320 953130 564286992 518011188 937649987 67476988 773018875 885573819 652888951 433103117 450264191 345243024 93485401 631944639 321235551 74227779 671243835 210253768 872985099 273301936 292103227 833149052 450621570 187539956 354586915 735016410 162856380 649892275 658059904 982190252 284475989 159628372 506537868 850832538 350390637 380374967 16075536 521695586 893642531 114261151 115765499 383864626 191477474 398082065 809237187 447873450 619596258 507732086 559177809 554203442 539435659 769831229 483749764 863389937 393118640 646636374 901580667 546052064 203685082 617995991 501837766 60528879 221595941 605623123 891430308 276845510 626208091 809019358 221777398 825211231 474746119 910754575 529073605 164702788 81518778 337248810 372166868 294138842 237823583 57344081 876515353 522079714 530978677 157636235 714239703 48131304 154495367 172894429 978651015 514403270 40053994 473477421 920101239 572883150 291340143 9952250 881170830 623103181 644141882 1983508 543883563 152650297 35495176 607173088 471664608 600636130 848536623 483420032 784314221 183716557 479612033 282284908 160491916 773864251 551361505 72060189 443550848 776190121 504166034 456924264 387975495 213674330 825766880 305547995 517030354 850018895 739436307 660458150 746391523 128514687 30580804 387372604 842675452 367486810 991428064 248300489 806921541 42839935 20960560 724142240 966285496 694066484 782825598 391144494 590339941 497139805 319138792 965666326 366919662 881775222 119135660 643032744 675565203 591794415 90038871 147042401 999334202 161960986 296061442 902531047 696154017 257544709 444724781 188930021 523288678 632141716 662305144 750735014 825903073 358214844 825186252 594342411 539703113 893331724 468080147 267422670 986293781 144435363 998911366 402098985 280721884 614885342 260374344 900651373 873923148 44320046 630190211 666161620 620451310 898034786 579243597 20153868 629024045 608245458 871676360 715966573 701100522 655648132 66451021 2571200 715035742 116369843 801905304 217796499 112822377 649707113 388274840 660219162 549172653 576317386 724439777 380067136 823476260 812906043 415591419 690308571 954368964 432398985 121621315 439577265 336412381 922082032 259450799 312133374 797851520 475397513 781807658 151037983 818562770 614175610 817593984 119852177 253448088 799821213 889279064 828491260 349366408 402300733 320674877 722441627 279073065 465919674 785952365 269828621 632307580 305839342 237756601 58330229 59840474 836594615 83853608 447356037 170842349 731085667 195797255 619647656 852928292 874691510 574109813 695947662 497557124 362204638 768205271 901153513 755833226 399226811 51770848 323606504 421910151 683509768 154846583 227026974 216060655 750502803 199119881 896316834 904173470 55009664 449380519 378900673 427520799 796749769 268925747 537552117 840198993 5075371 700915884 376817204 61478934 547537830 617691862 595133411 984041862 942899911 447471939 358343049 29074922 135707239 579432886 730504518 521996613 289810423 529095552 213077592 561385719 805130778 947862931 980999193 345994680 183627504 748560697 166590256 194273165 280207777 118920882 746716230 427797004 900228125 678855470 506649303 363410890 592989281 773510421 626838414 799416554 312597846 612248565 769093491 949488856 454261801 726135793 13752086 637649416 142106529 752816104 129097255 942390744 696973153 3773930 375688790 182299663 202223129 774196394 298461132 988473128 709271097 420814478 304531306 609069504 432757589 882807885 481458365 924647656 383277584 617925585 784743801 190364274 423423627 487560932 700726837 515326983 292112585 513519000 753883126 531760 922367237 452704837 976453613 563300414 458471310 784010690 157791025 444782035 416343156 933952568 827765367 311325512 48359986 57759798 136793731 730191679 113318541 11844328 786840546 982459640 123319676 772786338 453364164 576544019 806601514 954180534 453748604 667039507 880506794 757194652 689596731 881578329 712189987 23254873 600478569 147381267 491814356 577747122 941628705 89422415 807902997 749980917 460318270 541269179 943787077 729534296 644232175 607115903 204962583 118224708 504358571 9811287 28941518 923848602 741994549 376392142 465151334 186863950 644729986 60017496 728340196 636617831 963721697 599180150 23468201 505485557 362990456 45010706 662981335 408008472 949322743 155395981 2176148 892683850 486808442 141782675 188797157 215054765 857813449 414444935 704680756 214302816 660993042
