900 4000 5
453 121 616954186
378 705 122721407
877 69 258554270
524 294 580903842
677 155 222246097
599 349 770029394
888 286 246528384
531 431 319273692
858 845 543481697
318 568 167332688
565 601 464943592
621 627 338858072
347 231 308954527
850 59 522177667
814 870 703322835
337 123 900233426
523 12 93275405
522 836 463096941
635 458 988370570
692 734 568688091
32 20 954263520
546 418 725257328
590 150 608774647
341 270 136062866
187 136 98499938
245 606 301475095
419 361 643041449
231 38 909086712
726 604 197816257
711 354 513819729
487 466 781352658
847 373 772857825
260 254 872061875
55 169 320401087
377 733 307536180
885 845 105686238
418 97 711805636
95 43 162514351
52 132 470095425
596 760 303362787
446 35 214582200
879 239 139699959
121 81 787187177
678 682 396776001
821 808 539587699
210 361 920087622
703 601 664665989
864 708 615894074
866 469 937926003
714 812 322034743
783 666 185145808
308 75 347379536
824 196 400279464
260 322 388532801
403 572 126470711
525 703 153615309
698 612 660546813
882 667 484234287
879 493 755487957
182 46 774516939
127 654 332355155
490 177 324507074
26 855 593785782
291 72 243830628
644 107 403876512
297 801 436017870
808 309 619819011
265 571 209061796
326 679 303473579
182 179 196408530
755 857 261968512
246 198 934165421
403 314 411141038
514 619 712601711
450 666 560617387
696 440 29091511
702 431 438714069
654 355 181711160
99 372 388409230
277 394 978712226
512 343 570102572
125 896 185577899
831 313 670658971
842 582 635998825
382 606 878356664
256 18 53137336
295 61 306134212
38 26 509507371
844 333 301147565
37 54 966606000
197 161 302312034
585 566 745419294
638 271 733823557
854 584 41724636
620 342 101495292
875 720 97541975
635 238 552833255
239 563 536810452
578 42 515359962
90 150 377642410
822 685 701959490
340 624 524810210
368 583 901097167
632 470 60937955
477 623 140463994
698 201 480524498
567 263 612759316
281 636 93711171
734 124 740078320
480 859 93495278
104 872 788789700
756 422 544660447
403 431 716830352
497 474 444546745
563 239 757335513
353 801 579907395
127 396 123637940
100 164 310985478
705 786 420687014
556 762 621549503
709 393 913044403
289 136 655013547
217 242 242129139
800 475 174900675
198 568 593848329
877 869 299102589
577 161 974339442
526 273 238659965
30 369 395832289
48 756 853798011
75 789 139748300
668 48 250034359
651 731 363888277
268 177 817205200
391 291 138845163
239 628 661785194
190 461 15265254
79 216 960032280
695 310 703016226
374 690 553522385
244 606 778496966
877 220 69565536
40 467 753781659
24 16 566630075
716 670 244179215
735 563 331000835
834 171 557500283
818 340 491008728
124 16 203614802
129 50 679632935
726 3 467782213
443 182 333142495
138 699 730817525
463 550 766621244
665 289 325829499
413 234 170241688
120 725 324128762
351 306 412669642
645 30 666214159
403 226 503160087
648 118 212612260
153 7 374003378
621 542 138298510
518 212 200342040
621 595 120431515
305 410 581262104
647 228 662516758
471 291 714998737
500 325 980268600
681 595 893150848
246 238 456787888
640 483 769243352
138 87 223235517
809 834 481870106
244 605 678407323
503 50 475644945
46 41 327444323
163 427 55733653
689 686 385833068
453 746 419301671
123 516 544587847
621 273 637283666
274 271 327629849
300 244 920096374
430 219 328112089
68 33 425453548
68 791 337942187
265 523 275195905
574 249 625911392
722 494 524066461
773 404 674868319
614 527 615491745
534 821 4457425
157 703 226102724
44 153 911025436
313 563 83029358
266 174 423962643
643 480 231914700
603 340 770672617
393 322 959209205
670 841 360935659
452 700 967229537
292 817 200792650
309 305 970454790
730 166 105594558
376 409 835614514
376 271 467246690
850 129 262222929
772 777 593303598
35 260 85233760
111 549 399102149
323 23 201459093
567 307 334899479
450 220 933600756
717 375 998773956
13 552 747882706
122 94 543411409
855 590 531563295
845 179 448278903
880 289 666423374
817 776 23582177
193 709 829461424
765 292 569993564
633 117 781270701
567 448 421487275
856 68 710753517
149 325 486974768
44 25 22999269
361 84 705853627
226 756 64363485
174 409 10290700
189 238 603551520
761 157 109246076
141 880 111881346
641 542 172323598
274 759 483319991
21 5 320167698
710 123 717897303
305 811 576814982
245 24 635921430
582 466 805036564
811 548 650282147
692 493 957804538
483 532 853456279
144 327 782262055
179 606 504597795
660 112 139980262
608 427 836698518
352 347 795374642
811 505 913677410
844 384 373299840
121 381 75607187
242 776 456582582
825 791 651795244
211 272 824105296
79 235 654347532
576 827 110051687
756 588 881268498
141 385 179529445
859 683 389867152
143 572 225728831
872 83 715058577
651 211 425694706
201 418 40727942
592 31 347681416
880 808 555040213
484 460 220931485
270 334 412928440
587 478 363681832
206 150 559180934
57 712 300939046
427 13 261073497
243 74 189089392
361 359 414178662
33 528 906828103
696 103 440571934
268 616 5433997
18 428 607545158
823 120 849405823
82 38 265765830
485 801 925701623
566 465 395590260
241 762 497335711
163 127 677909526
544 491 432991262
425 759 819039655
585 365 562400195
663 333 683233917
225 753 120081229
423 815 672128565
284 301 968297381
566 131 643194988
457 210 511791251
879 489 280903501
149 478 266536413
153 460 767279254
23 19 260708253
732 542 770775404
453 839 54843188
302 63 575296731
136 103 790763558
875 348 589137860
380 442 664867114
318 261 432308903
824 403 635985537
563 518 28722908
72 890 614561468
736 352 551935346
431 333 523926457
795 587 619373329
459 166 663020824
479 391 697816766
678 253 462462484
171 85 59278353
632 791 777899075
307 780 465900355
62 59 301236098
708 699 645948306
251 92 397791262
837 848 357349377
525 699 449492843
443 362 720631994
244 79 648496357
745 161 583071368
293 635 90828736
577 710 998482613
329 780 128188654
511 765 142182499
830 485 874257098
294 676 9757423
781 419 447375206
785 583 321901743
361 486 544936416
754 488 391628976
659 716 342662267
701 269 498280786
160 865 443258151
743 389 242520970
29 814 328047331
334 696 746781288
783 147 439954053
483 10 157028230
667 186 823357467
409 98 419041405
341 141 702988796
676 868 588493136
491 104 375876427
246 464 238646941
289 449 311172390
218 560 10540578
109 309 788055790
47 246 124837353
376 239 113401674
197 167 491769026
673 117 423836751
694 710 265209965
505 423 304509527
66 10 532681683
702 189 811353094
722 878 376662300
587 217 307212306
299 419 638821703
434 172 737334730
106 372 829258360
266 715 446539879
406 737 463891130
280 288 509837368
662 121 90760778
259 111 364285677
544 44 45058633
279 1 868105867
542 188 862986877
831 707 500533828
360 198 294183864
853 132 713448255
238 50 702552891
291 8 826583023
746 780 123326580
615 26 605281257
38 657 431116265
887 43 200378055
653 40 267841206
514 453 878295425
292 894 225697969
900 276 252878253
140 53 536405551
302 16 955185383
396 302 688374790
750 803 819250932
222 196 901098589
216 180 347065925
340 723 340770601
128 635 476530786
767 297 829663789
760 488 648693813
108 382 663057607
164 197 98512270
291 632 360222436
536 199 981185368
93 275 19929697
636 292 521200850
46 243 516870470
642 339 623260638
73 644 869254154
343 62 246588301
793 54 207568503
698 664 314930122
609 227 25053112
156 688 752738670
785 565 404326615
621 477 161742750
112 206 256346879
143 727 936214488
662 216 907006400
373 292 460077311
220 605 389655673
470 791 654268813
684 351 787252227
438 681 499780375
569 180 621283126
469 828 369785559
892 595 862673871
187 40 783933841
687 77 533416160
419 156 264858751
599 130 808547647
727 376 536457384
743 881 826813076
382 564 532951682
686 161 128302831
11 7 102690790
137 755 762984079
15 14 728576374
393 452 194826714
644 229 435613034
259 380 331263499
628 419 518444011
614 136 227662273
49 855 950783370
99 177 311618378
628 80 743669334
166 469 693386541
38 670 835949891
155 50 417696917
482 225 181685509
299 806 72303588
324 61 333180401
548 10 552989361
88 505 215133214
660 40 248233687
285 108 316070964
203 62 739229620
137 78 497801128
40 20 516943444
551 171 95999357
506 462 801128020
440 240 221695784
241 467 273271678
410 585 8352415
192 46 552679496
505 256 133899058
432 29 870476250
94 32 825805258
889 537 653818963
105 538 358985764
439 289 550550372
492 189 726356475
570 628 515471956
613 132 624875686
849 476 986503670
626 443 436252413
381 266 529818594
420 23 877111706
485 251 267270713
755 790 634608147
884 142 934589176
87 485 49886916
253 478 897237516
747 139 195320049
584 353 730929528
406 114 716533585
325 594 742484400
834 442 884218452
401 351 856648556
842 510 741577773
634 535 407681628
251 82 183952281
565 605 212842394
695 16 598268805
16 166 820366828
794 515 465487238
552 230 877601248
141 23 279105185
307 239 897875540
537 147 455200867
29 839 803353845
594 514 219843199
113 369 93097597
243 105 172937841
780 869 666801821
20 360 354868294
526 531 220525606
639 664 376552584
767 647 173542997
670 444 371321673
580 283 260570027
1 63 363262421
602 753 561451276
198 850 188156679
68 167 887597945
653 776 176997362
56 157 119636192
826 107 938443716
728 254 554956275
152 526 738100740
379 637 480711525
894 64 809894014
470 508 704803517
256 218 918081868
166 596 78835308
235 582 496240376
471 801 98545633
758 82 471468476
12 385 763173596
817 403 374062358
225 177 323388767
342 27 215376994
595 478 337221806
843 326 923926984
544 702 567777268
30 611 791704491
327 273 31840258
809 273 594393417
747 374 576179842
578 242 191434650
287 105 526237780
494 422 810149192
847 36 420607814
448 303 677616226
451 122 170803863
722 543 486057425
316 217 155102627
533 627 306040141
330 41 147192489
722 802 483221276
805 282 163329047
29 388 518966438
537 778 540857309
588 332 693465894
897 290 921655133
563 373 429232092
233 131 255605859
571 408 895171424
41 349 334291200
751 602 542478601
219 1 522101277
721 61 237507864
483 603 694230694
722 338 665237259
466 184 557963770
397 640 172632165
852 328 686744823
249 211 363741532
442 207 262395740
374 659 864634703
161 708 897845741
530 123 463297897
814 483 740603245
583 591 533872964
19 17 511828036
214 680 839420117
658 833 390924669
689 704 483573904
503 784 52621597
507 187 315814260
208 710 76163970
73 46 405264803
615 55 752223140
365 450 800958156
617 283 458876746
280 214 4836251
384 522 141094910
110 419 801224563
854 43 802036458
288 23 447934697
240 358 516951381
724 542 224524172
346 205 531542460
841 93 212152564
752 540 19568881
313 3 66417533
894 276 764889521
233 542 669580652
711 72 981190920
87 807 434141775
860 407 860493127
476 60 542398721
679 372 236108506
239 577 459944201
813 316 259996597
601 25 58728365
511 70 470176954
789 58 997343659
255 414 185180021
800 313 179041827
181 642 24313964
644 401 115574074
461 345 945878210
794 885 247449349
284 398 274073560
869 207 185415176
231 852 850556248
379 589 436915819
757 801 112711303
519 466 938169655
9 156 618024231
386 9 410777283
135 79 750616382
422 113 427813413
560 581 109510243
234 178 990005247
28 12 496974189
25 63 107517983
863 284 697900600
200 573 151610237
219 38 488379359
521 165 15498986
878 802 645816419
397 539 258195567
226 540 927929374
602 2 945852353
454 758 463383208
105 32 559857336
716 323 733784657
297 90 160284523
343 512 38269417
881 618 28409486
434 647 813827859
355 262 477318898
686 273 220325393
240 114 863491923
849 405 244935811
745 674 967992160
749 581 418083526
531 824 860634075
11 547 519366085
191 70 440657521
731 98 253855739
604 715 723647743
143 275 274785859
855 396 333996262
418 847 718233674
809 123 627655525
848 582 684797111
104 509 948345864
334 152 21244005
308 463 88742255
84 118 655382468
494 787 364769578
226 190 985837834
441 233 918614617
886 513 652822013
257 661 459289420
126 466 600900425
762 112 316276447
888 328 90235996
455 96 934228854
561 605 417535838
217 286 28669228
29 147 160902752
858 727 137152965
275 412 358295119
177 15 595798280
378 98 283506592
209 354 544127538
190 795 848753167
287 637 238474344
385 358 759794953
333 300 69701497
351 819 923837207
660 110 815820628
340 341 269439741
589 234 709516966
425 91 959852940
272 37 609757355
45 895 196843732
707 280 354429652
526 876 843990746
255 201 527471907
409 362 555424196
706 515 573186437
564 691 292485196
868 864 579157766
611 98 333354765
555 132 329014335
810 509 367686612
411 757 6530473
115 718 897248849
248 469 495971271
473 527 363990190
210 135 794147889
430 480 932522111
195 415 701773348
64 723 386934417
641 893 981891693
413 889 231011509
528 302 56623749
800 79 958298253
432 379 610460083
632 369 145404389
699 440 597261416
868 182 777353850
77 70 746362326
330 503 386610127
628 707 654938560
448 175 158298564
471 698 367918749
751 521 205332523
65 895 869580450
220 478 732824208
269 233 158070505
730 225 768963462
835 507 199713218
497 53 349650492
411 163 792888848
92 470 737343805
880 134 737083981
217 868 642899748
39 266 494112361
731 171 175849882
490 314 788333165
550 465 180096156
141 361 633617495
806 757 931512593
85 53 792955343
804 520 554089201
257 16 687348473
445 391 980427226
762 494 116352507
352 360 488168978
569 723 941809337
710 768 369422486
682 341 680554031
165 618 806130982
69 3 570517898
287 686 107789446
374 265 703193616
44 197 906462980
781 244 462928818
564 350 404104722
344 290 151096870
896 149 44245711
593 40 669051957
123 77 589450972
267 232 535849317
405 527 198030079
192 828 850552828
606 340 272102917
675 48 678343108
802 847 854720296
266 455 662241643
447 844 75787976
525 391 697064254
656 458 490647546
287 353 193645621
724 733 11371396
485 869 806131171
14 3 116279647
870 64 714124057
438 206 53845155
741 204 517365330
683 782 981563416
576 88 89845635
307 372 345529856
430 634 136021983
647 558 590339848
755 690 442348787
209 779 354557028
444 314 978821778
37 384 791344918
165 405 4523866
461 117 85716458
621 807 756839695
356 197 647696092
680 269 861218134
792 207 369553599
571 776 273354896
167 404 655651687
855 68 142194986
792 182 108868647
853 156 715888382
227 538 668125347
645 813 935366679
563 835 244499014
68 97 53231537
374 559 624965134
603 320 802720841
544 667 625903903
244 225 796279533
772 762 234648061
700 572 630818475
864 807 109581175
474 832 777337114
93 748 647580252
364 96 252892260
351 286 847899723
796 54 105551717
372 213 528562485
560 754 144239765
41 28 858990589
608 666 487996567
261 55 386730051
869 81 165405960
531 59 109154760
582 227 859376889
264 617 28952319
492 499 511531336
172 640 624944376
174 286 616901266
805 342 678212132
872 93 859354637
734 119 198286977
407 866 682672482
285 894 36320480
861 644 865162137
807 252 749415385
582 322 264504781
385 114 457257631
112 796 465947872
288 519 149345954
234 488 553577748
638 323 689487920
177 309 824383747
488 852 713004781
246 739 654241195
837 417 248890676
249 672 957091597
657 517 820451719
785 106 588676882
699 595 928522176
527 461 54594700
474 638 295748186
25 355 50435234
798 253 766042616
331 269 242233274
78 52 901252453
123 9 274250180
158 667 794757316
579 77 856027989
845 657 787771077
371 869 584366985
803 74 975266744
163 510 785347418
571 477 645147304
443 88 217846481
764 624 967758113
601 570 719695908
376 173 494361087
148 367 187152235
728 846 632133160
73 51 825907284
9 1 150785899
834 173 134714324
756 326 512677350
294 32 438097648
467 582 654767247
10 2 525119960
118 351 546094445
390 431 597364628
281 464 708211154
212 470 995284406
491 285 41418640
760 316 788009055
619 450 923067688
327 34 674952637
125 233 521394684
696 658 573165569
561 283 142233271
364 424 563788146
890 145 132042206
161 401 839502079
200 183 976112069
559 109 375446280
390 387 153604757
666 9 934426930
518 582 412012317
718 457 812357306
227 526 754080916
328 351 395410135
533 881 652183056
160 347 474055439
674 350 95766240
535 896 4487826
894 198 743151293
562 28 556873090
704 151 698455494
734 225 548344324
891 7 929264986
466 154 470804215
628 134 80901891
428 152 936196093
639 509 546873041
382 691 294005158
42 470 208255152
662 719 128628829
661 106 178584452
12 279 448225398
753 33 842470189
502 431 129176957
463 288 570859778
511 357 521518509
713 308 39074883
731 146 370876284
872 230 550670494
452 633 719206942
75 9 75477707
767 769 533098153
252 355 391524870
675 777 491076815
337 713 22714134
134 123 363073823
211 381 159946206
281 669 581420741
216 530 662898257
536 13 739480800
141 163 57119641
109 102 374314403
22 705 479560707
736 862 762235984
335 729 656102069
436 818 10801071
710 320 43094878
339 837 415801916
516 724 669892485
384 391 384308711
116 487 85682414
298 203 724931662
491 140 147264849
53 574 800880693
389 195 1464387
119 19 653027792
329 232 124765418
184 17 881878594
730 173 455704730
645 636 463824585
106 401 911144845
431 228 348929757
118 57 404169927
246 298 192493535
434 326 366476783
169 712 725227808
195 451 370705500
334 11 577351599
170 811 685334653
325 876 437532909
229 374 397126285
883 574 633068361
153 860 403002776
882 307 412072294
783 564 446734678
224 101 113050317
727 98 556953813
315 512 369095989
365 437 261057861
277 46 295693729
887 520 370792812
615 713 880124591
821 374 100047791
95 833 283234276
219 38 138114886
399 325 23441480
480 689 24479982
203 44 809715244
299 433 62918512
774 504 9661517
323 711 719666456
98 399 863032091
742 446 751705941
304 530 282933039
817 898 716616054
517 607 135543059
701 597 668774974
836 414 724926570
653 667 13834726
774 74 634434627
75 141 130408533
597 141 700164773
509 857 353776399
477 200 2483184
578 530 468212210
308 83 539698266
193 238 137411996
743 481 112477338
613 836 453343395
571 120 204311864
300 714 691261640
22 696 193931025
441 129 404763761
826 563 381688018
744 547 767673703
445 263 293296867
201 317 89393494
310 626 571778869
402 107 771032097
171 337 571167293
298 455 962342642
274 244 882453194
297 471 157195231
49 474 959821261
884 129 180204765
573 10 175027028
519 299 516282418
37 525 109302777
525 91 26438365
714 604 117495162
125 131 656805860
882 494 592625564
498 293 349686406
421 127 392091751
21 363 893665987
756 489 931096518
380 310 690694024
322 247 48398268
606 334 409068686
515 40 138540335
744 290 435027267
139 695 771410517
154 64 206412883
93 885 175082753
539 750 167500372
302 801 259142697
611 596 685543561
351 275 115538332
523 255 112079190
125 881 584128252
55 116 819583928
222 293 961039666
83 39 699615269
267 372 715777460
837 26 822688021
229 123 350665876
95 848 967178249
502 508 315836856
846 356 639043526
609 821 11008789
594 820 48398555
68 788 227298648
40 500 42792469
897 351 593432803
721 760 502542563
214 836 450484381
875 497 523992586
891 527 566964487
152 388 145081635
750 312 766907530
48 22 972650795
211 513 617245367
129 522 775059183
607 448 761627441
441 127 865188665
732 671 771350120
767 423 735560205
673 156 580036294
813 796 749839622
698 142 147224003
659 601 276441579
558 289 604156512
607 869 9717865
54 57 950833107
167 66 68299600
35 4 516868979
763 733 61431317
346 570 164117713
364 581 192991882
272 738 935955228
463 382 297091093
5 267 479618533
698 722 409357362
481 599 969286316
20 889 598765575
305 556 444355873
31 643 742697996
782 338 899448949
695 784 8767323
755 707 972854852
792 401 401062184
65 215 514963260
297 289 391095675
563 52 895022850
298 149 413983290
557 703 744758094
412 322 516046795
643 609 932676172
108 471 470994347
579 194 335978374
633 30 785519635
320 764 97144148
232 760 169747824
760 139 772810710
719 106 615252043
364 621 597514576
275 561 74961213
691 645 552680450
381 74 510640180
615 176 35249131
859 759 602288879
155 739 227501138
492 197 978565305
804 192 643954819
516 848 775310587
662 766 502326794
881 644 967370177
830 545 997275702
579 575 971662597
554 454 953187542
566 121 124737319
160 841 641853063
277 226 497973229
497 346 493477001
65 867 80757931
851 718 858145431
868 858 882339109
217 163 665520955
371 88 289282127
90 44 598934901
424 77 817605994
94 17 722681743
201 121 786004063
293 624 556695713
714 801 995459297
490 632 620840578
518 477 704951923
846 62 334364612
489 70 820085361
324 400 197961472
816 483 831046349
652 299 364309951
749 448 544707223
25 482 560841208
476 459 385902422
661 788 673500632
619 187 673129010
374 142 443700001
107 224 724503539
4 470 371244551
826 528 702596422
783 353 876725128
626 146 863229834
397 54 659006455
611 484 91733636
522 593 760062192
573 96 105808628
198 127 456835699
282 651 999240226
335 723 936704245
786 148 209912991
145 856 604240511
789 3 506917908
258 65 173606896
110 351 662683541
403 375 332782459
120 66 653497031
261 570 350590700
333 477 187304505
764 446 167201547
497 792 785347720
689 747 923903741
580 522 205450816
638 505 579490308
550 253 273630782
604 189 876646561
744 597 943761216
541 175 880360991
731 641 103172922
260 864 492925669
369 319 6354320
158 764 891613777
689 488 530662008
232 353 457761712
671 133 36495152
779 333 354066397
181 300 27217183
697 475 614378248
685 163 112368369
616 664 633607802
479 135 238779853
775 777 222356192
721 731 504001230
447 823 977660071
885 392 986635651
538 712 762281953
384 351 826827589
751 600 915047115
888 835 943253484
893 489 451504667
1 198 651031237
896 623 477873219
36 378 946486552
528 712 375905116
546 339 650138862
614 109 511825588
504 465 692256078
741 108 60629045
113 67 971067255
22 645 540321421
66 279 765532958
621 668 809459192
129 643 402330604
34 859 764621184
887 778 983730877
438 531 610082375
780 247 444315985
210 769 703755211
445 434 660526048
289 773 842235864
268 240 40524164
467 538 94714534
726 71 3608624
24 420 813274671
515 546 653746752
382 55 479465622
509 496 586250486
659 228 719038253
321 579 391251137
389 111 512712459
718 510 840096597
570 454 683348933
208 390 656893028
290 875 451486403
866 350 919990062
476 374 615361040
644 267 783131575
666 654 244881274
318 103 651204561
139 617 476792005
709 5 459593246
601 582 153853494
445 256 349850180
33 390 870654767
581 714 386469780
661 511 538362634
14 436 770304238
694 27 289895070
508 265 472004532
486 93 828534953
866 91 192006921
325 754 147709715
670 833 893831864
634 316 778952122
428 379 688580970
176 36 244366153
521 564 109512913
849 545 834893190
130 24 509872711
72 326 24628421
889 343 392577021
879 503 786442823
825 47 581723752
494 190 620034056
20 196 952129739
313 816 626345959
286 864 822975710
611 208 648139440
184 474 861437579
593 299 369128592
317 12 649453931
234 486 146676150
111 604 929073155
547 780 940106010
79 414 810828694
461 834 87655831
166 681 397458642
671 564 237943636
349 115 590186376
446 762 796651115
311 763 844270205
17 499 799461962
284 658 759326968
8 6 454786519
698 445 727585959
356 61 578305827
264 163 918317241
17 811 458713377
639 191 929376386
231 49 743256782
730 558 148198998
133 795 87796286
46 377 126517398
380 124 284104614
513 418 691962344
738 365 894587906
519 875 847812714
99 1 897077531
582 237 611959136
444 185 423041673
315 219 101529227
493 42 38775398
813 696 357939655
426 227 148275717
172 881 807144041
867 332 942754936
165 62 211236690
228 71 766574124
625 607 109196026
864 398 779069783
790 85 558834625
741 139 823619852
496 501 971330238
193 559 570947342
545 32 730444711
145 83 935512574
14 578 787819385
182 455 170463009
265 22 515682735
433 789 445354845
898 747 852798956
127 122 435480065
474 422 171737129
836 513 696363284
803 632 898253293
868 536 138006598
205 212 274987283
763 279 800954735
576 229 713750663
726 781 782667848
187 844 497669954
163 55 829156853
602 136 557346677
2 1 206155274
91 140 277570195
112 687 945392387
52 238 969259733
734 22 974017959
483 161 284396358
706 40 731929129
851 239 960474815
317 30 171815569
5 879 147250012
819 161 358522396
18 790 357950359
301 295 923678559
234 138 592350979
70 106 156323110
779 307 447351687
532 35 901951924
546 171 710950191
349 109 97672588
590 460 408676804
315 203 924587250
579 700 109606757
776 487 890047758
588 654 57012310
778 409 337022021
779 188 213434971
265 42 707340538
301 705 219590745
576 217 987857449
85 128 515181407
566 144 777636013
496 489 735564009
750 761 807971221
706 595 13371571
746 811 392814377
335 97 31777025
91 127 584603923
707 447 621536371
704 718 21946222
46 688 787834975
805 633 990028016
527 601 533376880
576 894 453733437
468 748 860526613
809 708 687641046
642 32 329478495
629 181 672508501
371 65 218064128
829 810 157534000
532 88 255054002
470 446 111533331
810 573 831936468
405 465 251463663
30 140 314686635
522 570 91077543
291 140 597556872
800 636 463962981
729 761 522459086
834 553 160249644
827 478 230074748
8 546 356303886
311 194 437147085
746 267 612985745
273 242 641274194
434 259 736080074
230 80 902775353
242 234 938789949
509 77 899852433
340 213 526638417
7 5 540881360
249 712 330348811
751 301 596860534
1 72 897871771
132 254 180616289
585 23 253801082
311 647 535499379
501 455 72164201
668 109 588042837
294 374 189289470
612 772 349438346
247 5 789362900
462 445 344783015
88 20 453085731
637 405 186365929
784 189 614742811
628 495 210644286
28 228 546660229
660 255 701607329
395 563 145398467
211 884 540915405
251 272 482820928
2 598 517074658
312 453 764315093
286 240 275708611
442 753 941106929
832 375 834685435
381 11 742644325
383 499 266459350
841 522 69740703
417 357 654936089
101 291 667336885
331 758 310007564
839 620 367555775
836 572 909305345
66 231 730167708
526 489 151698030
766 33 761857359
12 82 3185202
534 533 375835196
559 360 945130420
752 70 36490601
649 27 636641149
776 432 536450
558 461 290232222
165 177 13519563
649 140 932282646
90 170 802589639
742 816 334055641
503 457 877028804
797 692 915819727
305 825 867972826
405 144 337485235
310 669 316198234
364 353 451434382
486 795 113390208
251 821 567983991
397 368 111332610
384 643 749312833
194 88 107157698
141 430 90156470
571 74 713180660
675 688 747975298
622 621 964828013
688 694 78125556
190 144 74038574
755 570 170623012
33 203 446543294
839 611 934544256
828 774 774714152
146 59 520706886
784 320 194634008
449 397 249650208
684 643 23448754
61 54 993263947
533 331 718732410
544 461 904330371
75 590 734135609
900 592 273328564
603 266 990820736
730 316 873753969
614 1 897752534
272 199 920970858
199 22 46388436
76 34 447760334
195 89 365524784
291 71 587942452
548 336 54364791
800 197 630713101
320 711 181861869
95 443 136284008
750 732 958160568
570 268 562866682
275 272 724983557
629 279 296813846
868 208 786427249
541 173 10243786
430 112 227131803
379 341 872793577
8 48 257597792
146 54 505626111
218 234 244624061
80 68 427068362
673 77 745889686
647 280 729183753
207 831 67999859
258 368 102793462
244 789 555698925
154 887 65516690
413 159 182696090
522 25 194826975
473 311 725246459
37 127 868594770
900 849 127458484
793 896 102696199
160 692 8114774
861 719 571157931
736 867 536189893
485 179 472644187
564 603 339958263
532 260 702611784
409 408 746835308
275 57 954597338
622 439 937210438
298 846 603572162
896 491 488746602
653 314 61551057
277 373 965641967
509 142 472207848
24 183 290966353
863 308 901865660
180 47 549753805
150 474 824803241
537 375 28099143
850 195 787827863
707 33 99185152
723 421 95034481
480 250 844859724
132 86 371335684
398 323 9368007
149 75 284708902
559 447 177197883
322 513 342042337
530 869 574508280
120 521 82740840
694 852 127984032
31 27 360568015
157 112 893781535
749 589 670635824
878 888 285448504
92 203 36944022
688 143 560163346
162 11 467573077
533 161 490201894
221 519 357344503
409 420 646903116
604 326 273890527
80 505 998959029
610 8 216184413
472 60 60587218
139 792 801893089
637 771 25150723
416 224 842216509
197 55 172540123
193 899 688640811
527 254 50194521
739 712 222680016
683 3 151130392
320 851 626938865
131 809 155692427
304 11 28458084
771 677 242948937
401 662 617501467
542 77 130600095
774 754 158147851
232 229 139389111
15 885 457105314
514 555 903373761
715 401 719796426
473 505 100152349
37 11 38087657
540 806 705218871
501 539 600982517
807 819 1337947
313 19 129437227
522 227 72706370
261 636 943200550
801 556 108229238
520 875 940565750
385 831 598090837
458 834 844104214
561 203 299283332
4 341 745224669
158 151 414289150
468 572 177705316
59 459 740381171
134 137 181631084
703 95 969258149
679 864 366093319
593 479 730268816
335 342 511024816
491 30 546184078
705 648 409737934
776 154 718227736
631 273 189243117
498 159 306984392
438 262 871102279
664 90 629543963
261 66 163107695
340 597 652811568
534 306 331564994
311 534 774545281
291 876 369311917
338 388 228943578
120 331 194672626
312 457 436087368
76 59 621409816
608 12 813083658
698 291 160554285
453 731 823123267
534 505 835827156
128 536 195946214
460 436 582029129
32 262 181035328
180 69 299509664
790 806 980386075
246 428 180609881
13 1 204190400
4 3 240939749
421 493 64444782
148 883 31570070
558 50 683302636
549 151 753382264
218 595 167361393
809 602 892016680
437 53 143303596
368 335 881287077
358 314 82139014
607 362 394158062
267 228 727260800
534 327 933812133
574 125 739002862
200 771 210311003
878 583 947698635
156 131 794963939
285 11 128359413
152 122 726724049
459 767 3126675
725 716 295999606
709 296 576541200
686 216 416814064
612 54 141213656
599 134 988354881
429 282 626367551
372 329 340047137
501 513 528688933
422 56 34990128
693 708 842978892
681 523 478256987
620 612 473140841
899 838 387267785
733 186 385952570
437 771 347452216
415 552 432228135
843 425 786164839
446 257 972919127
2 865 893826625
594 633 509084887
503 570 998077962
623 554 963542939
419 719 513577492
801 9 939178861
350 610 593363993
412 838 189615885
13 337 13946777
770 345 650782177
129 702 649249493
579 372 790152757
399 30 749354894
811 31 991266460
17 13 721114365
479 169 793456359
241 218 721318370
152 357 76421040
738 524 38333073
3 45 800421571
735 475 550660642
348 516 777198703
784 522 940248481
650 442 944078487
790 632 712595413
151 78 923389921
880 322 350143363
299 536 547087569
557 372 89327653
14 17 218030228
230 356 650814224
125 72 221540775
11 529 443460224
295 828 721313827
79 50 99987922
87 765 270088301
863 582 310235856
828 432 701875958
277 390 38309175
578 433 652423793
819 495 978008929
739 533 604477264
837 562 867420517
303 153 599111726
285 883 696392061
369 221 251033042
340 687 598950353
311 783 704682651
570 247 632395295
900 586 795263548
889 351 238834255
53 49 175289707
194 544 462353051
262 29 420440986
894 476 462052098
515 319 327179787
729 27 587667952
77 80 394376718
82 370 662553829
234 531 733305150
666 546 441047707
610 672 427801728
543 163 674325247
230 782 70652298
501 862 549975991
823 757 439489409
743 896 961603928
122 291 847752730
235 131 681443758
388 890 976536200
453 367 422208261
125 285 664179793
268 9 311983387
825 792 821190295
710 508 899614101
551 829 713000376
613 700 17932862
99 847 11126260
382 550 453407613
332 114 651971287
699 41 712126621
744 97 166561672
431 511 697459122
646 179 481033331
621 127 46079911
651 405 524077630
689 286 444102241
721 392 833841777
811 711 73231498
239 353 326598629
505 482 614612882
469 185 808748309
184 72 652855700
266 11 292339961
582 11 617872161
587 413 887193938
528 482 337546596
399 663 881101572
228 263 763747594
216 338 357205343
458 72 39454538
865 67 16392616
544 709 559789785
168 125 329423078
873 270 757425684
699 617 646674469
633 151 29599734
717 365 601750822
672 329 205835388
189 98 962081292
554 640 645415736
187 54 890608961
363 823 311764123
514 705 828610681
74 376 849142822
374 147 954185716
456 257 367576586
540 205 339911816
702 394 701132571
352 181 121900040
113 702 995270617
213 103 323688755
110 93 629648307
890 826 662815932
692 655 872065712
95 792 887976597
603 380 132001842
290 256 182018284
174 26 604571778
835 523 171305431
92 63 951985968
301 494 776225302
45 34 230652863
485 309 245891816
124 738 753726569
620 208 354635080
289 511 768486438
124 51 388361972
446 181 852833810
877 562 949859115
279 151 831880254
699 817 277872252
368 165 984491214
383 49 622297817
100 69 841300876
97 581 67233444
520 401 396466817
482 849 322902878
162 233 113301516
167 467 274447577
434 8 542317246
794 588 534128884
602 9 535454917
111 872 419329977
202 803 314282346
873 806 952803063
887 714 977913386
718 664 71816538
761 107 400141575
318 206 670317831
363 340 760513777
3 2 877207336
816 211 214339898
366 44 749961198
461 351 996045794
704 511 126120450
844 137 960111441
119 732 403840853
99 489 176845808
688 850 997695208
737 645 379357435
818 417 940074169
681 274 497202069
748 372 286586242
688 444 101001067
78 1 246074691
327 283 247484506
18 275 576770223
255 109 266303884
42 408 261485001
572 256 324705555
380 435 829032428
478 330 183415175
14 660 854739627
699 867 647607999
507 585 287965576
727 302 39454246
529 253 758399336
655 219 31039953
95 371 413275238
742 656 369369601
813 725 824194700
331 429 643826864
349 578 823741133
468 658 419948692
597 88 131057268
190 491 623366595
151 314 751304983
712 258 572937552
620 791 358678365
195 100 561875834
423 86 468666776
481 620 996691818
528 267 729867894
155 123 300841579
482 67 982056084
544 6 297045935
716 469 669670876
565 754 939961132
448 181 597599046
480 580 430802271
784 39 722428418
696 268 152873956
494 577 980655851
509 293 287874675
747 479 410347218
22 309 773860340
673 172 515229873
530 814 297992360
842 417 178657012
61 288 651730211
18 5 200279924
538 236 651779088
702 781 404975318
718 739 10301337
180 747 785506677
208 34 430784853
839 781 944496747
662 413 669870681
867 824 404485180
25 397 659081077
857 303 953487645
6 68 200362215
766 213 810738202
56 215 3410909
410 245 643636953
814 810 606834052
41 721 517055392
722 346 845888682
639 421 558181257
63 24 90927645
205 504 637299583
554 246 797236609
210 26 465181929
20 13 97091571
91 671 260211887
796 713 991694540
862 688 872831720
141 710 150550058
172 51 539866902
436 42 361038071
338 198 548332727
681 116 405605392
662 504 483679456
663 704 448979109
805 170 748818296
427 707 508448965
180 867 220326266
621 179 969182288
253 20 262788900
660 367 231490163
746 671 222247149
820 384 756899717
101 589 91220034
853 29 414200435
399 875 394379801
553 209 297791471
63 442 300536647
96 482 367575562
864 813 791150521
414 162 41601674
456 821 69959460
44 177 608506486
113 520 323688814
395 262 169760221
327 593 294925993
265 60 66758428
736 868 564943912
128 404 14303018
609 54 685531194
262 873 764899041
2 137 766211467
462 309 138266642
326 773 940946613
831 583 23665042
411 578 585972322
268 801 175433212
623 789 294279259
347 456 277412045
629 38 931736230
626 213 505341744
477 159 758515072
181 92 71559558
806 246 416366173
821 432 529575473
404 863 683433230
775 434 43432513
89 367 998319324
897 423 505839844
649 9 112051347
204 56 306115875
573 582 992736758
422 78 321158306
469 215 832626246
173 50 651340909
441 257 787140802
855 867 774489657
360 816 537477020
384 167 690617634
267 650 206389625
773 500 397072923
516 639 757809841
365 298 794159498
723 370 228539154
249 101 515840205
584 624 247219422
382 700 308073512
465 134 496743822
284 492 243780723
65 160 710957645
700 55 561996869
752 254 600449532
386 755 923308161
730 48 167654056
555 668 732809832
87 15 499048202
372 351 847646536
443 499 71360126
702 682 50857639
891 232 452237081
332 517 134427842
99 548 520703559
97 410 242688853
623 605 435631015
295 851 306625843
675 209 478082536
524 383 291464602
414 287 896550497
202 182 141887123
179 791 991747212
400 93 255395879
156 104 525491438
672 614 422406201
701 180 796344388
481 184 542206236
881 59 600730003
543 373 238508150
305 108 699244939
395 623 677622728
67 246 851423933
758 290 289680242
654 765 931850628
646 184 711938015
399 39 109873020
283 311 280333620
349 158 507732313
408 366 708397249
385 324 830861883
436 77 799185320
747 483 691444689
120 757 111608312
240 673 181521459
590 149 542734240
88 225 380180959
610 368 335492811
387 330 355965371
270 16 186561914
679 615 77317768
884 838 794702520
407 330 223302010
620 173 47021717
640 588 251698018
85 28 977068498
451 502 484744294
14 157 907963766
208 614 588487965
262 373 241420238
198 856 789926230
627 549 226426983
148 55 130623878
605 123 600038865
170 166 683160017
194 24 851126093
570 702 372144747
725 173 614600494
475 26 813900023
681 248 230005009
2 271 412783708
118 88 45301964
568 352 816134803
193 8 430054472
91 293 440056980
474 380 932324301
481 608 8542701
692 577 728932666
380 344 299774955
257 806 755885216
442 436 843066206
672 532 114275419
512 15 514000237
811 68 182575073
305 398 736750454
367 316 697479671
580 550 216499100
559 674 222629488
22 640 685466445
306 580 145505911
266 749 238722807
271 234 896234339
98 730 992678424
511 306 897370161
272 244 616804902
325 250 572167621
181 792 416526333
135 575 365686850
34 647 838022640
693 350 284798287
181 768 958105351
533 486 627657752
692 191 469719966
50 337 599497699
26 143 670325729
283 79 729188663
602 358 961163989
75 215 560798197
297 770 141615395
525 514 450109724
541 54 125786310
536 68 886184446
680 101 715745968
136 714 909351860
196 254 534665951
852 502 243753420
759 243 470152457
839 71 456205540
88 389 1900104
171 367 519594785
175 474 535121111
892 550 918092521
535 265 611150686
788 319 907092456
749 290 857725853
377 192 659455954
697 431 986223457
333 77 744423825
70 13 56506266
427 176 489635307
623 113 217800572
223 141 802770833
856 67 441673417
54 172 784836104
205 758 178961945
89 821 430283227
140 467 447812294
587 619 110520902
492 15 334203464
756 40 957208914
116 79 281609486
28 6 348406644
837 546 57519167
712 869 428224693
370 590 92133049
25 827 713021702
359 178 233763663
640 823 727251365
151 13 709525852
772 92 828217648
636 250 79677252
338 257 926098522
33 13 965384813
772 87 374189055
867 684 689321957
474 711 744258876
754 719 604663444
430 850 114482817
294 355 407161381
366 785 583895236
301 110 385476374
677 664 754371875
585 153 951519288
218 761 191259393
217 229 537466068
213 84 171796923
604 434 811411011
886 743 310015591
811 93 878763372
575 324 291889245
783 17 499052358
631 161 108814102
471 777 438973805
302 168 773222990
9 389 885015844
384 623 230805625
752 156 953903517
233 864 955913371
121 235 889110099
212 82 388491126
875 425 249642796
706 900 337551321
193 13 584106551
162 481 642693899
417 505 540631567
583 574 57738137
167 669 655609028
341 638 578299508
644 894 715437684
545 588 629969856
718 88 298698136
430 275 59652936
807 365 427383445
401 241 439515756
467 84 217045459
267 12 206562175
106 198 155853306
415 219 172084734
725 877 650591017
900 364 707005549
729 894 15158097
235 648 791759649
524 863 671594116
792 240 666827312
418 384 516406510
854 554 260346026
624 100 716246545
24 138 610828976
696 810 679329429
544 331 250619353
57 203 319889654
708 464 244477061
735 658 46699210
863 315 608425576
545 896 576148478
874 343 757153422
147 410 526161372
174 412 286572669
623 320 487724471
115 233 487419114
486 416 646790015
831 346 148324229
39 28 750155824
42 456 379397678
19 107 309895254
732 383 106654906
736 704 615439179
177 868 680968664
679 212 206725060
460 107 456512170
776 433 814918313
412 261 403094180
176 453 980409302
547 587 442969237
200 819 104780707
639 211 483174114
185 865 61556246
168 66 627840268
479 404 817482859
126 585 320490276
320 198 38438577
753 572 40941502
820 865 843767491
265 833 545453541
709 259 846533133
680 198 691171288
208 288 952957222
563 296 384714722
564 482 417592937
663 478 474929593
586 716 391528220
400 304 981796808
805 683 271626261
807 878 859000085
798 329 689118273
424 307 918403062
106 97 370485112
406 88 549685563
257 103 755246330
832 295 136651429
240 405 503549469
792 325 321927905
873 661 283416602
25 884 802775478
243 865 633584987
545 744 938430926
358 37 995299160
220 492 723438414
827 237 608892438
398 334 981605474
307 402 494464328
346 274 467067692
452 321 219955286
359 895 752543509
457 351 443242019
282 285 724241103
438 700 260040770
234 748 221423381
258 370 489656925
664 292 113845291
729 415 222440475
112 624 39578390
66 501 165708415
427 862 854423501
707 223 539580079
109 683 128745722
562 501 123688061
117 44 506035438
748 121 721855756
446 493 912444056
77 277 374474853
513 205 523624106
508 808 269784882
436 885 503467695
169 222 995934015
891 870 838674803
586 472 799952673
642 630 204120653
65 49 900789163
199 858 121294854
597 256 31316220
730 225 954378426
236 46 335426598
566 501 503755231
762 646 599139699
304 197 949955651
489 318 238831656
478 472 884731377
691 447 922865765
254 115 867972432
522 237 370336047
793 533 419841562
129 576 600628849
776 260 729541921
508 723 802308039
348 613 330212342
544 494 217533112
149 57 79418156
94 404 23602560
783 575 789980315
457 566 368462551
317 117 922003616
706 669 755452963
465 771 860785887
164 743 390645347
736 202 503904759
788 292 959460676
399 241 494384145
872 715 880808649
278 816 483803681
854 627 6810664
732 33 388555102
467 172 145457027
254 190 697902694
161 693 371809770
73 79 127911919
501 782 735893223
305 500 908007474
328 17 327677124
720 712 642415361
24 650 771616810
237 686 873297422
203 199 48862438
513 684 845820350
843 425 709078048
93 22 160323779
600 144 512591206
686 277 376308647
880 702 751353203
747 407 195691165
663 538 699036941
716 390 322992548
763 605 588641381
587 177 854704479
518 272 828355431
435 8 124609546
688 835 168048012
50 12 272304287
139 104 397863386
64 730 78082178
456 10 9030730
3 250 204857689
254 879 474026876
761 276 651735398
206 143 223767688
369 208 532940091
277 190 767080108
474 399 436928605
256 320 368838908
493 278 349427866
355 451 829060941
678 3 804534503
843 514 833450352
617 142 511307369
757 295 69822123
171 831 249710060
511 392 342052433
147 105 902950767
358 309 471250712
319 417 496981468
690 571 616423276
74 490 497620607
837 614 889504282
415 815 907298451
480 97 43534016
335 147 775752919
592 435 800590236
215 28 941112290
803 615 502095387
223 80 129191767
851 560 588222631
227 133 580257215
31 128 874025284
500 530 154254300
811 894 290271675
852 884 665294209
668 144 898638398
846 355 724271589
797 551 303591989
565 393 899249368
240 659 893418220
195 830 920562841
431 375 167275562
310 137 734966764
314 95 432185765
543 247 440194385
4 476 143658355
530 36 170843862
193 194 48647537
471 733 339744894
221 174 419535489
331 223 278473622
320 136 780724486
295 771 599325619
304 307 493779169
108 136 85024351
668 495 4645097
96 382 31143349
795 579 188271477
76 41 485269011
298 725 235547117
183 37 183312289
248 801 257015703
139 828 997495137
555 321 498525833
433 645 681871553
519 431 265026492
355 702 330522034
721 540 169599429
294 881 432469208
329 431 62860205
304 548 185553858
691 482 91582818
102 41 955879527
179 114 858442598
43 461 429625156
703 803 145573501
900 553 747530747
471 110 84042297
640 66 923276805
368 704 478254176
665 579 117921004
520 114 59508108
43 454 226103561
191 760 413824081
293 239 845447641
375 161 895508623
385 745 128643653
818 400 789647814
256 389 836562392
373 265 771067318
332 500 361446736
868 861 436843350
110 647 156071069
207 127 287929465
287 311 204754399
897 253 972423399
466 253 273310393
394 224 274512206
386 544 778368119
336 54 672227642
379 358 668245990
470 250 979297287
629 766 565825185
192 225 851995161
500 157 292486782
570 292 516791530
474 515 937771676
760 71 240237086
704 211 252478157
27 345 904499202
580 156 646614261
124 721 14215304
161 216 818584860
32 674 918832427
353 37 732320274
433 357 213778250
366 680 24537462
624 241 676911940
237 179 835145696
60 669 48524929
5 505 792270031
837 550 475296743
405 275 216275041
158 209 521981152
197 697 89504607
277 883 150315751
6 173 280484183
213 70 681353523
321 12 54724578
829 504 559870891
212 862 511953135
846 887 202093646
269 821 116237166
37 1 964126357
250 745 738010393
548 224 930151144
366 786 138585764
92 576 921937125
769 511 104241528
826 647 324058096
577 263 278620021
31 374 273915404
683 610 212281200
405 1 934576926
263 185 249419659
71 329 427377947
346 714 35394552
153 451 870765464
317 489 42541199
325 342 884991862
344 178 385309260
220 34 489718866
477 515 674451697
563 235 735790003
368 386 326444444
23 715 26092371
318 631 205135880
381 364 610363934
436 40 652285787
463 409 799935223
674 448 341569889
768 424 541383456
21 490 755830727
867 36 49146675
745 266 50468962
873 890 634824391
54 44 622361794
503 548 916954516
24 169 513763553
351 278 203043866
349 656 769821743
736 485 986192546
366 885 447356077
91 726 614285856
507 491 143230748
332 179 71653137
395 164 85850785
656 524 419446366
503 540 304613744
715 590 395303319
289 619 45971968
450 864 88142178
355 538 339079145
475 688 857003
350 468 877337084
762 89 900629676
178 38 720160154
513 815 192314329
836 14 961434218
832 102 477077095
824 520 714246045
470 347 284693719
193 684 814555120
814 850 107788248
116 555 945763641
803 633 587634698
375 244 962230427
670 394 720401545
321 488 800476415
685 492 271184540
533 55 34312970
785 891 589763987
22 3 933690859
80 664 353048378
98 74 690649411
429 157 771501880
47 523 512300135
262 196 237060858
740 1 557112840
708 85 378156305
257 763 516960714
492 695 118924856
133 500 538895848
467 472 188774390
566 150 837009394
751 126 441637066
826 532 232935007
595 758 819687156
100 775 466576877
504 65 118163340
289 190 408853044
731 585 271657020
69 253 994945001
256 118 769926663
85 579 850696994
265 130 450378033
282 128 317022236
405 474 622256435
262 454 657741364
345 347 230442739
196 538 912360920
44 90 38714371
788 627 883894746
203 547 543448545
138 453 923666021
273 90 651907135
593 147 528098780
197 896 257495179
749 108 449014776
65 447 76806930
662 635 207202991
213 305 724936473
109 92 999096135
266 288 40768402
67 656 17014152
871 346 296938199
836 559 38189987
682 7 235101953
345 283 991448848
843 844 744277818
524 833 242612897
259 237 494936713
735 730 254093402
499 470 625113589
9 760 60820533
461 74 509695585
300 849 822493347
709 519 511979252
283 856 370792775
190 83 579621934
836 518 79199475
809 753 929312385
23 766 317049612
197 224 802920010
641 487 88808228
890 615 530750064
284 4 708837302
311 216 897387346
193 771 580299327
197 487 748468938
175 84 363898497
301 557 412244710
154 609 794607407
319 346 616993948
441 819 112400681
809 618 863533181
114 66 33388378
343 888 21777095
677 679 221291049
284 75 771130367
519 220 835171140
382 60 237302791
648 460 143811652
852 451 280608688
561 846 901982386
89 71 927454477
273 736 526181979
701 294 937051812
657 873 130096608
287 124 143470419
444 545 379420865
528 108 391735551
63 182 965316361
30 22 645317467
110 71 431538560
309 402 888534907
318 364 76383462
305 84 93694884
720 244 570411493
581 579 890555013
413 727 215285403
190 34 776233844
755 95 594629657
302 246 37132483
6 321 100902525
568 318 493650590
888 88 842886064
791 219 454904153
770 103 708577150
40 536 864777301
889 73 475495104
298 158 663914738
492 530 375862365
694 700 889973200
504 876 274322328
895 612 130341682
256 349 215072164
638 645 953832609
761 43 745797140
295 208 914188045
371 214 67037057
760 409 197826517
293 667 812256664
80 89 868816047
774 41 467356535
414 632 379972963
151 453 196357968
234 265 612552606
125 273 400770659
35 787 982209205
591 473 417464916
660 192 408541195
441 373 199102842
728 866 736575595
110 855 699634853
683 802 838277164
105 833 593400893
635 196 805316960
408 123 197646113
468 240 397072010
98 95 658983260
748 210 302150920
793 622 494025202
777 337 776810334
774 343 681686702
878 479 944782135
356 176 132356715
234 585 572364089
492 242 535667988
689 767 987876450
484 858 828645771
495 369 612677351
602 322 862496164
19 91 739350407
49 204 306329584
300 34 309809624
787 31 726485510
831 164 905811530
78 3 263086281
243 606 353700040
349 443 253072322
299 187 567667974
663 839 942504665
188 402 491087031
774 135 89856215
84 191 725368678
390 10 355070946
527 332 651845153
627 786 115607087
500 774 687147044
413 244 108844381
218 85 598269016
138 859 977804189
109 290 956584585
402 441 459322785
147 126 596080177
509 96 709209453
679 765 559384520
184 606 431713557
500 306 272834218
247 660 416081330
692 236 803842046
324 341 760591104
92 656 535553608
115 100 95568198
547 408 156273643
650 361 209421098
649 479 632666453
508 765 279646296
439 826 740491279
809 685 74560786
96 51 352049388
518 405 703191946
360 899 506519115
691 327 134675878
519 388 363027777
754 134 66209212
161 22 345921699
853 680 524950990
848 503 588127304
358 14 516715132
597 92 232576214
635 598 576270386
775 12 637662586
17 131 612499370
594 829 992955410
363 356 122838926
553 48 379892447
578 819 317529382
65 513 380580886
713 375 13067892
217 99 476053845
700 113 271029197
51 17 17684813
189 788 548855381
288 483 94650621
337 719 612450349
243 846 466909381
330 31 986585893
395 582 875495226
229 882 53307775
560 295 348754014
86 20 789792823
529 368 943272233
198 847 932909282
816 804 211603858
527 874 382374364
104 37 923343216
239 609 429024638
668 793 596693945
620 106 756793906
452 495 66620335
653 84 403942181
652 272 327953896
315 756 938341220
184 169 422863016
723 640 491272730
399 250 154084004
263 515 468490890
94 617 398182119
71 37 463971421
369 596 998297036
366 7 259054146
58 33 888457466
201 856 371652294
503 248 512205103
510 264 945740000
595 125 36784173
730 523 618270051
322 752 171862752
297 588 253877120
554 379 153512848
650 390 227224084
868 587 153019303
642 360 500175436
169 311 670718720
34 13 219621061
876 304 210048939
218 195 228403480
657 517 747148243
363 762 700695235
126 140 982949964
540 703 143705472
370 93 524041410
170 428 297139459
260 61 163101115
605 84 73555597
811 384 513215701
359 539 508619611
551 291 939016786
408 369 182540675
432 322 959826227
664 524 8814738
647 223 849048568
13 880 325289539
463 504 754019575
420 464 725479054
552 671 25326181
755 797 974589124
467 348 759961693
638 573 107832872
30 673 699467327
240 241 752898819
741 207 341796925
111 76 718166829
332 441 400612385
425 794 7729539
162 8 292190479
59 392 896974566
604 78 477491358
142 43 893102553
235 831 474049603
861 668 269813250
319 223 632136278
248 389 711996551
580 267 44180880
158 31 667828390
851 741 20786832
64 87 811067879
842 488 372986774
278 53 352306411
603 460 715607208
174 729 36844733
13 438 927676833
465 269 541596030
402 880 465967709
548 351 528221726
274 889 132388609
765 416 942006409
81 53 923806764
207 32 90896067
13 161 460554591
727 188 965177647
486 42 128571716
894 156 255988501
651 624 74542249
391 436 7039791
487 402 958272298
392 24 964079336
41 348 441428495
234 152 364292059
612 187 904728673
209 503 374055393
3 710 477531872
832 718 352886246
682 367 945549225
299 58 61248264
323 635 582731797
456 722 974872542
205 121 322331836
540 262 63856758
55 745 324659309
505 124 714074020
245 269 935870697
131 49 491791
120 46 800648550
667 254 88251462
38 767 267516123
613 550 593568909
717 276 453182236
267 784 683600605
471 380 749127523
92 601 290778190
27 48 261085640
43 352 219565877
28 502 444547013
151 651 348386830
642 334 335754294
541 117 958581031
386 330 958846187
260 744 587936182
818 617 178164333
716 383 985557166
342 242 232376942
718 730 374164284
786 520 171693772
577 364 319476222
143 812 861252634
718 354 857101064
873 533 410767824
495 314 224251130
624 426 796240774
394 293 923186705
215 143 553162903
642 243 784010115
822 253 148735867
293 53 647301149
257 620 437428730
451 95 909164182
566 500 551112858
107 88 171779942
467 438 31668970
31 469 916160183
898 801 175165524
450 815 203228030
590 741 804496713
74 218 130083703
245 2 707584200
499 201 542769317
885 621 158411397
512 180 798967118
226 44 765029845
655 612 661036427
786 80 412042232
680 376 667649886
641 626 982362386
255 129 15506012
717 661 266232790
229 887 157831839
862 43 643783821
734 448 388257337
454 387 309931577
178 482 297791001
205 317 504995617
481 278 819588390
876 199 800938869
210 367 546629475
381 725 181695672
415 369 3363166
449 352 580473071
423 83 750682529
411 254 641640839
666 396 682118976
641 30 595030940
28 300 869437608
212 111 655911906
790 749 736227234
247 233 279354911
92 371 161429988
859 356 771984173
366 691 550598312
354 92 187129388
118 13 756498987
516 391 267671707
193 459 3424344
861 179 256405835
204 387 69185391
515 530 157329592
484 431 551919826
160 105 719634509
636 596 838175710
43 178 808173001
151 544 26524920
325 882 893303625
583 445 501703285
371 109 282394062
276 237 453063525
211 550 1158632
844 774 260470953
204 89 968000636
652 282 365792883
886 642 115925156
418 711 456504573
143 101 850460336
115 171 98619980
79 295 524931015
765 1 752588303
679 13 534473466
719 607 701479979
424 794 407991632
521 509 7839589
208 662 683341780
732 423 155184792
561 640 986601848
254 634 196632432
760 471 996901855
334 19 661990094
458 386 907624968
876 794 733281543
896 819 288634169
467 462 804900529
823 589 783143915
177 32 267003608
772 407 410116440
67 465 969057269
245 542 830513630
838 227 351379043
625 24 932466657
208 61 782188386
198 33 225980601
174 557 809507388
287 158 512073717
77 871 323580304
461 883 872479285
669 705 219989825
610 873 956772890
217 355 922063273
200 508 506773134
296 156 119762801
789 300 708958690
781 429 706761955
700 10 214150689
777 891 901559620
678 141 947674886
649 179 826740249
488 734 585703684
295 292 972709933
481 699 236441860
870 553 992429980
96 343 195431738
644 537 633515
807 512 976499169
712 106 762617405
290 301 79363909
256 99 894083369
187 630 806622417
714 585 299593960
55 52 795331685
526 762 688271974
670 267 561723973
793 47 226778323
751 761 49425496
350 39 772906795
251 525 277506978
848 763 530984362
179 468 434058867
140 334 789450972
738 883 615942828
546 56 720240499
748 621 247531134
246 211 317693779
641 583 171961878
150 733 129780043
871 289 99881203
186 876 627694363
774 742 147002470
501 138 999561261
881 228 374071745
327 172 44421542
370 690 65610215
811 383 924351012
402 763 197630545
60 6 699494063
169 108 685260673
29 745 422697217
160 629 145851794
837 513 587668438
898 481 993201130
504 304 950309452
815 369 452223569
185 163 329801617
673 185 679851909
28 690 159910795
422 407 592832616
41 476 944290940
752 152 81607370
609 287 670369835
444 599 681710875
276 255 589150719
504 600 124176904
559 51 791939853
469 761 735338037
817 70 352452830
842 315 959670738
381 626 194404951
119 292 924525164
316 223 533191259
555 477 846414499
603 731 880140132
192 217 414379949
655 666 768702773
272 184 561457733
263 710 839774971
273 550 125628234
382 764 540377148
754 626 795367472
665 403 644106921
840 226 576220587
579 538 235818160
56 657 578380830
681 408 793117937
488 121 611410622
259 165 322299758
760 614 37469685
573 305 179896998
269 250 81054356
349 121 348701709
788 830 491937381
609 566 911297282
447 364 837665622
798 515 620029896
275 328 755496615
685 786 849960454
876 445 826450446
331 99 234502805
63 216 146208134
167 608 558231868
691 657 759494472
832 252 916679430
380 478 381472067
239 118 18109080
645 162 731242868
478 349 491183168
126 795 256971239
340 2 769298639
104 28 428545358
472 34 512850793
465 433 585730401
550 301 128387717
772 160 495845939
747 100 326631990
783 714 726641412
839 369 179940621
247 519 993650204
270 740 610484177
406 466 123407459
689 254 849560403
433 222 373822378
32 720 857255672
246 845 674921644
791 294 19594980
876 384 334789323
132 445 968673530
520 469 965827112
467 128 186034465
402 429 140146609
836 308 950353994
440 310 802529478
401 480 566036155
329 857 651272540
790 465 65239770
347 96 858836685
527 520 566172790
49 799 383856870
726 197 979229306
720 417 538249063
300 476 882372448
273 418 50286748
127 163 564507654
680 337 803829490
620 873 18175403
245 405 235858764
657 49 513679854
122 391 271542516
597 115 158443987
468 628 59296105
420 188 525399638
153 347 595584125
367 598 466163292
93 6 712882306
736 697 449809478
136 142 505024370
421 566 897648410
6 5 631513328
385 138 750424114
887 138 131265355
799 98 766128645
745 821 298388883
386 73 293068932
589 388 797723042
486 434 676368132
546 240 935845677
77 696 758675084
164 77 225139689
697 869 779606790
665 839 124143812
541 204 656108535
807 509 144578764
771 749 518763262
882 374 932040182
538 331 293373755
846 248 814894138
648 709 427741825
885 893 610128361
206 870 592809817
596 250 189705858
607 817 280299276
743 410 896094322
344 605 9308618
748 482 266517038
860 732 578075894
732 690 949604729
167 132 368944736
108 72 105448974
406 376 979401433
861 661 26969288
248 98 978938013
750 403 218093381
155 530 597054429
517 72 631822478
758 900 973226717
503 502 272701033
418 585 857134598
133 119 433430646
742 301 293740704
149 764 121616061
261 747 33009995
114 49 268868529
91 56 224839065
177 582 352236930
486 109 811262601
874 553 426164406
215 692 987199784
331 431 357127661
254 113 627657466
802 597 525892768
390 831 399032050
660 598 563738914
398 672 276006887
532 351 586597628
262 179 257890362
420 340 940214811
742 848 314571174
661 560 114121737
408 60 522058490
433 225 973793814
408 438 879126915
694 443 782485915
133 92 173999571
20 314 410110939
208 396 881679255
352 211 683020832
367 163 698295552
738 105 497270766
737 702 839051789
786 244 683745724
62 470 146682792
117 574 124677159
778 501 256566983
268 700 57594053
418 320 346117065
5 2 125504388
521 730 839556209
392 336 79742407
116 384 322511930
397 307 156807635
710 18 759650864
306 378 355484668
759 642 653706550
889 597 110436280
632 489 840232846
271 690 851921732
196 440 698741702
871 703 920781003
348 35 457691736
315 880 222567901
241 403 458809817
357 402 950062187
310 159 581536199
142 899 439644697
168 892 3975370
160 674 279145134
135 610 169066301
772 401 985233453
630 75 705095153
188 174 443296554
57 23 571516491
151 170 42722550
648 554 713808636
450 344 30827161
203 612 784537655
415 489 172878630
656 180 288839424
445 210 478307065
384 95 800994116
528 161 854183207
845 133 131199876
303 294 857206758
205 601 107412630
456 197 304330355
852 811 926965776
749 176 22034382
851 381 46641350
74 57 824813490
25 6 158210600
484 246 111369559
869 376 288103044
663 794 710003977
124 37 3708441
751 400 562159646
501 795 705566691
782 313 792538490
237 812 191850951
819 120 110058331
513 304 492032203
153 143 975614969
592 439 225990080
818 596 457993840
155 63 945017523
703 315 828434328
415 352 605035550
400 484 4046531
22 163 446575606
494 240 861821151
121 770 933780838
353 93 810758591
230 652 7857779
494 614 326209294
349 127 403194122
769 174 405020295
567 347 832342658
159 664 968577381
468 404 229826771
874 414 252411613
356 29 568765965
837 684 205209908
107 605 856352677
464 828 289770393
398 892 585154252
70 83 173328041
486 78 146140896
628 112 895244675
29 22 491343497
738 898 119810853
869 586 498269233
720 58 684692113
851 78 581421591
232 204 492207857
165 83 67333352
837 830 569190386
26 791 807610200
896 501 529000671
661 707 537242778
263 77 954105182
388 326 11048005
895 741 43795667
288 104 218321828
447 439 489392884
669 59 463347102
854 481 524090398
140 85 619447068
539 337 488204907
790 9 102256477
743 484 529778802
116 11 780918741
894 323 315654866
816 189 27304113
508 42 590928991
318 165 836284823
647 451 290149190
741 730 91112582
734 416 669103273
292 518 588371654
707 471 595776806
519 806 944920052
99 320 425910865
172 608 467827393
434 13 939963882
356 697 592308094
837 566 466099226
91 871 824915343
97 54 54349973
879 827 391667123
109 98 700731304
605 806 88405722
776 10 34261772
322 172 979398696
139 646 620387201
328 251 555660263
658 561 372426525
696 617 30682314
797 500 774812641
269 535 401883738
715 870 79153221
1 857 266758561
103 485 363322416
734 755 404389441
579 555 331909147
422 223 418234829
261 655 963015860
488 119 695101094
559 673 859196786
537 272 32906054
560 86 608414747
246 683 335224280
12 352 396239031
773 520 8535401
366 399 842382435
422 618 10960447
99 883 698259205
899 693 195371741
573 777 834399922
456 803 458181831
749 254 172138702
212 875 990261330
711 560 659185873
265 28 161545821
651 282 234183480
763 108 747887771
626 218 977434090
251 173 299062717
279 135 842674165
591 512 940105857
75 645 395177684
818 115 645991410
740 545 869455064
192 425 488003069
362 146 77413781
49 338 405802506
70 44 961841526
147 760 490798149
84 1 827807537
545 90 537942645
36 19 233242401
735 651 661781043
771 475 676033206
557 697 660986502
131 532 992726536
12 11 824736944
880 661 336739980
516 416 637966117
132 194 701029842
776 252 557486872
700 307 955002778
790 42 807541558
146 59 835750671
225 306 746861614
733 698 585102464
338 865 454588199
654 866 817421099
276 122 85669746
92 304 986545479
671 251 271302861
409 615 948740641
894 620 260796845
517 86 466598806
69 369 98440521
595 829 212793718
464 371 103726226
220 212 259069155
246 444 391388344
56 39 240307393
312 164 207710752
620 640 901317124
834 741 41679719
859 451 702936362
157 477 64467955
767 770 516398484
867 665 934824540
724 349 800748637
556 31 866988945
336 3 851635502
47 42 732657246
6 55 920399787
616 628 257981780
103 66 838486265
259 275 238550257
43 2 984768875
325 103 358313199
580 456 688189330
35 26 415366088
459 83 323057945
731 650 198379459
333 340 900418227
250 640 644115673
84 142 399870863
390 394 937531244
239 396 162853335
186 164 831001980
438 169 897889432
784 893 862538906
55 489 222643144
140 239 853942102
899 560 254444673
654 82 106534947
241 209 562175412
307 212 10241006
734 214 751930156
833 214 548221226
802 178 630359456
578 253 884075558
632 42 128886271
689 675 676633078
172 879 487932541
126 94 452034797
243 739 202184948
135 200 544000086
350 862 379869953
671 9 423393231
753 491 604025070
161 578 39004351
138 597 323198365
382 798 986110983
369 125 989670584
348 655 592374782
599 627 155625137
461 135 987680355
75 114 889486616
831 558 447698069
282 222 589934252
29 150 51399372
228 763 447369699
789 240 991041481
818 456 199459657
736 61 259557864
237 253 431664490
789 387 349031671
654 628 38252893
213 481 284589744
681 772 390097204
656 799 839688171
867 73 158295131
51 719 414847634
167 430 767867641
759 673 763045336
738 768 475769388
780 549 284548637
767 644 32054333
296 756 345815731
744 601 890111140
755 88 386464430
870 339 479814168
324 866 346028612
237 20 272752295
34 30 810007546
675 186 431322208
797 812 449690136
780 214 123948556
152 880 604994082
405 253 999591870
701 96 554734458
527 283 485184993
420 546 525844193
27 97 968805624
542 228 266899928
49 825 705057132
845 898 489739722
878 663 499388535
458 294 319689740
59 55 442894410
562 120 339690761
583 617 894428836
54 72 316200199
665 616 942646319
82 23 336098250
248 254 876459296
273 170 509924432
174 466 561598788
469 832 866919345
847 407 506257649
405 187 881412035
536 506 593735932
885 495 883575877
421 780 951846295
892 362 485705384
208 14 674768399
900 743 865398329
738 810 379273490
268 77 115992799
57 735 194498833
899 768 853506615
327 96 622387812
812 623 845487118
640 881 587772627
833 687 669940224
80 741 476843554
171 31 675998878
652 147 91700392
653 520 532522198
12 92 505157561
55 28 625426710
299 100 502279406
716 144 414331682
101 73 696947101
620 389 295164053
498 166 549253733
483 234 355547506
730 186 748714305
144 118 208150744
153 277 406374238
496 465 507068085
523 354 221635639
824 34 275481374
811 289 66983663
112 510 654400485
404 118 200199718
209 94 104779363
804 359 768218955
585 847 400785990
239 157 835710029
604 270 226846648
461 438 712633214
884 444 754846799
282 704 182256852
849 243 313274845
26 7 82731317
693 622 680339648
510 421 735450288
523 173 960400218
220 598 442639611
195 604 850919172
211 899 338135620
418 812 246915045
306 130 994153045
662 773 766022385
78 899 867425282
680 496 239167677
507 560 634862766
392 80 196566476
706 496 142779987
354 703 908227581
252 67 73750978
17 86 671564761
558 12 246226534
422 778 200320929
250 82 590091352
292 77 514075889
796 125 391583047
771 450 68499638
52 32 857301321
835 877 379986481
214 187 344039348
807 224 494131425
616 402 146676396
275 143 42055253
8 47 33173407
433 180 201727081
220 70 599912886
846 62 892359629
353 86 702683430
401 213 591061601
538 90 686997447
445 15 867479448
129 6 626028006
495 109 667736310
668 423 943960898
542 698 933185251
342 797 487342628
295 356 553046961
789 135 736357664
836 515 8361871
782 277 446788673
30 702 652090613
862 291 843854736
160 233 669343777
67 668 338219584
280 241 181186811
897 269 977292307
373 820 565717360
264 37 251773815
156 512 555257559
78 849 820671512
367 741 915498056
170 527 393733242
128 62 114104083
127 93 858914636
712 419 107322124
132 335 121736658
651 139 776925018
335 41 714473742
340 397 650249385
455 328 420830281
826 766 190241182
857 204 808312164
284 258 382129663
816 359 593201272
289 24 671547158
798 674 479400512
20 292 713891472
242 94 98408048
184 551 777812968
772 404 445658032
5 421 840330902
159 69 416976440
328 370 126446452
373 174 757289104
583 461 855524108
176 254 984779242
848 58 560789596
676 740 214073037
499 415 32646595
752 686 879426277
16 10 394063635
355 163 773617554
315 171 409701531
41 189 551161810
187 247 19116834
405 845 768218056
430 682 202900090
39 744 554359692
743 708 684997509
767 408 881359178
207 436 987725350
395 663 629879953
765 210 629537094
207 69 576035400
887 241 269982578
682 779 756483119
822 529 787315349
368 345 689125617
773 606 382476277
311 374 950025690
383 439 274964164
464 228 266791891
351 887 973454068
104 207 128203393
872 687 912817416
838 707 420139386
33 839 620116988
607 300 134355806
720 343 508002884
707 733 908382288
519 568 322851708
421 261 161941603
828 573 520655145
890 891 804349811
566 101 590769963
779 106 758240838
45 842 260257801
444 342 850493528
116 536 263838895
264 136 800964718
581 136 465621647
672 514 458600517
517 425 910163907
386 568 978172929
268 848 779545629
826 799 529039417
579 225 750082831
744 329 145472448
660 304 724153531
834 357 742440985
143 279 848578187
781 575 413381591
888 88 792378866
770 870 71092847
637 509 686468535
211 126 766347560
67 5 878861052
749 665 919580366
854 620 471270842
825 340 866190625
537 45 634233760
438 382 674340041
223 555 907893088
366 397 253408783
131 552 849642030
540 90 800903087
553 192 587562245
565 40 918073910
147 507 682515032
540 634 722006999
704 494 336142356
885 151 733659662
592 329 428728495
898 826 944697109
836 476 46837406
852 79 49873741
176 846 363297430
483 99 731256706
838 198 468486021
445 183 910384711
96 545 448684419
72 380 396769056
845 139 684901301
494 378 657762582
667 192 514158603
80 661 975267167
651 258 728440221
36 685 6386841
723 587 893556862
822 235 103537034
529 21 333271071
584 132 316829814
430 27 400426222
19 815 971692637
738 711 206366002
883 351 868324269
21 723 621558198
759 24 113094679
564 359 998971208
336 231 664136107
64 56 462993086
31 547 255057175
36 117 7813519
158 518 855333900
374 684 678369934
271 777 106281569
255 357 451516759
854 709 886945267
826 367 520853891
235 317 999180520
610 675 397513093
866 346 344598159
808 1 568960557
526 179 642112649
153 811 765345912
159 564 926539359
452 249 153246856
30 896 565971096
178 828 777399469
549 692 904202016
856 832 934084309
577 81 89479720
72 56 962064484
361 249 735509940
780 461 420206852
767 272 189602322
372 85 359939599
205 165 240767451
608 137 226518963
150 36 962302662
74 549 567727318
579 33 143793567
594 533 161860571
882 91 878461581
891 74 377580189
88 577 271848747
596 79 557347547
358 117 841052131
423 744 112885044
810 472 92794033
260 877 232394436
684 568 499656869
70 478 346501586
722 214 61829878
633 152 796988038
115 60 608189867
239 383 551841752
158 319 230734308
618 25 207325823
94 9 37187723
217 175 809660788
804 682 777024654
355 619 515784700
872 343 417073335
812 196 402934929
337 81 181880671
591 472 784385592
158 469 734788850
58 32 480371364
17 526 635432038
212 208 938592902
59 35 686978123
661 307 443784643
317 420 518454592
300 562 246154538
781 489 162031160
329 292 757589909
86 256 846321125
103 15 520640027
637 837 697221033
523 435 279119148
830 659 890415127
72 58 511674736
426 287 365782579
433 706 647442184
392 311 718221435
316 771 623917732
311 704 373896918
105 48 42302942
363 201 113689277
404 106 704774289
643 475 347996816
337 463 362758485
213 736 43602359
137 584 71678834
436 448 933943203
753 858 885166723
792 691 542665040
13 725 292575440
522 655 952010846
620 239 305531787
693 824 624964217
598 540 112163183
211 214 440409893
10 822 753453897
370 63 616914736
250 248 388079601
485 387 296259750
472 198 701246771
715 479 503074516
678 378 954413085
596 250 744698902
584 323 371270337
29 397 25540586
514 504 109602289
872 695 542446970
397 400 488676825
174 243 433012369
847 484 109239182
582 651 944587586
196 104 895205307
368 582 123257654
655 205 930385645
286 48 464330407
83 497 699428746
144 345 902573258
42 3 734399286
236 209 406746074
621 190 626180407
214 131 473670914
193 745 807730715
713 267 856570620
620 472 722471436
698 470 617858562
895 714 130541936
379 570 176770645
96 202 100181748
92 665 977241920
135 647 843796055
138 732 232229839
567 631 190866432
367 212 508449515
341 493 773505136
470 120 441736091
186 572 360428698
458 503 872680163
687 260 247711200
111 599 875011361
340 347 105417687
233 891 587860552
673 391 643034927
563 401 445047500
118 319 804850370
532 294 56974415
116 405 131414951
10 613 770014345
555 499 182087225
771 500 882828041
2 38 709833775
112 70 754576177
760 359 219365216
662 702 338948745
49 25 943075019
142 822 657154624
326 205 676385090
418 406 774304579
898 434 734096201
662 784 918647902
489 5 860687324
357 188 650530198
54 711 974163974
851 456 882726258
782 503 543380380
342 209 386408130
571 713 442309667
566 72 312306363
607 693 915310752
615 136 992905546
220 233 78160691
265 535 657165767
603 456 938002879
766 44 516280415
275 32 624328243
676 164 677534510
7 496 668380454
89 245 347648810
258 516 122038099
698 182 55329771
186 289 531341827
460 341 845565396
449 32 491247663
27 21 997317855
36 770 967652722
302 406 176971971
799 616 587851889
160 172 145192288
128 740 956075123
339 242 229691627
855 535 253241994
308 737 992031959
880 345 985639589
504 227 854820867
577 408 100595204
170 98 147374563
166 59 234855618
533 755 207505394
148 792 100765372
281 60 333922482
678 327 47485201
178 820 407950088
864 587 473949371
555 41 487059984
407 43 26043515
565 809 714784865
420 636 760423667
229 526 39628426
654 804 216270257
301 718 707276869
166 676 984897537
133 294 938008648
835 670 333690137
144 339 404929366
670 143 296095859
233 223 935665639
246 321 57020614
231 561 164554427
408 766 570981424
460651426 380673268 659405900 916379312 514452094 274768341 253655118 508695106 706092087 661422326 671225174 270491709 390466641 523847032 814895115 719504248 69794743 523146073 95179696 773264790 24095362 627922918 649272708 845315621 336200709 638062894 35512727 600008177 744342014 738562181 403098883 222135360 191221113 919724317 419573671 148866636 797954131 915377342 672881988 759843530 394245061 1480316 768066761 555326010 900461185 12390711 52647995 701265640 158059706 733577711 48734993 587441143 581395337 966148233 432416418 635297357 690290611 669295865 399203670 423782552 417089796 674444975 760423076 118839398 981633150 770806573 314437538 539589416 240554981 692549294 519168373 526069333 614190967 843694344 657051755 945350629 149843136 676956194 765193502 60187460 285260781 539360700 991737058 603154466 963268962 580429274 65996940 930707097 713762947 489897134 27542412 475931647 562252276 332779154 759471617 464714300 153458478 532989465 355521993 334543726 185536320 977161990 272959174 787909570 803983340 14146066 872304333 965586675 309371826 349278526 201943520 858396840 599829692 800943015 414498679 756186095 499259222 269504453 663559165 761180181 129093468 805382067 847033100 294491631 10222428 154042458 90815415 982186797 690657405 392325197 367986537 163021952 171687356 601111899 180920777 613571303 918120457 157465311 187133574 585845132 587950562 405299743 376688852 500640451 861229685 16527418 221252443 629471584 742663626 47267618 468743767 605844360 88658365 815192374 645826357 328114260 354167956 80274509 659358743 616767166 724845079 315523356 363268413 179126937 757349117 12611043 461789176 798907205 829531983 36551661 507215398 287968646 876125405 405599518 778963093 835089019 842918721 679013409 41371774 516042436 408779602 184884640 415930587 918060005 569394913 249730022 239600183 911561408 863614130 695942967 421509298 322517413 77688948 279230986 640913075 181867430 692941459 608156943 332242870 167678151 645847980 882884479 441349522 902460516 38331747 634399355 313050238 364029754 704526156 148953562 326822020 673221629 138211962 851495582 60704131 779790459 811442772 264141666 572444003 571134580 939603681 15909219 498046196 92903997 474490371 357945638 924123832 810706054 407888976 916338753 821220302 138798367 421327967 239395628 473892332 207746805 639054714 239962540 99168416 988229829 593490712 520089296 89807968 426257969 401227418 46734648 199102555 90809597 750159346 575417558 757189383 306356939 274411247 292661611 697351446 20113234 497501307 311619756 275291611 138279678 663363050 620897021 978563794 367638824 65107991 161110842 708755475 357752498 714435704 713171141 166798399 226281983 317713197 20481896 831611956 39337047 700320673 718299919 570711619 542756275 34714966 513035035 949692709 634391628 674078578 570727579 93824564 126761370 84350322 611216723 598867858 356766380 657835579 911394476 593591407 720492529 77910601 332890910 437341651 891219403 663836026 384969654 647476521 737520879 36806642 320981487 787052194 403754809 157990548 429185065 960776147 447977256 120160297 244359502 898200585 888358253 187174720 38651841 851592096 780034367 971433887 989583478 508365810 307057569 815317368 871284801 572945415 194532603 83502087 822528267 73417639 351689294 86599575 955325614 261003537 586896354 567917733 572209224 204081345 150932435 526025678 614111358 146089297 475241739 339119818 341093168 9491247 636190520 572011771 742015257 680066908 259881551 961848930 250510253 291605026 587757924 406090957 399991261 988447215 574707664 349421920 621258853 441504825 484142168 647870255 738799239 32537434 607189717 968339908 417598614 859082571 888071454 527042199 476631881 226038723 81507387 174475886 352404238 703339287 707517480 297887651 528832923 376750019 912769635 920859716 596366853 799167795 587333971 223060713 28498218 399391215 325036693 476532572 247117533 856755751 121737390 388451185 642148984 376816084 871932915 237143881 561460567 877378434 135011711 509885540 81650190 686268560 437472375 4893230 408347413 588780366 806079593 204107876 515427254 654860064 954308748 492708599 868878081 777172395 107510956 246365754 156546781 174208491 22690378 803212917 705697171 148847504 121407270 474679738 483433994 689486803 417658743 31482573 587692572 448013746 562292833 606452478 497057042 447546338 402889000 516898473 352326421 979048475 657814910 619943062 784668353 799944518 293240811 316814238 158197037 947501908 521768761 661750028 175901781 274091293 705954693 508920547 117429400 854146142 845372750 757654694 161647615 472442563 232402012 650839775 598915414 817720175 383655007 453062444 630665762 523348571 566057220 587732113 413744280 426985721 249912083 698623530 142175644 94863920 740526353 315383844 866256895 23819788 912085788 524941292 56180670 874879910 45364707 994363337 839315256 391822395 803833383 783169216 47424051 96203127 8012461 252947925 473101786 217414488 514010743 138733123 561860723 931954747 747083831 802899651 511527122 507401281 633640607 870571115 592553552 526637168 924497275 513832346 206407804 608709886 447358152 38297741 503643366 422913111 736819461 689771111 654137319 410049380 190626576 46732662 626061443 109664139 222614254 916619763 715979242 487718556 308217811 369370647 31688040 741090550 696263204 64171597 828563777 993902958 974659339 442331995 643843392 482430208 984255753 487136172 837859315 683895462 743974863 527192851 324602709 215144854 949736432 183169865 241900044 594726864 552241212 923788190 619918100 270161779 660073557 297448199 420671677 143440286 823480520 360459043 900783680 286139432 415279027 752243286 498931495 589308694 624659074 352127203 183614694 772675629 474380541 418158701 990664432 121577414 20299201 385227352 324152419 680180215 964888870 946719037 291157541 746928228 495931062 76674213 504467545 703753551 935669658 683885891 647084538 570320006 104927522 16188369 77928089 137089136 636573054 443536783 153502064 351203755 498726793 798137184 455951345 74688691 399934830 35143019 418783807 643483226 645566039 101689145 740006589 824785529 738605918 313550931 307378714 190530675 6135922 29681537 531261630 896743971 107433978 318739428 559318330 704557323 130024651 624315308 911716777 883699660 377929950 589520603 558205117 430297542 125476761 53933374 594169703 478841505 396216838 267621064 209758615 43660982 441073053 97518585 197436660 445935318 953506457 961285267 987016768 62532310 918211054 814799665 933892725 277613128 543097877 308603242 107641066 824153627 842136110 829266233 243455211 982678079 883001648 4095472 141808379 509881667 265550223 260172530 313415592 544977436 558087846 406496906 316286599 999587516 189580649 239009692 646927418 87551633 215005603 54605562 30195408 92242742 482204332 990107062 901275632 639979593 737160378 646169490 735290114 761195011 763953972 84134824 554962408 126310099 775991728 785000918 323502793 740597901 78655187 865929130 652316654 431959045 699102836 634682409 485540743 422558128 893797514 317586396 123235137 344109958 401609752 833522898 225130126 893322848 75862859 917913400 852128598 747824882 80606941 441283971 555032833 640800481 824720912 666094719 208895924 666702474 923417937 123004042 628664210 354113563 124002435 299841758 634725759 135335328 166840447 419161554 287291418 993322289 528958071 177670800 70538725 309362121 403439720 724790169 496893797 348141813 997246216 660441244 661587483 40147998 638837848 202266209 355265818 745241386 834124237 638184566 122761671 677163500 518801215 120014553 299095967 885734672 110401029 710557848 710421134 131141280 167722721 309597024 752056523 748342506 639833576 725383855 923803145 193615667 750182316 213126779 762029875 387480912 711936403 340602868 753608239 135632096 837599511 624520410 613942166 185733569 399914626 300218652 312101332 643513685 705311998 90864109 901659251 371561675 927430717 828235756 600284387 358868871 98006064 892684485 167970759 24801113 435869290 888170032 303791089 138417645 360924829 809569226 871895735 51261359 171533193 585925527 36550870 260483846 970569406 761740780 69653488 272122958 243265631 847212861 345424696 701510122 85709949 135961053 398975573 261373362 190608462 110875027 246264059 791095598 578431664 909324221 555712114 617777812 391244271 148494405 135550359 574014267 768951702 870163328 186037367 673142200 109812460 579648193 229153233 452340987 344158377 624155081 274184421 938688834 354874780 781539437 972132045 675130375 679831919 268489878 889584917 256454178 989567 550858953 909406167 597192568 51101396 440754787 244434282 350813224 874647300 215360215 407044993 298205714 543708578 840605786 464646569 417182085 651857395 355132850 346423798 512974599 585360289 118670570 175546127 87231151 922610197 668291184 877460807 239498934 757978742 408731006 954302351 550502246 751324842 857099311 306318172 907482766 845430200 370803786 523767562 643396287 438197033 746297738
267809478 617519161 706446012 737301279 371175483 857264740 747255413 400797772 179596200 956641905 93219222 49316181 459082266 505408177 460447368 270805126 968278315 559661825 115673807 137308653 381505645 619531675 439889330 242282545 400449737 481171837 219226792 240203313 995874570 268213440 579472699 280402324 932277528 344058970 115961589 890576646 144461433 754893733 330564267 562803530 180148596 233219202 117301198 719989853 943418242 159976495 925078287 95355331 890994049 874309 695074342 723552966 199712640 502789029 926213729 185738240 325131366 730899517 172967585 904176358 799708950 963379227 1935424 434820101 830445344 752869158 724179586 61849308 202968280 971592564 708660401 649907137 570586845 190934933 529267705 102140270 414562554 541331565 755936223 349247167 35507926 702537368 795164671 612059683 919038291 498017132 651725205 696755775 832330533 200755416 539404150 945237108 301237884 258948568 989311079 628485456 437736286 38634526 873832805 377274387 431935823 628920306 589515018 834775505 715000507 604470671 65133211 289659679 780294459 571871256 194266142 668618691 951294821 109743122 710512391 389145785 576737378 529681995 607290162 296673842 541889819 887126788 491075966 93026559 915828577 167929061 832884831 496921285 739513115 342549573 299913853 622963844 638225902 90863204 470308969 788728995 603566512 681001766 456496148 404560146 792772348 429932480 408535740 436953390 156872466 163743414 893726580 512270164 835198303 77235305 7024074 660949468 737354958 368228183 463032984 156626472 705633580 668379749 405984030 866597206 917958289 981454596 174167172 935843586 63789377 116734221 305212572 950392202 346720590 965640414 755317971 40641516 410642789 336375162 738238988 282935329 244713105 464538406 388931613 42438224 280744103 23452650 262974817 28421784 42835996 948841689 60136052 953347724 527804303 276007301 49289579 406518472 240114333 273154341 495839369 568082501 151113695 566439906 885213037 706491756 310592538 483191735 994652658 646105193 779712777 855485573 337132942 597075862 742793836 398718817 338815632 365356203 101338270 881595233 399138095 184368164 305794023 460651077 442681221 165515587 568163478 128090553 965063592 406742400 220066656 148510160 256528994 333650879 450732604 750708079 903961554 111756204 882385495 971463256 580474731 695102402 757185178 604720210 500522110 71288708 208415195 332205153 942268144 961793978 576698746 861584076 330484744 373893849 452815434 422694255 829790068 97626695 90140086 257243580 543254303 768152310 806869399 747794517 410401127 960722532 493054162 171923502 204045741 105663534 296547113 937155911 127080871 856613390 86259992 165712783 746753370 4258865 551531631 574658839 267471117 852792047 866775547 884551887 217617961 879608171 748848279 274068799 717198486 265224778 135310953 912047953 955441743 968647349 791094583 320458206 116391191 298910596 210015939 637977844 656516503 94132794 166486088 813469335 944126805 76476420 863916843 124232089 733966318 221181594 372990991 965845116 37467011 708091413 512874546 612324251 748812221 600263802 689777845 176042533 747394827 317604706 45044898 386090707 423438680 43617047 575588634 323227980 685154945 298996881 47445622 475150762 684861674 557688355 529278072 512398508 291685105 562849637 382575061 683548076 663434506 479842184 637362909 857676957 188478901 365258040 298057151 487482575 792243402 107082669 288197005 828042854 116562815 903781639 925966145 48899160 873994585 611330636 771848063 710037106 67713495 813276153 890074377 586738993 844368421 550377646 768034030 880221854 809398635 378798812 474576233 163837601 712508213 521248189 564909062 854003129 581867222 21921477 2745363 873761011 766592428 628228848 151627567 84167548 798488676 807656162 508189093 523292984 712256765 305323189 466070462 762719438 452269108 633660208 674311760 649404375 763938127 957407330 730196944 293842723 572103402 129968134 124784634 113535613 7813900 347817079 975851353 764983729 842164376 731387324 118958359 85506367 244459120 435878121 508281089 58479332 539471589 530272791 927897043 690257643 342499188 183038092 909356479 549609136 110670084 643774540 962204613 314318970 685466226 52628966 709024944 195037900 960723437 160547084 322691099 911663614 570170814 986982004 223982724 29324774 545890499 428102858 601748345 353027015 460764988 593082904 840000239 655722461 579440069 84050319 544101141 827665713 62255822 975732749 155722519 817148646 468652003 611728555 930503361 691281269 848370117 341521876 170099422 785836988 573803482 788186713 137724311 659426812 77332878 895329881 587596275 427829530 847118738 409199824 60147236 311112363 919737903 768499261 687448950 135882954 201013465 866672074 49617664 885918570 998103816 524756013 758536192 887556263 565459908 293233391 771632734 298910086 130315071 354219903 434473692 301470178 395030217 768770441 764725720 560462905 496114809 795364385 379011026 629763926 311750999 886495516 381063948 147479009 930489165 657417641 2114686 706168166 580645377 262118362 798499985 162424212 750988316 142522878 249075995 706733609 777790274 401123153 934365926 600795375 999242229 508859902 469158799 423892714 247323135 421920925 417872087 931274070 33748506 362941974 302568594 493612261 246534623 454979395 651840490 650893534 123532748 240094764 338654842 489229073 840137763 788028930 930179373 356747666 579453063 610943638 260445262 849928120 145940508 218539343 514026009 221090266 721671543 257218432 771482877 910735774 704843567 119150051 99452199 385010288 905578837 45424531 140477085 354224253 885674276 563109307 647882115 326554969 588254877 295817037 961378824 62097508 117673621 947076285 554805919 359698867 662248767 275877681 625325791 94605678 56522506 166822788 763897230 450645854 491075222 532709844 58827073 267928505 555709152 130820241 602110953 791660948 962019191 917375903 590992942 271557916 398292827 697298505 918235750 932983072 591720218 794064649 204030043 786947601 834069849 631543156 398071990 750722798 284538522 679199490 553386790 801337208 479275391 853085187 18856192 158670343 907612525 451121778 713186864 565392043 528805495 382849959 535467041 17805074 291948813 881374840 512287623 279848540 689739474 213474714 271721815 326858116 612044724 570449090 302876616 301069005 621777216 426015251 387796384 155153884 197937699 94698886 459183315 360975320 17123566 865559952 151054593 511274140 587358316 126729288 508266919 212137569 38903127 796472188 941312797 90188311 462090191 564473058 854877789 858502373 600942177 291105745 432619339 8592688 431224705 634965987 941918786 547815106 440502839 884936661 671130652 608710 588782270 223322668 85660590 938761955 311609241 866999998 361309577 187065366 81781912 189318264 90348008 217415773 209394057 646025363 176607369 457054953 626418398 775168062 312560845 810326361 400127127 201397835 858945909 793051031 420417313 238570285 37713393 665598428 343792004 962177548 771762248 606981466 107304347 894762042 157733835 454820449 476290929 810766514 984285230 185955862 739404915 140017056 379313499 356431084 511438542 922734029 594060668 349336440 989673151 734398136 417187100 895090460 38715443 274293513 47412558 292342374 838402655 543408641 854484416 834623282 278382466 250116836 339355619 304678677 751658700 937931704 508002047 405253409 84016025 90639940 220110004 835770068 333751101 752796310 412596495 231974854 70902225 470759397 402307580 729533389 57978853 179856599 758779792 781556870 931390817 137526266 158904887 930175274 275134154 534588845 558006777 62685004 19859653 127979132 17959776 852976503 895194638 489938785 638469489 208752992 242628888 795516024 525806470 492438429 34628752 201018342 984028532 780390120 966539032 150376308 507872980 622523044 699868441 543099551 673551052 480377423 994127170 263866684 160959138 391863722 861730470 550710557 597867947 700998197 894797169 629456586 625158939 290877456 578435237 539928608 440311301 985115493 322090837 510802267 880917063 987450037 463828596 753591036 537806776 559434441 285876967 912209483 577151252 825330139 278310196 950449696 945466674 364561386 331065688 187450863 326771966 780592056 746884424 104326508 725211864 427688031 862244270 173973100 193715165 672458 507713686 505617592 357155496 907112527 377624791 169396604 704705854 345125849 320831128 460459328 636103877 511154590 202551869 144570380 477470075 937229433 433232844 323332890 759580451 462214815 372308193 371224496 388155239 746103908 542183182 851772593 332718538 938459861 769665008 959405365 327204528 104104146 812354735 517564640 529020428 146047418 611111520 129555906 722073938 325338692 427785953 284208109 208711085 747114031 285890236 432075233 195731125 858261481 908604998 82331157 919618994 795627145 254365116 178339448 741191558 575321620 390351881 168523937 310417751 848786098 649368140 888436357 606213804 154653370 261835312 418968781 55672887 358215906 875587343 813758581 495190666
446904314 53018809 716540389 941417457 973570538 479311650 500395272 375934737 356540689 396781505 460575304 385985132 133027775 947557023 920218340 589296824 406249679 456995105 565842780 962515537 624276646 783792921 228881589 15055015 802820911 458709217 181977221 409887910 369167142 74108949 159631384 907413380 270200015 106196784 81289118 136573082 126648528 159246661 695489977 380819476 949129129 238479492 723260612 979943154 291147687 761219120 960957149 806807681 22789424 968677436 850158151 58980575 992283978 373604671 900999225 206959830 175770584 922861751 712430743 578902514 703664711 263903246 945626323 640824964 97399681 508946382 748999393 745546978 518748176 338718172 371866968 231151602 47695961 211059424 147586074 242927239 537974355 777253737 14392934 39816229 596481001 53298697 693393089 601023109 6791007 7441027 665469802 769728077 836868295 804284194 985502419 510822270 144054438 158939924 986102158 102191005 746323536 997559369 361415547 16363647 930746663 422051305 854856748 882639673 395042389 555643980 316478999 992569044 32183675 424590828 567897033 306231794 4382759 610382057 862205475 537098721 397675386 757586453 175781692 776629147 749393495 977030971 246883471 881587401 614455876 665628833 418398515 353752816 225514932 549234083 632671974 294715166 672480239 159311901 950378944 534970360 255817783 303244410 653944823 215816024 347858883 32396192 344935268 110808281 222070798 131570523 292368488 238161110 680378056 784784169 435258050 993724250 365599947 771406843 846706373 787525867 971283743 219764331 875873456 780271736 836320414 700051284 741407555 281433119 514715815 962423882 53688190 559102761 680408625 909316594 803299463 511135174 375494515 143948672 762820304 315930903 679212646 338591163 982629792 674045119 476516073 748318686 583760414 411276703 720797266 465872135 166258118 469752007 294663081 537623373 998047701 756809295 771791121 104625971 926138362 259906398 851525617 180669405 592122223 903081273 822301591 208303561 327806491 550158136 253418330 835503081 719797955 24310540 458728905 759006199 850563581 59120828 278005798 99703432 935588732 124619240 15280783 66273699 819323868 453194037 830254784 6849274 482879150 235702650 995577169 645884917 970206675 723396157 195691141 237060508 385344894 764414111 454159072 362915770 888095075 636049910 685921536 525323631 487442573 309907951 211982292 274440422 160570997 471693497 829292142 807314985 138991790 658528595 342163212 276457676 37042829 271572102 21425237 744293379 778217519 802701338 84008518 715751630 218502689 503332344 87877534 134888626 397183633 830581551 420230254 2518600 583813132 310271432 738293662 658340553 162865018 890974695 90806139 507207276 308511639 460916156 705312055 160621563 327313241 979203486 510942637 872734837 867125050 652561264 598575359 984748897 774581912 596204439 893840218 531638603 991948350 158878439 46915503 647990273 686490459 278327888 144338355 102791227 8897592 557255707 794748282 372578080 251871928 119363301 361192157 323922326 598410338 844763997 230963457 142974836 265048064 965905813 425523791 532304152 136585720 850888238 263965240 93188654 5940264 860601811 88851351 693262122 836119818 276080071 4557428 52423991 674684859 213938373 595898014 70813655 957134060 895963624 634619264 872881835 558398976 528347352 379672835 928787815 747384078 757292653 74652008 759407541 843024013 565331311 12081346 478712034 851381226 289802925 979012855 295277969 139265937 596389418 60787620 303865031 510611236 476112880 864786993 551221193 109381694 294739183 786551700 226014611 917941617 231447426 419442204 603108353 112464125 393390863 959689511 99791084 291355642 875647009 264597387 916397037 427436476 769095726 434648015 408984134 247245288 484587642 817100707 999817058 972244216 291787533 133578177 683565955 355793775 942157283 584445702 129627108 361719464 162048743 134655614 73549460 514416860 408054162 311483114 457614153 986464553 885737242 518218801 322873639 202973232 249795282 206405559 553205362 175627359 66455785 241889351 675784415 86986667 711668644 274281110 315595106 965397324 383775619 336704894 237049951 383943806 357345303 267656685 718824312 686730803 403556087 391890930 588273307 793158508 181918493 781323743 502244168 957218005 430389853 670491168 378625021 349578973 180305709 486441378 267293597 301228179 513596320 129718065 673046706 29804403 280535355 768785764 626638542 68387415 310351743 211058719 912390551 806584640 196585771 776206526 675300543 220033311 253733537 103740381 3847730 711571448 422510292 988060749 432185682 88765980 967921011 587525980 991995188 26685763 432847483 800975203 656414906 121068094 483445900 206735150 532019132 721477952 951629918 597359768 110672500 859868747 391680292 702629033 912230612 929524568 781311404 10287861 291586225 643728690 323859495 195780645 210395023 821735188 158559926 753995673 746583300 125493367 780308303 887371551 30538672 990334600 651151917 787253617 324589194 929402870 913764890 298314564 790040368 306111358 39808328 447324741 272018254 374498527 743084215 629238055 398563181 996893100 266004653 937701225 583632733 425258302 693940989 139637996 808770230 245111973 75184762 459763243 419391374 129770781 995371791 441102632 3570696 863973455 713838537 412982274 116680185 220667154 992581326 854875083 143259423 530294705 462219461 863007553 742832516 281242269 112023884 340278877 471311349 32433059 690305011 666083554 813917279 125234601 72674983 235194120 961961061 56515307 965596526 402056269 95485221 82905178 971083924 792910292 721359967 524689127 251752468 230147686 828207031 765606775 330689640 370222255 192709325 789178196 809879441 636371946 122927207 908238191 672856780 201909233 664811145 522421964 715859237 238578976 951588842 969664948 36124108 232028769 880546684 365761454 902044419 806409248 642305788 756696387 411720031 896834794 935517084 153588017 686268160 942139735 908168509 2033798 2989288 470425943 942456373 790020362 508859718 832985039 153140931 302605645 951970808 456788940 3906052 130821457 34620337 561655575 738299355 630015100 672611157 500253218 453543960 643035221 215413892 599358118 406559952 184009252 150931712 473209578 61446255 660452032 478668910 131485425 179228682 891871475 141909708 758070167 846693409 104477640 167713033 66832689 836155047 574526371 271453021 851301787 680558879 272966227 71339173 860573620 844565191 368399645 585278657 979728024 120394008 992526357 747699013 457071788 429806727 580831787 629712621 171977531 375268755 522116220 923911579 56135745 178597115 833724690 466699236 129004616 985679809 444077740 763575317 27860913 223768650 100640527 410890163 298809103 848400590 610285115 369890697 225978097 225838685 395201043 523540175 262403429 511298916 78285450 490536504 716711718 424122756 996756616 587402968 948620766 339595520 768100883 18391551 45467348 432995599 519696095 418906978 554589787 276036349 865499325 177975537 383957074 592054168 810575171 594745393 976300125 468171771 417654458 176988526 184446429 355375221 810692177 330822333 592065723 854923661 761399021 558678569 52670162 975908457 773853984 752674646 194429613 342985327 206170078 246278403 346524001 58199386 19403722 191230352 926265165 620857734 943758030 62782121 102511479 751461700 686217823 241925153 473054615 610843730 379340609 27521791 509360897 425236728 334662592 623160168 825162259 760284623 32346159 685998377 20914859 531762216 217116772 703679881 27519615 383544640 608485694 680729911 37776212 257222322 555701450 351559880 310415393 562327643 200464554 762007654 744178733 520630123 250112099 378953997 293291129 689790730 758067607 438998398 832512957 956815075 150451597 918647851 432020819 147572288 261012724 340595153 964228727 159808677 17324569 475260969 273702575 963767374 281853358 656197077 5683707 643912257 638917120 335198274 802535224 998362242 982941752 55701487 931477424 906228177 27226187 414777032 439920487 913793181 81907334 674206689 24999958 213040206 814861422 90649002 416053652 220975847 984187801 322234413 171437225 387999926 72147158 827499459 744926390 730703846 538621448 899505749 929017020 395070091 600456787 820800381 974201588 396558706 718081178 751853630 772591373 215547771 433187497 451287106 544131796 498717283 712981613 385565261 148438947 567736318 553242274 333625533 288880307 721845418 337632144 639632284 219770756 260269790 252331271 468440857 584413005 93582748 970408253 863849799 243399368 902939271 629667258 482962677 329252450 400821456 449487717 293746120 851651210 696349081 116426098 497647869 846087811 712803654 631158300 673631678 2025529 381121233 800012718 505411217 370591557 932272599 849455638 453163224 425381742 942514344 406870752 349820348 751130794 579004560 48650546 880695236 814144535 888561879 347719584 14144062 977586374 242299141 761408955 658736165 196081852 552301146 183579963 873823332 66820652 527626138 462442527 152733735 476963188
395254763 687629366 451000968 885446088 661422900 704963213 125991851 974581194 703233877 837993671 316552390 976543735 3564940 878963700 150753664 615207230 932856584 708675402 704289042 422467072 898797039 415664453 683936127 581783058 404058870 93256420 553483096 740547673 915068700 297393743 351603104 296380164 864580610 81550793 718265552 599566657 299507334 603455731 489945569 443094673 207442155 35268603 628892443 120115089 191875992 108463237 189702335 814176631 193718272 434692337 477350691 401549750 545541700 318678198 503331087 830306174 946647963 890957729 966024357 980191209 319492542 37377779 580635049 515936237 618256436 911012002 824154269 697538527 282596832 769831781 635853565 586328086 468531170 542361642 502091861 456940143 792861752 144071061 250875123 463196765 778397463 774255823 233004847 99851550 462531861 597599155 713835444 235289889 233188929 836692233 733713061 633422746 826127732 508196282 214151163 403259236 411511312 393397526 725417234 607118097 994629453 252917689 739411218 448967461 985073342 545954961 966908334 283947522 377622583 585152623 634079823 892891867 131655467 521504335 364051846 971749199 377294864 547876300 980532125 274083790 632675078 492546009 270605372 510869178 650519292 176233334 859481409 804040445 404956778 560643744 423524612 371915144 291379913 781487010 934244672 731907942 147213423 315945812 972609544 247452731 21689152 649173296 302625915 934321171 923872992 761092753 134614983 946579973 314329189 718777380 430227527 788235665 496429648 631904830 779033797 758550116 961281344 735394194 58473762 307475172 668592252 236345574 673597175 47614835 41142780 107501852 778312838 924907083 383212954 807300248 440735451 14925806 467158478 422735262 304913158 329195277 129596772 243032614 984425069 938873151 869604069 159022933 373000520 990513467 896957206 282854689 119690863 951928336 252586657 814139238 546790461 646757211 524411390 220695835 720560593 474675104 897789499 126432365 869904833 311205133 345881104 502624721 865668786 646446964 510337265 626573929 599558805 822975052 940715917 901686295 924327840 602640121 587908543 757880066 858125104 214342468 395182711 838146626 518489436 367890252 406843988 379112796 961676688 508238000 68974104 301431388 747276042 813414213 479601361 370575051 38534609 257020947 52668778 295402480 442328154 14870904 744905098 747398452 105957797 919020486 968028343 959010624 806768299 221632928 518059596 291826158 433328780 126785213 388470420 407437089 978636272 666418333 552410891 499971234 925119505 48562976 180035325 222624865 695839890 171042083 669482502 149782545 192374860 1436701 947661807 982586612 930694174 566332606 33287643 327380753 140314246 850768176 352747544 678932373 573115152 463545382 740430200 921579544 203170398 575750527 654182342 41789731 593321430 748505932 269237147 501220536 774158241 934572096 451138707 577838195 238982085 936744901 485201290 658324215 836776734 835673410 291966044 273590939 382207994 865526806 589070102 584935757 707342489 912582873 840063605 410387548 413400415 325102022 887995039 836587917 266195511 362023978 922894042 176469999 209920044 158110936 481407636 714690237 312479781 848611371 309491433 68182034 76412906 688248841 760746681 992872955 521708151 40468398 971258918 210925923 656996010 662221181 867827443 245143706 573029224 883063130 484293909 218517979 959897187 536803088 692304998 452060189 961673784 468842097 134412002 52446896 148701590 963744965 547795552 824911469 106471233 245850745 594648145 566453569 965194788 101001303 128470974 808587623 951131876 886225725 458265174 62358335 167718788 689832694 149334933 566399992 133640401 860665676 778297978 366715312 556983568 384412693 810592940 202466578 280678249 745209794 200597656 896552480 659368376 483930742 787074357 106941892 415682579 407773433 988667995 626861194 464277975 902582843 829168660 671559191 666780968 400015453 962714259 53146071 857480728 375148084 385798070 555616323 966670256 988816918 261395177 837925650 34794835 863155920 281230878 288117972 783434964 89225030 780352479 946748814 427933812 185730517 305812801 908188978 801151325 127761083 353678084 502515284 824434666 302246254 866097267 820807437 992317588 300058632 209611810 373993313 85459871 603876031 102011635 600837125 805763182 182603190 623208779 46395181 838645040 454510711 359703794 573281181 592713221 479049304 897289049 660038977 991915819 418806460 725896499 602899301 229448669 165261273 737194001 379319239 869409614 126817113 633729745 519618461 225239301 547758060 210657292 678920361 288527092 758070884 626918201 989790294 584660398 766773235 733385477 390956734 870744510 421810872 775641250 392439622 856386371 681357687 254132379 470337499 873026092 91405501 238621514 632095609 956112748 811713050 718555818 737980079 838864710 176321300 980516214 127073825 72591624 323855604 816809289 412225854 930527640 646121851 507763920 709452094 365968138 786202611 264147791 862679586 546240464 141212782 20091414 651026093 815573334 92303220 914299320 403580933 488186451 13128301 203888921 55161703 517168109 991333426 509132777 549395961 391913263 53149874 137997612 400523011 521829258 89938148 12161378 184673664 658207673 908603924 125570838 287462885 524079487 282965497 689874455 603686190 683462709 537350973 949713300 327042333 680288124 372487865 677916104 566411516 317653097 108815667 792070761 560563351 830838018 887023356 711463612 506617059 327404548 48089193 569266311 966789498 271622957 813617171 757063859 483253916 288908100 393383393 486674815 838613976 46929412 204595083 815630028 410825019 888902120 830856073 538549946 788808577 642104355 414374311 903205296 972523743 191276281 399453212 799605351 760176663 984003587 22678828 768205842 87491998 23297671 200984535 884947453 394475820 838975327 336841854 533312587 474270105 646354795 319326955 258023475 36224037 51526007 622509030 709634356 867850161 646986821 593121837 858380712 268213188 380869259 573944277 761184851 94131967 872501289 719417864 338079703 305755573 98221406 991676451 374540374 699165832 920843245 609133472 441193220 356850852 580627163 21687531 926120307 187304658 410976311 965514393 691177112 549210001 206916106 478113973 137858490 788496402 348873641 552036136 904000164 367278706 452991454 586084791 742269695 301010564 169230854 777321827 833473750 685825093 950470929 919769795 571436015 317471802 992011317 753525382 811629022 699089751 313682828 859938884 945380298 495401793 158253639 790189442 470730031 298735974 138215279 86586380 783032015 385803196 886373722 947523713 337149624 280576553 362598126 954514730 316572029 917825153 578911403 398608482 548557910 71899515 856580152 195869287 743297813 578912638 61962513 28329545 73737768 620054651 126578285 283744434 201481733 218833990 46221841 261958605 966935889 352212433 963299691 918490061 509505699 624001695 943562199 860937264 370595690 375135456 909364679 453489010 828499077 820807606 333104155 688154925 934459162 21335680 26716465 186096247 811706907 21802658 46256939 677737857 852877876 986970147 35911208 119641685 464087499 603981809 77536048 615441191 247078696 702628263 963925241 599730403 643192506 488756509 782606049 200431427 261269441 948831000 490050170 171938353 684090152 559568258 534228323 395671071 570334165 270349133 204699740 957290253 51484650 651360082 188280525 635869782 662454471 68174041 675674506 341925878 63800814 87482755 390333979 807028114 558031655 816006905 323721765 88595012 531717254 293218682 567535811 575667357 873290770 891934203 623773850 859361883 950127070 138072933 849947049 574032189 255459711 325374189 763458491 630364004 452258113 596149142 827834078 93657758 449377390 423106353 520184477 846928681 824768181 359483691 535598297 937333150 823890464 545404389 932374755 439278812 564979548 69876677 918934712 111178623 851222622 413256919 247431614 487047603 414104964 661353272 169476693 804755739 265640490 330877028 581770870 391094603 21024717 609142273 477781096 462608848 477457177 783259773 751724172 882861784 524422464 730198968 181298489 464014235 241838230 804242853 847943808 59983511 113119824 284509060 863649362 591635810 760929701 618068790 106745376 54010558 617687479 937218416 317647151 97428288 574802372 224928346 7032828 808616284 430648389 435259165 926885064 201388550 855808008 588732349 369609770 362694664 993476454 456132646 369478628 144951825 202926475 239544460 635054515 780472089 935025911 164243095 895120756 787650548 678206418 264478287 383689556 647155040 139866568 186096934 816444002 154857396 688507801 191598211 409280679 89511651 812442378 335777725 715042048 231839625 603961094 675349560 748711546 109897311 673715790 219860868 366499424 936065696 828440256 770288160 904096002 288570387 430095239 70413531 431803555 131783607 587145275 764138149 210839135 579306839 242523970 517093812 85930591 435612581 390349623 50218892 721583421 87809482 742462073 388374596 543233228 568918301 867741315
348555222 780636739 533593702 533316661 847849582 670963138 589810766 372590469 630517810 290662243 915448080 184189781 866161432 642955794 516524817 738027465 843063389 687842686 225772461 533518376 484946823 45323532 529280790 718401676 533871376 155230483 72085205 113071564 929722613 6726051 572981140 356121466 799219944 801547453 212577129 785661932 16371626 767096513 508758728 225187706 462448475 701865657 325053445 897062866 916917896 839773453 175835248 66488484 840573471 717563424 145825880 352496736 35182099 584976398 608186357 842159314 27575747 432485633 539870557 388278490 343266264 780878313 429073340 854244045 763189229 330554729 126062559 242455745 54263338 223314794 426689880 727325689 93477225 915170978 222470113 514867660 80074371 202524659 940585819 570360388 631739443 641650089 527229205 683490690 811097514 214935100 275006208 174966077 876983914 79521334 571051384 18396759 802792872 431588689 360858360 691796029 868242814 543049317 737004321 423077610 156914497 523960941 222386286 568669335 495891182 836015485 924920363 459724512 885573228 237973789 773443292 619655067 397269427 898744762 553813402 97411438 260462687 967995144 332909727 966779420 380962092 786748502 985138304 979309452 830426430 734094156 932659533 516773148 95228113 88703772 579272225 298555587 924170130 616759429 672055894 511099456 144626771 66401580 979496799 669373450 457035501 411670874 784327417 414783429 719176614 861652384 616013149 485365970 787360131 747532910 843608169 281764551 446481697 890581863 271786702 50783122 889942375 556615474 968788648 590268925 288554633 587145922 982435414 107763952 19504796 127402816 236866675 39510741 961393221 571362635 565133956 251380151 397721134 627753880 786228912 127647670 380593211 582612372 389762247 675985565 28922781 360909958 498619757 70560460 206109294 806705890 155214468 845519724 793272440 604198118 674179198 310400593 598374724 950980358 491915670 251442783 576363696 127118736 37942795 392255800 85393835 380371992 886486421 179854574 532393191 86204365 196724592 509094646 730636952 635715633 775339024 710124711 161306244 485015862 179445124 321029147 812403831 877482338 878610765 602396628 489925753 523509200 532961650 609279317 910020014 409391550 57984045 403053355 938947976 565819083 837714781 969067150 458826267 632577363 873281181 277500992 621620765 968883961 916084761 844530132 323398892 108189542 995393557 889697909 988738928 25354328 584307040 315359658 506255667 364452865 576063724 24056102 843537595 293290866 977777726 212029539 409588748 432025710 684121701 192871372 591097232 281587472 266358110 391601338 255843051 895737170 240649424 671366008 818365529 207033322 103792559 727419957 979780591 910255065 154337031 31369192 565120791 956991422 63334579 529528772 95372238 911695462 986755671 500085658 755574121 796642355 906816838 867983810 441001949 922542110 328726234 365072794 38046616 789024991 912035618 208635487 495219221 159538243 718438595 669465440 259213289 933861045 930438010 958849826 773588278 623221963 30966633 578422020 654595817 687159634 607211084 283064588 28908082 519580532 374506195 477735322 760469224 417034581 411993838 333740072 618695546 368065142 952979874 409799181 433554989 896953245 33914549 520139100 2835736 849992270 723390951 835954867 699659202 39928183 857578629 918957736 176531958 688059764 810865945 877001323 346933574 433701092 410207416 882672157 466138504 872654646 47465272 645686459 337368736 937986499 77447566 334956197 934082036 248692682 451579873 365187716 673487966 232146154 811987054 796773285 394911253 306951571 814165509 95896382 363203149 772194275 448725516 578099592 986981051 992543209 73050473 777637800 769097832 388477033 125944058 489196028 54000121 364718541 975061117 281149233 860791744 516363026 995737387 937725228 229597983 394386894 513647311 79189094 312097221 172515416 542549807 464241183 697992010 901330260 578317725 68249996 64649112 738183121 47225276 406187560 907745291 696768034 414166763 833419800 869884313 943889348 197811189 214457900 51808631 809737503 447990440 343821867 6497857 550867214 917752381 476350756 860453610 123132247 98147544 611409436 194843571 317279007 5774728 395009931 318074899 129683560 18252632 301317615 679092907 55293526 691490379 642437165 612965197 282280140 540773089 202591392 564187825 621727513 11395312 919804148 117385151 55095261 991177195 566597639 313690699 109783911 208276049 400915000 526277464 633964670 465860228 201800116 129735616 334062535 855325322 377443301 40066539 995709906 741273615 538215950 395830578 540962064 442061138 223501424 336626050 891940712 17071038 436975860 595857711 484370108 38179791 712580314 423695509 620346676 651744787 309781727 860744877 666720920 27336241 345821285 296284 937470518 534295812 354431174 770107748 551409303 76529642 540352358 388481756 249354226 586542267 207479105 656939390 516869183 736245345 657533414 958452931 491646014 136777525 628152445 506835624 334789294 750886204 762155443 783350474 188093314 69711260 354588343 978176444 777111425 713553417 806093660 505548866 157260851 834935174 305450867 211117702 162667645 199207302 725888564 399223677 864078616 880272257 98501283 613305147 207547187 366664182 770299945 756167121 902300251 239722900 498317811 225321124 974555043 39740739 160229762 131495117 542666418 313777164 835435285 64741982 101229398 449094808 938502335 775935034 418827391 104178337 880015434 68990881 436266552 893739561 651968496 612613831 842972527 884094525 221599580 247671112 970426563 911560345 681281209 21656471 662087696 244781296 583109375 234126751 90622958 285883893 315447457 7438975 645842658 41048782 423823070 7852590 635433864 374826160 664761406 358936337 269654924 285067878 697489207 623319521 551692740 866340698 890684917 811566174 427174648 532872713 480093457 329800212 663371268 818763034 835149350 933212187 313266330 194104696 680938808 232649253 805093658 812293180 946063476 176341019 380536832 82134841 515104509 335539939 776943076 449703589 434008754 9389357 807577168 9385543 76565060 599430804 168468020 401565336 953149903 247750487 558828348 383010584 225580057 149383882 824562966 836189433 716112908 178191124 431040932 928735695 552276988 354152163 381984439 22461164 528034971 881753000 163467059 927649194 971140759 780210708 621542121 791620621 979922018 796082931 20941506 593739242 714687736 515067235 596721360 932455848 483409081 211808374 24392928 866575500 429498151 614904066 801958798 339788476 351456111 305284018 776539500 979528257 564002663 715684285 286663848 88688219 275104301 666766010 816103649 855738458 108904062 554239052 710093237 152564187 333808406 419032484 541977803 199630001 360191405 718697694 505464772 548680134 339680416 665854637 43174863 100226012 738225811 158756968 893661696 857201940 945494786 180178213 129012139 387318111 591716432 692363995 614469476 860320563 136137936 400575383 592651786 710152356 934423091 861872017 519740121 276652533 632359417 824317531 418446103 55782066 831209929 149816125 40600736 932355584 768704364 936276832 530812126 185484438 998242948 609788914 250107258 837345334 621807112 514272540 26432291 236506264 622503870 604995519 354883024 341859323 182649259 103329817 510609398 313800424 755876070 89114748 741326154 134756834 878879962 859570131 640870427 700625131 262269961 604773957 670257634 593509850 73376619 160259082 129474949 92691547 944908331 531111711 659181785 136408785 40647228 993529189 424444368 230793199 200572463 439494916 542272836 792652713 822732516 321315095 115019738 175768211 939375475 811150898 38118770 644958799 36060950 339191988 424499437 90068161 162214144 125251737 600250372 480108874 584167740 984198860 980200975 654907075 459231118 336712320 417322908 249083397 18443317 825340848 854592428 461586352 431863895 781855534 227249021 813156010 272069303 967360042 958855928 63374247 87758249 596429421 959969511 750632045 636037781 905078643 304983220 753342362 276051194 193470710 122260609 975103366 198641442 973747924 9729704 767970823 625985389 128863075 558341080 733971068 490449776 473946471 904915825 897644457 676677361 970213348 19971046 696657086 79135143 118001210 980979856 607569139 73665893 213080756 19215560 896199621 953827324 932807753 81924016 200305676 258355186 739419632 823591723 466663420 26931413 755233917 14249047 892548509 707531031 901720857 670865714 129462214 337300457 67244545 637345606 280676845 274199662 239532336 923021640 627086871 613215277 58087731 41485601 939726066 325037932 224340369 737412607 113731059 569309399 711896622 704806320 727308440 733901208 167272630 679282809 886824470 271837477 676696412 684252271 88736897 261681473 538760408 884555035 845890059 490167588 381887884 103852521 91084715 168461329 614906573 64946907 86054176 65149235 970131925 35247048 265048863 882480836 592995881 768873232 455760192 590270678 746859463 515997799 219932652 567896417 97969201
