1000 5000 5
66 811 852114857
973 653 542092654
86 60 794907058
139 357 477800825
541 849 864419687
956 423 621512227
959 615 881731300
633 513 752682085
427 994 373207471
191 141 439777181
194 183 821141229
678 584 963690220
270 57 841170116
456 228 53460238
20 555 677036665
18 16 547727840
369 233 156244359
66 451 435215122
962 588 350331325
608 31 206220548
765 587 436059133
924 741 16224359
660 345 304089153
263 969 765073354
637 745 983766822
777 195 193003243
126 670 624795337
940 475 466468220
310 814 157444331
238 204 48935965
874 615 788125070
731 857 678216678
875 485 744321413
59 52 58269023
405 792 793343830
922 23 869592611
811 456 756508492
302 594 802029968
781 460 387272327
52 578 25266662
247 565 17054112
404 225 146155403
520 766 209008373
748 451 264288867
940 287 552181504
373 342 547462911
569 175 456104971
975 771 788981075
856 761 96760958
904 465 586157380
116 932 33017453
573 409 218593814
923 935 976854895
323 62 832436103
178 778 742093048
138 857 685066799
573 199 82225456
105 141 520783765
627 243 340190
293 764 159688481
435 879 355752957
434 609 742280571
853 641 474502616
477 27 69950045
105 379 88660581
961 958 284026607
407 175 873517558
627 143 248025709
664 400 534117204
241 812 603870242
455 283 880802436
759 473 926272950
534 556 58219010
391 121 326492856
288 482 793210482
394 171 585470751
345 497 879488830
672 322 793000839
803 725 107249073
957 625 735904244
325 287 967574244
752 375 819396071
829 387 53114425
580 261 374684787
369 94 501079936
238 813 274186984
501 878 302267348
652 392 857930388
746 224 707212920
990 270 585495700
410 97 253553738
295 814 247949591
324 181 210578157
909 355 194213602
971 600 564507460
154 577 293791810
596 223 285535949
871 12 203757436
149 889 907409643
205 301 351091834
259 377 831237736
493 22 625366631
752 72 949927270
373 263 627874240
970 640 275299129
854 40 132744210
335 260 642783206
581 812 467712886
253 79 242234829
461 703 627698177
871 459 713831102
740 217 628101824
327 831 720345426
645 486 308893213
155 917 178991434
137 899 736546676
749 351 29869068
618 385 501410843
811 238 682842076
567 453 285018840
709 481 534378068
229 172 311702373
372 258 442352429
654 673 976332323
379 440 356660237
562 245 86427960
102 914 166821929
334 151 925561437
824 795 754518393
433 789 361089189
768 76 892428073
380 462 596241328
555 160 490451579
570 616 58474380
870 346 89680537
910 485 749739419
219 957 14408748
43 19 238596151
881 43 844355634
127 875 117416009
772 813 712962231
746 483 790871592
154 564 177307087
799 467 547566499
966 80 292059570
763 269 346778094
306 286 841584652
13 333 745854937
588 445 253299451
591 199 82044649
755 840 157196228
821 964 416340613
24 925 434032588
604 945 965765250
910 803 938274288
327 869 160105611
27 519 190031468
161 126 610591252
757 708 879203520
307 775 735818849
1000 34 984283987
410 337 541438304
160 487 806771316
42 402 833423930
326 74 56712784
56 484 217803657
934 814 82214785
306 619 793692167
131 654 925041178
509 137 223311808
62 291 924265642
872 6 784243194
518 742 320602942
699 271 824896461
274 702 261700509
410 588 60249676
688 855 623845058
565 983 305902170
888 817 782704685
969 962 363112320
991 2 487275418
754 774 929883398
136 164 694724547
504 509 383571330
6 504 425641702
252 823 258893493
20 532 819748915
416 404 685800820
192 950 174747891
561 74 841232963
7 2 603327459
738 338 901379951
150 624 766709927
485 289 87908541
863 339 825795782
552 365 541600836
782 916 761095950
170 405 401567387
778 531 873367564
473 593 978862175
535 587 177294427
601 69 334039432
953 390 927362958
579 996 948423912
568 847 190663933
457 25 413384278
208 701 849024751
544 18 375634053
579 256 582476071
132 273 780570207
530 242 284793749
376 192 672232791
16 171 112910170
997 712 889378572
435 325 174496833
747 624 736866467
764 669 621417432
470 565 10801878
812 236 411234353
719 813 816843642
748 240 915670154
397 257 378118221
40 186 52585145
423 382 609303556
328 164 623477228
847 138 214189282
599 308 92031093
824 403 925499661
632 475 909600691
97 731 681544145
307 163 878102752
964 211 648784486
753 305 841362919
493 471 765169245
747 559 845137945
655 247 608680566
147 131 998951722
536 67 592813878
220 90 627961615
267 25 137087724
269 828 902400723
621 961 166241638
400 347 397577327
13 993 151923570
36 22 171278842
608 809 69419232
151 28 136855873
390 837 28871972
709 289 578353665
553 10 906426239
707 521 680372616
803 293 318049116
384 225 487845777
119 883 254410206
801 526 659042568
948 154 859503650
860 618 854294186
432 725 956897410
888 820 689873384
573 866 909239631
589 130 232175306
649 86 245779343
602 653 57946719
545 716 968075268
292 601 288097922
923 557 932248389
282 238 847800455
993 528 881084210
8 7 590219867
711 139 583401896
239 685 148527222
18 110 311935459
194 35 513066966
70 762 337298130
676 400 990665109
738 239 996589284
429 849 587158002
897 997 910293506
998 823 914609004
731 720 78616904
459 426 794172011
252 551 354322973
876 265 677671451
444 417 356537970
433 417 177639056
342 436 789389399
578 749 75158318
627 445 480686920
779 273 113766197
11 853 63144845
530 39 832342863
910 989 865100206
685 24 263581395
155 198 765967309
462 285 857251407
904 550 1233149
637 385 532034216
646 268 778389074
946 561 471768806
314 17 265432600
728 75 166489299
600 35 597181912
680 439 771752482
478 974 316870965
19 534 664310161
308 247 785880272
200 644 898405275
798 313 162828325
454 730 859734099
124 394 650317255
122 838 350543285
661 251 995249386
662 794 279487649
39 933 760959348
178 497 643884687
363 348 276111943
215 22 897869889
368 788 79328116
669 982 46552309
141 30 397401012
990 103 371008485
613 230 849242549
753 190 832751007
355 99 449290870
548 666 797971970
468 748 920578267
962 686 357993697
777 130 662582737
949 310 813085587
105 379 987122883
109 44 249429775
576 167 907990314
666 522 155208607
381 142 670488544
861 531 519759271
517 448 975836136
579 36 410121381
381 865 388718904
300 980 478178955
187 324 405270949
944 486 409605388
45 214 169944276
253 914 456347575
533 40 814465860
351 234 418990357
571 572 688630745
272 852 639961965
258 128 407532222
12 846 243443909
513 334 47898567
135 163 730471098
844 467 141084106
828 756 267383919
424 751 456454486
936 70 546443654
952 563 353425516
27 2 231958362
266 7 575961165
495 334 291887872
758 757 288594793
326 89 710960092
742 748 977776321
524 314 109463930
840 176 130401860
815 738 84911857
721 532 922140330
86 121 751269322
107 590 827786913
805 954 762886365
442 128 520087241
832 218 409710120
778 113 93173557
693 264 832860985
757 573 613751604
697 782 289870799
600 304 211717043
504 655 397438532
625 474 265080175
904 799 451981163
492 561 689911827
50 504 976163439
437 289 467204494
184 320 662525875
953 517 34389479
307 297 745045512
736 334 647452739
470 182 300669692
992 261 69212410
203 205 84988526
189 157 244822962
697 252 402799149
143 61 255787390
611 29 802276442
335 98 118070931
317 439 759748642
497 766 212186419
3 2 66513281
457 258 926727846
405 627 315911678
130 372 688191018
469 555 806918744
46 347 695552056
733 644 837014546
266 934 541269105
462 175 381330012
4 599 750751331
845 207 851270912
163 738 41556640
123 588 447947361
299 725 369847100
316 52 774076706
681 501 219637100
692 675 428418140
765 491 452668923
463 65 613739481
351 237 342021100
13 5 582279010
454 728 741009238
354 148 98810261
975 742 470387238
746 225 509339636
249 615 278539063
573 181 295191244
17 507 40870318
333 879 452832689
738 871 77884061
821 196 850828404
57 89 664390123
800 54 975263315
701 119 249941076
591 385 357470786
577 241 96347589
162 418 133703972
754 824 579229701
528 14 191633651
948 638 251218087
259 178 410137842
865 675 390407776
928 934 979137606
886 638 155206693
646 210 247092598
907 416 614225490
741 903 953771059
360 608 667780929
387 291 712385963
313 273 645578684
340 159 199733842
114 838 833868817
50 798 305690116
866 711 11648675
53 981 632706123
897 643 414222469
150 772 865139900
807 266 986677482
268 58 116515506
169 49 159680314
970 77 881019868
189 220 567354677
914 639 932876079
463 314 600712204
444 265 390968659
780 162 621370085
325 263 900005169
540 880 417758162
150 102 933910604
487 4 22477297
918 87 749209297
732 179 911922958
1 300 687794853
986 494 921414681
566 611 259865162
241 727 17396931
682 287 119796257
615 336 895882970
27 506 243070141
500 635 782460024
771 865 570147441
183 107 912626634
243 276 258452079
846 398 456506330
129 563 947439310
209 8 975130618
704 887 152537001
48 688 972040701
745 351 315349153
403 225 625290160
558 115 509971346
615 521 235866121
274 159 303100058
67 519 984160886
271 854 667161485
520 370 131589589
994 345 503244377
934 155 367482175
844 104 68952455
858 322 641697991
763 223 140612421
807 6 907169090
697 863 848785749
877 782 706322085
584 999 930813046
545 206 40363234
950 828 951672029
914 821 965521707
144 49 513957499
475 731 494293531
122 816 497317772
902 405 187421753
482 135 926163147
248 871 402169500
828 258 131402074
181 800 522753391
258 252 74076397
146 141 858828626
697 216 719086620
691 528 464636443
450 876 927449932
878 248 551061196
888 883 179413923
467 373 211443954
781 644 196065677
173 116 361689473
220 458 730007862
1000 775 64255898
778 244 347779892
664 407 466417744
410 955 266862272
228 734 357251709
762 256 699275209
704 14 253445870
91 83 87615868
259 303 316465670
265 129 47549543
167 97 395657042
995 921 397700265
815 186 390872765
37 78 869778036
282 277 327190479
737 428 44888496
636 321 719219005
605 331 846397569
932 761 808316632
740 266 644819394
81 540 306000723
315 828 465848775
315 948 391197824
391 934 194578343
724 416 316022323
229 214 492461626
334 899 445548700
451 134 864470705
521 602 278550814
723 416 946338757
717 18 362239328
607 665 320115863
436 555 122884098
396 339 937584255
568 731 992373810
235 155 557818154
593 672 874947487
22 35 294829089
620 976 660057768
312 212 777888780
63 190 414866360
962 154 689897194
763 341 480880578
223 89 849456052
245 96 476460734
667 589 592743753
144 863 134914799
842 615 73488630
396 292 353083291
218 876 615682519
193 847 444663153
313 244 340575719
864 171 437823693
587 421 74402483
76 637 13745297
328 256 285880289
395 819 11811942
405 203 551621651
288 216 470761335
515 517 390938257
845 655 812003440
425 55 186644950
444 880 538550312
103 201 386073914
747 123 869211944
973 93 81208944
395 815 358757379
288 280 903636347
258 996 185669277
663 432 757005364
989 13 186555241
759 718 853261297
649 752 718360239
39 695 4600472
870 59 726313803
862 460 912754481
567 323 800108872
608 754 598949443
416 438 971789266
667 277 645678128
620 150 228687068
603 934 406885980
749 31 336007487
191 59 448369800
921 951 845904904
902 558 940354431
122 391 724559146
540 83 478880155
155 483 542357700
448 455 11935740
924 495 77289508
306 631 894054903
408 170 668140577
289 790 157865326
293 734 817580091
221 981 143486890
522 679 315066888
254 91 624366800
362 312 996211655
821 663 116937705
557 810 849281771
639 498 152321552
278 240 384888708
535 47 695917409
948 908 197245836
814 538 891368897
140 98 908948150
474 986 361370273
313 386 561231007
758 240 453736206
730 299 99776692
987 454 593512294
720 149 14996984
741 473 268102593
646 876 834976334
456 117 479423486
242 520 842207140
9 6 84871807
970 506 42728703
321 117 175781904
60 607 442293374
820 640 905723531
546 709 83663980
259 560 829656939
590 334 44706594
512 896 828039884
559 447 26411090
97 110 431097707
197 865 760934318
49 31 158615645
155 794 67195629
65 213 280571544
491 28 836840248
912 465 331538303
384 449 955434599
46 651 856594393
160 306 453391784
685 474 294074119
176 413 464391291
670 360 276017811
291 203 144025940
429 161 452726335
935 486 267567717
803 590 650973618
502 477 934408261
119 752 372742989
867 372 314843230
750 924 915573546
872 970 926365344
634 439 853127038
302 548 80837708
449 129 512240135
47 517 44183345
85 155 91108070
543 807 165621889
872 827 877353688
165 568 63263820
156 540 359777148
292 31 240059826
795 934 129515276
248 415 503209586
564 433 368616076
360 433 193509762
509 406 222133169
982 768 21625736
158 42 899973485
349 710 151644397
909 476 91913504
155 415 709978216
483 135 72704211
297 906 108000050
380 18 147052719
696 81 81536815
173 291 313065328
698 123 880389152
201 937 116051409
735 520 716285759
618 495 825156427
442 624 86047780
948 170 422061087
538 517 105324357
645 461 56102044
334 710 321477054
160 493 706600834
686 571 505204008
356 926 593561074
561 1 907398503
909 648 886719434
662 404 279396003
652 67 257864070
202 50 181540806
226 190 459525417
332 569 819909174
388 769 25710562
810 994 234632657
396 332 687027582
271 581 862772198
374 210 524539236
256 393 15893114
780 227 816287710
697 143 120531185
849 650 340051886
823 879 88156715
292 710 679802297
285 62 888902439
327 47 961381829
350 713 168266729
970 628 508794054
665 658 30720543
689 148 631344757
417 375 11881141
118 169 924365708
437 271 298353476
287 87 121219343
361 712 882724180
86 212 361294721
699 916 519239393
438 428 656914068
720 470 107352811
508 405 135927925
89 327 134351853
521 232 372248200
589 935 657068873
245 544 782876279
938 87 524027014
179 321 25937677
441 211 513762321
310 590 186433278
525 901 9856127
297 807 563952899
262 617 768344641
801 775 183936633
971 248 225332770
676 305 18844239
446 437 602458973
178 138 761193208
211 513 401230916
674 328 538621547
619 187 702612907
635 927 434273493
625 364 875620902
750 687 641656195
87 506 123692263
14 123 637533731
613 685 468588604
301 489 158457261
717 159 834708467
299 935 901865506
894 604 166129157
934 890 115509240
459 63 140258355
709 41 979883412
446 722 418178672
181 677 414452130
909 991 280835676
522 383 784993087
442 764 865253344
323 626 400502824
672 866 351141944
170 292 153559440
926 959 756140276
334 156 725296756
818 473 301816379
293 651 724086038
594 241 676857055
274 685 271645723
384 645 888059112
426 912 989440154
430 643 782923677
62 297 582202566
232 267 203837214
629 887 478121340
465 622 897887168
45 422 584507250
342 44 145728581
644 258 231695252
348 221 182568525
182 8 434014466
297 529 465033161
59 880 516036200
741 779 360215784
970 718 281405859
568 339 438472829
683 876 445705050
850 767 939720761
895 798 921293592
755 52 59427480
501 450 490234481
244 31 572153117
963 477 292816450
83 46 364128032
323 945 202940484
776 61 332747663
93 55 743505974
405 743 915056475
843 199 256410025
12 951 304415771
880 917 877885451
573 668 661670019
624 615 908483717
432 17 169472218
284 404 785213978
264 951 795078835
616 478 596947842
330 631 145459353
975 639 485913754
174 446 36879236
25 12 186352573
107 105 126307134
894 644 295278584
685 105 521030817
82 257 694166443
779 310 638540831
572 38 2573929
612 601 939698494
110 451 835086658
101 283 856766499
325 969 534749191
310 69 76926318
967 249 726158237
390 58 364672388
42 189 763708994
98 338 342757979
122 855 228736079
266 895 34114480
597 81 270729777
136 93 945329746
135 926 435432383
457 538 28101036
907 67 590769799
617 594 993285718
136 411 268058570
514 112 368877722
470 480 748094352
937 466 424577598
17 167 675474974
904 93 403680559
902 783 723973184
670 304 551193203
833 511 545185524
389 560 508062232
107 661 470093735
899 762 530749281
811 88 859124312
430 375 876898767
481 912 843666129
622 998 201183297
838 451 117806965
242 893 280362758
934 225 32300185
859 669 287052214
853 745 569647095
331 127 604629995
372 162 396825281
200 710 424468798
679 298 982597321
567 10 679702841
343 554 995725702
392 789 205119874
385 947 788725303
938 483 645948918
84 928 187307299
638 187 618545917
569 264 790656648
9 453 446206089
715 987 334449910
504 341 80045785
641 939 47580178
18 542 227222674
452 642 228527978
439 10 52556384
645 120 611160854
462 662 916717413
850 480 579222999
325 937 366192685
270 688 847523443
132 893 814770276
99 486 412190573
668 190 40191665
914 65 913359978
200 805 350054778
927 762 568562451
377 586 899194949
344 70 122219362
819 89 952071964
164 146 285113757
651 700 457206691
23 961 686928438
917 485 345076270
228 215 692623335
437 196 235764446
57 274 545738758
681 305 843950490
22 16 867796336
773 476 632626542
594 937 270742427
763 800 685707821
789 496 113780988
179 739 208898655
436 451 546964766
722 295 540432756
734 471 579547403
104 215 384047571
976 96 226630541
150 589 158006479
735 377 419144868
515 662 413060241
204 320 353118304
840 819 250159451
198 801 14991451
121 7 562685913
122 39 733816870
902 694 679805122
987 553 462063502
668 891 637185366
394 18 975523061
693 856 516774652
52 35 359155480
871 746 407830374
20 179 646832992
687 312 255538141
348 759 158964737
956 8 442243182
418 586 923695535
931 966 314746112
611 69 629465047
708 451 617569330
935 915 38628076
729 477 705055586
713 598 91795281
184 382 613384222
663 3 199510007
690 638 588808135
823 852 492079108
283 647 713815060
543 538 122023977
386 965 469631302
210 96 544481544
211 57 305870717
880 574 831170038
850 260 489998639
151 995 717127398
67 998 113863655
292 442 382571673
755 429 324402303
833 63 173997260
239 60 62772381
294 275 238587371
958 973 582982276
444 675 701014171
992 458 236030680
162 4 606893010
319 537 277994094
269 189 627943333
154 275 336018298
345 239 859430548
88 52 555975236
206 151 460422365
189 724 396979447
766 628 239152934
511 92 414450482
247 601 743157648
460 33 587442598
783 157 571010221
921 482 700497895
870 682 439350705
241 443 312990908
172 134 605734604
6 2 538026448
249 438 616073865
191 873 286438126
544 432 744690106
583 407 741944971
240 194 402265825
859 378 759865557
891 444 321841248
76 59 264602570
110 960 238930223
866 240 451034583
889 69 15104719
360 232 120202967
892 201 955072369
661 383 578420990
233 413 65712717
440 544 622229561
547 689 738723477
586 841 464259061
550 782 850006499
753 648 621107362
495 441 502759329
539 955 565422344
357 848 905100722
565 335 780378899
332 66 658289188
336 405 76607944
967 738 47558767
873 22 362214990
736 680 379206896
167 233 505395045
332 151 451249506
669 348 170288575
618 593 283676082
326 117 747161930
276 569 343455984
141 134 82654966
118 450 387514682
74 139 866511559
225 103 499027088
15 998 791106547
238 919 396622203
537 519 829140165
519 412 704894406
261 59 174425589
756 237 217353698
258 990 882737989
414 915 437608927
144 24 471816459
659 792 945448010
217 63 160437109
391 691 477244815
291 491 417665502
432 876 536459164
765 318 695181172
551 33 299402705
849 517 137623357
388 468 74462933
207 660 69189320
578 249 682280727
514 247 263325080
850 787 935903634
959 326 894317571
944 49 630779787
907 924 180932222
447 168 181046389
585 184 292584963
586 134 209180071
759 882 520362098
528 935 208463718
365 307 446400589
41 97 232449150
434 974 904495229
879 10 757242060
48 416 508741655
608 60 955167237
44 2 394193415
82 414 460709208
115 763 277378630
692 5 6116078
691 225 911667317
239 676 978189401
286 121 623712736
448 715 623901958
288 514 707122250
549 247 822965930
866 585 872536773
412 245 843823702
445 882 783788074
845 36 368351631
747 892 42996715
216 155 258410873
564 632 465868364
75 594 302140735
630 489 971269842
426 948 28736268
982 657 821063959
667 391 294641252
629 279 625640049
980 179 638719142
869 578 758449726
911 968 126178320
307 486 663083392
681 968 270788441
229 794 295603350
383 413 304677545
653 316 477399571
716 227 904898624
83 854 717975154
657 963 894024426
132 125 585167079
259 383 905287009
836 468 413743290
752 223 645422201
475 272 698546668
751 79 846825754
755 159 928295404
628 865 202520027
349 757 380779383
512 137 149570121
746 278 393405165
580 92 156809901
163 417 956460257
652 586 10273686
439 833 963320062
330 876 141559574
920 469 178847467
387 811 141844879
773 931 637201872
78 543 64705160
91 763 678010142
827 688 579497455
162 544 897234358
459 58 924694760
170 833 804724208
180 73 735607852
83 740 737785361
835 973 329488273
744 101 230296246
978 769 420198698
719 664 363695425
856 980 860717978
627 896 550395390
786 134 463681868
381 400 536772713
751 278 228426594
178 55 419105350
938 185 806496895
438 633 990169285
367 79 348187841
889 12 344641743
991 654 359501412
304 35 411331340
962 399 465512625
935 39 658936848
7 838 915939630
747 7 725796440
370 891 147993699
835 173 381728545
387 132 532692963
673 487 146655669
473 37 782395784
251 879 963198975
648 876 855241007
421 171 456077173
674 436 213123979
947 728 743966260
69 15 580053613
510 214 189947987
418 797 367902949
699 70 556803312
603 845 316024900
118 477 406029322
830 514 431643847
419 687 515591389
817 320 914153205
833 27 461144641
857 497 449507760
417 477 629420969
345 862 647573208
998 392 652627617
494 745 564428749
422 963 375703702
279 52 833085039
914 64 652847088
673 767 861694057
586 125 269619205
28 350 533498480
516 167 997232119
35 11 892449180
207 8 944338998
891 710 958232152
410 586 871287412
448 148 258735459
603 378 585546637
48 980 8789308
638 780 85141156
68 814 486775946
370 254 915699035
676 759 319078355
195 72 492833494
430 23 895949787
458 388 91472073
23 732 341619600
354 549 299328227
200 500 67357632
313 350 497469573
243 70 316815588
984 312 31365923
250 340 327458712
416 119 88090618
120 591 332815516
244 795 244471166
17 13 491131124
605 418 786750992
571 18 39049448
487 579 255366449
998 445 23944956
149 549 532545720
929 46 257299345
606 568 642693414
16 479 412350345
905 627 808528317
936 487 202582583
952 520 429689385
62 6 511393077
183 38 296379876
52 868 902778910
678 562 609558492
477 26 879703865
88 845 239415418
732 19 289592572
288 948 821966728
582 477 957330430
78 519 465987981
408 789 352068441
717 628 969983283
822 440 652542464
488 451 476422581
965 583 103744381
186 392 505410674
934 41 774805187
778 974 343252923
15 187 323681244
885 666 437242155
406 731 31862798
316 798 36869273
129 79 572689787
384 428 72976428
797 296 942172167
307 98 939419778
304 421 585404569
312 230 477746874
915 4 114329743
887 158 880205236
798 930 525529794
504 211 765067283
322 836 664208011
918 984 428076123
444 865 583460714
504 557 115759903
420 780 592625290
6 228 272228332
301 138 730775469
535 29 421336597
58 9 580338018
587 669 355900202
541 37 164239963
827 133 631542246
102 64 505059000
999 693 455517603
546 748 174854805
85 226 799265640
77 23 296752945
546 198 667871219
256 205 472366645
255 686 331131105
353 535 669235115
892 726 763798449
414 991 200970006
943 997 973904627
502 992 79952682
899 623 42411549
364 230 44242202
60 71 966068705
488 865 392755881
968 635 196222849
965 968 757027130
456 148 294645506
24 47 892046304
353 640 630345311
232 650 239192878
357 722 820939999
963 133 105814969
320 18 664711090
47 16 182148191
907 262 406355206
653 182 219038643
462 144 563530490
661 263 8807588
601 906 464591536
66 251 677320744
702 863 416140800
270 767 405822650
67 68 141601856
299 84 252365667
897 674 708002503
990 109 945860911
615 895 778813650
15 223 681231163
298 966 764946094
859 276 4924932
210 147 663188249
307 263 768860735
524 87 241504095
334 833 744169271
523 613 546234746
953 372 980816374
413 224 986790485
990 90 648501239
909 73 11648741
524 585 65406648
704 325 472184533
725 297 906396032
332 543 200886729
758 487 990159440
571 2 297118198
564 683 823678428
772 767 607776810
389 87 465554818
522 267 581098597
328 682 6607197
501 442 392444882
677 812 377427966
87 998 48342461
411 261 555285620
918 865 453296672
81 936 787704390
134 282 305907467
914 631 727464395
33 493 824941571
526 265 210603585
536 429 632925063
150 128 398323448
348 567 18615290
152 847 960133436
588 282 766518767
653 476 38860211
602 810 703664494
785 459 653250471
308 15 160113539
319 101 346171075
658 133 420512316
304 686 915546283
169 53 122217212
787 570 929725047
27 814 252403580
472 957 351908948
1000 798 167969142
371 66 336419465
150 71 489943709
963 348 352535805
671 310 169799429
802 326 990535699
23 714 897302589
389 753 734170398
730 622 501415608
418 12 784523745
536 584 67509232
304 670 53553818
157 38 992307964
292 930 515453879
828 432 780824483
703 656 693081020
393 241 159727843
710 364 424277450
796 401 96093928
938 535 684444107
164 33 482131268
268 631 895618245
251 613 62336846
913 748 202841290
146 531 185012514
148 319 378566177
380 79 642394222
318 372 652025909
537 196 717302055
174 861 691281028
503 277 233031668
878 566 913540944
32 22 406776888
913 169 602553617
255 78 496843281
442 369 683304460
609 558 567049679
798 500 375671773
966 194 66105791
578 288 877705650
641 53 867668458
301 146 648891793
723 537 859978428
221 38 178835028
250 328 623979361
150 411 444412314
999 8 19940131
388 966 16073071
826 798 97009227
799 450 221448553
831 497 188877843
411 172 825151911
193 106 842617734
67 13 642150880
912 211 585455700
205 695 127761434
422 132 326166805
703 594 713338143
143 347 599520636
692 441 616272259
358 218 950515102
429 768 575101509
610 897 876118768
377 354 66149273
873 631 13223151
920 513 377202547
604 423 455852500
194 80 622449344
639 367 313221070
203 500 635170942
154 513 580669213
900 650 621660865
559 523 961935946
250 764 571042873
389 984 230678603
445 582 800993366
874 728 58406208
414 304 545484166
593 399 915536940
162 957 718930961
199 302 350060241
743 1 737416638
830 202 445732740
414 62 518756297
24 746 225330642
285 358 639013436
6 608 638148384
865 824 24398633
781 712 928158230
406 803 22932456
684 269 350190187
73 10 811444668
64 27 334449866
529 794 35192622
87 204 78636270
539 977 142947347
755 389 791187419
876 476 233060986
117 460 201882539
992 906 257288183
690 117 855289712
35 457 969967122
517 942 282462893
640 48 514988196
31 14 549546513
712 870 656917389
241 202 373101810
114 673 653181277
163 693 185557708
464 131 920636167
317 787 870885355
351 355 6608050
232 268 629960070
749 725 196517251
981 574 400600717
214 225 20031933
33 95 132144452
948 936 828361050
33 47 530834799
438 685 546052033
916 432 173012469
956 153 621128708
239 66 730560066
468 823 718876520
151 83 378088997
721 550 543174128
458 889 72859986
458 67 190803424
783 354 113791269
763 295 471454198
103 729 280390423
873 757 636893536
43 62 961576526
489 155 321683778
876 243 315199181
137 24 170322236
472 35 954764407
359 840 924878555
244 644 600910918
747 467 749628627
283 640 785990892
896 89 857752369
537 877 59944603
223 872 56240002
42 431 194823357
741 609 729566763
649 59 753044114
43 678 526139242
386 980 225662280
729 586 701123667
610 230 662369260
539 3 873423669
144 924 834622328
538 708 321676835
927 261 120129147
441 979 375135825
595 120 303806750
88 106 424885494
191 306 852641921
396 197 762176024
251 546 117650974
148 870 824768337
703 439 555117159
686 68 831416178
71 880 307684131
651 283 218435996
805 865 946089223
6 954 592448430
500 155 646021654
310 169 372085320
319 830 783501679
947 415 507023344
804 554 376219845
382 168 722139402
511 272 350639014
938 249 821275851
559 336 118017028
464 211 77105292
436 186 498823660
95 6 551250926
906 336 749277100
858 840 371039981
944 653 634649269
9 122 686510338
366 827 472303901
471 678 539265256
38 685 714574775
112 378 724953996
634 449 355361156
882 688 772711371
249 145 430578241
470 52 635700362
846 752 299601765
989 789 299572016
840 330 726692100
977 729 515441895
505 678 808305122
57 781 685907947
894 302 502023890
215 683 747890848
75 16 733572698
385 480 901193165
496 825 742419751
442 376 287222156
379 280 226485429
866 234 703387418
457 192 900070978
511 894 213333865
160 23 191677804
168 801 123342984
117 852 608159034
368 233 9432007
751 147 494233654
986 804 549837269
117 107 157087612
579 196 567231601
493 839 469800179
660 435 735373881
978 782 163104377
379 19 306264462
539 430 946292663
541 176 975384911
772 510 440576016
438 149 830661348
582 120 592366850
439 483 223054304
123 863 733857667
808 148 155266581
597 492 679968484
559 508 275078411
484 135 40858932
283 50 835430697
869 837 880443461
869 128 146530177
131 183 689928220
412 228 854853163
102 672 896844706
517 778 260989274
377 275 51960294
414 708 78755742
249 495 155183050
319 57 307481526
973 616 178975667
891 282 530655377
179 335 31195806
446 597 832486289
882 760 269118276
273 222 827960388
973 756 130438031
768 262 262008193
572 109 18233355
356 558 50888928
660 165 133021683
5 4 136437249
582 125 811106651
126 630 191404310
926 522 174219669
242 181 466881856
621 528 320571573
622 74 401988803
423 555 125375337
5 505 602753614
990 792 935578645
904 936 958927261
907 396 237100277
388 736 961582489
941 144 248576838
752 158 607986995
653 373 205025629
654 281 229139078
231 62 555793356
610 687 200079159
626 116 204269788
411 747 173529992
460 49 48689026
809 260 307331609
833 340 85852397
156 52 413819015
885 801 487971767
26 343 257316917
78 547 892666134
816 370 395193722
747 527 74655780
176 631 361565823
940 411 966744270
80 284 314096893
33 16 812493249
1000 629 444024115
754 549 720437696
66 14 676162724
970 784 406532627
495 296 646928307
671 814 260613765
212 126 652783792
114 621 948269001
874 901 240877399
192 516 118974416
327 56 292329946
420 393 821822320
81 47 950378660
671 12 735261362
486 94 177953257
794 437 141245879
898 996 179876298
350 147 698036527
553 337 996183427
729 26 756406590
302 47 918660738
742 691 894518674
34 2 551899918
743 300 925416917
301 243 384340168
608 789 674124386
780 413 115383308
453 665 640149011
166 856 505558977
652 455 948157413
479 188 981480401
604 66 371706718
120 328 960853868
826 46 889745250
371 698 153799193
98 31 114515959
837 502 224148645
490 587 726151659
454 346 82914717
953 541 199462593
826 883 71122723
212 872 882510265
401 379 561698224
20 240 678920191
579 208 673158562
836 276 268964332
116 54 697984526
26 142 263540436
445 47 686439112
820 896 104106838
280 660 792495747
745 966 519482530
88 83 751483036
515 12 794069386
3 250 767475630
135 122 696463017
461 357 785128810
573 709 948317146
766 535 972438858
8 626 108742126
876 835 334112126
70 673 269007048
906 984 631244984
595 330 579420471
814 569 716100814
22 738 198008310
266 78 807128029
69 691 960845856
967 360 919485069
631 64 431582952
62 486 682180159
486 893 645997884
388 61 241332309
935 208 754421865
801 831 241538308
295 119 151993429
308 919 495228483
139 309 392618027
823 436 55497316
983 233 498596046
685 371 548631591
78 41 553016804
448 749 470530170
837 574 717867666
998 484 961651899
400 60 962080229
120 349 464199466
473 767 59207707
670 556 476984536
949 91 73998923
973 841 282999051
969 931 294651985
829 267 146909882
635 503 658038082
584 265 631082395
507 927 911053067
634 699 7646421
111 844 173359042
373 953 533298364
449 747 862521262
879 664 274098795
284 333 514457031
441 473 638103770
970 329 380564441
367 140 817087768
895 837 811337329
963 584 489054674
157 405 88263444
84 898 176365939
934 382 673360892
911 654 346191640
485 395 278254337
732 188 534663699
339 279 160701837
735 916 142323517
235 670 66395483
632 87 983487649
595 601 788054876
526 632 740212590
338 662 407888720
667 545 331869696
92 779 676159016
992 500 150487826
138 243 334865766
763 144 916491656
43 19 246342925
111 35 588390041
591 131 568541861
241 25 594177032
920 798 48711268
224 496 701412804
496 299 404471472
751 440 293450130
444 60 92759432
535 759 65159223
851 452 945488233
51 29 427642538
533 405 926234145
843 285 595681722
435 939 838636619
598 956 803913636
412 569 802422293
215 67 303892584
333 201 519485226
350 489 133169619
443 961 457186466
140 370 950103538
616 540 49036236
999 393 879239023
812 996 489596894
952 577 20425888
530 226 666523089
837 401 820524201
838 431 601833457
74 968 214789633
622 564 29319443
226 971 213184983
215 810 181291611
560 2 544249732
550 528 695711527
105 184 907403148
535 752 56483664
288 585 541258817
890 296 460335071
904 952 713100300
293 62 514447939
211 778 266695039
778 562 709464659
115 371 99900300
440 127 421957484
828 164 373978258
750 915 967780044
395 548 730203522
327 625 430130553
296 936 639530341
348 8 548230961
897 190 632196898
423 442 476778234
276 632 723946513
248 116 527181187
411 758 954885917
826 387 29486590
394 661 687500534
88 171 932750920
898 500 675973029
884 749 582232127
720 189 815155541
63 59 337880465
305 318 529802391
484 989 143255209
665 716 730927466
189 246 882327499
808 679 930670135
250 598 484208552
816 473 807264307
425 764 401155069
260 214 359166215
251 371 338490695
966 341 728660320
64 977 145893551
496 174 193822628
488 983 415851029
875 116 501807665
734 381 410786524
332 329 102821306
15 105 214693164
327 674 312414679
465 346 684956783
93 18 299684085
462 321 786840965
599 899 65098106
971 66 419455738
611 236 858428435
804 262 343437133
936 337 848827584
791 380 689267005
100 78 900701603
227 722 74313188
732 738 759315825
191 666 609231021
128 47 891879584
950 764 700370746
481 265 325635535
666 155 394100015
73 437 375675367
453 795 40838893
90 677 218836466
197 904 285736527
538 405 637511577
786 781 536229224
266 950 850554610
466 875 538347897
744 656 53763548
219 122 455791037
645 999 813395337
170 136 305896367
836 729 463507854
23 222 167640885
371 449 181888937
732 428 706325863
116 63 896526685
47 479 792981897
387 714 344362152
280 392 646999289
856 958 236907523
993 246 544375362
681 320 833589704
686 871 165392711
385 354 575575820
851 505 878087081
231 448 40345479
343 443 190088625
367 720 48222378
911 648 122098750
725 429 347260420
74 204 750357095
97 205 965707102
649 761 165280464
665 402 894928389
684 34 844119842
457 1000 267539834
485 605 80424356
610 751 660637900
288 683 850407184
683 299 271519177
115 130 225911305
648 245 788923675
235 187 422912112
224 4 999227377
667 541 644093594
991 646 916651549
935 45 859623677
243 161 582355309
336 688 242915712
738 873 323502680
723 787 501776035
343 154 874755172
996 283 76689839
444 754 904967214
23 585 144426389
993 651 795443267
374 523 523946616
12 598 903441629
76 586 774945832
432 288 853240530
701 459 427390582
937 759 604551878
997 484 229246671
395 26 741546624
18 151 956439957
385 373 438487501
850 320 744348922
498 421 354220045
491 274 461063894
690 106 901515099
319 489 187914178
811 661 727863645
121 107 720663916
782 360 73102984
54 530 179265152
501 967 433636433
914 801 387204207
888 750 615624205
956 514 634371940
222 169 464305982
158 378 134228369
787 617 259026822
567 106 532007653
134 538 376613077
811 542 696207601
499 892 939011562
453 835 974432
363 888 501850065
844 447 497480000
671 163 341154576
957 963 214247151
223 211 294759316
587 883 419276678
395 4 862490807
146 891 726421965
164 649 440912186
642 426 505897741
581 159 951374669
612 318 672685462
416 957 99867268
968 681 481480289
179 730 142602296
378 319 211036445
485 123 996504973
379 149 990120819
898 132 625606146
813 708 629083361
753 88 402685733
110 94 138857622
935 195 829768723
730 540 169330076
566 262 760189917
793 857 469390183
215 6 201122017
723 679 414613416
79 280 213939830
509 849 676269286
486 743 487546289
366 67 108923745
532 298 927597331
760 169 212475063
381 191 657927727
765 450 85554891
273 158 386106194
372 543 551090959
787 100 942113335
28 741 59268758
638 264 506895918
168 13 301395468
936 105 236929566
795 281 122441398
599 401 724410780
846 181 348786647
517 50 365976186
893 177 326222058
343 38 21557589
939 192 941858271
667 767 370121369
566 182 799088360
810 70 779492149
955 744 48073258
1 986 940224941
987 55 840372337
869 596 483874281
764 794 535911639
767 386 121336173
711 593 729587951
329 891 980325918
934 994 793198894
619 392 112772756
71 14 575452819
376 776 443308640
412 347 894665973
558 528 261817168
715 460 519845214
432 236 593451061
576 872 97880907
255 691 55379229
247 997 764864283
771 764 46218729
444 135 908878046
99 32 859457483
612 710 770662957
79 927 149183813
37 745 546241779
327 150 875642691
241 30 662129213
714 45 710119653
433 319 359537380
81 981 65892218
345 577 217368277
669 143 811635434
695 268 51414432
921 886 529744241
80 221 742448381
905 626 780296971
965 520 190768197
223 844 71534780
694 74 189980626
104 171 228606593
323 38 85118770
451 115 420783917
148 791 272589774
269 724 789805404
549 533 685695971
222 183 51383902
232 589 195382811
444 143 537674893
208 245 484012016
527 28 87382502
549 267 251861771
548 13 714344818
358 734 562124881
524 66 992651739
793 658 572134381
800 409 348711320
734 947 569696535
595 138 505614562
329 118 135335714
89 215 281734201
389 852 352884506
909 541 587443976
851 246 473350950
553 326 735993971
488 325 221368607
668 945 600309865
514 669 300920531
851 566 129619309
551 146 660074570
677 116 677139735
727 84 984782811
146 326 98088044
123 891 336951515
574 121 764461989
906 927 179757576
21 562 948717212
698 171 188822209
754 939 420589187
701 803 798562273
345 453 556848799
715 530 303565485
740 166 629461175
144 222 936809213
935 429 899686102
245 10 226942802
776 225 723855192
914 687 320679350
181 115 260136910
538 403 427022211
959 378 899886917
750 668 151753340
682 971 928723698
726 460 898508367
269 990 320654031
876 354 231917551
350 337 509980063
582 940 537872979
622 852 678993983
520 665 387531128
835 626 219765794
187 46 353272532
312 911 97991476
761 5 247246964
497 258 730640769
535 974 935245678
379 625 199435240
312 266 895508259
300 587 943046515
295 556 261781829
865 493 294418744
677 919 559088021
167 48 22140644
128 285 535423499
859 459 809720491
141 711 516006784
977 777 10225714
359 330 186986873
637 149 289539631
452 914 671266953
181 248 643267812
23 864 904836059
449 859 557204962
775 128 343592371
536 308 218842170
389 669 489148921
280 835 361480235
71 546 312569583
49 351 608202944
208 109 518377449
665 5 519551947
621 162 723927570
931 760 958829773
673 177 10663251
430 679 691116675
267 781 121131717
870 52 831113595
31 447 406678223
884 699 136256910
713 928 15596252
536 940 421431395
31 702 682425927
667 172 661156948
762 96 260498136
813 412 326463406
245 593 666226793
607 812 893861661
412 254 924375455
440 725 57519686
147 259 705176282
141 396 142829714
213 752 876221278
333 257 84172571
478 156 258164254
811 607 629299334
889 392 349837823
986 295 941761841
256 226 665712339
336 693 747956774
581 532 467870914
273 363 316660530
599 760 155989557
945 823 195181205
118 55 520863641
89 13 743108032
481 599 504518868
275 929 272405789
259 371 931122114
658 978 19913580
165 849 534869640
552 374 388781101
633 476 417180733
236 227 315998038
568 307 338525618
585 518 357366702
703 44 256569405
646 450 422556852
448 166 974516016
824 35 897153639
176 33 188705369
923 61 792911488
81 705 167490773
862 184 185279605
209 60 883913280
200 884 929805262
326 371 221974572
141 110 395148619
869 998 803660869
980 722 517357764
317 310 783498106
216 134 306419352
668 944 873445146
61 99 115555950
277 362 250299878
705 424 314559357
907 128 442025364
666 242 293365628
888 166 322177787
628 210 735373831
629 964 317974001
272 735 216856730
208 921 48944839
938 726 262184715
105 681 933290162
617 284 726911074
766 324 656229929
434 329 288544280
581 486 665751676
468 351 751066238
194 668 531354710
40 268 763391527
920 909 980115137
764 583 183846108
554 304 627260104
752 28 85263835
171 764 843004220
994 953 320392610
240 78 601415503
430 757 848310559
848 987 585638905
361 773 238137742
509 194 54467985
677 565 376753501
313 131 264709817
267 344 886310331
632 241 620230524
36 24 712092625
320 408 134980620
855 160 919971886
112 41 298267869
345 515 364190913
926 618 740559213
130 22 311105322
451 230 48680212
184 569 542407755
784 916 878090880
482 228 392187427
844 329 227736355
567 313 364974243
665 131 744604638
709 223 652104287
712 375 654145760
626 983 634108366
609 171 238439127
88 87 954352000
878 863 639177303
458 106 610396414
379 378 965595658
278 397 94587246
202 500 815959477
491 566 610978918
390 886 312407354
816 518 400134334
792 65 297423545
752 640 581826377
388 897 428809209
557 789 861273970
950 115 185771693
556 371 792590426
246 482 512333572
680 640 439609789
567 960 109414927
158 50 115080443
733 559 285304798
686 494 226966369
428 579 191545643
649 929 732463741
345 118 646417479
198 378 418795845
911 643 969029950
166 744 76650505
289 699 688212242
889 614 165150410
307 960 932457278
201 916 29322609
601 733 489254956
411 150 558169398
971 118 581779476
568 220 892621337
757 906 171916633
889 337 281297334
599 351 653243980
793 187 941783525
372 672 35003582
618 151 838069177
481 668 587845327
205 207 650556470
634 155 86386992
901 476 774761999
874 472 803165912
389 498 278348815
472 964 732209890
116 310 782339511
350 454 328379033
636 32 325088657
871 704 736169516
980 471 262574725
393 927 657399538
171 23 355746848
902 115 622358522
943 122 287038990
111 275 255216536
924 790 599570183
464 189 183792635
386 293 120793790
705 763 344084971
545 387 727400021
338 510 678477185
726 45 14960089
327 900 1827212
355 75 544118297
154 401 876883004
48 39 37256825
777 604 313650219
574 575 180815453
964 159 327744564
336 332 129533701
348 45 457033927
782 317 158289811
948 922 314002133
276 298 77754962
448 326 514415324
302 898 268584093
406 174 833776239
772 915 131230770
389 320 491916732
179 39 233813653
481 691 703126946
333 191 462344105
982 904 716667661
557 516 558523451
718 511 860934681
242 348 431429827
694 59 269557337
657 419 47327265
770 21 417449198
97 642 510014660
25 125 849716273
381 762 10894563
13 60 932015335
275 391 357097521
196 688 70104615
537 344 502295340
524 478 206908286
941 838 632643559
97 755 740566868
6 282 170913380
479 813 427360734
386 189 680606124
148 2 297721014
413 137 27433659
239 721 638352276
639 602 52429340
223 299 861977266
470 356 416172120
615 23 852081889
831 451 696087739
595 166 112800520
168 183 699244904
527 752 71417244
87 62 853571688
619 827 28849664
490 371 184421222
637 36 788729557
419 692 618885803
27 728 117811922
968 239 698973067
693 130 4939168
673 383 633385075
330 622 512272505
715 832 77652390
374 519 248023846
606 337 216429850
71 319 751446968
725 179 506954109
512 611 127695554
603 435 834349044
765 901 772676558
403 421 6518403
958 848 222613366
157 819 670722690
480 230 81778291
346 582 356860418
54 315 198721497
569 819 881063164
640 228 646339123
446 256 248443038
504 155 941197955
964 435 683990190
238 701 563722058
276 375 3982155
680 218 274847336
380 620 255941666
234 653 332778490
370 505 453984936
176 991 266521341
397 18 802240208
252 213 530389508
950 549 763891734
756 816 349919839
18 32 309783426
972 775 737543373
562 438 98902893
237 162 626140269
33 181 398441783
544 515 915695944
352 16 734329231
268 255 569531334
933 195 26955110
701 540 557044813
38 26 660902750
412 371 785855771
695 880 979041796
563 209 462859509
132 421 37962827
580 106 325123006
662 917 695739106
988 561 229901256
237 134 457382875
120 105 98692075
87 582 553749840
662 734 209550457
41 720 270975411
778 673 50942822
77 724 667533562
665 913 977676215
203 962 434623572
313 506 749881122
155 83 165361047
856 645 874418220
400 866 575061393
823 203 597284663
777 450 609485185
869 125 655914160
464 139 150869372
861 634 687122979
759 321 204307843
447 354 146964775
48 384 494131133
214 189 141893896
168 815 888530358
437 293 15665416
990 444 83606027
234 640 538959184
587 364 829018698
305 42 332188631
211 12 649765156
762 860 963368368
15 685 863744327
962 938 928468330
229 802 55239821
181 953 923769067
891 405 315365037
473 780 144043757
784 118 212518173
774 641 289830196
790 940 346483301
799 494 264611764
626 451 174070438
41 21 657050304
929 343 737606551
804 235 703766851
156 789 433601750
267 465 976166732
721 24 851999333
227 92 576534285
952 128 903925690
916 626 354034638
514 75 897219574
811 654 412836781
167 406 132083333
882 252 87610367
979 320 128670368
558 251 920729032
720 600 720370612
494 89 290891366
998 923 792274316
146 662 139350356
882 259 223422909
890 961 357359829
747 235 503292135
165 431 446915286
719 861 277014592
409 950 672495477
191 596 942996838
894 698 92129451
380 268 47538068
408 821 776019495
254 251 446067095
790 505 310191693
158 169 38617672
506 319 372574175
858 785 141603353
765 586 545910115
628 839 333417410
348 21 540388313
378 191 490516275
952 259 250442908
52 71 30748086
6 871 424561710
749 37 611532259
551 511 780994730
925 946 292266710
428 413 607839886
958 567 996341001
691 247 929117893
253 508 959783867
609 237 546946563
699 215 434914950
771 366 272601077
289 52 967115619
494 902 843928388
698 488 485282557
79 152 529283711
166 363 128442135
277 161 811739121
458 770 9019467
859 501 894501522
383 222 754711811
47 594 412453778
200 91 299411283
949 758 493043730
40 942 398954656
392 793 727623408
539 100 484955201
137 277 972163165
113 89 668806943
956 367 890132267
268 124 213729653
115 679 144115129
539 27 243190106
310 941 34162493
270 963 234189409
159 707 811458200
912 51 250018212
637 532 85386767
620 452 796110695
933 658 984616077
786 52 313445532
360 251 712546364
50 704 693600724
814 36 170289215
107 194 465938220
262 177 941964266
34 858 935385141
344 611 23353773
154 39 960405570
468 668 208985296
455 459 932857311
974 905 907717791
237 32 850103555
524 602 634606054
424 933 828645427
529 594 29604533
763 325 209355111
536 771 593469865
195 290 638971877
706 172 817778723
97 49 736589255
578 899 218011397
152 426 550709981
827 973 82515167
892 730 951211664
973 10 702254676
861 175 720264173
741 525 754281225
46 115 62982186
381 997 82138227
331 956 811434670
17 981 12314885
412 96 427576901
413 51 824439222
429 964 560419047
33 81 543196795
435 464 107802924
335 884 879359835
286 870 2366471
14 516 716012996
941 860 93874085
121 70 340966451
708 393 801966575
805 715 28098740
59 673 193242994
262 329 168221110
710 870 702097761
975 646 156292901
489 153 51598879
978 254 947001741
778 198 265344028
644 321 431491644
853 451 106114717
589 851 230822987
324 648 635109453
491 756 329186653
655 441 156856923
377 916 888984008
180 734 438657715
689 413 353844624
384 759 4821640
30 701 307104598
237 148 287635413
516 418 361889905
123 694 38812590
803 807 539725659
138 858 296982381
878 647 405463160
956 733 958293793
264 200 946714215
217 18 39433930
6 59 59263628
745 994 8647393
300 74 993214183
644 588 815519154
358 913 230242157
464 903 627993214
711 349 181314899
119 256 825517150
299 616 615985028
61 8 784084257
956 108 547904065
224 586 265056996
102 810 920366722
719 14 788516218
839 546 448608214
203 62 151332660
842 894 645249516
629 111 637957167
259 73 528428181
57 910 561121723
648 808 74475766
923 975 663578333
556 620 761971187
808 328 373769079
887 27 526247812
460 786 316245779
509 268 111275285
649 295 668214311
931 380 389200010
531 591 143156977
142 90 475051627
401 718 421673461
636 675 654290850
732 813 489615736
407 283 669613926
950 419 603231682
557 764 11513252
2 1 400581051
914 830 402252083
524 968 65682509
145 935 922893189
396 420 678055657
128 303 147151779
158 583 810853953
64 154 115222511
42 30 163063946
824 651 196426638
709 131 883822914
809 407 35528892
909 97 294832844
281 47 864476219
512 658 79678467
913 793 256647717
436 886 868945921
583 850 146193993
741 536 910554442
940 761 536705675
806 116 141495839
537 906 967016012
581 190 971584867
352 826 297098876
300 410 832255846
698 107 897555963
900 178 668241641
705 365 865058059
439 318 862695906
524 491 129743926
893 255 467579345
591 679 741772846
969 665 754613697
869 163 685015227
827 165 392646054
460 827 703824276
608 735 113035237
703 777 787384497
833 21 337945295
368 660 889707835
399 263 870930480
836 976 34793142
123 58 587214911
31 303 44520194
223 104 982861930
854 750 364879616
960 49 690787544
714 619 398943447
535 571 921016892
35 768 113825937
946 398 157446594
521 854 196144610
95 236 29395324
2 465 61368501
24 999 402766825
289 351 663927481
60 305 803195231
266 295 214238886
437 772 342584448
769 984 942112546
621 478 406782163
272 675 93958334
448 744 468433137
341 320 157257290
311 872 289493914
606 730 285811187
676 211 150214413
662 49 275713960
858 199 646167410
653 216 946971781
107 213 696386262
325 215 223062327
438 15 407304879
203 295 514377448
535 732 818664718
303 57 301054112
34 617 870848833
428 541 699933048
509 139 459795785
933 280 586297128
559 189 971363621
39 12 720929814
425 56 145746591
851 443 468010573
84 29 867520055
328 694 153165780
263 185 998474209
504 990 734847677
87 328 391471253
299 836 707272985
70 62 229967288
754 275 915621864
562 592 86576668
203 150 192808124
570 76 105344259
242 150 175144663
503 404 929693912
994 537 85269405
157 401 486356916
128 896 480694974
119 936 932905038
414 308 883746675
26 684 135098960
888 836 756578394
786 840 244623555
425 131 408096109
498 279 9630999
39 295 155262481
521 234 320169723
650 69 556911217
964 962 284939618
806 628 695273796
388 100 165767803
594 275 318793794
911 832 705051782
609 526 108270183
369 114 444049181
197 701 259523877
36 789 399828208
743 3 955534079
967 87 566872654
576 981 540189510
749 645 28471271
553 495 330490053
450 3 764800483
539 842 377237665
131 110 905457087
790 24 106362765
784 115 352079193
424 443 287172648
213 144 163710078
405 194 600495993
641 345 714942984
707 110 916858821
95 155 24106066
339 52 969943089
395 122 786993649
345 51 344197424
496 378 201480044
542 520 651620201
381 32 624316897
856 438 130096394
637 541 954080488
77 674 251311864
241 349 708477959
504 810 36569687
124 989 533560390
477 821 481527088
570 49 45773172
248 683 767691419
198 67 536323709
316 712 22031900
242 498 510492577
903 472 463835633
568 99 999883873
309 262 667233698
796 609 548612674
758 240 359523906
266 916 958372721
623 292 270313764
509 857 710519343
606 494 246827075
99 819 922129838
285 986 997395161
983 52 560635157
700 665 979276878
225 546 709521218
943 378 951286522
996 27 162498112
377 520 698804838
373 73 584828329
383 308 160689626
737 22 132867359
73 59 261551546
288 803 504863371
202 495 29747481
988 937 975239494
183 580 254944305
871 314 761803360
313 244 320365791
351 234 689762991
87 353 520584741
518 162 213502028
25 85 379891580
128 602 451013234
119 571 344153959
58 156 343283150
448 257 498167920
745 223 393306497
256 302 680167706
629 781 249458311
863 844 152293869
236 301 967415661
285 864 508869551
80 854 302553349
212 189 542269756
351 484 143016581
577 928 612810562
785 885 918153464
161 81 72451333
195 554 812177056
25 563 918478959
571 240 491281402
807 882 38079357
571 127 435251769
399 1 284183031
897 655 166817612
875 881 922483703
812 554 882848382
232 224 693913899
653 137 305591181
274 826 670867982
926 260 637484696
175 158 317101791
434 110 315194875
379 928 120098864
935 431 594057819
306 622 328647797
615 742 985855423
710 570 46423557
368 802 159515802
803 557 322392878
130 26 902674868
121 467 586458781
294 647 337393410
338 972 94342357
916 443 735498569
360 85 500553324
605 161 664743192
622 596 253733486
431 913 225938357
125 587 996069969
603 604 560222482
302 465 778422109
501 580 109352525
621 51 794750289
506 284 966002914
322 908 978710444
392 59 183255832
346 659 724331885
977 467 658346419
368 232 307122013
826 326 758702026
100 142 860131281
852 804 245857240
27 83 462422936
21 619 241326835
619 395 675921268
704 658 53342994
802 889 479072017
640 575 915686256
493 671 948892445
688 651 639594175
314 454 775327637
896 168 439106064
427 716 454029067
481 199 507490071
659 470 29082711
18 593 413241328
634 307 647876067
384 626 854278313
696 959 197185567
444 528 454419377
780 741 890380821
928 637 926791291
519 174 106591388
272 226 528909511
75 654 344592002
160 808 851838483
186 291 907937496
917 474 18895232
398 201 264276387
552 122 733150689
901 454 684465477
475 112 851779898
43 348 191286427
859 192 565897941
11 856 497447593
222 681 716553720
234 127 608967980
259 790 691116813
678 446 67231840
337 171 94095491
418 871 187737653
112 6 163777657
573 565 643359757
394 273 261452076
439 593 657756043
352 188 42800183
937 388 524173604
419 223 277302716
163 916 78569476
395 174 373931676
138 298 464116802
336 500 266227551
663 539 154828802
359 611 81253642
211 241 259453124
667 580 425907559
118 890 108622109
65 50 530052365
97 363 165920640
414 867 91832331
565 125 266945724
626 167 497246602
710 667 303211883
341 319 546124245
499 46 102630816
781 730 673822847
74 708 772557717
473 443 524074875
478 501 154113031
656 126 278087150
946 763 929755942
887 703 890912595
512 170 872315131
817 171 997763948
634 174 466982190
725 442 928790579
204 491 201978756
959 13 605777931
939 524 730263994
42 624 522037367
141 403 554790394
936 514 3287186
323 480 183557188
410 352 828477563
499 53 447157903
594 209 311839104
655 132 839580338
606 398 263469251
415 187 408723142
111 224 602556524
677 699 630461158
802 294 347809110
290 143 81647034
370 126 749609811
448 540 42383617
962 293 121433050
494 44 306337809
703 872 903259680
936 95 643612349
341 196 822405317
165 133 767593568
561 166 702216014
364 869 52909014
55 457 119597879
835 165 128571303
27 12 503715352
999 818 679766556
895 298 357005889
708 877 242096931
740 489 16951030
552 369 351684731
853 619 136052708
443 133 15353047
274 160 584091332
869 477 879661319
182 95 815515111
192 332 768625644
113 419 249510505
598 304 519085130
363 815 481036351
685 938 166811160
195 559 647037328
499 294 782242910
424 166 973814454
804 237 100615685
370 324 110629159
634 375 835089432
808 28 901411503
201 684 153843032
343 468 931938534
813 601 742868269
304 234 6973767
664 251 396893582
565 176 434591799
166 207 27497248
126 37 535697083
202 849 81184944
650 731 85184216
737 530 645623949
927 64 537532225
380 127 624404827
911 501 413384465
809 198 655578634
635 370 397898167
567 494 111572727
752 53 83170044
739 54 899709743
818 330 384229476
751 87 561820839
783 721 729905183
256 169 211120086
465 256 823603412
381 379 206760202
776 100 519109704
964 259 918504321
670 742 798925284
426 277 681754846
770 256 748465524
855 454 653910179
72 18 446474124
889 474 537943437
281 193 676156481
194 143 530173158
449 96 696349014
848 901 956505542
110 322 496392197
117 219 100530251
356 126 600355548
938 884 696041208
394 287 695839215
502 213 436010750
632 552 443530870
759 416 886296678
969 678 47832578
356 419 273429777
832 506 980523613
45 825 700187839
524 518 340633861
970 666 401889139
925 805 295637574
958 738 316653383
843 122 437518170
246 79 53355817
523 371 965599530
76 696 965609944
989 826 402131098
551 858 861760665
961 205 642827042
16 9 745110694
919 395 677609728
819 548 482265543
450 217 122689105
167 243 411754726
939 214 782619223
714 166 49741906
631 316 502637472
220 336 962181743
210 80 12647212
482 859 467036222
235 186 962633002
385 507 763431350
129 296 770355248
837 882 704680533
576 727 555680807
901 384 307500615
924 967 875380012
219 23 311281213
136 253 121431477
362 672 934543579
287 106 75805575
505 459 764003663
214 648 681731486
787 198 171639835
878 115 588257898
375 134 308545082
97 1 105200002
304 281 661624156
256 71 554974404
652 197 585307256
646 343 657332131
160 306 749121815
354 313 901066146
469 927 710958236
143 637 372988967
418 766 998197040
944 907 58229875
605 845 591856061
569 703 717312422
698 313 831971104
960 739 864530762
357 340 423609600
804 761 737924995
591 615 858579317
477 599 156372645
627 397 391957274
165 63 207739807
217 891 706336597
689 358 60327794
414 517 308490855
143 967 776049380
831 983 84184328
249 441 236523044
42 713 874526205
959 881 402487199
870 433 242094220
700 174 846232290
522 368 812310289
347 109 981141703
776 302 816990589
15 13 197979787
388 37 542011731
643 283 850765892
923 251 968534378
41 47 493599729
133 598 635234982
292 67 367659
501 631 771864630
142 505 165534089
473 177 330729115
106 872 672802282
93 767 652145967
342 833 388050549
861 932 466066859
754 592 188519685
61 171 232695277
940 900 839015086
934 777 170032546
185 149 435145734
863 886 105135060
9 347 887333608
590 661 1605233
921 879 381331183
244 713 348089844
766 728 19067962
957 908 609621447
55 540 807037160
493 688 295444226
254 203 557280452
661 385 631680034
920 972 227042401
104 571 169427143
179 359 935734876
819 681 317005101
448 368 956332903
244 109 18305448
31 79 778425203
251 669 404555620
853 81 551278230
740 796 992626339
645 699 746136153
773 821 428381633
987 528 780366953
457 301 617109373
94 446 400006273
55 96 73412105
591 856 748474444
60 40 48833929
775 170 135450142
652 469 85156573
835 516 823995451
118 168 159667197
660 109 160176690
820 774 220266267
969 311 821445271
770 592 776590172
57 614 689964580
392 275 757605501
143 309 507864736
662 295 52705037
492 835 503228681
365 768 233401340
33 380 173712184
23 535 226255250
360 523 201509432
294 188 948572862
273 151 195030303
979 915 806919661
50 653 179745094
556 147 480901151
672 538 406238784
902 767 257856995
303 160 167012420
493 874 810995108
177 133 284241294
94 91 805440544
936 451 871173607
848 70 323659982
535 775 349112979
978 162 391552252
576 519 656880421
863 240 343901823
575 91 817699372
901 265 836116594
774 610 558648393
358 394 403066877
685 900 592129969
527 524 846933089
122 51 483952048
428 9 636537549
257 347 589337387
467 237 615179675
105 743 473348647
709 846 689898639
160 258 250337804
892 450 732276070
329 133 620158845
48 406 749632516
169 991 240576556
608 562 19597133
164 303 394090545
6 260 35338356
810 821 644748588
205 143 730462504
486 126 908039857
334 869 955951143
423 949 409366325
129 111 257449833
439 510 35113861
920 251 811191461
681 583 811106855
269 42 751018481
954 335 8708078
428 43 515202913
317 113 631670346
831 336 488958561
202 316 134494357
378 87 583815113
149 129 402956603
29 40 295216991
953 561 970154547
471 190 465563661
389 323 707353394
200 38 34816274
42 407 885509577
954 869 449239018
687 375 336286680
258 8 109031521
221 620 275017757
740 747 592731300
761 414 555786180
33 30 230530393
610 381 330219763
393 256 341465968
231 190 913026652
285 753 431160631
981 224 563460433
990 560 32503552
822 603 544282895
348 538 405334898
166 424 342037050
14 571 874361058
149 392 713515448
699 59 419970428
737 114 639090501
713 461 415177437
907 379 811942609
224 219 384344655
197 236 388270320
503 348 862639584
819 845 211392252
711 650 256056858
605 454 230695286
948 217 413645243
613 426 533183926
914 614 680419026
773 424 872566949
202 201 773013528
993 868 92749922
531 875 918826738
315 214 96764337
47 852 544198267
287 44 246744028
427 705 859101465
282 983 611415394
99 669 160223804
829 926 830925648
606 348 491043821
454 186 651227983
771 956 301005776
422 779 295422271
155 360 482427660
125 832 290401035
529 382 544119264
135 724 294133741
916 705 410845952
346 216 714485156
825 36 293963887
641 312 987210304
887 305 998638472
556 205 590887694
782 741 366470183
235 860 472869949
516 848 68295448
693 210 826813103
961 771 101432937
40 189 3893408
829 90 641105373
706 638 537240502
9 348 713726276
932 48 340033982
398 490 751771051
303 694 56890537
860 912 645600300
770 722 163224787
287 97 802851089
370 442 679081379
945 167 736357631
138 918 488557571
939 426 210403773
904 558 594599251
565 289 233777087
401 554 382164732
47 69 360033249
54 496 421849241
166 3 458913522
339 117 117636754
162 215 342283479
668 175 84972208
552 205 11855836
471 251 268511010
978 701 224810675
480 478 495347233
64 617 406787792
429 317 282562170
829 214 593658168
275 219 490550759
909 770 782286091
21 15 647793921
138 33 900855042
735 319 614002617
981 722 493835783
161 585 699113429
462 626 124162712
340 407 499121412
525 814 783036471
304 227 894418813
826 27 429398784
830 644 604054074
881 51 680542102
675 84 157244624
343 610 474676819
683 944 609907033
305 169 85100957
679 951 77452008
857 424 234509795
352 861 907030858
434 402 412635209
111 167 362874712
639 573 663539470
191 152 833620246
409 979 883821820
518 838 26513532
362 203 563213057
174 520 979561853
567 222 146104324
234 566 617767362
281 828 586057176
824 611 850996409
121 452 634870888
443 314 91029780
340 975 411009427
61 977 107233339
976 107 2100716
888 852 775976727
303 859 28341859
788 867 113972350
877 628 883866284
713 131 205098829
342 334 9213643
164 914 784068413
475 122 992678682
473 128 685477144
547 829 538471838
67 804 920234422
322 250 222906799
960 997 114292405
87 78 380707332
162 117 430500902
697 667 577139718
442 655 969889658
870 499 512499855
398 193 616774056
343 93 271519522
635 392 274717879
16 983 313330822
678 283 42763007
365 856 463576866
170 702 962384040
269 188 648531537
969 37 369183741
516 683 896612959
659 258 581567631
692 418 540561326
446 159 915345807
239 182 923872808
401 158 978482761
552 944 809909726
487 69 109500179
180 398 838893055
105 165 187490932
318 927 90927587
651 361 414156934
492 123 430564591
751 450 504901374
337 97 254307113
796 896 174653858
4 917 246515269
531 271 457567978
177 799 445455476
868 163 708345729
468 108 868090175
754 359 114263364
275 140 406029834
382 284 793248141
318 307 610862500
902 156 657724099
479 81 413021340
982 295 116723679
344 900 626529656
373 954 714391342
439 666 394283677
790 43 144239320
725 629 565036978
288 246 465361240
302 377 681062414
753 997 6069050
729 631 296267187
621 241 818489052
586 321 494672044
570 235 678892288
408 134 601423759
381 3 766694775
78 394 36652461
243 661 332614133
162 153 277991694
610 485 156725670
815 317 503513719
370 197 413602142
192 326 950936893
324 540 503618812
530 134 6060286
587 87 206131173
136 985 828653054
534 146 514555074
74 2 790404489
753 620 200945192
758 671 600420764
33 13 169645578
284 974 283580126
769 854 699909817
15 526 772506700
968 761 220398605
106 768 13049162
397 177 387938198
792 246 921277821
566 571 517505864
74 971 427730459
881 162 739223205
689 315 651914927
249 62 312581233
410 367 391588477
831 403 227466750
499 19 215604348
83 14 97582643
898 808 822245177
451 104 536635302
611 67 466597089
792 172 90185961
489 172 239361312
791 14 526209929
592 506 26260637
400 829 837647695
614 192 158340257
864 94 186410928
128 524 845615703
911 584 995114614
159 584 339112462
841 336 928080825
202 425 316896600
265 9 840027820
351 476 397317281
539 8 906764811
369 310 755146459
303 50 729439776
204 74 462558131
353 488 290610814
785 148 841881310
352 819 250292581
984 759 235358271
765 8 110852253
248 942 865502121
439 32 777044721
436 88 441236596
925 23 637521562
708 793 303987898
689 245 292413367
741 24 289247837
168 531 317749300
510 986 789973615
794 322 791378324
687 748 12601533
144 751 200557407
241 441 343307878
243 184 330928436
293 531 149796841
580 891 236120520
159 2 697769240
872 971 292235999
734 78 669905248
707 183 804656666
727 518 267936606
113 401 945976018
167 113 34018608
315 171 808819317
683 788 863811709
419 151 867654253
2 168 552883310
402 41 257121959
7 408 174381700
951 177 464709051
96 47 983179307
425 38 73914957
869 23 567248695
120 849 435119953
496 934 242590495
259 840 626559000
431 183 380885640
474 414 501067182
435 511 238944329
713 109 265997961
424 366 158570083
333 311 519124384
421 869 736961309
82 27 504389960
12 306 563942718
568 291 599242963
862 232 285907133
255 761 436402259
558 703 55448074
260 868 610802762
731 18 538492061
343 222 663508011
419 358 656267474
876 128 429791714
379 750 757184283
425 358 176667510
538 285 712521347
519 385 384099151
809 44 376796283
390 886 514534938
234 117 201828488
10 4 565291852
402 732 669045971
298 620 326775401
187 87 100848933
11 6 189179435
801 583 533997836
229 114 860575476
401 725 85288294
168 42 614126336
395 90 850323360
116 700 700848799
511 14 56774859
392 286 782441322
657 641 927765419
342 817 611432890
117 702 494345131
340 683 853521572
389 401 657691974
8 820 164775329
24 6 132641520
598 732 538083973
106 704 405843793
359 759 22045983
469 680 932155221
629 217 676915519
598 833 652214506
135 645 601226666
452 390 680091494
127 75 425987342
803 428 836863310
10 8 192146129
870 795 588322632
784 675 81033957
169 521 963187222
694 110 257474004
24 109 509285082
278 855 343805560
734 862 499859901
124 66 911650877
205 504 797023648
465 958 775830704
670 182 900324541
889 635 265919058
163 561 570256804
288 950 603577946
75 79 158727432
150 362 306454714
450 635 165378237
279 428 478803524
436 445 711188214
71 653 33457851
262 931 203572329
923 315 796442004
159 935 586121957
2 339 137998884
937 533 203354377
717 729 540730934
191 311 105157461
798 365 574427676
602 199 925038538
79 984 215056160
289 972 725781871
600 886 79117957
577 162 459217082
704 604 686007611
483 437 306422423
211 782 555613666
297 903 664615504
269 906 363907343
322 748 3201329
415 672 132321830
457 991 56910935
112 513 112625096
145 108 100126548
598 102 134836178
799 162 563056588
214 956 407796327
823 786 150602754
573 178 580913611
30 8 539240040
774 788 755001419
522 767 566714022
691 431 25400620
196 140 802277728
544 108 434135236
591 869 538466791
503 738 467341778
701 45 321600189
644 82 299435225
480 533 626489106
872 753 12934047
375 500 810125595
170 130 594540050
342 222 931733319
21 226 817684168
230 170 962808283
642 838 491323053
576 291 488691908
516 38 763273075
786 281 743416395
825 305 159355124
852 464 191093692
542 808 22167408
614 322 395143410
36 958 147238386
539 14 364947722
585 357 954648023
360 438 916799451
944 991 998848826
941 63 715883583
568 714 940984899
273 590 603905629
160 1 348899102
261 889 414414314
722 566 862368964
617 920 958406639
418 779 316906821
446 258 624592791
969 661 949914917
678 986 224770478
119 749 92122147
34 148 770193578
453 933 50277412
936 554 520574820
133 10 186546057
299 539 221670547
248 289 38718498
494 188 956971973
26 20 665304324
303 77 297958552
868 615 680936996
661 184 765627598
967 734 100609191
197 23 510045497
343 801 189165816
220 891 522852061
317 231 192797754
317 544 499386727
2 604 897180518
149 986 735082294
433 377 653313737
724 237 880044387
471 710 264585774
618 411 832739853
14 489 938368889
611 971 699168663
174 579 851986301
474 294 597577871
855 880 199149411
7 252 796132662
554 183 255674906
717 370 760652492
746 558 292747041
994 127 814101888
673 509 690449016
623 248 520011176
866 128 391187020
863 182 499171826
743 223 534412800
380 568 209123627
693 248 725913910
298 221 953769143
878 943 564474788
995 677 864740316
907 159 866611327
20 5 261370309
647 386 568638764
528 718 881850040
814 617 289538057
930 861 771474286
736 482 792868859
237 368 485925494
601 677 682810404
453 436 911719900
319 43 375522987
703 146 404600421
713 940 816357532
844 429 84879471
29 49 848568901
971 42 665117964
35 852 980106495
368 21 915374860
647 300 98334444
414 725 314017904
519 419 45650830
592 986 121102218
52 3 590805554
820 204 217200647
593 241 415521243
339 608 471699666
772 6 503198227
926 819 176152359
54 50 869374612
902 311 661598699
79 25 263237768
667 625 2664968
834 769 18864099
234 485 858324334
460 237 464854372
359 952 303994579
574 338 896601759
165 971 69390874
242 72 724371283
330 105 37501411
635 803 431599113
751 866 430232408
626 117 972635937
477 69 217694644
616 93 155252801
828 13 709513935
38 30 92635320
616 981 357561964
546 979 439701753
242 903 298867118
45 477 292520868
361 234 129116783
697 748 862509776
620 997 66813917
32 616 37288429
951 307 610694450
105 327 631774157
461 24 792741336
926 843 463938250
886 492 157716155
931 369 894409385
115 478 184418838
324 224 141617652
650 702 100850799
390 271 890675537
970 111 857003853
958 685 135150122
694 338 385253845
964 760 109798501
922 607 847873747
329 822 997662277
935 990 875545842
522 519 877085193
564 169 181817309
772 641 869089530
438 932 675190020
964 392 343402815
323 958 831134498
332 574 358966738
257 104 655243970
297 50 233035701
439 644 125617018
543 741 410523974
974 13 626082572
818 253 291787008
756 288 44552009
98 87 422537195
306 916 787824396
592 520 600496104
159 555 791931229
771 130 105634076
973 998 679995580
564 729 432942813
591 49 799030880
335 852 762570717
265 188 194198150
159 468 784628248
811 977 724560030
273 370 354408521
205 952 810080551
306 197 421151898
791 613 800859158
521 298 858161709
368 631 139580963
972 259 636528933
162 21 927773884
603 365 761882986
565 893 76709321
450 56 513499906
722 827 501389437
202 811 891720403
87 865 161198680
623 544 858277903
290 222 85414518
471 56 615869534
198 292 419738512
96 964 56555484
174 740 965201016
381 373 17146459
766 519 109531341
635 25 979891049
434 927 557317600
675 437 365263652
984 358 821140633
18 101 874182318
820 595 800834886
602 499 315469848
493 143 318671117
508 347 360402005
94 528 927652928
272 612 936559642
793 179 834784518
531 65 307878601
924 145 813869430
50 29 390678356
825 148 245292025
106 10 291779440
712 38 478098102
579 515 260116693
984 334 416521102
349 156 263804607
863 521 228782037
296 101 197141883
528 241 772005879
594 435 242328371
783 484 56249623
97 422 691088298
48 942 422413163
392 998 17363233
915 29 48328896
554 806 679459465
694 755 822207701
334 705 461072330
389 560 75754024
180 185 346167991
113 831 239320860
749 342 520185729
832 998 672352295
814 355 290060090
577 291 218067257
834 209 447918304
294 396 70277238
506 441 539677316
604 785 424097617
881 468 129996059
422 18 851436639
349 237 995913131
16 594 463790079
105 66 58688010
61 427 729496462
906 720 974732669
163 790 33964066
488 83 788974207
428 176 41408087
699 653 729634936
414 997 878340611
743 850 146687596
416 896 364949486
650 30 951774067
268 213 209979346
23 16 458275329
363 1 240211947
39 633 908846335
32 748 194715459
602 311 977061683
980 434 329962472
816 698 131738270
705 494 459226511
764 393 90387057
290 697 37131329
320 72 473549044
135 312 740095388
867 790 976167377
317 757 448449748
675 166 824264887
928 991 338854584
673 96 280157517
778 48 903172347
483 149 913086038
852 417 179011384
57 397 9168023
401 572 189352686
916 784 979056424
701 82 14501729
849 206 369629320
801 589 734498027
271 276 710060142
434 447 278160901
119 117 200348960
727 774 785436378
837 805 502196001
901 106 594090118
855 564 177266008
29 28 32780667
414 753 640391142
167 573 243241454
843 78 981944772
455 996 454371384
456 605 213655440
992 366 616943706
768 597 720003567
172 294 949603726
771 850 565409600
295 735 742517016
615 33 919148611
657 312 103165969
469 346 246335504
377 759 643269352
583 545 279196654
392 494 180502722
448 380 20582263
880 989 900947341
466 714 716611207
51 8 902006012
914 850 714659664
239 838 996585482
688 941 432474768
228 107 737448489
184 108 625358872
536 652 181619750
942 235 882097152
911 823 930567267
921 437 158822521
377 233 435415140
77 20 198409942
802 38 43389267
139 44 726300519
994 121 198941241
655 205 88453562
482 539 247238631
338 223 526004219
784 192 172206515
441 775 881024336
31 997 590768709
878 56 22002844
399 103 564832431
752 309 62916596
755 121 975799532
836 294 605631674
292 873 113554634
219 416 508219672
715 34 409689465
431 497 587340186
866 601 232971157
893 514 125364373
957 695 297413579
758 109 432278693
384 246 338338663
958 330 589403451
27 531 859717891
900 349 448934996
550 479 637704133
525 798 713922060
393 317 707724278
390 544 737589054
370 480 452197804
539 797 49873810
890 454 556769822
491 351 597660156
923 376 890674874
677 555 921058981
745 449 207395864
788 520 318571931
641 721 834560302
557 103 682961644
248 186 79546162
817 887 25642031
488 74 104605917
620 199 392252304
335 309 883812118
430 886 321065558
914 888 166477983
837 325 895561006
410 826 94377887
920 478 452556982
895 914 848753421
303 460 737554737
627 939 849276844
101 9 44168223
1000 876 228396689
387 524 401007828
310 155 510872684
72 373 945654348
719 695 21911586
638 6 524715334
198 201 904927452
528 368 503976177
564 394 186524692
240 680 38941572
840 546 244630608
477 607 15736430
985 288 736415656
959 770 957920397
268 260 651602617
630 878 483422954
97 831 814986263
238 264 828621442
917 743 265511208
512 280 571912925
72 741 904028247
688 490 804497912
552 949 893161049
660 725 190410071
349 18 858507929
301 866 414622798
957 664 468685712
85 3 789327597
703 677 760767005
67 740 715811119
560 495 126529624
406 315 354467887
667 200 9765835
505 364 296689192
250 755 311301269
374 113 234164322
638 91 551622384
194 184 147559535
951 591 973865971
288 542 302107605
169 949 824791981
613 259 564680557
849 875 198055195
489 764 908298136
241 101 804668385
450 214 623157484
953 139 408209796
44 172 539578892
117 923 82882856
895 252 354949434
675 256 653965396
18 248 634525864
114 32 214384633
589 2 413903286
28 677 849765093
292 69 907294051
290 457 501161515
728 491 809316020
972 763 231266418
501 255 183476871
977 741 754017105
521 66 621190739
40 21 185214211
805 526 445633058
381 487 387375316
386 373 352434680
750 516 442996497
58 906 318382952
238 69 330220542
923 262 234256641
316 453 804630417
56 517 966684102
24 117 606863670
620 940 316884699
746 504 895025467
706 280 129908347
743 623 307266978
233 115 486237964
666 59 834543868
865 164 388923532
286 381 642357749
783 742 104602275
37 27 675544630
810 829 897214133
739 457 137555302
877 685 621784124
27 875 664388340
54 395 881731424
40 414 938383912
231 495 170366416
549 475 803365640
440 786 636553683
62 146 408527309
944 111 513454823
108 722 722942085
301 700 742982898
636 374 104036801
489 372 102730696
19 677 850411361
789 217 150221547
985 120 46658341
979 584 589365633
396 647 213786699
991 289 77902490
238 75 633389091
565 69 735144170
4 611 963174396
70 738 240292806
458 262 235110296
325 386 227099915
4 2 178689814
925 67 773680330
191 738 752855745
527 623 760592503
830 67 529754807
958 747 844654270
955 222 465129449
581 476 682634130
385 35 834631412
306 111 827329634
765 856 234688305
794 600 697252981
404 691 68121451
617 599 872815845
222 82 613164838
472 393 120089316
278 681 97750484
75 651 951739606
161 31 622068874
27 600 597791566
499 82 466231299
579 178 576702821
875 795 350782760
181 161 461077732
131 141 102681593
245 571 666791498
1000 57 960574094
289 11 623253010
88 129 341340680
129 714 231491529
446 24 716464915
643 457 112454298
216 907 119668418
971 985 247038834
41 764 412683362
216 1 631244844
322 156 462929600
548 484 873005700
706 433 687989788
558 529 250103278
769 319 498305994
112 251 499281641
673 533 829267249
11 954 355984478
742 476 256252489
152 71 207448609
732 636 829355925
256 831 68572358
863 586 750980482
557 836 339206254
174 455 903456845
432 252 684214276
363 451 753386296
692 178 459354269
466 417 526247288
805 804 849489836
251 464 645890859
615 329 349804778
895 243 867898761
64 862 182126039
239 222 553546036
982 300 779895302
454 346 842334844
696 531 298142918
768 250 844968086
425 588 677682920
354 723 148102805
641 334 3144765
273 436 674070123
990 735 553744261
959 752 196628708
665 558 126726218
848 972 430585179
402 479 439351306
287 247 311924131
367 695 840889942
134 125 234718448
445 329 468504405
619 221 150630733
782 290 346665848
53 44 799634954
180 422 419534343
942 466 69563445
383 334 595237978
823 573 396230042
52 923 787396966
144 830 404723722
665 131 888566964
280 682 980384608
698 633 883800921
237 99 632049138
910 609 221102088
380 510 197662160
458 435 257306874
624 905 723764035
987 127 658749876
351 234 666380683
92 13 311220299
440 275 498419164
803 689 293645213
985 755 953528523
513 544 774140013
557 457 45654930
164 85 683856821
840 4 56685162
686 520 631133127
893 461 647285303
377 271 659747983
911 640 960544366
402 78 483554607
537 99 544378336
851 861 852788656
722 634 40805354
250 172 464775575
177 605 388128740
607 65 270382762
630 410 17227136
522 957 283461323
56 11 937383641
909 444 459901980
768 527 436082199
910 360 768523880
837 862 210220322
174 54 370445761
276 273 323360408
405 167 300438933
15 24 901598960
820 386 739781075
342 254 692659078
478 45 56875763
777 878 157902959
268 204 172143830
345 303 373925834
920 267 542682134
546 776 900726470
626 488 666900899
822 392 81256952
34 352 387193461
368 423 817095258
120 287 354119149
821 1 68020851
615 686 452409438
746 445 126271879
906 408 474891566
251 211 654466477
884 720 394485937
884 419 593253284
769 218 511071635
537 822 60571551
59 835 962862583
693 423 248833729
629 157 789120002
906 695 14459839
569 553 789288388
706 744 508946893
652 153 466615676
980 499 718712091
30 645 534894751
88 801 890782792
594 122 570355910
313 462 895145545
614 626 676097886
582 71 398630032
938 191 441372469
12 7 47490705
989 898 953943794
461 300 755327891
196 737 980646581
106 310 36035592
104 70 555031205
485 727 868982690
198 440 633802933
474 563 581292332
70 925 644259181
886 344 638989405
68 19 971694140
847 546 479781168
430 155 699166859
788 131 586752781
547 114 349717222
848 588 550141691
988 806 116459834
394 961 540835907
705 688 509279750
311 31 119241224
224 316 428586349
402 521 130795798
708 48 483895677
271 20 299011641
496 990 858617128
234 477 159982102
227 1000 388476210
441 684 26098660
168 73 421695647
873 780 776760479
648 785 864830459
697 810 220087767
296 154 726502291
157 937 751504058
144 416 966161093
418 417 252045085
611 300 971417170
668 136 862819252
298 59 17160721
46 615 473459165
725 618 367757693
594 502 711436402
775 614 788905304
223 967 53141321
156 989 387404295
568 950 807375115
504 68 411182592
188 397 257672996
256 748 687555981
903 221 471867708
354 24 155951732
590 387 342218198
385 581 599415549
789 816 859658247
347 428 309656161
774 317 851522701
865 450 79813298
432 204 528137910
344 988 578919120
863 301 950138208
491 51 727626760
615 993 759815351
906 25 40953163
463 103 482184617
224 142 950300841
823 196 803835351
674 113 385161224
633 569 820078417
190 13 168712846
649 402 664908791
983 474 614851664
949 647 941365853
448 487 961271185
891 839 651619780
794 157 726838521
545 40 275522985
825 401 29553792
396 314 808994551
688 453 917193271
584 380 810898995
14 8 731644537
77 266 453976739
655 837 806029663
959 533 965813974
101 326 269926052
148 61 848772644
171 769 997291885
66 50 329580405
696 895 224981147
22 876 974722684
513 595 330572817
462 492 749144815
89 853 200648509
567 375 377077722
546 997 374212675
819 675 919971537
88 985 470004253
708 804 3288834
891 763 200381016
746 459 14875911
179 46 355508801
510 163 932153782
386 204 230593135
915 200 550410165
371 390 810545598
5 913 523646604
257 29 691053960
331 790 619171215
272 209 909068564
721 317 812440100
511 245 114147140
575 269 287797006
373 708 893887887
813 935 443803461
468 997 606319733
205 746 733677008
90 59 746619815
654 661 711762154
888 594 65549453
268 397 668279906
417 949 472546850
908 419 652284800
592 105 382787635
163 91 770157410
843 828 228156875
868 510 508961626
598 68 874066642
295 860 590032100
332 548 469612376
640 931 579501113
945 565 889051190
796 319 187833672
420 23 747985189
939 619 261546093
812 30 266168405
937 528 918950686
188 113 385939926
624 273 62507162
783 753 446228690
379 345 113856925
945 643 993002532
919 850 426531646
152 987 982564077
217 52 97417529
952 763 400516779
722 622 281057680
314 157 469493834
630 660 918170056
670 194 503729745
398 739 430162857
930 124 747245980
570 651 862059608
955 247 697973527
539 693 982101035
7 601 214137924
308 142 349338384
906 105 177586659
809 266 309461094
634 50 166382359
524 1 543527095
335 254 879089957
161 720 432225515
332 248 660023846
239 149 148029474
680 672 397473527
624 699 459073399
359 302 792415343
925 42 580733553
517 371 78600457
755 412 95503610
845 888 103288371
654 840 518590368
55 930 726029304
598 369 237823653
806 198 457882928
243 154 609383153
442 394 434615
244 421 621518925
205 48 659040690
385 384 695270810
450 995 867595223
515 383 246495187
409 240 292625338
557 24 992710527
803 865 285968328
130 986 406968902
235 86 764511069
876 847 694943054
674 144 92207939
25 726 628419775
421 205 256974679
581 347 452875224
28 698 512051392
511 108 461982095
542 99 123014220
408 321 398860518
230 891 443747012
157 752 718264419
45 38 457036457
301 96 284151317
484 929 463501944
239 865 22837281
26 345 833626606
610 145 186948915
247 227 79649509
293 662 601002216
28 290 933497638
557 11 807660183
883 673 48610589
260 973 259505879
913 470 481689611
450 706 64927956
447 556 255907433
309 91 457869665
866 461 384491359
847 419 332814415
800 580 145208554
653 762 433526416
465 318 769559753
648 232 32376815
485 464 762982470
616 613 525475844
282 287 905962772
874 211 414311402
828 444 409829789
369 637 612544947
771 612 535646111
683 10 589594787
476 388 881030669
455 608 41668486
216 119 68984370
826 783 284610091
989 590 748049518
66 862 485011464
947 166 933077011
791 129 540518623
908 467 965302672
36 297 23171208
324 245 89553136
941 158 170051275
975 39 802662140
376 594 428103297
969 160 908122626
313 444 412183903
129 791 466892275
939 836 548268182
114 60 731083432
823 976 721427528
571 940 359564217
228 911 451906430
102 26 769332819
967 397 292547920
361 647 268141167
103 432 600058201
879 381 619430248
394 632 535385593
694 856 620336069
386 442 905864956
369 925 715805329
480 197 209586259
596 846 258714679
579 74 486640834
306 350 681035410
192 55 496363298
842 79 490897856
929 637 306757387
218 48 661799718
541 312 83503105
544 166 381812491
738 726 260609084
958 640 574216336
393 154 488003536
68 378 137837291
356 674 357102006
108 605 866210426
937 393 79092117
88 541 547728909
972 713 224902870
927 721 496247428
700 895 819566376
68 105 535974948
537 172 207173874
343 354 602073190
266 924 984210505
291 152 673826550
666 182 597188553
718 617 980152910
563 427 67848682
5 108 639070594
418 972 303459149
113 991 626091058
461 817 551088442
961 585 251565591
78 328 719439406
260 676 743462674
199 98 124109373
538 334 274112594
948 3 671185270
619 628 590426754
799 608 200974180
812 631 968641242
928 689 763906342
503 128 44313393
213 446 49881333
208 211 447508166
258 672 326678410
68 62 743335318
201 152 280912218
825 677 849698504
757 633 645038127
353 435 477080382
181 502 446164488
653 585 376313884
178 853 216764777
615 242 959058213
905 734 90459523
902 257 949961243
489 413 834882627
427 10 619795947
774 837 369413655
431 268 724847365
272 825 348785173
183 428 862186062
781 278 965308488
186 105 296531566
677 652 70665625
594 287 107431331
636 145 412406687
724 286 296039044
801 234 828422715
916 413 638347719
623 429 71121951
261 373 981646722
24 386 611113990
510 671 754348630
595 484 632398028
771 316 30447926
122 995 595378791
333 600 254888174
443 176 14805936
262 372 903331339
979 834 881068611
969 886 373802555
35 782 708169940
353 648 241702392
193 421 918734740
701 173 246515831
341 265 838832126
671 757 760452325
564 882 893361739
351 359 933719080
977 509 634630822
902 543 622205805
508 301 512231423
7 961 396978271
706 862 226940538
469 581 914312953
190 342 224019135
562 790 309184634
752 4 776220154
452 34 98142673
115 370 816796149
529 330 116700462
19 13 621252594
555 89 454573432
511 898 549197213
904 866 901045243
438 286 357210138
144 753 470404017
968 956 465159067
953 100 80693401
799 199 911270990
671 731 313346228
739 601 19863798
535 825 905624861
118 209 932674735
444 801 725100314
279 556 789112858
231 60 563636607
264 183 202793888
268 150 252101436
507 162 456757228
681 469 402752297
48 717 770763719
409 393 242055056
743 631 434950592
811 429 931585646
280 279 106237404
269 917 782910632
537 40 5693333
297 357 973876569
321 400 470479410
816 666 517255031
409 611 365317336
677 235 728811214
631 488 858360276
896 347 347154211
539 522 137241129
960 749 610769065
576 722 794136567
762 135 675441664
543 891 110351319
40 675 544447930
538 344 157861941
648 389 61233538
188 844 287905890
388 791 867721582
301 873 989392235
959 245 368281083
384 182 956439051
610 490 297543448
303 755 173207015
594 26 558270207
521 549 201139040
213 417 215711699
857 378 577483019
369 36 614580652
847 807 923795591
622 268 274123357
189 567 602442974
403 951 241128217
765 527 202487638
175 540 236065789
900 870 653612467
125 39 71613360
81 70 536989859
392 313 76587832
413 566 4187082
635 905 126235803
168 950 805728049
449 438 673743860
969 919 835937187
846 876 398918416
436 98 667231735
202 78 908146226
609 372 316760545
400 332 373563343
220 842 136251006
705 791 908189842
478 594 604010308
427 380 727758378
115 68 56270947
456 443 341164691
588 426 25161736
641 165 415223889
103 84 545838158
908 285 568948182
203 523 423158039
806 375 380437801
343 443 722707874
321 164 845145677
642 52 620035991
943 169 669741151
602 437 702385552
754 157 489617914
382 812 195467843
265 394 56337417
301 147 799966752
785 106 420315318
312 111 439709335
566 539 943968138
525 215 41236559
133 520 600044060
431 877 619944888
902 335 370058397
16 399 697410998
523 867 455763701
710 344 612872449
204 667 772341522
505 656 744723528
76 856 296331401
538 31 28790044
514 994 568150498
253 409 373134293
242 399 953315523
505 334 709101141
80 71 884189132
818 866 699871016
795 675 601323362
57 17 478523629
662 144 414326397
459 333 901435666
765 86 696577421
69 519 846288537
796 656 136953815
725 903 271256733
310 548 904597901
366 282 473295035
837 725 406409202
204 396 872584975
696 938 642954548
852 422 468254828
229 93 390077514
189 825 548099090
821 944 990274706
236 735 485184503
455 500 882655905
174 708 598339572
818 58 508602933
104 863 651299756
533 260 265687138
421 790 155808293
17 823 43949019
419 656 200360127
16 628 954465329
220 580 396414297
304 617 580621154
69 684 636991660
347 168 912246504
959 247 909544740
305 205 230840900
983 435 801053736
6 80 112456291
824 356 233483557
777 737 166830431
55 48 655928843
833 854 430244667
890 451 846001147
244 485 786104413
98 223 659128032
373 295 307776301
881 779 203913937
219 337 579303799
769 858 87689638
665 209 858258703
419 630 155080466
472 112 491070837
846 89 950339626
794 879 693886738
73 111 184591010
475 374 814794708
384 644 580582782
838 21 92014323
669 238 55283978
888 468 634633492
81 968 627289957
683 916 464144811
531 55 805336483
877 641 89914342
185 92 995598468
200 22 279447954
375 45 225461431
371 692 88274586
366 476 49776557
816 352 597553130
392 233 584049224
242 820 120560878
437 49 823935619
247 6 642680064
627 949 308260330
730 494 104228819
63 760 97647544
355 280 516623856
777 241 843489717
280 59 22587727
561 626 247908964
666 800 492116400
255 185 471749008
475 899 630410668
639 790 693991378
284 765 305039762
520 882 992158576
739 259 820926996
605 691 670578920
434 364 646806357
875 391 245090944
281 467 981468123
582 955 943118046
662 661 323368806
977 382 217212918
163 613 977472998
832 941 535316944
38 880 346901315
603 981 871364481
755 99 87116715
978 799 229449403
631 366 756493792
654 902 528383248
280 885 297910866
467 5 887899424
32 104 88475837
886 869 969591190
940 439 202479422
497 956 792527222
423 318 968792639
451 566 938747257
509 703 391237803
328 106 555064353
420 128 682701138
642 763 69652546
347 59 996574730
821 407 455395383
640 658 437649736
754 564 710102943
401 87 919459375
651 385 521882262
226 838 386233281
872 380 527980015
326 408 31081347
476 381 757958835
652 210 972070459
335 58 555645693
360 424 906299626
925 146 712251123
481 251 385152883
209 625 829497775
811 883 258582815
2 275 359101118
65 652 934459306
518 899 935171458
28 561 846140546
802 593 790878337
963 183 573067208
227 942 811805907
385 510 34584363
739 168 431050859
325 187 766004439
599 835 706129539
834 517 942580168
899 598 746236665
749 317 848177113
694 427 93405190
893 548 174011173
652 796 641938338
360 140 402929021
326 88 713419278
251 413 411505219
264 837 796496167
882 171 232052317
208 167 912290428
525 487 289726924
876 60 437567460
264 319 455081276
430 123 647343848
400 721 812794294
63 557 3944424
46 24 127160880
269 200 534863246
995 647 400070037
93 697 431899344
387 135 169725387
934 739 362420623
561 828 720208459
434 333 242967104
585 832 435170454
277 123 379712729
284 23 309576285
105 385 313129102
796 299 180130024
835 293 683489678
463 636 809427505
153 294 887195298
299 698 703618436
989 566 223364428
444 176 707006112
849 607 739285476
851 887 355668417
929 123 6011799
165 386 704914106
271 70 158959900
748 40 118901735
297 981 468785112
353 87 414873490
153 113 432750420
944 82 138062176
483 280 66157680
824 361 911750830
289 667 565056985
280 673 395036761
751 45 363637120
735 105 987332051
675 209 613751008
879 225 848167078
474 338 799256057
502 149 178471147
186 252 478274906
782 529 892742428
569 484 614372442
901 873 645519230
702 169 131884917
108 38 960674510
28 22 856916328
926682106 330590301 334297428 230625521 874751088 72505726 466012114 339597364 995124180 79560900 886144399 917695492 214576759 24975355 308920536 851299689 188397953 558332800 894276572 857625343 408633169 313904044 65702065 982274760 669224645 341835167 181802227 936427692 810489662 871315925 311311393 242920613 375944269 756973482 39689093 672613694 222837400 881217889 223081401 404972295 658378699 76790872 961092070 178881708 196114219 36412825 493597850 870459486 64705494 772782216 358491245 112832885 68859115 36900312 861723235 311405167 200666605 372801501 166672210 192782258 424336940 541224284 32900637 646409975 675025931 745032283 966772641 764821330 184345166 537017526 705739121 427086781 320970776 64771761 894858667 465499570 382666337 360560510 249574205 483231486 425229529 634310858 232260170 670945852 429061320 871814209 271023016 9814550 208537386 359931305 161078022 551169486 273697309 330501780 638089533 867074536 595067479 560392448 817757632 662293404 396917806 276509291 12699493 419343961 208508294 473347952 225847140 487960812 34953472 508389372 516707323 920485320 41597217 411383140 480642702 335768855 323743293 832874461 464979118 372976748 475827353 456293605 894502729 447922621 291565034 618642454 76659029 392736643 518909564 450874555 51728316 383517744 901234917 661484057 567134685 538752814 441992701 172280978 383136305 675309852 702512915 164881191 490565331 127503597 549326603 961663063 262250382 916341250 402347719 764355262 268524771 579483752 556006025 694992080 4076840 654019390 730049497 186921074 921059585 561120589 317065904 40794395 315851542 862892885 861551068 236222313 107307286 779461306 555157873 57866550 567808714 905283758 321434628 988347050 397112866 790428363 448576542 757664998 470127077 24919749 192594602 819425924 593730694 490866659 542517238 202248061 323317662 944954375 669919643 521005873 943129102 475605679 14967252 264282716 245198198 126815481 199244370 357970145 34279646 736488313 658097139 663467121 935670552 582521616 776138055 749655865 932282891 698702087 161750017 402328408 151431688 654356004 637086188 584607923 408994837 105500769 418006472 416498791 352316661 505749745 33621691 220239718 340613093 390239282 789669342 33410170 280824145 759150708 248086861 409644098 890234052 72616992 756698651 692704508 12501246 443975588 747828477 784525154 123962658 111476790 148466713 410142872 798434528 471384072 183581038 599360376 17972301 795403197 824779718 591355982 781537188 134678773 134960133 246772779 262833356 60374969 61903272 545204680 155988982 292731540 614611306 850246638 709405283 445222584 750188329 828187076 84952996 198037713 952288211 520330755 961540358 717731806 160882664 186722986 384120109 758471636 26254600 446875281 23337534 675501820 626472640 33126998 149151082 139875888 532921676 835745642 48621931 152225279 743262545 345716316 444653847 155878382 984855938 975136220 413450659 297966529 18492411 327970898 193066040 287525599 133212110 285446595 319001734 649538010 593988398 936108773 67320556 973779422 76334449 14537521 523295962 597582637 933610551 985991285 240270325 272791512 902017332 606908591 366887773 615283542 788934281 731834469 786764342 429118556 88561130 39780206 912194418 979460532 778583266 583889784 612719781 669436749 451769803 18403111 613509766 264012151 748869767 662031637 859483288 8700456 116366230 627311141 524039973 546582235 773126059 231443693 711339182 265297968 896024770 496413256 560815513 711268746 106983613 53529991 970965610 607748170 636717846 77915842 890719933 969627148 211524931 605386280 705968047 610841418 456028544 973296750 249886529 425522644 26423013 699994517 820494709 507646012 353994413 505605524 214653901 32746362 11494251 768198419 822645905 22508545 350512014 119009764 850760135 70491969 708590718 369559344 910052138 68029274 118126941 462917789 884303319 440207926 255421078 855364548 980290391 393438217 638982301 225332941 532332467 130730964 961209474 691752138 364562672 277119286 284290859 215399283 219183908 900229459 529116369 713730136 405083802 143947651 372239724 738793323 340650257 588766967 366878027 43550959 987893760 441504657 794041986 377418243 462769197 928918689 843070349 281612924 370792277 170569664 30007288 246674307 791678195 364891453 328374221 39254379 930060146 5222413 97873558 509088095 351804832 212379793 896926001 335667669 744465734 66365558 140509888 77343508 23594978 952223882 161293092 454444567 853229813 655659170 811129075 827596805 58807538 717074269 301773375 492199884 346170998 913445879 273382157 380409306 86328249 10456699 294337811 280318421 871840906 543544709 739305708 605505271 964557603 3480458 152467326 794208358 328896632 947468802 587878999 153882806 297002492 739090901 44664502 878556558 885919831 898532845 829279014 453266471 338310311 889397093 132032373 989278972 357983994 225693777 230663170 858813858 184311178 233748515 915920546 658260121 826492071 550637342 154284450 461865534 336247564 319382332 49253729 283659189 253458602 320530522 676786226 442958970 186034955 525026815 925270884 784611972 570444173 513534108 469914546 158378660 298231924 803534949 557072399 808634212 335638268 896179096 67050880 789915775 339161078 820764440 783954171 254435083 109478113 365133602 363276719 789184088 783783347 733789885 621819277 41373905 167220675 451799174 297945520 278657653 453240428 361055441 14681621 883661740 380325921 323719454 257933293 312362907 893936804 85772692 240101171 777487335 949196255 169476727 852047362 744766069 212571014 114502619 316899250 165373864 717326708 149260606 335145275 25738784 957597402 320643285 711383305 751245058 474631025 55533637 368561154 207027833 676535131 192664146 621657318 53034375 248990086 27148382 606321025 797988964 713874289 333503768 157992153 26110641 633242856 317278629 879555414 636682248 34954043 192409230 322039130 808859341 297796311 33453014 929759649 606479529 27972388 63804877 565345653 19174732 210400044 126967430 314394820 515239952 320450317 493780959 187262289 479097811 893110888 228280314 884249260 179889038 119259279 738496891 193672884 347997129 400280957 143720593 451726900 758814063 965703171 456179905 60793988 696615949 734475185 357485900 393472517 71270389 216160166 481523362 114012282 103800639 399143309 446283316 561669764 604662577 432420545 699565958 168060288 995858906 584271614 183692870 499111230 242805476 800589573 566519373 992991967 313600440 59978914 54049370 755361206 310048050 7957030 94389280 799713226 454540409 841789814 448973728 818361710 892161500 718426951 71441254 5955921 299894343 80745895 163374239 698483909 432827326 304487997 632111591 602102938 355007019 896426128 225526664 257643054 671973293 480714922 566468429 976362373 401335005 707469845 732502545 83654844 452399655 989094506 746800489 621923391 901580263 187820376 277433517 912927730 498036606 281227330 729566116 700391390 923764271 125026487 84145312 467987773 621396947 448817687 254223126 315632358 957966826 226935626 487664874 532423427 661050545 180432088 605951763 885706112 580946869 34573075 468944541 88639485 531656675 748071070 488408516 514368575 736788080 77290539 140179062 204514282 588362789 875710144 126337451 408475165 431888693 311922909 556293065 413058480 192996769 45109800 773706822 558690290 351579772 578719229 516882970 660319861 4446137 284914608 430909487 547045646 675851386 600145892 477675338 151081731 620924355 49554352 794849519 125243697 675250859 724753193 613309662 907310170 28673494 385065880 13765117 271748222 889489841 602685103 164034224 497882073 551222076 620785865 647425253 623710586 217554620 275846596 104142212 95061351 178368840 8302652 106066300 164401644 424249019 314353899 768573952 936184697 600727723 996353362 736785837 142106184 897958754 594157559 473500430 762963207 673558194 135448659 383595466 425843861 315867156 765955919 412114410 639840721 158308719 339676147 707460355 719062569 679393563 762891887 803306109 57231661 300029548 326722174 297018778 887020683 43826317 861067098 630648910 852101328 587141654 85464700 374795221 582424627 960706111 943341025 365515969 964399750 40516524 520595757 320437887 349141794 800918791 242111314 205095637 309767851 928707972 838970069 699076513 329749225 685474075 489326144 946337659 125817486 884431352 237401323 29534590 343596134 464198099 325029841 781345432 230513146 97785090 429600070 982743808 175846715 735006171 312040735 360374041 115224947 363426852 206725429 44846282 583200183 890831969 35916964 944971636 693386374 610264082 111813427 660045386 948234802 801916675 876773958 19380447 534789304 452145794 216018653 577135181 147110114 90431780 613014739 468802256 511285748 39969114 287712656 922191049 183010248 21076238 915270565 967457024 242489220 29905548 620487758 869432098 269994522 426740109 536480740 41473045 991113851 737322457 999876105 675275019 904861441 268271978 903059706 56096703 517405483 60635984 681018808 668382288 900898579 847753621 765858565 870631147 610974165 335969233 383092813 948165853 569712902 700265296 870429699 350337258 223688857 608674908 428632209 172972897 590042031 271095387 791811516 119712420 605687046 355154102 921934133 645812850 147736097 206486747 489199286 231397167 413228309 137874438 778385249 470258550 946222997 91556900 897986416 431122003 93765053 540227417 556855406 603132976 797413414 809859802 716103767 56551739 929182801 735833082 462683521 936704932 921936159 128835281 713586919 708727575 698061053 405297267 790676616 173245620 727981291 664953245 160078888 793452958 148121336 896200024 857546959 975558265 751752297 822237514 28984437 222521975 548178732 254180196 685471663 659981049 568090804 939928687 164287697 839348684 71960753 964904706 713468658 20179361 181471925 223795233 447383193 720102136 378409765 774633244 641567320 11849815 30714612 993288092 715038257 210558473 446242999 464539655 172887291 321301027 984442718
512973450 42442167 511391184 633948585 974670550 619526093 614379372 520734415 217277973 191897359 695100024 87889586 983934269 499796604 817079539 910466915 214523017 314361810 439488658 874233070 203168330 12681283 463003227 910433323 141346825 426437545 861844964 700197622 867686259 117070829 972469005 553776392 484329130 80272156 769140775 594636333 938521559 601054770 171521929 725588192 848239935 317207192 776701262 364330913 835716289 601856382 483496250 896582785 281142892 211745839 535883058 13501010 52535474 276505945 553509846 503349707 141637278 850738766 761266179 542053533 129033541 216740477 506464864 752702554 616714275 143965411 712980508 989267804 190764047 936446780 333181369 47332400 105048016 433231431 151016709 399940865 130205639 914464653 158095642 433418110 160830602 262350339 173669559 247730235 896136840 881636430 6186867 527092930 59183773 422922023 288835186 424345227 688150584 761124981 215347793 645936502 27928642 738743098 50251569 720786296 97577107 456697253 556900298 622597664 751712453 724293517 279875855 236734845 685025689 725148993 49089340 418034347 666657821 403714754 821496046 268695003 167634940 438826213 137001319 875911316 17073053 889944951 609806363 638284526 488658710 3236888 33232621 21541385 722900588 270316301 681835900 209589831 722353337 828068793 292938901 384136734 380376988 509490171 129488529 545759917 263479924 807139311 338912700 836385485 318250970 468089585 443646811 679165023 637125575 597525241 960140250 33174023 896043177 755440458 441900237 994999060 26160665 806334382 235043182 594546510 677318662 59101288 751592923 803468822 841945002 991320991 459662166 331753640 148902067 880142344 877863326 804913022 6944504 242867457 667935182 557604491 643125269 874463998 617592199 304528521 338196900 957979746 239794199 801185139 192872269 514514211 370807856 551733960 472880724 910071424 218931105 836895584 155154542 978695718 397294186 289202142 919470372 381648494 916812243 415173832 63822835 507654738 128012386 31261993 748780655 213359427 98164499 501488228 706172150 43958961 37220564 955183021 260815563 607770322 849318077 244147001 976546114 24718833 443208462 458423240 809772676 730410138 667131674 282737462 718718066 374153076 969810436 965115559 492516749 140416760 503554779 903251206 302170691 977488438 148167882 372076894 116951621 606762424 434809029 973483035 726450486 513228079 769471570 360273590 961280184 446861648 328163640 950095889 350253314 883017955 214724405 941082554 174088934 252482193 335795377 875834879 793937548 802992698 820447885 326741732 533610337 421300336 579524126 828201377 346443907 569969256 669494018 13873889 980894809 296959626 813588571 860287517 616123423 11336845 807084032 335798156 346062900 785466818 279525426 779033827 665096473 785638250 869425365 903371338 307309978 987473540 466100162 887846034 282726841 492036557 494643359 962947411 591423718 444287478 277554463 703862860 213478192 453012427 475976176 624572210 633517684 633325452 869735152 581496997 395238627 117749403 743892764 226771711 564075046 237049962 960852493 645941818 523961434 916495061 923106166 260096996 849770963 226761597 774529509 464410621 574979204 342981487 104393118 107397327 185609663 505337458 287097682 748791408 66420992 781799959 215674754 398987402 977441724 371240300 699621713 305369490 62668329 242036850 280112863 553379629 188567930 370046157 167952538 687165260 783897222 679482167 628544290 636896995 469678621 63924747 584732621 301888702 839044986 593546410 914492021 614261638 295145225 221871015 952243431 388204170 299350989 79027555 624193065 987365636 965220931 7466672 701966280 408982266 473098735 488783250 153662676 986587796 194131997 285693128 118341512 600915195 3926188 624842355 12729383 673032472 998055895 797342296 804451532 862321817 205784184 566973175 786682085 764472697 444676318 495116782 291548009 379423570 413969988 306788120 438910117 224032338 911485203 452342184 928005108 861261119 764008011 881266752 242613558 225014718 92675390 652830077 824551011 152230606 706790961 331936388 725435720 7044413 944910571 546902786 90643155 830026724 101781245 869621292 983829362 820565384 614887085 318788360 310025265 712269283 528916707 205583527 543447645 505668611 248282397 853850391 571181700 705635966 855674769 19636701 990059387 24356359 927037334 456480954 131737946 202150054 681420285 212815199 622371052 521693622 822823739 969379948 377877732 475610118 294912672 770659738 387852556 697201443 117218220 893060003 534965393 422172478 238568109 97094595 159386528 579349640 26837489 160572799 320743392 649411162 325498308 5475166 235875180 789489294 390491427 653236717 616598557 501893962 336749932 446009988 910871775 290097785 50264815 25993303 460742454 930694994 547951778 332289433 242676764 926974606 924127125 216616282 121349990 505321998 239880388 654321971 453218518 127626462 157543853 434068395 767374853 783054033 389828499 691950184 480863753 667578239 294343941 507528851 730836769 248517394 692786689 347043268 508709615 987043472 911456602 260317787 8755899 302115417 752575052 548303202 844916873 261291604 274700200 350211578 455442942 377686769 849145004 927688182 54120896 84686887 723370814 118852804 494726041 739322996 886803259 688012011 986356437 266183226 220208439 859323620 393532726 923996587 422858881 571403647 902488624 237526438 882980993 96872641 867623421 26701012 728074936 58941469 323990214 712590961 890623786 817571259 976014445 127466175 786393756 286806419 977670936 119679749 103357684 556340512 661750828 404329588 715766277 158810447 830498242 482756248 368463883 339409296 918687480 312150610 507676743 970460119 547338476 273926522 96406170 143771046 927346184 669202605 19935513 375905683 198324745 4997280 943987726 520405505 787536496 374990201 47939732 664148403 943981460 471118353 447677528 395463702 589454582 901088256 769577772 997877770 223285850 239905187 737095218 942512833 477857947 949322282 13663566 51231959 848174496 433574369 252324058 346821438 319562862 708804354 118433317 605837873 791298772 356326830 532643238 867790624 878004146 148544057 586069903 558344220 691249226 320546535 362650946 339546870 530352612 556236684 515203935 609855481 116786585 738170618 392604324 365304751 66256220 875909606 183177594 373970126 834174100 430061599 927044948 467263697 18167859 756831970 442876722 298096158 261763821 468973931 185362038 821010061 557955464 650539866 151684456 967670354 274693506 315768926 153072904 326804164 644598770 720641789 400019746 859006753 699338312 837867644 381803473 265488292 326533581 975385008 969855036 646743406 835906021 341289355 863615973 514944163 714307401 171991761 420594684 642686464 503843509 659606036 417284178 459905652 182253434 710341313 896812590 731586155 827444184 196343836 606414702 427815789 369219684 100371616 704748163 417650320 710625020 693143835 491330685 787944158 239622377 164613197 771876789 297505518 54731036 172935147 539661652 931837693 557482356 518284594 907749851 867841143 228344642 635510747 831016879 439099142 344017339 529129610 174998762 441633350 485727207 592438305 79651282 703650215 503197950 16645288 965080379 963566758 232190364 841794496 799650234 188726640 148998447 976206770 870126863 958348862 957227086 384317421 462702092 760281074 137687421 864512780 229159426 772317519 986904417 366778745 644371897 645357862 239688084 392234261 43893502 867552020 330412911 348216735 705931672 156030080 186590806 312381193 17021943 38868931 91354822 326573719 513373650 51350055 141930644 55369611 998036657 729032171 924127361 872243837 925000455 803961346 879870223 8659089 290639610 60363780 350016679 694782140 751984130 47693204 258944177 836610702 407297477 147615099 196545965 158000406 506091387 268931141 626668592 450953786 596811697 537247615 122475693 850890649 57218959 15845382 307524908 991841963 638392434 489073801 214687477 884850894 225942608 26526959 485564599 66173296 126417387 951426327 606389900 584755126 785549511 505310275 543788519 952239480 445682386 300270098 622127984 173648794 350141826 945610505 734835297 461443410 918207647 543351430 229432620 989468034 67286834 951672166 125958355 141189592 46021884 18191982 252924320 681293376 727604889 375837623 928695724 464935193 843754856 143353075 697871169 322679903 685502431 947966112 450229515 553512632 362192952 4114225 628450214 523112612 765262353 891396556 483782060 411870501 250970696 840613804 985699158 420477410 151967067 129717116 659995767 179560648 801221661 216191499 446272588 663670331 714992676 318554224 68281879 146793381 536243662 199689567 278086064 121642430 659869716 858730766 336049466 495324637 390597715 761651345 98514597 130488172 319997619 352994749 747625570 26806267 340241021 540853262 477109841 791013806 143685177 196173327 91183984 216550531 992120507 639714685 483564742 917639014 985329810 270584569 241804239 208432210 279528072 869975526 245434382 294522694 299734996 21072165 300699268 271757122 913657517 962079638 155261206 164714661 9779675 710225276 39015975 372442600 911066069 995580866 535853146 254355886 47463337 453902722 867610443 62515018 817803409 749273758 343309638 49620521 437565434 964810158 984615753 618504349 907661290 803955580 381683450 963411530 434637373 308002365 116874713 441411895 900521904 224771637 916933553 208448188 525262491 646708693 891663412 588448309 211261009 997596719 420333015 527380258 363549929 273068044 281707242 409535390 212847337 494402903 68321136 209987281 470254594 822228369 108736103 416245860 53820496 549558738 696215778 797716333 868319851 243661758 149360518 243129054 606711932 30764995 596259243 980023164 850186324 96545233 900724905 643288019 389002724 17084894 973106161 547458229 663542060 38712870 495209926 383932976 280382050 484431774 31551118 530043027 660545402 751386832 603314754 431242182 854697073 667830977 104867601 292702583 56136773 222845911 415849150 201489160 250214305
539606366 322992113 216600533 840847635 776845715 502035034 661129692 72273583 409136969 87502559 402048867 191344229 822335336 2970921 496627436 577181584 590817067 75656510 567488163 393006445 970953655 916727690 323118115 997177875 309022498 803811427 519703287 941327430 918168056 245970901 682747985 66288151 823484640 695267291 399061360 380790577 857904187 535077861 267011394 192644016 98611215 304399208 356387993 285967428 407724772 430009777 546619148 754223310 367129563 918738849 6999237 4182543 570379885 72288697 685199180 858004226 525800127 438827037 184136584 84024319 303163232 137586758 656662236 124528764 390099137 499999957 132727245 138009139 378706451 74729770 350937410 959435531 317498621 374966830 792002562 22556380 782699366 52973509 437956546 191113329 765665968 303589206 855011681 785408749 865820383 935121019 518833429 391864047 711531332 717563252 429956540 640293857 619268897 105921403 771634232 739508133 455607176 82116451 467442490 716108027 123177117 630929680 499326495 760016770 127002899 604952401 76688065 550902220 512122797 100601351 225548488 294308872 320091168 462805966 848149290 406053190 384966850 368356733 614905226 495454718 578669520 350182468 270963767 722074328 83347135 172646721 507500343 600115687 645114898 297678562 74639065 264938231 51944554 318750295 597456383 23863652 230022327 925975490 751566381 995055610 432840248 464766167 454180873 135988809 373590211 389124698 459902297 263046384 377935151 683805061 940786388 682846272 757650795 785864214 771680567 1658607 821107875 329026183 804739887 691721313 540207207 830103312 235165892 373810551 622345273 452024647 807210414 173902478 397060338 739040694 51003836 261245229 49422966 862017654 505376232 295629141 592257949 534871696 43194098 724722934 759232352 390039077 369625079 437662582 13100023 21820377 764526713 985363938 900946564 576387472 709456797 888299910 346626197 450349573 70474605 794207745 86695767 762265918 263533724 442730879 183979313 649817618 455961159 238990502 244528593 568157852 421598137 572107151 579594740 981225605 865416379 775478354 183503269 755060175 27925019 359072624 860458586 628086950 871378870 642904959 137780020 547879790 265422124 251908512 517899098 474552311 484051256 269030789 6466516 528080564 340691279 718367106 387091221 75401900 492719852 359229645 766598425 401229956 619766211 998250914 962514653 234936765 212100845 656264613 764845184 701690801 442844562 522255873 466823037 206091363 826585419 149541771 620387061 400080689 892831376 421698909 645643192 832582432 457329734 56637027 76308647 388554886 824234199 544679440 104774223 539887154 619536468 996905598 971396128 976539686 367220090 218045422 745778216 787910325 650216983 400304599 520385262 697228557 577866340 142945498 924352554 54928073 219161625 237232463 738402244 930296074 524830162 94998230 453544260 180804608 485793278 545286207 737485425 142333158 843261310 130346930 704066052 836331368 762291707 345671732 20987947 137923614 45367283 936094707 371491310 372842101 672395544 206499883 527333549 608141350 788629223 511219032 302265233 452688972 129972710 245149255 367310154 934140947 540229094 46429945 346079326 261336572 923738954 459921688 647266114 616399026 354284513 108137231 858556988 999368267 659139188 482842668 973685833 917002247 866476752 459672188 267234224 562529125 611081641 285263245 13980301 105837318 670838586 778177082 597441459 710210273 85401276 841897512 700727516 174402996 996063415 305724425 610794884 303401838 125381491 20629449 55321308 725123087 985733991 787932086 721253497 812539000 755216669 213963072 685223128 655039762 959114077 647989420 949035452 645399958 809607743 431061416 368623803 766212482 756072859 716282596 590773980 754164823 343908050 935406601 524475075 733344244 517116819 476582039 707268075 427825877 63348556 21601978 522625853 320850517 741226554 530003395 529855758 824047507 578233519 712419992 636461564 900745485 371933052 980076763 984720680 50558794 730995973 339171412 924319482 519456384 402562658 937550251 160956788 636935949 760065347 93102795 269109136 193119854 161576129 141316716 169588346 778352221 251740562 170687738 518452602 413164022 420325615 423018436 223402187 518159874 28279269 910526510 724275221 792467137 641079882 470314212 968932242 136274956 940475453 551613740 217155153 566489605 948069432 999111153 450109290 783415169 250776994 47562666 363271776 119724477 104359392 122439380 31587128 863447915 437184422 501187373 409342504 792256293 772925850 219661430 524992474 256170529 503546788 866740324 414330750 236197077 156254368 28471733 124724585 297904127 211703574 419551673 949909831 523424524 739211472 594531732 352702287 58273568 318864132 430496038 369217884 748740150 849300994 647938361 846118174 189502598 936946293 639182617 298278180 614939766 302245368 248365111 529100593 26070117 813486447 562174595 66908419 606774899 695752295 362095796 281782208 132319255 836362799 996260251 990844753 896752661 675280783 294359794 548664344 188227225 316900885 964770559 370354239 728126344 754249940 884529738 649784689 147669639 104239528 686657960 321340691 545848330 886244029 277590931 278997166 547099172 787277141 695974969 316900357 260605159 89255901 727093291 748338273 987280733 862672347 126890896 114460420 955333950 41976443 773618491 714938481 201767601 362542840 248032660 758122941 927036678 241975069 786484034 893917488 582131191 269455973 700817829 732066536 919661471 446003261 75418071 619612210 970953424 455483992 612609736 640173213 980379556 358590140 298008309 250174358 213576203 161790020 197480791 891402727 265384879 676883311 839682703 538112725 884460224 525537416 135009993 685014191 865924210 581682899 562698865 572546802 579936921 163610628 701010619 789786882 919841196 390575666 202277122 699298115 217131218 515187829 56799431 125267444 198140254 668564247 970082065 800310430 303710170 174532814 717751395 54739134 56293698 589172221 78799973 758030000 865892636 752002060 990310605 956902009 182253164 859690933 797130373 722966372 143224223 626483263 623931067 666831369 630420949 149038580 99452686 370763006 462046639 412769098 658014910 733676176 170537361 554105727 185004375 218667847 42322404 761120334 269988043 220105722 222386623 995960633 521330769 44328931 849369159 807703289 917837180 906144551 577375072 725455246 353187002 733246685 899683572 883855408 721792757 683008209 335684179 912266029 185028693 743518177 403878588 284632369 735843249 17662004 286523600 528559334 275936057 96675717 689230442 207095293 423144361 633584547 365836113 517893914 440819474 67089954 506174010 117464289 397403465 523567043 619046881 333181526 844973631 737020606 469129952 213918569 532127567 727825011 599976096 291752106 564367966 628168774 89536871 729074844 233073909 194066303 229255292 554108009 309721428 536026044 691416456 705291900 503059302 77763219 466617081 233235208 646841979 742000728 560055751 497635243 430704182 759265007 809647945 38745200 504965315 511529649 232596339 454162893 333273943 758637849 935186995 141770605 810768780 155772420 924711072 380750342 62945021 402479869 106399463 394706083 207835179 321238776 386706647 640644349 51362695 995309428 78183344 644640322 654207420 777303059 31789834 383009300 615577174 983198088 503791680 330486389 991481580 943063570 26763199 469116584 177469438 510821156 692008302 548631800 828211798 340295261 717348101 506323902 219924088 652185081 574490232 567362885 743244955 866487031 742489815 873685262 501271922 539343473 218014155 411330403 721936146 204353326 462156673 781700570 819471259 838485534 505004126 245563156 589427954 209260553 396948964 178854167 480254397 884247803 589020252 663717321 603165429 428232670 398452807 529957708 605828841 527174073 38206901 881550504 477218622 450470687 369148316 893809058 324405365 251366464 493675754 111097493 882045291 410816497 704385674 367402282 630643520 58807635 832509622 193341355 241876683 172217611 265894467 8976105 735266307 829810022 617069784 920789946 155242517 96506090 597066157 573033462 592032921 339743980 772782043 638478413 77722867 884901208 357820984 580293140 12212989 812798916 235507946 787474190 492479217 507464551 669882764 207099378 824734874 889542068 328753901 261478266 756888011 971677848 166632594 722868090 145828774 935491998 281330873 76375246 965068191 541470940 707170458 632542041 487028396 925471401 237667290 297076155 43273032 896017513 371953340 591278426 19067529 982106264 827695914 679009280 82751561 604103616 272222546 413909420 10121727 990815616 363089014 23689976 599674758 697251167 612985219 355970006 690263344 290664071 388807714 266658394 335295098 408079102 613248851 100981936 710172839 937695260 348453058 354103048 621442710 901220399 998594320 88569031 642333528 365230974 603546142 789888897 793333880 219661827 934939532 370727447 416299757 241472879 118670 222455722 304486579 975879410 976485881 533699651 242667531 52130560 258394573 880861776 811964661 121228835 163753161 413225737 905949242 461079477 863364520 434748697 150373697 452639240 425350774 842209818 939231018 396248194 379397501 56655238 381013737 256928190 859072881 875542047 638795481 113035118 535042685 132417732 584335832 890655398 585498115 57018950 683171086 751404628 79426796 115783663 166366221 296516999 410719299 694339301 64012884 827233504 901412479 168847308 705050348 346639463 788280351 641409067 145869436 987627468 585774185 629808892 233471189 102929628 756365392 282434036 405494699 59981849 983893770 707240401 789635500 733711498 17233425 526522451 98667205 673960457 668054566 716326623 135612950 325602914 289375599 521979971 433261750 387309231 401126240 434896807 697471531 703943707 826079163 566614024 548285411 282955978 560303667 547284521 317280228 251376003 106615732 472079710 567299122 467776541 564527356 43828118 440841234 206045714 121257066 96841033 197646659 833303931 912413087 520737663 954972013 832129161
637187934 764167366 236715533 200763804 234663597 861788527 745349616 405224623 410704196 630379248 136271277 625259455 348134006 447791961 363229586 711916843 70605489 432015544 885489744 452275934 431476524 929824365 46693386 610872822 757481990 830410543 585018387 731076812 632392798 325497154 950266978 634722768 294125703 196127135 283345654 509416999 709776556 244226329 102268586 403171727 130028589 419638980 427151306 455191526 31917240 157909662 231698679 765083258 784115530 634346658 849825320 33461220 243706546 372218007 692895116 474613242 630232020 173137932 524720253 966895818 580058596 574052279 529183617 601652879 43734172 157716634 882825747 921684411 356829495 258825510 850743447 62833633 58147209 763315856 577186132 671378888 536369878 768785092 304878485 74963736 909185003 175380916 816838715 605899300 908728899 396965811 842866516 710727696 112242291 23858834 392528302 416576503 5874969 416855988 580921745 595210158 785071800 105197507 21417947 110447057 300852010 780564490 668497808 356540967 329723784 875498654 754644115 724598531 192681094 347222106 190819395 147977871 217709083 571322480 229640001 302927463 187881366 760448569 752835559 913074494 640172224 217783281 484966908 590626731 194679279 74810332 316322391 177316209 519632459 660609710 735208148 808406389 308184020 570841991 237836355 147408512 687051813 411723639 676037895 588417993 239237442 989726030 131881035 365174201 175399702 157281140 644409159 938289171 515423405 140104434 615044755 501143364 624111307 388636724 231557464 613015055 384630922 761100833 190149930 432111865 45880517 792467922 27250101 673038757 12655668 468866325 122694561 352345638 614662360 711394550 63588743 259855811 896142538 542992901 120037106 81855566 642426493 889980328 654352043 731647121 232747912 603070125 145071453 97467382 517417200 750943353 791544366 832122605 631612061 555293966 859578018 297073337 915583069 617830787 986468655 281093162 784213069 201939262 77127709 78967662 281604757 11690759 555258489 354938672 960932276 141372786 522964699 750904021 57704927 930777244 933970491 917649657 170377947 644432571 313247358 207869933 312935017 13895588 246032069 778610671 76922336 411382580 452764081 993075780 337479320 443644329 461112544 158692265 990420742 175750500 547152510 897850648 454441576 687250072 836572699 977682382 587846886 541178136 802272195 913155441 970311037 775185443 377829070 321788893 763431612 835139123 487194266 973704913 32854031 683140739 969141469 361929452 705643830 26577455 218322627 92397786 781501231 203715520 920610083 551143394 955000978 895839403 799941701 787839962 531103284 651578057 307382969 211515653 421338575 505645829 297817476 675102311 71256247 725532570 76076957 189050682 430320320 202212809 112968334 533025387 645120970 313850168 697024526 721543608 709410546 890170226 780557067 250550353 380561848 827513268 53204818 884344234 597726695 688875908 125160055 542446248 25402900 278376511 288927376 241327171 873184833 267647882 452114870 329049417 40132611 817628344 66445557 136480954 308648505 362849458 29089121 916312787 2371628 350977192 71051101 601581650 725386261 518626396 496730145 946119162 374479438 857887694 742049748 796278560 901662534 625390006 527606041 462232906 314443714 964845361 853017140 892745546 679327568 959755263 532454542 230597892 40702407 951568861 281008921 131973639 910470577 967175371 479514237 609796095 828134932 594164493 504968562 156501712 588064612 594974921 467021292 413536912 295440254 464072915 537117837 514936547 232757489 813254957 944880578 703510957 729869447 567507012 534044361 551533344 191079353 612518280 508209155 745314937 111096074 795223076 473478413 447452400 939160280 468769934 245548507 689241316 565166691 130847702 88829246 430328695 499584241 239566020 660519960 887774690 950796316 516116064 627316141 397091303 325236592 727266552 657722082 256251587 289044835 551353615 870169331 424251071 227659885 488386505 966713364 457432825 876538470 990902327 816132511 266366442 286626916 86944488 52673651 209957820 662393590 263393869 328713746 621891166 77069261 283597421 407639629 259959233 719855385 41004262 833945092 726948945 354533658 718867672 675961861 307498230 478020001 662126331 146354660 290855274 599973446 682011547 279932853 440160129 118951105 505565392 778148622 912256256 28138595 352739266 212386733 54473371 575609590 825625262 465296113 397999865 512566151 671387851 521630835 150080480 465105246 49364097 773096067 774024109 305737061 910439807 765875270 26585525 463455219 189038456 850715829 799529209 846267663 308510307 54662971 111100368 577719714 646339879 528724221 884553903 744398979 377203985 719002174 596065050 44126153 89573488 629817736 540819223 755240950 312731002 383178789 12105277 876053564 149136650 631149667 672166707 558508386 577508451 226152403 591113057 876937960 863212945 951172025 814833710 958314487 987153370 121528899 69400940 367936257 353450642 494214436 625629075 914406210 628923550 723758135 300353324 23034962 302144185 408657158 309425685 657729077 791219440 416129839 163143291 335566855 546194625 591558841 53457055 471454165 642788322 372374039 350898579 77396158 392399812 431126639 414582069 773138306 571573373 295577247 198134467 730543164 274699605 578874725 690911258 527360057 553578980 805538547 715307690 5815944 374415259 174586038 648313330 233303700 865510058 159434851 396921107 716483972 625141440 518424194 992907383 346037962 364221374 611929589 686538497 461156963 994505307 766860102 40193947 923681201 839578132 28425694 511893313 601961054 639519080 146704307 566926631 11509574 162160943 795355599 484295977 556990078 709785652 228231948 726497620 571229701 367222647 492056559 122505694 945307843 839949312 726910140 80257950 857706004 600034906 199911831 230841876 980105818 94670541 685663252 604927120 151680187 824217859 472757144 2468827 830374565 237648035 23776437 248915528 573825952 833356424 192270691 283201940 535377382 601381974 106804547 199601484 111937536 13739258 295224354 945077044 339151682 341454022 719396259 613048193 416393492 365479505 148121727 103928978 145662861 183398778 755175820 13593957 804426917 748312693 896891852 15712869 211453240 671494000 397786121 232783372 384150965 501525019 379810057 307231597 83827093 319605747 477672583 627268740 385012171 4235754 628911131 925548647 217896387 584068125 964907865 779668294 423190460 284133599 62672655 547507657 789826844 462692455 395600003 564691957 670791132 477619183 517104488 816737142 116371883 364700935 404177872 492153445 203134625 837318130 15345181 696110265 803222806 477720691 224008150 520633655 534727968 725512700 624431911 746750492 371351333 695760796 37577225 677325723 445776595 400562507 525645276 782710936 590632505 684521294 649166351 798701117 571945525 651301407 456663663 212669806 893570125 756722512 892750856 776102127 816808609 121186980 686161729 114698412 697157254 679125799 606821508 187724339 640837345 265039590 110413586 652521044 905077723 839165663 336728393 775456076 467947907 805877972 395713334 727654259 455508176 718024981 871690469 492739992 147475370 452138010 606826225 69580198 985084916 649884234 786021606 195759882 35052093 719685195 338270304 184855604 149442888 217034621 215962326 803760191 860595765 754924080 659394761 799437959 193912188 235067811 385255003 695500329 280381824 154167946 104200603 381930539 374108603 994805973 215550371 998556726 843681242 309668924 985827361 247819230 341965297 231715650 739194276 587112139 100073740 20862474 583409291 411087378 937717754 644511921 698814509 822131400 517067434 388769499 821416849 573051711 656049829 29221013 475259414 663551017 48062123 408477028 781197001 706421085 531618404 962789761 881144545 876617241 158140614 10806403 299174878 471173692 179332423 654750249 970494873 38148743 829525984 28513388 223937656 398561266 874156317 690690751 738333118 97042875 791614685 85847676 393427495 133992756 883037339 186965573 965297401 391668110 93030456 924495577 994923724 313930671 132734669 496380454 180726152 440700141 924511429 861904263 490205379 752216823 716547082 201289683 988919194 479965608 72621013 169682685 251803304 789726608 528131074 690545500 459724320 669556853 291296878 296950088 286606642 74405414 622775999 98442158 104508332 964469120 258374814 44286979 83811785 375097351 699941226 758765742 602754298 732483596 979732365 571594956 15910196 713847708 150416510 838199592 57810636 30006473 885496531 351908055 824187452 71260400 416526034 204171534 145531233 263313013 696008986 339929495 398507952 834746553 810617570 102734659 692451411 848288924 186518959 486551567 87577422 415982601 144369009 956799846 572705276 668958136 848543570 960343884 895780091 353443859 689452953 732820049 91011633 900253219 660103633 703040881 281084421 886465922 513079782 434908915 176097956 512586335 241763835 806123158 371600232 559975754 685462925 220662727 959597818 644668005 826138250 109828394 786512694 887424684 798188944 265546890 565432596 74363582 103214852 975074477 382006468 45895900 530887879 541696208 268343217 910571452 445507937 583319587 863203161 758714981 496228500 503898964 505569290 654482362 719190248 919025204 44015759 541283957 886828728 723901282 333770437 916228230 548298080 554103581 665176005 172195451 232041317 372691227 181771626 782166449 183396614 638688446 699154079 74457027 104747806 201095756 945032409 751302378 268091175 639578018 21584466 636711181 951124681 984833253 464089554 674986573 304496087 857096210 946187258 21365067 556824713 241842917 55920949 916914642 393598774 104356167 936243290 352756780 323400808 461589455 133905344 455902605 458770552 920904759 373184847 542936167 496612014 199741386 608324259 42748869 246867839 279615386 176736117 277321992 499347247 255374756 986983700 544162659 297856547 105108009 91144879 896322684 229270405 413296043 510956939 858968271 279565314 252211255 165113259 740768900 845602950
499422410 857210526 775770320 626457178 752185551 632885886 820008793 673436120 496782520 842408971 327805388 201580859 90287479 67300773 697591113 173726677 213441330 454770888 485129222 647352303 801440948 756413703 429584706 287782622 850297800 643609328 172635317 623637366 474110612 242510875 283742976 494337088 108399167 640949792 992087234 85179181 344859853 536724990 827119960 856381861 817919116 514604323 670198554 719082256 861158139 241849571 797130995 971135612 457823911 795346364 288160862 628680378 210225745 397054359 220280985 613221205 116965103 787659546 375444824 440875173 722387049 604992492 563251485 392674608 694370113 187960820 525901083 212448063 776488538 229721214 970112953 143494694 188145246 443776385 520088839 140834405 387297749 111944465 862202656 892405959 12159869 773053134 552978530 382244067 493128368 325906355 467783429 786809053 616374055 619423474 900130242 231797202 7887303 147993174 355477592 300113000 375282815 251593180 118442945 355155030 90460334 47059277 458439800 641388139 873148608 279903531 990376952 925105274 689313611 582995768 928321316 632881599 967679052 27659639 616809423 67777115 938745806 847779854 295686000 283364971 662660002 314474845 605779108 205464033 539262235 469436062 693807444 197314196 847289940 776812371 643900964 849236420 636958851 664874541 929728675 178179385 855515106 698292813 730915762 730136683 998801212 152356797 127233420 710360840 787366170 712697140 613208735 294214065 81514281 815474585 7795746 621536805 519693344 193010126 621818413 613309344 633335983 141052591 730038361 562699703 718228344 552321511 609249109 122323332 866017727 767454943 276936863 695517093 401670845 406326464 449462342 295511663 785631727 389012787 609100728 241015067 548957790 412906209 847783679 449352408 791213773 423181799 295952743 599085181 311807834 677966684 962114926 552321725 956693772 949090050 863609055 426239034 111546593 204023813 164046007 51102028 635058233 602907663 567584402 583632189 678363608 137757759 555648311 190929120 469781593 811700510 813961354 368503156 502260245 873031296 706854063 312134533 463412014 309767715 947034853 844209712 190373884 943593112 17163319 407740653 91254086 652317829 210673164 557447212 454563718 870206394 963398328 747280859 134274517 846594014 112094807 658652542 460518894 828679216 334224718 38111502 315013318 875221444 64529099 89544428 517205403 165703442 809456467 780878814 860821626 495702610 740811418 401461712 7546119 44184568 113361644 679919179 139641413 370872471 548875585 527072205 587001171 749029850 596763993 464347633 259248953 298316364 6789701 825137513 637379762 968842177 243601727 577041397 806493978 579827799 65727052 579106673 861345039 452759854 204668243 708206859 577044551 375774220 316714047 620176594 118576719 669716631 415882077 810637888 779394620 346105180 251876748 377821466 116048571 179182255 11733173 187526637 307908214 768058985 836150191 271516041 721881686 700809852 808786526 381929143 114132804 642662268 811143730 320598005 753684731 250886311 285352501 825588398 387616159 935333673 434632806 55837915 210843067 205807880 260830184 107505037 799953795 73474153 599601915 167487583 369687624 492685983 892847413 697551592 945192996 757095458 502086705 357756721 804671126 790529757 744087458 269018568 262085254 350234169 266240495 864563908 276501463 570124951 322711392 525262135 680485533 666768391 886649358 805562755 877243978 478161317 272139205 525073851 562100347 394852394 729935513 835582963 402930288 481528926 415046731 283922287 202591337 643559194 782253861 30938463 903328628 539596552 452484583 617039846 388185580 911665298 277449571 494574840 222101071 98136871 997728237 557680830 346806273 418553491 776563239 6146802 765935148 729547434 110595070 943954167 69072660 988772651 890943736 677268353 451784747 905725152 615049987 618576983 742324646 495294621 369987001 226110763 55832519 509179644 583157450 258191075 910391969 327723788 419584579 209553979 47373770 148051345 503096381 225439386 839493293 124979227 741679174 731550949 771563545 207793510 854975980 538637833 279010393 96806532 356034788 707513067 295802586 209076890 219517393 431436847 814859235 994122280 554999315 792432705 675089757 793357591 589125393 690076838 162672538 596624851 372846750 428116981 660763616 66799982 791839356 679519467 904534330 141469830 593653412 20708993 573236477 442341036 702998187 19308477 670884150 202408840 855826380 853399 814117770 201043779 223742059 631914059 967556136 564483738 588223706 471413370 642605123 94459787 615150549 313557599 716469761 326757282 698607793 240697461 760807077 544822309 928119793 55533142 908227622 90155177 874730580 27816208 354376248 830344316 302451295 36367692 735106906 513230594 724273512 765456252 693869285 329589264 994632183 627465128 934338741 407631571 639874222 76185906 374096363 15902533 672287259 685513928 37968826 153023202 793192956 26560371 962902019 439318504 652315042 826113829 132817586 951032783 788936911 953686744 926359622 63444507 652119058 743791141 123819358 687626246 462251746 676707317 490919488 360330477 611768024 577475353 509808181 679558614 519056833 744982582 913105249 544203240 954175271 821163217 944048816 71473544 764870689 428676497 305035000 815034740 100792305 891552057 671054572 180019432 398479273 77860091 770995345 328858770 431107653 474860592 851117286 211867331 297780426 66090697 554960609 710526526 999426589 956115346 654403221 583232119 486156272 988311500 921905983 927137814 972728549 386791135 293173981 518399458 373550839 886441053 462667135 854097300 664778356 469111085 777602846 555640500 799004420 290011451 739788497 707712091 431667547 612745957 326535543 164013049 690272478 383241867 509659215 940526840 526694712 300694533 779650989 669742660 215489859 804127992 862952034 728452337 563566737 934804850 640680194 698299449 29820717 136091785 771573119 304124375 483706178 889473500 637668920 661676982 103047913 735788794 805103912 253459512 623020841 488820875 365690830 213351907 532757436 97000235 677187174 597717638 983139110 584250685 952594266 263953669 410286470 392348682 697753622 434576854 310244632 85398685 736586507 779923830 882746575 767501256 793048381 355704302 976872420 441303771 404705045 756837785 530596561 223260414 583157404 49118033 331449529 666630189 787254836 980125614 230505671 802694205 153513650 349833685 982913851 545819218 474631823 10924170 284546244 234470696 568378950 854965671 219814458 485699204 749030175 104560014 548020188 16306307 154844009 590246280 537265864 68215379 683833006 132494679 322859899 468995053 489755441 799901429 453372225 403050999 713151559 787043948 512694172 198238815 513024897 956460678 407140847 884933634 324865363 707116346 80611654 463778710 275772419 655545072 45496548 300743964 810829638 29145623 614347706 74944479 323980271 33466391 223666000 132954537 321150082 489666136 425898897 271310786 342562514 452488784 73324272 973917801 541671728 647320604 142115421 92223786 880864900 577787376 573353124 291714870 885344846 294687475 809290071 909596150 12120886 127560306 552590722 890451461 483348128 50683549 850852523 734375160 251076518 985910105 264676704 664525780 420759947 549015290 66497841 591734900 497414224 224495785 419232343 179230595 731961884 174825978 518044109 428222383 990665794 927301297 151803199 82908715 504958406 579935197 275477111 693347247 652347951 158198177 615276602 595509170 786220543 335799235 152157932 24872693 569485434 285454930 256194684 723269985 737758118 65926195 510268423 512314685 750941943 319178983 584622127 658738265 185818225 39355635 268977505 8385411 508699693 544531851 210273734 120744742 861162927 152143577 212386090 973568579 793345925 735480033 745880615 187012472 990393301 489621227 948111022 951911846 454107883 920117907 796244616 695231057 327456868 924038587 558367437 895798607 873313163 940949941 639536493 537717225 378044866 563926997 900796926 716800496 302212937 877713057 256911254 438369506 931905681 479981627 449744104 850034554 549728697 512792434 211097253 120866407 718756983 305167281 19998279 517341312 447053315 643554320 635015296 147524872 131073789 648539909 419883814 72177215 732450278 382582724 308120329 625933428 443005653 293487776 742569503 508872102 103178448 674819011 142863261 413844316 865919121 290689621 848732443 761025314 605033155 245235488 63213793 689108314 675104155 793817270 586088610 203216550 530426257 544922824 41257680 31817591 294958225 971062495 324149974 563071530 828410252 542478332 365439051 764169657 142386726 466038648 255673330 344955603 203741079 862641911 608392361 128974242 69583540 526265485 994302910 614838437 372357124 691501550 707317339 468601352 655720612 536976663 487791752 667627040 282381389 754701343 883091739 619529783 376927297 214055924 170511335 723150253 600869983 562195220 365437633 695541083 657853893 76543095 371490061 891899694 356246329 801321811 44165682 873002123 668140518 327446511 20191360 403594041 450541311 521591925 210425870 283190020 422384349 450266381 934192166 93614138 544687754 660467724 167643051 951550855 980875009 596391754 613975195 709746701 955898597 286217720 452548085 664668184 921985251 470137362 714266125 980712401 25713957 208618699 77756300 479151099 158959399 718898984 16195522 954898150 767707332 849798955 502608505 929229404 974432277 18049749 939308111 673011371 587683121 414645323 706147332 826487518 38529248 49121303 242636267 62401929 595886006 527223594 829489365 434879732 331622104 317979603 27100885 15323280 120575964 460900606 341625960 994435290 59017291 979846096 230881804 774418165 178203417 340784286 563379909 815943805 340072694 58398342 900004411 842275814 606615463 46789531 307740607 319583610 772880978 189189271 323975357 573088067 784084545 245186990 815852664 714504810 868673037 142151052 950466070 827055723 591151227 370745618 229103462 379277220 476807306 632030566 739915218 816217532 888626780
