1000 5000 5
103 345 780198936
585 797 173155628
204 188 361900936
469 262 920517339
897 599 248301774
971 458 17533546
853 642 547747828
697 585 361224121
498 38 416678564
391 960 240553583
74 54 213053640
55 327 712372887
394 926 337615555
481 269 772294625
653 48 131245305
868 773 268270563
434 82 689605118
895 808 477899752
470 119 330393533
608 464 103878405
384 324 426410391
875 809 250901947
183 891 926824307
63 428 422180134
402 101 24729
195 327 573598024
577 276 720575093
526 279 413489631
457 1000 326215901
192 539 773472597
242 207 770141685
378 1 132801775
940 212 878045176
811 976 457208450
55 17 196758324
121 194 17090210
979 761 670293211
904 441 367808450
403 761 815463919
578 100 81133771
39 457 841230691
673 232 206409535
540 203 255621238
902 956 5179970
701 135 654709315
586 968 191501313
208 298 957938552
174 40 262387558
927 786 24644957
889 606 529477103
511 171 87151456
569 712 838954598
180 37 124678993
396 694 404929046
950 938 394924740
352 812 65848895
889 261 629817609
455 749 40988638
359 620 831346117
959 29 567897545
196 67 970179483
649 691 102217937
15 368 979788971
666 734 890481566
308 143 106857674
197 904 754369384
46 653 533574342
832 460 151393762
868 818 978590094
814 72 143051182
303 132 171241246
109 897 880972525
733 213 944836665
910 924 75752323
958 243 997032256
833 282 478750354
945 123 533247887
791 434 360918567
580 437 995401831
127 658 910896373
695 282 110070492
612 403 394125276
718 111 184715691
859 195 606358647
314 105 921105892
92 140 137428892
260 961 431041185
231 198 326308932
825 946 198512000
851 486 356223815
739 549 277818714
528 770 733175868
866 470 827836282
61 637 926232892
747 194 89239711
815 856 974242656
627 196 418185128
197 45 796433
451 87 550320202
889 949 564345036
220 681 295456226
973 607 698338055
104 845 735507909
650 349 453316118
659 756 40509579
77 319 71690260
318 377 108187313
760 200 351515150
275 177 913568239
819 980 765959644
450 515 565311508
684 364 633680476
977 863 809970840
233 774 410433712
160 260 726247753
836 587 736591220
895 741 865185038
156 554 12723632
943 670 450906810
944 463 447511414
416 332 900910860
30 3 343381227
359 169 292413791
227 647 320761654
279 522 582694133
120 290 226779820
708 616 283541425
903 689 796272177
977 148 7863821
8 967 209190141
31 646 557941360
799 494 23687950
92 3 120258988
34 298 343227939
256 259 194991048
998 604 260933738
552 59 337231325
441 625 690044104
193 868 862110683
347 272 409083048
522 73 401565056
116 6 651706668
932 939 307300914
153 122 413448545
504 438 885961588
23 287 971199187
845 222 383805823
457 711 16835225
973 327 632263177
748 553 613553965
442 352 867038869
450 747 528550341
610 581 851431534
216 31 399594950
691 421 725500792
728 768 805211309
493 877 379340503
114 434 565550234
59 537 274799166
263 5 129512349
562 485 764314837
531 226 306714046
431 381 451314471
657 383 124598753
426 932 697137635
818 207 221420155
772 594 991056266
372 960 991434993
252 504 599464805
212 841 908433805
511 740 770094715
906 551 484901186
154 742 671952330
840 862 743375598
779 309 270974147
827 38 756074161
83 231 813190041
19 25 984558033
183 105 81870707
716 562 896475531
578 370 817640359
464 3 627756060
938 170 186837902
515 280 629067076
774 172 110989322
84 222 217085451
277 489 963085718
598 270 942229759
131 110 184580393
480 781 717148184
923 513 823211548
239 222 772019145
873 41 130139184
226 541 945702522
980 126 609651606
885 784 587821111
846 773 584982917
414 443 922678243
530 380 883572901
954 991 791627903
212 649 564719822
626 123 723793094
924 310 732540378
450 292 523021905
634 599 474028260
912 576 328291223
514 508 652248745
220 214 648165323
413 114 938509282
85 5 260808006
300 570 464506905
432 842 102994905
312 45 555217534
837 411 489940030
269 709 199922429
189 975 962921502
396 970 623747434
619 621 1768698
771 879 878497253
91 18 388443246
278 922 651622532
364 178 31161310
538 805 286891187
17 1 48724933
959 80 723506177
86 44 507029853
9 3 559663258
924 616 532752871
493 133 780515819
833 792 309589079
688 222 445520004
92 664 16318954
232 329 888255997
967 270 145934738
993 520 355176666
142 149 925084442
928 570 325635662
170 353 848656492
167 58 742221328
656 165 225503445
287 259 528239539
320 234 204268979
46 19 2002523
94 974 855948188
483 693 58461486
21 280 104519088
539 360 62752126
436 493 202719724
620 40 598534189
742 39 548873425
596 459 139922097
136 58 594537908
942 191 282249284
45 826 783155831
251 213 548500024
4 825 792183981
155 158 734036680
514 396 79534365
229 379 533211209
213 130 321046049
790 642 196695312
726 130 488925188
786 47 947132648
828 480 375346771
510 115 634207291
11 645 118124977
98 215 858956525
6 626 764920091
861 146 403646177
845 950 165566764
507 124 216230537
254 1 499848819
243 710 412814112
987 258 577650983
402 926 654804755
81 61 277761241
990 255 857490120
306 212 498141754
89 945 392557404
928 589 466021563
792 474 86325204
709 462 137925275
991 372 510616699
106 848 466158251
863 504 991243171
805 174 991691103
714 718 272039385
400 792 449371033
711 245 48196883
58 63 387805221
863 514 722452447
149 590 945300854
103 120 436711133
150 919 192701280
848 648 649750628
784 878 938957808
775 843 311632044
630 543 279662107
999 141 379273119
680 365 7677485
112 190 396233851
969 192 839625680
365 791 276613609
359 572 975956993
396 587 878540012
708 142 574712626
324 93 981543018
262 250 66687175
379 677 318456246
996 274 401038121
152 493 437820431
492 53 130924476
639 409 959315108
117 540 749611469
694 301 681219867
764 842 857335575
949 833 783758174
875 966 388621920
49 761 881236780
809 642 678574484
255 222 578113487
314 47 409920492
592 179 902371486
466 278 144245911
821 814 839382772
754 136 47678422
836 939 386903332
499 15 843202005
84 48 880893549
236 154 487717216
152 503 1256522
236 299 414406544
376 51 646645712
605 223 307921522
558 468 374467638
173 212 217693631
543 798 765734953
69 514 53254805
73 71 760417075
830 705 268478742
248 624 764256214
409 118 773123435
793 584 362334195
76 187 341855107
897 835 16556763
723 541 68519748
651 477 503674259
636 450 164138165
331 401 965221471
250 243 633742599
583 553 56782249
960 935 195614031
458 665 418873789
892 739 532832277
917 835 209365735
439 138 403029117
916 366 544969126
955 799 180703575
209 848 408139318
538 163 651092996
231 475 939774907
446 89 173016466
283 709 683348312
122 211 679270088
387 535 897207739
343 306 294846346
557 902 736809820
209 805 720401750
566 587 676964077
356 942 859115949
752 533 257645279
852 454 142745512
11 647 925838834
727 441 468833485
874 311 545023165
84 296 312913284
622 744 238884261
826 954 82607230
763 805 742453382
128 123 743363211
819 468 33698690
358 45 874099608
941 716 497941404
937 239 464515320
446 942 749763566
569 792 5084913
490 23 643027494
336 719 97080502
820 750 977112416
730 915 390189161
223 922 50531754
906 522 185008534
927 511 375018099
601 546 271482122
87 530 620954610
656 507 571170174
643 92 461014875
460 211 303799800
873 101 468849834
410 229 211375343
597 201 487822396
70 465 753080193
283 713 719287603
879 19 596583474
755 674 291369613
585 591 95019929
615 404 280681215
56 390 467201433
52 845 275606413
451 567 48738190
41 421 248119603
513 833 320702999
340 83 877421348
211 663 114347595
539 220 58056656
915 83 109978308
724 455 222488456
123 691 814343788
778 252 468793704
37 358 84535841
575 405 571240549
34 3 941312240
853 567 299607677
843 982 562911694
429 889 324778179
226 161 773252854
808 576 109915622
692 890 83114864
467 697 421002264
948 900 694137029
850 716 130191617
462 443 964295855
909 468 563445077
433 76 399687779
409 186 915970125
946 565 630614089
799 458 820598256
894 615 656991622
631 772 871393423
388 679 319357224
213 10 358975367
957 457 38592536
258 820 435291752
618 688 712982483
852 588 660221319
532 925 506181442
650 115 146650185
541 883 862577865
326 534 951327535
589 500 430815561
378 485 674253471
512 256 368045946
290 196 22551272
764 177 293207661
550 367 839139073
702 691 86953906
92 199 813406655
697 291 114088106
301 119 703735419
724 390 296350507
682 20 868811299
874 657 227213428
809 23 122311220
871 209 148152925
715 598 20589118
267 498 278912868
953 844 330443385
512 27 409069212
644 336 101967014
501 664 647315647
408 360 663018330
851 301 575773590
449 482 732487177
287 986 173085901
734 593 755097309
351 132 149929634
615 252 633339271
132 226 216341656
751 643 525497052
784 182 92069764
762 173 182631191
467 527 696247578
308 414 613017552
254 558 799929764
559 168 728894542
656 707 792178621
712 556 215654862
554 904 894504090
533 452 266003813
976 299 2219335
700 667 163459742
292 862 558332505
913 348 837012094
727 869 380771126
610 32 32318414
505 136 242023184
951 633 830055965
6 421 287878374
498 174 973634309
614 495 258341660
629 217 381269425
68 744 792764521
589 326 538392858
135 55 260423450
547 644 925988923
785 70 34662023
860 152 630129932
266 821 249245178
471 6 381934474
598 429 513352908
758 253 77027758
551 510 131525423
914 323 897244770
174 681 551637227
276 92 860947738
777 348 266492235
821 635 997451288
721 396 771103957
636 845 954556893
282 961 627775694
223 857 476831124
378 807 757684313
114 855 35839663
823 526 5028015
323 599 565097308
645 336 825567195
158 315 982752561
554 686 771616696
82 593 970904656
329 138 231971245
445 113 901240751
215 302 735143875
662 388 629756213
256 187 74332833
818 527 225148973
727 515 432401440
246 32 501398794
572 29 26532464
465 520 659376644
136 742 466247873
834 689 539001926
164 426 145696627
52 754 951537422
354 595 603662195
729 436 149533853
350 173 673462099
401 425 806231943
474 126 474458394
170 106 937717536
861 513 776568026
72 620 859894814
963 22 772608840
538 330 250113690
919 109 966214706
249 584 787884084
289 960 22978660
659 275 227635995
462 801 115818915
394 523 129940138
235 723 91174017
182 840 984888685
712 629 507569768
611 87 64951809
592 798 801653835
106 772 361275307
357 636 733587764
350 318 255904542
117 126 860681508
861 595 413500693
96 808 158341995
731 514 975223218
546 582 81798619
914 248 321167386
110 486 827636394
226 496 717346471
486 318 448838773
297 631 344536433
45 44 713767030
408 332 164481027
708 861 423974545
685 231 37430073
813 361 141725723
564 280 88156757
667 474 62059356
605 742 610158913
967 551 498687706
481 503 739751582
502 692 195380258
436 384 724389894
43 859 589350360
914 11 712084939
415 481 155486936
626 975 47734226
936 655 977767765
972 622 863181689
513 310 546747830
429 321 821576803
718 892 637621759
886 762 670229757
97 441 686482527
982 72 217567566
774 225 996297524
736 302 157793290
913 290 140768783
951 737 810884853
118 612 191601483
78 540 377039799
257 597 358649949
266 132 286614521
931 976 938976171
807 23 252346160
383 362 318621637
441 807 64690994
714 635 497075006
15 521 982350494
110 651 526116609
547 517 215618226
889 535 474410305
987 106 368817498
725 794 682827457
282 833 425490736
337 605 887807752
499 68 334883873
294 596 272638479
523 940 880818020
141 110 759911005
619 50 452144184
871 884 973206725
299 840 569927225
225 642 603540468
919 665 21119188
564 449 649228690
322 744 837261627
387 840 123625765
140 531 553826730
199 823 653943222
443 852 917493671
630 507 725042036
273 228 509206331
622 459 832287087
741 753 391652952
714 878 732092857
562 639 476920727
288 999 559000194
470 585 534307208
890 827 190002023
763 665 287703111
876 998 725426627
591 224 730517182
926 172 501803355
289 225 702911193
876 50 595803220
33 119 29119968
276 956 254103186
411 771 786175769
700 846 408988556
88 19 452868258
430 416 307297032
442 430 214345684
223 216 149353424
407 904 423444698
184 894 613500231
313 728 564471558
769 899 77666093
405 672 116415772
869 219 540910014
812 292 397237828
173 489 604973464
869 82 323422856
951 297 934595798
494 814 503450644
198 61 746568410
169 785 939645461
148 789 544532156
65 965 432849711
855 776 129049699
541 101 525815965
419 85 396717027
599 54 796725374
816 206 701225095
211 175 109932904
964 586 220771933
347 284 80746753
958 32 236016701
345 745 226932208
721 915 843985308
873 211 721990233
410 789 968059218
346 586 258408430
363 426 503671237
539 183 660099828
440 638 720809216
920 932 612666241
621 415 534262146
491 173 455344529
140 103 689224928
959 374 616825001
425 331 897755001
40 4 468233460
858 12 747724440
430 4 954899788
491 338 694198930
103 164 220683091
944 741 566933454
84 61 993687582
494 86 509553266
756 750 11180925
995 495 348034849
979 157 161896384
119 3 665314048
548 986 425168109
939 610 80370163
570 266 770506466
935 546 208857793
671 598 969095418
546 208 401385258
817 981 804935216
446 140 435816382
277 953 970821321
24 193 103356661
805 99 623494452
233 382 639274539
301 464 572714857
257 79 504289571
222 801 641071708
83 826 302478275
486 901 783117497
235 589 448205289
554 247 612955052
458 491 189308605
782 825 83762788
29 291 444421301
1 99 381233270
189 57 666481226
165 882 522606234
891 190 401760952
775 434 349729907
943 241 807736924
401 382 916393092
994 900 434158611
779 64 734379615
695 321 701403500
125 769 964543439
232 686 426694680
999 164 621685814
829 899 98536788
873 812 509646380
924 850 385153300
364 239 383155295
941 848 717417560
464 356 209129581
864 64 783193314
605 442 594618219
856 803 33644258
8 4 10228761
180 893 734033743
546 666 26050799
311 350 950648277
341 351 195794443
868 982 32307709
982 405 525036567
956 855 279331825
551 832 324547252
4 729 370506482
985 147 332741395
309 784 208355026
980 636 398851572
775 607 91493394
155 99 847357969
768 934 404768101
98 481 233774313
979 280 345262941
424 174 124547489
823 562 701334348
437 757 982474821
482 434 966949856
11 9 280901009
469 935 535522752
395 457 672504097
387 96 67671759
335 198 787039465
160 12 428480106
949 846 317472108
687 336 635956678
540 751 36171207
796 386 768621735
527 39 56274124
622 518 482020122
813 680 862442239
438 484 416702793
569 444 397126018
792 240 126704516
723 62 372951519
227 745 41555118
500 475 652236114
952 77 832592631
192 882 219464162
913 511 117987020
773 587 769033791
217 2 260710789
341 75 23807624
555 657 662222334
349 963 433784690
255 689 913344294
608 461 638257526
298 4 259163425
697 116 357726013
853 474 883329267
605 181 60660698
108 2 298288976
737 891 437521274
381 210 915817413
502 508 34078845
423 265 309782180
82 117 422733777
447 89 38889707
304 237 665858073
163 766 245071333
358 77 591645445
124 595 595935979
112 373 237257568
570 308 202422206
58 653 875598269
998 610 755088083
895 337 649891555
209 590 849291017
926 854 751128762
65 172 590477237
709 55 155986720
933 175 860448783
320 75 971287216
261 685 795418530
678 507 987526614
837 756 849596978
487 552 186458918
855 134 568214940
19 61 547971855
50 553 193394079
814 395 425745395
143 98 584476572
535 386 63937095
121 349 203058319
949 523 620183964
281 389 655345956
142 894 77276699
426 174 703922040
778 91 918222660
611 913 861272765
25 857 817209087
22 1 467176945
524 487 928179431
355 527 967347617
704 179 107644971
958 686 371011322
939 116 847349573
125 949 446069928
716 259 153846346
62 648 191024008
406 837 765252178
765 63 854227037
786 43 419390063
244 460 497395521
845 453 724572634
999 751 817057181
863 28 416558218
824 518 562340518
418 133 428040512
332 546 837966352
476 857 251474221
858 767 550398560
577 13 582426778
438 900 819512377
721 525 14938172
730 885 353471749
215 66 569639216
924 999 672530738
818 89 210141914
831 847 830213984
90 7 232445987
358 83 147558847
485 918 602947044
423 528 792264560
842 981 953119595
778 704 635147239
291 244 227769872
746 888 839538315
205 157 738928020
838 205 423528309
742 502 610852799
83 132 231169654
912 60 20389491
754 144 843161891
362 8 765152751
259 511 554301486
929 443 731871009
498 446 801409231
16 580 234443481
861 714 50240946
48 236 651947878
801 560 189990012
921 77 299747748
108 39 10969203
216 590 548266562
656 477 453107381
198 311 977510690
164 866 392546388
406 855 66444026
596 846 888328918
950 364 745677285
675 257 1725044
346 40 546202249
154 533 546360316
969 162 845226103
118 5 537230951
6 897 460050008
201 179 495008990
312 897 620535103
432 597 752897769
406 3 17202906
304 608 710786028
29 388 208292043
401 118 674700931
46 810 600773291
936 974 646649549
314 545 190873330
918 522 17769098
281 172 742834109
9 592 65189130
294 58 783926370
359 10 69545530
939 846 524577600
212 827 246616259
520 444 885249271
700 757 303949797
516 455 894670830
833 496 652233037
27 114 699323721
866 785 377235638
141 837 806620751
286 306 4038140
952 620 76100921
845 672 440281537
60 5 128882647
646 273 611788465
936 750 924779943
5 348 904957497
509 374 676094601
635 382 411983458
275 993 550090644
616 478 954148160
926 710 872323077
520 793 821321500
898 19 717911651
214 645 794904199
657 390 15244846
455 204 493613384
191 342 40599594
193 18 303616978
263 971 394945452
878 383 745059882
137 113 54913253
717 400 949645931
194 735 205672626
143 989 730465924
686 67 395291516
644 100 134482195
427 789 956442545
624 606 522401893
137 87 563355851
365 590 137685107
561 809 163106379
640 917 829243330
97 831 812509304
654 710 451283519
395 625 794189005
725 385 889050373
712 66 190117214
202 118 732702173
461 31 719564761
25 211 936851721
85 819 927117949
171 875 518976330
240 259 413917690
497 79 687226032
92 624 717843671
510 488 138280494
408 774 964771190
778 574 60172819
380 235 813262897
710 895 893036827
686 767 582677969
458 141 168336654
241 59 720444293
48 3 745880681
847 423 732907358
95 924 117650756
10 303 21375655
451 848 88689819
535 171 957730485
719 484 347111416
798 79 10638077
125 61 792859306
836 816 119941595
710 254 698770077
491 77 484598310
101 85 954595155
223 437 159000729
129 567 895955624
79 105 761438745
696 714 700629734
242 626 303704249
636 339 203197851
893 359 985836196
845 144 328665736
31 366 598769804
15 202 931698865
450 125 891019433
992 333 205847804
540 466 796725532
711 279 684225530
902 176 539499692
491 363 158490386
659 557 984391268
38 18 463131835
546 857 338751732
165 439 173278677
358 618 34169373
902 796 246598285
545 577 398339571
603 92 33782416
561 673 28772476
600 310 54589224
394 114 602948295
624 684 66137907
589 553 960019754
846 213 267690242
922 769 771615276
921 992 441034402
587 759 466307655
644 544 654133210
218 918 55503639
514 158 673168237
558 250 461039247
661 421 492228037
59 459 505162811
572 34 585800782
258 541 345033734
878 466 26712650
13 1 780142613
655 862 319187012
246 665 370473922
772 698 142151199
283 348 84393610
988 470 532867728
366 588 438966650
773 583 431689148
753 937 207678573
808 35 680010349
945 665 886061984
393 784 302185389
819 531 880232728
630 840 474192693
311 564 455722483
225 220 581073650
245 37 69182078
114 426 205783358
385 218 575835033
481 674 953531323
769 636 594124412
113 438 586702369
713 283 841371257
663 898 160923025
607 194 139218064
59 217 949758579
299 59 711117345
825 207 977862054
4 423 852828215
18 16 147364292
750 287 232938296
398 833 729422424
160 83 897402129
891 175 470510110
776 929 663934949
543 588 339462212
904 464 856725343
408 803 709893058
461 604 374460097
55 726 820794863
961 773 53025160
825 762 639798279
483 514 973991019
958 185 40197180
194 463 312280428
42 483 677019030
277 948 503574917
639 908 659624753
356 31 708320744
674 409 399101941
370 184 897911645
965 640 193621406
398 774 927646462
977 711 540639793
459 455 308998413
478 232 821414648
123 421 184689578
946 431 965740977
516 39 783543758
447 135 312162701
168 127 2058989
958 705 360035505
939 526 974649529
763 102 923838103
974 915 517241317
698 263 708355400
920 909 726653203
123 85 229791500
467 645 228780590
725 943 415276712
963 342 779491754
716 468 611517781
780 427 299981375
635 17 138235458
695 952 962246864
281 72 859893585
788 51 566731380
181 14 22091245
633 435 941286096
109 28 736151980
889 773 521122784
507 197 229283300
845 404 494021308
348 767 903235665
203 74 328800933
85 606 667013110
738 769 715225464
290 20 873932059
662 604 765793878
76 61 660743697
683 177 692388338
126 790 481334968
658 375 866620196
334 372 646861859
525 814 795623364
473 184 75855764
146 148 987163319
48 96 635037719
837 671 728982122
305 775 519000775
929 36 236886311
613 707 580721120
944 692 709017917
979 318 377723386
419 316 910838355
790 702 938433580
444 928 78983387
789 302 816707321
376 322 121078981
353 880 529540552
222 105 480838254
784 646 90390621
517 212 195690255
38 730 92596391
482 145 408505690
479 352 791478187
939 64 604071727
1 116 601829114
860 157 432546331
518 367 952195151
246 379 390846236
289 176 52129183
12 4 197200092
27 15 734150183
815 366 752240089
172 745 112771470
958 77 492235848
819 136 272438268
565 811 108354792
889 922 526119897
201 610 736691718
448 195 816459384
537 269 314936149
771 935 963818443
864 535 484576350
457 661 611511786
435 808 860253251
876 173 434682144
822 939 201336773
13 4 477357664
156 275 584045356
106 397 418172711
301 119 53992023
439 71 571331880
504 967 634832483
214 75 309272701
909 757 105482093
965 738 782156828
696 851 786049323
99 786 32066509
858 789 822609840
975 746 878184076
476 606 742694772
388 998 303103842
260 558 207180120
757 289 637930911
275 637 874936742
141 527 18833258
962 771 638939630
569 211 440225927
357 686 68520314
512 11 208625920
172 781 431908053
874 990 818711874
39 35 221637578
742 127 232207729
432 550 722460775
425 658 611393950
238 617 686396748
337 229 101255956
900 702 937635013
128 851 867835369
838 8 127614196
733 82 309535431
221 53 128965484
528 185 990442215
444 353 457536257
966 10 863950069
349 765 592295215
89 622 751516040
741 425 520048422
569 412 68975535
792 52 297373168
205 705 751621185
856 219 351953237
222 378 305064344
856 509 377935475
328 56 211300236
823 656 442959211
500 401 91655114
961 213 297826107
579 45 584888021
621 837 958644703
897 230 91202526
272 761 820892342
745 959 754573863
762 124 71503548
396 124 879771070
876 941 264456659
205 557 881519904
33 6 385976948
12 344 393656321
683 379 393729411
424 18 414913204
237 190 545542427
821 550 653277950
171 486 870093331
550 336 626644359
938 822 501041613
626 88 870297696
357 450 577937671
143 847 525559904
548 77 510671163
915 966 247179192
798 69 618293327
777 121 140175360
436 821 148226402
248 280 517332990
261 948 741189282
767 975 416682305
260 343 345271224
202 80 312299081
675 39 12579303
270 96 45105552
949 305 48514159
492 549 987257214
180 140 613422454
660 186 243853656
805 315 725875996
954 387 753958485
96 387 896000170
135 49 732712166
878 741 689935105
732 3 620040153
490 867 858871375
826 116 490485727
730 6 221731417
812 877 798191316
832 178 667026491
109 907 91899607
246 522 608187292
639 173 110467400
507 725 194480287
988 643 893082970
360 943 179937598
828 163 567726877
23 645 784914840
468 894 468481396
34 307 890927397
855 270 287624086
453 224 802246495
684 53 950559841
296 983 666094353
220 894 439207359
815 572 949925678
172 546 504107355
827 287 635356572
495 441 489827116
679 91 206851720
356 352 284039005
24 12 95507449
557 558 746501746
758 356 781573390
67 431 223265337
667 115 209863049
191 748 903809541
879 839 815050577
57 486 92066042
602 395 598719927
755 48 83409194
843 118 600635667
902 360 481554450
714 538 899059679
143 25 573622067
468 83 708470793
736 671 409242937
474 423 77283867
164 736 933933431
540 108 194553354
358 186 527722976
371 13 554185332
768 767 771579628
303 673 228135162
289 170 592653572
526 445 710255492
125 937 311544009
828 140 597969134
430 384 104853666
339 125 619732196
232 893 406111064
197 783 914294231
720 79 197523045
915 399 287626802
51 328 270295496
299 324 982967372
595 307 989408034
239 541 714247354
522 966 435382049
949 406 111013675
851 789 554347442
250 336 352107189
206 34 17178784
502 451 185987766
352 454 793737755
617 354 897273171
172 11 375137308
510 307 879879234
289 447 876018001
178 75 388402152
175 287 516795097
587 383 985127559
996 7 288770709
581 125 137648673
586 473 528968957
659 454 19650766
951 828 2124669
545 951 873752789
854 762 575717060
711 555 402905411
803 299 649833975
798 838 868060180
428 95 372108208
251 644 732065374
312 634 798548275
458 63 980662041
990 529 900494375
237 120 525362081
857 683 935071911
545 918 94183223
677 799 222849255
470 452 254776152
297 51 804917481
176 383 168631693
514 312 44093214
398 35 705882089
212 896 131213032
343 222 577089999
930 415 778486304
396 183 217033943
271 85 174063590
588 530 788933451
176 422 47745518
956 902 4006498
992 857 267789922
672 396 697459727
267 955 764820389
450 516 151274200
658 456 152912504
883 394 368228918
534 429 521689369
110 9 809204420
573 461 133954727
951 30 539007930
187 405 191639755
684 303 155966130
884 693 977231689
682 7 763594829
579 405 79895630
430 883 871191372
687 163 706338600
208 676 580377673
202 748 968787452
35 493 680994449
539 295 405580648
921 696 332426359
462 108 946256558
105 473 53625855
630 18 716703405
891 190 919867642
935 562 339656765
908 307 53369839
576 519 243790048
967 143 510719215
631 40 585253522
781 662 769153071
18 16 504381319
3 569 320059362
530 379 216823306
904 403 187415330
717 867 69294537
635 739 147990139
815 484 168389400
826 32 185157492
408 291 738439166
295 118 936918881
989 446 686793163
415 307 622349400
504 224 193700110
19 52 443222592
465 964 933580999
580 29 869461944
272 37 969435149
423 152 441155268
181 177 542430914
444 555 544891255
617 181 87359527
324 504 122500294
740 169 921202893
289 717 102258591
701 637 8909008
616 611 455040498
853 952 34711171
285 730 812628046
627 517 705761455
877 815 144960953
378 13 907689792
322 238 42865497
844 588 657826024
195 86 905999525
708 88 436981316
600 51 201599005
389 72 786579858
595 580 686070525
213 638 640317211
381 859 591171224
491 558 158030649
211 105 895466786
394 924 136656776
115 284 253846428
443 328 366080457
655 58 331222318
417 668 551436422
485 336 528871335
93 690 413717863
209 195 724776316
764 332 773092445
66 596 302906390
323 352 94407523
22 733 847886366
91 223 354738897
715 940 973486594
635 886 553755292
57 564 790224178
262 829 236459543
272 252 590494545
712 601 785878241
579 343 146167625
604 891 147654974
489 578 26970690
687 81 270831977
718 432 119376026
935 827 297651335
708 527 288932564
39 381 730377457
400 592 609959488
678 365 391737683
668 349 548940633
567 658 163187655
744 503 597500293
582 694 744807407
752 871 623682098
976 572 672322590
829 353 92545272
18 302 765843275
22 783 718050853
19 12 89043025
854 635 423039699
627 105 279830089
716 793 709513721
205 160 867524493
934 461 59840875
145 236 510815196
864 684 62341356
672 350 1555236
576 849 752849146
182 123 350078780
372 135 212770832
986 180 744754503
120 215 136442394
970 268 925455391
670 511 866731907
721 673 700106073
450 439 121892397
680 532 151061827
378 104 936261519
735 153 796354620
674 532 936507630
432 58 190085606
245 174 182402132
317 970 595708273
581 30 716572647
279 208 466943951
712 391 533476945
965 141 757496863
612 645 242470101
426 418 206770029
758 465 175899294
895 354 69209269
432 216 43140989
20 783 437767207
456 227 248519644
224 352 571725096
232 812 337749944
959 444 101560459
8 497 415723288
767 264 402612680
457 230 860289115
67 245 385793353
943 34 930165059
578 62 909671192
945 748 646675609
826 468 520620402
576 210 475640109
940 880 923028865
799 396 548718508
301 44 692456029
404 179 882833643
256 277 949734771
985 161 624430525
398 67 32023335
540 571 93090158
434 905 273830818
788 318 915170711
713 383 941386027
530 631 385502657
909 538 144231674
938 218 311418826
164 950 216791264
24 296 88804257
94 908 353969331
906 618 79189478
703 281 30295641
551 567 264580348
732 367 776929121
772 142 224723673
390 941 344725235
920 214 28636017
611 538 545214886
240 667 878120796
834 671 413988249
562 302 416696812
22 499 73583658
36 881 754199937
205 200 336456513
625 571 298352321
111 371 637520740
783 950 797825791
615 390 220768879
592 582 558907382
827 240 867329122
729 232 834948533
968 810 685064157
291 426 111959206
823 873 564579404
797 50 314282236
975 403 782058382
109 377 617009888
346 112 278411966
353 12 408001215
189 67 950178063
432 50 725305079
980 496 853441347
799 38 4312478
554 176 235198521
809 640 904294108
255 649 743094336
430 669 590481637
543 176 467889398
722 658 730529573
884 526 795972830
572 53 952174797
142 94 717796287
968 333 769144223
924 774 637042798
940 235 976252244
605 416 2892840
44 315 112946626
398 82 782375031
700 872 575036940
312 235 385824459
804 399 629222478
200 862 163358169
737 599 956461539
863 725 929579288
503 459 339298073
100 805 102754673
355 325 693362844
49 843 537207400
410 975 491120218
147 378 303576194
204 580 146688977
402 554 208014466
129 718 750276734
746 881 124260652
424 564 502092175
109 149 598494582
815 625 946565693
899 339 703593409
991 35 574810232
690 492 797832639
693 385 597032250
526 895 140319570
977 713 564366395
223 148 856027671
344 118 397233539
921 671 270452921
746 392 215408067
181 566 641020654
127 862 807458257
899 35 595678667
503 805 160924706
416 89 171926957
304 575 918711894
766 128 388064495
873 885 684724692
582 84 957718432
560 343 339584929
263 530 683122185
293 277 902236610
951 435 578895374
878 924 842042157
727 708 840624840
160 651 156656473
142 324 884460979
419 807 524632458
455 345 523145929
24 663 36589965
672 48 412587321
837 223 491653233
22 970 152780260
984 273 251588219
23 675 658857793
976 47 377531171
407 639 231888241
82 643 454486378
988 966 308352734
697 637 720068390
883 176 285385163
273 31 592189689
521 369 839632950
880 525 452570110
34 651 143538443
598 815 396837478
540 544 38257993
894 384 317387085
754 151 272383752
107 246 240089422
886 197 305333435
799 976 391412728
53 936 692202311
536 240 577911158
562 358 609376869
578 658 892087109
438 479 667049450
662 842 417797818
323 176 194980646
411 265 377585452
365 305 573576001
498 984 330085428
31 499 350977904
146 34 858293676
567 792 175551252
62 692 82943376
94 219 965783012
378 734 73664616
382 777 12361660
43 686 628108529
331 405 657645469
648 392 934964021
858 233 545147271
388 469 797222854
910 646 773894437
550 126 345096350
456 963 260400155
348 469 519206237
266 230 751220324
3 1 433204269
123 304 10613184
85 462 890019500
726 296 433157459
406 725 266596124
97 847 926452475
689 279 900619086
978 510 714504964
254 340 609279163
64 55 672502426
259 84 730498173
932 235 888422459
826 224 781816001
180 390 334724320
401 19 377383669
978 280 137602112
667 401 881262097
677 518 456933896
984 189 330347493
189 148 678095700
79 41 635400165
272 962 479005543
35 17 280065926
886 630 93576258
414 404 807726778
650 118 301518484
905 411 754735801
166 194 604830221
80 852 786840321
332 143 660373386
682 271 526235227
679 71 647149664
156 11 722027526
888 98 56848596
44 227 226609646
495 770 972962502
829 9 399826324
665 875 557888274
617 606 259754632
93 52 820818102
363 90 892391567
768 137 915137686
270 606 367195374
79 51 602175222
351 267 702176628
700 907 505506048
831 121 507702960
238 68 561949294
640 375 742441404
796 156 126499813
932 378 16088525
865 714 440202026
884 593 427998545
931 387 134595089
476 22 712556138
51 590 818382072
341 825 557964351
424 344 480399633
94 37 415193423
464 327 351811401
784 962 307632014
211 188 583998590
974 764 819930518
844 33 292530540
499 534 521417858
124 67 195948764
508 654 727645153
69 379 156793008
302 143 195417386
728 534 113075351
681 106 71607126
793 595 785867312
223 84 821976922
879 774 854186098
618 387 184744600
786 772 844318569
465 870 872521911
700 696 233441901
388 870 593636328
458 287 819005971
660 973 317469252
818 510 893949712
102 980 77484745
362 253 392005770
908 537 671865140
597 103 34128056
58 888 162709774
490 73 390742907
86 208 698794642
762 583 797362275
247 9 941525478
330 381 3651215
975 89 427743654
208 783 106135909
191 169 652731876
717 188 462265882
894 918 897342364
824 442 477179233
696 542 931850576
421 175 603427372
473 846 449442826
583 808 121295777
169 75 221179349
769 456 379880788
814 308 50342809
986 391 987275839
751 202 596770472
109 744 568009072
548 722 113458604
944 600 883436799
29 9 837091568
60 486 844485300
181 88 534880673
329 940 251882890
125 95 110096173
100 78 25902032
764 167 221263661
28 795 327011670
332 323 872087868
221 171 413491596
503 416 409665855
936 546 937628684
759 71 763468068
233 249 282629596
513 854 859847226
556 53 458125528
837 361 846359803
254 453 171858537
126 54 658895853
57 306 233822154
313 216 895627024
935 47 948442381
135 816 922502302
738 672 816664435
448 854 632918759
556 819 90770939
537 605 990322144
856 81 724371774
663 506 927214608
521 209 940296904
911 90 67035202
154 57 262290032
118 214 994217526
673 426 38798942
221 506 385469630
885 307 623678163
748 707 452768285
895 417 382727696
203 331 709076371
896 843 18932462
415 99 27766439
512 735 111151939
413 416 857765906
154 984 542301851
336 765 968202363
225 11 83869115
727 250 902555888
370 357 800716636
926 339 132706349
35 87 492978601
923 286 36627486
409 521 174733352
670 900 30844872
993 350 174103227
965 933 605314999
117 689 136682997
326 260 632389317
339 931 706583956
157 5 963702926
978 854 190996224
566 516 281069870
113 562 695851629
848 776 892996013
635 331 957213265
865 773 695727752
190 34 862068643
99 567 281595526
76 190 995664535
427 168 922776148
89 127 99011312
11 453 464927668
342 9 542746801
730 555 619150015
212 304 668587967
705 610 841953011
159 557 590086632
688 290 593701988
560 771 224129896
134 76 707276836
346 304 643080501
608 978 590818783
528 434 932377042
51 617 681527772
144 31 581834385
5 385 126283434
162 621 460342571
420 289 802607742
757 64 701724847
948 231 881904403
941 328 910631506
940 264 539692113
130 607 60995871
607 693 270443133
353 32 543308897
499 459 743183748
331 987 237079268
320 497 897524144
879 530 88980350
933 799 101795685
87 283 796168609
464 71 505922803
494 619 547768070
449 978 512722493
920 915 504900952
499 613 654327436
11 261 763660071
590 657 143051944
928 55 181474375
579 830 529831732
76 46 957686722
210 163 236021924
872 192 120618260
520 132 353504781
712 348 976438976
286 941 283274238
329 66 529430281
518 985 660269120
201 887 251655324
344 112 38280871
722 210 863286288
118 83 61398618
681 29 584927553
521 933 860314730
688 160 247914397
432 821 622832545
367 687 946742913
753 942 279980075
22 551 756479364
83 858 615856104
239 814 621815324
924 522 607288704
180 808 62387701
97 60 458216833
814 409 753626939
802 557 795512571
287 687 618398255
455 169 368864138
608 387 626822555
103 532 343497331
566 804 445757078
388 801 132250406
532 484 188829055
388 745 31855799
611 690 770247033
795 252 553661586
840 884 753966067
850 429 636672089
626 771 283982048
253 957 670219639
44 828 545419132
165 528 825173111
517 881 545591010
249 981 179786063
559 886 35006401
455 73 620993603
859 964 691786233
505 764 653191901
657 553 612665550
517 770 202163747
967 557 486716438
260 117 124215756
147 954 173194962
834 572 330197770
396 963 757734207
902 88 124276367
719 15 665281951
267 287 45604546
613 703 757394118
32 5 239063300
836 435 692552397
224 7 494815581
372 79 982632465
331 575 509861223
344 137 250233463
59 125 574987089
22 694 274830787
532 258 312498350
272 193 655774212
784 561 775945313
459 175 566214433
903 725 435891576
86 600 618474780
11 91 446380707
536 26 999704297
98 43 115180016
148 4 687136041
543 589 543992954
614 82 105407691
122 196 73263964
768 665 433015706
108 95 385014631
20 286 689460739
618 278 955760745
976 732 491847206
103 343 403588915
204 243 114538120
684 662 552166206
404 192 716577517
488 80 400744742
878 1000 771789933
957 631 506438099
418 641 218389141
120 728 663448580
80 735 685996500
136 911 44383821
194 13 776678540
54 24 205344804
391 418 424994806
171 899 987536714
620 224 297658391
254 471 396245448
728 483 446163584
368 659 149311709
541 618 645746390
585 158 225809531
754 290 261550254
145 474 765673836
266 116 391197744
840 44 114120463
178 132 526953018
381 49 980165675
442 303 555383207
151 141 425966306
533 68 112641606
278 670 696181450
145 328 608738146
70 45 70188873
212 710 367211098
538 186 857046755
103 75 36739881
789 748 855285053
621 637 685312529
417 689 668593346
268 164 568174606
937 669 41892067
682 169 452048977
445 763 1337404
436 668 349882301
724 113 135010511
653 536 890559244
296 150 183838470
430 60 261568112
158 86 489369350
598 538 520215077
186 109 198374259
911 712 309590038
87 13 911832343
927 191 202307476
550 734 851628790
988 721 504893103
458 55 41424375
655 364 139889422
547 785 788467063
842 976 220088506
377 373 77206486
171 108 715114152
660 912 965521927
35 855 296591543
985 428 876647301
192 864 578226497
813 224 915955245
629 337 722252407
214 918 828623720
583 433 702941970
393 260 407601683
53 935 768471295
113 888 640288436
545 628 24672647
271 848 510315424
149 78 930638085
376 22 825776886
299 954 165749642
592 448 313728482
430 996 704130465
933 701 575223662
465 735 822807660
1 113 622028364
73 965 434180114
724 685 21614274
253 963 430621663
549 660 794739473
763 512 415147401
397 171 509016802
197 858 447826606
841 188 523772516
986 23 550218856
225 673 322822094
59 464 436156042
815 319 783165064
460 658 308752743
543 251 717077796
230 560 132296815
935 878 242862767
419 717 402214833
436 866 449059983
364 55 248044739
919 630 944422022
210 752 230994704
111 60 427998502
772 171 207514334
270 896 708112372
676 304 645663388
405 200 38788378
607 996 347984739
917 903 348998421
738 84 306378796
465 176 442477121
978 348 922099214
386 37 714168239
843 106 629012087
311 390 894391634
947 234 986229533
104 107 684781548
365 88 648550450
360 45 32607991
621 513 527407345
406 640 64863141
998 547 275540355
945 373 225551172
961 267 66945046
63 654 13810331
693 47 575719068
255 980 849952900
614 201 312980641
922 132 954834349
198 837 221809469
362 402 978969231
478 216 628623174
918 654 550020837
161 485 624103969
417 466 944685927
836 694 310407098
162 39 209224910
950 626 697421869
705 408 844458004
552 497 111620325
819 738 237393437
918 264 895269456
981 593 990396078
280 26 341787925
344 791 486584506
779 48 737581959
205 560 482312810
990 795 491297360
131 890 37826593
128 677 383295093
72 480 774823322
414 79 937292309
970 211 338651999
432 402 567433956
739 407 107649800
476 228 946077065
839 705 15583688
784 13 640261523
976 382 10181266
778 838 13676712
778 6 445277890
418 668 202208412
155 307 501872600
515 388 176342635
985 252 886224869
355 263 13398594
105 52 822914337
85 404 346320476
341 946 511956366
809 580 994124205
217 762 565932289
652 198 285793597
143 647 682787514
643 45 351565583
381 112 410091160
906 779 835083449
392 570 991757154
291 324 794695818
620 128 96795065
144 134 619512507
511 415 672117356
812 934 601189268
439 250 759734054
70 645 943613958
640 33 736899996
507 252 759255900
321 515 723332597
892 232 267170400
993 805 435432612
189 909 530519712
676 439 278121857
713 891 369756215
705 985 345280134
610 458 591981789
916 11 285255140
14 11 881536012
330 213 419654717
308 639 481026010
524 127 783924920
680 386 592002110
167 83 297545651
586 489 635761490
489 422 651325075
604 572 410219319
762 931 951124238
669 851 961842391
459 93 150943380
54 832 996936062
527 383 472186996
999 230 166557437
819 537 51075652
277 147 92197877
61 455 988137162
155 24 617694594
535 141 15698628
255 181 419900608
918 197 613150916
720 28 4154178
303 441 295427664
192 154 266461042
258 113 834376139
782 154 850328713
606 457 857798378
910 87 238094202
850 534 6767412
172 716 130690948
70 285 395193631
175 305 856710564
265 45 853150683
505 745 435474522
799 603 373768675
681 232 778266709
782 493 844806320
983 791 393131420
107 802 941804320
886 513 256146818
706 529 113059958
600 27 68758282
190 74 306627131
882 710 188879705
884 262 742705919
825 967 719003670
444 97 309660515
679 47 209405701
180 941 116315945
888 351 806203970
112 816 521773106
91 351 616722186
102 92 302777045
132 62 233647734
577 94 163322197
33 988 867674190
426 134 84394826
67 600 13867470
427 382 206401490
361 871 183057398
366 616 301096001
432 656 664890431
3 445 573928279
211 208 1413229
163 793 413279039
954 632 655770777
594 36 28513029
400 144 916389767
745 634 338080977
247 674 155602385
496 93 175006804
443 297 422274309
949 242 916364604
820 14 738222080
930 770 401889105
344 70 942118795
636 284 633339720
851 813 268646908
317 191 841634790
128 3 629095307
763 235 927809393
335 484 172201253
232 167 230485553
522 814 219892549
818 491 682927060
438 313 932106846
113 738 159474996
817 500 607535356
511 874 97439125
765 140 617019740
339 753 991257422
162 182 62046313
468 446 117144538
600 878 796659116
976 687 277317642
399 279 154468816
44 973 653017147
907 132 923640334
66 21 816056491
902 519 185308150
842 570 670470818
566 726 658692836
232 681 962283532
351 926 218961226
237 68 542319329
439 418 876693436
395 315 981297805
453 332 743796988
719 342 766508493
571 385 913241693
556 398 3344947
815 280 66078441
513 546 708779916
334 95 298533699
707 726 254154386
205 31 911413934
710 26 279687481
650 21 355830177
802 25 245710764
665 983 409301421
549 297 991038683
899 7 133525192
450 137 959909597
829 676 630603267
162 724 618475654
862 314 36795634
542 782 944574074
525 236 729665555
482 387 231170960
880 747 738312814
332 69 819136984
43 39 508524121
878 65 407213768
561 42 158310192
738 64 805406609
378 542 89227733
863 409 666912226
777 179 972893417
24 96 674695880
649 532 356542313
330 212 846764672
749 552 860051487
11 721 93150473
148 419 894959676
66 257 867858578
10 873 308862982
919 824 722739115
901 148 61217983
776 575 423657935
456 713 573495228
849 420 937328790
300 155 436475174
564 24 594746118
600 327 757940026
152 860 787613055
842 167 905290964
33 895 951324894
373 878 550930957
946 906 817250977
669 235 314862949
739 13 977456462
131 72 881827252
247 542 153550009
385 598 764139316
276 606 376053472
515 432 574275574
552 973 623460116
226 856 905630147
7 1 228223677
386 288 50282283
143 447 313652269
371 995 181353895
288 837 351363205
667 95 158291010
607 368 505582747
837 580 685316933
415 481 517169893
476 510 858888656
561 20 524425633
397 295 906776703
93 865 950590751
765 439 554993903
165 713 679072494
727 230 57182240
526 253 633693459
770 416 423711752
28 413 236805552
581 673 503264906
480 443 975038267
495 135 781964583
439 268 881880208
325 140 116069001
906 624 146890412
769 634 486588971
142 977 867484109
438 146 14914069
595 575 26853147
664 104 193159917
89 294 153848057
420 100 631932993
855 854 253722850
166 372 808493421
721 520 885373559
822 272 598391145
210 980 946363420
378 916 659856742
223 569 473324541
114 40 885871032
91 815 375957040
445 90 434174989
388 204 835458487
228 392 113201522
956 319 802134087
956 485 324235952
401 807 798642709
553 254 248535826
84 138 75194022
763 503 367950912
562 599 83536136
193 910 877535954
150 110 822125669
74 607 447841457
553 118 169661368
440 816 555855104
226 387 874582931
125 302 22128190
806 274 215729148
334 92 923422696
454 120 62038107
587 902 759736910
777 308 243238681
615 521 23709801
821 594 441869566
366 893 303702302
883 17 652018222
871 151 858516029
567 902 685519706
879 964 949410425
843 328 276735978
540 879 41780302
634 101 868090139
608 474 569440851
204 38 374391429
580 582 347432815
173 822 297315328
230 210 118932773
499 489 907975476
836 851 999482644
14 267 426481409
916 750 785833010
686 960 244080892
255 652 788271584
316 599 805483578
114 94 650452632
220 603 832103475
57 38 810979497
769 141 870844961
119 851 308663564
426 149 206945190
15 195 197311884
256 595 298633907
155 76 524600215
947 225 116277484
972 606 160640041
468 928 944037634
922 333 110778966
307 729 38972844
489 403 718714133
50 581 456114366
302 18 662696741
505 412 98538139
887 291 429712262
705 809 806456092
484 446 97892100
547 185 557362194
973 672 274712494
833 857 372736192
28 2 848466616
569 782 855839522
82 316 826291813
186 827 463858052
407 277 571178149
827 444 322188094
439 501 194798973
529 853 230121073
353 328 795958511
158 128 19658388
459 360 238754447
645 963 505381620
779 599 880632951
822 94 882456885
659 111 165045606
912 110 324804576
50 712 338188476
526 101 15821840
994 877 702892241
311 959 228719565
308 731 358291916
336 293 312831814
937 681 828927496
112 378 222897505
375 847 107040108
945 59 42980511
948 130 269103175
268 158 130233575
163 130 592887518
566 464 488044931
859 4 114890271
938 83 981098383
151 923 974950893
797 194 500428738
359 446 737581489
1000 375 98706413
653 614 27733132
724 442 501517530
93 987 597213827
568 34 316310728
778 922 491237863
737 940 97687505
406 392 772689329
941 403 938678450
129 40 366024656
939 122 21383912
882 129 30017348
707 679 281555353
365 13 937346324
528 838 622721508
477 292 512646493
358 557 124875969
917 828 987607545
717 89 631332549
167 900 945192054
61 51 296275943
536 807 459094200
40 337 459400622
435 429 670719313
411 272 384926710
862 281 455339828
662 870 665766900
95 415 328510940
247 908 674831590
184 655 824894430
117 445 222199779
199 932 901316694
250 409 820664643
524 873 900262368
514 232 309907387
508 8 258598933
705 174 833258939
120 96 233940997
49 383 627353263
123 675 722920324
545 306 444892747
475 891 842278706
735 919 107811085
870 482 220751476
326 947 442071908
563 122 512101974
361 373 866265912
756 511 459534776
316 998 295858868
607 502 146833911
111 624 910615290
904 17 164354158
68 405 609341969
557 709 968358240
332 601 24382766
580 33 304778680
243 87 480201229
637 397 938051675
359 77 273320316
965 54 414833523
160 987 802760922
946 869 440776431
694 342 111327120
994 976 578360830
43 11 393103379
370 132 995616687
899 383 999327782
871 407 234087561
647 268 711240654
642 463 815655138
594 678 622657360
32 109 971264659
555 86 817501500
276 812 310728073
363 650 187031945
492 375 601972048
970 236 106325105
215 122 550569248
163 879 594840862
995 327 533388239
605 279 799813159
288 339 731623454
964 83 859778661
54 44 979340310
932 778 604441655
388 108 491696264
592 380 655924347
356 865 941943551
555 802 955151465
501 136 35314958
302 257 365573856
783 497 775449700
555 311 232789296
923 559 573467631
996 924 516578253
410 254 948304603
32 607 526450151
47 845 675468660
500 548 746349270
223 308 462412843
560 53 175375356
495 410 276960233
448 915 868848071
950 518 586695284
958 80 353935102
275 178 914589279
947 927 712067626
244 442 716611351
338 82 382974558
133 730 298630239
864 719 98921961
323 847 990129460
575 866 64629829
267 929 11720371
519 94 435514536
74 770 272466599
227 249 319793497
847 142 498444837
327 265 903240526
890 923 925842040
145 359 511063187
334 80 62439121
765 525 926379801
988 674 421971285
437 909 675082831
641 662 514045290
991 794 317359533
451 634 721172256
905 242 623824235
551 944 100809180
658 596 258507209
166 33 603744198
977 345 415779782
916 647 274233997
906 775 404789755
639 376 461289319
169 106 387376112
32 777 588799249
69 575 357035500
483 387 965313321
463 586 346798607
429 160 428458871
570 517 173983565
374 417 894983511
343 435 697963566
794 357 43392287
371 725 254836756
683 962 338534365
793 55 626265977
452 147 811465728
107 609 853598545
931 286 50184970
997 894 67601593
548 586 599279899
867 922 455739726
229 915 20530266
826 119 989297843
560 423 116067635
755 127 530118929
975 13 352526686
774 646 2433307
295 797 685874721
218 624 672897297
385 116 629108107
68 39 951753774
586 939 730475759
255 214 677711427
841 653 682994855
722 662 742389947
361 182 108172229
799 702 918016944
865 895 538974627
931 998 795320505
674 454 821994661
58 746 611741744
46 236 137607219
514 543 554612849
555 356 19524348
222 587 960320119
848 471 762400535
572 546 736211117
671 714 846456509
829 217 93418755
469 187 707778794
94 933 300846371
131 919 73152527
963 149 494341679
803 224 943528801
267 579 374681928
753 356 569648005
659 795 659164315
41 27 450507626
33 997 669688758
136 745 961840302
540 27 753788030
591 951 116551772
983 553 21264545
427 175 801472111
568 845 749825506
151 386 871191749
699 850 799589747
276 839 178428028
723 629 32023884
361 133 453980769
349 640 176733309
832 657 571625354
390 355 287168269
112 27 957582416
612 873 308286429
455 181 177915984
677 778 314361599
207 541 981880480
261 137 312405494
746 771 246903018
543 879 585109314
892 871 411891498
470 584 791442972
820 745 84061364
612 763 253028404
179 911 240297403
307 108 916569934
478 592 904293365
781 220 227144594
109 882 723856396
376 181 894163292
820 312 52602655
776 115 630822008
288 487 500853724
865 664 370404242
787 57 470710358
841 403 987164081
913 493 10378790
260 546 53121263
837 553 399639698
143 979 281616129
72 453 37042378
834 8 988163758
67 596 795232518
843 441 38921408
839 381 232496504
164 98 248210220
269 3 799211845
401 179 636281049
305 144 262723044
957 827 859327915
579 656 81085132
191 220 74106366
359 150 662889865
301 964 385601973
666 485 415204644
367 764 157060603
947 802 363676730
311 802 986536045
56 933 125814971
387 20 467132567
207 587 438591326
85 422 138837739
389 487 945604155
851 742 282615913
525 779 240744338
45 67 558850048
195 226 741156786
278 29 791055606
10 620 378732070
127 916 245882119
324 476 861178571
308 7 205688062
878 833 452020394
87 562 537535207
543 188 621465955
913 192 587711033
260 253 890750100
216 163 844077795
374 319 877552890
495 333 276753692
312 253 196626852
604 485 832389040
668 825 962782540
189 430 457484904
405 391 384016796
184 151 893711171
831 807 364488046
620 81 238440420
380 802 262438103
582 839 354800587
993 495 817115673
748 420 889289016
155 244 109379471
379 902 958141138
637 920 836873417
742 757 786988276
642 56 156149339
949 23 129506775
666 763 85475484
267 553 399684190
23 519 880758515
284 470 405333067
139 106 573295029
742 424 765885418
271 97 986882971
615 343 668693626
580 73 711540984
393 497 79255951
910 607 184274265
237 861 252528888
158 932 551340792
967 988 132131688
469 956 35317006
808 885 159525976
581 395 716863365
935 522 987754245
849 844 573726068
127 790 77137223
249 215 347197793
441 966 441356854
58 980 622211089
173 220 597301784
233 265 632235726
459 868 646202422
255 488 380875434
450 219 262857811
779 278 276227457
295 225 230131863
925 758 154624524
154 58 287434837
822 45 640042429
189 62 467225435
122 6 112115631
489 688 500306970
288 576 350498594
200 63 331161010
115 643 46539198
470 835 363321294
90 349 227276994
627 69 488954050
739 630 410970141
145 120 505643317
229 221 381378689
644 426 763182634
24 149 759600927
765 983 771566394
970 358 453986929
947 793 329013497
48 412 93857212
856 514 426347576
783 554 920051092
935 642 345043047
836 529 716356582
686 384 967999579
310 775 93896478
188 44 267712867
819 512 998457155
151 192 784131602
562 199 16209953
903 683 263110220
669 957 724405941
279 801 61780466
990 513 744370710
722 281 542492949
668 705 170801871
966 68 72792217
141 189 350149776
854 476 918259658
154 871 379278889
777 225 798003653
226 866 264011739
215 210 677285822
960 423 559531911
281 159 148936051
9 778 616431866
422 18 319316176
230 934 433514031
502 33 876978762
501 757 876484673
338 456 336898526
427 850 613698070
608 514 666706228
42 822 583213814
715 389 406702714
896 751 639656095
785 93 880661819
16 375 518271763
53 59 197713923
497 259 459396787
733 368 559506629
432 817 95628927
101 478 199862100
157 166 46095409
494 126 844148333
532 645 763084442
480 142 944269598
413 234 727102892
280 75 210974047
719 15 456543413
278 538 648907225
188 184 407709453
737 665 535707696
558 81 845035860
195 563 374248793
433 321 550196672
459 56 995845212
971 451 396612143
19 981 358233162
31 21 166999308
871 860 198276379
762 604 24678704
631 626 843893831
298 212 339100589
692 400 783261254
405 827 837204678
589 812 867570560
878 389 307255217
733 509 659842196
391 860 542215884
376 782 556739224
958 193 387207239
584 212 319474483
532 449 654363521
222 12 960814582
230 144 116284319
941 773 53406192
249 10 493992333
605 730 178616969
757 316 504242744
264 725 307244117
548 545 418229899
912 248 97407061
842 76 598022107
549 38 254404369
516 20 468859509
937 544 371133343
223 694 198066041
765 915 374012807
818 231 326678402
624 409 249744784
572 115 401208620
512 639 684432716
709 15 307256812
472 379 52875659
476 793 11077385
589 817 17411218
703 237 979291776
231 481 30450171
237 327 597510985
728 600 791629167
840 246 16603313
130 98 187235477
237 369 839345591
188 116 563489974
149 365 114099824
943 451 37570972
363 952 914599493
977 401 510682700
754 723 659517753
399 12 272774301
929 49 486084811
395 90 475045199
509 469 160828791
591 985 958467086
113 52 141744554
853 972 575146315
739 113 724909950
568 707 737217473
722 504 444062082
308 336 719426742
177 38 758637362
189 745 425340386
740 746 264749142
958 481 355325574
610 949 607437289
568 685 692289016
589 360 239555604
949 574 416250696
401 212 334144378
638 646 634990947
953 86 26076175
542 487 788025661
38 928 928257044
120 927 431794281
527 266 886570618
455 245 278346181
800 118 481638783
654 299 288068094
768 857 166726828
95 39 823025322
781 814 948499143
919 103 274441394
1 130 431124809
133 39 259293148
441 109 293425447
327 893 926825661
532 519 452422761
328 92 927009356
644 246 894328612
652 132 651157599
818 328 851844611
805 504 489561593
880 107 907231007
722 182 691264166
962 170 425101959
551 212 273730109
914 899 4376040
554 968 330643637
603 651 133702421
169 797 559889565
1 474 556758087
784 967 891119751
736 547 888139765
613 144 510019224
630 168 262465365
332 62 852060105
409 512 891417312
80 645 539664967
606 319 993406500
61 351 637931557
201 912 97013675
930 828 71046317
277 555 898421212
375 13 392313363
124 249 512448823
499 118 380039339
971 391 407332752
374 663 346371285
191 469 428628342
762 137 170540201
16 830 265529189
585 723 660336470
179 46 571410452
840 284 570239494
386 309 327132726
996 304 116265747
39 884 886052450
321 361 83611793
47 352 889757739
928 735 246817526
576 351 489593942
355 110 489702586
902 789 523750924
232 866 527867073
296 199 15904557
453 196 444181281
474 697 618932621
751 622 839049373
587 294 839305678
576 339 716934982
393 685 787868435
840 299 329832417
771 278 458805434
990 859 791908659
510 146 873979739
57 80 207341026
598 453 151588957
897 818 582744813
368 64 244154380
355 321 325603624
69 765 805486999
220 581 992119437
598 901 98019879
426 624 951358013
161 14 502652873
325 900 147878519
296 22 448053692
787 974 580390660
489 608 449121325
913 721 337103579
528 506 144536934
623 355 149878036
642 612 180538221
29 417 429900924
799 212 363091848
22 910 919188956
978 486 210344798
413 128 65112472
203 16 618657247
720 551 388178270
95 328 95316954
770 997 612237608
73 18 276352681
640 166 560878780
520 37 850762674
811 365 377227449
266 52 58043867
430 558 518021067
513 18 897830602
715 359 840068172
567 114 16080396
241 541 893720670
660 155 552890158
883 262 791262375
68 494 733110919
703 287 296574576
155 272 181799572
320 224 309692024
858 889 528228285
924 574 474105857
185 445 324214194
555 164 232357472
249 616 438509114
582 380 712879395
11 164 158546702
969 147 438761744
46 853 121548795
306 48 458297909
357 282 362320692
538 456 595748013
190 535 648039454
429 756 98554664
390 456 111950966
500 634 352659207
870 1 903572758
544 77 199728965
998 858 467367520
183 124 410340225
94 898 794793179
887 23 945396482
551 296 582139785
665 730 173387184
982 818 669210744
160 424 414160124
523 422 480327020
345 453 735824733
966 231 971168018
915 884 659824972
594 266 175841432
77 829 261469868
767 473 740843248
455 253 470237587
636 163 390029665
276 476 667971473
176 4 201676739
989 622 171226248
260 201 609258661
447 110 446395685
16 426 613769435
63 14 876769088
483 282 904693173
69 720 728437121
770 905 75930904
37 961 679281239
20 190 766955277
454 88 719678764
525 372 248031983
687 325 345949602
302 352 273072251
568 237 579640401
493 510 131564497
396 491 219330814
290 750 620871380
169 180 130445419
612 580 489621474
676 18 647657131
614 197 974229956
468 806 108589899
71 556 944643125
940 194 623752739
500 763 15123925
156 11 309612234
665 228 429811092
876 156 534583922
381 160 561948024
354 176 328859792
405 797 938155812
612 483 177716958
78 586 744458951
330 756 898134850
848 624 278370411
314 432 620800011
523 701 645762442
99 149 366278435
793 364 702404034
587 280 41006213
870 790 656142712
537 633 414065887
44 744 170347868
179 278 939803813
147 987 157987854
756 578 675914666
679 933 551764311
461 189 395821392
799 759 347023097
848 82 884349393
271 820 931777210
671 932 98900266
40 27 784385917
450 220 771425357
437 147 112413800
372 551 535836617
94 179 290287977
179 320 631444738
23 631 333725149
743 640 591717623
923 324 998934401
678 494 581129445
274 329 707202801
377 501 525590367
626 995 595601730
310 738 82290528
297 436 514947157
382 108 339763904
381 770 373942499
283 148 55474105
404 233 131344298
224 65 61330949
551 866 374765828
554 47 405793338
911 872 341862132
870 430 734049584
918 8 682755578
395 134 758471610
157 3 197480109
493 369 499609007
519 374 532041235
273 945 984219449
537 993 930021763
532 968 997076923
109 420 595485903
974 151 305222171
439 160 51275161
880 306 438207343
136 925 115554717
792 593 279229491
605 382 377461100
246 157 539254782
737 792 152254146
484 116 353540919
904 256 718097204
69 60 413555206
591 23 906452598
403 32 920744689
411 645 303836948
389 677 804377153
507 904 374833596
958 192 500010372
34 396 962927824
493 182 970210444
916 215 433682934
41 688 982596096
449 921 335110047
608 6 7099874
22 485 597138353
538 556 426718241
544 674 377597975
122 58 696602964
391 793 314712154
593 428 909204045
739 603 872885685
919 72 591122530
83 343 926900473
265 224 848789864
920 939 549126379
227 94 177676307
389 900 166594997
664 351 147580509
208 179 250853335
920 715 217678232
752 781 316865236
143 759 61485274
628 533 212068470
573 785 421870742
250 181 304116298
842 229 705895285
825 761 916069231
167 115 963791414
772 850 782672560
673 370 184922303
203 181 15115735
236 147 909879360
227 374 809014874
783 754 83989519
362 863 217418141
333 313 871311236
888 456 615141853
844 473 732692241
726 867 222346848
574 551 452636441
700 590 512504390
805 249 987304833
745 707 560686177
645 873 222432191
198 319 361200298
916 84 374049413
978 817 427767339
931 10 29696647
336 468 165596848
233 434 499465071
594 201 882830431
669 740 572176625
325 118 343343375
563 237 92487549
408 74 268360142
974 531 962041467
15 10 725704829
811 564 997080981
945 890 648720895
816 67 685505590
673 143 579187122
505 772 61668145
860 278 565556423
394 800 93436691
321 154 897827368
490 32 862884241
473 423 117518709
387 377 1351943
613 982 834175289
648 992 272412100
513 419 486533028
341 799 930204139
951 307 35206644
680 38 709219791
992 963 455340712
220 342 459287212
500 249 468017562
907 392 767782375
199 132 613332597
352 350 610466822
357 336 478818853
638 511 652752250
385 450 826909902
710 250 741064543
251 645 533272572
890 710 312424700
167 751 820868987
194 182 987527870
446 161 691255438
235 755 463130979
336 206 364390473
451 500 126115463
408 886 849246109
400 813 351106123
830 576 566286829
328 156 92268786
638 741 579336725
793 451 18897775
234 440 24370235
817 744 592571940
766 471 547511808
4 3 598946591
713 206 300641258
299 610 888105751
106 13 250702305
919 851 645699240
93 770 654676185
135 386 401686743
229 803 775342223
828 809 890359652
673 21 135176655
888 847 842152650
368 117 35385203
76 265 587611474
349 838 857497887
644 660 340526789
936 20 855327550
827 259 147951797
21 214 446908337
280 713 474169615
814 475 271516590
828 946 304025299
418 190 576496875
16 12 277030864
366 37 295624703
422 762 176153741
712 267 441568802
855 579 337198165
586 524 606164540
859 743 192615802
594 75 303747732
827 15 40197917
118 794 207886408
999 172 699809798
49 204 774889365
251 188 630316359
121 871 550907063
720 399 866270122
902 255 865879844
345 525 296621759
173 812 152381216
135 371 694831149
816 554 120427020
266 936 550683779
276 57 573628672
749 732 190983302
261 639 542447314
690 624 387130760
6 205 320371409
946 246 697995626
804 654 749696112
414 271 875774716
117 489 329208780
157 52 650193355
672 790 290046869
505 586 413550408
316 222 852826802
994 365 779077851
212 884 991639744
293 152 55852718
520 469 382372926
307 748 331703154
390 606 283566647
431 878 629741603
121 59 508268663
428 997 305835109
389 848 291109651
624 366 153383071
948 448 830855712
97 366 43993704
522 376 718058036
638 773 924390041
369 258 739796982
966 486 631020742
707 153 53257438
334 894 680095962
601 881 887240022
89 867 1539836
63 853 960003050
885 638 357604907
474 446 820777507
175 860 85926183
798 638 445367008
702 203 910043986
443 294 444692482
984 878 546221335
652 391 607644089
714 786 489864970
430 298 492414549
688 859 309231076
9 486 346987873
723 797 227353491
623 978 807292430
995 295 707877632
912 951 941133564
839 590 352084838
624 527 912330439
451 354 454901711
186 564 99097109
527 988 466626044
212 29 710369785
53 921 553650916
827 351 551626690
136 255 652416591
452 14 656208017
308 3 201211798
247 186 488006241
292 286 7861659
338 34 271129248
911 899 486405610
414 306 466028636
865 239 849177495
488 772 47396823
342 43 447783957
37 579 5719534
185 106 251782962
829 949 321514229
5 579 743494739
686 175 277914560
178 618 773395594
339 233 628335608
982 297 171343539
93 949 218270503
958 837 177651941
614 168 451381700
988 284 634301943
515 196 376067428
987 616 106422632
416 231 630373119
88 703 710157161
129 838 119608801
987 962 350715027
480 333 611699179
734 581 797540081
497 156 408992190
525 214 156212278
757 121 238956510
214 638 450623111
929 900 991114105
208 82 306364408
298 765 849495004
276 729 636314115
83 280 644699769
583 171 761140825
29 840 382755656
779 653 673210619
912 234 64976779
299 322 887921585
23 20 982462214
716 910 770315007
362 727 191196101
544 440 397460854
716 39 991507483
110 607 540040207
684 35 502741564
614 815 357251552
341 344 570373290
76 163 541183193
83 717 429881563
652 517 538836685
519 683 372901919
229 510 130793605
897 217 729563200
311 900 903608945
309 45 482549627
782 507 116090201
631 647 32763072
440 295 353300910
593 531 400459013
975 184 864321808
940 734 891642583
919 861 606785340
578 84 335886291
695 356 735988119
695 824 313983365
44 558 789126711
42 31 413011631
551 122 606631059
524 431 480584739
244 59 121948452
335 321 504905293
170 527 821305008
120 160 948671159
445 164 577671256
695 718 182022785
700 924 249062717
452 372 680526520
208 867 641820755
958 434 689973683
404 264 250918989
927 395 17330344
221 674 60086179
14 827 936885522
376 214 201807890
44 14 251890383
669 879 430218116
247 428 900640550
878 722 431306325
180 593 766020725
266 185 405387622
184 525 711331991
399 302 481619184
70 294 462746088
969 599 132819868
863 315 36072348
87 808 302550069
529 755 565432930
152 286 235616061
623 328 369142294
36 11 677933052
24 931 35020694
818 848 906581497
731 485 508022300
680 763 805517363
515 618 192036804
349 160 504668874
147 66 545870950
408 160 492062450
20 240 486393190
979 502 415038803
411 577 667562592
24 2 205337208
120 533 356390657
59 244 567942876
470 268 135183275
85 550 311480125
609 877 885999429
102 5 183405595
382 452 452467502
872 128 12697907
262 388 585766552
777 63 342554499
774 902 206098714
739 391 304240460
476 475 602430029
310 106 917256307
448 932 419893087
411 824 721022646
593 940 820697503
620 93 956798434
881 714 543428607
127 90 38908642
909 493 258855940
885 773 608917015
308 885 782134537
517 191 77245376
12 469 340636036
59 300 564234867
900 374 618377265
771 967 607091202
832 59 766946219
780 871 854501452
785 706 117944
233 184 714526778
922 87 573085494
27 965 32890399
856 801 926066789
306 907 166312876
553 689 774887215
359 41 412170356
29 949 679423199
430 928 194747909
811 156 823343050
375 553 435677694
827 757 61312166
318 673 774868963
300 896 76336851
319 251 480340980
327 632 650442087
904 427 928486062
992 888 327263531
692 203 378217585
509 235 77834252
340 162 603994780
10 3 223897249
133 161 257711474
981 674 31360678
900 629 974419845
316 372 150924815
628 373 458650837
158 744 247985843
559 304 792067481
102 197 541542584
124 14 648955203
832 52 203288439
128 917 812808210
510 341 955473902
13 667 325836906
961 326 84921022
780 53 632116660
310 222 162590698
705 667 533944313
579 754 942031392
445 599 73956714
929 115 392318988
459 579 391612069
441 240 784116260
683 839 460780323
414 6 731503664
384 991 694157787
304 286 828692056
979 240 127884721
530 930 890228430
541 375 113044956
579 420 632955207
452 344 420381243
483 485 825884580
174 749 844829401
391 592 691775759
785 496 710568359
782 545 77012050
123 626 643540406
964 145 29583548
972 687 492255612
326 252 148132917
79 866 181459645
961 439 586948645
766 206 529649269
6 4 779805929
598 615 764116596
317 421 287436401
540 806 944728195
479 9 388008953
387 885 36185605
914 2 347105536
27 884 440619790
195 303 642944525
243 864 569511327
234 11 661553031
828 489 389160287
470 721 601188702
556 457 967739344
971 789 654832619
145 870 398073298
397 561 987522216
849 82 753236197
432 508 388535235
375 903 126787622
197 99 999944438
51 651 613112704
169 241 751135151
141 833 926372221
657 457 714333395
318 247 422891338
37 6 78118036
9 439 756507222
552 800 988983262
310 956 631341239
601 652 697228135
396 741 6328858
907 304 640217815
981 346 980790930
920 998 810143340
731 60 855766164
487 343 24448717
131 260 750791814
62 58 598631208
618 351 418467757
616 886 258427244
595 941 284926978
419 409 77190357
467 231 427272547
424 253 553589163
961 217 765896917
262 92 419384907
174 51 197973052
940 566 161782296
758 63 106226292
8 236 531865878
971 939 458701288
297 144 132829121
656 47 137890635
963 90 201363835
571 206 322418382
162 532 570279057
661 659 350974687
385 974 180184534
65 858 940643036
734 579 756299033
417 394 870286490
47 20 720132122
334 666 846289769
4 934 604142271
300 565 57863486
266 434 377379868
217 39 406955509
664 53 979023517
7 408 369409811
733 441 936418159
788 648 222988592
659 308 882040250
342 988 600351733
469 54 906869977
846 116 155193937
237 239 892515383
981 421 706076591
445 427 904435111
471 622 482897231
37 231 295004665
403 150 707043992
961 5 539870758
10 50 201258460
352 210 291232278
807 762 75391006
568 192 934343369
284 465 5404916
723 885 417096172
602 28 424800012
635 931 869605628
403 613 68684760
288 17 782718472
234 958 824293955
854 11 754472598
674 602 376215467
323 227 600026958
763 521 230012891
253 1000 830231183
861 290 822994931
959 722 950545054
331 91 266912759
751 20 300099649
747 148 123771947
936 17 25842301
944 870 815710585
479 992 172650470
464 154 418307883
800 100 193240432
891 961 685815671
39 878 170471049
342 155 979197128
686 949 913327920
70 685 461943670
382 564 251171134
268 158 685327429
818 40 288571411
99 63 973850067
611 256 214798577
364 464 791834448
348 193 737027286
187 886 359115660
387 91 755103936
171 23 12957008
696 934 569084697
315 144 877384994
414 132 731641116
836 735 358465514
615 28 358078433
993 309 2646751
469 726 919271285
397 504 718885077
801 435 503565816
691 441 317796389
588 238 88421645
628 721 835849826
438 851 922120741
767 110 696108378
529 342 192743328
183 993 2771683
139 424 776633790
591 102 226927134
524 699 894641874
970 21 379421875
343 734 958116996
773 365 289844174
746 875 10706497
219 137 462515299
17 111 32098724
691 128 268763653
500 997 716683377
204 561 82560860
295 429 188857493
218 189 118044430
294 772 912129605
405 684 875347427
200 969 343621527
982 378 369048690
437 488 161282613
670 192 654733903
481 440 173206894
555 169 244071964
268 394 869930807
739 524 249241475
754 631 288182192
14 715 662052659
962 239 957204983
777 711 810824201
670 288 189139031
886 733 910540125
63 12 218782246
340 122 242947918
65 16 122192325
47 42 945785101
349 317 916494384
864 860 914478346
84 851 169935882
870 498 780998032
936 696 21192295
42 950 615763668
46 114 127304082
744 572 973321984
853 127 752854497
52 401 872307058
201 432 492110432
504 825 607584539
674 990 110908215
964 943 267075056
238 956 899657017
746 599 206522452
311 450 206760256
952 615 783059323
986 131 444288839
863 350 811681250
835 146 232537381
215 309 72000212
57 192 853069074
391 143 337877414
905 909 154390557
883 644 746209387
686 538 380546865
248 691 221442038
849 155 841331952
361 920 367750374
147 193 972843219
511 969 349825278
685 118 205729664
856 520 739865883
179 25 960517032
247 632 795336253
710 427 487032902
308 658 469110428
772 666 917240615
642 98 805265505
438 907 637735352
405 75 601861059
960 879 785208550
813 40 917245058
705 19 131420126
510 467 376865219
623 394 507306484
48 853 251200795
923 717 869677430
882 290 195197263
592 728 466702858
649 929 167796335
871 64 520411142
573 65 264437580
814 564 738417140
688 39 337461427
660 634 251001320
56 40 837946317
463 69 515022922
490 934 344995548
997 961 501692542
198 354 549865755
932 840 356892757
36 101 659000901
952 98 237710295
601 570 838345838
201 113 9956361
761 32 911602535
584 812 192807415
811 368 627544950
968 167 133694821
865 58 190803973
543 650 18203395
197 411 985799411
517 441 655900662
85 593 560442184
382 997 821687573
806 608 792583901
147 758 715938208
651 518 461455920
224 849 276531149
120 169 829089880
459 333 745275265
980 184 748120974
346 79 293235895
363 209 49708501
334 884 438422176
646 778 102331921
622 355 72079766
867 973 670741334
913 805 193993936
620 267 595346800
354 691 376848819
458 354 514718696
711 312 313850526
780 401 289247821
353 562 930468431
161 639 815129723
295 843 818004503
252 882 746588081
745 658 66649713
274 771 386180139
115 124 83905715
21 13 477217910
149 628 567175420
516 521 176791900
241 338 290667803
646 226 677188765
394 758 337407494
938 889 710955395
687 866 130681642
561 924 133208711
961 594 321125986
905 445 300277053
836 531 597694571
33 606 551049198
959 305 35036735
285 230 567340544
874 638 16107599
931 403 441648879
943 425 208490128
237 891 519811258
237 248 175231465
79 759 751305644
812 702 576014426
57 843 710370181
775 271 516207610
566 719 413451532
449 585 556997327
337 296 618939793
423 450 670254114
535 631 479710308
910 946 816292986
730 256 874441994
338 289 557571647
848 513 694585622
507 145 577715944
632 185 844587994
625 847 376314620
958 599 655023127
76 256 115239430
132 438 858672021
713 711 835136444
515 28 449775638
536 754 838273820
794 698 507366672
513 343 312813804
983 821 783268503
899 666 555601345
214 843 553947387
58 501 998567426
723 610 663883974
978 653 190932768
150 4 882928621
514 340 600584853
456 608 897871015
229 330 308327164
733 441 412047999
603 874 468262951
361 548 801178754
987 389 23263377
175 310 959582284
132 105 873802972
757 141 644153723
173 231 542377273
964 508 54284838
51 44 303840056
28 131 625930062
540 83 758795761
730 838 805277057
636 388 18971417
873 155 874998470
225 581 178983732
502 540 589827464
603 38 49017675
351 34 559597640
680 438 62856987
947 232 178520893
499 144 788571599
512 801 894006145
259 186 159727735
790 215 901232119
506 927 263147988
385 137 607596535
736 998 90844018
152 29 375764824
786 267 823478404
267 385 661083383
151 549 636167439
957 995 73061165
563 576 909938005
254 107 780296351
286 51 941927372
629 849 402004491
698 25 703751144
606 616 996468821
461 19 334561305
62 17 28985149
346 256 839175631
255 987 997823112
943 476 987497480
455 814 476866191
524 325 366443777
925 651 437872009
976 224 959645864
919 456 262627587
150 440 603977230
53 5 97437557
191 654 276862119
433 401 273185696
4 315 816117347
90 124 700281499
632 762 845699533
292 39 859600359
246 852 851564529
790 310 808661247
244 155 9082483
858 23 761441521
15 515 80299562
97 545 238875988
880 483 460597983
860 813 592336149
262 271 816213318
62 972 945952368
946 640 36118157
649 614 998243707
676 937 972323264
33 986 348130892
892 526 468084818
62 882 259483801
431 327 408843320
278 933 599913817
916 408 926886137
567 570 849936755
616 977 397360422
984 515 945414651
40 77 406787405
364 727 96059288
891 48 942408788
54 139 90262795
60 216 309932773
14 109 605669782
581 83 895194751
267 9 652999959
83 46 503098132
596 450 771356767
995 997 837426324
146 899 639502822
753 20 837565065
39 282 730521568
951 758 691515899
874 287 406815831
295 662 979219710
211 60 678128680
271 605 725020279
578 163 580938317
415 694 599181868
597 133 55538560
971 416 345723521
961 732 26342202
952 990 999607169
603 606 536445969
265 418 990391193
37 651 395869733
252 762 900661462
810 245 40448053
815 943 215999046
16 94 102528586
635 749 936644588
315 438 134977653
159 56 42379372
609 134 226744735
181 769 880642744
486 225 472149263
475 191 184020442
772 187 599798868
230 773 858203173
439 174 418405957
307 513 661437000
479 314 268949906
96 76 427227476
680 457 712214306
28 1 674992118
981 252 551448179
277 736 754826940
445 541 715775269
847 734 374377796
954 473 896623673
671 304 580958249
693 563 724919480
936 132 365804177
697 367 262099788
880 449 853612662
320 58 5040036
810 501 287156123
355 718 300596691
728 261 875405011
989 371 294881941
39 214 809932844
552 311 829019571
512 742 587713982
951 574 587883074
359 7 441769608
203 259 454289056
777 907 374868067
357 796 91714596
10 834 345826120
442 491 789909821
506 74 495920165
394 77 31001642
205 730 489790039
825 648 339256547
702 140 311062587
343 30 588618781
699 745 750860861
639 553 282819602
852 511 137801233
240 750 234474666
627 335 975186982
531 630 669154891
699 396 433684403
805 147 261570176
697 397 595229721
900 392 787795800
920 802 714366902
690 345 5027558
812 310 625757966
89 18 883501268
812 12 705537229
725 447 789333055
73 587 450165630
261 489 709736268
130 339 399573730
166 797 679709371
770 589 131118159
987 912 950442015
237 218 255580909
202 759 389153942
751 842 308528578
734 536 419729401
626 63 601846250
32 786 897890786
392 283 463418954
877 209 450229038
32 159 956805135
289 23 683710599
269 120 777374889
31 358 206746993
559 376 834633059
644 378 415786884
268 984 914969847
662 956 906894244
545 479 724889702
537 433 865446239
649 973 317538077
70 506 706362749
771 504 526109212
1 356 104090540
391 980 615028488
712 424 991136491
310 553 41664259
213 732 33370306
123 657 326925600
480 9 404541236
918 517 478849119
479 770 82464522
537 128 684905508
96 388 280206687
744 198 754620051
748 120 298763480
902 416 704540279
133 320 287127767
795 808 381724809
654 208 367308305
973 84 241072803
963 316 285624752
748 970 339229174
857 5 271278151
373 712 90413273
780 717 646004529
251 170 735994083
293 746 366280709
374 617 243333138
956 999 461633523
110 177 324828154
707 398 454645122
701 562 1730398
673 751 931836934
610 338 550143066
828 191 667505898
922 776 109681994
462 709 93070213
610 616 979108266
898 276 261507574
30 343 531893767
324 881 772226963
484 44 759823280
733 958 271578713
13 331 922672534
332 54 893596040
194 324 139275038
106 754 174193587
221 240 144348035
26 21 875540513
209 585 400673541
699 919 46756290
896 908 674571974
5 3 785903323
684 691 9671823
598 874 878761596
556 161 968975632
25 8 608433610
163 14 430195965
767 435 682031436
145 291 397417193
698 708 998593139
805 663 627665932
560 465 917621013
80 25 979461179
548 997 290320190
709 370 588643608
132 671 407496298
298 67 39668809
480 698 254377484
649 737 614864605
281 580 923342199
918 553 151463389
332 99 381925408
778 301 595332631
646 144 866603492
728 672 211110331
881 468 112804030
169 905 244800368
503 21 229116640
84 604 113015227
542 36 539008562
918 49 197877980
118 903 952284638
76 877 861871472
619 741 605183586
584 364 369883446
905 256 618437198
460 294 610881327
211 498 72651136
176 138 989008459
846 901 34356848
452 146 292486502
234 211 256742015
986 556 794462501
298 14 609204457
186 845 290525132
677 376 393166754
243 277 385778434
763 920 646062546
949 222 858216375
436 934 809959753
149 720 282133360
535 204 313006128
401 386 874751018
372 792 138511383
896 293 290244071
165 602 79583857
439 940 837706244
46 835 741021215
494 120 245862164
696 712 102161164
449 251 248255017
254 1 958578369
361 299 679887758
545 634 673101001
234 183 623923085
885 359 36146990
562 297 928353719
566 557 573649707
12 994 456484312
651 178 229122047
887 949 623809669
147 840 892052642
652 476 621678739
371 326 344111155
965 611 560033777
585 139 817586829
12 467 199119771
78 387 986616722
951 225 669292100
784 804 690451283
899 595 553037220
495 430 628652969
856 55 646269302
345 705 138970766
698 83 627698670
508 296 764296390
52 34 23772515
345 171 877695833
579 869 164183490
521 572 271174257
881 224 627248613
107 105 254785528
207 100 525556266
494 663 251947905
519 466 529695358
275 194 455419387
484 895 489213089
592 225 470095384
445 983 673806604
192 225 323838977
296 533 149768075
697 578 735468538
779 282 983727850
195 138 619553103
949 180 87809011
880 619 252210460
774 732 353501795
163 151 908500356
113 641 83322077
353 672 134838682
756 681 338058452
294 235 731621172
635 588 480932566
875 933 836314122
58 266 803559734
202 743 170249560
925 796 561315451
20 6 368780503
948 960 511815397
637 434 602916574
831 549 878356162
837 565 824335573
936 533 414812186
822 857 147735776
629 327 255992235
543 947 775586447
795 327 700016656
847 251 185418049
113 387 926845777
51 15 896584891
357 553 299369655
421 240 916873756
179 919 321708723
475 871 889437010
598 292 310150474
972 410 393500672
219 962 429379107
512 20 690068856
605 909 764613128
911 736 872960160
904 397 336404737
184 922 327329125
393 840 816269553
566 652 93785690
896 526 514306890
264 933 304860889
813 835 928006737
561 392 129602159
981 66 220431795
918 656 454049244
905 588 818630106
750 470 248997473
613 874 19214032
728 504 895247766
187 10 100808299
921 426 174217695
669 980 68471222
41 738 212374993
228 219 824072304
583 892 1909996
895 588 240638048
914 21 902352760
141 504 233356700
328 207 60103375
150 731 225176200
11 571 432686136
546 506 886718732
937 70 867765105
496 384 570183412
794 664 865067968
239 56 48672477
691 306 974523004
29 66 113872614
998 186 509579965
981 497 209784506
248 201 796618995
580 158 537822376
75 18 635013464
515 127 871299113
929 674 190069054
183 616 332997952
143 176 139635755
755 606 298878229
772 686 306913155
437 329 20068397
715 402 206630503
90 703 710134506
321 94 926144813
328 270 867231604
336 941 143266091
342 8 170841351
998 667 926192591
969 132 906160554
379 148 863492655
284 184 412351427
514 430 900553245
912 333 464958623
845 409 882731684
800 310 842882964
592 396 536581960
766 826 731838495
253 234 713724661
506 451 712783126
933 473 556040682
955 150 263504864
419 657 664162548
483 337 434261075
129 668 149770006
752 719 36926462
361 259 574281003
665 894 646786016
281 355 18735294
145 434 609759832
307 190 336777964
977 927 125468257
209 117 508635477
930 663 637751203
907 130 704407895
494 35 645867743
498 465 407794711
8 589 141986511
20 107 749686335
425 308 541362744
595 153 751003330
86 49 37817084
667 148 986581281
47 618 951957615
593 892 527862854
923 147 293033233
373 368 716736783
685 917 403900109
664 711 148800009
457 161 608997508
337 211 215750853
184 886 609028775
750 429 13267936
887 509 788713173
274 401 467007332
769 33 317127061
102 285 4415129
580 508 743722370
590 846 568825288
106 191 721462738
309 345 100790777
252 69 450333373
491 835 266765050
879 93 753063526
109 74 621979311
48 193 20943346
172 863 973487522
105 547 394434176
991 23 406315991
522 321 280780496
348 519 518118847
738 295 3870304
918 724 531010865
677 165 261298108
818 270 894337542
437 749 49473083
786 243 931574777
109 631 131273940
790 977 414320970
152 784 893733298
753 646 149066208
997 202 207785857
842 830 833661267
476 716 576280205
79 181 321338262
9 590 768483921
615 281 428867838
602 732 521500687
668 867 554775538
492 450 260191720
887 126 815918473
823 43 376682080
911 721 849018173
380 290 878525946
259 322 12646421
631 632 911106691
911 167 989038023
577 584 906831357
306 277 479602886
173 87 812686131
816 714 673611308
643 344 14389474
412 313 44991723
154 245 444246472
551 502 677692518
87 578 153225418
602 159 623504768
311 287 165051426
742 583 851718946
765 557 245639017
138 111 568555775
398 882 44268316
757 227 79213164
529 959 231035453
373 203 901781318
234 415 52580091
569 66 670562395
861 742 464760099
369 536 719256615
214 947 429488675
45 631 273617049
751 20 528780200
88 593 877466105
557 167 842275806
138 603 791958261
722 340 872301618
250 955 17153261
307 234 164957815
346 947 683443424
2 1 803991376
888 417 590915710
941 148 812339757
677 900 814906906
289 554 257997418
594 378 447506017
547 153 831081864
284 158 999896382
556 80 184790407
713 345 556860483
373 53 90672670
241 143 543412066
474 838 524093745
72 520 868150861
215 165 801808988
728 737 344117312
324 95 798949225
376 800 282272543
923 937 926330834
509 972 26353348
113 630 974724843
612 568 928911672
911 237 609118556
31 462 917110013
953 244 862439522
409 885 267356685
799 741 277248648
255 710 425723033
576 500 638637781
8 51 604019548
975 32 195303815
253 929 240536343
305 659 224325004
254 638 490820713
237 15 98559853
231 284 991583069
789 332 537664492
666 579 84123801
654 636 628475373
515 46 720211187
438 370 75577900
551 634 605586679
434 909 39894089
262 852 251990973
282 71 292181721
539 217 947426868
685 926 628614939
598 107 968289461
545 931 567377495
668 593 790531210
305 298 478901036
193 212 344319194
5 258 579945574
249 580 941202519
502 380 935801397
663 502 823898312
824 774 583029115
235 36 188385371
936 378 846922433
920 951 177235274
504 437 930718410
263 82 235848857
71 312 451015232
560 664 51182043
356 609 711904766
518 759 847521153
292 535 296997189
53 172 136451461
748 210 810403669
138 674 61531218
558 180 938008448
415 975 318149745
594 95 875509367
804 258 276672287
290 269 73195145
591 590 260415386
833 368 755026412
788 816 815189074
889 862 25717271
6 674 913522434
899 344 49353681
339 729 70662210
789 314 837646808
793 494 755108296
242 546 378368708
398 585 730502484
902 444 650255284
296 865 717389759
23 887 82526220
528 235 391180526
670 729 445196646
449 156 956011193
12 243 734664421
145 575 707130167
990 309 117789295
585 586 72190866
587 199 12859891
582 825 245534612
571 393 832942399
565 138 990736180
860 349 196340601
517 384 139858569
674 291 446189514
559 650 908545554
698 988 199143435
325 235 401881631
419 81 431053100
119 169 834610305
245 86 684729140
274 41 974257753
282 867 465662523
831 435 398785266
265 787 355649691
355 239 240037704
458 353 58203075
270 691 339962755
138 74 50579581
236 887 641291291
479 54 941947568
963 151 865847431
348 282 236622058
626 826 87110031
548 985 808282135
628 416 439226829
364 509 614976042
655 586 364801366
322 622 662853943
703 164 75139445
175 120 238996036
590 472 547009086
451 45 542869137
347 78 114136883
595 285 978369592
107 105 231535918
344 355 290862203
689 720 282809488
451 328 864658929
228 163 709963470
367 28 168540826
672 986 476488902
303 939 348693919
670 652 11283983
17 460 135983515
53 43 582516772
33 523 629065982
676 963 630097800
867 710 553569643
653 101 62521656
664 206 849363763
715 14 358635348
552 575 623505917
503 20 184294978
275 90 446982661
937 398 848258476
827 418 771764663
78 63 246030031
291 664 503137464
867 459 315156716
67 963 226067357
768 720 3652788
307 395 87825886
123 518 563577595
881 238 820272348
351 78 745107930
49 548 480781448
527 174 35236718
785 191 992666528
924 69 269492632
657 427 455911331
104 469 420241168
615 152 220915299
552 6 956525214
359 213 375340210
893 830 87029785
881 332 501541609
88 378 910787363
951 869 701904888
966 845 310321817
407 422 193457330
830 698 286349568
328 916 476305641
141 72 520820910
129 356 943580636
516 445 189699559
426 132 765417706
963 143 519403923
563 121 281255026
220 12 72030758
749 118 715553405
613 700 547491244
889 984 687164664
50 14 214070800
955 802 28386910
389 515 310848514
833 449 599260437
998 184 802232893
101 949 915071621
269 3 566506884
822 44 457749157
171 421 157220367
158 413 514225850
124 887 183735695
311 621 79582414
931 898 804191287
887 867 150248185
931 627 719995779
917 361 213231538
691 786 592555539
653 175 248074099
104 44 436255091
551 824 636586008
656 199 474483773
563 145 960108594
275 484 821956814
272 151 34051845
908 547 726117730
508 341 859761192
282 442 915496595
426 22 188980945
426 432 121476735
457 637 776068622
72 430 204284736
856 170 385411323
616 390 169418651
498 527 269019581
542 227 49894726
262 422 234454464
212 584 495300239
645 69 808976439
323 35 739631604
603 246 215073894
715 257 173505713
292 730 218225157
149 413 129669728
839 649 430606453
748 832 987209921
165 616 523260994
237 259 201560633
996 251 196966222
794 348 811738694
165 16 845830847
598 399 443797330
952 615 716108446
636 316 750438887
835 320 865927216
517 380 870720354
957 942 433884765
726 73 375341645
87 153 537309889
727 115 287390059
384 845 148255139
818 59 289059
117 52 608848490
341 730 261100107
543 534 618124250
177 156 948689588
22 629 524971107
603 245 767166799
331 539 483673487
139 886 562408082
379 82 94027880
546 148 838057698
82 16 568433889
106 417 351470366
917 322 430458575
727 763 373799393
145 172 18569416
185 684 722194416
892 590 765669330
913 395 164521731
115 64 693199173
392 233 370669043
813 68 878682126
450 386 108794122
561 620 692420353
67 7 499517753
868 2 89541169
132 211 193661137
647 242 861551915
775 528 564100243
760 335 758620756
542 321 89874476
417 138 218311041
887 288 348818809
156 948 508115646
244 494 723697838
515 115 739262165
593 44 858326765
395 61 273257175
466 142 696962467
373 27 16462680
916 571 553869658
612 655 25796839
704 368 93893130
635 769 317571871
465 227 984230788
295 160 532114256
58 45 527526131
591 1000 959814437
751 206 458364710
403 348 418348327
820 676 515350720
500 393 938025196
164 482 874170499
589 289 816582043
858 755 613344564
17 148 848841667
626 308 982651386
206 81 744479247
780 492 619902070
814 863 949570012
750 575 600676489
209 128 173072803
57 157 422849374
860 766 110147437
159 850 828637586
573 848 233727062
352 49 126518408
619 510 159794479
342 999 782760573
59 29 172743998
599 572 149977070
835 60 918706942
521 138 990812848
872 452 183078274
652 93 489099398
565 124 769701874
798 83 904993915
677 297 127755471
593 876 702342692
619 523 191959101
471 496 174872436
361 839 190008190
653 343 203324299
423 829 955972234
650 220 432802314
698 158 76093507
934 200 944665924
619 399 418415087
710 708 306429733
669 25 632174599
323 656 964127374
923 998 73003934
647 46 806162693
562 777 971796223
317 23 566956458
695 295 731753693
360 130 64967048
165 851 247752784
271 584 519243416
15 815 277710384
318 896 119444788
300 939 504620064
170 775 529331126
71 15 743742566
455 296 923992009
721 939 318874858
264 121 625876938
802 452 998599555
511 948 891971165
412 810 927863835
160 712 259110798
133 603 271775556
857 533 612291972
413 773 826261215
782 870 209195869
476 316 821624811
317 278 138022634
834 825 63370134
406 786 617569957
792 627 353382334
582 52 319945280
77 66 614166771
242 618 836035264
456 292 26480651
275 79 152449490
235 142 328614008
810 51 269758447
936 186 104828676
704 499 672238162
875 999 397252392
1 775 264324571
457 33 825651747
381 976 501025054
581 538 450994043
833 469 341394592
61 544 57503512
896 678 70546427
240 92 697314968
376 211 523472120
436 771 260666959
869 130 738407465
236 897 59356239
641 336 980885407
679 378 474284844
566 237 231400900
829 14 332313587
767 69 891257924
777 415 937207696
33 667 581047506
49 16 770792858
182 419 57302234
235 683 243332216
76 422 652650073
433 85 521347482
87 318 698820959
413 537 970006937
72 42 332013877
741 216 622441537
982 96 798903058
731 667 743836224
567 389 194325718
458 443 870170375
857 49 18506341
898 887 50548230
597 628 323736181
803 730 687615531
700 759 971390456
498 310 621488506
267 802 92312782
778 617 619334267
549 923 37974291
113 249 953635867
244 381 754280327
372 67 267243581
28 725 991931719
49 899 675376509
411330712 847003163 900636733 546807585 340538751 312946484 236952294 776286500 938069818 963690489 281061731 510163617 134214418 178725466 475936387 490395106 724145260 402960881 728677085 606919156 546092542 390754988 273287033 6897896 513258531 463955323 617117543 49331043 112940636 231318016 790930390 713511934 484242493 553049160 94898593 167144548 707132721 452956544 474025467 301266771 185252571 143792823 121152297 99373156 224442083 168659632 198126906 171967297 436432559 892953321 845079647 529043521 608730446 410487557 516220081 39993045 642710454 428157338 588594370 844442320 123872883 993951680 219577396 807519552 654654807 131529571 737061673 606089523 90625068 283046238 759986878 654600988 157508022 434601978 141615775 471006412 721880460 412811757 171278066 516717987 759672337 985101248 664614958 926966508 879740874 244160157 30007997 56373301 956454 645263065 133050557 552945833 206101259 694257908 203800027 728118552 712961503 16534687 154042433 490895750 260743269 724462615 587011394 153267398 600818754 382289788 472077004 579797198 153396195 949880840 601916314 882992572 940658638 500391451 956287605 985154502 888498199 335548202 49217969 272232224 378240355 947605391 944636844 822788240 802958409 590431001 796849250 324334075 294458451 871568197 752814235 851952649 697146094 754330509 229205000 542937075 420718643 597699093 55165665 444336245 331492130 548675876 188024151 201769091 23384017 63492548 74535133 930622725 164833415 274013924 75430465 340144244 481282555 103630000 862424126 879035315 184568434 148273454 128233908 98642210 810153384 93976685 498381934 941279079 506309504 945694377 864017058 668436247 262952966 547828682 288964789 869107339 222441997 500841866 209773595 327799266 586434684 370090049 968556089 169067840 718870147 75112493 420721353 166620663 528061043 418275226 992605098 222253927 467349200 508040837 573714757 540010860 779785832 606586079 843683776 822187463 539667247 720668432 661093361 413954722 6304965 214790689 684635907 422544446 947754207 498910510 239299781 317100680 66009405 23422496 896974731 455621650 631050350 235081859 812193382 40925505 939712755 294009784 766407659 522268115 779652832 704691325 498642022 950121601 535847548 867332519 372912322 548877214 911829334 662456484 789828514 966147123 320038961 144757380 383866471 13360846 906332705 115049842 111682958 806179345 935428648 73699835 504493511 488914462 476679232 306578934 357424190 556729243 866016253 846841681 191112767 472077172 117187800 641545947 80665822 961755827 837215925 434237844 824353768 4476049 449000785 538787414 250300030 452055268 23364411 645338784 24240577 179168389 246832876 533818471 325034203 112635611 579849797 863460611 957345312 576569902 620180627 561911342 398290934 914205380 415317346 819430982 651223886 518825874 844262008 891801509 444390963 354730939 480940621 22830961 677486328 209778766 115618514 665689056 831498623 200643034 757371990 572587928 220453244 501649550 131890354 266593332 686980505 885299252 891842850 272449205 512138043 547533802 599897437 821249564 83714971 930853996 429908927 417358005 640979523 198180783 340702447 251409427 884883729 870760177 135714925 585993618 793626966 895021358 346048359 560583656 813622341 313690309 41788778 848198344 770581054 396059260 939360667 937452214 786974214 714166742 969887046 473110367 1974336 610467905 294659516 357303837 847179302 990572667 735642372 452147460 167110796 536982249 90833894 757063188 505083710 470418030 349132452 215185176 975531202 776820678 656833106 868456084 830685614 52140468 883729959 190125718 484398747 732260688 402538985 516559011 916652450 893145251 6447606 233060672 225653013 617146684 500093070 82197526 312101160 679193379 25949868 525825529 143278667 943031374 724342300 929302443 108465433 877440165 33453556 488780712 965850868 391096265 313917986 567389586 9471909 969254657 981116047 277883830 57597648 359064268 32176260 167658580 458687652 532742281 232310450 894471736 192701794 588945477 250383248 144779289 850170819 842959399 230906809 81533694 182226863 169483658 885787633 484683525 792008749 489256955 754992407 488133368 859767342 440181952 809566152 149076824 621789731 3400274 553530223 280163230 265882188 195058884 941577575 607978421 892598133 85883619 233239175 20621567 499444481 741636402 254338228 702921664 581763231 679491992 638852541 194293039 822591569 87757715 725465590 424661141 181551422 906159800 335307284 183451626 566068453 971865267 196991660 663292962 251122023 54652685 125810397 378348007 523243333 993911714 45815214 133426462 491976412 67465993 928824809 628578951 539194992 793708587 394356300 450696740 713548652 55678326 135348548 735371043 94327500 468029519 494407547 380722745 205605999 472258029 686823613 90993823 445465272 158745923 894708189 648620830 986988652 595657310 746005281 254088935 807650349 679415649 803986657 797121952 603055585 599386245 645858811 733071249 103768859 254078214 247454114 183811928 641388989 838431834 917215417 522921219 355597042 574241124 131074440 974202545 502845321 19678002 430973007 532597036 989885185 209751721 933966480 621763622 371747681 747879475 838983533 706966953 266036566 943915182 364159096 923076864 604628921 438286087 409539003 422747752 74696772 532199439 776191156 712858304 733484701 17881356 785630086 153051814 959708942 945337154 524304802 987641984 178129455 997205486 623469364 821070695 358599563 908885188 141648834 718431400 385723084 873007526 976586837 161808003 295245366 321092233 708706680 709119908 259187504 170452906 362263465 75148696 142118178 247150862 248894090 147292212 127237603 989790447 463002460 653919596 34189264 312903848 273738609 887806275 712947949 654591086 525770511 142975101 925532839 755101372 173855870 576243060 354115783 865399102 505937583 303648733 913620224 684252780 3069542 596803533 142683388 773147783 675984425 944986707 725849759 543187595 358988598 455179507 380449832 358420663 152394828 787686924 370628432 722037483 925206844 323824564 770139218 895157285 129099184 915993968 836365345 920810759 719304763 646896134 678263639 812775708 905677640 500684169 314518509 641967646 469985866 41819825 718760810 963978641 70017418 781720724 501239517 16057178 764286784 314366237 28056868 433377658 991246640 291625362 690741198 722438836 210451803 1855038 330213982 867069197 309428810 982282143 592437686 46771363 237662717 917183867 46381020 904853667 913563891 570165168 439676870 330073675 376188513 563509027 661916110 184618084 352145982 386888320 277509957 540685411 251684218 929480840 149193776 738229785 195743780 796562290 698984174 210138003 813381304 419061190 644626404 710357546 843066215 551134855 744234222 966136325 416318576 127771592 627267050 454271613 111826841 464176387 35899375 262140356 652056422 605282394 981954528 498202460 15951677 698089679 523786365 28611604 374038993 261462713 48432428 103860665 809090121 716200114 136115312 402629067 591549522 919062354 466033825 526015467 176031879 703712496 988560402 497349636 461895904 962671905 151026122 821141642 310450899 99802274 150957704 199001970 758137902 83241270 944951150 930325258 567317278 795901760 890771255 304138244 202016259 745737637 908958125 859021973 946034184 693221780 417614531 267181912 549287883 436346703 835844135 56820226 903990510 99351791 756753519 335133436 754153885 717224876 144298017 392197104 223344911 697703874 69230771 222508895 585551366 554546895 616809320 254212198 693971874 693340046 936270146 42946438 677052335 410441417 76804588 315304762 303814401 893491222 743793485 901951212 771938607 752478276 853363339 924222452 999146969 216383348 32421504 254232302 973448851 789761783 436140418 342383146 665921575 174371752 249497493 606443933 762956607 604109586 514574249 543125706 266424569 188071998 429926043 292793743 913887740 948288218 802336761 634400961 97145452 999243065 126827940 931314153 559190307 742857495 352589089 143306496 398195013 106279182 713179305 581088094 193394480 577632279 766590323 939661902 309637795 771226957 138552811 89649634 266313162 673389429 420390639 413867791 880916091 23238543 261689272 814794641 564569145 7345830 837606892 473256915 540158734 269752872 255567572 245352954 841404488 966733986 62486745 160001456 680947380 870405310 721069872 217391970 953778623 490097751 198819239 741882492 396423359 81047672 211374501 726751016 595669372 519215197 594640341 787553440 104419679 703005084 143175824 326069910 961831499 12052186 535481233 352991581 870041279 957532864 120301910 317526439 75359630 766182728 456792933 459165690 455279484 331920700 722171839 260040013 34692545 126906855 366832097 697675715 934182393 445050722 252013976 72830107 115860843 285024110 677046708 217860961 10809459 404180995 332627876 421849562 920225544 647834229 374773581 253782152 326450589 94260739 639731260 868479647 125940935 899964462 758442753 716907591 505264714 180746724 99529114 373015206 792815863 36162015 709758996 20897719 683029922 760256568 943126229 405443222 795186596 823530917 315276927 570186061 703455429 985280598 33184039 394268003 548369735 274729488 556629697 90207326 909922020 220457578 303678897 773284479 795590581 597759613 456284206 291158359 941538141 284870183 524475674 842404614 146983982 1725085 40412079 173855307 190171288 760863848 679898772 944978386 656442934 782981377 905915550 772044097 38858648 320428731 495409054 210116724 403732082 432524351 847766559 112730782 76021781 65865951 26392731 951026155 533252861 816375292 299998803 395940530 565161620 337527628 504608552 863348528 144335024 748791183 439690206 116991386 984200845 189389393 111930920 566200230 147403517 973531898 672180033 980461072 186713754 129223899 688225691 362109101 986522592 593717164 230464797 739895959 75903338 233084152 46768460 818996115 411302380 905335816 937915754 117151865 411778566 885462458 211766327 829245296 635687812 243882130 529753784 607113416 495813558
561422599 482549118 993491230 5647233 547500950 954272513 854185255 102683888 94095637 859748029 121716540 552744648 374159603 811982077 694281239 388338567 483572255 125610364 683811345 610887482 738991082 841901229 83239135 686290997 396423304 909930938 798538231 976663021 105813895 441181006 816094496 835984492 639169977 659319286 531484519 817075336 965883160 688471281 502987205 763380287 439915611 266768586 273057170 924261248 628711980 371588920 464118810 518739021 881809893 502599508 649700925 299137001 770349636 866893775 963770936 55299778 331374270 570981272 40288411 149590664 279905541 361310869 541323193 636431467 6385374 933679385 871938104 274134018 415360049 500406016 208688446 195657660 904436936 551689916 399445443 39966640 959351465 562499992 700103255 79141849 453767697 659798678 81462472 461794522 415738646 909612736 236106829 725737908 618301034 616713051 684582718 69379509 458947085 898842646 764895355 489123220 195071511 148253474 287987141 968445454 886080651 543985276 326869668 149003650 927874272 66884176 840315823 649762045 606367987 710070755 224931984 996449246 381585605 943340444 609667104 482178049 810323412 304902854 177604246 964430410 567469695 480562846 928170042 48444714 937611814 669507928 408782099 163963518 777376108 700384328 554573802 223756576 849268051 550490137 275449767 320389174 491547385 879631715 315859303 559856107 596796879 881161755 54333843 403244806 513349588 730652142 330926413 231894963 514079996 932041807 557128204 236056337 895863683 637745629 27892441 262846310 476289099 431843067 165495941 956921712 970753917 830093250 578375151 138376442 825227101 19044394 187207147 671219205 467100076 418417417 487255321 108194391 275937031 974014411 247111741 558434242 851182118 403266518 789728946 936759528 341394436 430461142 703675775 127863925 287202074 228231801 775765042 617554167 349441601 753642597 786707088 454155195 972880885 300251985 564791809 620476566 830585414 405064654 561593310 206549316 838359060 21021610 957224072 540003052 187218900 941024688 659410655 816104488 173975999 887417934 163969992 669753527 942728804 753899586 980174088 199023309 376322862 255286997 754577456 414590191 862016884 332077137 948794830 572838216 702757332 318625438 12165993 980959846 742522681 988744596 156076691 74957514 309575890 407826081 239565376 233068730 635997491 631470895 90364041 55189793 215946459 363789574 537600287 518084510 344706037 803839739 354073052 834660359 240596988 848882397 782559864 132005447 585653638 453718011 183676082 857613663 393431748 695923281 173478774 171061374 640743171 191961927 571153072 905976231 757744165 496400198 372412346 4055253 668276270 426890702 635132514 909556564 336523613 668458812 162233286 578874351 597747069 810140999 149708163 762687875 654529635 347545540 885960237 895553693 851182364 898977298 972907884 734684828 553584049 255748869 377908727 543486279 271507325 903863996 899819765 293985641 956517702 900363559 845820773 271841993 442328862 617943987 855820760 425185057 201566767 892313808 568426349 833537356 333186990 797179612 113025426 404123060 719427373 554723750 587242467 87579505 866702634 529070723 749172364 235788123 98969692 639329128 766036280 142278566 783769643 124970807 30873007 492583689 733084696 427623388 611504974 750345035 210272617 368205248 762245652 32303114 632008626 287880518 343595267 207513969 293366888 879113652 234352076 409352499 895511020 114005784 416350432 946885332 649674794 271477369 988528852 661833828 433581635 664768798 773180112 307090956 832719350 6321325 91589680 702003985 996224145 378846808 270593052 461400125 776745281 642670113 686596804 887943842 466398273 863960734 554430471 330180097 67245515 492558140 867233831 224941147 182741150 877701258 928128716 635396384 722425117 944316482 983355858 638498854 405522753 133225631 759213538 990189560 932432350 734304236 919001447 484901093 51755084 601776100 753246346 950704051 879105149 335099162 78618941 44072317 532041005 695207291 1626788 248642049 335684231 670107741 251204033 420641567 919431161 366288336 84751298 448121597 231293647 884426285 295432535 88682901 687868249 550441607 840082229 827966154 758582368 507656862 786476876 770180995 713863620 813704662 774947073 192478742 355260030 339588313 973368882 946025648 925089570 217875345 255592231 74597677 493259282 920067187 223578033 885647510 227489179 189608791 915894300 559668241 481793303 987643041 19313252 86897259 22640769 692280978 51930892 942719539 967297581 934412400 533513195 521443751 402753546 180558464 461499947 466482407 311914897 862504712 940238200 560274334 286027573 468228889 789194643 909024735 990225980 718122530 387214836 729481652 77782000 429294653 357230515 498563196 871694518 694419437 518630742 365891787 168077792 716408100 936181027 277024366 309241745 112427167 142648027 290239065 877317272 253134781 713529173 88550147 842899188 707543321 287578074 864676581 772036250 117454797 481991713 397908282 628531386 367829653 248682865 749834247 310792567 593441799 49924116 465319311 521899600 131921020 997370460 167461174 378182379 612288555 858983667 713877957 885406539 844245584 389901988 613900680 14470390 948435830 174361909 668179600 101837545 784683971 263591671 586165636 336788468 83541395 444940753 678234914 329083998 822326619 215102249 306357351 395159640 637099106 668794987 182212144 243927686 254956847 771407308 665249086 855119520 57157234 377632842 293262675 401110470 315944032 251887187 61607459 834092019 861092908 241514587 914026591 890527016 740003697 19785860 547036513 951291470 963203435 881792586 419717725 64627134 663882923 488719669 490282928 130362807 256596254 675154926 659497145 903440990 484329554 41937477 760755884 502746657 653216305 841587866 850160693 880856267 514821871 123199367 926442973 127611940 88822309 418978609 973199580 673979699 354532394 938286196 220574976 455182983 709282293 442375696 180471766 970828290 374563188 992915604 107220450 517631768 655142691 797140668 946130283 862115283 653574692 359968294 296803122 355657771 520961251 534110623 988594035 388023080 191240186 507121758 533689544 831512243 297095893 632463934 914424628 556072457 674471773 482686594 784797806 111223868 20219703 561466401 516997102 643429904 8887430 922734730 931312675 437554986 183167457 496830282 865214061 633087090 393321021 748323830 754335848 636336751 45415698 427366440 557942017 870508444 737205509 109920250 485738756 321183030 247350104 915486550 599529039 642281077 777969061 416390810 111471747 99857250 19846098 901950481 953461838 448676913 601868853 338205310 280141043 296038766 993558037 124125796 12875110 344723052 623407866 656665900 494148609 163901244 938126331 999132665 532658705 751803867 445602106 219922821 318157059 429116108 510978154 251244740 245879534 992930722 923249197 102679081 713447939 588483124 828783408 827455063 688235409 588389230 114630911 376416734 275113452 595232302 839469684 133582279 607964464 686296875 826310626 401918338 512575166 345199265 467924744 575491740 891792122 78076654 611195397 572913898 622799209 676047411 159670220 474155873 111495234 6870081 260171411 997355503 214424719 940415742 977693831 385922839 362397549 756246865 672584261 387854324 957140126 772686886 95851299 134685117 584854633 628984729 73060711 340988132 139558144 737856933 734561383 876200204 450954094 96789625 255057149 132418278 964839481 374641141 920068362 514642835 612464802 703741636 589201114 512901085 198878359 502465631 879713888 372033353 812921365 578373814 102487319 738744212 227123030 687201887 937606892 417001820 848113858 226202186 703088920 617309305 380609659 912009798 555635031 802287724 938114214 316880840 538945491 241824762 524412392 22700049 434104936 700479199 873391124 531629743 468695621 263798950 722959979 334262703 705930801 124314761 658638690 4339998 75890469 459103222 387174644 555359869 51573230 785399385 472625421 613079828 856997420 821564483 241922580 722964231 580717566 516187610 673545159 29689355 202941381 851380238 119108051 95988807 545501738 113764640 924652832 392404245 738272628 324616428 927073187 899686360 879835110 450968059 265415482 540559175 140413380 729922466 531677168 235142244 462899400 66287457 845972425 212389586 627714656 106092666 745520898 78810785 587077760 948118152 208770949 656843616 418648861 938381357 259327904 231916301 324705608 856778736 276772729 783028023 528208332 841999067 933084033 996167180 109818601 641585847 537100146 363218704 235487291 499171494 159364517 713452149 682829718 638019039 72219441 458987939 508034794 268309969 709559525 262739603 259506306 939105995 225557354 442477071 351166855 232122631 234434360 687652344 994772009 204405067 706525891 712104513 406227438 521107761 554474178 569150065 674399309 911836775 10249970 692488627 779761177 680747062 427388184 737561146 281032539 637626614 428228931 152647682 15781845 395821999 862808112 593986005 597177578 334931987 693116932 683285248 33618680 372842944 855649193 215778168 648864863 270051676 981032062 696642299 992051855 802713727 514013886 215878166 806558113 697623908 141857189 116689714 740903652 10124169 411826630 487943424 445884865 315889587 677102304 69692366 534530803 902714098 685971317 783345683 22557141 929530940 991290895 342946964 466373951 707666588 351066868 149029125 480119035 440122201 866805220 815656457 833758069 767995084 587031255 214264859 820249557 336883422 435276249 57678777 20803266 814195493 952230185 639487431 669538702 933331984 742075683 964863669 730258825 7919262 913291854 356141652 482043018 736122824 951880549 324412255 344488191 169599174 203194600 231812553 726632376 313953717 472339841 465069968 564072872 832252318 354066174 163863697 856213804 327296226 925957942 870368000 264916234 810269613 158475535 472245285 709287200 519773830 683756293 337184188 678807863 905032929 900850140 771898995 973274459 869384425 908878882 238122149 847411630 768330029 997559264 242462890
690892482 593972437 874326633 642098480 187361400 768254236 452454690 178186280 138855633 62206746 62842528 21033217 493118034 755917192 324943654 229176361 99584368 901855675 503991572 533290000 294366922 699465141 349134160 804765647 154448184 696654276 812662079 269346067 963271304 351795530 706689683 694899611 868757911 872315476 228271363 941325711 859930021 97932943 725468970 946716236 131289872 721225774 840508181 957374127 648576699 289731408 511250635 716883778 482744269 674240637 911952834 563834208 364354195 78010160 800406443 772384502 807776595 475417863 311913920 498966147 454737456 889384003 173185337 259062959 723879469 464236894 505476243 229213042 82226425 596531827 167170882 113023607 971033431 329206111 706934724 901626058 289692252 851419364 836336166 223158480 299462936 202208962 602577866 125805228 341483785 327959291 858439663 640302137 128994560 322232890 435821943 356077990 773234102 512474936 745661292 663156736 97207233 790234813 636340198 441027910 163059418 392827319 122323667 433429313 515534716 350605949 278927580 203308129 977874895 795685721 979767641 991482771 247653456 844019257 686382889 899665674 387562880 304741969 736432707 535641967 167251228 510210100 740244047 823989712 767313476 402275201 947604127 743235021 512399182 531810463 138415577 799032642 65835695 786128930 56568832 200441256 606031295 620967382 441991797 278212028 132262348 191069499 665171450 132724681 7275859 631631209 37165053 29843924 918918622 103146884 483431990 274801920 654597311 106536220 562168839 706278546 612270182 289617120 776841494 395649485 315546821 564526764 316440929 600639328 576135825 483088867 30601849 209345762 977104982 28901543 681612730 767804167 569537924 566418573 493726105 731130529 789495212 740164931 161914542 508178584 907119568 923801009 698985477 788807251 548969457 36210102 967097281 453445341 311968127 814913781 758360485 512544405 957576090 15726521 717019095 54590224 627805776 308604387 868898597 306136521 365920914 729038248 359661905 584254297 522668693 188799349 637488042 105458316 774825050 227255483 747693902 268890462 774700729 429000976 366958918 738885 813967987 906374152 943222445 554436246 875811433 423255437 236893066 755429924 859873494 822065047 67437161 586092496 737334436 361273815 884593411 59083917 568763774 955666745 212083045 355014455 355059582 30024302 750924227 621525368 91844480 431502864 916027378 482177442 497736013 352446789 328395805 583191322 412839233 619877805 213672170 99964435 505017830 522338132 880918176 756977245 566298377 230635871 225054790 257514054 550524873 669999688 630411173 509402420 657374983 478726738 877969914 450474320 381289389 942513888 618775876 303375490 460566836 422622167 404597535 636391650 337614005 196360728 259608279 887400629 229237615 526882805 295162570 72651131 66246879 573408494 818195357 713978507 530976350 77916533 464582032 423827736 337486136 143868807 52191264 348610008 647037309 524650782 496013193 530141025 322747644 991153021 565894149 614253460 801770044 446890319 171117675 979548260 209707314 743562318 640698216 240056228 261359301 856119407 310992609 936393119 114246103 27149987 983701959 134365997 674952105 253904676 58604664 328111749 809135350 332492518 575421039 408313095 706055332 124713228 521686036 12976725 830284508 198230909 350057285 631758830 103190232 490803757 833964499 336748836 770093409 563191371 289028847 203515995 681757212 79469624 263307459 723080614 683521560 203515725 454089879 28236891 571104356 453658460 742556436 571608465 760769932 114502761 415946909 803630807 940949160 584256148 421319698 723967582 233030048 293076890 759569164 175945542 144015937 379709224 387629299 228964771 722439816 935263247 597262664 473128550 995392018 81552039 509372242 659055450 459522004 578055615 530133645 440860486 420451887 438003194 644963553 961191728 45323889 710503651 790473640 824929317 793093875 819765755 936630065 67561686 273185051 726115505 546035307 15797737 533191062 504239404 309135785 200120198 914269968 43738922 559090648 997416379 76597606 154345669 383441860 596537584 584554825 111551896 521548372 701168051 486019443 864821907 317031489 748865513 975808739 948319094 531631177 114255467 326054758 351902114 448406210 956245589 370407417 81523000 912290577 627236042 145729315 481514443 866350869 648127157 943721654 380745911 574627088 247759671 66944227 780431771 509865464 605062962 309048575 403419388 808678669 730736706 146600711 576660933 502989667 527373564 846198783 592201737 946911769 639104008 845550674 178205615 656711120 398041794 690245433 419868313 66018729 947191000 618881358 17366560 982744798 866700879 184079658 328605354 522416271 724264380 266295760 154189453 517937265 559384416 878038209 922232282 417891319 880212146 228803299 269194594 598645446 921985386 687899480 632551029 627611340 279255959 295820159 167740284 966901190 765670740 750423913 657220167 650881788 401052046 336546897 359095276 851620302 79533812 786941246 820226140 830239137 120054178 382770022 541326692 376403555 93090652 561107726 764228669 705525986 348127173 472474371 141443346 714429314 26867792 550705345 383018447 488891138 813388920 736568766 207995331 136332245 807264897 165328546 411447902 967760295 984151840 164799615 894973387 931545160 251089755 507385434 414981069 757795962 487242406 620730905 217553485 960690788 80213857 209298277 254609655 784065576 363874917 406431610 465905633 392801870 169999260 645577129 456047445 446523248 877135982 975722779 564041115 946663485 450200581 892864868 387322880 535388246 260643945 331079497 473574257 746443917 111212115 798873230 234459591 144971691 510985311 534214722 84634886 712315095 742763778 121650339 597644908 45121439 343248334 552903697 866842538 121076466 726615635 299321894 525899833 548077778 300086775 390626025 560417039 225816716 495972320 58849186 349855001 630581074 852984645 590588876 784264208 330426283 158859027 89411833 228828917 994824088 362705576 407750591 57909459 716214456 905387194 896310697 320144570 51303404 533964077 133551683 422651260 313705140 358210301 448841949 327510054 308670227 864075506 944709032 622546467 518970874 246595506 686478390 979828377 459235702 438209404 64752369 374956946 737058074 439315952 671709527 112719308 717462926 411296568 672582668 184981199 800737499 383236561 97896826 66301833 164009157 669350071 78516211 462337894 139218039 18038217 588114319 852436145 261685526 158862542 69046927 729321714 620370713 722807042 453015392 759771002 823881208 726906792 368633950 603003408 793143551 388210367 108044418 991959678 477368436 340421585 656544659 838072477 929670395 423262457 590261510 901287296 343599698 907920044 632463827 890981957 373733319 217093006 472761034 229377732 188078134 544356528 208406337 915986904 776650149 862656756 215837138 460755778 795633622 756029427 145792997 657052680 767460217 99270037 820108158 485357610 363434764 118539789 764841981 368555808 962718554 67555260 103876504 384277590 199655284 194006116 503795437 70568814 995152373 243017400 968716469 925447368 901475652 967875953 519074265 143212371 408863834 993915970 321933770 32787007 808485876 782408013 262149947 706466466 373725310 593174948 740939422 555644614 888301745 812721169 148241615 7327664 392510754 562829765 581276409 282615023 903459470 505629125 895298301 868013318 532049154 445672736 272405225 908946588 210426737 534820305 412004580 109246031 188094375 687033214 319655247 540267784 237314532 10402187 961286030 995863277 181322862 933597340 712462032 401400687 884424465 60465519 318524746 814507170 306307757 220174213 913747940 67377844 827442538 640799198 976966958 92603647 40007726 611126982 273703068 874803977 658207638 958878183 716855522 937026207 309292325 153743966 205150054 65083523 997176490 935302314 901373082 992226299 461836668 532308845 794894713 819685786 79552294 19229310 536390764 783104386 997601126 919110267 228556979 853728325 865913058 454529644 943446127 724172107 57559938 421643709 665791610 493419422 28919742 382287091 434853295 397076678 621041354 190305466 483199422 723314567 509159326 661489988 286445115 540907118 485430573 497875841 122946218 539871532 422251689 68269935 5912512 624928997 161833529 145767307 273983653 972206334 307906546 731184527 793830964 360340088 698496816 569797467 492141119 362201972 972965870 695350708 368727457 641301242 122986257 811177861 419469218 143341710 421316867 500654715 362486808 159495003 614812946 996311422 484758360 557398415 808044887 583166326 813242963 269013550 745369437 158114252 765679733 88879874 511236794 442930131 837180291 692347464 984330397 725860655 512233100 336051170 579679889 477310350 139307443 253955589 362803602 744691503 529481853 23316836 883762666 385435842 484699845 341120125 103868889 257182239 301881418 178740396 179871905 204915297 263916312 906857346 284547636 792401560 356242718 618835161 104524220 143402286 701507976 266769536 17074566 336266503 516776407 524466145 240171079 690574119 518698673 142140419 854317310 499737534 399496180 709836898 658916693 906024435 317098930 254823948 780048026 502731368 688412723 985216891 531204238 391294168 311497391 606887906 762144407 875255233 880206126 236515660 753500476 538695391 486215854 664978078 143192564 866204602 120887378 551886000 327788398 545716865 309608999 383878601 248618498 788207264 829637775 538420178 144820679 338213842 155906165 909837583 744508756 598096931 791189904 998815431 132554970 918589507 196568391 759922376 185764945 840840126 706133347 933948806 900884395 495856287 691451108 245663062 975368932 90791130 882548098 489146297 764076690 242833353 972233869 679501819 514001219 575248538 423168461 598652874 11923362 174839887 691486222 475660015 605236832 748111559 921775257 199994723 447396541 193329712 658295695 161430350 849335048 911566541 913209358 800448246 499233133 312457373 219619083 898168330 13929997 470162773 60471019 665995371 571997358 349825954 305597640
300848075 286615302 299309390 62846532 580846816 441003963 318158696 124024441 361454474 428020073 416506250 702608783 128656474 747509874 218240201 66064356 552152404 118955897 241480331 42713994 856484655 220651715 365010755 705541907 463046326 316218359 658440242 660899833 73242308 233621629 512625123 814578288 827146032 275937450 171928798 567702833 872076568 737993601 856054416 709973770 961706936 832324643 219195759 382900679 181569187 280830522 370972390 535142562 178611821 380930837 465758773 27740500 553385966 949183668 595644909 112013639 134912726 234119500 274599151 920358170 309764643 730553828 752508161 561794821 430921071 155442264 588130114 690938846 619081088 980316853 38348348 122461239 699058000 551454222 288353607 746443987 876925231 165050627 168006870 179439746 121960466 231697361 727459557 170808347 663533529 586311977 179643419 93851227 698174470 859478381 865999183 575807534 728155339 458773973 516509289 273079756 181861208 256610060 554597472 542898210 198949914 705444046 269965184 973054322 988929267 692950018 947622667 283352789 877173842 954573245 489027819 445905572 442296542 353286077 298993573 491302541 709520183 434851692 48392796 88683689 95344533 338275942 516718404 333741112 437050924 152254943 564291943 524579103 766462590 444156282 267079994 327061696 791852521 151549300 661454252 617672310 4765616 143162707 220361025 126365348 203020205 940632561 641967979 239115183 985898111 539088897 573282056 554889253 538730364 309068579 619977732 135677307 289189595 459820854 103928433 52819013 808950933 190816555 458864017 124569731 774095044 155632279 466553164 482004283 16881175 132760043 154631186 834828842 389992856 722374136 370760970 57574285 738714664 610911752 11674081 893929479 322549692 144660313 672993650 833551740 764855785 900675304 688439603 359671310 57992085 478268082 367296569 418657618 401567119 177942634 549037964 804689624 718105218 421547762 291817403 675516397 312037229 302542429 828716574 198929975 696998459 930916696 980063991 207167166 491091672 403035350 144302577 732841789 97773102 263921723 187725863 989604340 913527904 717685788 871505645 599322110 55841611 208749654 318287269 614483554 624167596 319778613 350013581 37973483 245915623 498527997 707866805 967469991 338746930 841076956 119570557 342351369 450717423 377845910 932902787 694262515 690862039 391380480 604135140 198674261 484368910 364270687 517710483 479961221 383483497 204640665 593833706 917254379 502014481 334024232 331716135 136762740 132238607 702090736 772792367 432654971 308841407 396662227 732538018 43648412 391981963 374867280 131037078 274620630 499642389 184708083 513370866 792671748 389567495 333536819 421607264 303820388 627879249 566275270 906027748 480662023 910078306 777233617 801012590 713848139 667365341 203583298 221488772 815297661 194519839 123122442 659423792 913289286 482097966 990767929 160424495 949230096 502852802 598749002 190770561 602373594 936901548 489900631 881834919 211571219 468297129 225586163 436280250 569243161 277074874 715210830 463370192 382149895 422317921 121884498 984780419 263619439 757836358 630470903 846695006 464573565 320059916 52697456 755331863 855254377 451261001 937402259 784087430 905572904 933944607 374823584 224465583 250181250 37397741 392189033 789910821 88423451 188787574 84907713 943047625 933268553 656264350 251511204 364802750 272833669 85459880 858419585 363679919 559188164 322246558 770405861 277846154 586543537 821181404 286995979 912242415 361966547 606069623 30630895 488781523 656965252 600451787 348016486 858034797 493821078 119362355 947792947 622419813 314742490 30662807 502770664 887292201 548930940 423951718 914719564 438127613 84028971 772329509 238853219 280534562 528314188 231921336 879518290 452420864 870163854 973268419 5701214 821117190 655420963 602895388 892758363 603151650 228492076 116724859 559932176 905855448 906195506 981151610 350972873 379101569 694731562 561351367 871914939 978737066 35770970 767724043 507518869 747311715 733477358 229491583 631332924 204552255 746385258 356938195 612049970 79097340 231585485 1149633 226917223 613758892 318739171 86103236 614767028 239158290 178120436 483108195 145200833 696686207 756822655 70737095 636784395 770992064 111291683 763751210 136873508 436697677 461209664 682426554 376278018 606509682 315061801 945964373 898021942 197552751 716998626 774113669 717193092 633514197 72786304 864308495 474316418 341520734 519984001 912883609 6863568 396586800 414820491 856890171 654312436 698787629 686835775 839554811 753565602 930264211 963005668 260253899 837126596 22982531 849089540 898635483 539843809 783680107 401784196 407351664 118071103 882488809 325698435 127360710 117794031 748068228 908253164 648738446 624297777 886550818 41840949 597327486 828600520 617456901 96100155 568014177 613333440 307505813 945372570 934477993 403368740 200384554 3100169 850557937 244696688 298873137 57783670 559676011 264968974 699294163 514365690 257330934 152834888 100378729 730576670 729295333 224456514 99201193 686497699 123658570 442499046 930362605 30224996 5784293 584944862 845194519 790969545 916308467 219748805 749013942 78061207 187531916 844526636 741643855 195162867 769526503 86672563 803755807 18543105 353977049 255090959 8097700 507248684 586205404 810995909 851537757 431917385 102686221 644344902 568871655 38563427 65622146 746805910 892837519 286537426 76533459 309520080 389719424 488427420 591000170 475489329 700762754 953664102 341639984 224643962 114895727 726101737 92757690 693715067 249631197 475196727 708300859 905921498 755914171 271146906 903595382 648110272 95156609 775879882 250023191 399016032 456090170 645231281 273150204 623874791 708135655 282419314 271921791 971278439 837416549 837225230 234188516 152199949 1611026 293170104 573453875 71974402 638806314 735621264 593319910 460511415 280343501 949350511 148577431 679991884 328243433 307342883 819936241 764746366 358661446 415830399 212054758 520318696 516385907 770597491 232372957 642722440 236079604 2449403 333630673 255633119 310800616 16780997 245726314 923440117 71840043 412183500 367165199 349267548 63743233 418134817 632990226 23245820 335984259 33001367 677071260 62446266 554648941 292344868 548119353 504255277 375916485 136494170 152839666 989055083 941740138 815798468 818023715 42423589 544165477 151443639 847660797 363903829 766749825 347454508 496006658 170157113 300763538 701127738 886468645 333069953 816080854 690234696 404730153 235978595 342265467 617562399 808564190 214826084 314254797 750973935 814101165 588770987 656795370 359116448 544466115 866776256 517946601 124108716 40716932 68557116 256882165 623770923 7974714 174162155 64313502 827747374 190643831 990596179 229449230 262648926 750880767 230799931 169831207 867873238 527978661 215820895 114538789 899347269 754238879 329630090 403257807 666662414 290612442 842497742 852359205 988089918 717180028 1084256 427815852 25884847 467129761 232516863 858204836 680853023 405702449 374537896 670601960 431439410 32766630 177329162 833905323 881213755 516732460 408339567 832973325 470709627 595333047 557331132 388889493 467217494 626077406 840224198 908213418 838412290 985332969 836907589 527646085 36238684 676569295 377663533 713990176 68461842 743870017 324801641 275795353 945642404 474311730 27712780 126846352 978949426 989873958 315405953 85448054 952442704 353957110 343889588 266186391 879170220 572427630 847116463 28197268 626589887 199777025 479085835 231894002 434124943 423519895 266248341 828129319 216143830 278885439 865170696 846180148 248449481 158405998 989826785 389673670 10613725 726899992 800194313 997510112 113188234 208770819 663614329 666384074 732875040 368704071 45743841 671931266 55999670 579607363 920227550 981828208 475792174 443845866 409341532 55573934 143942250 645000421 769486328 317433269 879606580 385524321 373926283 795190232 747268276 761793998 850018216 799763411 613132994 391730460 544228628 121272031 642107690 235105831 601454406 286414151 381817310 632298102 476198268 935721941 317609887 764096049 992690480 236577819 472124293 386321249 982910935 691603776 801645019 864085643 213921781 836761278 340284422 927116892 887621858 502378799 83733480 550774627 907338104 271467853 72138622 656281778 27761034 257956800 349421473 531377555 703507552 644561210 781426558 447377419 85012185 931600675 640225770 417542606 989847443 599041807 225887402 940631749 834039573 298684705 826274559 850780266 827897833 436469996 591733418 128963854 769816 61593535 832421291 424135334 191900778 321606896 324625475 688636035 36651957 741949455 120671245 820839440 73232119 72369445 381897380 49082912 106644356 558940644 111947069 635067552 619965412 276948479 261488275 179742052 737976847 999935208 10823137 617576053 172910220 278166215 411079644 584395369 942438691 665414429 563608876 665153622 872336396 456414662 248742002 330926849 640531844 556317123 110115080 566206792 900648356 857550059 154362966 613852382 602717382 927072782 644451259 651982283 81785310 540565412 73817474 266060093 70190533 397501208 625839568 870456853 810523433 989870022 231908536 788780477 656812497 534216269 953381858 577270583 538048289 660897751 302149918 360224986 217682522 688691499 842834407 687580301 215372445 811495391 661721499 104268607 44592163 129426134 422473184 166343787 614799966 692055035 969547863 214788490 750085811 594710713 820695617 379939616 516520053 652269255 591789382 855430104 783593 335993406 514148157 892115218 571869072 979610171 439085584 542241644 677337694 50891754 848655880 990167826 243952401 79854317 74301368 962069290 894354917 440920826 776900939 497401978 729029388 550406676 866384091 872973255 985088907 505679201 444015234 254420171 562566852 31332964 414341609 350318610 820814432 214187988 760576097 146582367 516183727 48697474 89738080 153245449 268936562 18938962 514192980 913175367 885404367 965622775 640853467 684745855
189090544 377607928 529038832 672717593 45271677 842446428 837063197 635727215 510136320 322841579 139057383 384874675 520144111 885660460 944816041 878361729 92267184 889443300 492835108 952538032 420751101 969720253 658361197 485066629 965347223 626858902 469118639 625262485 462398012 822365288 70299993 160354257 732089886 272856243 689922836 574327300 255461049 998996480 174234096 10615276 125622784 712053076 828201918 801744573 617574326 334388122 429007673 442799115 411525086 134209807 126873393 882539253 28644035 9141661 85943607 817449607 893322908 25742825 988125110 692479073 978257925 499034585 193358350 8311329 231677809 869917004 738443348 63626171 448602070 139178687 714140116 65801933 428763889 321151543 121860461 446134641 607140565 330045283 84276303 888799772 127153046 716512891 406232653 570406929 418823549 182228764 546222154 653758527 207972864 364315122 535713563 444062278 259550089 935486431 587928677 368049796 994993763 812007012 296023555 834089732 222121729 204474114 88988268 955576370 515358221 385336141 413980056 21788261 572117136 255049439 665849914 623730516 583904219 639038275 537860812 373823759 101476133 955297941 94685287 311077661 336739294 143086223 441942493 805364386 1224676 26428954 797957995 609796481 750642571 114714096 394805202 277747197 834168962 166345050 179028137 385760309 765548309 15591521 278941418 342054998 640137416 387662210 255645043 314772696 934495440 505822865 719377904 797506102 547375653 617423592 357041439 65025752 239749359 849675664 674675340 730342014 243544365 34270876 416703752 526031030 457458872 863501867 640801745 937229046 866695234 606736945 158688724 261006228 907800699 728405632 986264350 144287800 22545987 772329057 725555941 984945329 915124694 872522085 205267423 790907447 496344814 286818481 188322124 277345789 169153007 916149976 159892997 230688725 808298758 402659781 104931439 651262913 190359053 626921387 320530052 199193739 8516021 220163382 55445777 835851418 970690322 807826213 396937131 158868745 978598688 53364772 156315302 226618334 743755420 508920468 407651083 932229871 790416331 129386910 223004965 198728150 556634889 858795504 306746368 926909611 346580568 37284035 35157474 367317387 848741739 260642746 311447362 716944389 241220115 623974161 376385820 404575095 205125083 694529155 531472820 196222742 502018431 46668239 116424945 466994427 206914076 2008738 785702017 858914501 282208994 287252003 886002851 562197492 199362038 406058518 474796863 428147923 180488578 311156710 308201971 397576963 396501382 916709749 923911839 70953703 391445053 466427151 765260212 49634446 329253385 908290233 499330729 519958051 264059436 643780998 87587764 8618392 134696966 587686867 725369220 60537198 529143160 991444468 673901770 431889085 453087859 51504744 9577781 960693851 888029309 85883860 436002485 206652967 383702766 774145494 444885552 533864908 442165535 532733752 578115458 835353925 634485443 358226042 303569505 475656406 7474283 364703091 344923438 803708325 185954493 721817027 969782583 120224940 86968321 297803668 700708968 976431178 298254772 951055381 574256066 243509648 210478902 438810657 685272611 874971505 639653565 828575623 877168613 795288766 72283185 303338924 374249043 577166293 244200541 6371864 420948727 662043843 957428883 888987083 728286553 383934461 376667215 998956715 681513892 757624580 199538082 998205145 394424419 583678223 195089548 459432988 480409092 558014135 754144585 33669071 672241125 892466946 85557715 318696496 841123127 789874126 182800842 584857963 977277239 471346216 498032873 374381975 8461438 424111077 205933164 382097593 465356458 897483074 125661621 614289794 724479107 249474357 745684754 903140687 98083734 694259044 228383873 813883626 555104564 541906682 206830284 660696855 173128354 344366397 458760039 503301883 521031735 846449321 209847017 643223676 432350178 389579721 617201347 229658294 375971663 947091159 364289446 11478973 933327288 550866533 764044609 744306656 575619887 685127291 171603066 839377322 998791652 405202053 898716498 182428862 213589989 85472825 181363879 300266240 565597536 108065644 293078928 892858603 467340430 394127278 358309719 360838762 927058805 356457742 288837532 979928934 425893261 944115259 216562640 51279460 975280041 811768993 304839777 573904325 89624442 279686270 604497800 467026067 394344164 286884105 26159759 310967375 709550198 189981075 156109796 24544976 865493650 462070762 5333006 589181661 48866724 932037446 826030655 522903789 499199617 211962756 408624027 282291251 291418401 719778630 47130085 48877108 307061146 20541584 793838633 313351610 895912947 42874571 280375340 83983556 294883977 254322571 143157424 42975266 694159107 126266353 282217600 372425155 760995550 320568179 121356835 202733418 714431929 734698630 502523536 755608762 21263917 144232850 706758418 534038835 336040999 849067745 546222005 666272580 535361987 977765531 443901103 265501946 487735119 936478753 650582004 269246770 797714668 439518031 916384218 955115569 183308529 821795176 178212063 482827727 372127644 780587703 251659671 402407174 193083224 591179748 985992410 999539108 131189599 824117210 40881159 21538449 697175838 185025010 100433215 475272442 302757316 358348737 872646620 149225663 805222264 12443825 657503472 357403371 394176757 380930248 711281652 572641051 285539275 992523446 633074502 204857647 461785638 488739558 709230121 713278741 402322958 934972796 193669552 122499282 715748628 10033107 417739838 512815635 494824374 757975626 110403319 292273449 962432776 654838576 353908672 628236113 943996683 239863013 941879067 965321759 714928964 544300177 999705519 402940063 967327546 48362046 741583639 638453057 473262253 366521290 520075760 20213427 556344678 270969775 252617504 808936163 38077504 239093387 476508832 323565379 509076615 515691641 917133518 149132297 483994047 410572725 192408557 888903208 596185078 28384635 520345965 400901763 157730512 523404272 928183422 373512299 587593669 202974806 15896181 179985993 973225297 98328445 741901794 232096364 942511211 731607408 545646539 848648144 745388169 953569691 669621308 279917852 246178630 505132873 324579819 276292949 254048937 110530106 75864418 156717766 643151681 870511206 257039736 646927176 550759057 721985471 419817922 679311538 575440827 829517802 950612139 635235802 450606901 19393269 304056438 301176944 212696425 270197100 935513581 835102263 653300111 430718954 578387538 383308203 467495371 81220998 393814999 706079308 230459568 299030053 309308330 889821991 848123571 291062556 904532416 402402676 990137375 27708209 566694169 414509451 573803985 224243352 529654149 896405077 640780365 272462916 87163093 254849248 699023871 190247327 928280932 864769324 864909183 533658734 379655844 527048012 929563931 406151981 2433492 549868923 972845557 186605338 168152078 257184802 863983985 605667685 904828830 57428594 384959410 937570173 124927919 205060167 962117882 177354806 118877387 311976480 376568729 688006178 573086791 158824665 319627300 355445015 750633028 216641474 491939849 639206622 264797666 164263337 734424575 894517112 204399919 934396463 475512504 964499303 883460770 230763707 37504180 608294748 239837823 96099343 677567528 994729349 956069205 104338407 833422565 435737626 531647118 689905172 270568160 300476157 282893701 340617345 248923949 28633983 937520964 841361517 327791334 565365005 529249513 657792613 848631180 260963023 11963939 759122234 761703853 949984160 311851841 889253578 718166359 280740375 973357825 727939126 447459440 251309998 548028705 353145971 580292692 132750397 722070942 203192513 396223228 615153222 68028399 554670417 757140603 10621105 200813532 663355817 372015758 221627144 956915736 470026035 941174654 278261424 335650731 883273767 571975674 747942953 363223170 883652712 425079352 655949383 423656853 18474399 121199677 341384314 817690861 433206327 572427562 84531704 717085754 777412518 138941783 739865854 245710089 201227440 121144990 293066475 167766567 366258505 821576121 414473214 703688973 353353080 236649322 891549834 256718800 752354177 524438262 430599004 181502280 806118654 24646671 721201996 443042680 873248939 847047158 314220120 655221324 949564707 692346528 651233302 706819814 551689230 132004040 31116025 545619278 118981824 168808816 603825009 476998511 238566110 160296027 873397299 650905395 444791582 599993050 954607988 88479802 534165492 921601071 481665034 888483462 986071409 39029401 829785746 592625084 895261660 969763940 207249058 588035223 959530150 37750330 546144966 467620556 896062074 738958782 404382464 796564257 578405010 123738359 245681333 999226381 186621307 117522820 882490069 600893800 782580236 184684831 715502258 313315962 318975431 767319135 741320134 633008820 930040016 645043507 57786566 729929095 413106801 626293487 66255198 27186932 670835079 885251301 379829906 167737661 873167513 520024723 57590780 219282931 29629090 309008308 965039252 134492952 159482951 384611397 477459882 535942956 676463847 756456585 61164512 361344248 761803140 931277449 138749977 893890406 664742823 896614900 487811447 230026497 982854575 246732152 595195923 350305267 770571337 512917537 595353732 613612879 556316508 360721234 137622264 565162569 952603244 462615701 460485759 742989576 791927152 90904997 966940310 115226811 285237690 256106027 890985128 165729313 277280915 131494276 882137111 91544602 801550106 942342392 813501170 533965606 578485754 385150222 893913995 147128577 458563755 673001974 371964990 346005401 410120851 937725287 114083504 288796767 633979187 198192657 650917200 254381013 34029367 14829407 840981368 870526750 708429109 136431847 735711963 925086997 589677868 193622201 544693721 258835027 651577053 145042463 935252685 138963217 301469742 889368565 989606071 986262070 860717968 134122366 782883105 157396568 714837863 227679046 930892327 948294546 129913624 983656347 371461012 262693016 881558772 969406614 450095088 51935096
