1000 5000 5
22 59 574199708
42 66 43347492
561 572 536645888
741 735 623590726
649 195 721661592
371 927 45873502
111 283 734401649
583 818 241502429
394 445 202317428
771 651 82260653
78 75 744142679
930 145 892746188
75 297 845264505
786 73 52207336
264 524 646810046
526 859 6295521
784 725 423739184
158 491 926294630
34 188 881436479
738 546 421028871
396 277 408301804
928 653 803693825
796 793 683917146
846 187 463807673
458 655 707625426
672 425 64221364
876 187 984523475
269 923 819135728
399 202 537900996
325 902 419021588
513 821 723903672
934 946 899170007
929 498 515516662
823 276 822778971
102 25 964848291
817 831 563451008
336 930 164563882
518 29 615424992
68 67 958266114
72 515 945393165
411 278 457411935
539 407 620667674
842 832 564469226
585 180 229355965
896 716 131573089
724 283 875217452
807 473 816532603
225 86 116498084
500 516 363331034
982 444 276359399
696 685 873239224
997 824 476847347
936 118 205286454
241 746 375508588
201 484 985443121
927 602 93920609
171 31 937975222
329 82 92869917
271 89 488439619
764 94 817858947
432 972 56184497
972 852 695552058
623 524 578892390
961 53 990892615
831 812 745020106
955 555 122018557
363 78 102238307
53 408 690424875
817 146 789379870
10 47 882619594
470 803 166116829
195 148 170870000
372 424 444274436
957 642 994011483
820 993 574036952
326 683 417544746
340 119 593042451
25 892 29971396
370 983 3583871
168 11 554267599
90 805 341099405
351 84 208553878
614 168 357481208
530 49 665693261
928 137 782878560
833 283 796559193
725 958 238041067
192 38 923528793
200 51 247825553
667 806 262903980
3 948 422164998
254 420 966058874
791 727 398728542
347 44 166442599
207 523 624051077
416 180 175312899
576 398 908397474
417 757 455839706
880 862 446343649
803 255 748146678
63 491 737857277
407 799 308486369
175 260 958520647
820 47 396540191
813 878 215655216
32 23 592603009
214 174 639811740
832 94 252090618
864 98 757845098
511 375 535774646
445 67 327937519
805 285 179588125
474 740 15087008
98 516 992689110
49 777 121978544
723 359 885173634
628 818 665979197
240 286 757382316
461 119 491639945
9 801 987459786
432 29 603531664
807 142 268231533
781 991 298462714
72 17 868520215
235 781 643306864
324 853 370119527
636 146 95183286
754 416 175619499
508 217 886540509
24 4 171976778
790 887 540527968
760 47 245023317
737 547 344996467
994 377 313766652
711 331 941981908
949 177 107951017
667 854 872785387
856 244 732560488
373 8 354481656
553 38 773017348
969 939 902012669
780 481 364004181
400 69 768261301
721 533 637614309
956 633 772408448
928 491 682014873
956 975 536592787
736 997 944971967
566 629 625225300
677 843 102561016
255 858 294273277
793 253 273515032
736 347 934529299
266 456 809732881
879 190 798494752
794 265 663681072
499 664 980013548
708 760 447434280
661 470 509964072
241 540 686907898
978 207 638874229
233 207 362261262
507 164 283779749
415 17 685604851
138 26 722651077
590 234 476303554
260 649 686828478
381 298 503347368
709 156 631088088
172 345 703240602
748 393 837036184
451 793 604598379
177 862 105019625
262 120 942742315
630 516 358111490
503 103 735828155
364 141 324518553
280 451 607504293
615 926 87242220
653 163 152334061
401 765 7738049
66 517 965174674
452 603 20169912
201 77 115802152
107 417 744519454
260 417 744736127
206 901 101908269
676 49 711357568
39 547 884851362
636 126 858151157
965 28 16032367
861 817 635922055
664 477 179937751
132 8 556759766
219 38 552504602
426 334 803107433
70 16 452183106
278 890 479122056
581 178 341700243
940 824 920403643
25 697 970262394
303 574 784304
490 37 333796220
178 484 595834386
627 909 298006972
740 563 189234704
514 337 933432793
650 563 690679179
333 194 709594150
391 964 43782292
890 216 494592716
856 587 372547868
216 703 28735256
655 304 246804417
203 784 452840829
857 422 67673332
395 251 153969976
291 78 53777040
295 874 35188232
366 685 323490260
288 677 864322617
586 321 448389132
130 901 264083112
605 115 88762604
984 96 351654778
190 869 509706586
959 964 166626504
889 627 899709006
859 549 138902594
606 191 224108697
1000 443 468804328
35 586 789035612
716 455 523602746
714 222 706803955
86 566 525281226
498 212 946769170
408 177 252189115
750 527 790149860
547 237 993425373
722 664 667082747
441 193 556893053
979 667 999577635
802 663 270653128
415 886 519766064
29 161 110149641
936 592 956758679
242 70 795118989
26 400 444885234
444 638 620387915
33 300 667161607
596 935 770324171
996 888 888442763
270 615 895272118
22 46 582686925
140 712 131891729
504 469 237499310
896 119 620430927
565 156 5418190
805 387 484777986
584 1 222517974
294 419 389634865
627 147 935435221
852 639 485149846
151 581 223564264
253 22 604572845
734 389 596507403
421 135 118348611
19 447 152270144
26 6 851745040
476 334 928694387
769 99 151907015
487 368 103452831
945 968 933292081
91 490 443522360
788 205 83860445
438 362 166656188
886 645 47288610
924 594 953630716
286 575 772293150
602 516 175219510
145 872 590067322
35 512 24290120
177 64 320640433
748 250 550350453
73 702 58211080
214 900 631616469
446 181 494866879
10 189 969220614
953 594 241807543
323 175 962992647
403 619 987071708
54 27 757197115
835 906 227974044
564 955 205778162
781 209 44715090
475 367 387779442
202 17 937485187
806 735 189341679
346 333 983609571
169 95 608623762
712 993 150719961
93 985 629804742
744 538 534749466
803 473 117813398
435 592 825600491
542 434 951865107
630 224 67932487
669 93 49647182
827 479 755168300
143 519 861377392
364 256 171376788
815 231 129771318
819 591 155666913
472 42 966445505
116 349 144280381
841 178 568132686
303 943 311536963
239 140 776860066
886 549 955787791
789 135 7270143
732 523 739462025
814 616 847112325
810 650 786169313
558 872 104182823
892 233 641888066
318 600 204959625
786 566 379289108
695 992 886686875
948 424 562427735
904 108 237403283
703 541 65443361
747 117 669407842
147 723 957445090
305 685 789827004
421 968 824473207
170 334 396085998
186 31 114014744
719 181 289530989
782 964 627880864
957 932 273000266
380 363 7909312
412 201 273597693
625 483 842545372
33 856 147413130
906 914 226081384
196 933 949611314
768 540 557151024
876 144 486010630
597 507 187780578
172 475 832985067
558 879 417905361
136 388 993149231
892 298 960483608
623 221 45095452
758 102 400522855
604 793 736184639
212 893 887243841
373 924 551645737
327 115 686955069
340 596 693548163
927 698 718178377
543 267 399279689
393 935 517399172
499 632 994869540
854 315 652469204
29 806 197628541
523 638 83696519
900 313 99464689
794 821 547393715
547 38 356197166
811 765 464342909
800 272 462671410
766 533 416327596
495 894 500011062
605 172 36742388
491 21 226975688
552 37 385228168
420 236 485284236
191 41 429446313
423 456 83584878
640 563 971243818
763 444 196838090
495 912 664000256
628 871 381570667
296 30 1031918
427 225 837914036
196 145 143753283
816 677 294093554
153 662 291325281
121 512 102807134
847 453 554936065
779 574 617036715
600 310 176070844
182 60 236604449
531 400 854412596
680 9 617207624
274 713 746358808
56 980 270811746
497 288 143188075
668 542 961097457
374 523 512648669
317 262 137612610
328 228 812357162
207 182 871226059
379 375 941325454
985 88 999048910
314 89 114760105
235 978 409548840
423 540 995368627
267 239 817949751
237 239 457744024
352 786 537686660
461 829 533877895
372 68 780822929
536 560 227262309
478 808 517408320
163 123 413709898
35 19 503986488
595 211 27378131
158 724 6251495
797 485 480766304
977 783 34594101
848 459 336230616
788 83 499086288
570 12 951813043
421 967 613486052
607 911 356220020
795 228 519521307
686 399 567124894
963 334 873632714
941 224 433916015
437 97 266858248
957 54 366522719
976 131 402219052
307 761 927189770
639 238 53719040
439 647 824651399
327 127 299574066
385 601 510339668
62 497 391110239
294 174 577549795
606 963 895131161
11 6 517067199
822 76 8578146
855 871 471030300
47 439 584240755
149 328 977165546
357 978 42654575
153 604 438989866
564 38 248437232
598 690 932220544
155 74 811508190
433 759 251357012
973 86 637198999
226 40 669661241
293 967 475928835
465 875 454745560
784 654 878484029
448 442 681546317
281 92 843754261
668 336 308008366
851 23 519557301
855 615 759502660
579 525 954039012
97 52 317571735
336 317 448371545
263 557 538358914
616 810 814765389
617 575 588091535
542 90 690679723
945 683 806798904
30 518 460072129
555 340 519208070
386 284 103523466
99 113 700843750
477 110 918507514
214 132 46838876
668 958 464970249
524 23 762907842
97 4 499274175
292 375 75100228
727 698 363831484
541 655 382387199
937 22 480711313
686 384 898955366
130 460 187101454
287 160 301458184
101 474 915124384
301 192 684497555
316 176 989651341
997 484 97056262
659 484 588989354
323 448 949366609
791 841 928428275
747 631 579861179
930 711 725675004
342 990 230406705
597 24 766909555
339 1000 590567690
967 860 843895028
788 487 681140401
128 287 885337908
233 112 655439445
790 353 21555571
604 554 416395086
958 373 502561372
863 76 942465474
6 2 326600752
353 150 195518489
639 371 401408285
902 876 304671318
269 104 9808091
203 456 918048788
373 875 758873479
247 60 388185007
699 833 322313395
108 72 222370688
565 56 358751643
408 669 814853673
898 506 400692719
882 740 928667452
487 674 822820141
590 998 151832223
842 775 857694084
50 255 10554051
606 165 38204992
344 55 453213277
158 128 739144957
443 711 502508423
582 993 968216000
783 124 253145309
95 254 571760922
465 44 839366272
903 824 373859716
402 915 399358384
48 142 119572751
475 448 582243040
526 251 223306320
165 115 143995717
755 656 789956624
139 105 570410414
767 531 440930202
787 409 645120652
57 9 616211358
602 363 397770213
219 66 651878674
543 417 881036324
645 211 36193574
807 121 857886349
585 455 886020309
404 212 723889992
671 608 550579832
430 88 197953249
396 114 880454392
123 352 417947486
526 673 383211382
522 329 692774077
49 581 741864328
92 46 358310774
25 350 804400734
312 305 886568046
760 543 908090178
536 39 876127779
641 906 183436605
73 99 787187841
529 978 692675308
871 837 229204185
45 928 185419095
977 112 927228353
889 342 572469472
593 960 756049628
358 396 866507697
642 115 186428558
934 374 36713313
297 200 43889050
876 448 724754892
185 6 127717757
478 966 469063578
268 930 290268694
108 616 785679830
78 893 125016583
710 573 486248654
504 799 475013272
657 347 253625754
636 404 657087842
53 257 7887434
344 66 521002017
189 95 215983169
243 109 71627750
655 135 736116219
899 171 741423416
103 917 920903727
569 278 518850534
23 208 487107389
157 6 690888074
422 153 232777546
30 4 457871017
699 251 995998681
865 736 212912346
877 711 415946501
292 397 514962523
617 422 84975275
216 834 198225162
373 654 766725147
451 338 771289224
415 333 383705504
516 379 217027888
821 769 596449711
741 748 72140911
299 645 406757862
803 468 841974831
390 139 216649715
319 86 76508990
966 467 68472502
55 378 288660501
894 718 678455745
925 614 362402509
561 331 714118807
901 114 823711213
492 189 521620686
251 289 398197961
848 286 91054007
85 533 463506807
491 243 895733558
952 208 308006431
234 929 53569016
559 49 280032952
885 394 88928256
308 37 996925671
517 285 541788401
403 670 908762743
867 677 776113217
86 53 971215111
4 756 490715700
427 289 329001846
704 163 100426723
251 673 383568664
463 870 135273302
28 188 917713224
947 95 687339569
586 572 394044521
389 524 849690773
139 198 79119416
461 753 703874338
184 268 481594780
706 160 772511221
1 254 524630028
149 675 43584470
852 180 485109428
910 435 497151822
637 259 247579937
166 871 59261892
917 138 874539579
160 148 658918774
740 521 283994761
205 21 776454782
117 87 335136074
529 41 48462147
852 306 481458803
788 506 766705922
882 460 7434416
159 959 455213136
801 313 465220319
853 222 928049206
949 155 508485633
663 836 752092508
983 548 680067432
38 909 158259471
988 85 993882804
963 462 667087344
492 427 392026627
948 443 821667515
398 368 65174992
280 449 16005604
201 767 444658350
493 971 847242747
327 223 657964511
453 18 848759260
729 961 475004050
182 573 713313609
942 158 471156626
926 803 276702846
725 802 958705054
977 183 569609431
192 181 278499312
979 116 747497607
520 80 533062749
871 450 117829123
573 821 814653330
761 188 622006257
280 626 223355843
739 208 655130186
766 154 160131268
374 309 246642018
64 57 652243337
346 895 712167469
493 211 14759440
651 574 827565337
248 365 126044295
397 358 242675134
515 946 373676000
5 958 731920273
976 209 545283176
42 15 279810160
582 210 606076124
349 19 807284801
188 482 513403320
214 453 4308428
785 569 409549844
980 249 627197583
973 83 509429804
473 143 951516036
753 89 17385248
60 406 196784721
640 982 356637318
210 372 445426629
719 21 926241890
760 49 212939072
302 41 703668798
803 646 446844670
762 937 981638778
947 337 215381031
338 642 312277406
67 790 477817108
369 912 389725432
959 876 780298290
251 858 455389641
552 969 869187401
562 169 968180013
61 902 514320233
560 465 295144695
263 885 132062473
554 182 213717620
417 128 698180859
975 190 758812061
849 943 487207940
410 197 882567216
235 986 683549483
49 193 530320450
982 495 519075942
883 515 418365499
539 105 69710086
803 258 542074419
845 229 945055949
310 51 474993695
332 299 594131340
136 684 783199950
718 636 470334130
1000 442 850597624
789 277 992446143
819 327 247231363
433 568 188077133
692 385 889885449
53 4 990046261
899 696 322167569
9 152 946402978
830 675 924331593
45 795 304427671
176 60 688772434
349 24 284103776
985 674 444166079
359 547 672392862
406 288 625157580
70 656 377456304
367 557 472572464
427 355 822849210
160 328 845367885
578 742 215825507
378 671 417230594
707 219 425293699
537 477 117227683
326 74 417600570
93 43 286024946
990 882 943003665
99 939 59734666
228 507 488092178
959 35 184728241
468 409 335394832
505 54 223641024
6 230 975169916
744 218 657050993
529 461 906898162
1 819 535307109
145 415 318654105
938 627 516695808
384 686 210924328
719 169 20742592
143 966 149655482
87 171 488587830
625 485 147819617
465 672 246218431
771 117 13677465
464 577 642433440
219 443 347663576
903 917 766357753
356 896 266082464
378 334 605107713
89 54 374004483
615 313 894580795
143 712 993145995
972 181 435830944
477 601 335182746
538 166 870949175
48 36 778934748
685 619 782854681
57 828 450644152
237 664 790507105
940 750 435129815
843 165 325373647
55 916 1621061
766 920 399749315
478 898 664214001
516 68 193002693
385 998 290155638
903 635 696191085
885 445 928552401
641 1000 415916832
964 641 874690815
444 505 294937613
331 317 385108934
429 486 951830368
939 833 717992338
956 115 414843903
876 119 334182606
778 413 221068966
63 660 634429565
152 493 339519054
686 230 81559263
692 169 339424739
594 208 622545364
124 37 571281970
738 137 970866763
303 570 751009491
204 971 626666813
773 699 151054311
945 92 728834566
878 550 832697509
870 803 343802165
8 272 306180412
826 382 362619544
444 504 86348947
396 171 594949774
842 381 763724349
635 190 362085306
410 855 301241766
707 853 19670324
185 612 77266482
712 634 713260378
600 435 717947932
169 282 581574892
397 926 542407159
302 75 104404193
555 946 308116275
655 577 90091776
716 392 955009325
420 89 788676872
718 858 470475393
376 1 534902736
928 117 665424464
33 976 702786267
728 98 273464304
633 557 439877832
645 708 34963326
57 718 364752559
221 192 427105967
931 797 199414679
614 101 829207877
884 62 180425520
557 278 659953517
431 459 740117362
477 599 901071607
78 191 490547041
768 983 518182576
483 704 31745608
507 302 355213040
531 667 511890112
351 643 422685198
911 722 217352549
653 947 822332114
205 489 214274868
462 308 518561209
742 904 366162405
692 65 71396257
502 635 584971255
487 898 369802457
382 35 458544498
832 658 194259553
268 174 60213511
656 778 624563726
326 9 793300643
240 952 725116266
655 484 912995004
666 4 309657126
395 3 173805957
423 585 252510003
555 496 670142651
672 386 337322987
616 248 318292685
288 354 672559702
132 341 304336066
88 9 476646056
118 406 67888471
826 78 499814642
801 773 881654008
929 36 818737681
260 92 436390104
210 5 64627866
669 422 147485560
942 981 876310515
371 923 354312197
823 563 386027814
158 86 308333789
704 916 720979651
549 809 594837880
322 917 132365733
410 700 530426232
267 93 500022291
293 947 560548153
750 36 175020964
667 235 283097401
821 368 698812157
75 489 813287506
234 469 49478917
240 327 463349446
679 800 259014926
334 220 922311612
458 830 182376746
995 418 115055198
853 594 465602383
236 183 534416541
227 876 904435059
752 94 226875766
844 600 240420629
628 285 422258525
888 13 643904983
925 407 43105104
614 56 710275025
34 11 819777456
546 936 422609336
694 293 597657897
783 566 780890773
254 914 643428918
998 935 971528962
74 840 565028732
899 119 529029888
286 923 937690510
249 741 114828336
409 798 683867867
526 167 41473587
33 567 691767293
635 944 604449263
913 132 874881459
540 186 717584155
432 269 582051282
401 419 177995261
16 3 399637175
792 258 150151
50 98 593866989
254 804 940045088
918 277 960657329
928 37 375461496
229 644 582755750
913 787 224782776
658 459 752553599
215 749 784017257
607 204 643882355
882 755 852992091
182 39 497742538
922 538 783118164
458 972 33565586
837 622 319498300
769 206 344870849
748 459 289354164
499 145 989627661
301 167 104851147
284 766 116105791
552 46 455130338
85 958 649196843
852 336 475805037
739 225 396730032
39 662 779798770
775 50 675304519
595 156 888322562
399 124 98000020
521 212 486378509
207 159 760520661
671 962 44487110
980 887 806564403
299 382 760518528
213 791 690146499
343 751 74381556
312 7 237245701
700 686 886542682
719 828 618063077
621 42 835042118
968 31 544066366
19 489 296711190
236 175 677646977
727 784 160970047
330 132 23203313
235 234 272120175
754 513 917265247
60 306 487212574
242 621 876242898
593 352 562368763
709 198 493530767
55 54 456253670
482 320 501050460
630 796 911066837
868 88 74132948
543 106 763758388
514 646 605273481
195 814 21951543
803 439 261832558
117 40 987670888
127 937 544245961
228 82 308210344
456 582 265283682
819 581 738430653
711 603 763574057
980 175 578433623
575 546 187139598
465 461 929989492
633 167 888359631
523 465 840418295
72 399 810125019
935 467 558114255
127 502 261189837
862 95 877758136
815 364 16463164
705 349 842252036
122 288 510137075
550 817 447325577
959 948 792250658
986 52 740045411
628 333 62033749
693 808 571754092
241 73 464038345
329 822 965509335
301 930 33196723
581 803 224339130
965 404 264806290
449 393 476400095
384 179 614507807
863 543 344828174
942 106 458027864
560 220 845288112
327 373 714723843
350 13 888648548
796 349 120859512
50 444 161791557
688 907 446126899
437 909 978778620
564 909 781438781
812 595 178396014
183 205 460959419
87 180 175701993
824 15 826564412
963 415 476358609
284 844 681881606
697 519 824425730
939 521 810064515
364 48 566985243
249 467 949827422
486 624 611092315
312 40 392232310
629 284 83266659
195 36 426279227
872 104 100226624
274 402 291179690
815 427 805017379
244 503 252442682
374 299 142972816
772 29 427700287
244 165 234092027
721 964 219068932
593 446 392401688
952 153 721617928
59 523 602979890
443 366 846946768
445 441 335901129
853 754 38939121
54 976 601413506
991 300 472922382
585 498 371489740
734 104 322855140
841 563 361366759
590 665 583288208
400 192 665747119
693 960 343091309
371 720 502493478
791 367 321527461
274 513 896308932
502 821 278693772
822 100 483504620
732 975 143207856
53 850 161012898
615 4 470743584
93 576 520900039
853 360 316594678
10 365 987772746
397 346 760689918
82 404 619872091
517 328 477662022
332 346 260705351
142 442 404636685
292 282 544154958
800 208 186412415
51 392 138895253
48 20 426094533
557 153 299043126
915 15 137908288
428 132 130857912
233 763 425041097
552 209 893821820
315 229 105947245
627 342 678846823
711 36 360093064
648 499 134448060
613 328 247619580
247 838 894144617
634 286 898671232
640 730 114482425
798 447 847446092
65 925 255219477
487 725 93417232
366 387 350153575
328 576 314845491
819 346 45231664
574 577 156161837
498 770 699302004
809 145 434723000
788 149 153637057
483 31 325219208
108 905 596232962
560 666 853785587
349 182 648257878
494 526 875626656
484 477 293032583
829 863 248564596
865 553 369849750
712 890 973867064
94 7 312209682
958 107 458290167
190 530 662141217
39 17 86762305
835 307 668397082
656 687 432836337
480 426 298360148
536 719 800941827
512 476 993812696
168 249 58657254
578 677 111162386
597 523 306069129
329 81 792939863
20 788 821155733
974 930 537465013
429 995 88402781
93 748 662653752
941 220 866774149
544 580 141052609
112 258 242277190
651 550 283859143
851 154 972037081
46 37 234052014
187 758 99136253
596 808 770882900
725 731 134957862
76 4 519981814
718 894 50458592
482 240 573213736
866 804 992885832
22 825 700371526
490 339 209600956
584 795 130679771
270 960 348887126
849 947 538285981
879 444 118590999
734 670 992108344
529 308 205077534
385 825 733357184
205 81 703398697
400 396 386288291
308 469 137737798
253 55 741776851
539 256 119520216
725 788 812816603
378 50 751634027
263 888 388315202
451 390 941783518
916 286 479616502
23 693 771754434
667 994 712914056
126 918 98604098
348 73 881290852
462 222 638230574
673 453 713058979
770 446 590192639
947 536 662708237
724 240 641582724
513 931 839103450
836 451 914989270
979 129 71769322
758 93 436423824
259 54 851047758
568 109 95184266
650 528 54852607
169 806 146556259
998 870 169179120
303 395 27515608
392 100 915193307
541 822 468642452
193 33 531408140
754 628 378849925
722 728 644321594
879 791 895723895
237 679 857067446
409 789 886839336
696 397 758240657
739 264 691276899
675 550 291424081
439 268 180782888
743 733 194096350
513 247 941646303
263 275 610617243
282 147 368736231
36 303 658821336
47 33 157363347
697 731 878661038
610 294 668646085
537 716 675849401
772 275 210800693
900 339 635763519
171 53 427071751
91 636 732669511
943 843 128444787
739 902 274681801
114 807 206089599
250 154 108721108
412 445 532813188
146 430 852043203
153 261 122533467
852 783 621599029
919 61 293757883
713 569 336607821
632 595 502198533
245 702 795807129
187 376 259511989
894 51 307025096
113 49 754153146
424 691 658454753
35 523 571831143
857 622 747771420
898 766 464561057
251 957 843471630
694 43 441201812
730 669 259025017
880 404 577874501
373 648 272440372
805 601 497049903
13 781 341813635
681 918 827691703
917 66 683192300
694 56 142059338
456 406 600906320
309 157 858605271
74 439 238912405
646 173 182127917
863 563 389478533
792 655 167728031
877 936 391455598
215 163 450272441
66 10 247803859
241 45 448249232
313 255 137304930
550 416 525210784
865 585 999489393
524 649 604289191
790 694 371496682
586 45 903139750
358 304 778417744
198 396 743116295
471 842 195604056
496 979 349051584
540 725 412827113
887 159 470469993
87 66 676130513
890 62 732939019
318 485 819698842
676 681 333435358
225 375 560384325
853 397 837458006
342 330 324083774
858 906 556825345
53 690 350124842
179 19 788983841
574 43 38649549
199 597 479789673
44 473 113939829
107 18 132293193
925 142 564327108
541 185 756931640
171 106 548805397
964 332 727296531
179 833 741385175
357 327 232349008
431 155 231656223
237 945 173347095
242 325 578697959
377 697 996036536
875 204 862337723
623 310 700285652
996 310 690968810
745 673 355650727
5 76 842726895
202 370 525334994
791 208 477259443
229 337 15842163
549 740 913330553
704 981 6475752
196 208 348268324
916 903 823046529
150 90 949862425
603 20 960131579
123 19 485454755
931 146 516895292
544 716 900402159
652 528 15348630
720 811 623865876
903 152 247001151
469 308 519650122
104 59 531173690
997 256 652668550
100 834 32545689
584 268 982813439
285 137 317299448
5 373 377829313
44 410 161947017
576 780 482483624
223 150 216831756
960 94 863952851
149 676 537367613
339 620 962007634
438 579 314640910
540 71 928495101
746 162 427895573
819 366 656115056
663 937 745134272
305 13 208544453
833 426 182944688
556 150 909812187
501 225 443436102
121 918 524195214
997 630 798789247
487 151 450746147
578 309 94772325
578 475 184488635
129 584 144241992
116 250 366239891
454 905 224940715
666 852 386662486
966 687 933950218
658 270 763835264
62 696 929645903
712 212 328744533
146 269 862639387
795 468 862284455
180 125 746008187
263 72 646136790
260 334 326558564
140 459 210060379
373 365 224827685
755 286 750569577
522 911 549023462
597 429 988553204
582 353 89905894
220 127 433150346
998 720 477995093
499 178 696968869
29 972 573241638
533 564 287959894
325 990 223236439
826 393 468583632
933 740 915940577
814 394 468483517
331 230 851549221
194 661 626863448
134 13 46150275
556 282 414665726
707 528 117791943
695 542 203129987
73 168 751840304
527 353 604858411
331 558 516435497
3 521 568744860
21 841 675760148
494 326 422962742
532 451 695240076
103 8 869146153
457 725 99533864
364 312 425507674
860 639 764676150
616 189 786545364
149 371 114111116
450 448 509719556
808 2 25685382
765 944 319400278
518 459 122984219
224 151 966247740
18 315 38929997
627 204 639525836
932 322 806517601
554 761 505905118
497 712 652462232
295 436 567307358
98 332 749596359
210 847 789557196
606 148 122547926
871 792 79843568
175 106 525853569
215 608 702340723
32 56 875377921
145 403 656284575
475 784 651100772
267 125 877267978
330 37 144973223
449 762 434830971
703 900 453291209
168 487 225037476
264 592 134996671
662 119 831320279
52 10 291261320
7 833 463584959
912 549 322629808
433 301 603962920
947 544 731397977
592 92 170092472
21 788 620929220
363 327 513549363
490 237 353570844
772 687 327015020
528 481 404393533
148 582 562407292
801 678 576234479
818 80 106139757
246 808 242303579
264 462 706532299
389 370 484739866
610 160 206213443
3 207 109623703
62 222 269165625
856 363 329958948
856 146 605874466
837 780 468800621
867 348 48012695
769 403 729755723
181 479 938482411
676 362 167064876
804 40 171063989
258 657 774148317
518 37 94279861
793 13 728407661
350 74 849792570
163 802 876814089
578 155 138290504
140 633 970233613
757 799 628449259
930 966 879030893
64 785 368392598
985 165 125831461
136 94 980886774
916 533 154820614
222 106 447869210
426 274 778052121
128 245 821342180
341 287 574941127
213 345 33818271
888 440 555438708
772 810 436455757
658 43 845708484
867 524 351595555
512 108 886878390
96 85 369159901
370 840 954157585
830 327 567456562
905 541 982496762
786 708 95679034
476 178 324133836
875 23 786400301
439 824 367386485
256 102 929375029
952 764 801455188
976 336 702920188
96 820 744674644
765 555 320213715
640 976 62867543
151 81 63094531
694 633 814963817
767 744 942937617
276 123 160997620
735 556 121082890
126 826 937073856
635 725 774861434
749 296 139332948
951 88 271521874
546 832 699548088
51 373 643483140
332 552 992151954
272 408 494770242
696 814 365880773
152 702 976392688
242 19 563152332
710 581 181322788
144 99 298367739
710 9 749421079
441 480 678295052
90 50 222209696
208 802 524588614
2 1 234956379
1 312 12182854
707 3 338839220
485 381 504649237
310 744 34864569
413 821 176379912
927 352 863342331
726 996 794968332
194 565 550373133
971 713 686692540
619 953 958721583
213 87 549316385
346 799 165489253
474 668 657765056
999 969 621670644
792 439 197506132
932 426 470415232
846 362 270831141
725 339 617517451
219 787 185811689
530 965 561607995
620 892 778352009
276 9 340691065
182 849 964300383
890 13 869110462
753 442 32529913
903 359 502313584
6 225 824498813
353 322 176457170
832 2 206909744
218 267 85342347
175 599 734599704
413 55 536737368
41 527 301497510
307 428 595493137
595 560 102685855
435 37 777537612
294 788 427987554
103 989 609508539
438 560 400162576
514 316 22621817
887 271 344955353
691 433 901839383
703 102 589465647
644 150 898465445
135 934 700674240
191 162 848718655
857 99 168336301
962 323 360180606
202 511 650809410
420 416 711478546
115 412 456548354
97 730 150115584
389 62 355552772
400 497 2937800
609 87 994461771
509 441 849119357
478 64 138270870
212 331 953246923
924 288 632491020
614 503 169639570
119 822 778703723
502 158 107511084
39 126 275435884
77 916 714561908
374 757 62629292
3 565 452157880
228 598 33545888
760 354 602091448
887 729 524238780
22 358 27149991
312 264 861147281
284 444 253348927
272 973 19451436
123 701 30707372
694 166 226117279
313 86 931882692
272 567 825228288
982 155 58538742
410 343 421053096
530 237 119279560
351 121 258450468
948 531 390505628
154 369 377233402
23 166 660938463
953 499 849665151
110 446 654037086
153 138 183275179
189 910 582620419
291 126 639994902
529 482 222659508
386 108 360138239
27 216 345810604
557 432 58740967
532 844 378483904
661 986 464022539
262 18 839730522
835 185 72022996
953 939 241919452
514 215 97955167
500 944 370893517
421 845 941191546
512 606 497372127
730 45 531259409
159 454 58801395
692 653 265414651
440 672 543312364
852 363 1000554
62 776 450946558
109 969 588844755
218 757 453556379
511 790 694692825
126 409 215999599
710 735 912044262
32 616 314235867
953 943 651845827
278 64 966829587
742 517 513810802
911 740 907065050
497 191 476595074
649 443 836930127
925 39 887292212
836 442 577893965
737 72 218744999
806 526 868068869
39 652 891773905
965 379 917396297
288 492 636326933
625 500 188146425
829 572 800943121
2 818 935167769
253 551 252823641
492 690 385117254
380 233 127091412
299 160 80532447
234 540 782626107
669 318 268873131
38 72 713672473
973 955 962288615
548 512 578275145
707 283 555994294
146 973 647358626
242 97 252822609
144 55 576707554
188 238 948731876
997 947 461737432
331 934 257801482
1000 10 464755582
56 36 122379643
939 212 189407763
562 141 896991167
636 50 459777690
375 146 925319832
633 41 165489974
228 769 761058910
282 567 551536087
258 227 887151529
801 668 41596108
808 665 60286184
700 437 671866752
701 696 781611341
124 734 350368240
660 595 402587057
3 1 640280522
376 878 7261547
828 790 322468555
138 79 493064944
713 190 962793206
442 973 864087260
483 691 107513051
498 728 912223676
310 131 289102363
491 309 416374786
76 616 67732712
400 657 621507537
95 543 87641447
215 467 517915758
321 995 457459533
211 940 930729640
539 545 101173092
165 446 806695844
768 995 399767542
275 135 296465610
100 334 941874648
11 937 993250535
791 284 531938490
161 303 967189206
365 300 131347513
306 134 63931575
505 570 509054249
3 575 631012614
842 411 293641664
39 445 345627175
604 80 600431927
140 681 727040353
511 626 317388163
189 935 438949381
611 368 745776701
641 994 694296738
657 929 118332291
606 324 898917253
278 921 765366164
291 106 487727026
870 662 897780307
779 922 95521101
417 269 38909187
563 511 441889888
210 973 336794669
360 189 115716057
543 408 855228396
927 837 205677328
335 273 92243656
149 142 321104771
250 757 964900551
170 153 582489518
177 192 908272661
584 932 225591492
518 679 924636884
953 518 138355906
467 902 637548656
981 985 441902006
439 278 777510191
255 996 164291509
855 770 183265549
312 86 367019496
275 316 255401386
241 780 546037703
774 687 853298147
914 518 582651256
205 227 82041155
637 795 585712789
196 317 760349418
787 566 422667202
401 243 109065958
631 352 75176337
355 556 757716777
193 671 911361282
755 644 86841199
112 77 228000417
36 368 163103376
607 642 538016256
418 96 637265021
523 959 843992242
893 805 209785398
484 988 579755950
662 411 528108752
18 16 601095034
50 43 996414321
610 359 24187251
205 43 371656704
717 303 892874388
745 527 144422386
58 641 620288223
58 294 921898311
604 423 372010999
699 512 827765259
774 109 261669546
55 566 532372828
279 689 348630406
779 967 512298656
736 61 449161346
705 697 980816093
949 969 795536213
190 804 605340325
466 244 308122340
731 484 370782011
345 308 345448811
236 876 394160176
438 510 289231433
714 542 797359957
198 336 398538154
878 591 431017869
969 565 549460135
773 710 228170538
381 397 825818518
474 184 956012739
333 110 718206696
379 120 976464118
112 177 71566153
540 156 325730787
964 559 485486253
116 837 342501889
735 185 39235868
680 80 647856841
483 172 55204418
652 58 95633728
316 676 538710228
78 48 818051114
504 907 419054349
962 815 809694476
713 563 409482781
580 162 449974746
756 397 336099524
82 68 901573545
106 67 243880147
297 629 813590579
851 813 824995882
100 626 150331346
614 783 663928069
744 213 28340960
682 249 242991424
339 535 665692259
63 731 691834608
165 829 521322506
614 185 649950291
991 955 139635983
528 479 62932792
295 137 107520825
818 190 29685407
120 24 599278728
452 393 203915780
235 117 547138874
58 12 751703747
148 366 945288265
460 180 276909240
846 658 266259556
462 310 730988531
748 490 754849691
286 220 185798937
327 272 89308326
510 362 524099103
940 247 878759148
854 523 373208170
75 20 78254934
989 255 665477111
440 459 137581104
121 614 956550774
944 668 485281676
722 317 318910197
562 117 401197255
654 376 231273532
431 340 529533232
136 590 51662103
298 3 939717994
89 554 560958668
880 646 545178007
505 679 772888694
992 198 824984599
647 128 264847898
85 844 534832655
829 589 68490394
759 962 791657909
914 839 760432418
570 743 150536705
796 521 236305413
1000 628 482507160
101 411 374221492
368 279 429969096
567 383 848908926
377 354 157677774
710 808 244810097
229 161 14716061
823 843 12224156
908 369 890148354
219 117 375013750
7 245 91905667
460 908 51080120
706 930 931559085
835 194 862175271
110 439 129236291
750 872 361481869
252 669 473391064
528 281 756197417
188 685 740569136
795 902 710588085
972 596 14448321
825 736 519889740
263 7 770631036
356 43 405794814
718 3 67815939
661 115 52717010
745 847 291224322
234 63 831914172
531 159 124981958
362 55 897344450
618 189 734277026
152 134 323356843
526 614 871950726
320 908 475938359
803 634 239787565
432 288 722544245
917 11 523788215
304 36 695942557
450 81 76047463
514 182 530205657
615 537 511219252
478 46 221694646
864 989 842435994
199 383 286491039
190 169 762957075
671 571 354199416
80 962 940601792
366 810 55123148
515 451 134917561
142 529 841857956
62 168 189970004
373 219 29365859
682 433 743205774
620 146 414460436
429 296 41222778
490 157 49864285
178 217 239629421
330 295 554564015
213 646 473501281
869 159 267862532
915 171 242612320
322 363 964915445
127 599 863193738
863 611 562035138
473 949 177023791
638 297 35895635
257 597 647720998
467 701 711578037
819 985 743116627
827 560 882873219
998 862 178594625
902 177 298105100
265 62 469958170
384 703 370634368
101 364 423941013
663 198 808408556
941 524 85226846
963 318 871042905
115 46 973222338
955 495 913032454
961 718 752749282
852 489 915351458
94 314 25971933
9 1 266648254
177 474 928617123
468 699 659801859
203 162 40895335
348 926 795154408
388 519 493025298
641 384 748992701
142 250 166249490
879 634 714977530
559 410 579502246
650 68 930570974
897 791 324583994
465 458 233942347
949 204 635662849
183 146 569018429
760 106 313563801
477 406 138494151
474 17 103167923
793 473 384264228
279 163 360822653
877 861 108156234
260 95 361692146
626 780 658311322
419 645 164964033
850 878 41869011
369 522 322745561
764 720 713538514
982 865 124369358
936 576 544107758
113 489 997490313
561 318 387883578
274 756 471624497
614 58 505209471
15 6 97236171
150 35 213713300
534 283 288228649
969 867 277611422
27 513 772060809
803 74 886752536
393 529 5404084
273 772 569012428
390 266 869279126
133 826 72856828
203 900 20478210
156 904 429271277
276 312 604007622
897 950 380058470
107 37 763303151
920 523 940183600
79 728 453628602
261 667 78090655
294 76 522465041
306 977 601913567
274 652 194558262
517 27 69255146
753 32 620837591
673 616 944308566
146 143 689512738
958 997 735840060
711 456 367393461
32 815 854735401
388 732 88578933
339 247 493075442
248 139 448694618
268 421 559180036
16 470 217826283
543 435 179354347
775 859 972041395
468 494 82775369
682 180 10147377
436 362 684900250
836 477 611365008
455 398 481005236
995 131 142772284
310 812 123395847
651 646 523508287
246 75 320419193
190 57 641432366
810 661 961417167
469 718 808019089
648 655 315418987
890 200 288765393
400 750 554461094
938 649 491744802
996 451 44791959
434 232 32154126
425 712 416746925
518 94 686191443
941 205 865736097
733 258 596143240
473 458 298315562
317 127 721558461
209 37 813330227
25 19 139223538
239 252 17794558
168 628 535673356
772 926 479346470
483 588 138942024
13 562 106466778
159 77 758638083
243 384 853407043
108 605 656654513
143 304 236699317
298 723 27302014
51 643 801915332
716 679 230718780
22 4 37777060
16 456 207922255
70 444 476261446
73 480 941730478
430 638 910073051
580 932 56717296
311 662 34310883
963 772 400321947
346 322 96014276
922 654 347621490
346 312 470894901
763 455 167525233
570 748 265852679
229 13 282749992
143 134 653887117
225 6 376238498
871 280 632656046
31 4 953640768
874 846 105925006
139 101 2360465
897 873 873319623
85 351 738968382
512 387 58906998
943 245 198975077
318 214 182389692
831 74 933278725
125 119 869935227
750 955 394977824
141 964 303784153
136 980 414869563
768 664 660701331
475 139 850681614
325 230 857222068
20 474 417280175
989 748 20919072
18 163 397897047
519 132 272634216
905 368 865645729
201 514 945974481
630 993 855754328
140 983 582380045
389 122 468325290
446 376 992615227
627 236 78829217
619 598 492489939
798 710 919676362
845 44 865902676
984 790 767587383
513 78 12001669
862 523 632229594
255 709 322373770
251 141 907936417
318 239 934510108
333 596 787070079
148 981 259787749
840 266 508164809
473 811 340946478
669 577 286353371
131 26 789127229
943 942 278188307
510 9 29304912
164 25 253463511
377 43 300528509
242 101 435131975
144 40 332185734
400 128 162294010
430 61 262158946
939 385 357623095
387 167 463128293
637 174 589622645
255 6 362776377
981 856 322054732
662 357 533871509
650 764 40888090
28 577 775307419
603 646 371543788
217 929 374840814
478 994 33169417
264 794 41934594
856 70 483070111
37 496 285908190
315 36 868185168
10 154 941386990
175 909 853009936
19 665 36802727
103 876 28936048
114 49 636619083
528 674 800862585
210 668 594960722
643 360 973710465
362 139 471895639
606 173 751982336
665 260 401001026
917 834 266468767
740 137 500112588
615 911 933900467
481 242 510080472
331 722 37785184
612 518 158753042
10 312 960222140
311 151 467755360
146 345 276841378
139 962 610013819
802 558 47344764
441 948 470620095
181 61 980906438
767 683 802792163
468 993 221412466
798 866 321404457
167 313 468034890
455 302 45920862
112 364 302806744
298 110 971079555
630 100 754987307
870 773 720692600
698 29 41843725
279 158 466783504
610 358 724106446
274 543 934288915
793 146 846155646
310 422 905394199
555 128 491818804
905 453 934853650
586 751 276769975
499 123 984580464
148 135 958496631
119 374 319779183
437 563 19030741
384 20 656376153
802 775 471738500
898 199 484386856
871 476 832549662
101 651 558644162
813 760 919671972
12 11 161174218
128 55 419707199
387 403 154744146
201 209 684517316
742 84 870140406
681 60 4171575
951 13 597408930
511 606 909176362
926 470 263319126
452 990 911444391
747 870 165470795
395 503 899668414
507 118 242754591
869 459 587252496
578 600 927935317
76 42 615924685
305 230 584239344
62 25 856289252
965 541 620057143
432 576 499065070
96 766 509989716
198 559 155918780
664 44 360837638
655 126 278219269
280 298 793922615
500 641 396119112
769 765 860394428
900 822 378879695
405 800 735790773
718 670 452941563
347 345 275436028
856 948 773486588
422 898 117335687
629 787 220688281
348 36 44630874
35 551 824972631
110 56 16391735
104 264 29409423
473 291 648863460
344 526 648869069
79 971 475156424
477 795 787713308
726 142 311549687
387 527 578809116
607 565 557596530
664 230 851302226
208 232 609748952
603 707 721181774
761 47 29416209
822 369 365736878
761 349 522048765
800 377 765767893
838 445 71430059
242 11 217329000
321 63 554234587
763 778 423762531
670 802 68650816
926 306 353817
279 305 866794932
564 965 825971445
682 946 613922452
750 101 910878714
287 118 73535265
345 657 679858506
144 617 903487770
751 563 148436846
774 108 286474097
791 425 139298118
851 857 143890046
459 402 543286293
770 113 83055605
77 700 588745559
769 470 760543700
763 743 355590581
599 888 498282966
822 669 336632111
568 844 837067412
696 228 594369618
137 947 571406379
683 673 632756726
72 124 942383377
74 37 20448932
673 631 263157602
228 534 335337908
45 198 738816012
947 324 613799044
164 378 615731843
868 599 350040067
170 66 755128803
264 521 276301710
838 472 373368862
289 119 175714443
372 70 621013337
140 665 645723283
707 488 405796577
563 386 314675537
343 656 235437289
962 734 173368193
821 813 747856343
357 733 312067903
285 840 841941968
531 968 524516968
816 841 974925376
75 42 311239028
93 648 896802790
981 348 766178319
169 792 172029037
541 780 620099240
325 261 383648439
581 316 979136497
995 537 130685574
830 258 393236742
342 999 241400217
843 770 898418344
708 73 419713748
895 837 202091469
736 64 728744413
184 185 387390478
427 768 297517375
118 121 11265704
798 491 378532145
964 898 258261188
375 548 389234267
454 679 44085547
364 443 145068293
684 337 998217854
600 230 909621659
33 550 348955542
298 529 743317559
594 771 558002881
445 605 754630425
479 284 595046970
403 89 431740825
404 266 20720013
414 762 433747510
42 657 873650705
467 995 964446042
60 817 10721834
165 303 967169513
846 750 978756088
635 170 748822957
930 208 850463852
928 354 599453439
189 44 801773106
607 521 155036542
540 651 518086842
133 253 723958670
219 951 228258008
384 964 701285359
321 483 804143165
804 734 263518437
479 51 81946308
6 391 98988745
63 37 613609677
265 180 548945865
106 456 164355967
105 759 967793711
387 13 688921094
712 437 790349317
312 302 892373248
269 241 610840237
579 411 283457028
434 153 565733016
792 27 257123224
236 255 952382829
900 455 363878939
167 383 624553267
620 107 276740464
49 28 333284245
288 833 75785807
699 936 723786527
328 29 14518178
740 83 689900475
695 366 409309980
413 720 376959939
767 634 470198194
442 99 149713809
20 221 840705363
23 3 942293042
862 855 482128421
728 954 134731264
991 90 639381665
569 190 428313387
17 522 603850086
565 700 191542879
374 436 69705628
878 435 282068940
429 548 290192130
78 685 407333589
438 406 633902683
785 136 537138670
460 122 692809008
170 653 852979469
659 836 883852206
501 257 422062877
374 247 214666373
787 355 873955594
763 812 555298942
380 75 282868547
437 882 44942144
291 298 359862695
341 807 747335662
488 247 651996120
167 16 302771725
14 372 470088768
879 72 519379832
942 242 269315424
589 419 392801783
111 638 609092720
875 435 12687367
203 221 828644830
707 642 914301878
939 582 256652209
2 220 546550747
122 454 654656750
163 751 720406434
367 382 279156193
421 218 612849893
943 785 483066928
740 424 88745619
892 420 396010561
498 395 72029384
173 15 905262327
13 52 373410379
858 749 831033704
970 137 945026212
588 414 286772780
844 655 360214325
376 157 929263608
258 320 616155961
486 471 692218257
520 34 357310253
802 107 298831418
412 420 915958612
907 300 459932012
709 174 983416128
358 396 367042769
992 809 926196381
760 487 996916223
22 95 68812421
371 205 254652651
650 540 609850447
553 667 960535835
229 100 223981753
564 808 451677698
422 877 799181720
749 625 511275870
468 78 689954874
500 420 136293021
1000 10 293778459
892 334 927342995
854 517 506078833
689 652 633118050
896 388 507522553
161 493 817853785
192 543 34529758
863 599 226035024
80 76 820773990
287 993 610065517
132 881 521369582
187 706 677542595
706 20 763166693
258 453 391998188
497 707 737392378
967 598 232302982
484 446 524890557
44 155 254150915
783 80 2868352
660 629 657769853
887 522 875634812
653 960 726643632
217 883 724149244
804 347 613261554
970 87 746393792
634 88 595177142
259 41 964358660
935 922 129870280
57 941 810488012
475 289 169008131
527 179 964620466
157 81 17862654
568 841 508085598
624 958 329879954
856 783 44557571
653 260 121576096
202 618 196365904
594 775 444475462
628 447 107095633
424 184 759647145
807 296 586446387
108 20 929962338
275 611 289609635
263 177 268194333
492 135 894996685
37 267 903840175
45 65 678822777
325 791 856343696
206 412 706741492
650 118 988605304
519 808 538947222
430 980 233737712
834 948 726913186
834 171 197553612
389 119 623873453
879 772 263088563
945 647 489754132
592 355 808144016
130 66 732045403
782 442 481262695
320 129 474103752
543 712 131398488
681 26 908325228
301 902 221609653
727 757 738146544
1 84 454748401
695 736 132683112
454 13 855578777
437 724 743212858
723 372 551993395
708 380 821372281
248 405 906620145
684 968 714679028
326 498 611906874
952 373 348305185
268 482 482760121
700 648 361084594
592 272 616671874
453 434 411149376
611 747 719440528
318 669 989295810
733 331 526578259
343 183 806992172
471 496 438502768
828 230 625845058
377 124 666356665
524 535 611948724
840 496 159908238
807 551 629640288
469 321 26354138
537 351 344656936
293 13 299304171
81 479 243553126
844 139 668761340
952 34 871150322
169 27 927933035
296 304 62939553
850 335 909050833
119 18 563453200
646 659 296708662
657 881 263366292
82 180 437247751
929 370 46381101
759 445 166528173
923 488 835847684
227 433 731079360
614 138 824282834
158 213 599155989
534 37 599438830
431 91 789779942
357 82 931019615
663 347 172173697
198 479 590716141
118 84 256280049
414 409 422735499
124 40 691046485
938 694 673290332
195 884 708361451
474 896 88091858
518 742 426331262
71 62 311842642
423 115 361791919
440 117 356757057
403 131 205225032
741 83 328518267
863 115 944544868
931 971 749860158
611 476 746905460
701 560 233838228
473 240 833002238
569 289 244150616
147 87 686610957
597 259 214326410
94 955 639781955
289 53 532186413
696 658 431615688
896 11 288129353
989 481 845604187
776 970 69379378
989 521 769116159
895 504 246785570
708 577 809584906
778 106 553393443
285 333 788254977
161 113 284204337
149 690 80509968
136 22 21247322
299 57 180912156
470 74 398248235
440 330 713694913
860 497 929718619
555 109 886761357
856 123 437655334
241 835 934574403
169 709 639274853
155 509 62756625
588 430 455915151
930 249 773429521
390 334 57665868
523 14 471819654
192 527 946017822
666 327 771704962
115 962 972111937
402 278 962787638
291 356 786008181
759 35 656223987
622 251 614291187
465 754 490298020
549 391 359233265
702 857 210148762
738 671 631443151
222 861 473676623
135 64 712644994
910 277 633646772
911 93 625088460
181 249 634958334
78 9 474414794
134 434 670186597
569 942 382444890
5 863 634394725
22 964 336905918
37 592 399757387
978 334 243383241
373 561 440956037
557 734 739932375
528 24 999611733
394 910 403698607
394 332 335113312
891 824 624483004
593 132 62402111
644 141 261012314
91 63 686055411
504 163 378194609
920 852 777602621
446 352 751681624
634 387 749897808
709 406 488739043
538 190 47568775
997 315 662089246
258 520 536274338
770 963 500043515
519 238 555720262
567 882 269643107
467 235 740938156
937 225 983287371
624 313 967437105
132 958 197873497
447 682 66403756
441 137 651099359
431 739 304599219
185 350 289172776
111 854 809644564
179 166 11119701
692 157 126221105
571 398 841627279
620 988 233660527
596 410 500391415
232 696 326937922
525 257 828247891
530 475 928637617
873 414 724118343
934 343 172872952
453 383 506718692
579 426 288520056
148 632 129558313
226 261 427670873
760 593 583029843
540 627 157512616
428 491 46497691
228 146 697219914
349 361 339987229
429 675 561716327
138 368 216882550
277 925 663199928
951 882 349098694
480 575 788520650
556 747 712094085
533 61 543487341
807 391 39134052
750 276 473887785
300 46 602285450
321 77 117097648
52 187 599164857
507 209 709809329
834 179 613515113
693 249 755762496
52 211 41448919
227 90 691559133
123 209 642546070
414 350 851438787
635 4 407602339
212 420 535009402
115 576 125649935
604 582 699758584
182 113 506643760
207 678 108449770
937 387 946195654
924 607 726543755
908 661 249907877
206 178 961890228
553 252 700029609
791 916 870949839
359 144 92639926
556 397 84023818
536 151 793621883
396 141 554615516
122 25 28176497
670 637 620736145
434 370 456992029
243 92 813644388
794 592 647307188
493 975 797573182
438 349 601848265
353 499 35986905
346 737 519958081
332 352 188408774
447 25 664894422
614 776 24483187
370 347 957502659
453 383 714061515
599 917 967077978
618 596 973722877
276 814 594725985
984 470 563696081
81 920 605194240
937 855 574379129
899 995 816183847
107 371 242479305
70 77 472290427
264 381 673473815
680 263 396993597
119 56 733410458
575 871 456538470
939 199 922210509
232 734 890037508
793 55 736341209
20 891 6100661
337 785 249023455
540 95 357841726
643 620 624542606
232 105 601820503
364 497 216956321
580 736 792002574
878 874 425443511
287 282 280449469
631 652 818712823
140 442 724951140
401 682 637840031
676 634 14119405
198 523 691529168
9 600 904288647
967 770 570513276
385 361 333025031
837 235 510790669
765 505 256762587
954 700 502902458
262 271 298427468
775 577 189867645
960 533 249415456
934 423 983020481
907 619 334087431
470 142 369816910
748 626 904131138
678 357 794323445
675 199 614700957
36 27 369484584
325 834 890440184
462 95 547052090
214 713 856404036
436 449 438634459
696 171 999358430
775 182 31462720
681 217 685684177
165 559 39134275
844 261 577850595
207 967 840441157
516 544 431743748
363 64 32662532
428 241 916018927
204 69 191999824
652 397 483937930
251 41 592793706
92 596 784739392
836 212 817858683
93 21 96340101
692 330 892869995
974 651 354376567
152 930 575902605
532 570 210236907
716 27 932669683
246 985 592274569
824 821 169478541
265 179 752971548
668 235 875181449
447 523 432063365
38 24 228315311
522 81 662991511
457 311 476790946
827 272 434881904
935 711 830575454
903 30 563775015
533 590 278686069
922 370 580499248
379 673 205550279
497 210 12041145
591 933 605983320
127 847 855276455
729 850 988979327
39 231 965054185
596 285 810300741
987 522 134679567
359 164 847558362
299 27 626344380
550 685 537442164
97 869 534570113
850 125 339911526
922 269 896372725
53 42 526295151
338 327 75735767
300 655 988636491
515 723 687393497
210 455 814565644
989 443 220273304
407 397 19597397
8 777 439900823
14 354 735278346
86 349 18600173
3 983 613661410
266 703 926168987
399 30 651199621
805 31 322796761
396 923 7824187
989 319 186764070
514 611 168135028
554 146 355511346
955 614 797796759
962 479 629963497
943 826 759596239
391 72 542902958
875 522 490608651
343 586 867802087
383 123 709229469
334 287 676994921
776 404 390352772
991 806 999588899
958 436 579796177
634 734 798270755
225 755 624630630
644 704 614749070
307 884 914097276
221 217 233774539
574 747 675049592
219 644 870390749
733 496 699225104
848 926 509215358
487 981 312221642
79 81 166765956
361 296 182149750
968 572 653967261
175 378 702554625
746 148 632800789
667 177 724603227
891 721 774824387
389 182 420917168
160 786 516876990
418 513 682814656
589 489 253946987
36 235 7378720
243 770 254036520
230 688 265487877
175 22 25271295
904 81 820191165
749 903 353625403
247 218 343605031
309 166 52661219
356 187 685572855
944 739 254249448
853 441 431549516
355 334 825740871
999 845 796761397
931 783 960575527
559 327 773730110
570 606 290405871
96 913 92841449
387 156 400411073
140 102 509406781
833 947 162615119
315 101 658065525
188 149 967629441
199 2 924863684
140 548 927817034
155 219 753519560
716 745 185592343
146 165 66358727
948 464 410947191
639 376 238351251
106 528 17857648
503 576 658406918
891 186 555812326
749 142 436710970
464 16 925664556
867 746 293004595
465 494 430073540
507 237 258314583
705 979 416221344
344 888 316292282
961 229 602511704
434 414 953414374
867 66 752085255
851 908 922448993
465 818 890918421
942 133 964713552
454 239 862366383
985 935 681410087
937 673 467801627
487 255 372588913
718 773 292045426
950 55 662680182
90 690 444889356
710 1 659852731
6 849 551037323
511 30 302475054
558 977 576788032
81 42 859009036
665 933 474859148
219 607 626790587
405 206 398659300
265 364 789243560
448 781 669874403
179 829 476201618
760 109 956803751
575 213 373717790
361 259 178435705
171 675 597633749
829 953 471092502
746 187 549613434
715 530 276705682
967 981 415861011
536 231 232579470
441 9 305008822
890 210 998054468
817 22 378807924
189 300 86546705
825 940 788252874
116 95 121336335
759 183 208455030
917 2 682914138
785 535 79682085
231 211 375919988
95 789 868226216
868 963 60585704
827 939 837411208
357 927 440345033
991 211 971822268
245 218 769796527
549 831 573684338
703 841 436366058
909 388 570159827
863 636 225891181
315 234 23741430
982 325 365161806
873 620 596330225
707 691 851270030
478 711 739431106
385 537 278264557
36 442 528284870
166 766 671530188
843 530 930956423
929 839 262605909
155 19 523013452
577 560 142595504
83 28 422754541
683 986 763962231
77 944 544330352
561 661 862813248
118 932 608194842
390 927 662591066
528 439 155551731
636 359 915860821
704 800 395142057
326 647 228773948
28 18 358842110
305 201 449259586
708 588 352551564
935 648 536609742
951 515 601461607
179 203 950692175
476 863 372071028
11 139 104205560
838 537 512047184
799 635 699507341
855 341 212354058
506 104 329559056
829 658 695806841
19 937 535414910
592 255 197065267
370 366 980646436
891 493 226759401
479 606 256234365
813 545 940544408
1000 510 543965701
608 405 20939844
310 120 102198848
703 496 669406335
774 699 486897496
31 833 563529393
229 337 760332347
42 960 437006375
33 39 821630136
318 804 293977738
552 822 523098727
926 533 173204754
493 484 997488666
548 112 740585650
409 870 443802637
433 131 328486440
868 135 614107809
370 277 536363419
912 112 447077347
231 59 309980307
770 164 132585701
182 420 392611059
139 40 369105775
820 365 237807069
746 917 882935636
949 620 2162097
467 62 457425229
214 471 220376301
670 181 663972274
122 247 297415593
542 46 394969779
388 186 666797322
546 241 253308726
706 343 374205726
917 438 747054790
966 811 110633758
261 484 604277478
727 403 398770126
712 125 600985663
33 433 142699905
347 422 857254878
552 992 93591183
493 903 1380826
743 642 103535138
27 6 89786773
566 237 786331189
613 656 566951755
614 547 300992023
704 374 974070863
194 15 370606801
842 386 817461840
151 957 906890617
909 349 507085290
284 587 657856223
365 520 821004243
241 536 35991287
84 202 2643801
119 286 843652235
513 736 520127553
642 845 943343349
564 12 485473387
733 80 858176634
137 27 411681890
43 15 293461274
215 322 819358037
1000 146 322467921
294 367 890522406
989 782 192704820
119 691 308471794
801 351 325789829
282 257 190992522
224 659 109346995
477 286 612934899
73 3 563173165
198 49 620060651
532 521 106423101
592 18 6427042
415 218 479556740
583 461 138302453
577 836 961755431
771 518 125282908
750 393 681364737
218 93 109747662
629 973 578852514
40 371 140098145
599 764 46227984
316 253 569123318
410 638 104415673
836 957 149626090
475 48 955587663
125 839 607943937
5 397 161542342
220 52 795782251
447 396 43560048
768 326 69898498
777 81 444331168
394 102 507367642
456 823 896062129
862 360 536456559
895 174 587598095
440 598 897779243
299 8 937172745
624 404 311422653
282 956 346319850
33 321 856823264
166 546 586297597
809 471 356737252
496 166 199319113
677 303 938364279
823 508 368891434
800 814 906230701
521 104 848554779
22 103 262443434
329 676 314903182
271 736 772167843
26 214 76865361
29 567 910179745
463 352 258835479
909 960 649399374
496 595 531410825
944 619 816896224
899 160 692083247
669 147 795637660
244 574 600107145
75 979 285550870
739 482 98231749
562 791 619713739
315 470 597362735
911 133 727709983
251 184 636046211
339 812 267032044
955 762 393332142
468 809 895221499
974 806 300132046
137 910 76829537
696 389 277255808
382 90 674511035
995 573 436936854
398 638 126830906
807 281 816850082
389 273 675529727
257 53 397880305
217 662 207399218
564 503 666073576
689 124 101753815
379 981 693615214
261 719 487110178
859 176 964438373
825 571 156027161
352 107 966001217
168 321 753679317
795 895 987496315
560 253 401780615
330 199 137233190
901 81 984582065
636 429 184947050
101 142 106070022
533 150 481084312
362 991 572820297
470 924 773674100
141 739 264823832
305 782 512752726
916 802 428702413
109 359 174435803
323 578 835886190
812 54 318964317
44 37 835829414
315 820 595655017
995 118 428496819
505 189 775059064
799 434 783887367
50 410 386623912
629 499 843591886
641 240 386917425
424 863 644119358
118 197 882129216
551 331 189745208
484 15 703324184
772 723 27502734
911 592 842961180
930 324 3595875
311 386 807501527
738 818 622989715
359 80 811482072
561 5 794480094
509 476 711906746
655 589 979683947
380 931 191601357
906 676 864285206
647 444 776109666
923 248 361246293
46 756 911606026
610 830 876648717
131 706 993772811
729 354 967771292
964 929 584870469
167 87 790585640
679 505 366706755
683 256 808969139
147 57 24260752
388 39 826446590
956 259 558963200
743 435 731655091
278 217 508821699
438 437 887709343
377 37 80827049
70 870 566485461
499 78 710083687
584 521 671830181
801 663 898087494
710 386 958227104
466 980 278095363
184 122 93907980
339 302 715007726
867 264 219098386
301 384 864753576
535 738 806690738
928 516 814882975
907 725 486645698
58 164 679027984
12 119 208513960
470 737 64525805
640 101 265088655
479 329 150910236
555 721 649569766
999 752 754964306
307 12 720937954
988 790 778158408
19 12 533159681
544 330 265388007
637 266 430108246
497 70 114199553
598 184 809589434
360 67 387031990
201 197 480127550
87 686 979397808
341 161 495981476
657 868 903882378
126 426 235293473
300 436 608890186
570 841 710211610
731 647 717728706
158 64 318739688
792 62 625887871
90 315 389482368
251 872 604418146
449 827 672271236
339 174 489778001
288 643 533999871
465 145 824996502
480 88 262801892
288 112 307277265
795 97 763504502
405 106 257073975
897 92 314731383
806 68 157954740
297 794 445924018
449 252 546774010
946 187 483175449
522 392 767213374
623 146 921314022
800 886 954394111
90 70 432915758
778 351 582910572
170 873 283539972
500 202 961943039
246 15 190431683
475 639 892762781
426 623 57980828
123 638 439160303
95 98 397949869
590 373 26857143
937 939 230874193
766 266 432499402
129 625 252521689
716 538 431772291
934 426 974790851
44 34 509837481
895 401 361809880
452 497 10068448
67 49 568290881
631 249 867842565
770 492 13274703
104 544 879182103
327 101 687734917
641 438 75166998
344 779 938451999
394 192 978492269
964 778 770003613
127 31 314314224
382 597 921523577
729 83 906742805
906 208 497894697
130 160 674729708
543 161 28944770
184 484 620449842
492 33 872003461
243 990 482626172
629 726 648175966
521 158 730760170
598 682 752683894
884 116 364986852
360 684 592429212
517 307 490222451
723 756 652074858
183 729 84789119
873 30 146818703
32 554 643084623
41 7 568096673
273 31 49725145
605 110 675433701
800 217 765639447
842 560 912812819
388 929 247595346
130 872 127501803
698 333 577499272
349 473 577992890
872 290 582803712
989 175 981851035
99 75 704574622
876 405 796231827
944 403 451545292
852 363 737255470
490 787 591274050
364 770 918477269
131 163 153046729
411 193 606482664
655 560 719724128
11 184 469066991
533 398 736510542
448 637 926198481
293 862 860528759
731 667 763025695
226 730 600242981
257 822 767860056
550 540 212865414
608 327 253384715
744 221 528368575
401 763 297574560
452 297 158917756
655 340 157558267
609 849 981303570
404 862 849008103
265 855 882294627
444 862 668938921
173 885 245676122
141 40 965841469
684 941 229987455
777 548 150308196
846 937 465282821
816 821 512848141
975 567 237673599
978 708 502970216
893 350 639866675
270 989 762237855
486 912 228048769
812 870 197317977
642 291 753835931
28 269 779823317
256 610 492726737
993 497 485619789
103 206 726932321
445 266 725366896
506 771 608024244
810 135 25806523
800 845 621515209
81 19 830428148
748 191 283930014
591 361 907103347
698 524 636836831
54 816 239658432
265 643 879727013
63 628 276689808
926 449 308177546
252 110 994472897
428 573 690705283
406 328 867178431
878 300 706282589
606 47 779538439
408 338 363225092
802 199 605315845
509 47 974347357
364 610 696371813
701 477 496308161
630 894 421269005
93 357 154478543
443 422 297067131
629 147 397336151
141 916 334438739
853 841 877876181
315 411 812262254
806 835 2135692
88 98 291207140
220 750 328624873
381 166 206393933
119 418 124412231
449 433 218866732
497 163 703338944
679 868 302672138
823 496 581032142
673 308 706251386
309 989 472371265
356 147 99953851
869 543 885647784
451 633 542150387
753 369 599098858
203 383 542469521
134 452 636414499
997 254 978969804
495 279 33230129
812 270 628729175
349 440 207026249
499 400 402635475
192 608 70476683
761 503 438665982
656 258 829960941
350 116 395752426
931 811 742371408
874 781 752227220
246 491 219666842
543 563 165118727
639 541 202822846
670 458 200312361
61 17 194558268
904 240 857124809
430 623 386692337
460 267 404303728
924 367 760890822
372 81 330322391
522 448 584946128
184 132 197623290
217 195 124037462
821 739 63955021
373 947 756143357
552 513 276797928
239 556 794913389
722 943 7971501
203 449 736454347
780 7 574306834
532 324 748805198
368 888 203753428
657 87 268593555
986 275 764186317
251 306 780060339
212 187 326458006
607 419 15497181
955 405 374536841
579 106 202287871
744 490 39171776
337 229 152943884
417 59 313046155
690 144 690566915
732 574 453206067
231 843 104241672
59 42 319937481
203 318 510787717
652 568 63736841
158 54 785104154
10 9 732888897
187 157 937049700
821 614 57543335
180 230 654479215
708 131 462714945
338 366 701776068
41 361 44296786
349 595 455915519
1000 410 665425008
819 396 120778382
644 167 378839184
724 674 853532128
609 66 550635280
535 600 765701136
143 616 624597637
720 66 721747346
586 179 849045219
946 832 682657261
959 897 88420026
46 991 380827180
743 14 598482750
537 832 519715840
875 669 981609883
656 448 136639971
277 27 811731087
732 451 135914894
318 752 919561218
121 403 387208419
159 651 286332012
906 163 250328650
707 348 129514311
796 976 91408124
843 575 90782809
441 536 786905163
279 412 443624107
695 548 801779419
958 439 900087807
16 958 11585567
330 23 180103798
738 496 661997551
595 890 22867996
326 599 404879338
503 239 699500403
137 524 503842943
659 616 240592744
788 448 470639050
770 436 882710783
465 357 154902140
681 222 497582200
855 157 138024134
95 92 318233909
979 904 290346554
765 693 733744345
301 108 780428341
249 313 214753905
762 449 785219385
167 760 196114224
832 281 611319756
261 25 467384917
156 75 533397239
187 706 628227211
966 70 835423070
26 125 440607211
246 529 119111468
29 21 690166590
860 281 34071589
3 850 302110442
959 264 551161991
657 217 709310866
849 506 466589711
555 886 104896163
347 305 289918376
951 361 860488913
17 16 886623647
970 671 512940786
184 524 895354294
586 443 925438500
626 490 613926642
764 436 735792815
437 243 745677825
495 684 235709811
954 871 795142896
883 426 605213897
233 609 537775782
883 372 320778779
899 39 774089391
640 436 3648513
231 146 631700737
287 264 879951137
40 36 890547690
661 312 566869423
693 90 167754835
14 13 898987698
887 804 410677043
520 504 344769564
726 811 610276986
328 683 181390903
362 54 593728686
468 51 121733256
349 66 293636239
535 76 571978720
133 602 842723048
986 520 282133469
488 459 769865665
340 465 810029071
320 629 386739873
825 706 740921136
867 344 855321488
736 301 295108350
14 569 364170619
907 342 428523775
874 211 210540145
875 285 517128062
523 267 66678095
260 880 435522573
627 417 852681061
904 157 192993681
558 500 326552972
570 106 556963534
860 428 375937374
926 514 415054070
868 367 711905838
157 530 738919105
968 621 705326055
371 200 94956353
475 727 163554876
164 357 17667736
946 28 329637460
334 48 963397450
280 271 564913417
977 566 287811145
752 413 857050739
908 53 111887501
125 846 318705494
502 409 943518474
422 36 640827389
458 86 78044769
956 578 416712593
200 153 744318989
909 621 265296799
934 713 945239351
480 465 537556935
736 323 366013218
212 823 779234202
520 416 24523419
496 494 373242224
123 915 814140563
251 556 468376429
541 410 184922873
121 130 185473552
237 823 939151592
467 144 340753484
510 371 455241537
817 291 59642404
366 70 852145502
161 964 233201070
49 472 911869055
921 2 645220366
924 331 484066851
389 1 852087566
328 259 226183791
639 589 558061080
464 853 189562432
864 148 443720680
859 126 288509224
867 859 23547395
136 219 51990392
831 611 792618167
849 695 528026479
57 180 438170798
56 401 847909207
726 195 25141735
232 282 472960346
36 18 964486290
346 867 708511103
866 355 74294559
887 199 83398053
166 341 436770414
147 128 185287324
419 339 423799244
464 193 662892818
705 266 501115457
230 76 590541445
100 67 940560851
811 272 307220135
206 711 61064179
503 742 166992166
982 623 435757177
649 913 210930912
876 210 694030504
867 878 773497982
127 856 393181289
297 78 33026922
869 157 518046825
26 684 498892752
398 150 190840387
418 580 881844382
573 797 973877741
79 470 764451200
735 30 922464173
628 158 983869211
699 69 690821538
599 924 901080618
731 698 336762603
903 318 804685793
873 757 722944460
630 206 207429725
292 961 759150435
814 284 350651593
828 657 778996761
94 93 144239563
702 451 120440230
825 483 627560546
180 418 466135568
845 21 599466831
352 4 694066664
377 198 973348591
493 181 627167744
531 556 770452411
553 674 370776680
209 372 727795100
885 99 179113792
253 189 4546819
348 637 786276018
570 171 197617757
571 942 430866314
753 951 280323764
105 152 295959751
208 23 112724194
697 498 83474447
703 351 648810498
277 388 17449147
116 973 588081571
759 798 608762633
299 647 247291687
757 626 518303498
490 702 794839798
561 872 816481140
621 422 174055640
776 175 352810402
855 876 294950893
400 498 582986143
304 660 736363407
265 973 676985962
547 846 44743031
453 87 479108669
308 434 270148250
659 542 742103316
136 94 195433035
661 680 409552825
570 764 49004876
897 743 937834912
183 166 77745966
748 177 329444893
462 846 258730086
390 113 57092788
73 171 70209845
941 878 630032305
699 645 737586465
751 350 229892524
641 575 300475065
174 63 36295026
920 322 397459915
236 997 339330593
3 24 723650796
136 32 18676079
814 666 100519675
109 23 347793215
457 206 478920971
250 563 506015244
712 426 735087149
627 686 620390959
597 556 126744972
681 38 582638582
405 388 100330753
130 124 182500229
993 671 775345303
103 224 593840123
919 569 518689022
396 587 63703280
721 376 319427231
812 65 427943753
992 248 938085715
574 667 221594182
949 24 185653266
462 188 3813485
649 398 411916574
736 621 61219483
719 219 477916336
970 610 259396951
453 690 726928787
343 167 924750159
263 799 592673966
640 820 143189710
129 55 450350928
501 366 749157760
400 811 603058338
519 609 131342307
872 990 280273173
844 372 507606297
231 939 505253837
570 121 453725419
997 773 21314783
482 708 560006362
789 941 948786258
990 469 567790348
664 517 132070795
205 228 430914064
823 337 508205397
760 491 716974272
773 551 801661948
884 422 457697499
311 371 996751918
392 174 151428988
446 441 196328551
266 389 820672245
676 727 878540049
785 249 479567290
205 743 520218280
184 11 953029674
928 459 72791833
83 449 751793101
756 742 310378007
115 384 670608934
183 17 145893826
546 243 677947927
73 230 363633204
958 288 868236642
302 550 853350548
504 73 218831800
59 190 118456649
442 657 467765966
759 198 979827370
364 65 108094036
122 192 873687376
589 117 39622016
960 635 252423059
945 760 626405607
283 404 510042274
92 458 107637023
432 354 453764547
869 667 102566551
462 312 537987536
383 59 846135300
211 86 93470363
541 983 435901010
424 729 775333969
925 637 462190599
181 196 852947474
251 990 283069135
460 902 939340206
711 259 871764527
990 641 201377429
863 142 51351089
390 992 309901501
514 181 139738539
144 513 150205818
216 201 510139620
720 718 11130637
919 686 521704023
518 221 708503029
249 236 527247774
833 142 93103587
391 176 551518105
649 846 322915201
163 779 865701530
965 433 928797759
263 717 980623592
680 673 718928358
619 9 37944602
698 209 955019963
953 934 880935540
661 12 635328454
175 908 31192155
672 819 498860597
701 176 658952261
717 438 283424017
411 646 130967176
790 442 189424591
378 851 103943310
623 979 334503
35 519 668082115
724 468 514357881
608 49 978142741
205 461 743584610
586 250 151010155
204 569 853774596
510 790 989207269
32 131 108077453
376 115 82924922
328 636 784016512
492 310 435208422
951 134 296935171
419 470 133974225
693 266 545212898
996 432 977072463
121 82 785125440
8 1 390301091
781 727 420777715
671 175 54521747
594 140 692066406
859 507 870737183
425 67 276713386
901 418 874849735
662 541 115186912
379 346 61337915
880 802 749090450
389 209 716187698
348 242 133804264
127 423 415208749
813 47 747141258
214 535 279941170
523 177 676414741
625 553 901533488
372 612 362681490
137 932 606973039
430 611 447795470
857 633 834772468
572 441 882737821
799 28 184986124
129 382 767983071
680 932 921189894
586 719 256201983
626 149 211968253
830 948 234178409
490 661 936967420
150 29 789398721
901 360 613235083
839 815 83306408
948 840 343551097
229 196 671402859
813 263 222231435
924 133 909886406
376 493 131533115
920 984 505796367
118 112 957985041
478 776 857932634
760 901 488346880
794 314 856849417
492 937 257197498
493 483 575164803
498 367 608838904
406 118 609735096
444 12 746092016
759 444 834336796
29 61 951307139
705 341 117992108
456 659 728558992
875 712 791520671
800 355 915348420
406 652 230700999
940 710 154101096
402 110 606986991
964 287 987028512
296 235 705311981
591 792 869118511
257 908 408582616
161 59 372221133
474 966 322995796
95 506 199611856
227 880 689930110
626 390 91173306
613 300 465518565
302 149 874327024
715 307 757497377
105 668 968160271
583 245 951893708
437 13 149671813
454 21 26450510
663 635 393531443
383 642 386386455
823 235 67301934
968 669 732187582
552 184 608457043
960 793 560873728
266 49 426258798
550 305 988786200
73 504 385293191
458 771 244633362
702 935 767706802
709 373 546681537
364 478 754892178
540 8 128500933
25 439 888361017
214 832 625335898
41 577 626100648
740 752 638063521
381 681 295245215
251 281 885937360
807 440 552910691
471 457 183248217
617 957 663531611
407 213 823798274
579 500 747483397
851 845 501076300
510 648 858418564
753 934 697640687
4 824 725637066
456 227 744622689
178 83 311805513
700 703 564529090
202 35 43438527
256 196 237473803
715 258 359309229
830 506 698648164
138 453 871828686
153 108 798724175
579 509 161886075
244 556 188666532
860 608 549256411
453 413 590514760
555 14 548666357
849 812 284421576
980 398 653081807
631 926 271551601
218 154 660150926
77 45 864600082
829 507 977886322
637 347 868261178
947 170 259664040
449 137 951846147
772 710 639948072
828 617 198460919
785 715 758569640
524 237 863016029
7 148 842585190
799 253 874676808
5 565 103249982
60 31 457417343
800 561 977961028
242 933 472082777
483 173 772985383
814 484 670788338
881 68 113992891
66 286 104798714
230 293 729454435
952 976 212459094
234 57 751528479
985 585 88142122
354 304 607110602
678 214 949764722
670 352 767228632
397 909 95315425
499 455 339022434
419 370 85966698
159 481 449572050
472 614 842387347
841 248 641354735
51 37 216403266
542 365 261706397
82 476 502186588
920 323 853356307
912 715 870580401
210 435 846888751
418 657 915848329
7 3 555464437
365 390 913469710
899 200 614264320
55 706 184825606
549 449 413837655
567 126 670508294
219 709 633975487
67 23 498725126
745 720 686980574
739 40 134969539
197 965 807573382
934 689 137637805
846 908 982785579
407 256 257280686
727 386 129394298
315 326 676295729
488 320 735148862
11 744 454646846
690 152 808293128
95 92 561086807
99 672 314470135
393 632 206389412
546 840 156214742
587 414 318230754
348 414 190157069
230 761 980387779
154 17 196611247
839 717 456051028
672 732 205127077
173 61 63266650
350 678 344421945
776 457 720175
394 568 669395224
925 671 177983581
754 491 57109604
945 456 897911783
667 489 891670005
312 379 356007902
702 371 597020422
684 689 705025019
238 73 480198809
415 100 286819354
539 12 922526564
858 74 544549231
55 601 45512899
854 510 128809617
973 461 170566137
570 481 852143787
452 208 590182705
822 540 76451439
175 532 370697456
642 999 307912332
490 59 362595329
101 61 135314508
504 550 163553023
633 582 302071792
409 703 767003861
611 544 919725974
505 451 449378600
51 225 91330881
171 560 294693271
88 748 960091726
645 608 395414680
264 610 563675350
303 206 146655115
381 316 748387258
50 836 288376590
63 384 81467853
194 548 779513354
356 880 704624393
849 11 685413475
786 264 979294584
899 206 266932092
372 421 303366052
301 506 416104776
572 399 120911566
588 906 593235551
85 54 773657894
874 567 45143619
954 516 303118113
961 571 764555504
999 490 416688437
313 663 894227452
841 193 924932057
705 109 949495233
442 742 690203360
649 402 106350256
491 409 160009483
240 187 917854227
252 744 871546473
746 616 920326786
199 783 714527694
660 489 292729541
816 988 522393856
765 531 186571091
816 74 93102407
111 3 825011683
943 708 455516323
908 559 419582537
445 769 507997379
344 241 817334904
347 897 309759661
298 919 616621886
112 804 315087258
314 713 219018924
820 809 340894891
472 973 681427341
117 632 238992933
345 890 970064152
761 386 162361087
812 454 838727084
597 840 420988353
957 214 690279264
174 178 709805474
989 833 398177689
372 92 335964084
428 381 337668002
951 90 49717169
771 619 885757597
72 77 986439657
848 126 232012239
846 228 831669695
764 648 693322438
616 249 874698383
269 142 54058875
980 198 9008051
817 703 604732657
694 583 271101503
911 241 769830387
126 76 968816259
503 60 184424327
776 658 863209223
323 287 723454440
332 494 561176216
14 464 182613267
166 119 177895983
91 85 930556644
322 765 284809956
601 398 65599432
398 279 80481398
456 19 622864579
812 483 666909276
109 338 672491174
707 332 400055354
630 816 555252385
992 769 720718326
732 788 905240074
458 86 665383804
324 193 7860876
645 230 853461230
293 519 979582857
659 541 665449985
336 215 478318166
685 793 523153706
473 114 609043401
853 715 761811326
263 616 22198243
47 743 936495299
413 384 121761567
917 144 810343625
810 265 380055718
96 140 971021874
158 371 705198198
277 497 402328553
474 210 761405847
838 35 644310155
465 543 32292503
196 68 96077143
392 650 126392335
892 782 649788885
159 809 158048083
615 307 865491307
454 138 745842851
849 145 307519361
688 508 481837102
873 443 935614131
445 189 924647163
792 679 88013086
78 706 360869972
411 35 207003029
37 511 545340862
796 174 33105344
692 164 923078624
493 18 324523888
521 217 665701784
784 60 272962754
317 278 127216676
359 19 330107593
677 938 824491565
949 125 922771143
863 958 797617421
3 480 235513314
252 53 527284320
701 795 514133760
326 167 665460289
333 236 356557862
976 414 282767005
380 677 135033772
600 920 938160186
742 588 29768573
131 124 778595185
24 409 52123253
815 66 720089748
507 159 29705891
274 382 952959214
5 3 190863408
522 950 918111492
460 341 889846394
744 423 618808859
937 743 913631871
496 962 503030199
599 545 836062848
708 276 587320772
38 389 322067932
141 89 895136739
340 371 116921236
461 571 563898556
299 237 696446742
149 980 53066854
864 64 253757196
687 559 577948498
320 169 340836888
144 117 172596044
469 664 745377251
294 415 189242148
672 447 950969313
515 142 464854884
638 216 541866758
515 106 465093494
23 19 546808695
807 389 239158599
778 599 321701077
23 919 187266388
198 15 583875731
501 617 888174819
794 627 355211622
263 703 811047700
292 473 982844890
412 228 993547573
271 148 650321171
202 815 71743234
72 460 410011651
991 212 265457361
64 823 761462915
973 133 477974689
922 395 77269816
653 598 585213365
20 623 540467368
764 315 921561507
557 216 665289483
182 277 119597804
333 629 647436003
316 716 206889527
291 282 792494125
743 361 888556734
139 701 207215534
671 25 77548244
681 495 894850690
395 272 484388856
373 70 556443317
409 186 763062257
132 1 433863789
713 551 985500866
140 427 489123821
819 435 730955428
704 208 866788176
467 994 824195322
207 177 188522826
911 149 706874565
567 178 543385061
867 739 754040968
903 232 860010024
978 515 289636940
680 380 185867464
580 321 10871264
875 803 596433368
607 126 439083003
2 463 416128440
910 423 864571525
614 746 797839195
780 187 231820718
741 962 991070339
631 980 858750696
779 292 565632991
326 82 787534797
297 403 519951957
395 122 784439853
326 764 494120803
255 21 716758665
775 789 834461357
545 119 330577998
153 732 498807607
666 407 677155083
458 130 274441824
954 138 832039686
924 264 801125433
599 100 175668727
7 590 93503657
266 902 760439865
599 617 626596422
896 423 818182266
495 260 122218418
696 133 180627891
164 849 550312688
489 183 150273095
907 669 64844270
627 170 516324242
646 557 586964353
279 251 967442694
691 582 187986408
41 943 357331060
19 298 262567153
921 544 942421343
643 157 539110875
404 447 188470625
463 697 176470124
806 206 338129943
833 120 761900620
395 919 202629051
122 615 906422402
762 202 99054198
901 138 842940888
113 40 741878836
42 404 256982517
414 474 347447319
833 163 51414497
657 705 291095505
965 941 362336859
956 665 69065879
640 540 958392752
555 401 19423862
458 990 804984282
226 221 907414263
589 459 895676591
125 30 296156709
467 392 623385268
840 869 30650971
322 50 17149957
237 877 528234285
135 808 778704042
141 314 652362818
876 5 673954374
857 32 674350743
703 325 641760065
774 498 459023384
992 489 474060558
121 437 338599090
562 510 42444468
601 666 109944903
689 698 184663383
56 44 232262150
589 852 466453955
237 211 541044231
369 1 131332317
45 5 439921031
358 542 900623406
632 462 254355431
145 23 428531058
98 71 798928618
388 972 165912908
280 840 107787781
720 729 680755865
955 757 953003652
551 785 128210309
186 95 596667912
739 688 897242839
465 454 917656286
963 544 237326634
544 740 347350035
272 31 884939154
220 217 610657282
4 471 203224679
113 704 932769454
396 299 58006682
692 5 986760999
155 172 163240778
589 873 309299829
661 743 38646364
55 459 324197379
997 466 34947906
827 418 519757353
294 209 187052675
862 460 810936368
313 670 715093324
601 293 325191140
906 995 984685502
226 761 363957221
3 671 296835220
21 633 72093711
475 845 807157044
139 472 780612614
634 424 142339994
689 510 596289743
367 914 279865278
449 969 225903608
610 102 698539708
934 311 892073191
678 601 388286311
587 605 860843
809 127 292657339
483 310 115928267
450 402 210862830
730 353 409222373
341 34 90018107
50 296 870344171
288 385 55964229
708 170 115105584
725 597 160713251
252 428 773811814
422 247 561967141
899 497 862682881
612 221 555208782
965 102 544742175
742 885 857274149
310 939 557453329
853 424 289646961
554 602 991229758
953 307 918405951
95 822 856439397
648 356 308550786
415 872 406894684
189 248 279081952
514 923 83511379
441 793 441490498
442 392 651441156
658 126 662462435
599 141 333351804
413 557 330850225
322 817 30920941
256 467 595023440
633 73 876167477
118 627 123772079
527 294 551349431
304 243 199564498
715 250 872972446
756 916 758727052
66 365 694088941
538 108 79206038
65 20 930093677
580 676 128107524
951 133 881224302
720 629 309595537
89 437 10974435
635 952 203241118
59 510 672175185
407 692 982751050
673 435 939619344
162 84 620301545
766 138 755675380
450 183 482555756
707 187 219300332
57 563 399571181
436 178 630144028
714 67 248537943
82 575 309530925
69 354 283649683
82 885 671175665
56 39 922944653
661 748 485516072
240 545 583936833
190 497 288372896
743 247 454733132
927 541 609369341
512 687 707516640
462 216 515230642
247 180 442194121
885 665 581927047
193 676 552810793
68 91 517286434
951 403 428695099
302 517 887714906
905 597 84161838
640 532 963568246
105 48 859970293
538 365 255101645
197 53 3485018
907 861 757588623
487 394 166523752
473 444 388279738
754 472 726947219
264 104 791788361
374 627 299684823
22 103 967397382
793 129 725721341
139 28 486891692
921 336 474079355
252 66 29586860
384 644 639944975
257 25 25840701
917 475 911645787
267 246 651316719
354 550 334513179
281 878 465771111
762 653 350454240
243 903 168159270
381 142 883943502
630 981 555035084
558 559 191017958
570 966 557446993
245 260 648042197
329 565 249256730
822 249 62009096
335 232 460347154
131 397 625883958
693 172 543871005
662 286 39932407
888 538 672390472
758 466 90383008
668 132 712082561
905 60 547773490
445 971 612372936
573 987 463256874
932 327 834502297
874 501 36422384
265 810 98933968
652 978 939488709
865 913 557577688
734 752 523937104
812 922 346760124
826 442 464220771
174 394 57223178
357 193 550512958
744 848 103677425
215 111 782884860
425 30 180530435
766 650 123254844
271 366 870851758
324 285 545317142
296 40 668128978
600 446 206917133
911 16 327835964
638 495 709376989
957 606 280231150
806 965 115375947
604 517 544133116
605 72 556061801
993 694 848336784
479 948 653766332
886 668 781358280
53 44 383368677
860 190 295121021
942 822 479107167
922 156 588026729
380 605 602830202
596 357 586806624
56 610 399323121
590 31 879765517
511 400 400527850
319 399 235257711
414 710 267706733
969 943 775405215
93 525 719092795
233 116 894579270
395 117 531540153
580 879 841670906
918 739 134279573
804 869 593977952
304 989 992311334
905 670 105534167
390 692 460192206
125 919 533502755
188 572 233280571
940 272 496443089
332 742 910880281
512 981 998803252
411 645 773947857
370 191 724627552
694 425 99135201
915 185 968325116
136 887 607645249
331 284 474157437
917 15 655846455
42 919 494280984
298 662 742895851
142 67 706131074
253 335 991950463
229 496 334989635
693 223 667763177
932 628 77626382
652 625 547930160
408 444 987420399
342 417 629705775
188 134 210995386
621 649 744812011
948 833 607301841
40 434 880973146
612 327 727403432
659 702 16391768
955 282 513455729
948 29 986697574
151 745 504205683
749 35 348032869
775 305 190618095
697 628 337160012
605 134 969884681
147 441 963574118
442 972 486471141
197 451 868597159
819 964 238459439
772 719 716686485
478 743 127975141
816 746 277408926
989 656 871818038
910 878 285910294
865 716 881453559
929 520 516388414
643 652 361359362
683 530 515084175
584 475 498033177
903 775 371112163
729 815 817883665
283 193 982632189
29 762 489267518
683 334 252466736
451 167 194844906
14 374 98908322
169 246 487561910
308 159 199673859
162 548 574135870
533 324 98231412
432 837 152815953
998 592 879106997
738 701 735969251
367 73 807305947
777 58 131036005
820 371 654743669
42 227 425569891
684 363 605375331
366 638 705255353
219 15 146190134
870 864 514632864
618 86 822827143
37 521 481884496
113 755 429787323
512 277 158328674
74 8 344786168
148 727 94468004
541 96 864294937
420 664 939380680
171 927 5066073
42 104 31235591
470 755 292274882
212 371 635371368
481 617 615099130
853 447 62961122
660 966 761144393
585 206 417768161
478 218 252661742
290 236 68673507
956 573 876187511
156 560 586321658
573 189 92684995
307 46 870829408
147 693 932889784
976 846 880243545
317 214 896683169
178 171 215522826
156 717 511384528
183 970 710529728
25 762 197399330
747 285 434485540
186 733 196440158
447 543 105753380
143 33 860985406
779 296 117615044
619 986 162090658
730 557 803419975
900 997 253347134
802 415 5931066
270 236 610840223
283 414 744497949
181 460 816254662
441 230 59162618
187 833 165229936
444 383 41117217
903 257 506384798
20 7 683801178
20 154 83615305
654 850 723923047
687 536 694110759
646 308 574584975
492 854 477209282
511 269 310526788
646 639 45470492
488 998 358014845
683 139 829843737
917 623 59764407
41 87 882149528
444 302 280115110
622 58 937645013
767 375 732978032
347 759 171109711
831 743 661062321
950 311 820560896
443 129 666631123
280 1 987948720
965 387 870095366
212 588 554229949
129 677 599751717
409 402 91856814
877 372 875978831
681 647 895649498
823 463 94207726
402 373 119943752
885 20 754957752
934 213 417564990
16 817 115587914
406 655 1992903
842 821 86673648
576 951 658695654
436 476 818146464
323 116 587916261
746 41 310904464
798 640 23531460
651 398 722504375
168 842 942857624
344 241 831040952
798 614 158726372
614 947 816796043
565 849 504680302
322 221 149090096
51 541 300325241
957 423 587160827
96 202 409431069
520 62 546803317
423 603 632572480
398 10 809922417
610 26 104629229
31 606 389543261
196 612 526877875
9 632 438495822
130 632 878654066
656 299 643169218
334 747 203901048
364 710 156695476
560 344 369343863
459 430 100871625
58 952 81849718
471 869 544672721
118 537 687969424
332 488 365650647
555 114 809964294
683 544 455851521
630 453 520105049
783 836 7139720
860 418 142784413
629 212 643618772
122 724 325196949
517 110 837986239
963 863 831573313
251 110 55599743
688 11 613059918
596 856 473337179
584 317 505216398
860 603 804467554
496 661 316167189
709 46 392517595
408 614 750938684
674 170 574354635
544 862 461164375
301 395 738314974
847 851 121471871
375 201 305704871
349 302 135910765
764 554 463602050
613 208 1030438
379 706 569441887
150 593 762892830
293 218 236971611
576 840 22127924
583 236 211137415
349 635 956790684
118 188 51493388
792 165 59888311
537 634 832381827
112 596 100056581
736 262 759886326
60 115 595127758
21 17 276010319
946 916 927879728
192 83 63449497
116 902 11949486
26 245 615109575
361 755 51235789
921 684 756730501
284 875 298364640
240 530 336943489
84 7 419707067
247 105 724583328
569 231 723752529
285 335 525450903
101 32 797847374
546 235 226044603
74 849 774739780
705 451 958759375
288 595 384793401
675 8 466311731
919 436 5780457
976 73 580277793
879 179 669028566
1000 692 199250048
204 343 22187203
904 787 474043631
450 343 409008932
4 1 817492728
849 460 724716777
118 343 565130025
545 273 319250145
404 422 398583561
610 146 791856078
93 602 973691318
33 31 881333804
219 506 149701739
806 67 412735986
299 523 760990563
10 213 367598598
740 828 321002790
969 360 254552370
369 74 476984783
628 409 963063768
954 425 187392294
999 104 715991497
971 473 541460178
493 141 753015112
503 410 754361571
754 10 321685039
520 534 721328855
366 63 694355504
711 211 964279980
866 185 728078049
670 462 595898516
1 3 499585712
868 569 573254345
624 112 271054907
820 133 35167859
53 354 441505319
79 51 535664039
396 158 371438500
356 124 82648556
746 989 696221877
202 689 982464379
252 729 873158911
290 82 117858254
348 644 57098761
157 717 72854885
317 66 165699302
564 972 473643250
970 344 25408324
69 44 822813169
315 250 967780612
704 320 735823957
160 435 389219454
110 645 792256887
590 564 590836639
622 744 358046532
371 363 745380624
998 345 495703446
757 329 205529099
647 565 854009316
741 22 741287993
74 703 26121148
153 103 716030918
186 722 361303221
37 25 738857886
495 152 85349998
50 281 290410666
437 633 293933849
250 877 607929336
64 998 278732516
713 386 987121081
135 690 397942395
746 824 863540349
299 97 421137
379 461 48779948
653 985 962715772
526 883 9967109
211 660 919322493
190 100 708381757
849 570 202018058
428 174 928149265
645 308 135058058
938 850 926160207
672 532 180692816
576 728 826006332
344 202 238182423
20 482 594802269
840 62 810715448
699 494 480753468
106 475 478318111
13 10 379616473
464 919 80387125
964 642 869557834
831 606 557093926
133 90 688344284
306 576 174037081
683 424 708236030
598 279 727149822
838 912 962235875
410 535 913442526
284 145 864083017
576 407 816481536
812 252 400414339
601 448 222133679
551 164 832777094
637 453 259875340
895 732 1040038
665 618 332742406
25 896 158533705
475 959 626515016
441 844 306479432
593 333 395896547
379 803 848861949
161 144 407787308
418 175 311739206
345 162 848659042
645 925 861218884
384 936 62643774
553 103 539225228
239 366 340680084
541 995 119095253
665 605 7975998
434 643 622230546
245 308 147346519
413 327 750062483
798 183 273256342
631 556 195462676
711 638 540183136
204 899 985497116
819 823 543404950
804 828 862676045
742 847 442842328
981 590 610347523
959 115 63030738
206 134 873294862
847 813 924428137
931 418 535809610
83 571 643017778
120 457 212636407
204 214 576802070
868 933 55574082
56 709 938257908
239 59 363112617
795 533 200536251
748 231 430190453
523 265 776742834
475 259 662566403
528 37 499478915
601 832 87145680
16 6 890661155
742 196 210348823
254 103 686313358
300 728 105963164
588 706 917137979
415 510 506941551
594 490 129620011
198 995 68895052
542 200 437084222
874 179 911413452
225 167 763678310
702 150 631982076
775 987 832328274
155 249 386269157
929 2 391101825
775 946 708222823
698 936 366425634
591 942 969573839
393 377 217923862
354 1 394064054
562 503 335279896
629 169 121775329
172 41 163050474
936 518 584901822
952 365 150645222
787 182 802116669
160 257 991514158
520 170 533186858
572 590 446389154
264 241 298308075
274 257 437465638
536 213 310824999
408 636 755700511
895 484 693273227
728 569 339389104
930 34 366170119
537 152 225126424
74 125 410301347
92 262 321980355
791 680 757737208
177 382 792896259
614 893 248215337
244 900 760358590
383 11 541730692
969567816 868504319 130567532 445309882 125847909 147935587 250005777 827689258 495735486 882335343 242570036 649882798 670266324 273706040 461238671 535188467 599436891 542170293 677557702 242583058 628339305 182277507 324534691 351722195 927913602 944581434 609931807 731556102 516600306 39347706 249165767 320105489 506843045 779034927 803432197 775876277 119918731 297006414 315990766 786680567 576255017 955043965 940663549 250139705 343505577 692000920 488287360 222017666 879983497 84330182 237883972 632213496 667965429 705250938 810660301 479516169 876662573 750282717 546452027 786252761 411450877 137741083 865046378 207290144 120280918 109725929 559261876 834290975 904816825 885714268 118612987 70462473 218362790 21825707 473850301 118867824 36829107 172206222 389119703 616603722 55610224 714727436 463738296 968860697 194252118 257975767 77928701 826354758 973202845 134858866 601466337 832899880 321072059 112585242 248714343 788687610 406426841 649560412 959074557 805611339 415457916 790950912 859672404 841490600 958187670 898237241 271115449 181795477 258167919 630030533 517058193 488065043 194608302 558065967 673352230 936265900 867238555 459397227 643393636 813868963 4119175 228487870 756104165 143026289 746824534 981840132 54817847 168965703 836698795 141383902 437232785 903917556 699671093 782355253 70412416 138023396 531562499 871571748 508568802 961500493 642092717 296660418 435329458 16483159 838607713 712993367 454984413 294209080 972764681 289100172 842091012 44864915 923366288 221177494 486455483 96734915 687657840 955199682 400296049 86265831 372927466 285394112 158930837 439948885 400732527 834144238 128853815 47054618 707230864 249489262 948154685 718867007 701280547 897154388 77910263 528670255 958479185 48854672 405114251 536835598 278876011 118839697 442751681 121760965 800388034 688494452 393853595 663429009 439340012 698876197 908302076 662995499 213074408 637848156 356140906 210198568 200960093 814124077 66038005 73025630 834910601 466058433 563051592 98357665 882560247 311690112 24810119 539693442 817948931 726677312 985844858 224816184 85780526 895358147 799932488 410205436 811440355 109067845 666057612 154224163 819395949 611533289 695449518 217587494 311627206 981284897 428629241 743089151 509862129 339717014 639663167 195532491 156585866 246361503 891352681 344189823 807661121 591322703 387001556 837560492 862331225 180558138 652825066 154156635 902426161 561614925 677648181 813044697 185317 321652179 717566225 781671856 934553441 383395029 205177162 644517627 310311508 577667930 940068163 77951839 926984472 529653405 149001501 485315223 415004390 878448070 855701312 294722189 162768458 80328251 137556705 177232274 63318788 651154861 193037289 467343653 864302498 389652309 668447577 158441772 153584653 709693152 818488340 321733929 269959106 44915188 178330320 203684510 601545118 351419363 668018274 327116588 2384432 971218856 693933816 776789934 594490343 114784076 52340417 812943073 302793494 535309785 786125821 460500121 591953124 277567485 883976772 120959307 455000135 686700475 807203944 264921596 527353364 837866613 631322134 22949449 516218455 325493094 279126935 926056791 72332359 485319076 942616511 500620821 990216033 591265927 588722797 641183066 488986260 196417399 954442366 880518680 808613553 783475381 723163748 291227936 88666873 661084474 504455939 560931864 918768532 228800708 829315390 701026130 654204865 260493668 993266083 295862518 472432604 723287403 938372219 124160913 629277480 732865450 117682776 596263142 959592539 516440043 247822621 896781900 542639121 330798158 787035802 576529998 277559330 480959653 472292833 938415703 366777858 468967290 21841005 247631208 508645728 866878950 916139255 708684942 106532050 909922787 430897907 43365125 981258885 186618963 274678040 36833986 502254163 55265265 972292096 600216504 227180743 271502521 252339089 758934843 834464839 804910579 709260407 825741529 968853555 742947292 57247902 725423946 473968978 310715426 135687047 705075887 706940281 483150257 980552914 147288669 523286053 108743178 63957432 959650085 597651162 12931363 755995127 207286208 942146818 282530138 597780138 426257270 715402812 458448657 130906719 55582088 737811066 458838167 42228731 167885170 103162489 358736745 81485844 682615324 52463212 960684146 269257025 302440013 168485951 705109668 926947132 250891934 536681727 658407550 574798299 28899237 600719254 692317685 350208858 382315542 296347754 118396925 370673907 479848350 949837705 39783029 361759843 332115976 428084800 679665518 311204662 633310407 624647531 230000769 257076634 399329563 715574152 893697825 226203995 855531067 11461010 747723950 461445948 394831163 412602691 491275209 386445772 26531940 941167096 681004100 993036479 334362221 147692856 354171854 941918129 264726486 862169663 223468831 331452816 658669850 311026723 317068027 869584328 353318179 605489286 111581616 353484151 84148579 266961950 939854089 809761400 539451229 607569351 956916536 440485049 25849778 718787060 784387959 40989169 455763300 454565559 44720951 744537957 554924870 166433620 729995505 483650289 508331906 483230451 526938344 631563630 746257363 620953655 176143549 548669847 940794877 102575428 833953858 787742609 367739349 849025095 461600328 351280260 926486195 860139066 408646528 621053093 871722931 878803228 136457189 359578085 373149560 766273857 509904214 37375685 364870114 952591529 379194227 802587011 858361382 702135766 843312278 118994288 321060297 960585325 424752891 688680847 64021807 460627420 566994123 294195074 374284748 206167305 262171199 897375964 464164173 215652794 338810508 200733292 423639608 128399641 798306351 37919314 235032255 987516347 103582229 668885954 955778374 583179304 684297128 277548735 620128708 499788393 347866417 97702905 370732480 657511433 413210052 562177567 170763039 152219509 488398142 188976908 112266946 157710956 803498540 928138202 782638630 352961333 646315150 764797601 201859355 388169002 373742031 73605483 266876030 177167851 573714220 370203105 240121569 708576154 238760246 606884005 382200948 518934851 259071454 71022996 969047007 592005546 517649421 851356481 836410456 170542822 244291447 762188781 576708064 179026470 381719447 8766704 485125331 3286155 715324532 133272880 633166109 447256242 294170004 117897726 850247850 880185794 83124376 994613087 124161376 535632154 257755914 56965063 671871397 612083328 710513875 699022478 710211413 650238678 834133088 207202327 216423185 578261112 955305907 590410318 587594618 645249086 755244638 317642855 737977697 297041501 28887116 343985878 578578426 896597961 184916524 927060323 631978901 333603420 353836682 545003116 986512420 157336141 844656433 72609591 192279889 851419892 90259284 44289991 826360205 50474700 639107688 978683961 620565358 653083137 966957045 896007712 54292573 983806964 100581317 659633151 641242815 464199739 427340422 601057400 613362983 433900744 13692062 853604372 286914868 767368724 551684061 102983058 912686672 843408035 116833996 346451937 738428248 515550463 85553414 868300612 489213214 24412384 340949103 745570426 459884214 346336185 805625459 83693546 181747853 177494142 46472830 644974970 488843065 142798604 204287925 29861077 312722036 994140921 993320249 415050486 669870363 937068437 824310979 402791732 625108035 593163048 501631224 201584298 922565072 10999145 508082770 383120835 859697175 235972636 385484006 125365163 838011277 433416134 997557525 194093 646502845 614666333 789396071 345720332 856406710 649999951 503528805 806767238 635944243 488766640 865490063 192805090 596362900 38495846 969945113 830684885 830365255 631590047 491783701 398999643 986920246 278619045 109936538 704452700 497212584 306762803 825736356 688580438 910200015 892534812 400999756 423212477 671633722 145780915 532031151 516882315 133013605 855304542 2884848 708276709 32616242 361165668 363833347 241640386 854318078 169726451 773399922 158324414 877443563 478662665 115293181 231189048 583436988 551356261 605163746 604861625 547690520 639769377 154079402 394468513 767728959 928258191 549254160 553336769 783573539 911148447 813100463 997505749 844451567 723414251 458561573 111997449 263877660 284102382 172320244 988558285 818096115 394128185 667234185 790180793 922662665 414752837 146880246 768749289 266816213 276866805 581815352 688812583 430888846 496592531 626712373 329609924 922917273 261721735 281374139 853132354 977775379 585054441 727156082 273346041 95818520 614677852 960538479 55971464 82164019 969099884 934071450 719577230 953956130 303359016 362900875 325019472 870551670 806902984 534329520 827026812 193924436 998523064 519424114 884403325 604560648 450030839 256573060 699113667 713990335 255796241 141534401 106478832 982700861 786792588 799083050 108345461 288548490 692573175 132671766 124235656 367192412 993649351 302904450 420278031 48244360 303832540 885749834 102072319 676856398 272691153 6449034 933146256 381075631 991491490 809979467 655935621 799547546 698595729 201205006 981715751 826694319 255372805 212296009 844475468 252055133 479641388 562953123 58640209 463240975 766502283 66501805 732921686 363336246 53436370 278654620 479567736 215804837 152773365 785564801 62650095 532224619 694383747 6454853 261932766 21231985 430719119 371558688 872207239 880302636 633310433 144364723 459302889 937418754 933635440 348855582 100373310 905011265 718003355 718720467 20347615 720045521 494112605 780365238 601431679 541646888 815550334 717733598 500055941 74699520 947359044 857083757 353702874 338879866 965883562 581542204 817917367 378215698 895686837 417364586 912068992 472649033 301310649 529622557 444834671 942559884 317871441 124115960 275114277 977274899 18161143 496980087 517974113 387580569 539633429 451277375 792859479 562619950 54922933 768583458 273222371 687778212 993584150 728343423 793206002 707387285 896983208 86837027 429355009 808641825 91710821 824451487 312297901 888765991 790573979
316290261 644936887 342296782 443624663 309939652 632404902 114618588 107692552 533401031 392680865 978146728 701261212 48014235 649397732 754150751 478349946 149006626 511782478 624472093 599767971 30200567 635757237 83984256 78505520 75493337 875705062 550576862 330105682 396721122 39231599 811093566 743993393 941437905 384689463 195857734 676209492 900329372 626665408 683539220 364550031 88168688 472577953 790343488 468323125 534907483 886245696 311098557 294024503 227178429 159791058 20369515 828905041 193415921 116336325 954163488 389962404 532867483 815553948 355269070 2561063 365070770 238555112 417818380 204627283 928895155 29198426 70594326 872287099 84953977 492384598 831100134 877576391 799971833 344565997 242287884 428362267 547495046 137651984 387960239 223677635 788456022 603180711 338003277 624629436 657432573 268813820 955657484 112627083 380673718 676037751 407422271 133640223 254104179 459029699 840179279 649270505 141030316 496934899 650330316 717048084 253491119 798634090 785816092 582297237 727669913 143633810 184636825 19724453 94306874 306401393 57836446 438144945 904271642 876649850 892242734 541729182 379002352 828071376 338130773 771689027 193695118 47897044 293653537 993376693 785728425 637296306 685689066 733511225 46707909 210271979 108450047 989888177 508116259 87725485 131354227 943813955 947303798 354132011 322253678 827784862 30977434 315401802 17361382 19827144 749460930 975611244 874827681 88380204 156785607 154290192 256456192 76583200 495787262 518485621 581480178 502700838 299784758 537190354 71766822 209146770 240140650 298447575 724959095 107646277 933210545 390627430 587593392 94590850 978226274 360483129 239437151 748412098 751509770 143543052 227933295 964828579 714168954 802947943 371952608 321634580 679863881 57057127 286780527 185519585 536927479 735956997 658599277 539794290 494025336 214774264 274839783 248823905 501222420 822324214 858223165 954468384 530012257 584282248 378513723 453664187 600271958 954972345 97414773 918607869 958927514 336029867 744073061 687160074 175758737 834768947 593145368 485233196 819695838 336465866 731427741 502492045 691759642 724317456 731280437 556913362 274275695 236974752 681392980 644538366 123134410 862774599 748987943 768105380 996574181 798623157 49331427 436734235 537970918 96556778 32840899 162918263 538702590 250639663 522064927 302246293 465158346 866933313 975337236 358451658 65047276 495990147 307078925 715504441 486580496 497865653 751623010 353305156 237622570 980935490 233515999 123600087 171691257 960263124 192974777 413230785 128452750 487947322 596694579 365797129 147371193 13941149 570008057 792969831 844654932 179555013 970800726 505227618 108755794 238824834 352707104 117654079 170445963 403195513 563761327 119289775 994032875 184845758 485822565 108545905 975666644 468887347 64101560 825863405 652445425 784719151 839239407 306741484 826324879 205823062 673445574 638341408 741554349 296663749 629451942 87853497 369477024 317988040 192822086 787084616 276500667 128169464 223467216 77807058 674945242 998827532 318968917 156620841 942187694 161441258 884472340 543909269 637554074 790355869 775423815 117793336 231054799 435648903 631208935 917890390 834868022 300716828 867700940 920169588 940586168 611097682 640785710 271298735 670304756 776646947 843848803 629875927 690923845 200370406 163053757 995848309 958495114 909670223 12772861 541358125 976448717 253578847 318203191 935134830 183714836 234175765 10777459 81447543 982634989 692186028 901765344 925102999 282802518 227064646 919955806 880472634 744114115 975898729 318561989 546027913 731386582 509763494 285424786 554051851 174890449 126297201 841185848 133840303 596425090 255290561 952547279 521733232 448517034 835936402 595235816 505199855 270302697 135699376 677141146 593499073 981046567 244086784 199110027 30028702 178506496 93497056 736416102 364765383 995386858 167224405 108783747 112148566 810512108 758283772 884573118 482613045 176602208 844442203 193113929 752289415 43642833 812331423 238384781 61969001 736326824 958011078 792185679 683780829 965178608 687911222 134815440 264178101 662115784 370624221 816658638 949019185 645772093 491090040 968315101 251239278 135780909 24002111 243025262 135994613 748881808 435212077 194126812 206888734 316675724 416839036 980846032 463704357 863542617 457478227 286756890 594441771 203846161 905366769 899924745 686157348 837769854 596828608 546489947 706154638 131041100 818037828 21842381 20668078 31290659 263487695 947566420 762429615 826564187 652199111 740433038 585038193 508238967 857518321 374567843 3336051 311946150 936166053 968382148 833157549 974951046 438727892 421579968 356839777 781962151 264552679 42719477 825185940 608827818 860730698 16656710 393692635 397235957 289584760 526261668 249482704 387603649 998190819 946872458 529162362 823705768 556326039 871775640 314680755 964066253 446511802 24051997 418268123 537246262 876696951 450487500 880266738 164808186 39876808 104195676 886524074 684791113 223018110 717154392 139857607 864499020 284642979 52760005 156455564 431985373 308394919 208200998 190489878 405274295 2963533 502658301 312252597 687467793 50768189 585928498 543633101 985473782 523427365 331756262 428287478 326926705 565535455 49941836 738091721 855441593 542855584 199134521 382803365 246462530 614504939 222505722 357505803 348306032 202265818 87632090 572869346 904373302 639932638 711248007 786082039 950437975 388144732 921814471 385855501 596770973 88254843 217536889 886614469 362431130 374518639 548496604 930053381 392195337 897370527 402431469 333701135 633217378 662027892 270105417 951028521 87020686 524362628 56979357 477715459 447002835 858963600 627155758 726135604 497704462 193269369 560060927 862157359 585332527 363634364 938407901 772035822 923343946 962918242 176760259 276635367 551039365 266774681 202591887 796282047 537826941 433008022 897724179 921104009 314201338 437278523 780038260 906205429 848224039 526260269 15732237 416568508 537731682 985813197 992859434 769618842 626157694 306443858 102382879 747340145 789445578 115073780 6085318 351993404 929449836 213269743 774615269 438013363 961862978 231910356 912283097 806206566 691892526 426195342 798924058 25260445 127641719 740592461 127039627 634545803 748630909 34712961 265014203 156534937 165736861 829420086 348054053 976237215 764194787 859563991 865390404 733192878 706119651 266244865 95972648 894737688 975284549 240983224 288767360 605611841 849347124 312181179 643937738 88224005 50838597 6961864 530185428 418696500 128934367 297536000 920637573 411370835 288584198 759024686 114625905 635739965 922559563 922825851 427778881 149072207 974730160 361384238 27613910 503442345 724118579 848111490 355630325 779557704 126148507 894594521 567928329 239015728 549786923 467625971 892011354 596777316 316803518 48431170 226661576 334953726 686120139 985325584 259559518 741142828 79041958 937524152 753541192 773175358 462715941 642042621 917833900 32025958 101406323 441315109 891892948 108368224 675200596 993882018 743843074 745316636 468740125 345208870 208261571 664741957 110717970 285992628 562369050 774572261 918530349 659028149 52245829 428331832 526125879 639653790 998677314 49638756 308812529 359976379 688197167 353919291 619664015 447503724 2330850 631030528 513541734 540867875 168033519 492068415 104789675 122071228 874300110 87749651 5743350 242453087 928207220 756317718 988548186 104840490 77296899 306122397 527420192 943853061 18727634 886915265 795274303 85970868 276347725 537721413 380294893 743438981 628027361 303542921 500641502 373423677 164229033 883147097 481406720 777113807 187815355 81362977 581046340 799343589 573743256 418388143 443320389 324912563 672860708 705041973 958944762 141070856 545013936 371356625 373869358 266929534 116819943 803765443 641871767 223187368 789301965 166042926 586875725 458382451 571724115 125911123 486614637 882168797 286981404 375341847 675482365 920589074 570503759 548414164 186576921 893341930 188130349 101101836 127564640 895266478 356986487 941766829 657563346 381105804 60746223 2694722 636911688 455667856 782703028 629906001 365900737 392623111 235445127 679053295 344000700 150549373 595365582 286496669 467057382 967504491 988602457 489673407 19961449 592262371 689018105 521605306 728258740 77583771 339386642 417227012 832473876 193820007 456664235 334560908 929631155 335668194 886248724 592395742 269369137 898691717 85997024 136411123 280730766 653913974 186720196 783723019 349393182 450574695 175832605 457327615 663249923 851978972 573515646 863492804 126333170 453663760 197501164 406273933 750018226 571371533 850814858 692646263 578800147 873882976 800385267 769677732 907865718 192256987 833349349 379001723 28564915 262258487 2072318 223876745 446514094 380060294 176836374 817927235 100355079 63842756 802268476 571411649 809914424 374869938 379141349 856250351 104269891 54452748 497364209 789702278 87399721 107208281 923768329 438780464 804513400 800267484 959890723 935692461 78655059 643005844 96270523 314761674 987978793 907945438 658914562 683080512 247000638 453332282 962725267 730545916 421449381 632691506 851852752 384026385 421095407 978866395 886129027 715064641 950354097 684622971 515957909 956227225 911460647 458396495 195579259 944314048 336782504 429256239 368925521 498452761 811390832 330214141 94212964 184820870 164351230 768890263 877616243 306339567 243479908 846652424 130300241 515404886 356436764 538287694 339043346 156269945 456048340 210161033 549125587 583698597 150815949 247238794 737878310 681048259 314849925 936342712 921717382 143952860 97677551 243728314 451673598 195317116 108295963 832432794 6595249 873681716 550448183 696304987 309156343 129694125 731718786 138909205 179411270 425689633 295735717 292585638 568563115 596163141 150407607 793780878 57878290 599913315 695801594 145318349 916281028 875242914 77562257 500913527 767522364 236027530 784734502
7603368 255361573 134402244 240656457 424708452 625597991 591578153 232381501 865010976 793611810 310425670 235363702 963891991 854499520 988604017 132825935 969594144 299366901 566705554 605158365 829456668 750792333 188970875 933430285 452902090 157013035 202413983 627974610 393108742 171358769 117986445 78965160 951771788 768302131 38315518 659743873 975514881 678394316 600939896 335300717 207722264 510877880 44182120 626057670 22466205 16090158 190529742 196752387 725807380 101378695 527981631 458858948 456590896 911490424 338942875 344561963 958199775 118190056 817966857 179155617 232751206 985237936 366960499 486900143 115573518 615710184 910358675 922296524 957824885 369112453 346842081 931781386 734464817 214704433 448605499 51430989 248902180 71999708 585960071 833791877 149447379 903561872 791355146 263608620 31846104 135443007 966396563 578194757 834989619 193228447 465051248 352194874 982887894 957720307 319433435 479303957 353351622 287134434 546120544 324590303 710304901 943265178 273198344 578527868 930356721 297411989 371826707 606698630 208718176 21433015 755905681 314231142 909584638 986787314 423785160 703327595 372858280 469401823 42162020 467113939 751681596 919864865 972027869 3658547 25030606 1909789 617130200 915968273 601600296 287989599 192954399 848305901 740113036 603734829 499749991 223122663 36309841 2906050 553649858 680620847 574821233 794199624 358211149 878866636 126601137 262647852 310842599 47400011 978137739 969549816 575840159 766190790 580542457 252596800 273247659 977589266 225809288 494523070 167382021 492477318 47167065 512851843 905562262 607550783 877547248 682179041 771380589 566621075 718417249 521393372 499759439 357804194 522003664 502943512 767494647 610927294 875936554 731100248 304816865 362947055 366121172 233719076 611095550 66909794 782729390 510724443 471935585 928295024 593154426 690787577 408451413 103940240 597593316 711765436 450486215 28562756 397537645 340169511 918554875 596121093 189567948 705248789 21295467 890680665 552056972 78168671 179863769 628043028 427680681 806947966 359847693 597968427 625498703 165062464 357386377 944209444 963478941 175267837 141638525 133154196 847864396 815743570 214687202 617308078 932371277 149598157 477258062 954423002 452697676 726996918 611799862 712871574 99511870 277169138 495231748 42452869 157117029 408279959 174814797 611729426 59852397 157703752 226001198 523763596 977221328 485648226 867996650 64079751 790647545 11890329 698145026 49879756 271933639 691573265 541398019 336392942 340011164 999536099 653707646 13257010 609272427 941382980 856366374 531773186 222627821 95580737 706978264 459208606 459643036 906749787 252315579 838152731 863131024 238997522 828842895 968771386 847692350 327918384 141944223 139511390 434936466 213062270 12573294 737794165 130755725 228710110 459172661 644178903 45286861 640641462 829519575 747303541 649013879 575551457 761242446 505523554 683595040 312688 400141599 286671876 179275978 353077600 288264411 624626194 690704467 857968408 951517792 839888889 576714656 404910274 297214196 579818794 635798716 816862497 692160402 465569435 255195797 513066644 89471303 603982 627876909 528680813 480892975 819848222 362401696 198900864 112910710 755661012 299286616 958485109 826995892 914214613 720388919 27683711 104909355 310156158 47075919 39531137 35931885 217379121 220926378 917453887 466228486 528856867 451828443 266643599 414457550 311175253 105857877 907531725 781570040 460082982 902233417 992372051 859070694 786218910 552678596 919376338 1715595 558405269 283720818 635819654 835040684 934833669 915341869 108042743 6746824 706211457 350209890 887968840 640950307 837736690 598683648 774328737 863562995 342712070 808621427 551896755 170039632 408484714 818598722 220268032 308991810 530331613 280800251 601233527 351604569 6241865 238784369 174021854 379023828 826185730 178399648 527912180 102993081 321338548 171004817 777505382 703517367 651595373 2550574 140580022 342774332 279878197 22698217 57993318 284129266 921273376 887154536 140583583 641698467 779337953 721587418 197647751 509690465 40277652 135623495 260990186 408911686 144960885 492793220 364897772 799303156 935459194 281256162 827250800 529131349 140649995 841486671 29993158 403978793 481995901 997104695 392515414 979251510 369163639 329503448 321831493 965218729 515775935 471272044 396070095 693873881 408608605 883617037 347677927 806326807 639663931 113356865 553692955 518484813 616488246 868052532 109731938 480596855 329574811 256179374 661397996 870428399 881419645 907812388 411665863 424613257 811587906 170858332 666091396 153807730 721710020 185850916 887325784 670720294 854984400 459630968 235417265 777719399 891716869 54502807 99961794 225376950 283683529 438535145 751065898 741459715 39758029 257233616 943923156 574051467 811815480 717926665 583923249 885989461 593194339 707029471 341570390 371191775 15438071 255541508 756683136 894072118 22151333 286638881 840634685 773587377 752395818 820433458 459352242 533107918 945508455 138967023 461504083 331083740 487335288 14052698 288091278 112737980 948958757 91233894 815758872 185561756 268448619 931008063 288837797 157828588 913324231 288700110 673821377 798949568 970646031 757272097 615591294 790654474 224583717 962390749 280765685 580918375 861020223 460658175 912733629 549290896 778238172 729865791 952104229 853505547 598420916 884984353 478784485 578628830 837027331 517724194 695276266 236759844 711058016 297611661 790719808 978371030 505021709 676488740 248934311 685282332 458870162 998402074 998297290 967008079 669120747 991644944 977160884 188653129 706866174 488432528 947412709 15049255 305256023 142299628 703884435 386171409 619007615 97967144 939163793 892122095 240441929 702224496 672766902 910595883 308627815 431742572 403165882 647136995 399601265 119011746 977618510 753852843 176553005 513854123 653660845 660137446 405132358 85850050 363218054 67854082 368407098 68212702 915199670 621234738 713623777 805745717 581570582 955119538 986945091 83121685 712668771 310606856 630704131 847193586 751129217 88031957 888744110 492656610 2637363 862976506 936970478 692615919 415134960 382612801 819948508 320547358 290769268 996419356 820001778 765926131 221373167 579911963 791146695 504755425 813110272 869100623 181416787 487000768 599492091 390647283 233365875 337882405 977023995 283554032 96692147 200912446 744925463 540259262 452305984 536671676 457489893 488398464 310982963 848816589 278015507 318733310 281615937 528006231 330406554 723210248 641921521 483568518 238657131 497939069 813928678 493233643 445470484 797523915 923741152 589944567 755225333 76841994 446660358 473052282 59096703 529374428 866526686 14555536 491017834 436640240 681220699 495786671 3395890 571739556 76247792 455365953 638815715 420247783 35679017 29087765 534409477 195544316 583990833 403176770 531077186 977469038 375227162 283940308 481404809 501589692 915881226 544046410 886927240 619355131 209479089 41066517 925689363 230692663 785694078 63304658 468510085 506741841 408149368 222377344 515794951 416086768 163579838 326685547 825821641 385241853 249919010 257602608 8124447 408848708 124313310 146732876 529988036 926399258 517727466 78775008 198544421 928101193 753052048 70978848 897974778 86234084 461716488 474146046 262465882 923289520 246605764 537921755 569907733 948539985 888057299 18150116 344964458 405390194 418573437 131628376 840853514 827943669 64865578 851938469 487571834 557799752 404401191 748710871 216302443 941755566 230581758 62327722 101075495 191014496 612978704 615205523 348026901 361183729 290552519 994602334 627218652 416875247 339594536 70724205 140473413 780689884 79929542 412888108 232475475 134389501 114935362 246231377 154500657 572258193 443684863 948772255 810765695 345440437 704302468 514064319 817274520 691665253 512876144 272349081 461338126 213953330 755026326 761224559 762575769 638898820 240479131 388389511 857408826 741028291 772071102 987213043 420309061 87568217 98472702 343222610 821268523 370815339 881809247 1199213 596114 778780966 371832055 416387183 22764327 975276193 320746308 48798476 517729505 251028348 55044518 209302718 34964547 509556723 684850161 912498751 518935872 285935907 937647721 541054871 501402184 445635161 324650660 481594387 431313439 331702381 797798922 257093239 346838242 132959447 531210922 967232798 538171369 755817329 430529536 130553804 278488621 652832168 47548283 932232255 629949301 647556690 721306666 386479228 212370607 120600981 395156141 22469409 211915514 341123377 168002841 687062032 895491640 989513153 696777382 658786181 104397992 608225226 396538015 87417280 32823793 111457949 873197621 830580557 918569929 752481477 332354871 287559885 620958752 589915613 621014835 163194391 831332129 99020890 727165697 64391325 911210640 728117538 251397722 137083380 497371328 508769334 979938589 418339121 159695344 624783580 383465657 489861067 417265854 876791191 809059098 731125356 735535752 10147380 758591367 363960269 841936903 460183003 776586466 911967618 115597172 35651000 568560679 935386368 806416582 349219228 181923060 259545351 667075889 665051061 384599301 212331964 255942929 85496007 739193585 369625914 582108714 411352824 105588092 207250441 943602343 38125071 221449512 745881422 72554849 202342428 134064456 432650392 881223100 399298999 415503608 928134223 357472930 34989339 720950343 986792301 788525088 586341637 361374830 35866253 762679523 775002963 560833485 96343040 277953977 686090827 748839295 513405313 708429261 627597841 109836307 828913746 690069528 475100105 707100598 509350099 690653386 907440174 783950558 381798124 486080702 62964129 504938668 742681783 30479449 264585255 751345773 870264554 238579487 155781738 534950629 420563499 618469529 382553437 511642908 136532345 240120856 850873548 939423821 419071005 912309354 649739085 315296436 937453921 394885641 54445958 121422386 31168452
996162490 703267981 133036549 45603671 895485850 722028460 459056428 804735170 754714810 406791324 518107822 922703019 474974173 526244418 423674676 619690812 58149612 360334223 67263325 232038894 807764025 811011597 70430142 25657353 274227279 659059896 983432672 384866716 938354496 278859731 819841856 912013643 659682138 411750325 52295466 429268328 535783938 823611817 870137929 855785494 235521890 414953583 316329171 294618091 361718128 662366565 316262028 134358270 947775011 69863299 994932038 362799031 996319078 64093411 865957553 695820746 557481967 753255294 322614273 322563045 471723851 640079423 194124007 180989787 763724806 164517741 831771056 599321285 64621573 963338013 425136132 104847921 456118411 609298778 306672861 392844675 523816100 37257469 178414541 172039210 764928522 993354144 830595680 376527899 180752729 466247344 483810415 356200586 844723535 869256667 752183193 49194281 219398489 933556299 603136677 141722276 761343808 104569665 174886391 5197448 264660794 230669146 662462909 556643345 837807780 700331681 237078643 44339047 609371324 174414315 20737756 441658116 793574183 393636159 57677300 867301811 914344391 288839297 582907620 643941708 827191672 179548406 221075464 311452798 362546747 171055116 723176612 878157677 631354050 251669837 798364559 513676780 734363820 649733150 634236136 658481751 279299040 989540449 505200865 986782512 895482826 358613090 725822201 942207295 419698328 469207899 664741241 493688187 830727044 58350495 897010395 243889483 283519334 87091749 590817261 776885978 159717728 241936120 148887127 365640510 322346342 507867794 106617900 803632230 496812523 356144844 349577036 181662698 254711419 464358712 235421646 603036399 999173403 818590895 138218760 238888604 714846724 260885427 604070070 353171009 198661640 903215000 851873912 54901282 266846316 702891902 280932853 926947371 328185829 934098364 99121964 575454959 463976197 200900935 602124734 830571294 617488999 736356776 852281419 113540862 406697478 279721396 546937160 113359915 370628291 114036441 372982507 259579815 742525036 335236442 830502668 285128722 79282073 727084192 280412623 312710526 500911143 920290936 526659576 484089099 467975720 711737868 36852124 961747145 357373622 786306244 262214980 876495152 488183188 156469427 736611669 250447562 26764482 673044564 994634510 205853179 883626662 25777228 637146990 967056053 421011922 291726356 254517412 400504183 547696100 832909890 260950025 512329554 70378552 504807398 188207071 698691715 384015778 522355359 448506496 608781600 904891122 90982760 866617935 786176608 718843507 981049926 917704647 920033171 862729285 740174921 625907654 702016333 22360234 95299114 318213267 719673876 321875305 432027422 646600148 331466926 203612435 559296317 410221599 237555710 160969910 659808153 943642451 848799002 739985382 963871110 723034770 497979932 755781799 636190460 385157010 448269604 386304933 36144605 108328756 788583228 603012775 929420308 3809823 904881408 666335772 480724383 430116417 747973187 440946695 779248695 248834665 940378969 72616705 164496479 577437874 636187119 744342863 795678070 324675909 109275695 20855862 684252039 822896049 902074019 836217364 166518630 513903553 124803874 946108383 897869765 338996056 425645586 783311847 330486201 299034144 494963823 604379595 71815023 251947344 390382565 424208435 100187437 352581482 281270071 914638651 213507484 467015611 372345735 953281751 380465054 345842129 744727244 782335228 359284612 524642053 983644984 177969934 599137590 898763385 707168934 258483682 825157486 175107852 229846011 591649601 651224920 621090120 348296962 720353501 503273587 686591682 417141632 737943873 252804888 925451661 104864496 625158240 718351495 284599775 134224033 16341742 877471094 507402949 893849786 106785601 448037422 730391174 372339080 678210769 287995518 824585630 914218252 312940462 626765544 64273064 242793103 138374228 675029613 294360975 334211583 946394535 511121251 406557171 908391008 779096904 582020371 564384801 741228219 532522639 970909110 603249244 737427053 489194941 535319579 456323116 60627885 734980925 586576201 682274039 136275197 618103313 231553414 785025817 534915108 870949112 551242187 586634879 291322947 103038030 602894397 843672944 699734663 323070637 300002716 983810135 281240957 285124836 625655796 57011935 855204106 701857527 85615534 44493066 341627772 253534531 932812253 996197029 613226852 377416359 880819804 618563455 959053636 90318749 792870734 976158959 716053221 817020264 835347286 149137968 548898388 295775792 92045329 43177629 367437186 351554992 803144879 8653236 877120795 661552951 500619873 842555270 303484404 118522895 383922675 62249585 362191511 467898629 731770486 919176837 486376069 626920218 653281505 773697195 869935669 678838071 642905261 84105421 21254287 330554944 37288104 343446441 486544750 787472744 768123255 849412327 106177477 888500192 989740032 344047236 637920922 659315010 570619079 823372370 444135889 638353298 833853097 932315013 765495217 559420361 896170171 21028203 627370895 270361219 995039611 630387653 326729689 308037097 584290576 370207823 526794001 257629594 531980132 722706288 175049262 860499977 579095095 686763577 92997741 847153652 253470863 346841907 170665184 715047710 912753924 334413295 32334921 334010661 757708815 319782128 127342392 726089682 641939931 380303119 419988438 702629895 702377480 337800383 145770436 505974545 187109734 228025858 710141351 353406535 316690645 346178056 899938683 398626245 694165283 606599553 847828227 706093222 850622482 245789522 191740643 420077301 177979276 115823846 572646691 110021925 133234834 523136314 835579895 984197399 971470914 157986711 43440507 853347450 697917419 526853241 112173637 636118816 82528951 605864060 287820707 231965593 134013005 707488513 59570523 896135264 3617961 278200365 191210588 378779103 216608920 789126243 966760143 209382560 611945237 285737169 649824228 169082391 573724158 699906724 557713723 370556481 680127372 847548579 814700730 899262612 949691194 573496265 183305679 503169637 908416146 353573377 655579556 878886042 239210992 131253764 360665661 893200062 892758906 211434685 844123452 276240683 136260317 935026057 562552358 935133091 311652766 547931800 290651841 64920639 872593277 545595074 325841338 508590575 804836949 937744994 408858912 940830036 552180365 522446100 306845007 340146157 524546971 171961168 704230809 508449494 979795726 828901569 11219016 971092424 331780712 178494736 166782458 688058647 202683497 91754724 120845094 985595903 745983922 913997498 925892630 475033120 172435093 295047431 192596704 832343400 448060031 352285242 264071807 385570030 517861356 19037567 922739604 45077055 943851643 607238698 647737314 513478686 822993134 525144673 454219674 970825001 447587091 252214716 800619883 60293571 337471212 409404122 364272539 942893157 471707692 923079455 492651231 413106823 395550517 773936833 332423187 129389230 929462364 326967381 46817395 610468159 463909314 583950457 666303511 632107730 495961151 709187067 37348571 773340959 403685656 575048582 186789869 926522040 536908502 596282618 5962293 60859502 219816716 318364885 779634065 753870419 961122712 823417712 326827643 111425860 476398394 592565815 38693185 692173996 770920586 528712126 697278509 850922699 721279483 585027298 687691728 315760991 640400156 631420683 813922682 613424057 48042994 9285292 892001101 994461653 926657473 974035117 411758359 597938324 835740302 766723832 148520179 105801838 334829131 424890249 229641148 918012531 766377705 940448176 603469190 700260961 44421612 285425422 886887194 997921852 960487180 992938952 193014274 837049824 643977317 437502351 221950314 149348146 69676722 651232938 839445319 302286834 6990789 530476388 800726537 745272935 491337 478352059 538163936 247347975 138094163 742213116 137872650 297802700 948409771 658703187 926082166 517736247 657839473 132307066 20481446 330846292 262505415 551204923 666456851 73463442 436107190 818099185 123752345 582839440 333052982 642620272 455109710 779253682 457753729 904072108 207133151 968643925 890692323 306795552 321626257 740912026 143424329 465483189 807069557 376383730 98479106 996863782 274101737 66249296 189733904 546097209 427549162 854107805 184779459 536370347 58714079 806280113 900574274 290646440 952802197 679337205 971616104 462655616 394116294 173536267 758471586 618380445 193981725 583611407 166264014 51713392 175221536 242356303 392670073 984520906 733168977 486074684 466451696 446471506 483687926 608424585 472453184 647820360 556883258 696808250 533504487 90150242 60946550 350789968 36462792 87787148 114922922 512410034 24988561 352554846 667975702 331204685 793128449 622231422 145340132 697840511 284357058 258131058 22446837 457963998 821021158 383525410 796355472 375389860 707411878 592472721 421752232 884167166 78630074 462872829 423640130 997867512 780780521 127820063 649553105 201100937 790815218 807256269 543630559 689624575 253003116 504820475 526747400 611079643 415532709 803132387 195912310 365446473 193406294 354239639 966679032 115111678 130208838 544216138 543951800 204281892 953495753 696772636 170252507 854527821 570012712 503467582 927014899 545304614 520778712 837319031 302444669 926031915 56738647 38315891 576407714 452393753 10094871 240695780 637464640 97688069 464730448 178289238 278883458 918305282 339785064 113194484 281158416 428497263 197302021 541045377 838876693 575497609 784499060 484081725 73838881 6104607 520837776 28340838 343674385 49824683 65879732 314849202 47798929 538633293 705089633 13169999 368038199 54216375 819253126 983963297 566320001 492176292 382991827 955688103 978418022 857811720 722308120 459403266 999481880 715869871 271830884 390896858 628487456 270833472 350968836 661566857 489169955 698291067 688058912 280566232 201361669 817294000 811941043 848840763 509753578 782113817 136234367 995302687 473571759 100823058 22042185 227496796 953075128 308784891
567381721 467209736 288759091 667740270 545287694 658199913 765548821 766785553 796977863 262388593 572264897 644558230 710290167 668045168 736594849 796476129 740243999 867815439 169995952 872392181 317799784 261082917 224471020 944916577 423561913 360362889 576318847 488917239 92359318 545218585 737325754 586891489 923240061 845745283 267117579 221977988 908985321 730748330 462365948 229821169 493408703 793733214 664901151 468922585 648363932 992221414 894163887 156573990 706255371 620580157 973260903 857595533 683710942 982603512 57057977 663739096 621580759 575790860 68667103 681536711 735697569 153020271 462108202 483409261 7805742 577125597 565598891 394438163 424310550 163709940 467945084 350040649 195279262 768714177 577437751 878454704 926378282 158754015 825602353 248064236 956371868 118268108 352442587 846886873 397589719 438652625 839284218 176189497 204616719 399637230 167859191 464682644 49685540 449103664 61233692 411222363 524516049 293980767 744420086 727084162 181349045 858910000 558403452 691729970 143075999 653633740 196029132 887741548 130734933 26588448 236497346 811222658 682470033 360244022 533165049 940482218 254760726 84543816 925730918 388171548 199967015 751181369 949129886 205133843 577334383 238191627 356156891 122675940 711487815 344128690 70282392 388523127 134980958 747101482 709403812 768857938 838544439 776055389 783380396 47555673 656197843 18524522 953126906 470712087 899795206 363570054 92041311 368928458 571032801 540563108 630358103 495659295 88278717 133965031 643781498 344188351 267723013 174453016 297124378 431766333 238515175 685612960 347857402 549848846 462773202 647936102 941605599 813186054 83145415 70335494 948992782 241568923 177775030 391507340 762018867 727092659 453681966 593280361 12677344 444862439 12295430 72653946 841914554 183543029 556425474 735944816 78783607 713273608 895465802 609278977 951071404 505305197 652981359 943614733 496728759 533369204 433536953 130478369 78674647 163091941 880118569 496423819 335592078 809214613 279678917 728167998 298482464 554586076 812209575 557438863 474947340 587026274 220923114 266911159 535058563 119254149 85949360 450658272 302868118 78705053 539922292 299081295 800583442 805420291 517703685 567223986 611579002 546960629 979885131 385446027 731646466 542800461 982000881 83764579 216936205 162236192 15713116 174750615 220098774 317256659 354690489 974090896 459300945 396588307 721188385 638833369 490169122 121203400 770775608 925015097 595427645 688713202 897803941 715473431 222211681 847185969 354340759 527827250 369039213 826958532 885020989 965829971 372251592 221564338 591031780 136905868 140823690 61038580 589685627 467684132 781106292 983997976 814525085 317160380 305740260 871776513 112917270 17620560 931141493 583620549 452570553 908011700 761652443 836155328 271541679 23951615 907892302 831426928 777731260 797811352 140333893 968243959 199327377 764308164 885184589 383923641 889725078 387026845 423157440 95589742 155323908 455884723 188293908 132332782 554123566 85936437 765856503 19951904 472847958 852510185 391675567 968212744 362599514 571133538 739815674 191730657 697815890 620679694 543513390 391798202 25546725 48978082 593679857 703143644 24281442 202003717 130452108 946137074 115151186 318918641 700346933 193787084 492457515 560638265 951082141 636657723 462476753 160550578 73212228 65083803 703360351 669387420 88282474 66683098 222131305 147227160 631010631 667929580 584775603 117587312 757472452 553655466 9972305 45462055 994399542 956920584 602425786 5408797 526934545 129083471 924179420 361962987 473647583 844997144 31055783 985646292 842111033 419402776 145539930 767964024 27408281 396078773 671518573 212493163 633760892 95503006 887835858 851851667 945200897 499842596 488356678 569630300 351450655 945669592 279364710 977183041 410685746 558548906 161681272 937602805 515443124 627915556 952134918 289845388 316731415 296305037 470201150 511474095 658372294 350209993 316167228 77674859 955392246 576431566 16683276 620993613 979142441 357847365 620745476 528762173 590379577 176963158 634432503 930707078 348266458 858318434 402760046 524115896 28230006 797316274 477742003 475034597 938331747 245731005 267156346 431649263 96025340 918092089 915856927 927218260 689668937 774471269 487569838 685854353 515565790 958767528 716235745 872675253 164818152 68958263 819717741 616155886 751904908 64875953 410586137 964349168 852895484 768714549 7163984 122643 625580067 610554733 386030500 75967469 227784171 264838019 342552175 23672406 474333227 563680611 706247861 266568203 130075169 460100209 626557071 623866191 596810723 136716544 109092756 335973783 855087194 393025779 963454153 762388579 420961100 847102081 290609207 177321454 24083199 360140862 173940566 958841565 973712989 438851745 681535222 86120538 946616520 756796324 240467446 680795210 954442469 283609831 592787957 534748302 827226076 893691144 677657137 67861130 639543199 833463859 346976297 560144183 30914021 169192261 364218866 241282469 99190399 245161646 747063569 106316765 505975718 333637731 996867397 705478467 226110142 917484334 71888799 139089178 707815394 921783741 869710033 76104709 897634944 326510890 260464726 346087714 244723594 479271234 479130323 584193788 827330878 124435481 894453719 665301837 483814324 913593556 493247029 114677335 935581857 452940209 234294795 832728506 722617822 261187082 936100050 911307600 631941183 4325099 181012457 762064748 686188054 867094086 855702723 269129922 927912943 381954694 375412337 73533579 165684213 153282219 969437313 899087053 268846381 873265082 843587406 940762315 780781954 864640959 756866104 646139643 914305630 208476570 668905729 895789596 335548940 162471075 391852331 691759554 805302030 575053611 633904402 150113554 983024669 578029182 346571972 948329790 582448996 850673431 394263690 351613998 517675237 852282492 980350135 213558319 884340325 814751324 421689008 639816212 810763462 988583453 301330563 250926779 162507027 204602093 30107234 213333736 919496176 496946865 678116521 705839534 11175540 425067506 518106704 841032886 473840012 134581634 214584522 269577018 759103212 909762666 523776941 252030409 689948273 457614121 74843509 769551345 975550727 148019563 785728188 265550444 232539064 956794928 177769604 129314367 403098515 443726697 893572690 42819591 631376575 967090331 151666407 548546159 622475298 223621639 376971044 780769883 707364633 551014535 46406794 493190394 102060742 578276473 998868229 321469124 800407686 694725268 919257259 313873114 214535493 465391354 355900608 643400645 15733458 954014467 530535783 562970761 959091866 21533532 345725042 941904503 434398671 861757167 263782983 212055617 771376935 515995781 198360160 573541701 822748536 556996294 183745875 367790804 496255301 335764541 755778972 825986769 958200387 769343243 795161081 633625518 628803500 476857135 418286963 224170509 568659280 145789132 186367124 420544839 636010367 94799515 859530036 141069086 318019008 143557794 629253948 967459494 77424341 919412823 233528548 599703762 151528065 285453240 968697100 866154985 557429680 675334373 780183114 194149134 610320796 16832722 603866248 870529656 94103688 286164629 209867780 339280283 846517764 852544324 958020798 602331772 885984153 185514626 310053327 121040573 347644209 246115134 329403783 480322558 821208934 160562642 575772314 796918060 647739691 398429915 29665241 394622520 622754312 539743992 644302573 201908573 704813879 724757658 783917394 61802627 166033957 585063370 615722945 690528851 335300174 90548789 586941366 527734994 963323104 57382985 286834900 857841487 629402816 918509051 178243916 844025998 965205089 55347452 433383047 199842809 627532809 554492910 77451605 523634278 982810550 616095009 260508598 174915498 633069029 809744167 669931631 339478526 243038836 266299425 80121970 948156488 314051861 132722737 984187289 932577978 142387717 551266939 924841575 935277029 443255823 323155107 714353193 584901143 385963937 38238460 168991274 67163913 484727593 133820607 536211617 716239469 97034584 973694123 543657214 741460933 399600264 213298913 618083166 860132242 541195471 863992260 834857232 251834976 627449596 645709955 696098072 270775816 370312433 883487129 310918274 602328778 966328730 850115015 83188464 469082146 228891194 602033129 34131157 334066275 437688043 259024442 538774826 602241156 873619880 859215398 821664328 670956205 797402717 743907152 628417599 411343324 676331316 522301550 241667808 972993287 519405809 326395523 777473257 821875478 737929157 582766351 561288818 45189937 618885875 542852503 358127348 675387410 504138297 926529243 654645932 57084850 390277112 813438502 86103508 157822502 380438833 881979784 93614551 971860044 593783700 388157552 473288762 403022021 947261144 333567431 923320030 220616123 855040502 462565941 957611638 972703176 501982875 631346512 121831392 432224740 425841522 370580916 103155732 677149595 51091282 420073559 989175362 972885300 590586204 16120046 375908271 680904018 178832989 291137251 711114461 974101633 720181506 817209099 125983053 971975860 257618188 800299600 311062283 689416682 597551297 868445467 201188162 431257680 839876140 151455506 3023870 700377150 7950236 848342471 73895127 424733406 756160588 403006851 528121989 993024734 976156768 338671520 124123068 772468739 214906630 450506553 177166516 971415568 709555547 35929206 939771209 212736605 818750857 831494929 31125496 984764288 382670253 555744601 950101238 246873586 728483154 828204795 717239961 255835442 385421554 513961712 706100304 445685728 913209766 209257438 172916806 860319208 212780358 465681003 86796274 555403 465742423 970732332 259600996 927201942 931255440 204433512 368546016 389940536 677222257 106300440 317069991 93194766 601399972 3797115 520242094 707227422 681273083 870344017 145045720 776161814 432971262 907892324 951964894 858172373 20802110 818604143 121485300 40453424 767583881 673591722 367986076
