1000 5000 5
2 411 607028647
944 490 327975413
942 245 313539361
806 588 205797402
666 173 718310044
297 843 418836256
969 621 996334277
937 721 904352034
19 135 539884413
437 38 464529418
990 837 366436807
728 803 135507725
467 187 193439283
289 177 692385602
539 831 262331593
594 466 163634076
353 33 404215799
595 618 155063799
851 869 315805459
653 918 111154614
305 145 830496515
465 929 926504223
240 873 317566423
661 240 811621952
802 203 537606220
542 968 344603078
67 798 770902620
163 282 249284615
338 580 263231816
574 605 270755356
39 732 148570977
680 301 846360363
692 574 821730188
744 850 728488960
602 874 984144730
437 854 680264400
983 651 900302300
120 78 825767182
615 217 758215880
441 321 152440929
505 544 302828604
468 460 790259265
252 160 832429308
454 588 631740562
494 611 739548295
121 776 466315911
73 37 301109727
484 394 543905958
201 990 630987056
957 976 537987048
38 133 23705661
69 218 163058954
874 530 159713034
388 121 224680548
301 410 475561411
513 718 754411020
512 794 808056544
723 826 345336931
609 770 597146831
246 615 733086098
531 652 719546051
722 590 340813811
158 936 875719354
15 323 605679397
114 43 299662279
312 425 858321542
824 190 343359214
107 322 244267013
119 94 780502482
275 141 677882731
991 888 376858904
462 855 424984474
393 639 78253718
433 932 375891291
861 768 767400490
414 279 242812857
731 85 424248498
678 674 948805504
705 67 548581256
729 498 771479768
66 534 388957691
80 835 670709005
562 879 428269019
782 322 970212256
35 454 957953793
440 222 385090193
107 607 893449526
46 548 95897595
882 156 610040515
774 602 20398334
174 69 952630456
489 518 845653382
751 549 340264166
658 388 68082489
897 334 16232735
858 328 225161672
655 409 306361588
57 735 562329452
684 391 743521723
59 843 460089241
298 817 856654213
434 430 719706025
71 308 102452979
645 823 137228465
953 194 907366683
371 536 883391895
607 115 918433721
143 975 760948823
467 870 204898759
826 379 957010929
217 625 844145561
718 807 363092375
974 474 682896652
579 274 359940383
209 905 356029727
288 424 330468558
500 87 989098841
807 307 46908459
671 139 353444869
529 190 288207969
275 109 212526238
479 440 928515453
420 51 453259217
990 362 628200469
373 810 168853019
695 660 644889466
81 231 981266339
339 86 233015666
946 802 208124459
218 613 811260950
900 326 607220502
751 490 776688366
378 411 534564624
724 961 410730099
572 127 431460908
931 270 479172838
821 150 308152743
779 280 150799429
512 202 301923707
689 79 454963092
902 250 552429067
939 65 693123731
653 331 719241679
952 890 445470962
353 573 984135831
280 345 868412798
230 513 272226145
181 355 586146040
7 946 290350295
747 772 225736350
4 345 741023187
902 173 9841409
514 627 346157155
231 848 769214659
714 595 653743622
309 113 637286949
630 357 607123625
596 188 420070784
760 184 444274895
705 323 96793850
111 841 870796015
174 100 924948356
381 186 376544208
109 737 970429007
603 698 701445631
12 56 653114860
922 573 252617090
949 305 377679279
669 442 905401324
799 342 664416951
359 131 138526411
66 60 89502262
43 12 856366265
516 483 458787658
492 823 942649554
651 534 503874293
861 25 583211427
816 613 948805674
913 598 948392905
334 294 952459947
854 533 401342982
873 154 787453950
570 441 254493086
739 776 14626126
543 263 848898431
446 977 786464813
671 651 877496466
605 357 377756422
831 530 829285558
778 153 805440587
603 357 506280656
890 935 180031612
900 534 520357190
836 821 171794503
53 156 573229456
877 995 218345030
725 597 92218142
326 266 602091715
368 303 585998845
405 21 808531111
672 304 963241544
949 28 264538416
522 13 46671320
645 313 632720930
911 22 357393373
461 72 612598378
259 129 713485665
318 235 745381342
839 121 351091039
201 581 845238337
844 434 890066790
563 797 373091933
536 288 185724674
684 9 374752522
268 141 383905251
942 677 689124159
894 701 326221200
22 16 569560926
284 303 622165504
576 139 779377260
207 13 266517388
929 683 594565230
520 671 656550772
219 512 328169135
341 49 951737461
205 41 729240772
82 849 948612729
84 946 367650583
626 142 141018088
785 119 488639351
34 875 68794625
199 118 675184622
24 960 479132555
899 212 277664589
631 504 952086603
820 403 365305420
83 911 295176206
638 649 148771040
4 50 512507036
658 283 670396620
986 845 398417110
880 196 996837372
209 6 894943943
263 458 160360736
799 216 505884810
417 54 919674512
712 695 374076056
205 820 14350243
391 42 533824772
744 330 55767243
435 883 617321673
399 81 33850699
798 422 908639666
336 276 207531945
790 865 968877615
111 26 18894665
193 867 723954844
755 64 535623704
388 621 403635315
534 995 220301147
779 465 767057604
949 557 137409535
265 526 887393650
18 988 457396316
428 545 179670018
246 705 749449271
453 736 852219291
266 448 569644905
609 185 865308212
133 884 547645396
908 766 443921035
558 455 954409436
532 634 544356407
913 144 531511065
10 330 823558756
948 115 709377944
481 50 425453973
242 92 931724635
235 252 942790691
488 221 652466611
9 893 376005641
541 4 567822473
108 567 48415227
343 408 106530092
197 192 275593481
610 115 757114882
62 893 542812252
561 169 483837501
611 374 110832791
585 835 696514305
369 694 31600330
533 175 340095143
10 350 773234156
615 454 899477319
377 222 221406671
141 203 114749659
401 319 585024617
607 744 200389604
805 790 525017189
835 632 863969611
986 236 696795547
663 345 333165344
500 936 714901513
867 72 595457728
167 823 582975991
520 383 636304002
774 525 989155926
272 201 324012602
909 872 340675633
700 115 80201493
629 384 832905805
501 166 385640836
854 299 726058417
413 358 56653879
89 56 872166904
783 569 762773805
126 171 334989854
824 678 921725193
925 811 908851938
710 917 145117118
63 230 527058200
133 257 851000174
645 877 634796341
97 478 865226721
844 235 820927623
996 128 64349169
911 359 242414447
289 162 25712001
266 335 10906053
307 930 30700473
337 879 886590437
541 191 615463150
430 187 640088878
912 374 784929589
560 162 61187982
792 922 862385847
68 753 367560238
559 188 952876205
62 677 42866756
2 1 425761538
700 32 272096387
455 244 200790290
202 151 167374369
925 410 195034688
886 366 856345119
983 391 523069392
717 177 53300546
586 228 499913162
364 600 844879784
270 83 340817510
762 324 147975510
14 230 479277659
966 844 145297785
552 772 186966143
22 255 428645146
247 244 279871044
234 910 498125988
543 295 557827822
336 130 132941685
39 529 870867412
71 36 745305197
746 631 583548711
948 256 870787302
117 101 622800767
445 348 13739682
960 567 689384566
890 161 623208712
641 108 578748747
920 437 430385050
189 87 80032543
383 335 885400355
438 43 836253959
298 656 171355038
243 530 902574627
841 622 720180864
958 908 224096628
453 23 636660756
557 15 416430125
653 383 858287752
708 376 857059542
812 144 968579835
23 863 381206918
279 420 505096902
745 972 730237622
190 359 264977441
56 6 774344939
634 930 457727086
414 549 222597930
575 455 899841732
412 382 510992390
894 176 182943515
765 894 672134947
161 71 97757830
708 495 172825507
211 26 750887959
201 915 341862604
654 95 38345155
316 896 215143038
923 608 576689592
361 434 174062244
974 473 819323788
793 445 114492315
196 164 88651542
746 17 132523178
320 707 477985737
853 545 878034358
858 512 673675304
763 858 954628623
18 168 933552335
967 192 68807457
361 129 643874680
488 878 277739251
313 67 435234496
537 130 98559815
792 640 716368775
276 239 949229933
852 107 516955412
307 185 960018757
151 39 421465123
954 493 12869033
373 566 290777095
711 475 125733144
898 584 838468188
495 824 272814967
498 780 930089474
764 332 396488633
650 83 811617063
508 231 884095474
289 992 725340741
939 178 42689001
892 493 989632284
457 71 485939504
477 868 397342490
635 189 535973574
86 40 32987480
955 845 390527344
124 533 41997076
883 754 621685577
1000 330 202593065
556 509 33626165
69 237 265681419
482 401 984963084
58 419 340156450
760 55 126029094
763 133 346231384
895 818 584752509
988 434 807580489
526 828 871039995
11 329 984779658
909 427 325041840
366 48 690506860
544 967 466442897
365 136 888056030
341 372 251349980
315 247 950900360
286 857 306106263
394 336 142496445
132 887 392920343
942 285 252322954
354 864 211681366
617 864 48961357
745 586 412074144
362 879 791775041
677 363 710657568
907 803 660314818
405 278 62028368
866 443 627518636
142 969 720988323
855 761 945828709
343 206 429957539
121 193 449926830
152 635 915424013
824 940 21860
760 384 660944583
911 338 570807910
119 814 326435434
534 167 202248900
272 825 175291181
313 715 457123886
444 270 760850260
535 748 439660046
54 43 330518348
919 964 187534062
863 331 633616101
257 629 389148815
51 703 418036644
530 670 285850959
465 67 447392691
535 337 533943111
345 924 21368039
858 7 957218362
311 129 189080086
974 939 82676668
184 691 688386779
186 122 446969377
284 754 547830761
227 234 25345459
509 370 673744700
624 438 718049946
724 682 883165911
594 240 548415435
712 235 527843002
587 382 644506430
650 284 763778864
636 176 649095715
625 68 591392835
968 962 35726315
292 7 411181674
23 736 167475927
6 483 220363652
435 455 176788827
581 300 161634388
190 44 714492398
625 389 836624468
109 492 536046470
507 581 958077951
108 237 994692295
874 427 269476438
426 338 728688061
483 752 170384367
26 8 314848910
403 698 76937814
773 769 261611053
819 352 926452490
777 196 598876081
385 132 784248763
354 69 733671249
545 540 557671773
586 751 923424368
358 660 697223919
887 635 554312576
471 207 377254512
408 77 81542255
359 541 615418777
796 833 82298229
115 838 394039576
925 934 15229515
949 597 993734269
435 99 347445394
701 6 729945552
752 132 739180175
105 996 83363944
261 567 771062581
285 903 3881305
28 845 408140265
739 585 360244094
483 232 296926374
123 70 145098426
190 556 913486844
236 878 423338312
397 141 520790630
686 323 555323025
988 517 609934430
556 39 234138125
194 368 87717257
760 98 920405351
652 225 836201425
79 209 804456948
932 191 342297049
264 44 694341331
291 461 117502954
897 877 141244623
263 240 768606341
295 88 448952520
141 463 472287578
80 42 99110346
224 140 682263151
517 200 366124417
666 885 986587300
124 314 637845938
185 6 585268502
926 103 547319521
501 256 280508649
847 690 84017339
360 976 812151810
558 212 584571958
748 512 856120238
776 258 620978342
554 2 559636913
254 153 522739659
223 342 644147521
621 137 23527764
654 781 709724036
850 519 928560758
739 475 228525570
210 897 601122239
258 440 801312531
635 667 697725432
972 579 527749578
127 787 262180500
531 268 831128114
835 83 426697160
743 514 82133657
191 677 492988392
353 89 724964899
333 1000 817298703
158 82 922893475
126 441 93531395
300 430 601714380
176 805 816997342
620 524 630546692
752 66 440678449
226 361 676914087
363 144 657349290
50 470 663907765
596 983 688406101
24 910 501109874
301 719 714190650
668 980 936287562
660 518 421028979
568 149 49380107
761 661 972206246
482 896 209166337
747 377 104583712
227 540 218301578
695 351 419160761
408 502 62930992
569 467 981582987
874 92 258013483
483 308 669329000
916 428 709155132
52 815 210256553
416 818 638493076
244 94 742302798
175 114 388859926
752 348 777897361
622 283 354208016
374 149 534693210
370 859 791743485
433 256 605692776
845 377 990533164
202 46 107742494
69 20 31136002
434 49 343339944
577 641 735312900
645 558 711012416
505 889 993885754
530 86 116061594
786 232 645363166
976 825 40955172
258 296 789921548
18 974 851135660
255 50 623347399
5 26 500855175
194 297 801148429
22 32 103768010
495 301 261397935
95 320 739780368
180 853 673868024
45 844 493795093
517 455 339961444
861 436 661677023
279 458 857954238
154 572 758290536
45 579 667480761
74 36 793027275
196 776 150622557
728 46 368586915
518 240 32383579
181 558 608266078
422 7 21026231
669 93 89713328
71 647 49434607
289 666 141976395
578 1000 223940542
189 881 114227451
995 987 560238580
332 383 45856038
467 528 715019407
334 287 388918552
146 539 745438737
473 389 486261562
720 504 26859287
243 94 325966722
345 430 755538952
618 125 470193425
431 783 758319435
693 386 129199236
536 56 544791497
901 415 144134091
424 39 333125298
316 593 694998416
838 511 747561706
647 893 332906793
670 379 795292846
960 666 614584118
187 942 948451023
663 386 531852775
919 349 290643859
942 690 503993360
274 117 458944684
584 183 432552932
797 48 480320911
646 839 579042777
321 22 573069073
55 542 942623199
5 1 12045528
418 193 67142256
868 173 806968502
885 323 87201050
115 18 244894225
85 378 574457817
621 991 539954147
327 833 393300452
230 359 356579846
917 668 343480914
141 149 81677203
860 211 802478543
603 110 299120110
261 171 139901386
635 749 370317955
567 331 47284618
798 551 590692511
903 806 605963128
31 327 790888439
655 186 390283671
33 769 695548278
10 49 30562683
363 414 406634012
323 667 49951640
471 367 416505676
126 609 249264268
962 49 306972947
281 20 908913473
712 305 288963415
278 711 45730873
684 490 985033303
92 214 2238718
623 412 981218683
225 77 416162625
365 126 759076728
126 837 866383184
249 531 240204243
211 786 900154130
867 312 518579577
342 692 685384972
755 289 593845807
177 92 343655827
940 416 496581795
931 719 173565556
248 339 221848126
138 5 835942742
410 502 90475524
933 566 470960640
92 56 605341807
584 183 349384046
860 559 916531948
734 176 907387955
864 214 669493250
413 373 397687992
911 99 326540174
462 515 582408734
874 657 187200991
903 242 8860195
192 28 552567520
113 32 620831050
745 932 236054200
847 711 599902512
619 791 813870095
55 180 554955747
200 152 746506589
19 275 89113633
63 390 131047659
975 697 706055523
399 381 92298926
11 373 760889049
580 840 822157654
578 421 317817725
582 427 969814390
187 864 211320488
827 426 266884222
518 855 821008566
583 691 144330633
627 197 966916128
248 26 105204142
4 814 490771965
568 353 575777379
113 864 925470248
1 741 820005387
105 6 532816450
821 554 526836984
22 517 484026433
711 385 45469301
697 775 230120697
87 522 907457889
33 195 516383695
583 11 22219088
349 659 150341343
996 599 471859683
302 82 559638527
748 866 551542597
640 722 969932333
942 528 352635855
821 485 996920005
958 684 64660882
516 344 688775104
772 912 630272937
993 549 983359884
142 800 78251680
207 288 5816386
904 747 890417349
570 258 328362841
429 713 265361037
914 112 882794160
405 474 749142255
992 614 401775218
705 457 658733149
165 34 421514682
276 544 597975496
857 256 577583161
693 146 204173787
427 326 902629284
34 966 548464112
45 874 914308039
37 3 646702379
595 113 940266868
569 544 268296729
166 65 908034332
171 170 214175778
383 335 927658454
593 271 364147721
54 881 991413173
57 52 226626530
375 173 70227210
657 443 561596472
138 166 201155727
409 512 699982655
821 158 999017498
859 465 29387652
220 567 705273161
425 141 678810579
612 189 271113136
146 364 655743801
463 318 367330803
965 807 982786792
712 323 38490246
843 610 643323798
114 89 315048400
101 812 931098324
628 74 991302483
352 827 307229868
765 968 471547178
590 630 914927774
756 349 160137093
478 584 48646656
219 615 681529684
349 59 340810024
211 551 21584627
174 482 161424983
88 466 25618410
30 709 538222762
249 632 137481768
239 260 583723923
339 746 324297345
726 42 989728960
894 517 277254066
412 929 176957930
566 327 495612459
142 660 827452700
264 503 888870689
564 168 337383336
458 745 254120965
352 850 733734790
701 296 470149484
409 553 185377654
635 821 146614801
754 958 535230887
858 902 189787724
455 620 969583375
974 64 587763203
285 264 165953892
253 150 247921787
821 963 999477206
703 262 866005284
870 139 798295639
75 417 628646277
92 764 193626342
20 187 783539464
861 530 28717472
119 373 506315826
931 667 200984492
912 182 194665960
797 276 321786695
17 145 998181525
541 182 165599420
294 872 440585247
913 981 282711762
821 311 482277941
559 428 545108209
365 890 500678682
252 250 603397623
439 831 700293586
164 167 877375660
197 241 967527554
377 2 792182662
411 690 651649167
661 915 884225153
93 87 815990695
593 236 177774520
564 748 825634219
236 618 176494524
137 96 884976219
325 33 914156663
452 125 796225590
409 805 753614311
8 209 535855075
590 23 691309890
306 915 805121743
132 224 805802517
772 174 525492936
665 773 849290094
72 31 395410511
563 244 654204959
362 81 833453291
981 142 473731600
891 716 290212808
771 703 696057471
978 369 206003180
604 334 261818062
203 873 836284835
619 244 292241484
397 456 911481354
176 957 585610360
697 195 380283715
392 185 851445039
377 543 287763096
263 417 3563070
774 601 463349121
420 139 575941901
557 516 16460209
893 45 127752242
868 994 50827366
165 775 219726201
268 189 749069277
100 94 716445244
74 102 236345264
238 498 662534228
78 484 606267583
418 565 803135249
950 585 859768356
985 630 90964278
681 552 646999814
15 4 399278457
916 979 864027617
368 173 680273238
42 156 878405214
553 736 564910973
839 644 827353268
460 200 96699772
831 587 431029651
84 834 626851141
966 545 911681641
805 61 190501596
304 122 72121682
836 101 975930934
779 137 567390687
390 936 422802521
112 476 252198143
436 284 305803587
170 395 933328355
182 279 828135643
352 18 325897842
835 65 415696306
302 512 680481952
942 61 560597958
742 545 976803804
637 424 983205497
755 534 253948111
523 237 269491345
88 571 310928246
257 934 380822500
39 923 201284173
999 346 813332355
309 5 954450827
271 221 983954721
922 32 8088044
659 376 248055277
660 24 577979312
23 10 612167772
105 790 926168188
602 383 499751889
389 999 735276905
581 178 78113428
10 757 534487908
652 660 621618255
883 972 959265297
134 643 842855762
946 356 710684708
867 142 877603953
745 234 822327519
343 140 951509493
322 280 450553961
252 916 135314384
774 493 442914807
531 546 977863188
556 375 288804740
32 3 648922208
468 426 333034310
794 303 820231204
273 39 969541885
619 175 769836218
676 637 150297154
304 278 173316648
313 893 237667394
720 606 93974450
84 298 837070995
920 164 4444414
137 131 136800577
354 793 59768041
104 381 444219353
443 358 749939248
551 612 176422648
994 5 347161930
872 870 502279034
574 519 129453705
700 184 166477732
86 89 469324606
249 505 113619638
712 595 47262115
346 940 490104690
394 307 28129074
375 717 862364509
854 394 983011392
9 856 225620793
831 377 315001526
541 188 407071709
108 871 628782971
429 712 190849542
430 833 910062835
817 939 22664364
781 693 807887267
223 789 46706945
82 16 903480427
359 124 777873399
968 903 534626457
406 873 531269759
250 92 625641439
878 137 118670971
992 608 728485658
952 317 229033068
420 89 701585923
553 492 925890761
532 321 447254896
368 345 949431419
858 135 302544573
581 177 458487091
128 568 310837653
648 97 210625496
451 517 333631621
98 716 398800632
513 839 777246051
785 242 670886289
631 119 207157656
650 95 897965
9 3 760154196
294 235 985075481
719 90 961100037
711 759 239447372
828 415 569063347
58 838 68603036
655 50 697111411
654 479 379414036
725 502 151112904
37 8 771195771
423 132 376657698
990 109 843260194
658 832 949567174
330 203 214976621
827 38 519324586
166 107 583452250
897 431 520616128
271 369 163488181
645 948 506946128
811 315 538144134
858 112 157260485
322 721 239634302
223 933 823757153
54 998 938282608
859 929 640997714
816 596 315700392
810 675 424922625
954 65 348541981
316 233 850744911
637 97 833580059
142 872 56380874
854 756 384853781
392 458 465806728
316 937 731336954
989 640 483441161
856 457 32962448
255 12 377767045
246 274 932292804
599 568 716783988
763 23 931794353
221 417 436721852
126 585 987023616
349 50 805793207
919 123 462000104
141 988 298754225
75 815 226160795
757 341 910869507
67 374 24090464
237 584 736280842
558 487 330062667
366 637 771222030
233 725 337467780
989 773 262302394
183 111 610270680
712 311 807163398
785 678 893300965
293 203 340019850
721 409 979391645
401 31 153088655
496 910 722554990
646 732 781225693
172 660 232930396
844 388 359306725
811 361 616931925
404 737 340405941
971 667 724841179
472 391 159886984
11 7 110326338
766 386 543787467
820 5 266325067
796 729 343609007
421 793 645944331
790 693 850135214
521 319 467248010
279 340 840444914
611 980 357932836
736 590 742604007
578 105 224548513
458 798 506201414
668 768 9917987
778 39 503729398
333 266 594214276
318 592 719905279
201 650 49820757
357 12 323207039
790 968 5471409
247 902 358844728
152 94 490587925
994 249 390852471
426 336 907211046
595 265 142779432
795 578 734592937
871 544 471302039
944 757 196600245
929 106 936102717
242 321 219799840
737 247 314226986
26 918 130541192
917 505 911578245
711 946 170301981
500 401 324602479
568 220 604897383
416 188 637545047
811 938 800000303
591 916 248123091
727 561 96737840
226 666 459882880
121 570 859439787
104 717 214768054
297 848 426663060
343 293 798452929
157 949 320639277
899 867 411886827
842 677 21417940
803 248 236197697
28 234 992786803
719 31 413138177
707 536 272492589
530 758 298810961
861 594 735553408
964 102 816033205
288 788 326749806
167 980 682458294
747 943 386594601
40 80 843299976
350 802 626345750
759 576 720095406
913 566 629497568
280 912 240807670
879 428 600759063
433 36 403567305
687 470 27685294
81 530 516366713
483 92 396411605
488 460 607915647
43 128 243728594
883 439 143921527
394 396 12956114
879 248 901972153
115 447 836960961
539 447 555756484
475 478 983091624
821 435 249569449
416 293 445789477
465 523 761582680
718 924 816365167
40 776 540199411
663 175 385424496
794 749 23072213
470 694 450391065
845 1000 453332398
361 783 995962037
429 261 15162488
58 50 976916360
658 375 52740263
650 527 540999564
793 448 372573615
9 653 227727442
397 64 473677027
503 165 47303540
605 964 199877565
502 433 364957604
942 21 770761432
325 865 711940533
717 466 691287045
504 647 577025025
326 903 78863445
613 156 892663793
431 770 527162057
866 232 968092657
430 741 833932450
539 355 139012707
3 642 896245523
885 17 921333496
719 781 465164188
552 287 406182231
497 522 766527008
832 649 675712677
309 826 309208979
135 716 936130793
286 699 924789688
819 719 522014223
77 704 469199701
941 92 585590430
736 730 834711418
370 29 144109907
940 147 222451736
947 259 932010694
796 992 702753344
741 453 178665231
67 71 780402936
127 776 257939796
740 853 835326408
770 414 202746545
118 865 188306161
933 329 888772434
311 33 204323440
470 264 694977602
792 32 940676747
257 833 404431701
425 8 668494329
255 80 347143811
960 310 146994856
575 725 427800385
476 89 996726708
407 597 968594223
986 90 718025750
978 763 988880843
911 416 831105513
200 2 233960161
568 468 306034355
243 355 289953502
33 155 207544327
91 229 302000975
553 407 220503975
947 939 504649062
288 86 593717469
843 85 198808926
242 602 510068865
60 19 524836053
608 573 804229395
619 823 275955159
684 143 288259710
290 872 554624883
711 552 807176258
804 341 836101300
746 302 415655784
71 246 62312757
740 415 991399993
830 507 382038894
226 496 979477911
497 266 419142064
487 968 272634675
100 900 125212451
716 109 4570951
154 36 221302670
205 710 665134523
675 665 160911099
881 238 250473704
539 482 762423221
375 175 9189069
828 667 680897857
247 886 211526426
751 961 23274464
736 435 453232225
965 86 64876853
184 121 876086340
362 593 396116882
261 936 310301479
989 820 657723201
563 947 203609595
176 768 83179422
70 21 51619980
180 738 802171269
661 458 876413635
922 402 54188967
334 463 82838444
20 5 644944742
17 514 283523692
452 197 902661492
423 442 956014768
993 399 386436328
842 649 737574554
579 245 711810203
809 984 227900650
19 505 871108260
326 98 344171427
206 72 719074278
840 413 854275725
562 931 136459468
89 682 129121134
83 29 318702609
334 4 32216725
266 259 518040602
834 662 891021626
702 303 21651187
745 309 330227791
344 758 824464530
707 733 255302792
856 413 425327569
711 961 438827301
523 652 990962041
788 31 673685723
321 841 981655135
651 85 308684158
338 714 494218211
776 624 334039923
802 62 218711574
259 331 550120639
912 356 803808828
827 417 903602505
404 769 590699007
580 72 568924769
304 354 755742246
140 371 62340555
830 979 369566959
684 681 858832910
384 435 888815009
190 653 745146684
359 873 343186830
242 397 528777671
643 409 421779000
42 197 971671710
648 454 873036301
697 460 472986799
823 126 330211794
821 436 665043846
211 734 860726597
740 861 181288805
705 749 836608262
785 707 135377527
3 491 550605173
977 663 834884148
688 106 817144877
581 682 63753592
146 935 102756471
849 437 755991504
496 290 175761410
884 455 667785810
608 225 695362742
77 397 981987806
490 818 341462497
365 813 326212077
890 848 652295091
958 585 398939948
85 135 957472890
715 222 6472644
499 761 988591616
911 58 852219043
376 646 998744093
784 535 296031431
229 650 79125341
361 283 246521231
693 658 450427789
225 953 606797444
870 754 664444392
403 175 598391581
811 765 33201
924 940 640574925
261 711 789437689
345 320 453784882
610 212 47847183
689 740 643443310
54 933 307025109
831 645 997680258
42 8 756196582
207 935 481441542
195 442 719058500
676 881 553981027
842 21 549995637
884 279 621829454
985 702 227070951
505 739 597951221
491 230 529132152
441 258 373292454
372 441 290451246
67 310 226220422
915 436 200060435
702 788 755123892
222 205 162277755
347 121 987051412
385 836 166689463
860 208 325024886
451 379 969242998
451 269 286216326
840 554 526397123
142 514 919396606
290 143 653068631
680 718 765009493
565 363 215369076
831 197 615081470
616 720 356409184
226 70 65564766
971 857 342835378
642 913 42944360
720 558 60491563
418 552 701025484
905 115 882515000
372 678 682371514
151 54 839823540
272 934 607822642
492 331 475435045
991 492 500886777
530 954 677475756
733 276 26505960
189 65 458157209
5 46 982450486
222 852 392413765
44 278 967179929
759 883 380589980
987 789 16252489
156 67 258809029
485 463 987898253
605 597 578364916
630 34 709212603
405 852 275865032
861 600 263192813
781 338 852511463
359 238 676863384
85 15 528205459
321 435 40022648
246 276 366396125
833 852 310801286
976 599 275395492
316 519 128934716
692 649 645080635
672 975 480392085
464 846 641534730
989 929 925268590
291 376 841192936
111 361 269748552
710 465 670933398
136 404 277381712
498 531 405175005
970 507 268572918
83 30 18929665
161 17 333425382
819 218 356646976
472 283 352190120
753 376 717679828
955 245 653422653
228 462 927321592
1000 19 587506326
562 685 79645339
666 563 348845308
25 608 206346975
453 667 93043039
633 164 481285726
850 447 185301250
123 413 16633649
388 836 201748239
336 992 904844842
388 330 305171658
27 14 391875905
373 316 539258290
424 268 836208413
989 792 206157459
458 198 829289758
21 169 145947996
530 929 211497443
423 949 530581851
408 821 12986102
156 309 383285489
789 309 212411874
833 343 20889242
267 808 964331319
31 18 940063245
965 760 388074740
615 258 505527450
6 518 960549761
172 148 405208047
577 574 360421524
842 34 725285671
57 391 499879918
569 425 823326830
696 620 931767898
333 629 385810445
939 672 173772249
683 428 380194095
525 70 785175886
527 400 9230710
159 888 497265597
370 912 116989244
186 950 497469924
891 528 499907574
455 46 797668528
411 134 61841110
638 514 263627159
934 766 429364127
149 337 205378272
943 248 447331712
125 16 293245495
465 532 111307434
639 237 471473019
659 225 512280832
441 843 881107317
683 729 854859928
662 96 255900039
139 338 272156699
472 509 405602871
950 569 5509593
678 661 351265506
5 736 699537326
947 301 623593967
118 8 54350158
123 853 209642696
963 369 433641187
291 772 625284370
979 193 8790364
311 215 463702806
34 7 892561339
632 984 794923687
357 40 546566703
823 204 125405893
948 683 52394264
878 920 974342794
391 164 885552339
161 558 947763312
651 751 445700256
805 312 541567541
530 721 477179686
245 260 7462807
949 339 992968031
490 707 253685981
550 505 538900388
159 114 308058218
794 478 351510891
959 396 131178786
844 739 614296321
76 673 100665348
572 224 489412065
875 72 636396408
403 45 937156471
960 280 831865077
596 531 374237131
442 557 756553893
926 825 849302882
624 254 56253967
18 201 458307754
470 662 119382584
449 269 771522507
114 91 60437358
181 158 760597189
572 707 500830315
350 319 707458287
191 453 738288200
541 934 186026278
683 557 242463118
29 554 645723108
640 599 25707011
650 403 966935251
767 352 843271317
390 513 317013272
322 539 84285509
638 19 487796437
13 369 905165515
518 431 737141385
787 509 389708801
636 713 634279704
397 243 864790952
143 760 581431440
751 769 99721228
283 739 673581706
309 829 339265448
153 236 230352295
664 753 839205547
250 909 13126510
90 23 56799157
575 28 323321724
909 352 390177182
726 384 841037002
396 733 625968052
882 715 400505567
54 902 778057637
216 246 398753564
588 799 525771449
598 83 981740188
549 999 225432623
954 556 147649899
911 597 548408707
611 753 493214069
437 660 274095652
627 32 290088403
139 840 277958915
568 523 262592698
419 571 823725544
623 149 396651932
606 914 24238900
858 765 993969901
944 185 994893638
839 993 686478556
987 897 393226603
705 349 779269236
623 351 495859543
889 203 875869213
232 940 839648758
795 525 275829455
900 517 807865862
164 230 115239288
236 166 783545266
471 221 526446225
719 971 820286914
274 169 988024979
923 926 40018641
779 344 78861682
29 427 41687397
484 297 799368602
445 23 87447230
630 602 182640972
807 295 391664553
696 407 396239084
215 506 896440473
418 834 515738611
422 575 536388044
271 684 431140509
758 588 60248602
571 283 811556138
336 159 549478290
614 468 98047237
719 911 954350762
910 323 226938258
275 29 79333215
330 702 997754013
415 874 143770969
407 911 49042351
890 162 574917740
725 990 832265743
369 59 300454782
440 329 832819033
730 322 679082406
831 817 135239603
33 137 346229471
850 604 592210455
646 338 719672913
525 49 154524184
577 62 129938004
310 18 998542640
243 275 674051464
242 263 821823021
785 445 842522524
379 862 291618556
560 786 876632294
866 333 139284333
636 29 273956027
709 68 5768787
808 761 742854951
887 918 976989569
104 95 966024369
184 69 102163695
270 221 982342030
680 566 776542305
295 509 897987988
389 500 528950972
395 910 749072225
571 401 414428508
512 566 700955004
291 976 635303806
419 379 141639765
122 965 954790993
677 666 164684521
38 727 8055488
162 402 44000866
481 388 249093416
206 114 198913942
623 978 380552015
697 256 86449984
400 885 922840524
144 34 938018500
142 2 141915591
447 62 378693314
853 319 632469423
161 18 154506920
38 34 446651707
224 977 683901421
857 233 623840446
574 74 505654756
361 33 314485977
935 871 743060154
754 874 781494870
486 459 863866924
799 201 947994718
617 892 612513123
691 51 279095802
854 103 34876952
977 714 951871255
685 81 415503353
975 105 258294929
152 468 334588279
442 243 242265456
482 251 4410880
578 646 12869012
867 583 616639332
248 217 871335561
864 530 782524483
401 650 390615170
592 521 727863576
225 468 960687420
246 977 657584301
896 860 694702937
713 158 979569027
463 445 575863956
162 70 313709396
777 58 805921510
519 770 890135096
779 636 639960895
891 14 696892775
476 360 92563176
102 640 296825633
213 726 365459715
910 805 22572045
582 96 680273514
103 60 754029287
988 960 92034044
422 194 863599009
906 919 228313719
321 88 220176545
997 917 305184173
59 872 541063906
402 434 600059172
620 654 133692498
119 503 427237398
671 754 58628794
474 985 905748735
465 349 265480369
864 141 166488039
137 961 929619380
107 526 539174216
316 264 782488070
687 446 293785557
627 512 613652389
948 630 398496014
806 421 775672107
586 617 53656739
207 250 48783261
388 394 83490042
93 337 410490023
606 835 358206239
833 573 247314395
471 322 869599040
803 8 573352470
399 78 94505421
670 759 370119941
528 618 317102553
204 134 812002156
265 908 632651130
694 237 615558413
753 636 615985806
918 441 726836328
718 462 253897448
399 758 523575741
11 504 266955337
536 67 217459350
761 505 682104853
592 390 803489388
720 132 178536305
166 261 993173358
615 399 992448349
157 318 294637088
291 876 159570813
529 347 723837087
431 622 998732841
846 185 111462829
367 168 67091182
551 385 732499115
342 133 490189185
510 600 852909843
526 636 290473308
553 445 978953021
638 562 337650813
516 129 972190045
609 719 68249893
145 819 450120540
501 48 634987888
66 34 52245299
742 279 125707293
970 137 93235068
116 498 124822857
66 737 320764652
248 183 585499534
123 731 388148767
213 236 476253799
759 608 803683061
30 9 958083564
911 31 172512478
856 138 234214222
818 736 720290299
450 403 876311120
41 22 914602957
548 35 808678430
164 149 563789030
407 489 659881483
995 462 164915579
816 663 120367269
329 972 917700755
825 604 610151919
435 89 693136092
380 25 643575280
102 50 441408150
389 237 94172026
372 997 256869045
301 73 222261728
862 16 584755142
557 597 47058787
921 464 733874025
421 128 207377580
66 54 909696813
867 327 416422742
297 335 761243598
33 40 760811905
79 713 267582161
829 674 441377244
409 909 853427203
933 845 707724096
938 497 21908173
619 548 886686757
664 597 19231351
909 500 559941224
793 986 476330746
880 122 888838915
147 246 999379662
417 225 689781417
553 241 770303671
474 334 320402587
37 451 808492658
396 716 277470422
113 498 565772549
304 921 741341501
977 32 885473470
949 93 884614855
31 323 587670070
519 782 622519418
1 876 33932308
951 400 479632559
277 174 82182453
602 174 164294722
642 15 464288168
449 785 149913511
157 112 279660720
229 223 284283081
444 542 563348870
828 166 87661300
278 221 788307354
202 736 815864883
233 192 624703619
673 196 358702308
633 397 853251365
843 262 922693104
559 581 870911478
66 173 76341739
619 197 849330354
481 846 52435589
679 116 767874276
119 927 971122515
867 836 602688940
743 227 180693774
480 623 730704788
839 885 592030145
47 590 707316957
265 660 856809785
738 703 161755658
914 843 909745655
577 537 48650581
320 325 940221271
849 570 768963423
935 651 437526539
66 500 654055007
683 897 557463263
742 267 218302666
128 649 507650316
255 952 821781033
533 212 323917473
139 423 310914762
482 80 414031900
854 784 211674974
454 68 638953367
29 645 412547433
885 763 689665549
510 132 477543250
75 69 730411878
894 372 706497844
614 845 449957475
972 191 352701010
159 75 1076780
832 487 747502496
833 779 571205481
600 22 499575484
320 380 677401226
654 177 714485109
384 885 505879643
479 287 650288815
384 592 467869424
669 478 834233111
523 864 482026460
776 200 333256897
790 949 198701993
460 960 934396165
508 493 782947541
548 867 350752295
56 622 526127628
569 583 906567011
551 516 3837866
91 982 275866449
885 285 842964739
951 226 38854716
409 704 339322253
366 286 594091062
687 414 902153455
337 296 292352185
798 860 281093055
506 696 974043890
909 870 682570102
759 637 393007115
962 189 721215421
652 615 33157016
456 984 559998830
862 985 963598080
405 651 65444453
928 916 647322305
698 236 150210774
953 197 801093957
766 575 756663901
299 740 635026429
232 840 608079284
699 945 176294667
346 722 697897772
453 420 295922483
402 629 44640285
318 506 579362239
43 128 333280291
545 832 528226046
718 861 906771330
213 132 344079059
675 318 136387960
426 110 53944110
140 887 369228232
319 635 229684655
708 161 929702254
501 289 913516029
763 475 400991674
585 605 667599756
737 405 523310296
943 858 944347752
305 14 343432141
906 428 123596394
428 373 939536880
704 429 429217439
876 778 567674918
552 333 599843293
328 321 981944453
393 738 891307937
977 747 909647064
670 43 243640063
756 302 523742009
211 209 339437199
18 672 43490076
914 790 759885762
173 741 44590636
710 8 814494351
101 315 905558787
21 997 116247505
153 625 921964589
401 110 631369446
270 123 636798772
450 471 391420128
665 506 224250808
751 193 62501005
881 393 924846563
670 584 726345253
615 212 89750213
710 556 609643379
467 973 77715184
922 222 510914228
3 2 679202908
68 43 153556472
167 727 574497369
176 834 186138403
596 258 61413766
255 672 937202453
140 70 953859408
673 248 901914292
227 25 676459651
505 999 590995587
750 533 409099136
239 64 801666796
161 278 899074002
235 608 88853129
452 101 440574166
698 341 546917499
674 498 509125373
352 286 775723542
823 709 427308537
612 377 954753375
166 637 157577114
437 193 839430093
120 262 837603141
563 611 813107997
810 13 88919463
538 119 412341444
619 311 54800669
416 433 878982548
199 88 898086686
993 472 886405144
34 73 496134427
95 51 202822557
353 606 686099730
734 598 289494223
895 350 945069141
967 812 754491895
445 505 299691481
965 476 668456900
345 999 746563455
823 291 555623569
19 141 474535753
299 84 520363246
955 408 913167612
224 660 977276034
24 237 620094545
432 389 477342644
449 69 325256466
33 870 8978083
14 954 709394500
233 877 541120174
841 820 649470758
971 232 726034526
783 992 259157977
740 726 873260631
92 5 784800941
201 377 211999450
622 104 7910912
868 25 489381967
817 750 788231969
496 450 679743081
850 252 820054506
83 57 482548640
397 744 103967430
208 466 173531373
386 248 207992647
907 558 69258898
292 672 540473718
393 129 431944745
644 476 734281865
149 773 645868634
478 48 794756459
514 366 508837427
694 428 263644435
430 520 793517053
703 304 101894539
586 339 229927838
708 834 851356955
649 203 150776239
338 144 476368859
932 544 371307310
833 287 7608668
654 570 474915067
582 53 387341214
89 726 682380662
637 986 762439012
563 238 13744750
190 820 227738002
749 525 392124520
888 940 957901329
72 189 112472553
173 920 740367096
292 494 281703589
620 287 60473604
311 465 189296108
241 949 879443662
764 489 120264480
572 829 491312126
308 28 199954461
653 419 257914002
35 21 987622612
368 852 744302019
785 809 871872532
988 465 954678806
636 873 476308384
832 516 688437303
23 12 515126906
652 965 499767782
382 897 931696274
577 315 356507514
534 251 602215667
747 1 560217670
40 37 74188659
192 859 542812559
525 582 679784584
360 430 322781025
335 218 592011255
758 179 340128812
487 387 615445791
145 715 357554808
919 958 558882318
639 839 178635873
402 31 438761188
915 623 990664813
166 308 167194410
775 152 454854678
982 157 532080799
643 316 908221827
377 796 135979268
152 572 740468945
284 443 440485649
69 160 521104627
753 749 23626196
455 307 472529920
575 360 31702834
670 631 510009663
473 99 424165611
598 603 604616674
136 779 488018040
683 684 490826729
108 12 630755402
336 286 848739047
173 650 548470538
766 286 798372037
857 277 551945526
177 63 518300612
895 755 382553987
195 801 1220960
636 999 422003746
264 419 698305227
657 124 457483202
241 111 577446532
551 782 568400413
920 77 633763195
686 962 190830854
87 75 393559680
189 751 177483006
166 444 209685961
901 8 951130177
445 458 150848403
970 843 893429545
387 488 781341069
808 671 275816733
849 659 121742921
992 912 234521651
691 347 166315631
419 75 56339303
882 636 388400618
760 734 312476006
225 34 284869221
752 404 385941880
604 28 834836449
909 34 111929953
49 829 683774662
824 530 970542141
959 799 432419808
471 371 198597500
234 611 139402539
830 253 897101358
446 123 350765992
767 152 953181189
264 156 975155671
112 222 170863478
103 606 989587747
230 218 469114950
335 668 598036215
874 41 919761695
913 764 334011504
406 411 331668672
482 166 648358854
30 105 353423526
794 857 884037878
719 115 626984154
905 885 795249080
895 445 382381955
782 703 161041361
817 415 601541862
705 461 623416521
262 173 108620389
666 202 459619818
5 615 707449705
238 559 259394050
313 132 628874126
110 102 191286887
406 89 159294517
853 890 83388469
831 810 754481465
419 706 926866818
646 522 617400108
964 756 815650826
163 89 983255180
392 347 30588581
757 884 940720007
421 955 681623051
938 328 258792599
497 175 343821456
860 942 93400340
368 627 111976921
530 662 190523476
844 138 636206497
43 964 299916858
11 735 354937428
859 112 76052081
720 549 631723797
932 280 307585322
491 963 923941927
672 884 724714275
654 609 936394230
478 607 495951518
421 940 249453561
791 761 854482955
977 735 75899444
273 125 343083456
254 982 779849151
480 186 201491124
79 636 224242372
929 543 577877833
875 665 73276550
599 649 636805091
748 779 924794522
6 950 778238040
32 806 769549797
49 143 989514260
804 549 460233934
90 130 954816133
237 895 955256047
817 790 779664610
407 771 26233731
632 409 491486702
335 240 42348430
343 204 654486789
999 336 741699095
362 454 397885216
967 433 602828656
422 65 781878552
605 760 431920866
335 350 290202318
844 535 256910972
178 664 334247801
942 175 960740912
139 85 816481037
178 23 565468602
791 154 792056153
866 993 67435955
921 708 246643291
523 602 887233913
282 49 212219462
559 620 57127509
605 9 538704781
475 489 75056349
380 242 1567407
603 359 373686836
169 144 752568268
691 841 476347522
957 484 554878626
305 633 295787230
511 314 587972725
456 875 195510510
474 937 436664977
886 6 68997313
190 399 889835640
975 704 235805323
379 85 632601195
351 290 649419059
340 593 470735748
732 4 776326623
634 603 7833273
37 774 592420581
922 706 281914820
360 4 471405786
878 431 278787456
379 122 865005286
462 925 407424158
289 790 350709183
651 874 765176022
878 324 584797826
224 685 637228630
852 14 402876600
18 827 457171835
482 151 150007450
355 146 837308820
758 944 222973153
926 656 404644438
238 826 902406965
685 452 892222205
883 298 627008946
727 894 588795974
512 340 617880800
894 871 402243886
554 165 635571098
963 135 106846144
361 656 77502600
331 148 792576855
207 936 674790777
873 581 197273749
460 755 404180139
879 655 346370438
661 539 746836814
476 226 395708250
261 779 459574080
788 289 868358694
217 24 225465891
473 249 560789516
279 106 261855787
667 118 498067386
757 501 323440753
166 410 294763715
930 976 745936427
64 561 738386474
169 775 185958779
602 440 83486303
299 187 439293413
751 287 151006385
229 623 755401273
88 935 4514614
170 543 286701038
853 40 547055131
284 86 242018873
205 726 890361793
786 612 164043298
195 176 367923938
801 865 335961099
871 194 260967542
59 214 648787484
207 520 761264213
456 192 937885363
282 144 557945634
550 421 932538226
430 968 442338196
224 25 604125504
556 5 249683603
653 933 924411556
54 243 102987010
511 910 687187769
131 675 940351049
83 17 586446644
518 982 483475547
332 825 346693627
891 837 843384019
233 472 476307168
757 660 2487191
810 162 527880672
672 752 446734583
252 206 173615687
463 675 918486359
519 803 562610661
206 554 979105732
500 187 6844820
364 763 164527114
456 805 360796741
520 307 534970145
233 114 543074692
949 599 911557082
523 329 491541025
455 351 618406475
922 644 333677837
318 534 497771825
396 308 466046965
585 455 334061154
214 71 300293198
117 532 271067104
168 363 467190768
90 387 502346003
130 865 531106524
985 518 542375630
204 29 181318145
307 208 557665108
757 823 667496175
737 657 308179917
595 390 462316418
709 989 503286512
846 116 124247010
624 195 214625016
562 477 119781262
636 854 907726279
864 843 237986867
616 615 607297090
471 423 400552771
766 214 391669655
16 11 446131213
179 552 678302133
542 429 797816626
83 712 333453548
816 128 235958933
679 612 261862511
30 779 199528009
408 104 50999477
967 330 185872201
998 659 993616326
48 682 700458541
484 751 285428025
160 151 536267917
575 541 433716418
709 309 282032849
720 320 539923100
84 295 126148583
930 758 589123923
864 338 336348218
96 16 940321074
605 511 919298454
27 602 183895743
664 262 523754201
155 828 542697324
403 87 956685841
260 777 20465713
36 37 986363058
604 623 883118551
252 22 988895327
635 161 270545064
925 770 113650116
546 152 665806765
705 297 546833917
267 111 560466787
665 58 356533295
65 429 42157590
213 103 82223068
523 644 516544629
574 211 129336052
929 12 760281290
668 223 588734855
49 643 972965364
807 59 7755699
671 656 810062136
365 511 813994868
347 493 12901561
139 576 692660571
848 881 264382032
173 94 355236223
69 956 822336428
392 35 745224786
578 422 319466884
235 33 90479023
846 174 669362150
291 32 397579391
126 495 450311789
259 282 259396972
4 2 571406815
19 453 630320776
749 195 757078224
808 510 907061860
427 192 439863813
847 739 404860280
357 204 532033032
490 868 847348881
329 985 548472666
556 722 372485298
513 127 549501914
855 28 746126847
822 642 612977527
742 542 561836767
266 746 624222386
690 558 278350199
396 457 316703954
628 624 742493528
644 519 447453179
891 597 156928046
251 539 481149501
260 102 312155608
101 509 519797581
71 982 34638036
736 97 488070622
405 342 880480833
710 201 240481579
388 260 423853882
535 417 364915366
891 562 501311311
753 347 441903542
659 547 345340401
172 63 627446177
361 319 66779584
534 210 126194596
732 583 260826109
834 96 510988187
317 77 250187898
511 30 174310751
157 31 960026281
982 920 21339139
635 222 391589281
871 168 479397215
859 953 224280281
423 550 162460137
614 384 906011745
525 739 931134994
684 174 904389274
606 534 662900203
342 119 158264056
782 928 473150390
443 308 234319804
255 114 731779431
95 651 809843440
665 410 304280006
59 199 436891516
837 484 543673172
991 735 570246290
310 233 367314823
998 687 893514367
239 993 296758493
606 812 930940678
926 766 157457171
706 89 186444971
182 414 13196620
341 873 335248962
287 791 128943288
872 822 554776070
614 444 133394134
912 168 298741060
5 176 755967123
976 707 250067303
919 607 10152019
862 12 896110088
235 830 960188788
873 55 89543843
812 972 679413724
88 847 142417357
511 172 141572329
428 581 117716895
425 403 901630254
464 865 71677452
304 280 327879535
485 323 870415637
175 456 833350054
566 328 118391550
884 784 756474634
321 666 987744352
277 492 496550184
438 200 136138326
956 867 813765264
437 77 705594699
324 789 864845824
658 751 442164639
867 326 792196309
888 54 579413334
787 275 717219115
877 423 12221592
707 597 10585911
216 450 148063218
286 38 232840458
439 169 608098275
246 520 184513622
560 841 719674956
32 957 866782786
18 403 826237831
972 466 507606861
212 729 236802344
907 350 53437756
703 200 915809928
940 552 871040725
808 425 251419289
654 735 160316269
856 499 220742618
699 372 244721407
366 748 541613665
975 615 690262703
222 84 850977694
917 172 827729540
389 978 447974510
18 77 306005818
86 259 387417916
988 345 214147064
796 407 953353164
580 384 444169514
935 327 278838803
297 93 47932814
551 626 257699992
709 212 546281098
887 582 568193542
65 34 546146833
703 924 961438312
523 273 835212079
564 870 75023360
429 112 934306950
788 965 22450053
768 454 349821961
409 516 877621804
716 719 772435958
448 142 82494345
358 907 541899923
269 856 849537611
833 611 508867630
848 14 438529919
997 811 9378440
479 659 172153226
687 712 638741488
225 559 748061754
994 354 658925802
413 155 206251850
251 660 383877719
41 136 963492301
487 190 481096383
482 80 100147496
164 603 802054889
98 66 711425475
26 494 920058615
406 17 61326043
321 732 571041096
515 28 369483628
150 225 887400030
677 132 954644697
637 223 261043256
370 656 894548777
108 371 237472782
79 348 595825370
902 379 190134966
193 17 20296029
986 988 692540321
390 379 418435584
833 942 408067961
124 963 673776852
310 796 590051580
341 499 450931591
747 435 707413262
113 856 981439160
862 160 209298729
941 952 792716283
674 954 506141386
276 404 499121552
667 792 130726816
46 285 488539249
617 218 271871589
760 501 719548242
154 638 994798087
266 750 516866727
969 455 853721804
493 423 324786187
86 933 543860688
69 225 578633063
69 518 618251696
365 157 636766310
594 344 786563904
387 199 575832001
47 903 975680655
94 475 447454539
176 139 881076837
324 672 43239400
476 214 838736795
175 767 812802120
259 6 190080129
146 294 950621865
187 166 784066534
628 217 696593722
198 738 55937109
748 395 456987140
70 31 431113971
933 211 441390338
703 809 457599793
415 262 540156106
97 933 894124999
61 43 869647505
555 438 288248989
679 126 216687442
583 311 450937091
765 289 756887089
802 557 408262589
728 290 715823983
948 752 955686222
45 711 702951983
885 498 327358450
546 973 253126387
897 508 951921102
780 616 549846176
430 794 168621249
39 793 115236390
505 382 690742325
112 548 802098744
694 69 679768474
354 522 267036300
636 472 829442450
84 34 465997586
957 779 197439696
870 71 697228275
833 321 913306368
910 814 945274896
815 330 473655651
643 334 882673794
816 545 5017299
952 349 244609702
321 634 854280763
690 585 561268599
333 127 59059411
871 695 944555036
194 586 417570675
84 402 710724117
873 762 224750037
857 1 90913592
94 354 228487504
795 290 822060486
276 230 339019493
828 997 671210276
686 997 950993603
647 470 629101379
145 737 286857832
46 19 452780731
941 441 116309683
140 40 39900331
780 88 307848468
316 325 740870636
81 826 786412752
827 45 653545035
562 965 527202138
220 938 630353313
236 178 776843217
47 32 895804043
398 45 117116668
167 587 7868266
559 741 268970292
250 335 950168782
339 410 811863215
764 438 404547549
951 480 470841713
414 885 919335830
281 118 622083042
750 255 616736646
955 926 304959065
106 67 261853191
814 351 287144533
174 635 842009787
282 128 736076474
372 448 791085967
477 535 216893810
365 214 48137127
611 221 625822769
383 231 7225938
343 402 404294001
387 224 230034344
547 745 160307666
281 597 298283100
786 758 621101397
697 71 253716022
721 855 608069354
634 250 616132960
258 65 852284552
126 10 97134301
629 305 156986588
476 986 134424387
705 52 513179031
991 455 393797658
583 323 464018870
369 445 881023698
716 993 430074347
363 430 746081633
147 261 25247615
246 257 200458652
621 720 778237510
290 243 481127296
969 777 592175870
800 589 270861206
723 747 264815573
223 923 704685013
713 495 745919037
804 441 761135618
332 426 883826420
990 512 978761693
684 836 657433057
105 14 889657192
528 790 568828162
921 102 915306063
116 67 183805469
562 434 280095729
953 881 598827823
27 178 169631671
115 75 612232205
13 705 876255382
493 242 700201785
277 163 134641641
608 863 15276168
200 844 733860017
491 221 483349859
687 963 936540146
416 256 730043166
268 287 723309817
452 98 728154905
167 105 566952218
66 102 662802541
818 103 586438714
6 2 491282079
306 33 526274829
306 404 125995121
953 380 225904177
967 333 745067826
67 184 132615587
993 726 890079770
201 807 619806289
120 754 814196735
364 600 956114376
215 617 918528769
734 933 558627920
36 632 259330789
373 919 203292127
276 318 267724807
600 845 450614532
708 229 248634611
518 530 257500625
766 795 865554948
165 798 367474406
5 950 660914916
484 412 596472488
998 726 344028687
662 691 150808442
308 995 800162393
445 346 143403648
674 57 834907012
675 121 696841820
477 157 723770225
160 943 721992214
581 344 143874171
47 462 949333741
995 190 289501303
698 493 895333338
348 172 4826621
278 936 773727034
574 257 255717163
204 52 308095267
204 844 547766676
799 299 725727004
28 19 17010560
94 894 616442800
304 143 572847115
124 683 307754809
395 804 4716730
851 290 487010841
345 708 780221078
342 696 511663278
742 822 450421163
162 3 352876331
93 599 131277325
363 757 788252482
816 732 35280579
918 28 379883008
148 3 291269715
367 688 388217001
468 317 230255863
864 103 750454256
560 944 255744775
47 607 276926781
411 340 381944820
93 461 985680484
67 150 54364923
455 152 574641848
286 210 94403628
486 783 940683507
750 624 883852051
13 10 514186277
105 389 902043675
868 383 864356808
734 170 217403390
783 311 474019087
841 515 218633880
598 273 698931134
502 764 899252184
679 185 605667104
866 261 899624598
814 34 327575677
852 211 17858783
714 370 360621778
210 166 888910895
52 582 623056594
156 190 985340799
131 128 619037789
486 441 647120818
591 684 114267459
688 471 879776516
569 130 528733394
900 217 129021769
520 729 38006247
968 623 108106491
796 124 143353799
376 13 184956329
474 631 789930312
622 183 462475621
82 526 149190026
843 860 795316210
530 292 372803646
303 119 390822556
456 50 388877520
776 551 196741042
513 89 217637485
910 258 511513891
964 307 222101469
153 497 558591744
687 390 757340804
448 84 544175675
450 963 145039745
194 392 72232522
341 975 124298029
238 152 341346609
470 993 387371163
725 697 855899515
681 879 899961516
581 431 725585457
351 203 90097045
93 253 198528242
877 666 275590217
878 256 205014425
689 794 532352651
238 815 701480341
597 505 286078198
75 574 95540109
635 34 783421336
49 344 928750389
794 423 147288499
248 420 657706287
781 327 301664555
786 580 901844300
451 235 708339365
812 415 397922825
116 526 325508995
934 368 120330357
320 492 780027704
585 745 645003470
456 263 752217790
160 742 933250801
231 110 648611725
393 336 856010946
293 952 512171450
172 385 749057779
259 238 476754307
989 775 580751295
387 220 50425098
888 862 989509682
725 222 288078311
184 808 750866914
35 870 806813707
501 109 207479274
21 429 454086407
21 40 648695320
320 434 853634691
29 14 668462938
125 79 548318854
973 155 856616493
328 261 215095162
780 943 707861579
768 816 120810750
458 437 574773595
1000 984 636845327
165 102 201700037
392 203 600546458
480 887 417440036
617 385 314351336
324 285 507781254
918 357 508341012
546 390 557246360
215 661 665547429
713 11 182418141
636 409 997051118
749 918 277195507
84 887 490125062
405 401 98433802
971 603 703790947
529 862 687910393
843 500 562360514
599 42 477384122
375 271 985154352
379 573 829673916
39 7 449246856
584 596 144377827
983 887 288782969
746 352 423993505
383 278 537251332
624 519 141474297
296 34 67963831
621 690 311342960
426 173 67672331
458 417 767673957
449 963 884693517
442 807 189815757
560 458 952709536
841 551 299906713
985 370 383773826
178 472 369267738
881 152 510729812
750 64 144862874
570 681 445978394
277 105 310291875
353 691 586951698
343 185 564963577
873 342 989204095
186 777 261719575
279 441 875406397
47 768 711489816
896 85 168097108
679 576 932768355
157 329 212444323
11 111 222289600
587 361 496121061
646 867 654749651
700 285 976587539
79 912 798496346
122 924 277918552
657 526 460712987
141 942 192442606
183 124 616947735
384 230 786837785
592 377 778697496
434 259 299438898
101 730 166428142
237 376 545488702
235 92 795098632
300 109 797443915
775 338 227890824
201 754 727701905
390 32 540267875
800 939 350352849
614 183 265256223
364 254 121023873
128 25 170733855
606 692 624315078
825 491 445255456
336 154 815447729
640 656 896365670
323 207 328660597
994 84 681768856
765 234 400952265
736 776 879947021
471 24 588028928
106 646 73255276
798 484 663650381
715 658 903556922
260 913 162198223
350 770 982194630
887 266 156291261
589 197 970075954
195 949 242126389
248 493 347790454
5 184 334244517
898 3 720984361
25 920 133630219
971 105 609852035
152 507 850152371
559 517 755189227
386 375 788877266
427 764 46881945
754 529 258240775
335 332 610314464
830 124 59441739
208 117 842613093
790 986 337514571
756 530 293743458
227 751 356688697
662 457 787766125
521 231 653810803
490 279 12315798
895 324 127508233
801 482 469223551
322 417 582468530
622 351 103539976
15 652 252023965
230 895 146957366
335 471 262966858
357 501 818493957
373 115 806135585
524 862 794590116
736 320 730353238
127 90 641569951
487 819 878175557
710 685 260094952
51 925 305669469
236 382 267138626
531 596 607623710
302 505 426722550
444 856 326633373
439 328 984428849
543 309 903661659
985 476 720981122
407 209 779034705
617 230 345248161
188 179 722538560
850 570 497498943
919 212 946341879
813 692 216050215
686 496 795795242
12 9 549777985
859 307 791803790
512 178 255392609
65 816 158040588
328 79 53409563
970 730 828364785
256 164 755870814
924 548 253444207
641 925 171442258
971 861 383789647
275 129 137236850
823 710 488145761
150 52 716192577
495 570 20364018
716 641 369221724
763 214 710277483
340 851 946577919
434 274 374590773
741 398 414615813
919 344 672132790
641 574 554943766
54 302 362290506
727 404 179866286
499 67 437955033
947 490 992629853
99 47 674701500
630 870 920718160
138 811 317663434
695 76 114519336
71 496 835141924
36 10 412195681
168 266 769891529
364 113 438579224
991 646 154906124
688 315 521520803
809 390 742781287
355 345 428170026
192 938 75940208
388 286 813926713
850 63 285003364
990 588 885543936
446 311 228885649
138 376 27280156
838 441 530944142
268 272 508664310
588 177 882138851
647 425 479137817
147 975 363608692
577 351 923974434
540 45 197938176
801 585 233723168
930 792 605323849
716 609 9031217
986 618 585396661
894 680 797665131
473 827 80453688
645 68 448170359
811 118 749078382
551 440 147059440
863 908 994818762
469 827 913773846
144 597 795862483
802 656 423662344
183 931 323167014
458 884 974791957
763 985 771634253
947 543 888138657
754 705 60589060
768 519 873088238
139 510 860921462
420 726 339680219
112 13 881857377
100 959 273287955
546 24 987878212
489 117 381281296
590 732 558435221
57 39 629899584
194 430 266942695
680 588 935463733
38 919 258577018
913 123 54276383
237 235 943915401
359 729 981816619
728 576 984758901
520 893 747082329
434 111 836234059
22 242 699210082
749 383 162645937
920 645 360354715
484 619 182089926
882 291 137534937
884 191 256807304
446 429 991114256
34 892 902098517
518 924 619715372
274 501 320188997
576 439 739209280
137 919 899240212
589 319 271149313
286 135 547603244
344 738 557496163
693 252 177571466
329 276 11302045
303 148 812010463
962 97 974884380
136 11 858735746
444 116 200454896
838 589 256987140
461 537 894968541
241 749 726974192
603 550 267000798
172 359 976780897
149 76 22523656
561 699 398558007
124 287 731258409
648 840 87533283
667 881 353698098
200 832 532809024
491 108 478671368
982 692 762770644
145 686 147155163
602 207 4672115
975 414 862851242
139 680 218412322
783 884 156705933
623 409 720539293
927 485 946953469
332 203 360522456
606 898 186179093
79 46 505194339
467 118 833381602
236 39 929751433
361 149 758614802
921 343 73010767
711 210 191870032
393 260 244762239
943 652 671260511
366 681 95200339
234 7 12017903
534 971 944157052
668 674 52725376
908 893 462512194
231 22 99382320
788 59 685517634
353 811 707663069
479 333 747417105
279 241 565478639
125 307 759032299
999 75 372397775
309 892 609183479
547 196 180352537
585 832 558643517
739 73 80860438
831 199 440040439
346 126 885075573
296 432 605197418
701 70 57763819
300 86 959417864
676 797 404809990
339 417 395979954
134 132 859267719
906 764 866506900
283 179 959677913
124 95 772343619
751 837 646265348
516 382 670457719
214 34 648012558
889 855 73120441
300 201 653841206
19 15 779691975
352 156 455154536
145 952 385859919
792 272 877715565
124 377 375046700
320 441 161765923
37 398 6093227
141 39 917143703
302 150 362069519
798 670 223857484
913 915 649690660
364 271 11057207
934 343 355021482
775 492 530511463
130 801 282056098
350 557 19561745
202 155 108384806
117 952 453610298
564 811 676403047
508 389 297444384
854 121 438780469
4 140 460995795
755 182 549265535
738 162 604024153
10 5 328106663
55 4 690992072
521 335 438184140
447 235 111516783
914 534 857291951
314 130 844179428
961 185 355534909
244 23 967905694
888 54 536783846
682 623 95380270
320 342 365486605
649 545 385964000
475 577 574942857
156 670 336487965
374 972 635856918
880 336 766677602
168 980 712648283
346 747 589895698
972 864 447281654
281 87 16794551
511 715 628200321
490 878 814839279
148 92 708237716
805 721 923983098
211 119 641836875
376 828 359265012
348 783 143940735
413 763 818772662
520 730 507684520
351 331 219564532
24 780 241175682
706 13 982330623
474 192 970341744
387 153 819804778
406 540 373333395
736 312 666968668
709 329 670384069
986 858 697508188
970 161 116307212
642 647 996023944
48 37 984894639
212 74 952164884
953 349 802961457
558 449 521520537
476 428 710155480
233 473 390999093
143 106 532810116
482 87 880340105
841 819 940115412
748 98 990395322
811 851 68319163
218 5 167753331
636 749 414601583
256 58 914389886
189 631 613265847
669 886 473082879
978 595 553415462
622 342 141910049
196 958 487216635
994 553 59610007
803 29 287285108
508 311 253220838
252 434 498310326
242 294 133425285
303 246 944869839
702 539 139732070
607 578 245075336
410 405 195755659
984 419 783923657
945 782 889160008
624 496 407482799
540 10 329591840
925 121 21093659
924 805 674791921
418 149 427214511
173 733 496550344
606 383 834322718
839 443 568720705
727 696 991663481
502 676 409041151
271 232 990814364
705 346 808651737
421 75 143262729
671 259 172443514
271 244 521316162
524 785 91024994
934 686 330825331
690 926 512585053
281 454 19199834
987 439 463263556
906 357 551726278
188 892 510343189
479 559 382185690
865 834 177699876
907 860 376183161
213 304 89250336
116 791 845564737
191 10 181931640
989 644 838334539
364 988 370762931
827 698 7802509
908 237 185800216
720 168 259481631
31 837 271977125
685 728 590554944
462 256 239289140
235 795 336754383
450 398 675481831
288 525 262426365
535 541 514197959
616 375 882471460
778 572 123182790
378 989 721762672
694 732 141826220
634 628 732768453
770 386 558582513
485 305 268030479
641 420 74562095
472 963 996976188
280 402 101011719
262 811 432504161
157 153 1672790
128 657 46075447
533 91 386835938
890 787 175188271
255 128 54286260
589 27 620820372
182 665 162676379
395 577 585398478
644 639 11487726
78 229 152965589
563 183 639450516
612 593 769890060
420 247 661995864
441 616 808283569
449 161 972903552
347 887 98887930
373 780 247500906
236 646 572207249
805 632 553455124
321 766 949850428
836 415 791778796
271 96 461946974
172 280 338786653
227 873 65561679
583 572 62328417
691 723 625561666
405 747 932996597
696 406 761226838
118 516 419203851
519 290 99179241
362 202 989996040
451 877 327468127
963 518 880603832
392 164 806167323
508 961 95217912
494 358 872691565
606 335 157716242
207 29 81473446
777 169 297694235
391 187 311262826
738 324 606973419
493 255 401181175
928 742 10324439
813 440 593527683
574 194 997187328
215 105 273067352
63 263 315693717
646 683 66348181
791 365 384018324
488 708 824691174
779 429 167789926
932 463 677016822
216 764 807591781
979 989 422233368
47 771 620974383
325 6 682190609
270 758 630238027
8 7 588830533
966 513 387191179
916 553 103296982
750 742 188642581
199 850 866945759
372 15 754255333
505 41 934873089
627 314 956286617
285 362 990822133
681 639 943020738
286 309 599887738
863 171 590659095
717 658 504467600
292 890 750780166
833 323 758360726
587 109 604271531
94 54 957274069
69 47 858830039
129 119 442492684
822 345 904917366
141 413 313358565
694 382 437977545
234 863 235214791
187 336 506766282
378 253 221637795
821 924 778830187
855 593 778297890
748 413 983171537
92 191 827128610
349 312 9888901
227 139 670231331
982 303 306209033
207 348 953729666
290 991 566964372
449 8 433252389
817 87 725262219
931 357 997021959
27 365 453774193
241 469 278784696
443 511 332643596
192 566 869875798
970 960 810964985
811 204 958570164
563 436 134550580
5 913 467476704
881 382 221199491
558 250 781562633
555 396 813831924
95 916 435709071
251 130 173321606
544 845 248266222
150 339 296854582
565 298 301660024
854 495 66057747
181 206 454249115
956 871 943009187
67 933 283637915
926 817 199710343
636 726 277561201
75 1000 952379965
976 486 633641322
799 269 746407464
39 742 91117157
96 805 627540053
673 356 282097976
291 672 105730527
916 818 528170276
330 235 410114713
663 29 465947638
176 888 430650621
605 231 660895468
918 819 375337653
585 361 897079155
730 319 447583239
145 498 147798997
121 710 510057669
38 7 342352047
474 195 786861251
926 813 752032205
85 929 93327600
961 619 96687039
334 68 504558046
520 767 611366272
339 660 976385499
731 92 878224318
500 243 917724177
75 131 165260333
935 823 389908204
588 192 821389213
925 418 967617112
936 606 706059864
208 41 491632305
537 428 326778998
554 936 651742680
510 250 621273023
189 400 986297378
772 760 412874446
781 133 470727666
849 78 135393333
838 468 666123122
562 149 455093625
13 369 830527357
421 31 755174960
686 436 339328632
548 247 765685561
220 808 194198414
694 596 476234174
897 769 212447394
721 136 340335504
965 166 260105438
374 32 148446429
827 992 991276468
471 880 455567256
856 403 21642997
724 925 427272019
516 74 707991840
167 866 713212744
456 725 807676191
991 267 905372009
294 233 122145061
932 350 791809491
746 573 750299349
500 810 900966935
903 278 782105882
449 464 903224886
466 147 223735859
388 793 429610961
116 919 565488951
218 810 937614433
63 257 121184922
28 58 928353549
880 204 533719321
667 530 300804118
454 393 555893049
905 342 493735927
196 19 725340481
625 531 735233858
166 394 746336426
639 135 381215641
21 332 646421949
996 750 878059332
126 427 839943745
506 977 666288796
305 150 375804741
718 621 181945963
144 644 745736974
954 642 536800269
948 638 780705692
121 16 741670503
14 6 21135607
360 259 972193379
202 550 341713004
598 902 920662055
867 611 672642172
338 102 792085051
195 291 933529901
224 777 40659434
331 82 83399414
142 94 921089561
170 138 118853548
221 83 282075020
344 291 810800611
20 156 517556176
257 163 245608593
845 517 465968178
93 963 106477977
792 987 709735230
902 708 547330090
874 934 200783686
198 124 543333969
915 612 241296679
386 385 756973245
7 5 512363699
865 132 381402649
518 276 967478184
212 344 918522226
534 411 601679668
142 154 732872198
717 583 803879904
957 190 803692922
80 650 697634937
418 135 721915253
103 701 778395629
578 812 689979619
27 329 794377786
99 552 960718549
269 162 334607757
369 97 191304067
106 51 978486728
701 400 697458675
644 262 431630500
457 640 614892721
736 896 642009277
928 205 17511247
266 491 220136133
885 370 518073759
620 139 690604020
663 752 847668786
556 833 719995109
82 187 353233626
674 571 424551524
54 547 956879814
772 817 842239453
155 22 563378651
548 369 446921606
173 127 642406625
462 49 210836338
715 204 422712192
676 70 139635794
844 642 127584357
130 707 308521938
345 714 582102800
30 167 853050205
203 191 316044185
346 69 729997464
43 200 131682071
178 374 827755154
173 273 516920576
493 776 779188426
75 281 699544215
377 927 210343186
717 592 452520418
816 396 452300018
447 113 137563282
505 111 52866031
804 617 621281913
375 790 870495208
554 176 804778981
826 243 546629948
816 727 857011277
211 657 866958599
349 362 66313221
522 871 901033145
234 737 995048084
263 834 147436443
980 572 94094295
898 373 1207303
412 563 137267233
662 362 518818837
456 710 211417499
129 791 597862087
876 337 236593569
857 927 599657321
94 139 176013660
354 914 580892357
319 688 631205606
662 968 650408277
68 847 343809106
72 721 188839757
836 667 412187144
267 535 528211058
864 531 259586446
38 225 566386283
522 299 352695241
357 745 481359275
930 880 478928463
70 614 425387186
455 639 621607574
314 466 344271112
181 63 518536925
711 630 986966024
767 179 326172237
582 733 928233777
467 792 605736370
154 652 209498017
215 380 317464858
59 121 883844442
681 679 435027555
485 94 181290246
325 319 784684880
714 662 932942833
661 631 534161486
473 546 330057018
368 50 264742164
258 964 866344694
346 458 682150065
302 608 100879488
11 201 300531203
499 119 639950170
892 414 994947539
386 414 960853420
886 211 304462159
994 707 878462355
133 127 330300641
64 39 752088121
845 814 231377515
331 998 794231015
847 18 611345549
854 581 869688620
146 34 997788788
1000 884 917073353
128 669 77040252
337 150 287213778
480 437 421602645
344 689 471676725
352 21 328058379
457 82 377615548
413 312 454477688
206 862 107595028
854 473 88115291
81 28 245061131
546 143 244163953
479 11 531612252
550 515 251872254
919 904 662291751
290 518 779611211
768 281 449650464
811 305 453631981
506 2 289443525
583 29 868304751
646 613 184473596
970 140 837020918
139 601 430294840
725 72 866227202
472 164 363987655
62 818 474367851
146 796 709899096
416 328 472629949
529 46 492671855
630 322 959868576
845 449 23482961
379 94 247904842
520 543 745434621
582 788 738699539
285 187 596730184
406 119 447690872
713 128 998208445
470 549 555339906
548 978 465330844
417 237 919374181
663 941 648989292
641 992 825981345
288 167 570540810
21 4 234788985
449 443 344258640
429 608 70063215
228 204 235139186
388 237 345903246
950 696 429968163
210 575 396182165
959 554 533114305
666 891 936426324
549 287 485577682
103 81 179269773
230 789 774385481
153 86 536264468
923 156 269814222
430 2 935766896
292 684 742807426
768 878 298106805
841 213 13443876
610 426 857237865
366 353 208548278
709 142 493447877
584 455 414301155
995 197 795989882
39 38 706403407
100 618 190002762
422 980 757739277
915 933 220322192
563 551 48312721
272 582 476453741
656 881 669560486
599 367 745253021
980 861 780028999
8 952 505348364
721 967 572552992
736 753 37925501
565 643 227194081
714 485 818348923
920 868 922850438
255 560 855078733
258 517 368656722
975 235 859212195
918 383 775593575
220 187 523510243
108 496 4219693
504 181 214314756
596 641 761191838
346 985 40774167
381 28 28549438
27 84 389712979
730 526 838784812
713 12 435868326
59 25 783723970
564 162 212737440
491 581 128918905
976 667 709249435
603 254 376744556
529 552 417234365
50 20 319340932
310 159 187469545
553 347 238834897
27 545 524583563
749 558 794868688
949 118 472147985
779 59 24686064
459 91 155181090
521 19 343393225
257 68 498902270
946 98 572278473
216 183 528224427
239 507 901608509
107 76 148074320
913 822 215308340
666 934 669784552
519 222 931409865
809 487 809480550
853 591 721919110
280 147 193298499
356 458 933131967
733 767 333456597
886 408 126388199
924 126 476303465
666 826 729039393
943 126 410332490
701 564 152511043
823 530 67915830
343 11 796969522
613 302 568330194
16 670 471856734
868 359 983880865
930 706 274913305
766 521 701705302
703 294 878945805
771 837 90160917
154 578 937153269
387 450 212068629
375 309 67004028
674 544 340704158
350 767 625616924
196 655 783195562
648 588 598567672
253 765 449497627
996 876 566017768
772 32 445224793
817 902 962458217
826 834 754034671
130 872 543621294
645 450 229991058
520 719 25579069
240 902 981041243
331 529 566495246
705 334 786762693
192 251 50394813
679 579 532677753
672 794 562477993
534 26 808281384
182 738 686492857
532 316 811290642
561 149 324593446
409 202 741425218
511 433 532287619
281 66 504306008
407 14 617775088
522 875 751527635
380 62 251400206
338 417 553430766
996 870 758395367
895 978 342246900
455 530 590405964
412 370 285336155
282 67 533499093
544 49 634750829
923 589 588387948
894 12 915707122
219 405 407127627
990 50 511360765
989 327 396491482
510 233 394904265
424 817 280257446
930 323 991903435
405 712 556677256
463 687 171254502
143 736 869251860
20 548 179962327
345 264 769210496
682 779 248805254
464 553 225690690
563 481 50457439
601 385 618582912
365 22 535113686
671 251 548045051
621 536 917570253
711 240 530411689
591 653 35421091
950 600 254067942
71 941 683868060
724 290 935736384
241 43 60265050
321 890 491815015
556 994 454801322
762 29 737460322
932 194 685325553
69 555 214306081
673 873 759536217
892 475 686301435
209 361 129997617
768 137 44140932
394 88 256414503
272 803 17900854
276 929 220050626
496 423 236538373
426 801 384656813
498 379 35320067
191 373 19609061
30 843 653176827
431 137 151552123
113 636 128785794
391 313 664598605
251 260 368008392
507 691 219522201
865 186 861109475
125 185 550301024
747 761 51556084
292 505 871611142
472 187 999121741
330 517 64697010
336 824 98347058
829 300 917647890
432 328 627507367
895 901 523084644
585 318 751428094
889 513 780836714
371 730 239175556
983 28 916794145
362 463 89297743
128 182 481509897
505 348 712363608
667 824 335203750
298 979 649994166
149 201 283713265
527 38 383528282
237 937 882970316
419 869 790308343
646 80 705777883
31 236 509377533
704 449 231992747
612 665 912770333
874 545 201025917
940 33 323277017
179 399 26464824
401 917 162357975
919 193 494840944
596 959 732608250
498 194 515468135
816 129 222864912
382 7 528888336
507 415 708866302
517 645 913686721
775 889 37190261
111 14 314223500
487 33 785364780
276 992 564834765
732 490 850754722
523 697 997053618
881 517 115064536
460 364 340981354
475 249 814303237
390 623 51063371
143 627 973898486
512 754 436185657
261 891 986667
188 709 125687750
124 199 303095131
630 123 876401580
541 277 565824265
301 985 63474903
93 367 661404065
739 973 556444885
907 609 252620056
318 868 568963865
433 406 650333700
503 736 834816707
573 423 117250596
43 415 787272828
526 727 271341828
706 628 962925094
98 18 590248038
521 643 256557118
978 342 997435711
417 731 283800321
889 720 757910778
354 340 510096460
795 85 770646877
786 292 355134342
609 669 868042159
461 686 849720667
714 733 673325936
959 173 754543135
149 130 194490335
759 26 408063701
179 992 662661152
152 320 884862630
59 967 399219630
344 946 393908163
711 658 265642175
589 692 831030596
229 954 840813665
350 240 446739755
889 983 595401605
656 527 315002950
569 240 298752537
466 650 118402790
865 130 330023708
551 509 529887627
976 317 700211719
111 863 416140327
393 173 940302651
839 606 601216793
136 498 500189641
94 563 348799103
18 11 838465166
128 245 323448851
411 532 581740876
781 773 974703474
988 406 528397112
776 494 84451796
310 765 518612185
503 642 317023403
125 938 812645330
402 718 149954305
432 203 928345294
148 490 142645263
118 344 879860164
435 885 735825826
393 181 531605324
47 948 639184239
118 754 179353118
396 202 335131578
51 30 950404253
656 23 934851189
550 547 935443437
85 549 535192535
600 669 344849603
458 927 497142070
149 158 73522189
708 941 242853261
475 544 466707216
164 559 816079935
296 755 519510007
593 451 106588818
362 664 590844879
998 668 210033202
180 48 692220956
752 43 159677487
920 884 321158029
645 635 994411366
747 828 447637269
410 998 131985046
621 526 895737069
161 106 751842429
554 174 247355160
626 165 843035833
334 973 963055174
460 347 627917756
734 867 232292036
26 56 57166098
261 504 283260074
97 254 327132445
682 193 868075095
97 39 792214273
612 666 94985499
631 563 366234637
301 71 592675047
362 861 795516037
240 153 43665596
444 781 238307583
131 158 119349333
149 148 860148987
376 209 562722061
769 508 420265178
506 788 350995718
308 697 151766163
53 8 673013054
836 376 917025591
708 652 201749024
207 300 258433161
766 784 796964760
482 624 491070397
121 484 151196151
792 154 467200233
842 113 901866984
522 724 298014192
245 166 206608481
701 573 408982934
826 70 209645115
831 221 724965109
235 194 761555205
147 17 411603990
255 524 598408648
329 327 799636657
602 47 130736050
139 343 226535524
763 602 191085186
277 259 40820684
306 500 180771075
615 135 776885412
431 549 455469116
98 80 673956966
322 30 835748039
859 738 991841268
701 634 640819623
182 880 31014272
453 902 753361429
638 115 259457836
354 75 565984582
461 206 396620327
422 192 870394759
980 660 514707726
706 629 449484233
621 173 416904013
563 1 783419114
638 275 589465034
409 122 218244174
423 400 398899019
627 447 182138852
593 585 607540805
486 153 941056340
249 27 904807310
518 283 406109108
485 833 720277622
331 706 39642006
727 898 496866092
236 114 136463403
777 30 779375966
611 603 464487854
896 289 627412372
658 129 73361823
176 56 845729031
802 773 563226882
725 695 791468088
751 9 247664101
933 662 905095442
110 949 653867012
471 665 129375684
282 434 982320417
921 804 937134952
479 460 943215158
307 540 644676269
98 438 360190742
549 475 287439936
133 426 886221547
506 829 653857835
694 9 748542350
848 662 347336101
781 546 699795925
366 57 616341082
265 468 617508741
520 577 508451099
21 456 271883932
405 718 171980719
856 729 856465450
538 193 633327895
823 671 974831785
219 760 306561755
404 187 519221393
327 271 738093392
166 591 584406651
620 112 948979130
664 692 719240736
751 437 520642728
375 729 10466531
470 926 717340001
653 976 813166559
259 297 931065630
394 642 190806476
146 702 834881928
482 262 551160044
756 712 744652473
918 972 534163143
539 651 175888635
810 143 605159753
70 398 242970180
76 356 571051727
522 762 48783089
366 105 731326750
371 273 942953856
293 189 885962666
591 524 683422224
724 357 970067070
77 19 457085553
550 327 463859625
109 133 354517566
335 510 232942822
745 668 744944857
477 496 137253787
237 374 386789595
884 840 137415085
965 20 284752059
730 271 375411254
569 449 827109613
320 592 752656318
517 127 207018721
911 323 327222884
437 573 771891498
76 64 119386060
188 446 794090939
999 49 786059714
97 130 219903694
670 89 653195710
178 71 816616492
472 225 431666127
862 747 573469436
630 283 118818038
603 929 457279116
540 397 916380532
67 351 615076461
799 237 260419666
407 227 284865240
789 232 967154237
504 328 581222641
345 501 180212555
45 553 903892674
63 16 978898662
930 684 410845480
89 83 541438361
616 132 328410472
45 27 502263199
778 857 617231902
622 383 912334702
949 84 922603415
584 860 244190793
49 189 506097454
110 35 836044509
645 698 223740327
826 400 472369705
987 283 451156668
832 852 980960806
178 938 91232268
664 514 100031626
308 64 365181312
194 191 103116170
475 840 650904418
788 264 238825700
507 342 983764704
690 248 140331427
719 524 594786293
679 263 113663349
503 678 844347245
859 652 138166326
784 36 803262455
665 841 606284444
26 628 69207734
883 15 912142582
923 861 945027536
133 1 910366221
522 214 133757070
787 450 185203379
87 740 641961636
709 26 323869409
52 733 129432152
259 964 256278623
640 496 781634205
477 614 685474760
26 949 694407268
866 115 959279546
179 77 900435373
52 423 765319293
633 740 268022086
972 560 98372173
235 191 467619553
669 103 534059169
326 112 726746634
547 878 738567057
279 725 744238957
553 218 472793923
111 87 603631578
655 791 676229884
904 137 160811782
184 32 700008240
132 88 443188054
501 978 266737755
723 338 890930052
678 401 931425893
614 546 553304645
601 467 479608029
752 420 197747928
616 60 242823990
985 174 114723859
888 162 689404621
933 412 824536045
78 4 465794101
712 802 25237464
495 342 119898946
24 7 429458743
743 231 628772014
737 986 540600492
446 933 877038372
950 801 526237986
348 242 239089527
695 536 599505672
529 826 235265713
347 255 297203985
547 108 319114877
640 186 947007030
280 91 383397359
348 654 40649209
479 929 773463837
771 681 491846797
883 583 794617036
163 691 777162463
257 94 497049946
467 119 874335276
621 415 26087058
331 395 771453163
629 290 350048747
729 140 104371320
733 857 549105269
593 669 34331479
248 671 700319111
295 712 972323431
65 124 179434368
395 310 697238603
898 232 261718919
852 273 60571733
654 435 532505171
148 214 283558226
905 391 102645569
171 516 559468815
726 196 785292051
481 372 94995802
743 308 874116449
507 985 230799834
32 357 273777650
453 502 695249531
222 588 575120222
581 614 908997184
980 90 506289185
183 543 846207968
747 614 188329759
164 792 835473464
298 12 773583154
955 808 505152950
775 276 863911515
756 132 147381912
542 756 929982123
484 342 355443886
264 101 885977108
500 208 404860886
624 308 336178946
867 287 825871287
285 43 149700330
521 862 526519787
29 570 860398064
524 389 747555214
520 559 677058111
378 681 887386891
676 232 991197344
836 513 566894328
111 81 825022444
744 363 270342155
394 758 986862163
45 945 184629753
528 475 241200553
419 9 871127562
961 913 325401434
138 477 610720635
7 144 337126706
581 157 60958840
434 117 790347097
853 991 669783765
218 225 337309294
359 157 64314336
901 845 280175429
403 875 359014719
437 304 25122725
18 180 407711847
987 344 858335485
707 549 349540181
668 175 61231074
95 168 149203274
585 996 295292822
49 43 120370272
737 117 723444299
419 271 405731631
429 848 843713552
580 469 982743271
52 38 886232448
902 387 725222840
793 260 831710765
642 832 262425248
312 249 41033616
92 42 871334683
384 162 641477835
556 161 292324726
707 330 448389968
266 253 173815796
866 376 683798412
556 305 167551627
71 631 970371825
292 267 174529112
496 967 815192518
907 423 998233559
782 904 73918698
744 921 216180129
767 411 576850152
351 238 306972126
158 784 339112556
602 762 634062174
755 831 481242264
659 241 947144654
106 761 6703652
400 957 107843004
960 193 886552374
874 951 664041033
396 710 76682977
551 78 532244014
752 413 966780955
436 272 570819573
642 571 274895532
504 754 701488131
300 304 718733699
786 397 489799321
98 20 268997473
876 4 248978924
263 443 390610937
315 527 242046152
165 626 579488818
635 239 177862962
52 125 63695631
940 237 474628164
871 522 950409456
785 501 233772318
907 579 800162971
914 221 798892955
144 352 791245175
793 689 774136395
25 16 34995967
689 641 962020714
652 548 967028011
562 331 55482598
469 564 693828560
43 459 526234245
44 349 145024408
429 775 26623772
848 528 79673805
515 642 627638798
246 94 346739793
984 741 412577919
761 68 842663800
43 767 217164220
704 22 487442852
399 245 918829023
509 646 728720662
954 267 107212680
48 32 865895083
260 759 206507356
407 887 389541122
584 312 100138090
611 634 179901449
336 385 713981364
591 81 151108088
724 504 234713677
860 537 119639635
856 337 660503209
156 811 90844567
200 387 292263391
437 762 655165240
552 534 407143746
316 200 7547530
675 754 141265296
277 88 364444119
319 219 874449863
581 6 102350877
585 969 961336645
529 79 276108139
649 689 844366319
440 552 488470917
904 657 993663338
195 398 132402412
755 35 605934466
855 247 610983507
577 708 82188143
861 557 145227791
687 982 781611570
722 558 641199241
101 541 899854458
733 984 289716542
585 512 805061215
94 326 337402593
871 584 895845923
392 686 364995451
675 895 362927987
698 488 909430936
895 825 436296654
368 680 812191040
544 399 866851103
787 246 443678520
338 552 764863281
663 854 810028964
114 9 24746256
895 676 35580638
848 34 185125533
275 724 707087969
314 763 737776892
778 811 134658099
349 421 556202087
804 697 16536697
105 732 461788207
9 555 157014201
320 258 509628082
886 442 104906409
966 570 141409887
586 375 461594638
801 437 81112776
525 406 761478991
15 719 202244362
791 781 807453230
917 500 783876729
413 387 768475104
340 262 173514202
611 146 777704767
595 114 202258968
942 128 334454159
828 726 97883069
928 363 55821862
819 45 697069504
632 847 954340185
17 197 933153135
491 162 471488351
433 993 575028496
251 20 342425893
169 111 991641983
910 652 625584587
671 112 912616464
401 107 183877514
599 74 345223390
483 9 213776735
249 127 379418209
760 99 203718807
371 977 279487810
543 708 60229193
809 989 368096143
509 960 562545745
280 954 423839948
650 486 697973290
830 482 40105149
829 552 188441658
482 3 697959317
134 699 721514642
694 136 450059786
865 400 20763226
367 261 424726594
898 118 338140780
341 76 830963569
617 861 190932120
501 460 840934447
255 622 905599178
219 217 839891421
981 562 221398467
67 7 378118360
345 18 485027770
729 710 506766403
731 700 757865613
183 365 281772035
821 174 266381699
29 762 386886925
823 630 479025586
41 61 564599855
399 372 764095900
222 157 731878806
233 78 164640675
122 115 921764194
876 116 324809621
952 755 230767599
344 225 801781599
257 825 282194056
875 388 802325875
338 951 708752839
609 247 139013518
563 259 99166711
487 102 781631680
950 142 752131582
917 914 302870185
568 683 86290994
287 234 646818153
84 763 819058890
229 755 199929495
427 416 772005633
222 301 450489866
862 479 803426590
559 477 347205266
753 638 90682925
961 123 21560827
202 510 591022919
117 504 586011674
893 614 572150462
536 59 406351643
452 954 505666067
431 883 55645612
125 922 550726037
428 579 3942708
854 999 752519718
14 390 496652197
67 989 290512325
201 146 79199419
960 277 349918685
650 500 485514512
584 368 303341379
283 155 598808504
792 433 798576338
229 46 334543916
800 521 814749272
437 390 359458262
717 733 221228677
509 254 782920946
534 319 345668619
492 226 368391445
833 542 707877130
892 790 709502306
526 482 621114211
454 654 86851315
690 785 401580479
538 322 282851252
101 6 897577733
736 171 899613675
809 785 164429865
235 795 15001409
642 872 227548378
746 448 827677858
703 449 945633208
205 862 509851917
356 179 330152377
468 233 793805131
733 720 783894906
288 603 974701054
111 637 990782560
47 426 179368418
42 390 67290852
475 503 133394440
985 843 178327653
259 726 500346620
255 938 567387447
815 87 343491349
563 749 796622989
102 42 500916021
387 878 690178940
898 462 882032335
749 523 888629985
807 792 540630831
186 358 330258222
562 204 816445343
937 951 647510437
873 395 402877368
363 180 260544465
510 561 208606618
516 499 130673281
928 528 616026437
27 153 564083188
821 338 78231321
496 838 461666212
510 357 571051425
479 591 277432010
87 154 435549493
172 395 502032531
362 273 304830247
777 443 732373344
718 193 196111679
772 609 527550604
916 342 839671645
203 150 303435604
249 212 249119802
628 2 7626735
135 93 975160551
621 917 285817553
182 93 290183181
329 688 993964603
789 253 744212900
469 282 343820456
161 340 7442962
331 555 619495342
183 97 662099428
238 108 382776422
191 432 658924635
539 318 995176127
747 94 421323379
869 113 649038163
518 202 595566936
803 958 300827760
801 104 128547457
858 150 810468597
723 891 421928536
736 657 217607789
952 223 851459294
193 312 153743771
188 174 60422160
384 203 886315043
27 141 45152416
65 92 903846597
41 524 814287224
27 752 428679291
636 315 770052424
366 107 682218463
556 353 827662776
729 11 703802114
496 486 566733763
92 12 522204288
676 529 585344921
102 819 774696132
667 785 688961417
880 129 493865065
237 213 488862466
283 453 559501161
659 23 587204289
121 863 103115030
190 251 994700693
860 754 548711143
999 138 498853308
927 890 465017199
395 184 958410288
507 451 461056077
141 763 62480995
37 168 187692725
323 113 314508880
460 692 943163567
692 156 22066062
557 529 126157641
821 545 270662697
314 463 864902864
775 611 638092919
440 855 334190940
977 973 392968970
330 733 727612073
523 3 144443708
232 127 236481026
459 143 790616992
92 351 440086205
323 201 902031438
450 673 199323572
591 216 820607073
197 51 74195266
485 990 304812632
222 703 408072095
850 993 338646596
2 560 973738070
797 666 551449221
265 23 442281761
113 547 549101913
356 224 481012078
870 285 799346472
836 573 579985236
369 492 133898709
145 2 224896494
9 39 877268332
569 821 749799192
394 312 367204901
311 668 615332347
132 237 101003503
224 494 913996212
895 738 28469325
829 779 45555537
223 58 645991311
646 836 371768036
258 4 421185604
233 193 713509411
585 958 504465646
566 465 472802460
23 16 413013471
952 94 250820788
768 250 252313774
565 99 60232137
258 570 583806155
494 29 136187557
759 896 226166136
571 48 675064789
44 16 784914013
141 457 494882487
723 714 622877505
477 166 851585498
17 3 179694430
203 200 517847148
747 371 732137391
797 454 864477893
464 428 880144305
501 601 951219910
894 484 599418569
487 429 504528773
316 142 483655533
754 757 570795198
856 73 408079909
791 153 895629069
721 226 387128207
410 123 98149777
853 659 89249657
744 341 296406616
835 651 308957937
130 121 510501974
584 53 12273835
562 344 398684564
828 715 676500141
75 623 128588015
566 362 865236795
415 290 925661715
890 812 648390324
796 236 162416541
380 449 376881215
343 17 490659268
475 305 150410380
501 558 858382350
100 346 327394584
141 826 223573125
163 174 810110544
682 605 381908303
602 562 803678079
602 507 141823270
689 385 946877443
529 800 214106208
524 142 215951573
183 495 758428414
624 463 271928714
899 674 465080923
146 917 974042248
313 646 501216242
98 301 349162117
958 677 885224444
413 295 422335488
275 916 259048931
423 544 700131261
491 579 601598428
458 328 538531631
973 353 212896660
777 140 116982705
729 518 373116017
116 363 197316138
456 345 44079096
935 404 574936416
745 527 404924827
915 277 256157601
492 46 849579598
697 690 698839689
797 601 802399710
750 174 44629306
88 31 981507310
375 374 845792645
634 398 361536271
379 829 675815482
689 337 435466563
887 306 651474624
237 752 429362566
517 918 389852745
406 427 158005670
778 254 279694349
705 47 725873948
370 219 151691628
929 81 830680030
390 178 2961296
305 877 759401217
750 93 57977488
21 10 555087767
715 626 110768626
365 912 787616451
706 871 592865120
683 268 27132688
887 559 920538670
323 751 409618458
24 649 20561985
681 628 420023290
501 550 929042347
168 3 470131614
358 283 200842959
963 724 168245550
437 41 509881380
756 259 603486091
512 340 799609056
177 370 565631516
453 186 51388432
967 851 790187128
726 380 144848380
811 596 516672176
36 963 446487601
788 770 978910336
474 70 439479890
371 217 979099965
284 555 91855132
91 42 754018553
961 485 984496616
23 145 763000452
400 38 96064025
563 318 918916460
538 744 520273269
735 550 530599764
524 223 208615915
199 65 892325907
828 62 462553533
186 166 996411934
728 292 881380312
685 506 802964346
743 348 333714067
640 927 220700603
648 744 414510374
323 142 734020249
33 4 692301631
811 697 275148331
456 840 727297188
271 773 660542073
612 178 855315250
288 462 199010256
659 81 268184646
272 30 823139022
874 814 163032472
62 22 462818751
35 659 300595693
200 151 700203350
924 793 306589046
814 712 883802720
792 360 719646037
667 860 278147103
178 299 467912058
969 781 65584712
192 908 82267666
541 227 390050989
277 911 306813814
577 845 600796805
109 80 554499903
293 97 50460427
269 22 914691329
139 476 951185985
386 14 415794289
270 80 208785709
913 382 734231039
783 100 712181394
527 5 266253091
925 161 48702172
487 44 615582982
862 497 823767782
680 106 244460229
509 72 331387361
424 920 248767929
924 825 556358951
35 395 26212282
813 960 923373947
517 288 279694872
400 813 211213431
287261636 385865199 66195358 418966577 915528586 772253179 270960878 668094228 901607737 370714081 718099939 65072444 78394823 873051769 21159657 664686617 980443239 577015285 997113013 809264205 447130448 90408126 291023065 882719043 712298793 179389016 284535558 400025353 886183913 927793483 591510663 446039500 719778394 328991787 657158041 814088850 363255334 631992083 540989760 691166662 562876679 492426720 46772304 947837888 502946890 714134928 770312004 73002943 30067551 181230741 617580103 870982602 279264715 34679771 434252833 504139471 942729203 409568078 596453297 730544277 777274648 90615228 208020952 509419399 338568451 642658215 541874957 955488083 384193726 850916731 304858277 562905041 704174651 694672033 930722601 859952004 504558171 365286680 398397567 130515378 479662470 924530572 149521618 6863735 466681250 344078352 620295900 629556292 357068624 759770967 225459233 595389067 206497625 223197780 750879733 4038220 897483709 684603922 79405987 799430781 273877195 519434119 26013516 805225862 246208313 700842177 113434834 453797512 730438494 480476482 139466490 694798966 16534502 969781510 554865522 132093401 570522844 149243042 120624786 460384345 34350264 32453931 212818442 101368646 372345339 949884864 762222164 54905193 44384439 362985905 789807401 624544963 816544870 695106342 4584868 603930822 715096267 355612970 829459418 724214567 61091117 627950505 547584794 968497010 495733196 688119809 719768582 457979094 259321187 605589372 715716895 143652511 111075311 418050186 925493607 2517982 802298666 742825281 295048060 997800848 617887849 609326 622351979 253667915 525158768 106459167 683892099 437798360 367139151 1680860 483668302 734774478 662300036 438577472 693417644 641943402 968000949 711228098 194837904 112064049 550687244 525037149 232584662 789135748 268405844 594547948 777439143 562574282 972799090 945113080 279447061 520081052 83872239 700001338 356881738 464020124 508704792 74420569 538338982 886403324 63995380 371759216 869329156 582242912 108690295 594007670 70356020 292775215 993531781 332852838 615884067 781950459 914728333 357573383 940429686 338945746 666248817 681335719 336925469 853252459 132829855 755756390 628894538 2960021 723669059 966233219 487652726 460941822 224563039 937135160 209135289 345570821 320033216 351895613 768136414 412105413 281474019 810474586 416453276 168754758 235522901 731653886 909430378 834493653 70341027 875169013 302487922 601665586 10954778 633601000 204242699 113195801 704036990 496136587 726650153 642583826 402309213 326115378 398714625 661810865 798268704 785443623 61008175 635368707 169527950 593059925 984404693 71141005 354803008 160164501 848520180 791257123 390018603 607748080 380177518 199216554 483247823 676097177 17618285 222513354 107909555 280470212 630577853 504237473 521070085 728360580 820717350 718902719 172134381 332613636 689855008 972345650 971261061 931628738 12870026 409679881 342142315 906963653 679313680 629610467 23579825 172960090 384413794 305798477 663536956 601306978 335972780 55694787 840194473 521179099 503246182 324976672 287345005 637179780 168987834 102856262 895155048 39534824 688129432 573051407 552042588 351095022 842982293 851335689 157165124 83866303 350194477 860114972 516224056 900624807 388337563 475954926 126136725 905810804 669523938 392852068 427014620 317075313 883763092 260447382 212388323 232238180 924734379 130509649 647046428 846999551 629128986 224607416 526563091 962831716 524955518 665210900 514134133 880976189 824548857 331539118 786232148 307304985 783941356 42286255 523609469 903085015 914460253 896612478 933523877 329220290 260353730 623629435 113589658 956206460 687312694 492846595 312392513 114357517 45561269 911617234 576699297 135699148 157366327 617468686 890896210 189716333 776006888 370872413 967178974 522504890 980129892 874941803 860716738 836564506 813534601 800539393 845052436 759904446 846788422 204193646 743052912 800069741 492852733 502151063 923192723 738498979 230057999 467821659 22626930 907986507 402999668 921306998 147266800 855880283 41862057 971443057 22777899 349021013 349139189 392992746 287406638 57168761 73224841 997250026 103891898 658529926 50266024 510719970 808785074 832008133 279419666 694180638 614835969 703780809 961031389 101285383 332428808 251640983 916660541 143072424 392209258 955199594 438766500 482504370 858904189 307392328 893669758 393930276 239006939 566266667 989078811 730671327 165004445 107863177 423348615 670206670 184581611 647431801 967657910 959761405 628859365 988275111 902352476 758097816 22417010 366844391 678063351 24733951 536081454 327778052 807554148 79455351 662583859 40145753 775463301 340633030 767823391 787628589 627838082 917911542 482399312 559904086 449318182 3731017 619399690 283230885 328649247 389273888 291384982 498405671 940209930 565313586 908880921 358936652 774225241 710258504 111461607 912652780 289840982 965441449 367987888 975220157 128010792 936898815 423370866 861719735 183997821 248186043 398134703 454404181 854273822 29591464 264066058 93763180 851017338 66871347 369270001 541489410 619668603 684847341 57888545 650746414 497223131 888958487 254984532 273752452 586890208 240963373 140374967 569269463 216111059 409415855 709296345 794114458 233857041 760148085 143731691 734797785 434408481 470979884 548110844 190132618 550400564 148372355 213812694 770224502 106420916 314893780 266307328 202894826 16078906 868863709 786724183 502370142 726339092 992216542 460267282 41575227 409822497 573626013 579177034 130658680 501499868 655461093 317130514 682670413 279265054 997785973 805656532 551764474 117155289 776707776 776321013 572543652 611860351 559044171 963737193 993779538 410414992 812097248 336340538 650073296 553099785 555522369 169499916 962689315 855907947 926253777 221893807 43401315 989647334 485856538 277484591 793861607 900031134 832916692 533265536 951638093 789269926 148135302 419576906 78630935 424754254 3162713 197042573 260965472 299150178 240626476 719454827 748605441 485441945 998268459 804572305 468150358 66051381 955247923 639637657 164465575 362689594 777672367 478205780 214407202 699759518 33645193 231591142 531194221 9819813 720272637 661495589 912465752 206991109 79794770 653897543 431858552 674957504 583928425 723218440 445701930 605475506 36942365 613997253 185715584 902347222 319708176 930386963 380616576 938645087 247625326 196983318 929896220 402365263 852247911 44850594 329470488 236125681 849625753 227636257 391841788 498164801 719127510 214972528 833522750 311351404 790387553 181573792 297160028 587261681 268775467 658901256 525657150 113368497 476260899 27217686 121569584 774984194 613882055 421013089 262166422 680293766 390631 804939247 279648172 734549471 462965181 490639777 171015688 269219729 560165298 588838837 697564962 886588609 923032019 754798887 249437719 3511454 662906953 33055867 933439296 502978528 333896399 368633652 460575105 651681203 153459272 554087988 409199749 453784696 534603171 479122383 142126002 308348100 624744533 446496745 779635271 887153111 12121384 86468799 779958105 300510397 619626192 622309611 841503778 151051189 944711847 304517551 819761069 658407903 153576807 953871934 476364529 386045564 562568844 871338772 725010444 885841874 398740400 363656298 135282130 139892778 239391065 36536209 105915829 198449512 431850971 939414776 317804287 589563199 471226226 388722657 922910473 239646766 113875790 293475580 28236174 7831043 24868970 804175105 162084497 600120180 325736139 726679 636425568 3325318 839748738 95078978 723673612 897317679 643143673 148114454 211647780 929381117 551283000 954831557 791151337 556155308 784847740 11292439 44928625 342087594 870255206 58176950 228832786 419180191 851457761 242258559 190033136 510228092 328495987 541723379 372661524 367810560 85628535 374476157 436381585 843739826 626858083 873495047 209096309 680034252 585123304 120136090 477500300 621458223 400188896 579436981 83467797 327450962 933537860 476261145 29539309 525181011 990268654 939156973 603179255 206894268 492370114 491256515 787970989 191542393 574495556 481945636 120462827 982512919 230855023 501852826 451875735 904897458 919029663 292393978 38822470 527941709 668327059 665305041 333315866 43605167 987093355 37830196 548733878 79701582 708060975 695513534 364814202 757038532 194830054 906113685 423573656 963914020 182904367 387600158 378320245 922478277 110807608 214265425 685150295 596500526 729067417 77441794 300717399 460755097 644155352 950908505 84128565 502684045 110163602 446188238 742819665 452429554 307055527 637338070 561216037 189595709 946936624 982241850 938770508 69677418 247196016 718431698 842979102 577967060 314396896 596364379 143282130 522217090 868238662 471858667 293120404 763206967 119631483 68773078 98621198 993184293 534524781 590406446 155450022 656107275 398563425 833930117 516585914 335208322 856868047 453210048 176990910 912124080 35177626 138653651 411677385 869112668 704958852 260670589 238002591 808946683 886461232 313711703 62860122 627729475 316859348 637367356 752388549 660039396 126594416 947849043 694026585 907236170 346007126 287348554 670148453 31362122 250718840 493986758 814212454 788313654 161791031 820338324 183732564 518555378 185761924 891357246 425617371 844987095 573842541 555327731 11356900 170219617 470514300 593013330 427196916 87893039 297921487 641246441 62540437 661016643 186282317 195085584 650372775 160444116 775878211 997011596 693923388 79363993 829830983 345440316 148488702 927169626 271495069 870446915 676726785 956491481 136029218 915738753 472951682 262381170 928337727 51662079 76951394 438501467 372560447 603584716 650143816 134670286 813677854 185426114 212925571 566665324 5499173 972403132 514239309 153579878 236036988 406483229 267647073 574054551 202431810 584927292 274855631 780341206 51404831 25203581 410044923 316815434 260869714 415334706 222650754 210281795 765229544 617830940
511099148 675988759 738909199 976809409 731697908 33572434 783110686 921688472 723143445 27042465 598334421 986615004 262674577 712278869 289120383 287202622 729484169 766682777 794361628 32694013 458032629 892837790 529918563 30108365 379084207 694847052 770936279 904728389 911181635 458260034 7693595 985456138 224892453 44880636 604484372 257686191 846836657 666749788 688537203 240960379 908488378 738511275 565824218 166571127 866263968 290983950 913575075 386806982 149703134 635481393 43570038 735206555 509708559 144911859 536916808 360399736 83468253 431975346 137118419 475915221 23829567 248291746 663313902 771392575 494811066 346138181 335314689 265985966 295258442 542099941 816580532 827784605 211174900 35184856 460163713 733666981 60066099 844099035 263551689 712699571 774609220 960415659 980181436 645582470 715066784 258753317 478570887 869211391 888346324 748598603 820829601 601210327 999482437 504286896 684541167 490906024 549877604 677416665 104703115 786141749 641364819 645551370 750737791 342521245 436947137 593244172 719932124 442616770 952106355 205379623 572957849 434046361 600146138 798106706 460305329 891574938 892555686 514953901 717489057 547754628 366205586 714304260 878880333 939417486 847528530 717830427 448190084 85201530 323649958 609291983 670604284 581432714 765267759 835706660 37573174 825141327 421683213 517519611 38970920 251553668 400585394 583516748 747634113 228611813 111814051 427687399 124150938 879940536 638410919 929077266 525524156 211970764 969564596 618673860 902062138 607236983 567894163 915626115 754241454 442971297 244478988 25866151 530991081 340940812 772911549 200356229 156716042 470257974 103227210 421149225 333178113 512943113 418403780 749890168 107083541 672845023 28872504 76588417 325992905 742457121 234232809 676422510 300636451 397576375 574473745 249050576 82013049 219345199 79898712 991901680 463660772 461461863 462360844 794134879 208730456 911113330 54352031 890136434 542735760 299669027 720291923 954059093 986226087 620102016 687164644 69059995 984733677 763621083 76116406 669593830 477079185 894026959 133403300 633811280 287060736 877156316 569454045 929099018 161022885 740252271 985733268 369642835 273524687 223564214 137717256 504617567 16476333 489384665 511417651 168141123 762085058 630743170 23162092 251617693 273174303 170907136 606956821 896551826 403298349 147804522 508475183 941622230 275485317 181842113 633653793 169184789 9638993 82323598 940344612 635081732 313811433 159013884 480666612 630893112 883082322 121492954 189292470 912653623 957023219 185407171 537790934 54842510 509021497 230747 380678256 83296463 692807540 984462143 955313060 791590066 862767667 235161552 126108107 551403294 175419666 245682303 374680248 129308303 672917862 564430361 552264595 413103051 370655758 715278434 152836403 210612479 440332741 695153494 3274713 987126356 790283681 179876187 112228074 749686150 978820461 834362178 946798669 755850024 770936735 429643456 731301331 10836270 125046288 561858386 370947760 886949284 763023998 539076939 440268473 140454286 954094161 557074775 681909818 961675587 707654469 601727102 288784146 820430074 768946044 448628598 716020982 252731946 473587866 282787065 921037824 357281265 67227005 199840815 640020048 451040887 456406047 901037602 888638339 127507416 761505363 504104554 231908194 528077327 617364085 894777111 111970240 635254256 939369681 368523350 167649531 91743621 442878524 488607991 278457207 312046641 259286975 969946669 492125589 43354133 752451282 279889100 33871554 203095068 934872598 443683255 836819628 97869981 192904060 32895060 965779942 316986404 930230926 961650074 503953690 124798204 424947128 849283775 406553999 955280959 290833125 519256352 701284295 57050952 710722068 597777275 577916921 285263340 597331982 364809836 937524814 500526041 492293317 841704155 589187709 919405387 962044665 58132436 936601245 970925739 371951313 553143096 288049425 887464376 780766477 241164238 603703586 904381496 924763132 489465406 560286230 320238818 278295836 867327702 505718156 845705070 954782094 242516728 445231133 866614351 819557448 754858190 225395108 863899276 860568499 551105161 553776272 625353458 473399454 39378597 159114448 938662004 39518618 707195433 578597385 800046296 575779068 320493924 217541772 122290204 662728297 766799358 445077267 134917063 556413945 286587133 519053862 616083198 967150430 102250079 759024362 779838744 810975192 756959813 948176537 934745305 51188377 10774497 982549839 56147630 936983302 456341164 445010191 717292742 987224678 854068284 468720056 139988912 315147921 156087848 622773021 893577687 977050234 331280606 98818034 139149512 178421823 654077812 42681102 831004414 754131115 486987723 693802029 887998245 727960743 596965469 76538890 717742354 382902685 31882377 597859421 647722529 344613516 487394453 929273915 229408235 57695361 460366201 905925986 909063300 9374902 740896878 583091142 674087314 538762564 574262495 883404276 690812060 211653101 98227155 373861065 426765302 211619755 811200956 263806748 90603538 651945884 816441210 822660356 13549614 493319843 235596413 685511127 576449507 429805392 548987689 697541782 484902334 238777605 139874083 335476276 698599805 673334715 469768617 800619540 743911655 472667995 887363945 779569559 23905371 854092518 970636131 686920583 311013753 133420673 599877493 399736406 303702920 624011247 981602693 547447616 402302572 784841004 637981963 127789359 932113252 298512299 804696936 637672489 185520580 109078174 118932618 361080539 815157013 239249214 824762768 698846510 695450535 901918285 100648709 923541620 715134213 21713866 346510772 168750587 12107093 165222154 282581128 941264932 921255848 746705584 982964573 555031699 805976260 953884252 447159869 695305078 949146919 61815859 258574931 346920088 347621131 631995581 779769746 177623121 216892277 972822478 609790880 908060563 548774839 389841025 570623097 7969260 887199416 230859169 238744197 464086935 758570573 829413568 355693898 58268320 855346652 779215308 377266722 423493805 8839441 184713178 513221766 156302527 794034188 539122744 999358420 529933300 587576414 530450190 532479251 1081060 224989067 154509550 180518313 955530268 78864242 414581818 918567547 690997427 301404148 930648706 745322078 406649375 636088533 124796362 863946461 838360641 284054780 619127112 391848166 195562284 73988427 457685839 240554920 359583691 855194129 967159557 668599704 277322317 385603340 295029051 971984670 345682020 344233569 877545352 676062245 748088546 678494344 513531855 604252182 753386467 282840074 202233685 356389310 88302027 261948837 500413138 807220106 453693048 848233468 285472729 997086690 847060343 461606941 802914128 1103695 958981576 159565019 38797328 825873914 979696694 899346263 185681885 498382947 936525029 242886149 848998910 618556228 7423931 277681811 23569133 141042915 992448499 512338019 60752259 384895 622845635 999222936 657356609 689786977 210663786 599326478 377577119 558982845 538675825 710574030 176443382 615299489 764688886 799103839 953251500 463569087 577070091 878107422 134390621 214210719 619714148 724398117 500515107 909199631 340810737 329897943 100743354 930038179 112728232 347750107 810882707 638625676 590489312 480180798 766181346 196163338 509243276 377199571 230033061 956073610 362644180 482032461 861090429 987149623 87527663 804989760 947276801 616966414 688658504 469859125 824231855 912263723 977742022 612265020 275309425 674025634 345854284 533120655 813005141 789850760 390819776 726008798 304554191 280032313 413675149 766490023 372068392 911408625 826008984 166580967 901174668 364296224 200132345 346446064 913393185 204698990 653008918 450552972 683395465 408071928 824389492 25914304 56424082 329344184 177065506 26466260 646614845 412100222 361478686 188414609 879838982 661037009 105722075 897917524 760493064 414058424 862278728 916675728 804923609 108051689 673116826 767062130 821450867 777926861 491644956 822966857 795692755 795874240 154211287 679987755 654717316 436785114 50896271 434610151 199120550 672032673 241819030 447806771 647583590 763444426 129097734 720289273 782500498 514189448 82806289 450135157 434623384 627946790 549621570 699889673 507730486 782846664 429532792 478389126 766266296 772907064 205625849 877105986 732427226 584079088 164529493 289540669 3079916 553254810 515169557 246253304 956674987 671466549 840236396 302103624 140991488 536018315 535828446 533633095 470266630 401457440 443078539 283618900 571069180 285730779 224872014 26820572 671152407 325291953 114168742 916393731 324405803 358084843 463389486 611275087 170657321 409122366 362322566 873845862 430081489 244719291 338417421 228904984 500888276 303871307 73275548 974411456 909079527 184652859 573299354 337966633 613460095 445052140 679110649 986149454 3638474 607987932 802087925 8834796 127985653 250536849 757697037 185052471 277115468 896984088 593579709 141404989 185682752 117706222 572079393 861332911 75477959 634272039 342809792 84070618 596333071 400069160 723567238 823988750 943042611 948428941 512188295 369427365 716058552 5767059 716075762 459222967 469277701 72346647 746287678 667294825 295434193 652633010 942589371 771199678 570947446 117534581 398985792 626088331 431292999 472298376 358912964 909475872 842990742 343803764 692969224 122761205 830690322 398294133 554761390 654422654 549579319 806177559 617487575 141253909 314760569 421025287 635506399 227293414 40614552 201452275 709406726 699510108 181116673 276708629 729879404 684733233 717975239 453086113 957476486 921183080 733122673 529936966 802136533 853728925 651021536 697679105 796738324 844591080 229921079 567535548 690868546 67464564 244531265 503624026 927012173 156765677 825905496 47870279 707799781 678217253 883343351 366086882 103755558 547338932 966186246 758859182 705156798 668317899 807913064 677239030 640900342 363419120 871874115 403700120 144587306 857246673 702898029 816764039 581548155
603338140 137936451 249449558 431796900 318014567 840321636 781259765 387212067 567705090 681899614 232680500 110852932 235363716 830575571 845276789 792691525 481624411 166373069 150707042 783124307 428574757 847006558 761883568 916620242 681015013 98889211 869325616 21198399 103055335 897578606 828349956 655676250 711274235 306105652 827382006 224648421 671252451 726543492 940540788 530069387 909631166 677929213 780885099 470767312 233111837 175454641 364173074 129525741 345514429 270172637 46901149 467684199 688778047 570744660 208276531 896305870 499868616 811671431 494256315 876545401 144329400 778678455 644854723 982096422 135613937 774223412 806967500 877541722 49500390 858528930 542810618 106614953 453640404 558416757 629626904 384093071 460123421 344439428 40961969 344218342 804262904 663887865 544250267 396031595 26798509 31366475 662030409 748853042 356085094 416315711 912438588 500914837 914753049 968266934 231140267 681461345 994783435 457232222 951131392 335436809 170443031 514734989 912343168 152620726 642605937 921643865 206290408 144592267 85939240 437351176 854597307 248637556 322998186 650516311 982001964 723496131 325736941 207985582 784847500 626417160 371612992 829883701 672042893 659671244 225539057 426699555 820557870 584377349 449086541 740851947 695423678 231594656 481448777 628343272 487363641 246795049 585865088 171275979 333475989 668236470 279082287 65267698 183997382 707516461 434694943 166333293 465710644 851921484 589434086 321736498 865931382 374049254 317132406 300186532 212031300 866600725 246360034 223754021 282184472 115643308 590364369 572936187 33320291 542526962 97220976 618054558 2390420 905396257 446039724 211922983 523406827 684244449 59827614 757995999 558803468 772473190 541366380 502835323 441449020 99656389 175062751 174410559 612576237 157998445 224753095 285770259 49339854 505378697 646936181 669621990 420112374 277447246 541689253 899688148 16022568 443189383 145842458 461119741 928502698 636171948 842430485 659062273 38091617 4523211 923928781 951050713 586483903 605244277 552843815 435881364 866037119 134393480 568892390 963054306 684290457 933397423 785274284 513531772 491548526 769169644 46007981 319619811 47196671 942434004 560899961 987249162 67405798 690320844 290128130 935843050 145573491 915192693 210855523 676678798 647448318 615123325 357558715 538031142 572099209 547451208 262575769 602927491 981507441 758151817 467457208 959501526 632025977 692286505 15538069 442267679 940001704 57004904 744667037 511736185 473481717 146190615 607248666 38665990 957913207 270130987 612266916 926574112 394709008 268914674 136736371 801981205 853903313 305306386 230294871 614261378 736334148 257935037 321096411 713145917 482418249 439296925 589524570 622258426 145549091 71078495 706870677 584300506 565341054 993841571 882083203 989311808 499431122 5333656 965679367 691464182 457210438 835203004 219634061 9638723 438607872 596000196 219916631 558800505 53434654 100017012 179629890 790624269 792540575 233334912 950416375 727110325 186642784 423344004 264990319 413099212 186703123 98641290 890352644 289328950 762947537 650232596 422247785 174619793 306522400 250999036 806540165 756513621 776623269 640082366 234089219 800248136 963985183 942239747 588427244 413127715 269856249 204091440 169031150 543178511 423092103 839156828 159786576 135012739 506259037 105329379 464155613 91545476 921709158 399400923 589009418 566256501 193262402 307685434 626961971 153440167 706318770 77228190 498440860 654113348 828032498 33653286 975524325 460054441 902795066 805521009 249338416 565160409 89221486 224248367 829977325 740764717 268124007 980358407 490554311 816209079 796266646 576157840 806110345 930558574 276747683 375512702 334413801 522981564 730337732 384705892 435658749 981132895 595273891 157212670 197992184 737361764 901653996 673841295 356767106 374825109 832760895 469197206 711353885 109664970 249258347 115953252 800571628 73354372 934363226 335952365 973736571 626917424 378121431 37489634 271858353 598832325 295497990 342905384 494114598 783181863 555314380 679572603 979940450 105565736 552650458 132143755 289946849 368484680 85955684 177836697 674221209 88256632 245090649 218555572 899949515 486574390 299014289 981905498 322512284 131776132 466219972 80971849 154096893 190138712 425952799 436959637 797029407 40075103 777675723 950359473 669095889 94748450 486169293 926413404 927547592 434921231 248303097 729874257 386397456 135956379 795952061 794117973 80773628 671937653 469473095 962564696 706190450 530720121 134553600 549763657 315796956 214063365 120491948 508507295 37166845 724397552 356631477 893195396 699618942 936440222 430279269 636129548 509277836 516737181 391166952 831599698 362612996 418345343 293239301 482511136 79409515 312375091 292771676 876897995 92750927 308294277 827688766 557639520 576500069 112014448 703114229 309926711 843038848 322294529 294621517 650204966 351945987 804979087 377500372 694369188 33694033 590469901 613168763 835661431 938543350 45019133 735764149 699392574 696464618 181906939 991850808 927495527 246649971 922197615 449504647 283618485 864960690 958837518 861309745 883996197 198501577 114040709 21254913 267067418 864743689 389831780 409558416 940484794 674406471 162203791 322041587 288917395 547866526 606883442 218494822 144308127 666663610 958203849 99386536 980828540 211302171 39048413 472682257 913617331 271756037 935840426 911105713 834115044 966981140 522105693 741930604 918336399 83094562 623420432 352089719 166154114 945572152 619775057 931963319 27574462 131970779 519189589 692648694 875236361 580313195 69846770 175244862 850717014 998704482 244788799 337368750 335069392 871135370 405014496 997211816 337281309 799720563 895862461 246867270 438744768 858950267 691014564 249454291 108658228 142338799 424564232 42597820 101108025 576783689 785878086 780538048 75434438 310016882 583129551 891059958 672642948 188148503 105845458 230856125 97214873 834211443 527671723 704750965 62495906 592329251 264266971 385197666 572641677 396925774 118528936 220292780 256135729 708645885 1498055 411354143 774739118 618105071 621647100 529466196 1850620 306277129 554389388 989451192 953666479 536507763 637153275 952501591 747844758 669939561 751064889 483829302 504500425 826981320 512864137 558530816 919259758 572921978 422699183 872691475 529467153 114829015 773899819 619998335 224653956 423871230 781931440 682393145 61756019 352865795 646231798 34257707 305440169 240124336 173799092 595902452 680090728 890567160 79256854 833524010 336219675 425151920 262462640 318081915 123953268 246234080 440024341 296725798 307839224 77783732 72221765 259622719 625260991 957123353 773942721 650024798 353766986 68365661 630992142 408703947 524128620 572356191 531591572 433150882 773988660 262414236 212985248 38085057 482598078 84016095 117307761 891664024 929093218 370438783 195730047 761588258 843830732 659922502 395649872 350417479 824319513 710754507 196879280 627455060 596514442 62840838 32580439 642614416 251756802 484786396 836315053 231954611 961515406 660376894 830814 326250968 709235673 779216185 591761198 353220741 595620210 180088557 274376862 739654458 753926341 628268450 458415889 948565793 923447512 707752422 751703637 890393219 714554707 97082282 673442842 218653046 569038192 223024440 812820877 570786952 725400620 920009086 221061961 698272093 963281030 479617891 661323477 840403828 217488060 248032863 984371478 205744766 32064698 147707091 627692595 343828359 763499124 346766968 377107711 208414937 876748588 457099894 902082074 256545285 137379859 247372575 268906335 39400324 651809895 897741655 690093899 575126906 271397250 521129569 137332653 112597621 448065435 252399703 43355783 559445638 923030803 431831016 703340786 599580448 781016590 484831635 6391234 652322028 469667703 982817804 459429475 234277125 393103846 516786265 131405015 18852094 759995569 318572732 851475515 180003002 47003185 135260229 391709344 124000069 960446305 304134201 856357863 729303586 926109917 491019236 156349421 690040837 498662064 674529272 855539929 551197328 520273849 369597394 668193694 973995953 812733550 534399252 395706601 998350157 988353321 143287356 13430662 817636990 411319445 234764099 670071994 278355416 246881144 136591493 36993436 674600595 454823128 603566880 332927262 697231806 699381384 11965684 676832457 424957442 256430362 944756559 275271340 692464233 450029673 19693903 140499943 455230141 170932868 401592542 370609515 597409693 853188979 662145769 610954775 557216235 464681017 280654141 93261770 694839283 878839374 373121022 272089709 800658818 522547621 297973432 800187218 81350984 537679620 646585203 794022446 168149526 957811712 970423066 274176005 860221664 359401032 784574793 374941867 67475225 30163032 295909060 940778074 975008913 293190461 426825476 997988298 70677285 96494230 666569250 611328953 44726247 851756575 564359782 55603244 468685292 490306226 163376969 211820045 682384268 96070032 649801314 248364985 797779681 96593185 854804613 565585571 836941198 995168304 277998058 1669477 939431547 705777017 551498821 600188630 329090965 921866170 355921603 396205186 753255009 425604982 323457872 272671660 663666470 903974447 671824108 989100528 353978466 569018660 264579226 427652318 838704402 85245753 350993374 101024197 52494098 42593619 916643214 743406773 947465541 491435126 769534179 243069402 301387250 269635783 953394264 903077950 384936907 592945510 996335929 39233008 198828579 141905791 868201132 242726412 632450047 638095337 530686659 964371200 348950498 322639285 249061381 760501683 638785469 591616084 180755985 765341391 316190241 299131555 814761329 565730730 735757567 16983672 819227403 478545342 500685266 2871501 947881134 939749722 48981723 531052729 53912384 739212842 987733598 318021910 644189338 890470159 267780870 508744747 569924932 660590177 527477714 126852262 797255905 476947896 771771556 448005584 357522547
631350872 701605552 797154532 937051266 208988753 38241488 164878358 484338952 850828159 140646893 769226716 855981879 632809054 450858522 40030446 741894127 391872717 300544808 331188185 997735736 353981897 832613517 664595276 671050214 237822220 202509583 46396643 263075541 882666025 42350978 145871684 719124183 71862508 610131070 930950564 767686329 347143489 365386181 484176811 594304855 504956704 484631985 36296661 8707570 757044642 835780282 690531245 493231283 587568755 969815007 15715697 640655719 589952721 714219311 217377897 517505795 913685434 200503421 111209113 688653127 964884344 229690349 984771303 930645254 246360100 914122876 646730072 218575262 952221360 726300718 769511658 765068085 873465897 88767863 871441885 862831439 559395336 275036952 561691593 702546925 471580281 212532961 292089313 254101795 138283187 73441736 597656548 983077848 571979290 217865332 775100598 448972062 414316446 558647272 849464984 31619630 214162396 379432534 490593945 221710498 563973230 236451560 589595076 314615308 70183075 894954678 912846223 753503464 100125382 433137119 623417436 211197078 990378031 735398423 795909220 530187427 324304064 991985533 603353401 168398333 726218128 790986243 306528352 434444715 726945393 475380055 529726147 477522490 668088137 452055676 335471294 898337186 72357306 196178151 382032505 906752696 78740557 299957869 183242842 607573532 825195756 515227922 40960380 464660438 172055724 827928040 787652173 171300661 485150953 74837809 82452483 998166757 218295331 770777772 89945401 55783117 911709094 539346360 48137386 411146156 403613579 790915393 2053295 224239220 880298195 367796159 836443706 649429910 184252439 388959365 205582692 842170305 926133732 217095608 691231698 373331102 68968454 92155041 916440889 733206329 949107130 932596661 248652399 162890314 344353504 963789135 937913147 188878386 70895054 815205857 864115490 1644754 33161603 231819720 564915970 457098479 293295616 134054733 444768455 494907544 164314736 938065083 179553311 897616487 263089232 320901899 153527059 599522309 94458534 304018506 357059605 124855539 955861439 109707267 308823060 989361826 240845894 624306622 746700301 901547376 201937295 569249388 249880368 102266614 849378735 752070152 305687575 9061013 824079006 75303012 622038703 425804759 930170282 701402283 742695546 530048331 193811565 97302854 599578921 978376769 809158300 607817871 467690661 326175747 638498393 613026307 555180471 493913023 830660794 721862334 936893284 953955397 844801648 360069115 647099241 349818748 706391412 237016456 443491155 407076003 34763736 454024104 109929057 281916332 338627796 213519298 202418125 650314944 619898736 9659010 680882230 700943030 411908733 14519732 339215839 598492744 940452014 942037916 625931497 216738851 481719846 618591219 470120305 18003298 751487120 948950904 215216119 615821756 341705991 932048524 543710799 496353850 284990470 150742893 84656200 763240413 485455518 743111950 746109743 256497158 23843957 530872924 581907512 174880294 850913053 375296357 368271057 851920422 127723851 488739069 599234342 937733135 821460009 632132726 244772098 709165609 17200440 7278343 906538499 391685514 694404901 421349888 556400205 65588619 287324034 416252102 681066268 270376427 930439493 614646269 910355772 795836595 607614920 76292670 832370607 520151317 714064489 215969645 388639020 480912795 761397306 898240944 92346185 839562150 318202311 543716490 434184005 127432306 941925297 930089431 465702423 581804898 624119220 513973814 642676947 534746946 604779075 951175392 692788586 3459029 396817666 267589323 561600160 602702472 738703837 369828756 388510961 819843660 755700711 261705725 810969998 284418842 659331092 192923201 338005692 288096396 868483732 492180233 243863748 607537547 321041849 970844161 592444797 174835128 841550964 836156243 195848708 21031076 821516564 306534991 395671883 788867419 589565401 516678119 991849139 580964067 231900905 162639215 188171473 647470863 764052428 263580268 970037785 70981112 981852409 321962212 944636219 441683550 268142673 857582930 724213669 215155566 558885353 642464242 478039867 605569217 851978759 961023435 992559457 627669356 798646479 911742843 381502860 464500381 166726954 930668920 219760356 610969959 813452930 859821522 242465885 933664484 130339348 132632629 859166 203367497 253021694 214732386 713098025 260155179 247699122 65452055 336112212 586308909 590038485 670603665 690956624 79206157 915104283 990984805 706382092 76101255 937530964 958967317 364031114 306619032 425763988 196017648 716395209 768586283 67979094 327579055 467596468 786395667 982843247 468607452 586967286 44439223 639021401 880427288 164845335 973306367 385618902 56255525 534078869 684567557 304672654 238445785 444098401 72972482 493177999 514370089 541605386 144395808 214315625 768322951 818675488 487186103 799223345 509244051 921763817 955078763 950982846 82623752 915819494 624437442 162620177 302886371 691152853 690830784 432406068 340287045 541917334 107271178 1866637 320175322 529503333 981994415 319723691 297428791 804514560 720514717 723068091 170232214 215097355 157106873 567754456 392848644 132280998 367896262 953795033 431693433 22324727 739415124 598045393 876516491 501787792 668192159 221291446 119421277 183450042 440627463 649147310 686257763 447937087 324233802 311270901 664973650 103340587 312162951 348436244 19002897 314977403 328851983 231968888 139653677 13191635 321570599 418440212 524320285 175683612 491851096 962882172 980653408 183427880 456263691 536128889 601348557 812246298 895954762 407257082 978328427 583019104 602003237 437697295 290717636 565522024 423183035 118424741 695947135 819331353 995814424 562867084 373273814 414031597 7716425 53065912 211367066 127935610 674024014 959269717 882320 160067852 819885691 596809599 37365649 396627313 149187756 393585690 698155945 957839938 130798996 630370697 788432030 441597296 736902118 84335742 791735906 818023983 885606808 762928513 832396006 188000484 707551332 968600741 596446346 640940686 480836501 547904191 680875989 219381191 639753593 614542912 388505031 122578760 4973167 271593912 132857462 443118449 413601684 498803122 598149620 971310824 235514095 824891559 162981621 777796924 217855891 641636966 531064744 928080327 171498125 742474851 751102609 875698411 608373421 905294594 973998208 665149914 109411751 190722657 311438109 547246485 919053119 977256057 387105169 481812718 403804934 88152435 316469032 392677780 480347387 554144287 365202041 591272654 781619604 328570631 121520105 80007421 376470483 886846751 674699306 105921429 651229912 522911841 83778741 912330345 747545277 238817586 521417894 972873447 382602612 818588648 1079912 954450350 980638655 881170032 155327987 588377422 962917039 857504473 684225714 547379910 905086666 990483612 748841507 163230571 624167979 956379954 146497009 651226844 917379389 687066845 777277681 940569556 879982347 58151368 995789510 300691195 283689836 474319300 276736332 461929517 131895213 505511928 173901030 297781991 628544791 684390693 449135451 887498146 751780223 424504161 784755248 533341165 614499649 619562783 558194414 462729461 317966768 930598404 578956366 700800244 949064383 978687030 227283180 488716412 236552420 104606058 787390867 724942172 385800819 367909949 415310110 354949695 441570504 543028443 380947527 645278497 546006128 118908269 721135128 35135816 446143444 48041471 207414049 307973068 35366568 202647068 76538021 206221943 656756069 245599795 176303178 883575899 425563279 58556705 150047911 577006121 660611350 656019902 51259092 550884871 920832295 564919605 18072614 756926650 165845065 203470286 253628850 257708764 976247694 431590800 359105262 367067265 672554795 133609608 611541277 32480657 893708689 910018396 108829386 565407907 678768932 124100758 779277306 648243705 794722491 883305821 291279038 545716042 781768542 360623 714021851 487411222 272855493 92835163 39407359 988420496 985563167 15623493 406439462 775055804 976121197 123984827 970557008 453445250 960565369 804944774 563305291 673950376 88352381 650174779 138064908 892509809 296072606 389208730 121622130 197656604 632773899 938362239 102744408 928842894 953669515 208407419 148991582 609266636 827624233 384099145 988103161 350630646 401038979 552961371 674241956 992146388 965214983 768142966 529387899 45835825 709067429 93394022 738076348 791816446 599694594 855283656 966260340 266712028 219222216 420302360 610893695 529345668 802507065 777513200 673368116 409086423 565113836 450807490 454078400 670979244 733049758 860070670 323132605 154640182 975712075 960530845 595024228 427548775 971890016 644455297 313071949 404197059 901983664 403668287 45535629 764781455 16434982 700157322 541899076 421896510 996475044 898406376 501255461 671468072 275720521 924413259 270056159 863083750 748652741 755175698 661453735 668538804 376009087 804561904 583982567 439565366 528120015 895977491 657070097 251277086 265194490 126198679 846189637 108246587 159185901 295278483 734745433 558216832 33453057 716338036 244134544 722351328 86833479 545097969 509564149 162470600 751736587 752122283 3405718 93627277 835620531 653793193 49219967 293550497 797695828 868319374 51089400 450960360 445408625 712458891 630764109 500739772 826909193 424186471 434157310 753721167 5375823 477159525 288724884 909425054 162289807 238390641 496363753 696567352 970006965 34705456 447950865 112868796 671254237 640990093 755861431 197477254 356781516 681614257 340946551 333881646 43152973 514298125 303159885 597877785 688563825 151626695 295939874 195549188 949120453 357593125 430498939 896418001 520394330 426241757 217842785 535066465 254037139 867017474 73665651 140303821 649622511 453257020 104620321 487189087 212700754 94758406 941298200 292278121 500152235 697275152 957094570 152852110 80275754 961972295 475770111 196218419 177328113 542352750 934614026 493705308 707796877 541350575 909870821 490271663 413855070 594585479
715659979 924580459 921898533 710875929 511524961 985295703 809144361 257396303 857560263 965432356 876589802 800110986 349908166 210965988 515131439 397194782 2122722 922337824 583644413 466908787 734643110 303827527 225186283 823215023 933462212 142109069 531216994 101727952 926756150 283356880 897367501 4482521 392783572 553980706 981168609 592785786 656704318 265539519 242389003 276871746 896675626 982049813 644630206 708462615 97935559 592072254 846936252 391023337 444212316 617596726 898759053 536004406 508233027 428548955 23609767 7489227 473530225 262381652 639569827 761224828 569612491 161967135 590990470 224753646 824532336 653590907 335290942 455916915 202852678 309740557 502599037 43829599 707279539 239066430 724423887 179781698 397638396 72918440 23863327 232771999 76359843 754266451 83989794 679115788 278457506 456013390 871538837 845680297 620393601 123191459 271814863 954122971 570563051 418824483 259352236 52536302 436223474 474075799 847821801 605463640 364798967 449394913 570965425 394106839 349008042 973715991 5098736 639838604 335898636 799007574 203657318 611997571 240437394 630329263 467019862 239489683 429488603 871597371 221921114 578207279 544321502 41312202 809788173 315155688 429052381 472884165 668861751 434094060 734251743 595059488 664275218 736206168 621051420 365374064 842375706 158282806 134679359 555074388 278502770 591822 23063946 578950918 613342991 143724461 441555163 948151606 358470948 301199646 549832604 25265715 292676500 331909288 873123892 242230125 101475676 545197753 348252389 822924243 447270480 307419334 760309187 292394274 459526661 933485024 414079199 21728495 463607724 248425722 4961037 183928673 241621995 620007754 191194203 945762545 691733296 283151657 856086063 448037955 124983103 229827294 564825079 355211100 815233648 388012288 361686320 521308365 27287962 971799950 663185274 655725686 42582977 599167566 273282955 327814427 121828367 520532309 227550379 786335269 699803554 903534721 938491073 447320558 842546403 480897941 169265355 910132356 104648079 690017268 651268407 154533378 579194228 975565319 169402305 900878942 267758783 800613568 547410795 594815901 859914537 794296109 160735943 178740374 209104134 932603520 382334394 778177688 300757042 256948841 924880894 155616646 530123549 881080106 870407525 573518432 260858068 412851702 875458942 215690740 604074538 413950369 862469739 128785002 481462031 166463006 664203765 808534636 922829344 195224292 943840712 613816931 401779270 600436021 329982084 556529404 930667324 455245981 748569814 87854320 659801709 723094698 587626809 169137085 170911371 305944189 331595968 348741411 236620240 201844719 518569244 844500823 891689207 459246971 414223484 919594100 41332511 239332366 918495671 642951545 745041174 70445460 40050128 844127562 583049144 351704766 278664421 350271868 762191180 931487013 275874747 766885482 556641112 629587785 970287251 890360396 144690855 571721471 8751644 943587613 372226691 291110292 914382869 386474353 108850949 548056835 730331488 392151885 92759281 623202234 929962289 978101562 425546826 991109134 89452963 864325787 806814018 280447318 104825475 270506060 891495785 612808921 182108894 19417413 300718996 443175365 935238348 213940276 553757622 714813260 457053993 668515311 694180960 228226243 637866779 193944275 785610420 567424597 598034747 607095018 942059302 517716318 685179350 685612528 480495023 52513538 594156882 113045885 710204148 41654622 609816243 96411378 819574005 247661990 615127207 929575931 958744391 958573465 216623899 800100342 127667327 801527909 817153635 428326111 648779507 220541447 405500440 547276037 360808516 477762461 989148702 466122123 911942604 321601916 364656279 179268688 709488271 109860043 998513025 264758736 451891001 724815419 336806385 110599069 253394410 4499662 835490133 867717063 779159545 150662329 508335707 249119168 696579820 410122078 716532871 260970746 750736766 41186719 247842519 291848369 914730895 409490383 678463505 509713711 216451745 181753962 13113343 657620023 383383226 343814998 260688872 589066412 650637773 913409954 837423643 262908649 968257850 55440075 875317609 637517625 197587977 210731346 472468255 992315388 762654617 290802099 683129753 274246104 329761433 947432346 873426210 446021524 57110346 414742929 422542185 384452857 704434719 121285258 832523609 20399318 931384024 611949991 637518363 291232667 908672992 478483612 213363163 140439144 837351102 91752381 511212274 92321083 696188450 340363013 955996149 87115479 555395584 518784916 486375788 795719919 297801979 132698342 44063784 90306483 783278327 421751491 802022925 310805425 788187291 612284445 158126602 867954525 767289629 540891706 311049755 364875181 230254456 543052198 442001693 657474717 575968660 753238313 648476022 384745270 435468221 907333585 912254687 355174705 986312959 830815100 891621889 333316076 955677675 906797804 731824604 926187142 952383230 821070532 539667173 41624615 991536864 372632092 277102048 955800178 725925184 759442586 828889245 929261394 492586426 354964450 502867159 364710752 814429625 600707874 373962541 543901943 965577782 226113818 816804894 528657651 618083413 518007735 892679762 541003182 806674972 87466658 792508819 695558017 955707916 278910391 805370759 265647072 402930386 142009285 792966088 608774749 74269929 613074146 91458819 7662347 511445241 35802636 207844819 75633677 439439817 808539424 838254050 518435825 680612951 922973357 501854434 671633891 589480501 242367939 492481673 17401856 989844436 726196111 870338103 380771646 124121545 991326405 279527232 456237158 820731420 726023190 731420171 670367155 98423623 414292142 572613840 245353212 610786694 139464507 626841744 213450491 561451112 333385635 45496190 612016204 943365471 9808547 946137796 281941714 872710899 958124127 970659013 340485043 449423621 510859850 667277907 178563478 388146809 590405203 527639635 398291504 354110359 959316545 516810614 195056001 733116994 881365180 862394631 485973876 420106404 147810318 471622932 860742992 699951982 666400203 689651684 868165253 78308200 456738544 44511716 631149453 939480289 13262587 177729498 767429835 573825093 113098617 549167219 514221105 541218199 632661649 374053047 237909472 726099289 871014282 397214677 107808349 119938339 107061974 720136746 671417361 116090227 573388957 182953438 182289991 252582664 976930159 887881196 681711764 157691185 178754691 373007010 480430855 440171314 970847560 984994715 489598534 343037836 58401876 487915039 112114572 579292102 809960134 828425808 197433074 993393239 461357448 55548965 166360766 705605925 200808088 826407183 513343221 89603822 70242928 647256230 901961598 629001575 563004933 693653471 631755809 717773570 350929898 909142541 18838018 149483325 369837747 801426308 20024024 911407050 842037562 953070803 730604557 373058007 29559143 848126315 872029537 469117455 619715236 938419900 299856587 911922385 211101314 969667825 452831371 20308865 587218083 444618552 760097058 705645642 496381275 655338292 351896304 332904256 244692373 280714256 733198250 401562698 753592852 449173731 316937249 346655926 446927589 534156030 128952330 830716214 2979720 567852304 873288372 811604288 743594699 835300023 141774414 349398065 662808397 888876940 493868752 855366684 921424108 796226446 526909046 855124934 581085424 612520800 257736683 374498844 54610517 762746536 799569717 341402744 222872125 818632142 657528629 318366318 692046584 712032321 593774464 531307108 398481148 941015574 837874188 901477164 665646389 163444106 989331312 398122847 944553090 873012257 824950795 681818210 595544803 815810705 716912562 79771239 317272560 646483288 804182200 561206412 963270073 518357261 734364011 852598976 833213206 41941851 831057539 738478353 206951756 869746121 134437502 775065505 81926646 315438591 543077506 921113240 255203285 351846282 791956347 640596457 465622044 868444561 784604375 63775405 991099271 303029650 594509684 986745561 737016922 160138318 909949283 308601709 707156955 353108317 929257391 204183885 728230261 985672833 157931787 925420057 34680586 18034410 528683855 76237803 446394702 919457833 31307490 876058608 427298746 628051479 19186653 699300263 575459009 156945199 390362739 211368661 36575466 121143252 862259713 124116900 105555470 94205940 794010395 52104979 360530838 518623969 647320365 283132153 490099701 341731136 620419604 35909259 588100630 245893571 906015327 550719691 6330063 853578069 161885726 592408129 711306455 52577742 5126586 702975122 424226790 882588449 966435611 677133845 997197004 312774348 931143848 132884500 868719437 103937114 239722318 715064985 583137628 309428717 999731186 221683561 596853911 628027914 393245015 261576009 682600919 545539694 796855580 656663005 391617538 15862266 360524288 374753672 667677218 44477633 850173576 986562347 669188834 298246666 959622542 349197231 333911454 262494215 356305464 42702390 933991271 269105736 531515637 729240444 5946130 615410522 487209310 993080919 687160502 323816061 779644135 511545936 262240044 458912265 501036638 104518196 376648070 620053519 527895384 773800586 444466366 601320527 566582261 432915324 31009722 905756791 472881543 679011378 154275191 856927906 2544663 104987826 833282544 620079662 77143607 292523843 678842743 33969757 785438290 539692449 793752021 518587082 750888149 613057508 899144330 456275005 449171029 190440564 363301438 620100271 145413859 996464903 353264172 876410783 667520577 164396168 838008017 485986618 627614174 461571384 646364920 175125323 213145684 677044518 184696180 165277899 206634139 246814784 49952564 443480789 719166147 416103396 680231923 783028395 233638574 619341018 394150093 961238637 110709080 439552123 30380526 949354642 743577912 446727530 12013987 504929000 769066125 943286774 677775717 523760355 489266787 183951611 48537493 926100807 295468158 143319920 782012140 805270259 257990173 601836284 78989530 273402467 615809477 483924676 40714 539815939
