1000 5000 5
294 351 273739597
916 39 551662995
39 579 592567295
274 117 991554067
465 121 773566053
851 140 683486103
927 560 435627706
809 417 921194065
492 825 689958854
740 361 454324297
899 446 692967546
342 26 456994816
751 748 924244698
260 341 582671239
941 311 252091645
464 315 427961773
675 409 545858487
756 512 842228275
81 292 719895761
82 529 675627806
654 438 345988906
805 15 465955461
656 504 767817850
764 824 285603024
789 247 284220962
50 532 720480111
837 966 606776583
36 182 202992123
605 431 298962723
270 106 431232624
257 537 215820000
816 284 316478758
315 33 221564296
588 705 198505193
63 78 456625917
40 31 282651137
969 787 147623223
777 384 118464589
248 887 23581740
536 473 497641384
587 417 791577704
585 882 100718872
233 11 707473771
576 538 813110138
806 801 872221057
74 40 93234841
213 208 887284351
366 510 952296096
346 720 7098479
547 63 34722152
80 633 669827544
332 204 460339541
889 948 88683853
606 250 123114962
951 822 40406375
772 104 785293239
950 699 354815868
720 959 644542405
241 690 286841937
237 142 784068532
7 81 352745759
2 346 99068899
400 960 925780704
451 85 337582395
78 887 396915516
793 342 658050104
469 720 853035269
629 64 67661950
299 193 38904291
498 241 927503638
693 314 392043479
473 93 956114773
116 219 368903047
584 619 485356521
765 307 530707206
262 710 91086383
54 989 14322846
194 231 456218515
672 497 627094901
986 492 863527786
28 485 774211732
401 150 818171036
707 847 447197628
843 692 135314115
591 186 936378981
614 276 322045201
362 687 474676588
341 275 876499636
463 178 74165070
216 599 97531237
877 980 508783085
520 953 183233014
560 273 564612256
870 296 540512621
236 826 922823658
609 707 290527488
291 933 836169852
766 221 978903952
358 130 624714227
992 369 139463562
27 505 676593921
708 315 490893338
883 18 667123248
358 929 902196828
469 292 507605742
55 443 516725993
110 7 784846276
710 141 67016163
585 2 616056592
355 95 587503768
852 636 884172250
7 5 743476592
959 616 719197025
589 225 371646733
841 749 779326666
555 227 310835733
688 76 361040928
816 377 277797465
34 798 462645991
398 451 857519904
776 20 173678498
684 642 460696642
53 572 915807886
359 235 464461335
630 459 254907225
880 742 735635853
493 154 489204653
230 21 63582780
62 259 629558824
210 921 461937714
911 386 225736832
401 311 479406681
288 58 435827762
566 440 610211510
506 520 428789570
337 232 130824658
934 589 916371288
452 612 879363465
355 830 747901940
795 76 828361437
109 21 21104000
139 319 285909788
33 104 650950464
173 170 457778827
897 605 313423176
497 135 418049519
963 551 325334186
866 144 659324451
407 79 241721246
853 704 599598325
716 249 587711954
27 292 454502988
349 132 802032919
390 544 405754950
296 16 545206831
837 429 125792739
330 168 83249015
255 800 161726415
73 883 43510864
666 719 407157849
341 626 735495110
950 125 232918123
538 975 184220214
162 81 294477668
671 553 511518214
332 604 304059307
744 542 374626924
454 502 748144898
711 870 37096627
812 681 366447627
885 641 79633802
64 55 524116194
354 192 491760418
471 275 654641575
30 342 521949970
397 866 707847942
233 61 317808858
178 826 538198112
414 110 713657146
160 389 644490616
938 660 917535416
653 545 480107770
556 20 379796516
229 13 795093026
382 260 288495179
521 124 245674210
222 206 96173354
7 934 514150941
958 863 853361696
630 873 571927800
650 87 730603643
905 550 881498383
740 301 489443286
140 629 540262453
944 331 648017701
896 45 46475915
973 556 118183238
411 601 925946652
750 264 178259621
232 16 303092209
182 606 947991791
125 86 612545098
326 714 524753570
470 134 533240413
515 276 725472739
551 722 726892872
689 526 634498055
322 11 348978296
265 115 594976091
590 911 23036521
873 375 181683835
144 267 587170518
939 948 376517444
381 810 366150884
904 276 27393348
432 443 338566905
611 995 787542643
486 91 958282276
154 571 271299187
227 181 782685879
870 903 905303996
326 181 62848963
633 433 672683646
15 904 110242684
407 420 348418941
283 562 228497414
434 800 494507732
339 796 684171655
692 442 117785599
349 307 383514747
926 335 252718430
200 570 87743197
990 691 633367021
96 717 766576660
65 161 403572754
347 389 798067329
903 683 168329430
192 728 836039843
289 579 633960095
961 770 775806746
191 190 659800395
341 566 21531500
53 444 928965359
535 855 391019859
958 949 518030214
575 850 479960236
477 267 515607418
504 717 169302442
180 16 956161904
428 33 210676883
62 13 572998603
729 503 566101726
252 63 456240398
939 265 872764210
409 173 791579523
489 419 263391164
683 984 65794191
593 206 415269140
829 229 496980307
625 215 373496170
390 678 512885450
296 70 424728264
40 8 530042809
701 577 818258263
351 736 72313719
832 211 639634888
456 605 688114986
850 433 842779211
55 136 371670556
61 400 750052572
33 280 834279877
784 682 270339610
373 205 603382738
23 211 648678640
584 558 262383885
724 390 367193790
642 671 149143339
479 24 42439236
597 823 344354031
80 188 890628881
806 72 509314259
840 990 7958403
152 143 104375245
687 122 514996760
708 7 767642601
951 627 355360112
734 478 51442021
518 31 840610295
27 26 707456480
39 344 276812990
130 838 418244466
806 838 433196269
472 471 43546231
141 35 915120305
162 373 239889602
59 49 243556441
320 955 192925251
223 406 433002646
523 273 927131410
756 280 24786284
917 34 49223047
587 270 429570659
669 720 560035230
406 191 482489336
771 833 265224579
661 635 733563494
525 217 250205012
65 33 476787884
422 108 957584036
611 466 705811938
842 438 959118617
673 483 47040793
54 778 958037955
840 731 436360899
226 931 373315188
84 250 362506107
442 430 908661337
160 281 903451972
238 509 95170934
517 6 35494906
619 397 640944406
777 744 910991213
934 377 622933886
666 96 914132466
232 599 698334244
903 746 793255973
141 441 270922226
586 286 496047815
521 267 483298466
618 545 505282187
131 202 128658766
993 416 261540818
936 692 47094978
139 514 652816023
829 482 740930912
550 962 75030821
684 391 40536652
579 865 928320345
924 480 995119064
426 337 792337209
415 87 682628077
109 900 106381410
130 838 957765498
919 966 741017018
408 824 741857080
597 789 56282078
871 648 57089946
299 145 599500530
504 218 683554058
994 789 828043742
490 446 823377579
934 483 759090839
35 611 673824702
661 109 31721273
1000 822 221376702
489 228 685040513
172 96 50400516
957 700 561229067
55 5 189497003
327 64 627239719
200 788 56373910
521 205 554293719
537 914 442202532
222 769 341902423
330 5 576330621
584 66 477703587
167 44 826269789
344 512 277658396
390 576 275922439
999 972 758868039
177 519 104337777
371 391 491719265
879 190 345792082
311 771 268189969
513 894 166882485
104 546 288989074
386 210 553747721
215 371 292731774
567 721 575324719
546 49 606613373
795 796 356678712
416 940 870703261
462 152 534771240
532 872 256808791
60 916 420864522
778 876 635465775
687 553 621068659
301 844 332840119
262 837 117742487
698 225 174409154
829 996 398187138
240 23 952154760
505 463 787960940
793 452 280424520
862 219 160782095
223 111 163830
418 664 62354048
474 289 260387577
127 2 225228464
216 84 970806391
394 869 474691581
206 124 120673200
529 909 193848320
300 75 167252036
963 930 524847200
318 769 761766889
789 903 828469752
881 366 693213358
975 879 86707868
675 800 239388281
264 617 980602740
450 191 309098220
373 924 142214327
957 558 765051483
975 749 345703890
792 770 289446087
698 889 275821321
648 626 72961991
511 702 267942026
856 483 94881360
352 871 380630762
200 345 750005443
394 104 453659289
940 207 70979493
925 167 774929643
507 341 68395046
761 86 854005481
148 3 804803684
381 51 281574803
744 91 256809544
39 980 592336070
205 790 57837137
972 119 771674293
312 147 199145430
909 550 521988393
557 515 775158009
96 636 628933020
655 696 885922247
414 92 787720018
579 53 518410041
155 132 887361871
963 16 693655627
273 722 789818273
158 695 393482323
795 279 666406592
884 210 59945878
16 609 416787729
116 587 522902422
727 769 92503282
967 667 395576632
428 624 884040438
20 668 428154318
174 599 25822790
288 148 780910102
57 326 241072955
915 107 909483461
530 440 104619811
329 5 982924467
300 409 127388944
58 35 556727295
166 469 609664286
858 248 956122883
774 404 132697418
935 95 279351687
208 522 193063749
672 174 877064198
776 398 510924243
180 952 514972813
583 473 476231308
861 372 705551209
402 107 73089689
879 678 735144202
30 566 498294138
966 603 978788560
444 282 141800544
688 738 721171513
495 772 88353599
1 924 931698279
326 544 435907384
394 432 979081353
87 449 783364993
696 867 981578864
524 59 329740193
781 96 301138862
515 638 157393406
313 743 356683910
187 80 489544528
723 575 782141971
41 1 727423221
696 395 964025738
264 625 312398486
294 177 8746525
801 845 549288581
365 586 934230552
202 784 168802366
597 408 658474340
752 253 460231960
987 663 732206784
803 831 697112493
956 733 167723033
689 720 915666530
93 32 218643776
841 46 52003464
145 795 182524370
103 37 386847073
928 868 761339877
673 11 420107612
344 144 151633870
31 771 545864483
732 176 342986623
18 1 171075448
592 470 975568073
38 146 921915776
80 40 254698414
782 515 543013313
637 200 578798503
730 780 804687847
933 498 792029025
306 620 311936065
529 792 158133497
217 507 578191870
435 302 532015175
372 711 74639754
80 10 19497328
221 330 385240997
709 32 266913954
884 11 160130717
698 383 19715562
86 247 334544224
367 352 638945199
801 234 185539596
288 775 677729325
484 138 748177935
232 928 58427684
210 94 379073167
341 605 453286395
552 757 828216141
382 221 678196721
925 401 448383665
248 119 343387895
431 355 152296900
378 25 29973009
570 809 414093450
690 787 484022723
767 235 654320094
639 202 736948881
75 241 303677686
528 991 79375514
723 788 870389585
306 158 70589001
431 197 156678707
177 838 717819335
268 12 170235286
622 309 271952769
722 418 22984990
307 743 886276926
654 704 785665585
221 756 618996660
617 896 166519032
51 642 621063515
100 655 469308002
902 236 915264766
574 494 359183172
35 31 751367422
574 653 44701939
988 569 952462887
372 808 353019417
991 969 723358263
66 666 935196793
314 476 152404946
548 666 120821315
118 638 900609268
979 51 977979288
573 293 985203645
521 510 486714016
936 106 753873860
94 620 864237936
364 254 969809622
640 768 335874674
666 892 809948738
819 17 980441697
336 288 25246322
290 335 124755519
162 504 338194791
21 253 957124811
271 265 831167924
83 432 22384471
592 704 909166101
388 704 602629138
344 516 457533804
196 610 33033266
743 252 149116591
760 905 645652754
299 736 397957536
71 377 873521180
284 458 101463197
372 843 711182762
226 745 423834430
790 319 409503114
615 486 112244116
435 525 999945105
633 724 202376068
78 221 446986439
479 196 429744006
611 690 939110656
143 735 714702207
651 576 651014164
456 753 10598643
980 23 748981895
445 832 937821759
95 916 265341409
982 666 197509397
294 20 224612989
773 286 451570428
715 500 451843890
412 472 467430447
873 523 157683565
492 882 972985732
618 748 711958847
151 531 486807816
279 151 393992586
549 907 601932354
408 568 37859705
686 290 9320105
522 431 683760000
312 138 301120518
545 9 968483248
433 350 157108368
973 833 310990331
104 8 413139758
200 908 486913003
108 698 812861741
739 11 774601609
767 500 172121889
163 179 867526108
105 502 557551211
78 463 251895109
566 354 262487785
278 890 56428781
68 246 16050925
503 925 691684567
435 610 709070232
722 476 757557528
821 249 608274598
375 354 873275939
651 427 180738999
935 795 471900230
453 73 843159554
598 60 502243554
868 38 392672349
801 389 125384095
725 295 48256998
384 842 684352863
56 526 941159715
382 89 625300823
871 105 870530027
100 336 233342043
423 96 818699272
514 462 716630269
522 147 126059094
664 116 903434771
153 205 401107976
551 301 653286511
275 576 912030368
642 623 265128569
728 960 331264960
895 139 401374920
347 680 617760436
804 756 689960458
29 601 494857243
648 185 912966863
943 573 337320253
929 482 404406879
94 476 775207915
402 830 331466995
799 99 834167509
256 686 663377555
604 118 106857376
344 461 991769862
640 87 15991920
163 142 116018161
711 79 941624208
957 10 418092718
200 68 136164714
919 892 399729115
422 579 98718645
463 969 687495085
222 825 710620164
435 801 164384544
783 87 362351777
197 62 76994153
333 876 671821361
904 773 656496675
697 678 138802185
16 705 174739192
170 591 779333905
39 499 424470028
436 726 524959545
78 914 458835320
730 773 505675457
122 216 472257971
326 68 160019439
388 232 282081748
712 289 969876968
411 892 911762652
492 984 990177649
26 861 980515015
201 563 341762286
382 976 769345375
697 94 953751141
189 881 400350539
568 138 314177452
116 399 631751556
468 107 121305983
38 237 154493402
219 203 957199963
73 20 333537083
663 529 433557804
654 971 339140160
550 590 210651932
527 234 746552085
327 612 328768749
377 976 793287767
477 553 198682538
517 109 95081276
81 979 31647091
427 360 228760569
996 181 520024190
613 934 281295734
677 881 489279126
131 272 523766236
580 559 953144602
53 969 739652065
540 935 423968092
716 503 99797466
392 277 326299257
536 306 718128067
31 960 199503602
933 583 748545715
515 455 973310068
974 939 862944383
223 552 362356783
865 273 686383801
676 435 125355580
130 521 987729127
731 250 285332114
309 394 294529746
424 282 610271967
155 119 687367110
593 67 930195671
405 305 714846616
656 886 53932802
203 836 454135737
231 120 571931582
542 261 109737150
755 563 54630924
954 657 519430842
562 37 854086723
869 575 958033562
236 847 494363070
625 952 348246879
47 249 772880374
680 826 933068797
189 569 655389711
980 513 802643790
218 322 488484589
71 476 591880237
61 528 794606816
517 181 301912544
170 896 20642797
647 358 670613774
593 998 918247996
881 424 399473565
20 243 912847432
638 161 70213685
80 655 593859191
968 73 842823983
396 79 198537551
231 721 901464200
594 294 172294937
32 181 556132118
118 918 391426475
793 24 763837232
561 186 23022850
748 887 869339705
50 503 597204643
331 18 66069935
5 2 992384172
815 129 848066289
381 945 412504831
562 907 864595530
926 736 686645953
757 695 96672665
256 120 585359043
846 159 802473100
478 452 811161806
649 545 944532353
645 389 6423955
636 314 797337890
832 112 852541543
872 752 124669572
551 240 813486698
444 814 857078826
655 331 94971435
477 70 228376459
633 432 777941815
533 132 770623042
522 901 587122405
772 921 317256930
149 518 318840934
246 778 304432317
392 302 673348123
946 725 830956104
727 307 195381025
178 105 872578761
109 471 764561740
94 558 725394521
874 106 682326113
662 189 822213166
841 657 317311481
103 733 160747588
156 244 69021424
139 828 859515108
680 168 565540943
211 557 885870383
108 691 261919663
615 157 305708457
405 298 271749245
584 212 662037189
349 534 701636466
604 817 310147148
259 238 532966914
960 223 343324150
393 213 987535803
621 453 653316551
357 154 208930175
353 417 73024851
49 29 577302825
782 729 276627552
165 649 732982113
583 169 312684317
546 529 924259165
92 629 805224422
904 313 411174077
662 82 441639734
341 146 518153605
18 253 177318289
15 590 778288943
276 59 343585357
780 642 446988452
325 822 834776321
773 628 625576368
51 307 114791203
598 416 459624306
914 638 552196994
816 177 719779700
162 315 468148138
937 193 156059098
883 868 429722582
338 886 425873328
47 42 588379410
322 541 731004293
332 149 285945440
896 413 460139889
378 95 176816380
46 525 130306278
986 635 947919495
185 66 541365041
453 444 645303061
709 202 978555150
568 371 820030191
6 533 740021853
89 63 296920093
590 332 258860380
756 636 976922719
668 129 494317939
580 122 456023191
683 915 122118013
327 273 365064538
372 18 734094226
924 203 274862727
392 85 934294787
676 553 653822442
542 946 540522893
822 693 396737468
53 397 482240605
830 117 996403412
196 159 477799989
834 744 829129374
547 234 776898221
954 876 143232655
551 552 952587197
144 424 20446422
798 966 793806300
436 19 759255500
371 273 546561362
623 798 408029193
841 664 291205459
957 511 642477231
294 939 253393039
129 549 592190774
679 136 784085869
816 593 207368109
735 455 634056258
430 177 497193366
720 843 107530040
373 441 931684901
398 63 244187061
617 784 545326364
877 47 923043373
533 967 880622642
420 635 548785975
967 650 267138338
608 672 360257427
246 157 260963994
614 819 352655394
577 108 48334393
280 262 751020880
519 836 738884631
42 523 792365798
399 902 439130971
290 890 922635426
582 222 403301584
418 863 991832914
509 475 900693039
785 719 343858796
868 654 949428876
405 793 506936821
222 355 189939206
907 404 589048555
294 880 874901536
910 902 719279042
761 165 168148845
679 761 421850830
645 60 150474785
327 39 632553190
787 347 960601203
950 646 108735676
827 958 297738284
93 655 765145761
965 375 177995322
15 593 577713890
954 729 776044652
42 17 722988479
782 318 8953344
988 785 78682412
836 573 74527445
649 430 662739434
833 464 243243820
748 795 694878045
651 729 97852227
276 394 92759297
896 107 514849694
63 132 180171960
425 834 857875245
113 853 764260295
77 356 32140070
797 115 323192006
930 670 908944139
95 221 461041205
597 401 624725873
979 437 215404406
983 475 696509973
760 517 956499713
51 1 22537501
244 389 15813405
466 554 142597626
845 960 903559069
547 800 464140441
788 330 436834281
253 38 116890744
809 772 522614061
37 8 597218406
180 310 531790226
695 860 103740002
882 313 877400698
472 111 879328547
872 709 149042435
142 960 329440184
137 363 395534980
572 553 937848532
962 412 826558697
463 623 426577517
917 513 27118616
449 399 289553742
238 355 284307865
120 301 14229062
282 464 810514739
974 339 802101447
40 397 950720879
897 840 747602148
521 48 630143175
835 48 26966687
615 441 374469053
549 313 706417956
223 971 883961558
789 505 942766329
837 764 157579371
593 842 482717122
244 702 5550105
173 898 804134605
750 612 295637565
554 622 109694331
342 138 199484649
795 683 627999655
335 753 249827978
833 919 888794290
380 373 825998693
88 97 550981509
100 897 776280904
350 470 351063104
554 767 542950518
569 41 196839630
318 264 152469801
836 600 687443351
339 228 801517276
397 747 776927927
550 759 766939474
468 107 349432714
488 286 345389400
50 588 792506160
232 888 992230446
803 349 937503241
859 687 842166259
512 755 10723314
862 873 797120657
518 441 974091891
58 478 601536521
340 998 205035574
908 86 632088033
354 578 855216676
383 686 41532101
198 55 547831243
822 293 85283785
969 6 892737982
905 161 308846104
270 162 205375637
909 541 161933377
535 296 256920098
25 70 258173237
831 488 909552023
365 118 539673439
971 734 531295114
423 107 529307252
316 741 837583306
488 976 811791918
635 379 724029931
113 715 834394600
209 71 443798629
9 775 837587510
396 574 74061470
33 688 553523376
404 923 539806231
882 211 347674747
227 447 399894867
690 185 46575472
241 922 33656705
466 611 747404073
759 845 437990559
972 787 281245018
337 516 41453110
842 650 238817887
396 653 68434452
588 987 561992202
418 367 964240027
807 735 43255156
721 83 142435427
485 482 32795003
731 311 50829125
70 539 237970907
497 681 751728124
787 362 404454585
323 7 414775521
761 961 828458630
517 618 824395158
201 231 419317789
262 884 584560150
657 891 323984726
962 618 52968221
554 159 466570975
780 514 524027959
447 299 967792381
422 369 561426414
313 446 395781771
376 865 897551766
754 513 488867629
200 131 133904307
67 679 843642319
851 149 916539857
778 898 518704583
732 606 367651720
674 456 479326258
510 612 923347815
403 1000 607072969
739 288 787033385
831 471 115403022
706 285 365010614
711 832 938131267
538 333 255348841
801 999 25665994
90 712 585667293
213 721 206938070
751 594 847069821
310 221 567383452
245 46 461372250
997 820 487530560
660 294 308926809
490 59 168365271
203 113 531129268
744 327 363381907
868 195 736028396
133 737 996981371
106 827 774972807
109 123 280272452
133 103 383377805
965 46 904140868
896 901 427246014
849 885 827977127
635 555 770226938
819 94 726181806
784 80 94940436
135 69 601743242
921 676 650424952
851 555 846085691
128 774 514369611
792 748 879010365
360 308 164588433
600 23 629629387
889 18 522895844
588 597 795958043
706 291 870419901
983 148 592477666
861 542 445616674
193 864 496793984
248 6 754548782
178 296 820442464
593 206 518815335
236 238 94940230
565 693 366339291
236 81 83055165
2 1 163150618
922 490 452525201
583 114 421205281
324 856 599813387
239 228 66988457
269 57 22591834
292 296 727007224
251 594 422235280
664 796 251119368
922 229 557693256
796 463 105882744
579 466 845832647
9 5 540299362
782 347 401427433
240 540 90860857
259 793 68905733
114 59 768432954
607 45 330096501
644 582 737273994
473 265 696478630
897 347 489993368
681 999 10834364
311 652 212176186
735 769 239321554
395 529 893034535
15 936 716197637
717 692 58492845
405 290 722562659
53 925 70260632
1 885 642237184
564 959 682430519
658 733 95429224
586 848 825518599
675 884 422569246
544 502 498961321
778 471 609168422
358 151 379806153
764 931 725063045
376 345 270597601
348 142 450861391
731 613 214747913
286 642 327774380
858 57 103522493
404 736 958313423
978 869 30680718
639 452 501558062
937 368 672790537
222 69 661741058
135 811 510551372
325 892 233987578
387 196 335038318
179 163 564015533
185 571 220799617
252 821 211814211
784 692 586071955
582 339 783463320
788 830 268049966
442 177 328492869
182 68 631972575
143 305 897715448
356 640 603479360
74 271 172196807
829 522 483357359
998 597 333006609
952 373 671075934
98 666 348682745
296 265 539185569
465 696 648149595
869 183 980499413
725 557 238735166
49 850 21278571
982 574 448426766
241 147 40687343
925 702 140333567
35 698 715874806
960 905 362604216
876 988 621481078
765 757 581914392
665 386 680862125
837 193 332725325
522 219 965063243
117 43 369240300
121 144 128079564
249 260 330040402
53 549 607311389
346 751 951642125
251 728 426037798
500 407 817270630
352 910 897607658
733 941 689670475
627 62 339595440
814 573 240476526
309 1 733854972
50 38 713544590
861 21 409327068
753 15 611444633
674 714 953657907
670 112 665888141
326 178 823509919
301 28 715220837
284 426 863397055
543 877 390471399
740 931 967693548
891 17 443140058
49 282 873751769
130 577 645141677
454 505 218529135
449 673 381269140
793 527 832724625
332 696 302217781
452 249 135078002
556 276 190042515
954 389 114041329
962 286 884525345
802 768 133656022
103 76 739165861
205 71 392384803
118 614 635308850
178 522 855757481
791 818 57149046
214 676 137580217
853 213 437900991
333 996 590033668
666 489 976515138
173 889 666991205
995 248 713386570
690 360 647324031
119 675 230743664
798 493 30150079
964 470 994080196
991 430 229631702
597 681 956116696
516 722 470122036
884 33 414957089
610 154 308653245
73 428 333377363
175 10 51919865
523 145 323985914
707 826 319344925
719 693 728748351
550 372 735328029
670 615 488469626
563 16 376297216
278 714 205255423
267 227 79919501
14 568 533757312
239 466 300678230
243 380 529537498
281 167 148845746
544 231 646400298
944 902 61251338
453 35 494546710
276 657 356563189
731 671 666363920
962 393 635507112
17 973 515417135
4 43 355170672
779 1000 273319660
71 18 532950246
131 623 997713739
173 422 752212037
342 406 793943996
730 545 992643906
713 113 625583170
75 168 465275706
134 7 992103900
715 116 983198063
291 172 764711709
806 827 67682596
639 871 555621041
296 741 391973197
142 181 138310358
649 642 425407010
314 267 246219093
215 55 921870195
635 473 56237093
521 105 865843561
974 573 218058410
920 279 128439606
60 202 207588206
611 623 737191767
813 249 618408683
31 638 9238023
475 972 507335919
386 542 273058633
390 360 227418939
888 797 60790117
680 714 472544528
443 394 174212322
640 833 330777494
350 979 843468190
75 74 42240101
990 44 373059770
996 440 708113707
335 642 165920635
63 674 731127327
991 260 197132421
502 130 646035877
449 544 875084176
118 325 891379988
37 283 251140507
876 984 32480718
620 686 692671241
996 962 991725516
429 134 302333160
729 175 511219000
379 374 326907308
200 433 115120587
177 331 733256154
198 704 443530036
336 150 451411838
824 572 623370532
741 356 616496551
636 394 877282559
434 548 422936164
265 327 824425390
247 72 274190546
894 821 163443308
968 931 617537526
801 538 253318156
139 300 105574146
905 194 581848988
560 208 885728979
245 140 241164711
448 409 885141211
167 377 568340004
180 582 193019601
608 614 965363680
784 328 344558679
232 518 148367028
590 434 944766884
956 381 341098741
658 55 621419113
620 525 955799273
631 527 160616058
659 856 544068898
232 622 255909664
777 801 279750078
76 20 997817929
794 120 966840494
600 732 4331064
586 69 804441549
207 189 613213301
733 738 231755907
84 488 675998130
409 427 667102385
81 32 804765290
596 222 159411664
142 409 840825780
709 421 948414755
52 910 115176109
225 152 339034907
704 982 504204818
400 393 416516200
195 115 981238566
285 597 156212077
185 165 571930790
105 632 13793682
301 384 575565652
613 503 237770569
394 712 863665379
8 308 826928321
798 827 810606420
823 775 615421707
441 542 912719661
557 660 811382896
312 114 830894318
432 139 831884311
592 790 974548562
246 529 859672020
191 86 642961636
290 177 683278253
483 185 757192194
41 160 588969963
837 749 275908039
802 958 475529298
716 554 970421023
465 126 355182330
394 844 652184044
798 275 336443255
697 644 516202975
332 563 433632922
818 271 720009359
158 213 344695201
304 850 838811607
909 103 337874636
478 369 206982972
575 246 406822692
404 687 315736924
95 31 109311857
257 78 193931496
454 626 887217329
901 691 211053700
772 864 380641367
278 946 253145079
619 821 582496490
89 921 771749719
127 885 580937194
794 353 543746412
332 522 166565679
363 113 219205826
315 832 673047503
619 482 469234569
26 478 768396254
41 757 542112512
60 41 479169971
843 657 651502123
595 798 78351400
39 34 414454658
167 85 152142565
410 533 949700856
503 241 283649802
103 323 331226944
600 75 888647441
770 888 111800307
587 306 306314090
440 457 609402022
24 6 140182343
564 442 256596085
697 492 492443230
615 530 487822282
601 151 428587943
271 101 909678363
108 260 251599398
914 884 190419263
659 700 934266641
213 81 75383176
452 723 865155384
549 955 530225572
660 8 516167001
761 19 79721700
225 618 52577046
992 5 249729502
32 974 49896917
713 900 265557719
823 993 702327713
19 530 893512589
935 923 108990504
355 218 16795040
328 365 771974311
498 585 67149108
177 102 300128888
867 484 867124827
937 861 632520026
640 439 567989646
857 649 400515007
687 41 251464677
728 854 29034565
986 46 364611310
396 712 636737364
457 985 552042114
279 742 980115421
214 698 129922770
928 625 743372690
451 155 998827094
961 818 677563920
229 862 38277854
209 523 462354640
421 312 99995760
304 79 452252180
4 996 929410142
708 285 171537719
434 981 359564727
589 217 964382572
239 172 717502594
241 649 170744518
501 267 824443847
336 162 262008979
693 786 679531200
837 351 517890616
140 814 392238654
472 534 85607721
541 421 217456928
356 711 165803667
503 997 993597451
917 960 644551039
385 306 460602564
99 378 830857033
241 588 293152106
284 775 663099402
833 249 865255450
923 256 118607575
941 951 723638378
706 264 368203291
703 308 175648568
30 8 656825320
98 61 411050125
338 923 328585151
809 928 233816292
106 424 451690612
418 723 945239182
98 365 79722151
129 96 420180748
909 209 798995321
672 366 615801806
921 657 835093535
619 427 713980414
685 148 314392452
131 47 319255130
413 526 970815471
54 66 872935317
20 823 332717054
336 420 801806544
784 845 277805737
863 47 256414578
770 466 769204084
453 156 464637717
709 576 116328757
19 20 576508760
753 556 400570857
236 209 899113839
285 888 616578211
366 896 720709211
825 405 350698699
915 64 442467989
60 498 70764150
915 876 618848374
21 740 159216777
735 155 783933304
14 736 564316679
381 623 185293058
146 214 972987260
278 204 141407724
111 469 777614392
924 514 971260571
299 369 206271601
415 102 130958792
537 78 287885130
683 325 511346404
974 969 506142157
333 426 845278357
688 861 260971996
39 530 741630906
481 769 97990025
324 635 231880067
697 241 203773251
167 155 264084048
447 891 783885305
277 614 132710363
747 444 627851273
917 232 421466084
658 220 7525581
775 374 342924770
968 248 529160659
731 200 757518517
957 466 803012785
963 19 960554966
626 701 266330204
659 969 970752280
378 558 520439845
110 313 21143089
527 900 983727265
506 965 986739001
607 936 754872153
618 869 777806600
264 165 237272271
888 507 881756387
502 305 440149370
247 116 636248781
373 391 172485478
708 150 467070581
923 2 235804421
659 719 647291558
380 505 88131384
869 710 815109736
728 335 847250350
116 794 235079365
508 55 695330806
106 705 967605632
253 880 537580240
718 405 893766427
212 320 717058507
172 805 750269538
514 58 781410095
314 223 385757748
574 973 463083208
216 942 656905624
157 762 330599008
470 325 711293092
701 272 160792090
80 656 316181633
343 150 17791477
54 769 546371964
358 522 630521325
897 196 790081218
360 414 765019483
940 444 949199446
117 618 265318643
99 79 342062167
42 281 109543849
286 229 371618051
544 886 734083475
354 717 880842565
900 508 109283690
264 199 345117258
398 331 895213503
346 73 388666356
489 17 741951763
629 710 961050832
894 980 395970303
46 888 602736287
631 718 774814629
93 248 22390615
196 828 269917225
310 56 596320333
885 199 398868441
308 105 287882127
968 656 541803148
599 917 856922265
993 673 263236146
301 174 129959794
440 220 479141698
484 794 554327321
348 272 201858643
26 21 442558909
168 29 280280517
970 583 998828765
706 596 599147760
237 115 436740936
419 326 504775442
900 46 869769004
228 788 49023077
38 265 56761749
645 915 486661515
774 951 463640631
535 344 893677389
626 236 155547820
876 252 657762371
173 477 181953008
975 442 34257240
161 357 919274787
981 782 894744595
76 811 439078464
240 639 829500146
818 427 371808434
34 11 590472612
461 391 848670193
23 741 784045697
995 619 197551260
360 759 223096709
285 678 639217064
162 106 736960945
371 101 952162721
603 609 354321731
314 96 359781246
959 308 345091674
137 974 479213339
581 384 781579224
600 206 964296874
823 697 620817907
879 800 396762435
199 608 55418222
557 331 626360503
539 289 288252419
130 79 300729832
505 465 105645567
811 429 42099044
773 706 904880879
931 851 345276109
123 19 19161826
20 110 853171728
170 138 322728361
793 858 337170355
56 102 559738305
218 875 246902117
869 731 990519070
850 426 942959282
780 360 66558608
828 367 920700873
121 880 132478393
262 5 345500493
251 202 362185444
135 892 239506429
711 741 710303567
21 148 330507086
187 142 22403083
899 60 569405421
376 652 472641623
6 398 602975484
552 188 516668912
623 958 473078041
273 227 71448926
218 301 12834083
675 231 652309886
813 159 812420555
14 393 887944200
131 554 249634678
639 731 865110835
780 123 994352895
993 214 692592911
855 21 537024187
608 470 453462917
881 820 933389919
613 347 122299932
347 219 970319973
796 7 858972931
299 29 436476038
438 352 874340997
856 435 276473220
121 484 328742722
91 555 467104622
11 330 172844920
678 689 231120940
512 130 626262725
452 28 218829549
603 389 18517979
60 515 513660500
308 238 971372978
639 948 149190439
526 453 679903704
640 311 574914337
425 48 151059666
30 548 467944006
791 94 129324447
517 727 145361671
448 998 696478316
764 882 176492054
807 576 918782835
764 212 710252782
544 165 448316477
278 182 859869870
219 965 408708179
2 714 288099998
438 869 583885328
875 321 509290336
930 384 654131849
447 614 503447078
857 110 101554767
860 751 853358437
417 140 501980570
943 115 835157866
582 329 446112335
71 945 261669491
156 466 773678544
227 686 527502276
80 76 614871693
731 503 79426548
75 938 925100210
501 339 866795300
326 727 483220334
218 65 179364525
713 368 384645916
676 664 124323699
913 778 794081094
848 536 244068604
142 434 646001458
236 550 906120205
494 672 716890894
566 126 717722327
462 413 900978265
205 157 56768148
414 838 254361338
936 953 912906035
877 702 455691777
702 976 419804779
729 150 472519094
353 698 438933693
353 616 162170754
976 790 35211627
154 428 476474211
59 95 290828992
380 514 273857496
691 1 296616090
39 352 455374598
599 477 754184654
640 181 551387163
635 380 959250773
786 159 702908165
521 891 180177759
941 415 752714390
806 580 101019236
414 165 489846567
903 274 218429019
332 192 627102341
117 869 69776828
58 68 391928399
980 747 816008293
581 815 714751315
379 674 795596063
649 155 617910221
610 452 822303306
968 993 738646357
231 692 324074432
723 181 639781613
287 222 881740914
69 44 972823921
914 177 235981141
547 543 694042972
126 7 216686467
364 143 4905053
964 319 163181104
44 437 790745600
31 1 698999930
182 366 750969876
880 180 233958336
882 386 781914544
750 726 208422237
455 344 406482420
863 475 185157005
822 984 623433261
214 12 74594975
387 637 998611808
411 167 834645387
291 447 114135535
438 304 637698203
431 995 744532772
311 978 570269606
676 399 844445168
955 617 606068466
622 82 565844865
234 707 678593368
695 491 329294420
498 627 387567690
560 407 590126554
449 250 46461512
765 814 444733073
623 520 287341016
109 948 502002546
686 290 153310457
591 432 135482736
137 676 229826776
645 266 639166101
375 317 602074247
994 766 682259723
16 904 859907356
574 966 521116652
884 496 201926059
581 401 930528980
233 260 432538581
599 835 156628040
291 143 84212136
83 633 943505534
920 408 91155349
244 288 314335089
420 759 794897557
463 68 477522535
769 290 392134941
201 140 302245889
596 304 727771367
938 381 600031743
82 72 224511872
137 53 409744692
640 584 360192503
539 286 843339458
370 661 605649921
242 111 474557607
46 14 56819465
91 252 236389644
337 813 82926586
944 206 29804860
946 142 254169718
796 262 243781532
648 66 906700116
974 218 751436238
287 160 195322505
972 202 461640771
974 785 60416787
624 291 188362493
669 379 237493963
734 199 971439618
233 458 922611393
992 561 244125315
358 267 997071620
392 185 777728362
54 664 496296048
650 316 258626631
731 626 150145810
923 18 670504370
899 191 226827298
502 942 44488940
891 404 873536136
270 516 289123003
583 697 897471495
952 948 857798811
92 538 291829958
363 212 587616366
362 11 654334359
161 502 254254834
135 341 112423290
577 369 361360576
399 526 428624444
919 501 801659554
448 386 847823599
701 709 873342112
220 911 848631704
970 467 839005970
36 999 907965802
775 699 652373336
748 656 86266256
694 850 811662706
732 198 289175933
594 168 327932841
27 422 166360603
326 559 989760835
183 141 332546457
246 643 598723104
70 127 911169604
369 196 574931368
419 765 378572156
406 447 359432731
632 130 50719286
427 454 333438510
925 816 354106563
554 778 942536585
279 49 633369118
833 859 215079705
538 300 777596206
591 982 938229128
789 792 829958216
85 451 81336707
318 707 27407948
845 618 561188159
269 171 53187491
552 58 361348086
545 269 332112976
287 204 658631829
817 182 479413455
758 40 866141403
697 757 115000349
672 197 113742537
765 128 282016186
6 3 344526365
200 777 62355146
384 70 106146072
611 868 252186065
782 505 904008703
97 70 614974833
766 328 801250545
259 952 132228524
571 829 472690293
919 575 565704571
430 160 632591448
513 970 920769434
327 532 653900789
830 442 920628972
682 889 450847083
741 52 339124829
795 883 507259656
938 384 70272328
651 30 381239683
427 326 547391313
245 150 73931831
298 447 835511275
35 746 851669779
740 605 485378550
7 169 849289433
432 236 990025250
626 979 334301300
43 739 715817417
114 185 43344268
921 669 37341830
589 654 619616015
619 337 568004747
704 691 587436782
725 573 162387015
885 315 484947953
534 949 324809227
612 678 835315821
89 79 381737760
774 655 649405678
892 624 717422651
366 472 638926313
718 310 400937352
224 513 886879037
91 90 967692378
87 394 206545347
222 823 837055099
162 589 339052236
392 842 940956509
947 551 789463239
833 210 216961550
122 910 927613745
654 601 564703640
168 892 983451427
770 247 636571311
395 89 131290415
88 75 353732980
980 253 179892945
350 273 879239414
26 240 105776882
168 224 363845734
433 246 264299390
86 600 828508291
358 42 816259797
323 794 545054055
466 110 147144739
313 484 267409961
279 128 276964861
280 342 122830157
701 166 967478559
777 775 218106768
878 807 752114618
733 134 520679571
147 659 815430072
166 455 895952549
283 83 622750057
782 487 404220530
83 400 785675945
744 296 544239684
652 245 863436832
14 8 336262479
498 313 391766186
147 100 760880662
684 515 273972678
386 351 891059288
477 495 27368057
1000 982 581343264
529 583 555051161
373 183 836991044
287 16 840614684
808 128 503945349
604 966 550606079
365 97 671615256
508 107 948665707
269 319 557735443
503 899 880324039
801 113 950020119
126 962 539593022
449 96 717121395
895 465 856770847
821 534 702964096
804 345 485360701
803 186 346861468
269 879 756151458
387 639 301938930
714 133 107446681
372 903 927789732
342 36 456699088
585 286 682319220
460 899 840695614
515 153 402624980
904 961 905910017
803 592 442578257
355 422 854358739
757 800 149452709
974 36 82687515
420 763 432735074
792 366 917170065
881 94 226949431
214 587 114679171
197 495 845455834
811 264 886748337
940 926 811674295
416 914 628829689
849 958 549100880
597 113 214535471
803 380 417988082
48 221 119880898
402 707 682622352
540 387 825388201
665 893 399797243
722 232 739556602
791 444 206965304
444 758 274619659
477 425 489164597
552 237 237797398
496 713 411106011
944 711 117686601
907 685 330825677
112 356 712249244
207 341 830728626
634 277 148595368
403 455 496504646
460 36 49244288
87 651 292661409
910 286 937167095
131 590 705905663
341 52 246223962
50 901 819362898
884 952 116079837
120 441 101206093
781 960 688286952
968 528 809509700
596 350 729185437
213 122 528922231
183 317 112774392
820 626 934365406
55 303 584675085
25 489 534892934
329 335 963627415
22 9 533708631
589 486 893100279
844 907 537387910
431 574 818017430
348 971 920805803
586 543 243103190
669 560 966256208
702 413 60937857
294 496 38124716
187 142 226588599
216 55 210466351
17 6 975762559
616 51 514354806
24 873 430686843
261 165 578413648
738 571 874744301
286 159 857872643
84 99 368928676
371 655 210141750
483 529 66650528
12 587 453268879
17 135 607085117
707 591 378520876
846 408 494827227
651 510 78264013
947 226 161367204
93 655 527097567
266 661 450759558
246 37 974841380
145 73 202087048
166 243 650818313
576 437 493359171
81 884 285829895
539 36 297568220
646 192 16695380
665 970 232357205
624 552 907094312
831 538 169944244
639 833 431649906
165 929 896023469
731 765 396276057
746 605 450515760
736 377 539466966
672 390 779898551
793 88 523933719
441 39 912242133
549 667 206794960
529 677 631273688
623 370 276523356
743 893 130643898
975 905 974207400
164 334 303456367
72 559 555084942
446 237 708150468
975 80 464246773
159 875 233632541
464 265 245928060
651 762 638865394
662 536 79927268
292 662 4040348
964 590 711200192
456 476 684564154
681 604 380942304
538 248 121113706
305 104 191786752
379 972 772242054
13 806 421657765
625 840 283628756
57 182 816382659
735 591 958926380
858 490 190659958
380 918 459753168
191 90 994624537
814 515 165358991
209 687 522680586
78 55 834545163
236 714 612129717
157 672 840615840
296 83 339412087
532 331 554366244
340 113 56591340
383 526 497540119
177 27 229857215
542 235 901730572
183 805 391214388
73 744 550909694
863 308 29519995
568 700 342776516
482 133 935884619
977 553 217624971
614 225 704324379
158 572 488066881
98 759 73519793
132 83 461789980
622 538 915264201
377 531 142958498
832 505 492224355
494 461 168688383
576 911 99150687
892 794 558937892
236 375 259844554
500 528 824630140
250 101 963998879
309 82 135587308
142 136 993672332
667 245 609845640
283 983 691407249
220 527 47014843
891 722 493842070
597 537 676380825
751 18 150839688
978 649 156164358
161 503 473424794
520 678 232573915
872 906 233051471
339 222 238857845
975 480 854711138
679 523 740490671
308 602 630405215
895 348 231290771
858 867 492753926
973 108 212054469
799 107 357445735
508 397 967414099
843 465 346381374
577 315 779922786
184 974 360213871
550 559 320144293
499 254 992415926
958 160 817310072
812 516 608597561
907 845 780709162
498 131 64572168
557 176 451381231
617 417 626606345
891 842 452567264
986 660 365027563
965 904 793641939
882 766 85312889
696 32 29875567
165 34 575344105
709 79 412511967
678 754 368714945
372 455 656074074
759 857 147347867
113 560 982683287
27 214 842522362
225 519 509830315
685 643 547844566
871 39 583594329
480 931 289050986
544 760 388734515
947 626 253110987
644 367 452220546
460 279 783928055
143 970 695767250
7 869 674495691
801 966 751653615
377 124 645867672
331 39 70870459
508 116 974330254
331 887 793242726
163 174 194820229
421 888 932153627
278 834 333706163
93 392 300884467
458 346 120961238
342 1 101808326
35 41 531171074
342 495 379948228
689 560 447521976
186 119 756939609
393 61 360748793
110 689 994298679
58 127 438565977
884 551 976051569
193 498 668907027
137 42 4864469
479 214 464762181
913 882 142946309
995 434 561241538
790 36 421587115
22 886 640258156
844 213 821413723
542 987 219689300
220 134 316952373
426 801 38549402
759 73 519744353
848 300 76011118
180 165 457846401
394 156 713335165
547 971 760577116
574 769 289748492
373 789 117629573
659 590 600159831
45 24 907180001
804 878 431922484
9 554 235900491
867 58 367087658
153 331 783931542
298 291 261243738
933 61 651428894
8 801 70816180
142 967 227171549
159 182 652549890
917 702 69703013
183 749 629107186
416 450 137473648
588 564 488382351
151 488 440446064
763 196 323232675
211 2 51089904
157 184 32872149
753 457 861884745
410 481 303982766
227 482 953474067
42 386 818157197
833 242 254960361
33 442 239731714
267 17 455795835
30 946 138714793
954 781 867312946
899 267 964013509
13 378 221489458
390 254 693591153
290 111 823107363
159 898 3476872
541 957 849598581
461 9 718846389
174 930 595940211
992 119 27058101
827 524 820845743
253 993 263860632
625 343 904862171
954 330 80815410
500 336 724340410
180 629 348432335
277 8 982282790
504 601 399553583
555 358 856111237
709 528 968545670
601 531 530888226
125 84 791762470
353 181 109687975
249 744 906983802
508 169 339419840
678 370 617003851
325 248 771671990
81 301 810077873
752 270 829196245
705 139 578234770
205 199 183849287
618 236 665910940
507 130 595309217
166 970 271735125
289 457 302834338
8 1 206541910
618 521 527723407
1000 162 866106595
722 208 727763335
729 357 93513489
112 194 274828764
596 665 766358948
155 737 488466999
604 612 611166640
241 320 606915320
631 555 50843327
192 701 129783484
491 96 861750251
218 678 612812921
441 823 674465020
62 130 695384318
177 919 547156597
199 189 968785620
246 51 723240520
113 36 278241501
318 213 327596775
350 559 51641886
85 847 621557778
410 324 358323255
403 610 316033441
860 833 782943647
258 770 605211152
600 837 454442192
918 52 266705593
405 50 177472578
383 242 259682395
386 92 335327672
532 789 71287519
716 4 789090332
505 538 418379135
948 364 940897216
410 927 709335215
934 696 720048700
404 422 943811685
919 410 682981440
743 630 248482071
785 672 473821665
602 202 227852051
695 387 529495117
808 594 166192412
535 831 337537019
183 637 861094523
537 816 691127876
851 958 425368934
980 465 539824911
853 656 946344572
744 974 333547349
602 830 46040378
633 638 878174994
396 81 339915825
103 263 23483563
482 157 733541904
811 57 574499811
374 260 159919965
178 69 829247129
513 222 453129556
338 198 271606779
323 224 38117063
311 251 379200072
263 175 733574754
141 627 223403458
49 799 251453537
849 990 676916024
521 397 252090629
470 684 364828746
179 181 338271725
572 485 831378101
138 95 113495424
927 723 551891925
604 552 554573606
580 390 629169304
465 245 38289608
223 846 83638190
516 463 266369875
152 317 45672027
685 150 664659091
492 951 882885470
248 99 199184309
921 67 631800189
496 234 537042885
703 765 590925219
767 809 88335334
292 206 425189899
667 414 152080520
101 876 284534049
204 238 111829581
673 432 664855663
286 863 526435047
327 916 140437982
950 974 505991386
21 15 35749469
31 103 552766888
40 360 247622494
75 145 55933040
921 931 922515019
105 328 741651928
896 77 985831669
63 24 733070969
652 450 542673206
392 577 853018895
57 711 155530897
529 255 971011000
580 825 858637343
164 112 636257893
440 644 17117237
468 747 680222459
204 29 53177754
465 842 11559049
839 119 994721286
237 661 585615401
763 450 983519665
653 935 49709677
539 793 707819189
600 366 229719152
399 239 4495721
574 262 675010499
136 422 287267374
927 191 9159021
444 29 353984138
109 64 484645686
468 496 286802720
303 119 815887765
715 535 636811988
438 728 675103974
480 64 904521341
393 624 842132859
226 182 846476656
138 654 202704311
73 219 904955541
236 68 509897781
380 823 406660908
433 86 289916814
928 828 262687816
531 61 447133492
521 765 867986242
346 379 763428113
486 693 421003424
406 476 289563734
199 506 395309455
326 777 287434229
54 960 901324824
34 628 700539614
758 826 265500220
338 860 97356156
246 219 322269208
487 367 669562963
53 47 790090666
850 693 542052264
710 657 967855342
588 702 33280901
342 832 928892294
548 497 71286547
476 60 739056350
898 539 24461444
746 327 543648643
707 702 190729944
890 179 392429990
219 804 215233558
207 623 213443536
915 498 951008375
340 611 474602555
748 975 724486260
314 301 205684942
561 997 821541611
180 228 387581808
619 63 784389783
409 292 682139034
151 98 13175426
472 564 51591343
201 952 68396070
432 992 352545635
903 307 331552208
802 222 620454344
929 833 412017890
9 682 514746118
652 325 443840718
46 131 574605468
144 123 707279821
730 294 921894267
722 342 549004967
663 210 195894932
911 582 755101834
942 935 187877682
171 98 260031704
945 316 355226021
620 419 438757166
870 31 675479347
932 218 531050862
462 326 229380123
589 477 177963628
620 530 86533528
792 368 999933439
558 167 706437252
249 861 100394418
154 335 684818825
706 454 855439174
608 274 71072776
431 803 257550708
121 331 404462624
368 899 93996968
272 72 920419159
119 24 465205113
436 4 72918938
795 71 702034728
993 388 683131650
889 306 67419154
199 557 528667217
280 962 975996475
414 693 599625248
70 6 811685024
585 110 978213104
500 271 852183002
822 566 163982675
110 354 31283743
571 452 577247679
399 121 960285302
474 694 597289594
41 482 884013849
921 32 472514312
713 144 62029132
334 604 421266922
439 959 388511981
485 405 425478361
14 627 901463465
979 967 542334086
278 170 170725096
89 45 295851488
279 114 502921387
257 642 231611208
205 48 863562554
885 614 272990362
142 602 341705114
102 82 103504266
875 863 261865727
645 57 889320616
524 958 577626246
144 18 318877977
195 297 11839900
239 667 616401857
796 815 809704353
599 344 915536545
870 388 999375030
302 132 212311077
14 558 18814679
654 706 289623440
20 773 502278410
198 771 469858585
548 18 588178996
992 717 130311753
723 372 289656639
224 76 163746620
101 793 306764743
848 877 88828584
147 963 598189503
185 799 90458619
440 616 674083075
299 257 643625423
121 757 459712726
418 685 421326354
557 974 470246740
143 31 646540865
154 203 581938875
118 848 181409840
685 252 907805598
234 598 643690523
820 870 950771373
229 605 927190624
690 506 35899906
931 177 287801030
86 39 632392086
935 574 446763693
681 524 988048480
193 920 862633255
949 390 935972759
86 809 239012738
849 466 449156090
563 128 915334799
707 582 303395019
322 967 576796816
608 379 98777776
273 468 860521220
944 673 778785585
318 49 395679642
787 109 339183422
644 348 746062740
510 317 65659502
848 222 979790556
775 57 571237008
848 502 533071081
312 972 714478633
389 633 641234127
49 449 526199693
264 218 783649155
276 489 366123735
692 211 43856970
699 585 55988368
350 819 69493649
381 910 644857537
420 293 161577055
385 631 227870987
675 780 369606717
277 918 194543298
641 286 112297368
519 460 931021427
430 26 911249836
588 395 385319860
347 150 997357164
157 59 28196113
360 176 16968211
669 376 293445192
481 90 122132340
593 435 994355885
748 487 158618192
962 707 417484400
113 106 545247755
631 595 938604180
802 205 895027824
240 170 234156916
119 663 266547596
879 403 285616434
677 238 895148296
187 873 404140067
490 778 317916291
559 871 837194492
254 202 428454669
391 349 842484886
680 832 984758886
123 402 976364603
808 806 846705624
215 834 219835496
614 307 880184113
352 509 271368118
416 50 818543108
403 349 94251817
779 12 279895425
917 855 470534343
17 452 659895930
666 819 8355136
302 635 933352557
878 294 353927644
193 211 115750099
131 130 619501658
735 641 655890827
94 13 733367627
488 224 68739808
176 98 770865262
669 380 221702713
467 353 960122214
723 838 67051308
838 132 175069594
828 571 363418231
101 801 158151033
94 365 297669232
68 5 900226858
980 1000 659882603
134 852 449884240
996 180 143761082
504 497 502582505
166 110 30873517
415 17 784669125
23 563 415268184
641 393 416751300
357 154 451218047
906 89 892633598
872 998 610755640
408 685 930974661
57 993 709619279
233 863 937989256
431 465 101502181
642 468 425145152
87 38 380338724
615 197 297006145
35 762 168734564
808 875 341259486
153 55 371694555
244 281 977803728
331 901 802250193
322 738 989095171
151 72 131726610
435 148 834618375
208 721 496865343
412 253 990353698
220 642 821840977
255 65 125643101
84 995 421749717
144 827 8990273
763 496 221921163
559 498 465376544
822 225 276078836
644 308 309150312
970 26 988994561
413 936 339415159
883 130 516525007
671 152 858431874
650 349 573770002
918 644 276192285
39 192 739385376
592 643 273624402
75 234 863496807
912 357 403546563
412 46 38876099
206 191 644987335
175 115 3377202
75 423 427555151
393 46 703550564
445 361 313316076
410 71 436048635
258 23 914618816
954 210 639289811
719 249 236464621
334 724 639908302
383 867 804864718
670 665 492011715
653 99 941042053
464 51 713031532
383 146 4647936
938 374 539804705
55 594 565699886
666 532 360534335
963 244 337364041
107 93 939101512
263 94 93006922
718 68 489596951
666 54 481206728
52 776 730628446
243 597 357597830
292 638 397208487
267 923 252531096
602 935 158814135
639 974 551443559
982 997 826311055
937 888 682926567
631 175 321947251
558 727 280403006
795 871 248581549
739 880 221927492
457 623 811486276
252 110 378924176
911 826 811596447
733 350 638370429
217 293 561364979
744 692 441682723
953 324 105014585
727 511 707082427
75 458 601982141
320 773 216628862
646 845 17382467
413 253 619612457
207 79 230510521
531 508 379013175
819 155 721540385
913 883 568779112
758 123 880758097
609 806 899409213
494 614 305643118
740 70 190148930
832 470 995729816
87 573 318593126
369 424 308384871
255 902 676479118
849 884 196194339
25 22 208437574
249 239 254993491
9 869 219364543
960 685 14339392
903 713 912658451
253 26 342100389
349 210 879038830
318 496 343330618
416 308 855532888
29 642 612395102
899 299 205711916
630 134 712073620
993 798 745624356
237 427 588868457
592 734 652689141
787 151 866765144
781 216 755151984
676 239 743621131
986 572 454769542
529 26 231510466
653 221 883102395
319 280 715025916
159 120 881070172
877 434 760952593
357 38 658741686
730 494 5485318
597 365 48364457
587 414 908601963
220 10 812815910
185 332 949377859
321 955 486096982
158 34 193273399
905 72 47606223
993 229 772689907
422 213 608638215
347 457 64594789
503 281 632886927
705 312 50993360
3 323 44623284
466 720 780358007
949 232 227677274
302 183 973829060
607 47 531396970
520 811 159050368
688 525 586690343
909 511 522523201
831 635 592386361
77 62 514869291
149 166 264158101
693 725 272240648
329 122 129193652
3 1 688402213
344 78 661992709
194 886 167824849
106 56 924332889
258 269 116274976
844 962 138663672
624 942 910025288
770 542 818358929
453 957 204572019
550 517 612656650
883 531 456977744
847 361 611319611
497 675 190961509
921 576 625435268
452 17 588079103
784 274 452044265
653 86 845546898
970 676 747850182
189 740 90868391
722 36 499303755
618 212 44690362
209 173 437039059
274 795 394911326
416 375 95881504
416 392 98199721
432 550 731849232
659 749 639134846
618 962 266919268
337 251 332535059
670 957 865652672
805 833 157888044
332 882 577790476
748 701 676498369
575 758 372697179
358 19 47460341
139 113 324278563
118 116 26816986
905 2 599005789
530 560 68458798
788 132 645330514
888 794 512034267
360 395 83549865
770 151 807587252
633 378 383494240
988 556 610681706
382 388 150105361
828 853 888302270
590 808 550088733
275 185 836008650
898 547 856516639
800 218 534053381
746 996 269704555
13 472 491148932
326 440 39681609
120 55 465051682
183 705 574693267
324 299 109826698
104 331 714518529
233 360 256963365
724 573 155367027
448 675 436324643
820 477 430949477
896 153 438705160
113 704 329982252
184 964 165222752
200 759 164990889
95 561 786983392
147 598 461726587
606 395 830658938
66 953 337273657
917 899 401138600
45 676 125055989
700 117 302887801
466 612 42924791
222 481 613854865
101 898 346660606
582 508 139019859
449 974 929028708
161 141 454454961
982 423 272559275
874 754 103085490
736 570 117189702
606 348 881437088
883 948 677765439
216 785 120268681
561 259 286916769
670 947 201613909
600 433 611180266
423 180 828730865
397 130 539143110
818 906 747634064
154 5 20745977
774 531 597726165
703 350 573544827
264 480 589774980
949 41 816154726
93 34 388255223
725 388 72163071
747 324 555890327
13 8 654559677
413 853 235977903
772 460 180271530
476 190 998559252
307 38 921697963
175 902 56358121
39 72 311315216
821 967 944203623
812 140 736874127
862 710 237712148
866 187 452186413
748 799 721582464
797 433 883997518
554 140 797950811
362 51 395567294
117 388 806586015
275 127 231853225
11 7 816673462
915 757 325751487
519 94 829001416
111 489 904734447
856 605 168113083
915 651 419056533
714 939 743614981
839 265 731366145
459 663 868003747
540 102 441597465
709 766 553782465
290 911 228263195
894 275 464766568
285 356 42592972
265 367 605570775
625 540 750044282
826 362 47978748
586 387 65068495
539 26 47093355
992 508 557774100
687 332 4614212
769 284 951918091
53 4 80863548
690 156 300605971
720 784 13112991
291 783 93495761
366 722 667230322
213 913 605458324
239 824 735575193
976 977 893259505
790 197 448452188
74 199 998989130
126 648 383095743
904 655 889354729
282 59 329839691
826 452 875828243
189 696 71465779
862 887 724977651
862 597 865968858
451 277 110089069
819 393 362927406
918 424 275462180
764 598 658051128
463 486 378086573
370 317 194087577
471 65 693303788
712 439 63386447
213 201 722021704
218 825 257259893
517 796 282150267
126 775 815952226
53 941 151146030
528 62 443763927
342 288 506365755
707 274 242475129
386 333 259125920
513 10 434651863
617 846 445563704
745 866 320953303
746 344 576697141
239 462 910894489
858 311 163965691
579 204 821652602
724 987 752867500
551 967 370658266
300 816 668484051
333 936 139990516
540 673 445916022
404 392 976010910
135 177 931925223
498 901 974059345
540 244 859853867
787 167 128685335
899 143 961579081
777 751 645718163
200 967 328651410
450 338 468108558
699 163 179720253
222 846 519243763
833 556 959690866
916 59 831088793
141 105 159517586
850 282 241257199
67 168 37437562
739 130 913667266
447 125 359712967
311 303 418687889
617 127 113998842
218 369 676321376
313 307 622317563
303 307 606649934
235 390 680872260
12 4 156805376
357 418 645611775
325 777 288943479
21 686 569732905
552 221 416802500
856 765 949604257
953 313 526671452
551 201 215358047
385 160 24104675
512 196 564865425
753 996 642962358
10 715 784940894
288 7 287206254
141 434 876835998
270 49 781552194
148 120 592799391
859 894 991660394
165 101 946234441
672 825 250414883
624 480 325291271
439 245 357383727
301 416 781351367
621 313 103489404
273 686 436523237
67 613 310536429
228 364 832462103
54 345 131587707
852 487 811330745
70 920 511332392
684 15 864254915
966 267 434277036
848 260 187172273
325 77 859307814
517 750 188493488
51 199 248567451
83 561 595118342
952 264 917408609
79 53 30763172
316 117 207560607
271 650 427414036
92 790 841661320
144 398 855617243
660 160 936282047
495 987 302748064
53 170 808445579
158 346 769011160
216 967 928808402
944 916 103684064
797 139 236424293
23 560 694137771
789 25 224897074
169 585 545091782
188 749 764615432
391 254 923285138
854 629 892255192
368 212 518810831
402 770 590358753
387 233 654670523
280 735 271960209
997 942 922789999
237 622 381053594
53 274 643988926
531 289 442972639
250 156 490875454
906 46 158210762
65 478 924363266
932 341 462987055
336 620 793913612
334 353 577613937
12 897 899829368
264 998 431872513
502 641 905484909
21 375 680552517
584 969 891411656
359 28 447361312
616 111 894465698
996 929 680739925
586 198 173745314
443 65 166555914
509 949 352898439
733 111 789084351
270 582 681206877
471 201 349275411
852 403 118580269
576 481 596413757
655 234 649692312
424 992 107401240
72 5 325360594
218 878 557638999
370 172 188567268
694 349 557195165
717 86 731048355
812 22 467666255
833 240 397580473
278 715 123089915
9 279 459918297
931 718 488038574
156 181 320769624
143 75 473640092
115 67 796051190
444 84 653828805
385 954 464693648
688 699 471031820
6 244 301592195
953 186 162089865
147 14 311790838
968 9 49531025
804 126 185664647
786 885 986384364
56 256 492594982
569 881 886379809
131 2 830484426
805 7 568318717
787 520 33981139
893 69 326508770
519 474 58363742
894 173 978920780
636 407 494495305
313 61 915098283
301 327 157050735
955 242 207514685
462 759 285482173
541 150 203989644
356 548 56505501
746 18 470020671
136 122 966907579
486 520 588593022
868 921 476573130
363 185 760098438
136 4 868951685
942 576 674680621
15 181 329424225
112 508 996407792
729 183 218568356
945 177 793693970
808 356 710475636
578 165 195803105
669 295 538486813
369 568 439808065
238 34 685618073
836 758 97621205
641 638 192009116
743 817 614645339
755 374 286868084
310 897 136748263
771 537 695929378
994 941 557355176
686 891 886074504
720 612 238127397
274 856 51138764
638 666 829902792
557 483 950455431
509 793 99316703
623 786 272333558
839 660 468629222
101 679 284754024
104 397 90799931
678 309 562611993
177 454 869490738
794 811 794426962
916 933 958725674
552 123 418688154
816 233 472987419
890 875 554896436
631 557 896826817
445 779 917599111
870 571 825922099
255 876 9677887
266 23 958675166
917 680 82186662
172 154 837608071
404 223 868343998
873 194 118010487
329 780 921266600
456 979 334321236
415 127 782169807
800 13 359695517
241 836 210809920
560 642 413788182
966 696 352226153
946 416 225869246
285 84 390837434
978 695 902753797
305 263 188061833
298 640 448194610
462 62 885426239
543 776 555904522
633 974 811642498
925 798 453019348
467 230 713762235
1000 113 773265072
445 353 374208469
649 436 383118658
222 28 126107267
192 548 227813932
186 246 693933927
396 7 74824160
112 72 922270783
703 608 584453688
398 453 342175612
488 803 583396531
616 209 483083864
532 172 397627981
283 93 507568790
951 615 805905401
750 844 966730766
517 302 789947876
419 251 906515209
251 430 917576669
200 16 523514179
409 510 752896942
980 111 859757521
243 14 231450786
334 399 770551255
109 302 378066954
656 428 554609302
703 516 454913367
613 11 114707292
209 197 526626307
367 649 472293780
14 149 678472364
209 206 438868634
743 983 638723429
943 573 210349409
145 164 955788725
865 428 580773113
683 80 84955278
403 408 26351566
230 242 930902501
381 394 42735522
922 366 691952280
348 704 987300098
346 554 92490952
417 455 570977879
207 11 326137599
836 209 139051411
524 244 380610050
644 999 47899853
683 565 694739052
631 967 578720458
473 643 808691299
143 811 890243529
188 13 921948718
50 111 990600568
114 715 241497791
67 239 834838101
670 466 714180523
169 47 385406150
831 549 365798459
563 196 769512533
183 170 360805214
230 577 433879417
195 144 28493608
885 602 261325464
121 988 808926537
525 98 547224624
672 557 213978226
27 854 89123325
332 255 447656821
369 596 903481504
682 551 445281898
476 169 976911656
327 919 659916993
112 564 60274334
826 179 826337192
44 770 86945393
663 250 219861279
783 551 994477154
264 303 769352491
499 408 103304271
54 448 188079388
166 273 629657726
111 906 51387445
219 730 226694572
804 971 249100085
570 385 564250399
66 15 168657761
514 681 865261585
468 552 948468013
101 19 885166602
360 958 28046001
779 445 188206619
845 744 589810962
906 584 17610195
914 722 131773314
515 370 584347407
386 16 375605702
974 853 196531365
220 32 190880214
960 471 763119240
451 552 320131544
125 234 482969388
894 63 179809087
551 279 898075447
174 160 70522926
380 211 76178656
345 224 445983202
881 264 319636230
593 36 928504523
704 673 819471747
446 49 962420161
743 222 107638349
689 125 345973483
944 714 526964649
713 852 730392517
236 621 27525058
736 365 871251712
448 500 979390993
370 137 97137632
206 356 709659792
575 606 677894234
510 92 517517741
488 469 996014541
888 473 835641703
259 891 451470682
921 930 885876884
717 698 785320572
771 809 936036476
811 231 513350971
748 173 583042625
372 300 131672546
990 536 756562862
890 545 894323032
323 72 245631908
152 44 203042550
289 210 768948385
67 58 364258678
240 780 533427626
932 597 317966936
986 566 382016047
83 299 193348701
473 832 798374045
278 169 88540963
361 861 912034679
219 938 866251355
221 16 102146436
485 857 33398023
12 844 353892641
657 322 575027642
740 750 664778126
74 729 800094652
534 597 815811038
608 835 572673323
616 162 844586164
575 571 270608149
304 101 558866150
450 745 699828019
745 699 560200340
483 827 222974486
610 648 795916567
391 656 486517194
51 519 124662157
370 21 706263485
421 837 450352919
56 918 648965232
662 539 897345491
707 791 299574194
367 723 803782075
913 343 386308240
958 16 60486891
289 6 742562637
998 688 195273474
497 621 479646039
619 375 978289174
485 952 451770101
117 622 114575716
959 741 618803050
85 302 893694178
104 425 546399409
820 177 61655526
834 642 329140571
285 124 657872596
865 894 646207787
148 586 39300281
68 56 935974611
860 659 364438547
117 745 222540800
57 469 850269633
836 627 121376273
209 580 138975899
578 224 701528317
20 716 39285507
737 40 423444067
258 669 359956954
787 186 599750431
963 797 176876123
567 413 879520598
509 79 550621100
90 623 236351985
354 588 902396903
372 786 571258643
116 94 73205362
483 557 253217574
545 427 464547690
76 355 772249495
52 289 45245792
724 72 151363478
43 8 957712601
599 475 292642593
659 113 446579249
612 76 399014788
843 395 986029992
315 163 846720945
570 906 485485019
519 85 286382600
384 261 125916266
38 152 105444035
642 848 48266518
119 390 470099830
356 660 966607220
944 425 205071855
41 205 439780171
862 975 625964812
852 760 994884308
842 279 68898415
160 34 753205435
513 264 194941672
358 25 399937789
831 420 686261658
515 803 385895396
749 750 978749691
980 202 254892484
31 569 522450525
836 186 451319852
125 946 776495318
87 722 285100942
138 130 108833854
900 488 182153264
648 166 845226450
632 886 731575845
316 931 996116834
878 105 370823872
738 17 850712333
426 667 465058259
917 328 185273725
800 549 203626511
755 250 569509251
472 699 727052796
149 706 401127963
295 3 290275658
27 311 419916052
764 761 662180892
779 49 401300086
167 95 881034445
69 473 593418444
271 687 2417824
383 993 796080006
413 512 987299829
973 30 510611140
348 476 392924316
288 134 122376097
826 492 125249483
681 381 999578293
847 879 711222038
936 302 200923793
32 27 546541851
423 122 801566759
316 154 510990795
755 137 459669410
955 56 955544284
656 157 994732145
572 759 357387886
769 978 887875826
464 899 466229097
889 511 41080805
360 954 744257373
450 330 854616970
509 739 302641925
217 86 312660044
966 503 396487696
807 375 138979841
876 18 577978592
84 28 430971212
695 129 658271891
192 201 576587891
132 953 363087920
791 601 879913980
220 209 569883810
710 466 129467663
889 367 430201030
756 878 309598186
788 38 254089911
32 663 869981174
178 753 274740790
503 248 41968656
43 882 888805958
859 834 559768706
417 392 312909095
596 944 377797321
359 681 254693312
105 139 381371154
388 311 679341069
3 347 489749339
949 820 206107994
771 815 887449297
390 104 542322358
897 569 946782205
279 86 422027189
185 623 214764336
144 805 452473939
990 275 82933724
945 243 368757447
416 57 760096511
575 251 943740896
346 663 695838220
606 31 72846965
800 170 997352445
184 358 715006331
117 806 231848992
938 728 219357719
419 98 722704126
370 701 971169234
102 318 500127334
372 665 929091239
222 416 63949723
167 635 326390663
261 843 824786957
293 21 492528025
63 189 905982470
947 279 813694528
548 210 540188379
293 684 797370241
137 22 144981719
36 21 582173261
461 220 675127264
910 906 380251476
713 515 600785823
351 100 708848022
733 695 191111881
175 116 171621664
400 265 745145774
327 435 351789333
983 428 394620879
639 303 603454097
337 966 694815679
241 84 47222688
636 920 323796418
946 807 372765608
531 605 591723679
865 460 290154109
529 208 66589621
325 135 703815227
513 263 733896200
785 984 587569440
684 844 481905321
827 122 761027282
367 47 188076132
688 772 63007711
77 393 244452747
129 849 127536349
680 198 949677154
597 323 728947713
852 456 517712090
435 97 545806933
174 4 265313653
882 438 831114894
474 754 20500122
624 287 290364830
537 436 195496708
802 537 648120816
338 40 407686185
908 131 865555655
859 689 575597040
844 139 226369947
319 197 3394500
333 514 759505373
843 598 492946147
173 300 27939375
19 508 476921566
295 518 693106063
637 667 434509560
60 390 961805601
733 237 922495385
198 865 47071179
720 444 690029637
994 210 978648062
284 119 471745785
576 158 137111069
40 39 500199892
563 870 474237915
153 370 779092087
353 420 90356165
817 341 356502540
927 379 61294980
515 516 497390557
897 782 126212169
977 356 527954218
91 526 267554792
337 814 320869482
868 65 139918627
612 680 747784888
827 700 916787268
156 154 435515197
319 954 970433634
147 120 493844184
726 671 976841291
187 276 784097860
967 43 29251112
214 851 307107970
769 560 482345363
61 613 693778904
54 33 348438350
338 131 106608184
150 251 335791674
960 582 350249042
641 151 51676739
716 89 790577658
967 41 604842115
411 310 517565100
221 148 547215764
393 894 386294830
166 162 997446980
149 17 455728952
539 246 828114020
241 116 743271488
804 846 445771430
443 464 996142218
711 309 136703137
733 875 27585099
792 706 271503396
442 549 334989221
952 340 409326279
99 457 45239831
246 897 686606225
512 21 589732487
954 513 213273881
778 82 109874736
480 897 321533542
914 317 150114210
386 591 748165134
128 307 48428855
413 50 676514210
22 555 794685475
730 291 398292901
111 756 519742942
860 908 691156039
82 116 919812751
524 614 680780447
464 545 663445965
506 142 522384197
811 545 836714569
432 846 24669917
518 367 848602303
559 628 878062093
634 907 205332234
229 667 300012414
424 614 177946901
317 299 590761740
710 311 688347700
595 94 867046660
414 375 91486167
390 391 353672771
840 212 469808641
254 731 912551225
264 608 185381179
378 226 94013112
370 916 507423442
51 393 252744372
99 405 661534160
701 25 249175947
948 826 526910170
690 454 730914239
537 964 7933975
138 205 664139217
736 755 311904478
85 83 450216311
147 934 956369339
949 654 311077962
173 530 778393817
283 801 394029130
680 162 50806258
866 594 433225022
514 279 308552479
268 872 101685776
621 876 571561017
34 951 784419010
193 88 190189602
840 183 390770001
946 321 425503034
497 302 13423649
108 88 317285482
196 564 960707618
493 918 292445567
950 463 605749693
816 678 150698014
17 334 219793315
509 433 236422708
406 118 827650297
550 769 488400361
389 45 495349654
573 842 656950814
85 983 673619814
830 431 930981561
795 319 233510602
759 404 703927939
963 373 543227141
260 360 10245652
594 804 838896489
356 279 751264258
268 537 689559680
522 675 464586435
459 157 46789879
152 87 466963693
402 340 739689782
679 758 843681968
400 571 380483557
304 178 87480045
334 774 878130592
952 233 861175207
701 543 392772652
262 555 75678971
949 693 92692177
693 172 589343426
817 329 99961659
135 669 174450613
316 113 722171132
678 468 54676879
936 694 423901340
332 797 263232802
122 78 724091048
33 925 762773511
788 876 392679601
72 213 14060588
76 285 162232498
445 365 13348768
109 186 195251985
552 937 303994411
148 77 123635909
623 243 987904102
184 84 822130947
17 572 443283560
914 718 831590915
858 834 516184143
16 4 370958056
479 199 330544170
598 903 350522394
328 770 935604635
243 148 520171454
131 746 528880051
990 106 584376644
873 431 803064555
822 811 6620280
384 930 613898617
729 293 167256585
783 86 208400840
199 802 644773723
101 412 410741296
435 961 360765
744 693 791123453
258 118 746656859
534 255 808715406
495 415 171653548
589 557 602326877
231 118 371555125
992 491 708326637
890 565 647692735
732 987 481700228
121 100 59354650
942 1 83071813
648 509 463920189
403 342 402806665
854 53 806277197
313 72 550605139
232 23 555490421
866 937 903860879
345 343 85269149
994 196 865492248
615 268 710962394
957 183 423144254
486 408 367913116
214 360 832254115
208 203 478509486
425 81 191339018
440 302 896766878
93 253 44393992
257 570 88430130
189 829 777708478
111 18 635082659
275 800 97949076
318 102 141448811
319 139 404025895
789 967 953948065
377 66 896769347
545 281 702458094
901 221 259493975
567 450 106868548
870 727 455643810
933 755 512134553
434 197 731546784
583 784 507647094
261 405 492737311
110 664 851891780
124 64 538794910
301 305 866452930
219 841 292558490
590 472 285496961
766 378 43550466
403 228 480119825
435 32 924136101
542 286 847631527
7 329 249074108
146 116 68407128
298 257 198258613
838 419 447434462
229 481 598763852
96 63 940154680
353 237 808403151
390 593 870092990
999 571 861337167
27 955 162114561
64 752 175310834
654 36 388494633
795 365 620783143
565 136 238198807
995 603 191751533
310 385 865199389
531 155 107474321
507 461 690281888
248 180 17642300
382 35 165465671
572 49 952305328
157 771 562593847
982 518 702947329
406 158 585446716
977 489 968217020
214 870 756897535
464 395 565576720
465 813 662087249
440 307 404056935
221 66 522209911
623 986 754840046
775 419 564562390
904 304 431469235
54 781 13587007
282 463 514918820
967 660 38774544
649 829 469835480
715 169 866210525
915 542 743604692
609 359 52190459
979 702 4434153
236 798 152395809
280 37 164427782
755 816 651008965
946 256 786868685
190 127 713052040
641 690 710958638
481 387 10091380
846 994 617220820
919 9 101712632
44 990 255228501
633 745 756362325
623 131 211438694
348 479 890115937
835 988 900899146
94 13 908449568
57 39 571218529
43 560 497383093
859 615 296537531
12 987 97712642
523 498 540005299
290 179 208896523
158 49 830482954
952 856 936183418
287 763 454971579
837 730 4373907
257 310 830678784
552 296 705813602
545 440 430752698
546 828 843279450
939 849 937025663
426 372 331572710
206 229 662279556
81 689 859952338
861 375 121156324
903 998 416352121
645 162 267767117
57 695 466502624
767 857 735334691
173 126 429374981
829 278 419861363
795 363 344324806
110 629 811207015
467 678 125776857
46 534 592988274
822 490 534738801
289 613 260636416
501 930 964765796
651 757 168382263
118 272 89991696
52 7 846791945
141 430 572862924
711 846 414389343
828 131 809901980
894 313 238809428
56 666 184725599
144 913 219750639
542 926 674770842
44 190 927471600
15 1 262288956
307 539 436057273
557 265 666108402
92 55 421137578
592 602 391775616
64 772 270460145
911 68 725552264
751 597 543124927
999 125 862295833
1000 867 223899344
174 749 313900305
721 200 223957641
858 289 213954159
247 131 95783078
439 776 308521980
306 121 843773140
127 60 723376759
683 400 508894544
404 253 738942311
266 21 874341019
817 653 917844940
39 168 409070161
898 255 347603797
663 59 871031075
812 864 760452305
347 328 575016043
454 79 702623236
968 255 395983565
116 550 442614877
876 222 508507720
662 160 903743704
82 254 880423410
145 282 372526583
44 915 463709941
449 72 954726468
379 315 156768583
811 18 229521659
97 419 851354550
473 756 583802137
602 258 966234993
605 917 74641004
994 242 100614680
161 355 230381986
480 531 576823083
958 942 380773022
302 928 748141811
769 279 836778955
655 846 32799951
724 190 349184107
23 9 810305979
274 224 433626743
681 910 754031390
984 695 221412825
931 442 677879767
647 580 394783398
918 411 103209535
189 272 622238661
791 754 357263990
275 190 63263690
369 58 578894477
254 857 299941391
107 351 449544575
770 307 350454142
207 68 911429252
783 393 680415570
329 305 13345786
803 560 627725863
191 203 519966276
344 32 793539911
649 910 358251495
508 855 564460570
853 490 829707861
885 888 611002384
350 622 922833118
314 734 893695315
311 61 535694429
985 291 254659723
941 281 246201954
703 657 2248177
404 930 903459369
530 805 565222554
718 989 547664029
760 272 943897819
902 633 892844544
825 386 303469001
753 945 426276282
397 572 552935272
228 142 611166039
153 137 529054773
65 281 306723498
468 852 85531662
502 88 600265825
46 32 558761915
438 274 572390074
173 48 645754435
517 326 495434882
402 964 949413849
159 953 872256698
222 662 370180197
322 753 50949332
159 943 923184109
670 338 194110011
856 274 273754290
562 460 395571277
156 562 271972742
638 244 979539117
598 534 179572302
342 702 306220218
797 385 376647897
235 146 898958792
940 886 329583841
138 473 312746747
433 986 385581785
46 14 244562270
699 380 708089056
525 369 212082808
540 339 463572857
294 259 282118328
510 938 204946866
435 499 82559854
963 700 237667657
589 807 473565648
947 41 690973611
126 75 191063034
970 667 55664467
902 53 289829461
755 996 684633856
341 680 635787125
467 302 943362129
916 450 59968603
794 148 368146228
629 77 465408347
431 954 701610364
170 737 821178100
498 639 269077141
871 654 731273934
170 542 626700387
875 972 480755482
769 235 168706383
112 806 565563607
311 770 513745931
232 714 468199762
708 845 393905009
128 30 341397826
188 339 8812155
765 337 861085230
405 526 341433789
630 181 419670129
998 127 444813172
48 30 597125871
978 556 462942139
768 648 897496147
2 640 260633879
236 904 653486571
253 718 60166997
511 446 686737421
149 707 995294100
127 454 154406910
185 4 436377646
564 350 575955286
579 790 901010094
618 654 802794300
542 266 823642818
580 685 202171713
714 754 297080334
956 694 526148247
9 251 816376839
87 350 481169223
256 417 616465549
571 514 302743611
809 383 887943643
1000 635 877406618
55 772 464498323
30 406 655553974
625 86 926367305
798 583 462865798
379 332 206425966
831 851 822932760
956 255 994070633
764 94 737605753
818 692 278796501
245 408 105422835
254 261 659970433
802 155 456350814
774 778 126197586
922 134 617616708
565 538 883425624
47 713 365302235
389 599 360351786
751 33 868580340
519 334 645489107
272 263 992364843
539 637 768391695
456 377 552884659
602 24 664439001
493 238 462487608
715 334 906652805
376 97 646282048
314 268 489921567
549 526 489029118
825 170 627780093
203 652 929243673
854 570 333052803
912 633 565234161
555 77 227080141
482 931 722893714
884 409 596013985
15 153 722438677
487 203 774383851
964 124 82571506
406 56 203336544
642 433 418197847
105 882 875858277
558 72 566031749
352 244 685255774
78 941 388584207
838 50 241976027
636 693 258986702
118 504 184593127
263 843 546671087
434 124 202243863
940 94 652350973
873 16 530312278
291 915 213651855
457 295 330880004
730 419 583074996
361 263 888137406
397 618 903018980
116 59 862347611
509 454 734927564
186 377 84505227
315 307 906694265
20 4 464054175
162 918 291337889
766 716 723713755
99 106 591919802
67 168 799797252
487 338 690822081
608 722 656837524
20 861 852756424
958 726 816696648
866 965 712553945
680 292 750195010
456 53 589945532
475 356 760482826
304 186 316923584
648 245 151543985
225 962 645662470
620 135 39583507
155 226 212092150
128 965 135117575
249 762 285301574
348 860 267943768
307 558 104487125
617 124 495749481
827 229 731725492
408 223 219296162
316 346 684602361
808 489 466829533
351 654 805803347
609 224 238800605
140 58 991145072
920 601 562764735
808 777 692025704
501 27 401681269
602 231 528713065
868 676 846476488
298 804 631405461
929 535 214876798
304 523 293625259
567 883 939176593
663 759 908815315
507 400 968927400
672 51 264077724
538 675 676993038
844 631 430821653
653 46 743426105
321 81 508086531
849 918 724545357
157 943 199643724
189 149 731737239
243 79 198784704
910 938 95805765
53 134 253887736
148 365 624008210
592 405 537916884
452 6 524361004
641 784 865399942
694 307 979982198
821 944 339031164
90 218 146416500
720 389 856567544
301 818 908279929
12 464 297509345
691 525 334654816
150 18 125658346
937 776 609929711
363 582 361771166
488 263 839511357
366 48 480904052
215 105 475088181
545 60 998272977
108 783 872956942
504 918 772133344
838 186 787882803
203 609 408847206
686 484 360278588
211 350 100457001
250 666 520302574
994 484 773952024
977 820 668917094
385 526 955721163
849 462 581090236
247 851 247696501
831 564 231226366
685 679 154442999
686 363 472735761
159 145 410767186
746 455 38324794
726 46 365295436
780 473 219972842
584 216 494490162
30 810 172780867
704 242 844436005
863 399 170730555
334 301 737958311
391 646 214510093
958 33 198895319
417 519 374859123
437 158 68736342
60 779 383252149
906 998 444750552
823 62 329537828
135 737 725131514
932 209 529294745
50 471 671986333
71 258 676808935
758 152 262446517
201 969 112604882
906 405 945638726
738 851 867549649
564 357 660585316
473 485 200391028
573 433 753315931
459 287 611453893
517 444 865854655
640 745 272643113
394 154 761513853
421 801 920727121
411 270 337750010
588 354 582195185
61 38 286969382
553 402 572159592
79 884 662517996
353 749 91801538
182 45 99346212
572 478 236657499
392 461 650564011
254 191 90010189
554 176 163002041
85 267 753986309
821 893 544665779
892 311 484852119
149 763 47535879
838 767 657864934
549 450 693083178
282 743 231696914
652 116 405383082
203 88 973555503
66 22 549772311
135 641 347274830
234 849 533157319
700 987 223633090
274 345 640232276
578 61 728357730
83 3 622157365
250 753 456673401
273 789 887327583
552 193 788330325
773 516 142442067
675 884 99892717
860 808 694345975
177 133 759483538
777 359 776759180
42 614 641596494
588 223 606958415
362 759 327927244
478 209 915971751
718 201 754232025
607 840 457563012
979 352 520111623
202 429 169685807
851 832 252258149
849 747 531405771
140 488 611568774
528 925 535141136
917 647 541886582
420 486 630184682
704 328 708247138
691 42 251466504
560 91 522662553
359 747 30379579
987 73 410443753
116 193 128283267
513 953 834225982
105 972 935709528
885 753 67901315
603 236 619466304
668 524 271877758
817 526 251338235
787 859 146218522
673 593 525890462
116 11 533374596
984 364 170259618
671 19 385744933
909 630 108451405
751 467 142490109
698 671 350869016
735 373 855961415
141 796 218834048
54 345 903364003
485 867 534845767
928 648 851110739
459 790 229349111
914 631 637498900
998 447 615348478
145 175 184217111
607 841 91380615
328 537 590226924
640 425 140890591
322 156 787380050
845 799 241521331
955 485 277399986
95 266 820667208
415 193 496057500
684 254 922791130
515 425 934538860
482 817 735967133
610 48 47922024
485 255 46121283
742 466 90721149
289 638 811942441
180 725 373960423
704 6 216303784
702 411 643765329
923 95 620150852
630 645 459458275
966 198 758671101
236 863 205179997
917 633 514929624
640 61 274015208
691 26 765804090
853 710 152233333
817 251 898192900
249 926 84310916
263 644 571011080
341 959 222881671
516 958 310092857
10 9 398080699
34 576 918627561
396 48 146760276
557 322 667810643
880 548 405736022
174 623 540151082
821 782 76662810
738 701 806650252
129 164 768612675
554 191 733945852
350 322 940268882
749 430 649257271
261 710 140379876
893 302 334120557
858 128 913127251
498 878 317373382
968 407 69516347
892 49 988884815
308 919 886336705
44 8 347872546
786 148 288499152
859 21 309206020
468 516 858699964
887 320 419335860
850 630 999835470
122 535 199764627
262 618 581990604
227 112 55982149
832 763 577025666
219 288 996119577
494 71 103010042
644 12 197595170
412 485 524639192
812 22 16339088
847 328 439227408
495 976 188480029
923 497 172844937
883 778 936504380
887 897 801062054
827 41 563625916
788 68 978672508
150 344 645905221
743 174 403259582
556 289 386399555
497 911 950280900
520 956 351207299
342 962 461982685
72 697 501148552
496 425 827332749
212 20 632011747
62 88 606432922
631 173 372127355
762 715 926713732
960 586 976695410
202 98 627050161
285 138 733465706
59 146 658969051
845 741 156690199
692 438 179000234
44 22 475812620
624 27 575882037
791 739 183582880
481 683 703654100
804 522 59069857
181 148 497214577
880 860 874928654
477 923 780964503
897 1 645340626
763 498 857560509
951 631 478344611
515 461 952498277
531 170 802187892
406 127 902917748
48 423 750695758
270 343 921770546
233 934 618755726
992 709 551438420
19 7 82078249
665 445 74371311
567 421 612889109
906 143 733927734
628 67 303717609
186 760 880550965
871 946 324508184
815 578 328718959
657 359 628868690
55 40 530198211
821 329 774226943
867 200 982186936
162 490 218483775
914 742 197869090
33 21 167465500
645 157 640908401
200 612 349766666
765 779 680604162
771 494 283854363
463 571 243745773
14 484 401618203
545 664 819535596
525 265 975660485
450 773 824631369
880 392 310368651
208 790 6532817
907 303 939466021
62 841 918728085
687 294 633028256
424 271 515199799
55 284 110135477
147 39 802695184
502 73 871880597
434 727 894706492
814 769 547389808
67 290 638855854
810 492 714545402
124 46 776976645
264 659 635520201
709 831 542556722
696 934 941917902
742 473 646058944
632 631 660043432
784 490 347985113
641 48 771635944
689 235 318473277
541 551 259348748
431 32 564321537
230 416 828151284
899 290 637429244
573 39 802131868
810 225 882711072
824 351 176918530
45 8 573633010
286 287 479799219
83 701 555920883
539 990 158723069
453 796 402614187
708 177 994545807
377 11 99266412
721 696 492438686
168 847 350068562
420 115 230533818
895 933 824926707
995 105 371631897
746 707 767459029
174 808 358251398
493 870 417404911
890 859 747375592
171 245 645740210
976 963 251992470
555 790 702570569
238 77 304404921
588 141 141077656
225 137 227905836
745 517 944686338
287 83 544747060
669 52 794147974
646 952 465706194
691 391 518586169
710 293 601997078
827 698 574457318
28 4 687109495
119 155 255523841
304 310 561468635
543 489 177527261
460 529 773109232
325 267 487481251
455 292 61063340
651 171 304099729
691 141 769935226
208 801 494417500
253 354 455607726
499 906 1085777
463 377 947464274
836 163 376462019
374 332 134760780
167 72 866734552
259 257 412818996
813 860 330314942
502 578 633680534
20 559 1458676
749 319 236825409
320 170 351529651
606 426 33392544
984 917 503758327
891 560 286657519
159 41 984378891
168 344 836637022
26 774 101333760
327 333 563063175
920 588 227275454
925 227 277760665
614 165 661292655
462 321 216778970
156 414 255280443
661 17 376118170
105 91 103910657
567 114 771002123
456 639 619856888
24 575 325520657
447 297 693999882
598 21 974304997
43 873 865965768
812 12 264730484
838 60 836671186
401 27 140081178
767 659 963213088
454 500 74098787
682 584 978875991
914 441 676849158
535 104 413630273
37 39 381459813
785 630 984483827
526 197 90571283
485 395 346615922
238 802 761259418
29 445 387046253
518 705 498058529
182 839 444544898
568 329 284046551
65 160 823672236
798 394 497457171
988 903 384764872
731 835 137765330
957 990 919326453
264 2 805529164
434 930 915085601
552 451 283771962
335 6 24888594
672 992 990630284
129 626 928847285
382 486 929740552
56 9 461428509
255 188 939284994
257 60 231129589
329 443 269907338
516 255 15122231
70 850 441777075
38 15 70039097
292 430 89316842
77 142 978966000
234 35 81123072
9 354 431920556
760 917 559394625
605 498 557179422
679 553 739533029
958 121 602302780
16 275 529447283
321 683 909384551
577 76 384302682
194 150 5412219
100 79 65196859
876 312 136327194
588 639 580319790
221 291 134453104
674 229 128219443
333 866 417726610
713 291 896659348
111 689 726679496
223 914 250566195
971 21 456092041
588 582 26367784
349 93 261630786
656 319 922515144
460 288 263597472
81 470 540092850
612 244 375724646
169 638 174687308
842 965 387927143
881 658 59285118
941 901 385246545
45 329 321782587
367 468 922185185
990 920 525401025
237 217 977305230
818 782 519790697
134 25 201577548
981 223 965704206
343 724 122829782
880 675 248548435
271 392 312439465
762 978 359095873
902 773 69807115
67 1 761921588
770 249 810868108
158 931 461328806
864 326 129317110
90 5 109883041
349 414 529482074
408 322 993299137
380 138 450583112
183 39 477770557
914 77 607420422
724 517 598074152
376 94 916879109
365 995 83759503
157 427 686980177
228 599 732947203
761 653 996875931
550 940 823899071
781 382 274330059
765 150 408924244
737 342 160850245
529 284 114120567
227 696 727141716
989 344 620966034
27 221 728900684
459 602 246709274
357 926 43200282
246 331 134636632
142 104 476740898
895 574 852313529
628 292 452278153
310 990 923183511
260 953 597990031
34 247 573593370
834 509 105705359
690 386 503870150
518 587 228819138
839 22 827271178
867 536 695453587
758 365 531802006
645 11 734827708
231 844 212963402
566 389 453068293
869 767 388278056
589 351 917110014
684 203 484068072
703 679 990498896
46 203 60359887
490 209 444125425
844 244 211570943
24 408 900791609
609 201 381561543
259 635 368099004
140 461 590232174
282 872 470168009
118 297 779779609
333 281 426206249
600 561 912400148
804 885 144408524
544 290 880901319
941 224 541927802
381 413 438979499
587 175 897290791
806 469 86223988
36 909 684771189
746 511 734725160
760 209 247594536
918 74 732812003
968 17 69916959
973 213 660703882
985 393 796482302
110 666 363171906
892 425 591870220
730 360 957373026
763 283 327006623
586 689 594495327
973 51 838793451
700 623 190495422
734 670 950796152
149 629 676708243
546 473 634669087
658 278 630229472
878 472 2792362
646 547 699929992
505 10 171420483
299 267 3768710
4 3 487471918
468 390 967938550
56 52 655131792
904 189 236822695
19 208 457242682
159 373 363729903
728 52 359203311
609 718 222594717
886 947 392376462
477 144 417369612
893 256 876832779
212 839 637236948
289 860 827461344
363 611 211135430
758 305 464335898
350 702 531519686
327 880 234482075
235 350 656316726
112 924 846368026
703 967 830668622
876 369 969395591
501 312 14559836
156 244 355628455
695 438 178708585
793 627 66944174
195 703 329730179
859 560 21816628
884 663 379728707
992 309 690460008
249 513 720647700
685 237 540260132
354 162 136167040
370 999 173539640
893 412 608433190
475 141 328456945
303 218 866815720
904 467 399410127
830 684 20582050
762 311 481250368
367 224 153916959
626 695 580456051
859 103 65297533
461 393 41522159
97 449 603951724
306 890 204499832
67 154 716599763
381 955 110742963
482 856 750587392
579 39 879205041
754 547 390042693
717 62 903011645
528 854 52811746
873 270 752609998
949 515 777556894
752 11 578622100
798 631 701166919
556 321 847418303
779 662 953202313
695 430 13806120
403 139 237886912
353 807 61109364
830 907 739346800
367 88 637714950
768 106 329551265
511 183 805777540
20 833 450913024
817 927 314007099
696 873 462154877
941 633 984780356
185 922 564097140
874 677 716253739
993 348 222586577
940 741 507426557
779 901 45227992
226 607 548783784
171 119 601832042
865 529 180031767
309 831 912333371
846 101 969462521
82 275 322272213
185 44 752641529
244 93 924195013
827 332 164572198
96 104 855482579
67 470 411005042
933 680 213173284
605 831 519934051
644 727 979384136
887 670 549272415
445 186 1502204
486 635 716443712
418 101 680149628
816 732 440599113
539 442 854339076
568 569 51005584
964 703 387217439
871 958 461961655
260 154 179201491
178 186 714706855
355 172 630048535
520 339 97046273
458 165 743882586
80 709 541405923
760 125 94911833
472 490 4579972
970 953 685984986
562 785 689221613
292 610 621979169
29 221 14397357
922 40 346481081
587 30 779887235
534 364 687492035
815 356 639711478
133 78 32013629
335 451 995119299
542 150 559835815
156 857 354540074
202 38 727335962
297 37 592392914
672 636 679937172
670 625 508314105
368 410 259899636
300 285 297243975
29 8 419167513
883 731 945407118
788 572 819436594
645 229 963467758
513 440 469052849
527 113 380427202
530 152 864575296
1000 232 211672552
886 330 944317859
405 48 415915206
31 39 276201801
421 956 901627013
232 597 595928177
502 864 940625491
196 510 120547749
735 246 407321276
365 287 473444718
328 88 670163438
192 100 608758575
704 109 736889059
873 933 810472332
29 396 937690824
368 41 770595810
651 350 490468040
418 693 268629136
873 931 479537065
379 364 120589576
9 862 475148671
523 560 747422849
731 682 548232587
479 561 89167211
414 360 622963592
643 152 575682328
811 898 740230310
895 349 340828076
421 289 124076213
293 813 622430060
754 834 732800304
320 156 219958092
718 923 84918812
962 499 954527225
385 864 974047233
297 800 508057916
433 849 363010879
898 426 382077381
117 564 885307289
224 287 326699243
203 944 809832948
683 442 318573236
492 147 563591152
707 341 754745254
633 769 567561604
678 573 400920756
484711936 286571459 439758340 35722102 543154203 670813726 190728433 827755058 679633567 467142596 63282694 554281773 528794977 634594192 239853430 453710717 538352317 491098892 94939419 584861416 544850670 486762446 151135657 892967096 344913515 243749248 56991628 673169211 259244104 604784493 343155918 786396510 255450317 380801117 43627905 143777225 552971293 935522117 204399965 824696451 213701138 490892431 377542824 151155799 369595106 226793473 580299018 185429424 655690364 168560133 966785621 449937005 471180923 483843681 95883795 722144486 596467679 360712566 603015359 271646263 592639002 673828013 519624099 483273700 480228969 781209664 484513966 906740595 802193660 906124860 512439689 462088301 488207550 675745898 220224150 417167963 319608592 113394258 660473114 323993966 984455214 16136600 497179198 771074565 215802000 526795057 969015877 184791994 352042490 714157264 375105748 25061819 749704221 362254773 43832413 377157423 564514304 73306177 870630755 188625326 503003517 668186546 342012307 505623887 921508436 118499822 168425921 727363339 829487898 928786505 942714211 202072371 40953770 299235574 415013349 299847576 64385698 258627784 732068879 770361604 973986456 656391052 772118121 147973458 221692848 557697203 39451175 831865271 456455336 344852311 891187738 189121147 794421013 391689595 907994702 124760234 707698508 533075279 195418142 925280236 746738971 717543168 580792945 264350200 198918109 148608368 569684195 247370638 681714724 212297752 208669496 486433599 3716113 345737712 167078573 338786303 924508521 424660021 330689750 1797411 718357391 58200109 310812792 313031917 404808904 42496228 115988378 170518724 467532555 28143632 297197438 139493786 340221144 635534382 432341268 352475792 262110941 418002707 741114556 670148102 212762305 865788611 999892895 878549665 601797234 848769589 286287195 746429346 932634288 526351281 572007941 429234896 93969283 117768675 669616788 751865496 469070181 983586892 8723946 329951024 89058083 897310508 57994417 103952828 776151720 702301388 715386967 889119128 947966681 988846911 242684998 637740025 310829662 258193134 344134235 32285028 71857674 62258964 504427415 707197932 638266747 754955984 824095210 940980039 836263221 398649838 365868875 974030524 725311518 822113942 566756096 700337621 22467666 886383424 485245887 901661326 780700626 548877749 77960082 504528862 152741669 115819552 938904447 152012763 859577539 646457219 699999250 873427953 224931252 856551327 908568249 189952409 973429684 703603039 84022458 684453847 103018126 747681074 919600346 226805197 911830839 260183049 859921720 171456218 366207154 990498733 697344799 346156207 908085811 770808310 245062930 284038565 698223682 20098335 86070576 933290500 313442541 965193820 804229752 606005487 873426034 813769157 776584739 422418959 385625438 97254179 115126850 104997254 447181089 438139973 216019213 807030274 698754657 690799030 187604002 408468815 289126274 29919121 667593604 464943901 523876872 737289118 531355887 203692565 623789084 710012556 582941206 729108284 786407568 997650605 365278953 414526837 630238733 442780372 440891248 379582200 288433337 875892614 367166730 972378207 520779042 231071134 815811258 721830226 582606156 621363509 690442919 635086567 806461579 870645080 708632016 143492124 245566105 808106231 528782961 125016937 574711273 85526399 563801952 553447182 183007834 195693749 157049034 823911061 489662214 566974750 191030358 930575846 190114938 738642661 38267709 625303741 876970726 708468559 633064315 999957396 309062952 463061007 105766475 959064021 744604279 212991654 930536756 509308360 199349976 600820089 854024174 478949825 391365989 161006858 855143139 660990413 955226663 789450006 390969618 216102430 611068172 657107262 471261225 360932479 712967593 772240283 777708716 571008690 770641413 87469478 754222695 503584124 334408726 116632198 148327266 701017472 274503627 739343071 245608500 135081237 571944064 567770168 113883097 685141525 444697749 850634088 66373798 704050231 842679872 300188561 702543267 744180160 925061859 653468476 284784285 467862974 321744977 264313785 947318902 268271959 824425326 638327081 214857727 354763461 398307790 367938823 329790371 67098916 52119908 979728669 104014831 32259109 899754525 591229441 29447084 682142205 700678574 97576070 402666410 71451201 575026716 66519110 204779280 219983857 472501237 252104533 770569390 132482480 173961113 106398318 771433372 528438350 730601564 101480750 806024109 479113260 604213737 939015360 782284740 155066870 475479880 828991980 136709520 533396276 689710572 748465523 789449146 5103921 570862336 460416483 77542796 100636367 353960574 412767400 364069329 123509254 531076565 226211166 246089385 995146513 582872673 263882265 972300677 702933991 117146766 581532563 101542061 935762598 76689150 61955737 823695677 57056819 638623103 836340093 149886472 966314496 424393722 604579692 463841819 48533562 986591518 388732313 539343770 596631116 424017026 811344727 273509023 140908977 950030102 342629476 23176170 338935535 422617173 383475648 745190944 981257763 146107969 322208852 727198554 322725220 275132411 343221072 750201035 624569622 322552456 530629312 783826897 427132001 443982167 4527956 856257324 471838804 374513196 608600068 138974506 586379635 814048549 735066573 139755980 592653304 857087741 521578769 835807601 585398195 148944533 505495901 93029412 180736807 831912927 466507271 592822841 248802112 127560914 193531460 515482158 516229967 420922265 811481678 511342417 423501706 886360392 957172335 6247928 535923577 1958990 716423455 634156235 663413378 844356493 78128422 931981708 426057280 884410187 688864034 366845719 524917033 973807979 756920836 47800230 168160913 118388476 660395260 866060110 647307074 369711638 687790591 584250367 853994472 592889755 197765361 738326558 316185769 956695415 523128604 933155027 860848013 602074291 91443389 263750553 655387217 502537463 806851529 224435700 809809173 942014951 9593637 375899212 522965180 362059364 416453610 285797904 845718626 529462149 4872324 409158694 36891892 322606101 701332539 275274178 896087887 193573842 909050109 914751743 695496451 663053859 513046534 319550008 366751404 569404417 677631687 414035023 428437997 534427203 766287892 299074455 172079393 542781952 50414416 959995252 749742660 598815105 380396785 166665698 28866977 94571729 298594756 841362156 294096169 550679804 880740490 871222244 731530267 886441821 36478753 525306386 485873444 731831795 547053287 904539031 442342348 696760490 108077533 937299208 72687306 431249517 893849489 678364916 188848157 999065750 801939688 743850537 147783362 713084857 466692738 554932246 677882338 550002735 276752340 683453055 748601569 492105263 671038572 581745874 972339604 155909022 635683358 535399379 924294708 876283283 40486869 371305906 674599750 775549729 341713158 62216002 254846587 249750444 133981135 463024915 714506177 578495513 640812790 989434016 521815528 417405681 577835638 997906577 854750590 536112648 449446402 938213698 398274510 160599312 109502785 313736311 327394517 153067983 387747242 605852880 92893255 657158533 112870241 285054292 812655214 310706659 236284490 33633295 462212430 755246533 923717981 177275515 202419324 298856203 131471395 600897495 356423187 435417686 230417307 157403951 502213772 787790018 282849997 780768933 305848605 742751942 945125619 966891978 405573150 506286346 269890778 502741585 269448646 216899653 87412127 465502975 55609791 57522919 279985605 687147532 180044630 6645587 279412076 742850502 736986304 556891886 638291414 560109842 459276007 427428041 783456382 146274930 20330754 240519254 23589443 691457822 536469083 262830635 462071807 986896235 850513871 569069951 858945751 845151700 383032671 39333272 963622404 157441746 836167378 815118295 505808180 889236012 828954458 966276384 131565859 537924674 48997345 560282443 183200631 80411408 252001414 732588076 501800322 738895280 840856074 156298052 563335790 695319718 19398996 927260404 28016858 756188944 434971585 435796986 513760839 510704434 753361429 958980966 967283067 539651094 271902661 492906397 445025390 386487133 702470539 884988795 329687347 438724558 632460289 245605951 728109615 829355385 398338174 807657580 258085443 10572694 948573679 569556373 227923490 797304847 22128589 558514425 403660856 396929172 803051435 295053114 867363094 575568111 135554322 236957066 26600824 550764116 330485548 313173938 448392844 651637044 546761066 26593550 149532162 865164592 623804511 970236862 33445672 139329139 584258488 11006544 89614099 265712716 946971771 630619255 939010856 23487153 916101357 215886576 666389361 481214325 907187295 20114447 732874328 473287365 522551212 134601768 791087363 351151612 963098841 634477635 636595862 658986262 443261240 120660875 205569662 247283787 925711348 396873014 525714810 229577223 876865689 750144062 434099875 556815576 961537597 801636345 339650675 994878567 804797236 260876893 293336550 982342435 217166778 593585650 45929342 424842261 180556663 193418467 503962742 767937181 998282678 408204653 657446000 192934049 729248679 750925243 80722574 874048503 747720923 369394419 856106289 245433199 834603734 994831323 934446652 63873395 432593432 259145572 960089370 330445350 505423015 344290338 521048429 495746963 292312872 651872741 468727433 131641477 804407773 958666886 910055016 730570476 609837776 2385254 242820525 31893034 562039697 412819578 406466227 54133898 941618640 774948553 315523495 392308196 473491879 510576610 454963558 905674288 284620538 680466445 941446721 499736079 744619647 944562117 159748897 156615160 895460233 208946780 993502814 761221534 549722715 557203653 884222090 462611732 995516007 174363302 8470370 506919938 926396047 632933228 567419260 432716758 887695092 90615488 690363109 383981964 389498994 563231129 2770730 625821893 97047351 337537901 538829515 196629505 197050670 622946094 823696555 40670457 726134087 827688334
634793330 422258910 674293814 602787748 548938025 14944640 877781865 256867990 335988042 509108702 27595937 692648236 355827912 328146051 773619355 766887856 613489528 763621634 231265232 39623074 160584741 890342880 78883633 951862111 335089717 464799725 446194974 59474370 754901847 756226389 863460364 108635117 981236010 139580369 244049977 659146632 399928519 809956540 164794932 925853719 172273303 107372270 478340556 9014055 315870464 486809665 637891038 368386662 165187965 908656682 95487548 730633040 117964909 598805908 946704869 191334415 257182547 70047609 427169161 160990951 945591070 196991667 941910613 393655076 683661289 11659861 796182159 541156951 569551699 106170196 375722024 298041659 619078802 533193824 834979955 175906335 828134824 347475340 642110491 637974742 180366411 913792425 764093632 306589322 463220674 692934231 457339933 882105917 387856328 877997653 126186066 560330321 791655703 534995516 750703634 779459781 904665501 811602536 832302749 635885724 682950523 974172463 26658948 903092934 844440289 5620249 325606328 749005071 258993922 636969198 357093187 888762811 642274447 611123532 252719043 70182800 784106941 229550262 976316554 111066629 522042927 30186620 693141640 440840653 234387814 692545921 142781545 876554266 5167015 395837687 82717926 653113873 626614902 369169091 594800221 7011666 768707804 732648317 129590675 947463948 956304311 690772343 84191096 892022590 349325264 771780396 789800726 948177172 445872448 457523876 943558450 487510211 59562783 92668758 467048727 779148338 659103755 83955674 521646339 588332090 229864361 926060032 132870222 567446479 902853740 480509853 359516630 593858641 999866348 147852622 959418204 436932337 551564100 341173919 293009759 258715012 289173119 586018964 565213461 787667439 396579209 887562911 40398981 582442993 495764756 808751293 778757594 83362751 328832653 559139016 520758420 204725788 726491244 743531859 718782464 665698003 210634819 509674636 958094725 139139279 487737680 38700589 744386998 838076177 247918339 374475851 496663357 424612767 477366196 783288854 778870338 727934198 620637137 527691943 56249720 617981163 632436104 831871069 504098764 254665171 798556878 21267597 269047836 884347514 830697301 455183882 247826580 114514860 793761945 75625506 234023905 160651796 520571932 917071870 239564195 978945882 138485230 545755066 555747748 214694828 617540917 853382639 956885340 193603948 725007960 236952166 28333987 337330034 984708147 312978128 850238081 891294953 300698686 882421346 764515313 992862926 538682330 428464623 94924173 33687041 688664810 839738763 375136084 975921057 660659788 559890667 313372111 390557446 270319258 99441312 126625605 349944185 357286507 51192218 746896775 78447966 141393050 67750456 287102798 379391658 868151654 682898355 297742230 381947766 692478842 494860011 11127661 531270047 524623941 718630391 740859416 437454830 834421156 926337524 409406406 473885848 728097075 492091336 262245591 493786849 969219986 824362506 408582177 681985533 577545931 294590583 694990990 66113729 173190692 659508932 456024236 564319715 57328598 702141763 389740948 473026183 256931671 149902753 680739206 219303124 183020208 501620821 711342801 992769360 537696017 399444688 932516056 881633318 678645977 68401785 586105270 938974833 780647188 269565662 756857594 963248659 378660957 454324615 293184901 181308529 433029145 615474186 237097752 590696973 219188759 16483999 351325163 792225504 616734232 794418014 429866921 753497213 809691442 749965682 995717551 786307501 268791708 313488659 381965545 835028275 90154952 572819017 720816292 341045778 62422803 558224084 640736367 200586623 848642243 236723271 843923312 463441310 463152527 586135019 154950818 556445032 859946728 79624599 554259055 948910226 288127390 653429787 122279766 976743689 956457244 667483605 823749908 890470289 426349294 971692371 946837554 680781466 301382581 140793797 769166989 623483819 345546845 611941495 95037406 268398116 238614625 165264991 823681685 463307491 866724967 348120737 389914044 332016204 796807341 52404205 891047222 415527166 140487386 243111961 846654342 700967562 874394048 732006726 709754842 724052398 530944835 718450858 535692029 259466378 769560333 920524179 162890337 855856237 878779293 270269530 22669150 314085076 711487960 881856783 76145625 149526542 873680445 707921858 186971045 50349363 137170073 440079857 333422837 384679164 803889121 993360853 330763059 152853994 516856441 497924806 183718960 798946648 425057992 321057349 648994054 846717945 828298741 493165841 880671467 759683283 527886281 762101622 724076781 362021062 85315320 706570088 353711960 194389324 125969561 977391691 103430518 422926216 442151640 134329137 951922535 108928673 837145099 438567356 11715255 713132343 767520387 191437744 482174294 344604220 278335188 128799379 130483559 495354279 376094433 485937891 728768988 5344453 360694685 769205098 811378541 647475629 680149976 754217118 679564701 297504344 760156180 332061681 11934935 709264030 733584850 575363831 143264382 847259456 497403115 826913908 495536486 253089541 183167714 145806444 133845660 750041178 489528670 316260643 186526903 638357239 563030954 433298683 695756855 864646933 824572637 907601409 55395937 782379119 791390639 20221047 84974883 318053996 13064046 443126917 484428977 356111670 494803140 281554675 428185446 277948051 810864361 119093469 436722873 517555980 725163178 143204466 662543419 496717052 779949131 77361620 310175393 839663234 241296595 234589609 516978052 229616158 15657398 133380426 368506292 154724348 336163081 192005186 99038106 946712504 153712276 622771300 550324276 42269881 571117532 424827020 215107226 683382210 12580372 664403551 181998525 326760722 487870041 93091982 551941855 505286772 852534849 652579364 3366815 396152290 625209078 926148136 504484774 9173373 570510739 371584946 280883098 660730068 264289873 755616593 885774155 540668268 322394338 698483428 99240127 284629806 769115583 214430459 768761488 429383477 125220221 87832852 49785323 900838513 601042679 262432119 472822201 287855839 420642903 165683499 329357870 555415888 512170380 571007804 78562786 976297943 98727670 833937530 344553223 2826854 701056440 317783364 168012222 465950865 867488423 219210592 437050626 548682851 315439576 511349545 727977615 886780961 47278074 496740185 5524511 650893788 187701884 672523635 135953308 270488278 475777535 340029537 709927842 539363794 827229033 97612104 737159203 365484860 788405432 504302842 201099652 141474924 169155771 393489210 449822864 787499497 78437325 586297748 112321207 878862206 379500034 97220066 125956726 29236291 828903354 468615190 750582591 673446982 913690034 90342936 274164954 878129518 378527774 322922672 675270414 403270067 253208895 635388036 893194043 238819764 957042981 498611820 541032561 610760609 103145353 845640065 434189500 497146987 343515655 426164505 557916831 228930181 615383038 10229520 557866450 951393546 999961659 740162109 881089056 856909918 591128230 225649947 949506201 22571190 271717868 953148167 413701114 120964451 528965338 979351504 38811960 697478607 536835691 822748440 37168657 792375250 385519015 720477690 331797402 692084520 169486681 862941906 139842519 14585227 379013002 273215713 487673546 844169631 345740673 699013791 964597336 640282786 583413581 227590432 175054514 33081476 425717361 815593504 445807569 76400916 24636104 906618194 398327029 975005653 86621143 663678278 900845278 221499315 774352117 30085831 522763375 980703746 84555625 725658057 787899815 982374722 224580476 61907569 100895507 544934289 342182007 86891150 53727010 500288126 509066386 945937399 225500621 598218589 33789163 86196395 321367307 849113196 701442833 304533880 208293799 946763488 179230667 320403476 90797513 791371885 249951712 891972693 433612084 345350998 453062529 612297012 836781544 876210498 465612969 464673828 840467454 46249872 68995916 80987911 526903142 751957273 495183471 579536318 612867464 500206990 885253631 523998128 192890274 754002889 548612483 981776116 205245011 923840699 94041935 529951039 143381719 795152225 52969999 539920743 526611646 563671443 502172760 540560963 599177926 188377689 629877820 19918222 8659883 773788759 876771449 311351120 762803188 372820822 352689642 434441176 719327889 481768477 907451947 732704867 625422379 327799684 999922310 124110155 598450010 368765069 115532482 112359201 661514088 822793103 76388860 582626463 285848416 448237762 829785146 116195380 682032974 471547349 911159031 937191313 914871325 103664147 688873665 505736320 813868489 556069684 185292202 247679647 643144748 268064995 483974969 379731158 98821779 985742293 439478049 849028534 234026523 538389133 94162116 441365976 428752811 124751912 780399471 458965783 59316300 813172571 769160797 594683787 842925742 36025528 500328179 189641904 865300223 668530174 206281510 129433896 528414546 970488827 428941487 750189286 909649544 241280575 549708407 31032799 760612651 332552994 947662580 363448123 132787259 152353633 365065893 820012326 869796883 705016124 312606556 965821409 654105217 101544641 839310537 932493702 417122257 320781723 214648231 783945923 157686182 262013897 820625151 479539107 498032866 612590189 899756585 861940036 666694470 876248198 201477068 937141862 170642167 589776357 792594279 945453209 275046505 432454176 243809075 195914546 79612752 486189780 587334053 136767087 650523222 55365494 617925404 829093231 397649393 470123308 56671041 852347338 11208483 329828943 763018536 166272397 726171158 976423607 746020171 352701361 291279107 796860033 211595454 853327225 783065378 264310486 88242287 857555379 484651477 597275469 513674272 476402272 582913685 333091907 884988714 56098156 658120687 680851461 4313479 977820135 115877354 766363724 958100201 382829600 99140620 665836636 909330247 976599380 249760958 36788984 628959449 345826723 815620334 987251363 636158353 274952906 87390210 837886368 150612435
90608233 728915266 639309200 225996672 510035838 311391514 476875707 146970654 588377417 332254346 920585118 212487172 358707919 921111461 607466223 195350116 394200823 16052715 675179200 951076943 14329300 26124952 777523270 611415262 189163346 749162846 535404334 457504572 508565695 552318993 409247221 483938495 748034217 699007545 32968037 477540277 855404873 474240405 120216965 799359962 840962256 118020142 784269484 463891097 890755665 160228572 279475251 375790701 218118545 320655081 661162994 484437827 826876492 722152302 224586604 49907617 185993828 832198943 881019327 302517175 849501088 619023779 57527547 158432226 410365540 36627747 333147071 233387718 595304039 280161718 128773350 256966009 492600942 454619065 975999069 496542229 66965068 402361826 683198072 838630303 147307774 402091021 515112351 127943707 548899866 582371031 196439355 916651128 626599681 798208557 423318708 402335281 586795879 640309683 48083237 38852201 192956467 265714039 41356698 849987616 355359669 689504285 597683758 966237150 457846621 645203664 58303283 50136402 958167288 601574648 566211168 386172645 427562309 305781400 3412213 908503362 784577274 528273136 164750904 456028927 856034197 942879514 675503838 670415180 723245341 615483690 540908589 224189959 132291371 54780635 12919453 79031407 893044673 835855759 452437587 631872708 683282703 912085340 56209100 28379076 567577637 629243343 55252785 228370137 195985513 81420011 292164819 740689322 440680030 229312087 907927971 259967906 588644311 402822726 384617995 443614988 602465729 356276270 291790145 560672454 144432979 172262402 538254668 117406789 749820969 383406545 353481084 393833137 885469783 630747034 336236278 20860817 388166346 33943934 613544699 995733564 912630197 995085252 401431928 70767943 112394207 272474211 693590511 469234641 884748597 673605729 468340772 346333061 32131972 452117255 742493497 557255431 754186474 524015254 403290611 798386922 420277489 792681203 832823235 465480185 389743628 130647448 383668601 733931641 338862274 306605044 665939925 803147994 42695511 284776123 332768405 730306969 956662916 937650924 796429560 932771682 96890960 916228815 886395946 866899195 837447203 794193079 174508044 609177595 538818138 592677048 724477564 163944235 127144616 677580930 302983508 203202387 937475709 49087772 941496381 136534485 231124848 558961292 203257163 219395455 461341278 353457560 682038125 355246162 664849841 986788511 458783417 219115992 893685449 292795292 191067582 739107080 383498948 210683572 654244148 178041617 657602027 665590022 558772807 429649031 188521512 583950975 487008669 755610887 69874531 920456422 594741147 347310775 642803072 940295408 204327392 384837123 436987031 286765140 967593841 127163870 828373285 208626832 354242661 799149432 652930730 630182589 205760348 473553800 409633360 361109540 617777587 249425419 521484967 959275208 668980744 387047400 952893452 861615855 562041333 582574118 951199647 542469133 415374014 465834627 169656386 332172960 495238874 482553974 554682808 904507960 810403027 89099545 784059520 735515341 402753662 570428165 580056440 391999630 38548737 355840546 827596536 436778820 765667405 380689221 861499258 166298354 960871320 737915711 346509022 298686599 819791623 66697898 622171802 405045090 534045383 465178375 40976485 98613180 672900656 393416226 35432900 635404926 874890707 747888115 270476018 844557502 18338924 209156614 710930487 762516306 733278877 812566824 130736293 693496352 267592380 291559290 539571427 139763202 501582748 408248987 908939204 40802973 748086378 554516975 458216637 682335609 986384491 445764125 701927459 656772475 395889228 94544899 768160421 441568267 840139146 812323376 191854535 664807458 616675288 388360977 943395159 192140141 443376307 264637112 64296397 227770784 938221902 870904943 819638645 847466199 291246367 403464825 689005789 98521425 273874743 858785380 912233917 194743716 61765654 650131598 482999871 93967329 225975421 360983970 19320930 458761671 306297113 299692297 892138163 101146364 496010071 113890235 432322415 381167099 596653038 631745837 705943329 700327135 281883225 159337914 155297566 688420983 28474870 631609174 87440299 711636756 639496116 663006488 108868093 265430978 114785990 762122510 726453906 142839239 76108011 567190588 74092578 694787571 546846245 566765865 140300897 642026173 263142483 533327708 822567677 95478686 87744245 926420465 434918002 707165203 293490033 786442568 87679417 696616299 954427867 205431393 967337696 567108308 87129857 907766357 116763232 538488244 605188761 784791149 471510334 835702598 955401971 382347993 355279985 909816234 353045466 872082354 887698938 643113700 31906206 784394422 959326974 643426023 805729344 479684860 211378836 967682209 80647137 668915585 70321667 370511340 678918692 952471247 413394349 602188908 504371305 563444464 402063604 423415440 29267399 669155809 558806014 300819290 47029639 755249068 700635087 582904533 496561430 391752332 108796534 986330082 33092494 925193952 25053639 842381312 408955375 94939099 907913913 874648573 251803184 911221437 62868569 833372088 274696993 79111164 331334819 217474988 927378781 604540623 258293252 808689344 746884472 248558619 728390287 516829626 717190908 389583646 342360170 811057248 22195102 678530762 161904833 849034249 37800926 477338035 954783360 336648492 53287894 546084848 661489311 486736225 59962902 8539889 717462049 777558714 317730768 893533650 700976037 452291990 482211244 993319108 797629353 720559660 740296562 976023023 680385152 876724342 725952092 979985414 824737731 194534307 101658854 124587339 97756521 735453123 689433307 809476692 453375901 560542000 164073926 745391072 386225172 335800756 449451923 551273421 631836355 592057157 163450057 780346228 944304386 708099536 209613474 461025413 84715263 779209932 300326325 439019927 449748688 274536304 658494911 331200643 466809211 400918648 877782215 496969201 199340188 254357908 233429221 122507048 233248130 740588175 197599916 55648957 672585289 795565589 359394591 978607580 150657700 458716478 910127619 922117984 681147569 984088600 304387843 9133506 981147310 914888510 316825569 894322482 16310154 886673788 959073926 319540309 931655871 819353512 288930111 157082500 226751154 210330800 858880570 559037446 802572835 215989252 200184589 824250737 255354847 862410801 20034355 865406596 492817944 904740058 57253070 524611926 562533692 20648143 183755979 622452168 597840170 229725649 853826695 941215844 90213501 65557635 142512337 5652018 516145114 970179538 281564655 464000406 840718669 497469121 970284586 939444302 754943766 234368092 376797819 872591583 178546498 699083066 729739855 402258050 113207581 819690321 53955908 401708184 544988331 401012938 997780661 863337501 718800610 281561507 598599871 586275136 299157684 173966905 374955272 743158238 72293371 70224981 295193117 181482404 71479793 205315494 317159564 581309669 543181076 114535545 403288502 744017337 609938470 499378428 754205611 957343913 342806248 375130355 191171460 918641860 10947436 221299737 77895648 266421047 133293180 654563985 609684734 201040261 581973290 944542992 889716574 857991856 119818419 581864478 542263315 920281152 573771054 439246954 944018883 164431733 563645968 945420757 620065597 298704820 936121573 938166696 370771518 819050322 874927590 451288078 128950040 230628102 107118239 236462114 476042386 70914714 330764185 510348802 808365516 8687873 585880851 948428781 268125483 316695053 288976120 640775452 368272453 747473702 991431216 331123959 379829292 444922102 410943522 649434144 196752768 190092747 985984874 116054305 301823288 216228660 406703811 66111269 493417776 410264725 781921098 28776874 786104081 62837286 666640204 202565304 150249567 709907016 325558714 204274904 530727965 712556179 168589742 790489859 676240208 712775484 172715837 50628608 312041881 641741474 580118920 688796922 504791387 762228852 188206243 312862214 512120884 653082636 55778347 443155032 607540512 619702216 329151566 589684749 51072941 458852563 602490691 494475441 888722908 592998255 244139658 298108839 729132114 434215387 116473111 833527643 129264384 358965213 877820355 665158092 603521695 293416061 326440036 422342329 716248847 744694169 687761618 882672316 825320947 252011471 315469470 79625462 996662992 119565849 412234402 901739495 972897375 973954872 451713973 739516343 340104522 163043628 784406264 356422608 401317192 113139384 538939725 600723208 762280720 878525330 923301414 725232787 168648728 72082879 903931314 513784118 114817615 671348894 236311796 492474063 490809562 909566066 516292889 500509819 243923769 745734573 273589159 725556275 556372315 16912737 232442752 585846028 987119550 556350188 727831356 360741382 78831021 80826121 875285471 901579891 18432403 945611925 220541374 923583672 834539592 355335870 93155146 840365396 43940434 792684102 229336599 211905145 290820943 402423861 897687340 456658720 137742767 442035436 580207790 91199448 104568950 895647697 477903018 902099552 60206710 673415852 641853766 966329563 181994564 310788326 56827060 667824205 339987261 232625453 377039540 797728962 97823300 168900396 411832552 611857284 521896542 922551653 752429878 346426120 103041533 819230375 240467374 676380366 325930746 322246490 123078087 344527523 731133494 244006838 305303263 707737952 354314666 799711541 517331369 597882438 153006106 360951880 374268162 572618803 75557879 239151979 63735633 97179218 205560022 881081739 814861109 930577110 912898710 449035712 848958458 138402358 451543112 259113462 530637675 982571449 434453751 592346834 769571502 956366526 587581643 303184224 826970080 313333708 314872296 783691604 23411074 725434883 875104487 464108465 529780373 222462607 89127330 450572198 434680189 828174404 782240340 84180482 90461668 53319307 656926048 721241804 887122036 327621898 131257620 418931207 606099505 205376513 156616537 423895195 773498633 66053171 459205843 609260710 14061539
741992454 683425610 350744873 127664954 111068570 456751157 331746352 270022302 185198328 204095366 354210606 866051259 769892402 131607097 459707161 468925292 200582502 468394481 644075394 161178184 183397742 41060391 994957725 832534852 388804495 408703667 112025655 787766096 619445667 910465168 378470910 724578158 878935987 413623686 772993194 571394434 445780321 551625996 987874821 19692526 347573268 362550347 166062524 831730044 497561584 731276414 749618962 29271499 376314527 18146761 103500285 502731942 312398907 669036975 571154164 700757731 193438433 510930572 756186913 241941268 238601501 631506131 769576197 910742721 541878661 935113892 451138781 338983777 830262586 459399718 802745446 397629139 643850790 790208665 848942310 924840114 131883147 946606025 685350649 318192085 611201431 224640073 642377733 87059548 444898545 960758828 219571528 424885274 791269695 347485480 505516571 569205939 902264904 165720732 263344389 459450982 169763818 522509513 627959285 192700354 951658155 560491924 524662064 672496080 856192411 869978207 8596576 142557232 244207284 749319568 99293679 274665690 986795672 642123837 363464164 821378154 111810827 409967764 776343679 554618706 676233417 291020444 100851005 728011103 231088044 116976375 862113437 474633442 63309367 438970848 80794095 870642592 179369898 143472252 459848986 260770978 975583259 139077679 879818321 275649239 679074147 399356978 933283877 162413077 445861111 496987385 983942058 275055250 245996570 473560831 475930232 564440156 47799035 404832528 426518902 762550610 486242513 899589820 489149891 926922169 216956253 32463554 272456342 323835866 652599288 65250409 233582363 885123139 212077589 569896121 466604014 93028992 819005394 196757542 325169917 104492819 68729536 295327288 765362703 848948069 951339155 231917620 476496986 794014876 631790185 823889389 397011925 938424482 75304656 879365332 822581736 87589350 451501595 496117225 188377394 318193048 611973498 778974677 767847856 534805112 609233651 128090361 539696687 401595890 887236937 407238652 612054053 666612630 490314302 953385749 78317239 973054080 137856133 237656243 162807012 469535010 689736433 207487583 841894152 744676886 769293077 432332247 676036229 100007980 889207703 242611931 991972017 4829068 861075643 73145576 249272646 251538231 517064078 938564789 84882282 571607874 797421656 213874276 777828756 286152747 293245756 387096175 65417506 2530006 936370822 165257894 405436110 170258061 65561943 597674073 545307037 363331578 145132022 349648572 97867350 962120058 205781278 313949578 418980032 231276304 679036888 363032288 785228944 675139030 688932763 839173467 98771049 63120595 694990077 813488010 499147051 461539611 566772630 131887900 142098157 666226238 411850194 422095935 324773075 559418678 937796302 355483742 148735653 536235074 956235351 137235868 543988550 801506113 802810863 50116675 793881166 691170614 993253668 840371337 191715140 807009331 964296960 183046959 831365413 458629250 255018886 465114311 902225191 765890788 79922458 704944927 867869810 696783626 328209260 720282447 140418203 953035825 953741396 147525312 141020553 419888213 546010392 438746477 616946187 340838497 537366534 704862726 422815020 460847794 382563341 838134001 25161754 923594372 248650498 956657707 88065167 379519464 407822585 281135094 430910099 838520161 153269784 534524027 539172114 233952538 883916328 74226955 746383881 628019375 34611949 686481334 892121724 579018853 789270489 272393783 514337108 603073795 282225741 774671401 667570316 572633194 947550222 493921637 444080296 160446241 170603283 98702981 684946483 340898581 659165553 881659021 501291198 289800650 142298227 871020093 978235431 483225227 370103826 79068825 942885457 165662214 818497635 997046008 936424134 274627395 847431840 139476625 587141094 381513642 198702581 446564129 983844353 916458638 516952200 564289321 262946130 294471626 624330516 911166094 282805839 220688626 449951523 327117590 921633635 100475930 483615052 88618346 70387141 872303330 318132407 96351710 169729634 332879821 815124925 971262364 65840091 755263072 91130713 630790678 456713598 873578881 635713442 790545336 75722272 159000895 995047168 158676217 566402276 656802623 526277059 701926861 67961079 812322100 535873576 475270597 985038403 159136809 786869053 835705228 652791964 931711172 680439795 178825401 715049922 764728694 384887308 981931224 632203539 126446738 307886008 858229448 928943534 218040391 757279637 401379641 783346190 745621019 552579834 839862181 538430183 457430096 57532461 814128099 678480454 489614818 762711214 931126416 703716432 376670402 539038029 18406546 367261451 288690145 902032069 87185259 896957126 199348380 849475408 344155307 424820000 606397342 219479628 841695191 127861136 268229617 794829766 690740735 62901643 733466781 656106908 243739424 129613119 361380161 730345293 901167844 568447424 97745387 429637532 924527026 200488938 317051117 97390123 65908014 562503206 636805477 270475822 386652669 177116761 956780992 933061224 593137053 267613296 527002152 5561894 425691378 492258084 903296442 710194699 37158024 177122788 889835749 319301344 565409358 948149731 205452692 68874833 902558946 267100787 425421874 968343905 473982382 734554739 35752625 326645905 503274925 283385690 714177315 633246578 998207377 770940536 545538515 271135225 560194596 663408462 631482905 454497600 956789898 283392831 370194287 716894332 993912105 902854018 476664023 403578155 801434345 264900077 549805519 51608404 949590612 594717305 535839462 37065748 861629946 32753912 941585722 932424970 468882192 770778776 359064199 166833355 204768964 797394993 813139888 347330929 494897094 892433812 300835388 404422436 467947011 159339453 338239302 79560548 729963668 837420180 171007923 880725396 889587990 417512422 661616404 612114342 726801065 767468816 86496012 662354066 142171400 397198331 921871010 175017193 504940152 949732257 684167851 407671320 690808404 108359078 356209703 851004439 267073406 30028652 814804563 194164488 504591533 83906985 611185152 135143164 308590189 711664927 499627079 823534252 31492838 633981114 307801627 448458653 796986759 676673477 470359119 284025072 279663544 926149169 890796464 987115863 185588747 453391445 172673826 631022772 229122981 585218728 265184812 60511677 362822658 399215393 247665791 560288574 466163974 107107216 170700066 913533313 568895522 418655821 94294538 885153897 193900069 247788198 962296899 921951198 428144983 705273968 792337274 168967816 332240430 291963751 358162573 268719780 730535283 284079569 21303303 991490050 519723329 226805142 762962110 742908713 308098425 832870924 306602773 296040310 765471897 925129576 829075166 55538331 284526829 316123600 194848055 311450330 481126225 741542185 244604327 86650441 804626772 473893326 892598180 168038304 872128548 192007295 655323850 114249865 514365812 165186309 969076548 669315640 798649748 582757467 470771742 476375747 540217178 86399161 994142047 30624904 206261341 639819503 882536353 758552080 954852457 301208826 255350168 241764747 250630347 817576380 190016583 796872115 397205958 856015538 953681292 982206755 212314891 478529154 800109366 122606331 730076434 460576213 593582651 518666411 127717494 471904077 8065946 497119845 688449768 365726906 541160572 8140322 799732160 244243856 887959421 69197091 464831188 63298879 188273833 349546187 109454645 821207373 619116946 705043464 442838046 421924835 496454954 165042823 497667383 679511827 383077390 578789777 14109084 299607311 370383774 392522527 786301654 79101429 285195510 868936524 349900702 927429389 109290608 446870011 820285635 74107900 140869247 808709497 707685266 728706884 217482781 560623604 253766035 460477965 644552144 925516753 95699295 200864497 212273805 794651738 530778515 512809137 437889964 791907513 798460818 597147858 757825554 761620346 358095826 607237429 101841332 975613990 723277037 496929445 482633231 923410417 705921059 968032044 634304234 677890288 841218541 325530850 449236493 730445163 1834001 216251384 542659013 631689200 804395165 534831031 880853710 364560652 640615943 458023878 912981045 724934187 506489847 984867239 795195441 803215902 281121807 411185604 955710096 713770249 298834726 321635729 571497287 162875527 743063786 810161755 5036153 463756341 841062640 279244385 110745267 300403184 410213326 661295699 968044032 62111675 132728237 532714402 608581537 101525685 719662111 470003582 89962280 763362755 681762944 208602501 374051984 889139036 691546294 882416989 642486130 84204593 749302512 247123737 179811050 143373263 890675096 537125800 579852961 956655692 392952887 674951233 595388452 719819167 321631368 521072878 927735622 47926337 975948254 22753479 279587906 1628752 590223573 454575710 589557152 308300501 280824450 507156930 786246324 793323757 870906865 856093300 570299727 733439813 366273158 616484193 359789735 333917962 206890176 777316198 14629651 863572063 370725440 47027000 162489508 567713701 669588499 500852060 934995365 835146824 535268586 386722932 433609818 132321908 197515327 549617330 782156950 153393759 539246337 85283696 762606973 216202138 142263106 476112661 31109888 838008334 348282885 81639519 409470268 225645609 837000339 886327564 298962885 372030612 30807269 32520161 539928078 788521690 680508826 467347633 62669004 361413098 67578624 602268593 808454864 280846346 295886548 626293755 401718801 808162044 904976405 422986339 662262908 926281226 428208526 216572541 261735554 735937231 211442959 875180252 553980496 370255924 138326243 203717634 424043655 382758373 304698795 675012087 884326111 813845861 106349830 870653229 157427137 246818838 340589359 488428124 494346117 242181262 457178036 140129873 552263958 55434087 185538443 435827394 328392521 488771996 380038228 430407674 913082524 281471612 113138913 511279454 834633216 97301996 561105217 206890580 516026512 716056650 898622491 557934637 345124749 261270065 723151581 585208389 543915429 804809947
869353105 212117815 68493329 83723652 113173501 63114327 456211967 449282408 688717345 898167690 665200408 62641916 879708777 858744919 132316828 237072222 233645434 563538460 779069753 221369501 373132267 816565614 300127046 261221050 777456613 822936349 678320412 661448602 942052448 723712927 514022030 756621516 945961252 684265804 88361962 342444130 454112343 152260775 330806443 714751612 713206999 599282001 115261060 402198984 688224051 89790773 970476996 747753708 826568958 240931009 746845327 887466335 185943967 642274153 899822493 802309459 849555350 608220178 512445403 811747692 24169673 62305836 869828838 494117636 471411587 187898491 522373365 799611140 983707792 975600773 757255908 79980897 153469979 678461289 874281543 86920707 999202096 802396875 248061206 726156491 755458067 876636588 252934113 624445898 522937171 149989139 719377053 1394564 401006845 554237327 735013607 194539686 558549035 770472765 844771657 766456866 156662967 764415305 364963098 105158479 895895111 390114416 633811442 753055864 877256068 205723103 198927128 94261753 943960729 45976935 362250887 177708062 106630511 239742702 131984368 217138773 323758796 529299363 760426916 428416245 554495028 517361100 791740394 380097084 947396693 953607924 730870808 740458146 194108878 249439192 129019968 791409212 526846146 318728777 763442347 19572693 372341334 763848216 15141910 943576801 779189642 625665036 413705209 482934247 723182451 981561905 484827261 560300339 886769541 391374972 402754647 654137984 322293948 580144851 240573375 344637468 390449667 564646595 840185657 813792606 353874281 169485261 347988150 669610781 400366898 740834766 344978439 643405243 190394731 25267253 475168785 691915858 272682161 507970023 742862388 727411020 675778043 221303257 966696021 397475240 244172048 98302724 532986469 851472933 95448313 997889157 948870769 68565784 249242836 637348323 723302136 108966208 361624020 58965606 534332068 293191495 285071751 956126020 612939436 1032315 607451423 275168795 237890517 881566890 350164838 397026999 930363306 362431674 181243025 225727753 16037719 780100279 561825681 65022357 408205822 837147415 578258956 812113931 241595166 346782137 835405812 649612992 114351686 205457681 848224660 310216202 518135611 588193723 680392749 666809226 313760875 406870869 23132208 924784559 823702557 159441054 764829073 66654619 282453993 471492169 643146658 670848490 84549489 497577006 933933733 116604001 311240917 230677561 352974282 978396356 729503613 886141371 442604223 769013849 982121506 504109096 582880880 222789300 105266524 982708979 138139159 99283484 460580741 525470750 102995308 909007201 623450821 600664471 353583385 506336506 236265660 908633768 601525710 257500930 77998863 447361623 327208850 535905221 298787762 683720995 114976029 800565430 137006731 866582480 161927923 435412539 161422698 263071305 591785416 736386627 561270046 779543300 458578197 956448951 590327820 295259796 688949732 639062049 638666126 678450368 597954958 381010628 696155231 379452012 457302189 117473722 270671730 151467894 44391996 44735344 552226347 11351983 866596442 457009028 490597778 922290874 251279540 744732605 711555778 307818451 894188463 797697930 126962322 143244492 753380867 421444380 179307010 914548924 183110736 68923520 55597435 766210448 334063392 103087347 86488408 543250072 506852371 877866721 917187233 782853914 100810398 598703467 743620845 294373370 521080671 468461977 983176467 686436088 568026986 921821634 733662810 410577108 194824043 547863181 576624467 485688242 650402431 410796413 966436294 612151720 292728852 41086897 31818735 453757151 532563551 410956203 804826686 384402652 257771433 943123046 352487320 227463509 249871367 789506663 653959816 715965883 479382836 398275072 700339333 741385917 233191175 235140287 663702713 684919731 182345322 497581175 529641312 83082758 248179788 675267969 878571555 316395733 948493291 677593448 873717255 182746179 63119341 792153696 422767962 685226622 16348089 903416676 572717276 453182732 145593124 709746383 829318045 639793367 350243381 887331964 883922101 2048716 736758063 167953012 992046464 319707842 205055508 940412469 873964586 589158544 357133377 502217822 201136057 485018338 110240918 677675025 843619005 348258143 265082182 243729818 347216133 733107277 292506693 436758819 963186876 872246282 429696844 883544446 315124916 798376827 191552648 687491422 663990392 992224903 237845396 421601010 615616584 555068765 753301840 768788484 836376658 16673359 762179634 596371737 569375964 587166836 805949085 476661128 268947851 63249604 881579556 721031916 148805510 262977778 912241846 332518736 170746860 683216026 698100108 721570732 733152564 456108533 736177991 529430859 943280957 189669591 668941303 70492949 807650112 710388373 422610621 687740244 911984761 963517003 562458359 573181404 243824210 941832578 713247547 978627722 102509167 286053896 751345484 31569301 805226552 818229884 164858432 205333884 484425534 838974398 934560691 975439389 802491750 300228024 262662441 38726791 71213260 29188091 292298146 662380063 149449322 287293393 620372608 13942235 247488011 356233799 801300304 769314480 110869227 282377861 301710394 916847878 605911114 769175656 983896601 92895105 80771579 99894851 842682922 668011868 42175288 857089407 602957564 573991083 509526613 34611361 25017477 217118867 289888886 984810056 759002541 506363531 291437098 601077785 403160210 116061614 770580763 754996931 44716076 419245325 581164899 13572165 608664807 125085204 986467567 73913909 147422009 583311001 871155937 184502753 958690813 979013308 229711310 802131769 757709040 619323813 597057294 306335063 461170258 311882609 494146399 365569082 111003500 880580759 633180258 914650046 508118898 125702432 553314579 931287712 310284090 436188543 462094248 408955190 482829922 653136196 711816648 66033614 936926427 472180031 588384157 727632282 357102319 447354867 28682666 53310221 936191904 896078013 892373821 273726443 685733527 85038361 319975941 287351599 985532996 535518348 869668753 45594163 843537550 97841591 894448361 144402998 205677235 111773021 543630507 849872423 921431645 314053006 942449901 350642180 115285307 694757724 523281215 329010468 429097397 894311975 734630358 267254468 245362914 40686588 770543018 736719006 98738397 951460554 315066524 790982182 562734380 273609324 55518387 744565709 358647578 160776888 42613255 814206619 818955954 355085722 881568237 841266393 750823058 987296291 741210904 365433816 867876088 222843462 964388320 901520959 183601242 733221695 999597942 738298253 260036148 3475868 910321153 24351817 713577283 791969674 56108416 517795875 858743725 493556964 352910874 398405736 693447817 85839847 802416589 840928222 874436802 300037954 989275442 547662421 445253712 358142781 489483607 28597912 731188364 341925356 538661032 630702956 331691284 543906833 13679787 530592036 100776335 29586965 631637732 156528606 771415117 259714449 849916772 577951669 414784855 522672697 506097874 941926653 98232511 282654410 651972946 611023683 76658733 84275730 352436378 455704228 933764321 549536798 505766578 915428730 919942161 242535617 57650033 280465545 709448733 281624899 379850303 612491952 467217064 66892272 713239546 54058482 44963680 540432661 469214886 599171854 568856568 579891239 721769554 529530206 649810890 480738229 157358848 11358400 890653399 932912230 538659918 22471063 744474699 742299989 789038979 658109310 785296221 418334898 528971831 768109028 591251703 476781313 197199102 188306228 397523141 800262758 534605917 945937385 386944337 788791211 35819299 2549161 716086908 550070997 785018999 536486712 299672385 138447225 554082782 600629341 515897212 525577363 616565212 498840458 97411890 176537444 865875437 368583797 775022680 85297311 680731046 927113274 289714294 121547700 109653621 346227349 256229274 390428922 121230569 806716754 100847700 422110556 698447636 997092381 738857052 733432213 787488783 343376023 701533726 59954881 674961388 593247616 606017213 23369013 132644110 18565709 540929795 694159504 796561430 646067056 340829218 426659023 373897211 936665366 831750029 192432104 563001012 275929373 476211091 336357189 372580682 303463433 618098804 879072267 874537595 465221628 872940366 72838933 999328108 678867363 510534678 529200133 85018341 135149563 284661637 450024433 773070277 975751916 651088501 330642828 600384521 700165881 68079202 490859908 907140179 745150346 145586990 457574701 985569955 429907755 148270123 114292668 964517953 109525396 424064917 513513642 283593233 753068006 351203757 15090232 666090743 194109114 906468536 566198853 81236643 328008349 974330541 540889306 464351064 818081686 29857088 751550104 76319864 87663818 337390522 365900231 106534097 735561106 215603420 508903166 762481503 767414942 761242024 729875075 286469144 157499962 856645999 404360335 513750559 2574657 198427336 275948738 204246240 491350320 908216891 546717415 895872152 300994184 158582188 135472033 992554784 495247486 793979182 16230503 291610138 229372073 82381851 303010819 595784580 150701282 707634106 396244458 178507536 775595012 46647705 607100654 61373863 533632956 670532743 23562750 963242324 268151888 469219555 835351043 331853210 285078960 424932282 331226859 622350189 581823668 463527087 987068568 967157601 648495659 382425796 952921782 257858182 852467284 518653256 963287446 627298064 833190150 39023627 889646808 89368872 370202551 41080808 664826986 755150860 85837886 858958065 145798429 707477305 899476650 134436687 693571212 490757305 862695846 481693539 669611078 12708438 442789106 752880082 203714375 702121341 202975129 594425677 527925924 717428452 636663146 152804442 550710606 98711290 530746144 296710539 28931494 396521492 805928801 817423630 337216461 308507631 202558461 568815590 387085817 597546692 871403274 508595467 558596246 951423325 974883767 469092261 646056131 464366886 515473085 111659940 604441947 251810040 144784257 103003466
