1000 5000 5
244 77 849295463
415 112 920371038
915 779 728506090
892 591 641955926
298 435 284380067
256 57 820232694
952 780 114971554
771 544 893094339
636 160 135181627
556 480 438656682
862 478 331502802
507 369 880142048
438 148 378293988
643 605 23343380
94 284 697259652
349 138 716746091
696 737 377203968
376 733 983203069
899 166 113332155
155 82 25073797
766 736 756720835
537 703 326643516
332 199 775769578
36 35 338063640
303 654 284691613
634 116 307557790
325 386 467233279
540 536 720899858
383 958 747498474
870 865 310707218
971 752 626452006
817 260 253975770
288 965 34014167
105 470 959360626
795 381 216533433
704 365 810509369
754 902 320389776
535 983 458725496
550 448 81123539
350 88 711229150
236 583 345601800
358 574 47678587
456 439 463053029
861 196 376793438
62 542 578364721
636 764 585372776
17 13 305010246
625 2 850151047
328 311 748808183
613 997 652690285
778 179 818542445
791 575 834420214
819 375 613460455
939 110 288076895
708 70 95621135
904 287 812512213
459 316 518590710
325 679 906465407
640 260 803717937
210 682 492784635
109 251 711967183
172 734 141587768
12 410 162954075
716 822 18222130
715 88 739117498
336 958 559875827
221 4 573753959
425 974 227227587
645 195 106146662
59 564 19489699
469 995 473227827
767 499 678583506
375 61 696283477
139 6 104209245
539 966 274362717
437 352 839738570
417 606 357831288
470 368 448106136
466 212 438053496
972 579 155036925
449 188 448671692
305 38 215161947
330 208 415018992
688 699 643190291
89 517 255102667
534 524 671548997
729 604 618852742
157 780 768729365
938 232 549020327
641 784 395681325
699 674 523037960
665 329 861996373
661 445 107115308
561 80 181530208
895 588 820715410
909 904 105891522
45 612 956503855
573 976 994325420
565 910 609470120
163 158 191706304
984 600 59192273
643 482 233241392
660 644 87005674
553 973 958204100
844 318 681788822
621 281 24936700
709 325 648870285
5 30 691603237
523 105 695654770
901 245 922453566
897 675 158092758
324 396 989927644
446 366 423476163
525 300 982884904
939 333 50645308
543 29 229952527
273 976 457155229
758 487 179289472
75 862 450479014
986 26 144333610
145 226 427493851
845 225 176199012
543 228 928979345
445 407 300678876
575 110 64578032
878 948 836145215
366 646 272791436
492 258 205067749
163 169 573922182
295 275 920356335
376 329 854689621
662 30 551856385
980 233 423556254
176 919 895327530
508 993 289094601
960 451 142630668
343 416 391747431
111 133 488272125
232 89 312087714
474 517 54535882
967 213 202429585
362 265 212506615
992 656 633577150
481 939 79465952
149 81 368712985
698 512 886483835
868 498 814164837
471 72 128654989
121 52 512896200
285 964 357184418
669 97 614254183
550 198 269050664
519 877 422653409
304 256 388555252
326 917 781231477
543 400 481223574
588 198 934617832
716 704 100218819
477 433 699127533
243 192 28642664
169 118 105824126
585 35 925201929
981 230 418459792
732 309 613489496
237 200 943281561
300 43 50075753
597 899 542205831
340 932 971730650
528 536 409760796
675 301 551125487
294 288 906638117
523 802 936264200
610 679 151272282
501 274 296120187
109 803 578786138
191 15 300950796
505 205 309105958
545 691 533349367
981 546 60122115
579 603 47565204
34 187 298082970
290 49 41126019
673 34 307027565
758 190 30274014
77 900 473113091
357 219 27697390
812 827 966630237
312 531 658553988
499 238 723225122
878 947 637079319
221 943 733004710
389 527 733418054
224 989 780826303
92 64 566434296
297 6 28097203
217 939 268074710
148 6 637021304
968 951 92863868
617 557 231860832
987 253 767197420
278 552 485828402
857 152 843645407
974 794 957514135
149 884 511334884
435 486 420315728
537 757 295197911
518 309 735697176
28 25 900520098
476 782 550118890
335 586 226188849
79 126 56032340
203 227 875078522
983 271 940272604
357 286 824629160
748 327 590557452
623 130 613138487
393 575 708172810
672 260 363235729
892 451 855332610
123 132 916264521
953 194 961995425
84 859 443435724
251 462 904196332
627 328 229361592
533 230 156847314
852 95 316374565
311 476 900732734
153 849 674350243
747 422 58026011
635 613 622984089
466 695 146253233
354 214 396687522
291 77 130585579
506 18 284125767
921 402 159901752
770 579 19960742
873 142 316154437
690 691 99246856
669 319 736423099
491 134 258893584
690 196 880456327
850 58 546571461
246 405 238514726
136 570 567221700
586 854 884875543
950 820 502385109
710 832 280214980
73 468 735434189
450 769 361020192
653 581 141294104
113 591 88245373
716 145 925649902
408 119 513508050
321 732 223220441
229 493 466718908
711 883 602607478
412 173 994297374
269 472 847839983
110 79 57440360
273 331 677855701
657 730 666945665
463 798 500779290
230 61 323254211
471 503 905192981
458 932 73444825
456 326 623940504
171 603 217541478
303 734 795554450
818 49 140717398
335 429 569210232
191 901 734070117
715 372 613993625
382 965 115409944
608 623 171763197
888 901 769414203
568 813 389113775
868 303 547028151
35 44 918635912
2 453 302018825
158 514 491700485
768 113 307810771
85 33 709965251
76 70 632369228
387 850 791831691
305 422 12495501
541 413 434029438
624 930 424545019
694 226 17283393
919 688 787013813
109 821 785670828
551 314 591730627
663 3 356589931
268 964 381826395
64 16 461015185
721 282 283667372
266 661 636518312
844 379 918908637
229 496 585577332
625 1000 40706361
315 262 486821669
473 40 413373590
207 82 366835422
234 180 546441261
359 616 261570942
701 885 960085865
218 73 785396495
274 342 474714638
342 330 457431631
164 160 27231140
11 655 960487246
303 716 783813323
374 360 37238184
858 402 549474204
545 780 672375752
700 157 204731544
392 8 696985166
521 475 412872453
553 481 836294192
75 194 574772682
94 57 666902702
153 158 264233868
361 938 157898944
270 156 833329561
180 676 281662084
586 4 76477969
416 540 906817647
947 95 442776676
609 759 444638879
582 458 356370810
640 166 475716597
666 645 672246906
850 223 265119776
563 332 526432494
208 418 880397832
29 5 320594723
423 25 601305288
669 225 226738921
840 35 985879703
162 517 975626179
854 734 611937513
700 844 3159753
727 20 570718816
188 265 305647499
862 923 64783921
501 569 924998655
176 526 634255086
555 61 459812258
854 458 310373424
914 117 788276918
314 73 48017071
135 966 937189792
876 17 35284895
709 308 561722168
598 415 318148676
639 445 112074358
817 484 279232903
276 78 60311464
203 66 531421718
644 497 87952198
795 590 930845494
157 99 707604841
106 908 535462083
765 15 964638540
42 448 984309128
523 856 718665990
807 850 965662171
343 362 140182048
122 284 818502842
647 337 219698084
117 256 896753874
927 712 540835890
112 706 307347106
354 267 1857270
392 490 415973763
26 138 599347527
653 344 969555611
922 381 839320619
626 642 595696389
609 376 158261995
143 898 610004933
237 660 802327393
568 284 256832696
506 196 884258847
389 903 401667920
843 979 708429927
646 566 450753946
815 201 500974024
491 697 742842021
831 308 914620445
855 577 509252412
269 164 31991553
63 965 961973867
425 122 124368777
501 200 390378262
975 374 333743367
492 688 688874414
186 554 896097273
595 393 112061482
392 990 796598445
161 61 746507277
330 852 427646339
136 333 664356865
403 85 165353575
592 182 826287922
188 581 293922926
919 911 268802163
733 163 22336514
938 984 456773191
817 446 205311268
834 615 302900343
279 315 419009464
218 795 995194099
962 105 97375747
136 804 8069795
5 305 874596389
444 521 74672762
709 546 879662893
968 8 287075458
664 595 21483552
338 105 832785762
765 505 416333883
664 108 101283340
943 15 89329908
653 159 648143662
779 56 203757535
175 420 403647556
500 266 923233458
939 218 192821287
856 968 703051825
385 168 602393886
458 702 1435897
458 273 635243320
959 764 54525486
925 708 699843697
66 969 437491702
605 826 67050471
578 29 103420968
908 599 492212211
883 194 196178303
583 134 242675275
891 2 39251633
46 925 719200149
613 954 27633014
505 665 109700187
938 135 132029637
845 627 12875327
439 546 857128698
585 73 954466774
685 8 500657847
301 69 763729732
358 626 999461896
877 318 969671201
571 688 762600472
235 95 133952761
239 614 177371102
251 51 972789530
514 82 187028440
963 200 882397929
981 917 92250422
962 684 379807363
128 108 521540022
391 621 73214541
459 894 97330093
551 220 696141020
132 871 788779376
790 772 5223719
18 911 659730834
15 97 208717228
848 345 802122824
44 958 525850160
463 77 409873201
856 207 302549646
678 52 173547902
151 36 364920359
231 315 398566114
883 856 334643938
347 313 511437151
279 416 530977472
314 770 242615620
322 929 592247450
491 350 821727045
472 431 85349781
234 87 616744812
569 220 958155558
855 886 40166992
42 317 468739609
950 673 118132527
230 115 243419709
470 102 336185257
465 853 13985753
884 318 777780276
764 831 131855284
831 53 781565149
531 173 494815168
348 735 67140948
598 214 341969691
699 210 558607908
364 239 257449717
101 421 800993116
942 523 773994578
36 560 326153607
811 612 270794082
22 521 926634679
930 213 923344260
855 109 266540436
68 724 727344336
984 36 180150479
139 205 667725143
416 583 467631699
481 553 537637909
490 217 570408613
747 141 141518103
188 120 26645156
288 794 144004069
909 288 395000677
76 36 495826094
292 787 454769211
37 738 644043804
981 504 669822665
635 404 638844490
545 725 149465036
758 583 919967205
745 974 818768700
973 658 288190837
769 917 254043886
587 192 446804221
709 501 222193815
508 431 229855366
929 791 665580764
86 409 764752741
852 827 404001066
545 550 53101449
324 648 449631676
649 194 679578239
262 145 17923450
192 405 376844267
460 209 943566135
16 2 722553488
374 947 782160714
457 194 161586746
675 821 876612274
504 988 442683035
292 754 525013309
100 895 557956945
438 696 757197288
688 398 569039943
431 374 699722585
172 394 36278421
811 541 74639080
515 95 277943509
630 360 2228701
873 372 454810355
850 15 656609063
628 114 452909503
621 346 707568406
43 656 82260701
234 644 476174344
124 49 614801156
263 291 286002546
947 217 428411789
295 853 418332916
935 364 189206566
787 363 195874343
425 296 976397706
353 247 521638970
391 963 739093853
977 920 556419229
445 26 385326205
225 163 221606167
499 84 598149873
756 480 441788961
764 684 300138476
104 276 4412972
733 536 604720671
376 73 44165675
754 752 16593184
342 558 82250566
618 734 226366601
845 367 434618898
734 821 529447462
826 975 707840271
991 76 406158536
394 425 689988522
759 353 421602727
535 314 805544015
598 485 290084989
576 647 721602124
776 906 989252439
899 538 695756371
692 140 377015451
858 284 225719458
1000 117 575629523
882 775 204966696
435 837 459146382
1 64 102038798
641 363 681856171
140 971 964532712
735 940 851732390
460 2 226542002
109 188 597047897
430 866 409810171
392 226 31462504
13 2 282316030
189 403 533568549
824 78 502710010
419 178 879911564
180 829 804946616
20 15 595873494
577 21 261591236
987 303 65138462
261 966 504890745
849 164 526378846
541 665 321318897
176 172 384338364
747 154 46413014
532 144 725988720
787 564 909944062
42 188 42005864
545 657 666888211
783 560 555510576
735 504 626795644
539 96 86734038
337 432 710997193
759 51 949796898
615 385 941903999
472 272 107609252
296 10 771676672
975 334 193423893
548 585 126814863
674 988 433473721
339 620 59784983
120 623 535288865
661 970 99824919
940 180 971173591
559 117 757507384
521 150 658957706
510 868 224347696
580 203 31921645
4 463 753717849
391 840 453761809
30 182 387392456
565 113 831297532
332 628 811929564
555 545 365848979
336 34 142399160
642 205 12092830
932 840 126919546
351 594 52593644
379 40 82860384
388 750 428954214
380 925 883062960
571 472 446413372
628 732 602244211
922 189 361393626
165 257 478892266
691 61 532910372
913 667 817674345
68 923 941146234
89 16 515011436
100 58 383773059
971 249 371322343
894 631 731001999
853 665 603473021
262 301 50612203
544 307 221629317
913 725 106519336
765 963 606690907
651 599 538954345
284 195 364651606
80 793 870094363
38 36 217145443
33 831 792438481
168 927 496762033
250 81 362040153
739 300 603504446
660 671 29105597
196 181 732928661
195 456 49078617
918 19 805853062
799 452 600563473
176 976 92462111
509 200 513921083
977 718 73864760
863 644 537764022
75 605 960638630
766 865 206153930
516 61 717604014
648 616 883885996
246 615 5087729
604 463 155149049
369 68 332264235
4 139 779147717
631 191 860253805
754 903 333446902
808 554 690459136
502 23 121038221
712 443 731444792
132 497 399766672
770 283 325436810
550 851 639130820
578 454 396665949
280 37 488152076
74 336 555779266
863 144 137224440
357 599 189764149
976 315 580702490
444 30 540977345
69 975 36157713
311 798 158785706
576 724 356572470
684 841 536118577
738 887 323803142
990 116 87949080
704 575 449696986
395 165 140284504
555 256 41603498
907 586 16197347
264 755 292365086
413 829 584466775
254 799 424034868
698 644 430376959
908 584 28454862
549 342 890792646
110 618 842418286
7 3 692054377
889 975 648586563
247 783 315035508
288 58 972463793
95 97 148965059
717 649 859609356
249 225 738265394
875 455 446850879
260 866 94671895
976 450 494416419
795 981 224068776
128 605 844361378
906 456 932308206
210 607 554435028
80 79 293602198
613 476 615335951
418 190 519032694
651 501 428048245
916 21 671546799
267 557 158545355
203 414 3417458
374 382 115199250
248 100 431767402
803 941 485054816
784 596 681107918
553 220 12775376
509 831 979130920
426 868 657443755
403 976 260840635
18 719 645537127
67 27 25484931
742 544 716178236
180 152 522994109
257 388 396876992
371 550 527534910
932 197 364842303
20 571 914636700
597 288 704738935
430 524 665237824
777 85 738377590
6 4 425564424
894 944 85058137
2 535 293726454
110 638 152328842
374 803 451872488
623 125 418816052
369 26 627265994
553 228 699588296
755 439 6163997
467 629 929308625
414 358 439062797
876 748 615268247
650 175 107133870
401 896 714138875
229 45 420659602
101 157 32616299
205 294 112349922
580 886 464235884
159 73 234310789
306 984 844435879
725 711 479770855
806 320 155567194
7 424 754137963
872 740 924143292
299 910 128334279
666 343 879344191
964 384 665538198
614 593 9738382
526 21 703857441
755 729 346476382
254 705 40432419
731 141 70967200
176 628 601617029
872 441 84212679
17 923 632924416
317 940 643984317
621 318 234994434
383 303 129297678
627 45 355822482
632 38 153944482
753 595 739674783
639 978 965079371
978 675 195546606
380 154 297576346
386 128 768443652
162 150 472979337
710 613 932553385
424 811 481381452
73 54 464327334
823 967 311036149
281 639 403532752
524 660 145749775
543 578 13409159
295 250 81238603
749 323 19830764
765 541 153245092
666 672 961045926
631 651 148585161
279 341 886030159
465 807 461526043
488 288 657833955
755 722 839762780
501 663 536991200
660 496 537326134
770 664 37716835
966 180 762425881
5 828 813581994
566 979 831178770
414 296 743806756
235 458 62021433
587 746 922789087
322 17 665074515
872 328 769065791
394 977 244004171
936 910 755875875
99 590 99095355
817 365 849667193
208 67 707632062
182 722 754534372
85 839 521962788
954 837 728087961
692 309 535266660
263 974 661030320
258 243 704991396
553 340 622829622
538 826 49631616
571 355 78331902
566 481 135024645
864 255 276535439
909 285 126338225
856 275 348677520
721 99 583154515
547 341 577686529
268 141 722205873
264 880 410622515
561 22 168349255
163 253 389708685
744 314 29250241
439 32 860560234
152 416 177971083
370 179 121736122
547 677 778818709
170 172 755245751
721 601 734802618
113 180 720390015
848 381 69184141
297 40 516022833
314 480 869598532
849 31 176639847
519 786 662477585
815 14 306632120
322 71 44358394
416 309 991752749
247 21 638139173
322 752 988778010
12 9 709828398
201 756 728421299
931 152 449197402
886 481 5675822
425 53 787017946
367 186 19254966
340 307 531790935
539 184 140021327
634 952 323017851
556 843 804912165
298 916 417648576
390 215 536212623
100 287 980331355
501 530 419883771
261 921 625162453
61 349 242571678
26 50 718026018
830 938 225187386
614 267 318978162
527 26 561996977
581 798 476617195
848 113 91857860
946 969 980345992
290 295 548618859
632 186 33193747
872 951 855314614
454 54 989701990
263 67 456020087
77 676 268143818
860 692 502243197
418 384 147430999
647 696 829373548
481 364 27202021
950 140 241213203
450 478 942678238
369 117 923261114
849 1 363525864
765 426 249801336
618 943 874401972
94 918 274322234
685 705 593596967
488 482 148898628
282 728 63452238
179 56 242975181
410 965 256599166
215 510 538948153
405 349 632781771
427 123 521411385
264 843 461506685
515 68 425295161
666 792 570157475
421 760 459172066
320 748 846930279
88 441 835386177
487 952 300863844
834 667 94297542
594 870 360107093
129 653 402237506
211 678 597264107
473 487 801521756
789 445 735992343
361 368 685357707
900 111 931747212
907 226 801000153
207 24 321530642
297 268 553674152
340 956 248675270
908 465 752677749
859 731 345834008
191 833 133970728
584 361 897691326
730 308 664184928
894 589 89638281
144 125 635395064
998 545 465111194
888 298 453369029
523 869 364912923
759 292 764795275
998 804 355197377
452 342 851469135
432 333 998779279
5 1 388847307
319 260 696792043
288 54 226421614
82 323 686742384
288 891 792183601
261 822 356825505
478 165 84763102
106 68 928457992
70 348 56473153
77 57 714383569
835 574 265787697
918 828 343221759
618 580 963775130
962 23 359586652
564 109 133142066
159 568 637498511
388 236 856578955
720 854 232917929
597 424 881642290
745 519 464812109
791 475 153741404
506 185 638789034
975 43 696077280
187 80 577805307
478 936 71253244
740 177 995996099
342 922 916799090
499 136 543321368
404 544 773014390
942 518 457578080
894 117 92971157
498 333 435722993
249 431 307552297
959 36 359053448
58 32 403538747
409 644 604077806
432 746 103287329
371 509 898515175
847 129 547804932
861 121 424748396
417 619 203199750
105 243 365309077
715 159 458432125
238 661 733482323
909 528 252393090
619 500 545128865
51 937 512685689
967 312 416281698
179 37 279187783
186 923 602731173
784 383 308920956
630 958 437823177
414 690 88448873
562 190 355849206
716 491 341489008
373 388 462749947
80 457 769255037
989 463 665760636
785 205 315041966
617 300 882178253
438 887 664670072
795 331 882673087
185 264 318677950
39 32 708279363
968 938 798176278
946 235 736865644
373 368 887806330
987 564 464802980
667 87 584708154
362 730 166571744
558 320 490317380
783 392 513886129
977 893 144299807
323 797 686422476
827 890 992709308
70 382 537899917
720 560 481767535
667 936 262856132
958 169 768242122
441 92 709383742
475 254 255945703
570 526 864171745
475 735 281930049
387 853 118189386
157 277 349805380
760 213 770773716
402 9 95601459
152 57 94467139
453 715 528789053
497 471 77017418
827 830 993795856
700 211 214604675
303 88 342616273
144 41 69358939
848 353 184547380
678 29 598452507
140 139 76296212
809 648 965233144
426 690 45255016
527 747 671065013
856 963 6290663
889 208 276014263
695 201 189370120
841 79 774502901
89 607 25759926
94 981 310080574
338 217 759869524
528 92 993305886
813 169 177532314
146 229 641457306
248 481 212257315
368 146 376950135
651 247 17377445
695 257 107398263
903 254 658573665
751 528 300658376
15 244 672912343
583 615 102341926
937 419 641917269
538 241 476130847
839 265 911708946
927 38 247288089
234 294 188552398
959 315 665910469
961 366 436094599
459 691 585008471
535 469 725921062
640 374 406272225
43 653 185268369
512 287 645951838
313 59 28940861
873 17 503143046
249 285 959403568
134 664 558326280
801 852 636364517
81 917 732627947
879 329 988074068
616 166 141976178
12 83 806802584
384 314 216761174
807 41 540019100
710 119 82091158
526 250 610600521
452 177 235775676
37 150 197661725
43 496 150361494
436 53 985407619
209 147 465195941
52 751 493750832
367 510 218085900
650 122 825658829
849 496 514634260
225 86 981303905
719 213 142381755
464 266 948724020
433 94 945744765
325 461 614950084
349 189 603247566
324 200 15582028
144 719 162079098
368 616 895862507
666 723 940799005
517 455 257651056
127 103 611723672
540 282 979493807
215 143 485263474
292 467 261098189
207 927 813668301
712 182 651495718
105 905 559432757
200 25 304050742
92 152 242012133
126 118 234428532
242 142 804201063
623 583 580913154
233 897 851029197
478 731 542885246
27 18 279387793
775 653 85369492
953 863 694442412
73 784 726503389
399 691 802715670
399 369 382146319
597 135 282712765
504 328 172771927
663 349 689822814
893 393 459088150
589 708 484326462
271 877 811551866
420 906 727281337
352 773 261563207
445 145 679830158
886 32 321032661
887 914 826644332
570 482 667500545
689 302 36888694
884 569 93468065
686 966 644479911
193 132 977205249
940 762 741454708
830 908 810820747
115 652 311971586
751 280 970104099
770 908 810421516
690 825 112866815
717 472 773678874
437 920 645098871
593 674 20895369
983 371 836025173
535 349 834039385
221 6 864810822
415 790 403114239
161 505 953820274
977 384 352405512
552 399 156240873
438 757 579387042
902 413 715975755
505 208 739669087
448 500 782689691
817 302 141818581
721 10 591481632
639 776 483389246
685 680 74534081
786 410 299809911
854 791 129776923
672 75 97515785
468 258 53159447
174 696 213792578
19 759 264348716
39 837 600620284
458 906 649476910
74 211 393136042
269 461 761183899
441 501 544941808
60 205 431241015
843 929 510957066
299 126 655671508
629 155 1732182
979 240 350288800
912 966 668472838
112 727 255589423
436 742 381378755
813 763 43690015
431 713 150477428
500 747 939390790
331 751 103072325
30 649 793681496
991 984 151787686
876 620 120180491
618 362 201385487
241 146 77991490
629 404 817294339
989 163 14910631
940 583 348801355
109 29 963170084
3 2 768001650
942 437 974933638
8 485 928297067
221 311 942210678
970 831 270083842
454 73 669219707
482 798 579608996
915 524 901057147
342 218 594452957
856 642 265032580
721 612 108556945
32 17 816243727
1000 629 134929214
718 555 840208910
22 258 588010024
333 721 675559590
743 278 37272891
815 663 934994500
44 25 491727895
264 330 328926344
470 34 510207079
762 767 766038581
253 53 917756825
176 139 780052987
575 35 305782378
743 292 14056088
443 261 717805901
230 757 57836045
170 8 611977291
251 882 587925484
798 273 585348529
570 230 404324840
933 118 394702138
766 572 200647046
169 501 121252946
163 29 687441093
659 384 571638380
387 892 417719270
307 22 567636218
927 78 41586954
621 709 279130147
804 373 513083441
612 758 211295986
163 130 705177998
751 29 54050853
831 389 496203500
856 744 400547193
943 252 495190053
934 831 115791299
13 696 710264111
336 300 315130407
559 721 226010668
928 256 859666635
767 720 902637953
376 712 639115936
918 50 817403247
601 777 927476271
617 594 722502113
967 392 319332266
932 763 617676263
269 838 607623060
801 320 740547559
588 657 832426038
128 526 132061345
896 608 868783011
51 274 860986079
678 558 220738575
538 6 26154481
284 13 676798771
212 374 915783124
139 103 963105518
725 15 682834888
195 956 981662329
255 807 619959474
189 90 36522371
137 27 562415701
147 451 751505651
363 172 716832802
319 15 213299895
950 131 357847993
910 694 946728771
860 159 443803761
949 430 540721518
752 990 371150541
970 441 898733072
352 321 133036036
767 361 128852766
960 7 14286411
235 778 62457582
930 746 557608080
56 40 836948875
89 21 148159543
511 425 317801634
369 240 411788316
413 294 818388836
149 189 395687525
278 971 25725505
783 954 53457290
86 414 342285598
453 400 21297690
514 323 755021820
219 105 326795414
148 380 50157797
396 369 507474123
68 841 236169973
358 486 821918817
811 460 243034207
162 724 56232239
929 893 64832906
791 369 790217390
431 235 884138459
66 53 225305153
610 236 610492016
471 95 258987710
574 78 667913875
594 229 894364846
149 631 805465690
413 725 446059996
108 879 260719480
435 470 811670117
10 310 224891722
401 111 338175202
558 299 812515739
764 591 492711868
55 148 351147552
419 739 855505462
299 122 944994021
544 262 996506290
147 617 47779339
292 170 182620053
638 628 82266983
946 276 933889425
665 27 419569395
710 577 954535564
241 894 238441076
573 707 498320368
350 251 900423727
188 949 340981641
825 473 413637522
187 638 116794137
228 40 754127193
216 178 679657295
404 7 315399947
634 994 755641870
326 199 405677768
142 37 313487095
752 370 946503914
106 216 514090273
741 579 476573169
122 804 665180124
591 67 417857776
633 550 203974723
378 858 552812462
925 588 766590664
666 299 618908950
126 269 326471284
514 427 713801703
974 806 725912701
830 696 647425390
107 224 535719424
181 646 313661453
519 126 126629175
70 866 750056860
512 343 733884014
977 328 765765895
899 4 25779985
629 359 380396515
27 496 128503853
862 126 612079427
199 286 207006148
101 74 954498099
341 187 681304348
246 953 111748331
756 540 409213928
705 834 517051933
825 588 65262779
252 688 439256087
137 175 516860276
698 132 643027583
84 147 454610023
114 986 727620962
358 925 50230069
809 294 940495952
870 660 792624054
435 798 840954010
904 507 469658089
12 944 481760830
986 572 885616833
918 280 171881502
896 82 896707158
576 234 408009812
467 675 105640972
755 767 882080057
922 294 951664067
321 67 112335859
240 17 422009678
102 66 615163544
129 21 689157146
361 315 193225040
621 670 419906860
262 26 641065911
315 907 927943511
552 291 868499839
844 690 134055301
48 709 964811361
647 755 327785421
856 438 191644666
71 358 534744737
848 110 145931003
645 35 558307291
34 135 382091850
738 136 990790364
977 957 72904461
584 199 793059409
481 490 801359097
592 650 626868478
496 470 554306153
848 573 16123082
353 702 953251476
377 894 100809138
276 77 482114137
191 766 3801087
74 53 574718705
541 682 474801252
899 208 767301288
274 14 810546617
970 94 322024006
277 522 175666867
631 27 857220461
557 304 536885237
273 330 484936973
646 792 253065158
588 497 31176513
929 130 766262750
450 356 919301974
614 362 759081864
270 596 154650955
326 897 231327446
390 209 451779618
314 43 763893763
17 253 552768692
731 108 447708846
310 531 647148382
229 59 863568233
573 655 543718565
309 264 714723700
88 989 759490418
282 518 801474449
260 437 701486058
672 318 415470002
583 256 980116287
812 140 62003228
223 121 603939071
623 751 810534138
393 470 370465260
593 947 205062275
893 609 453508725
837 739 280487189
730 568 531247723
317 759 108474244
968 595 433723994
650 314 583404990
698 649 258950317
755 649 122320119
725 393 302258413
750 19 979534687
475 821 120202764
616 131 344924334
520 353 874096352
20 505 250153919
773 587 453842650
986 334 244999815
214 192 655858064
329 302 999736961
469 896 266881301
118 979 231640673
732 964 526136574
96 480 572910841
86 67 837321445
103 80 48760509
571 601 946465416
519 251 12295593
783 113 62919973
451 164 741953866
554 52 85085373
762 535 637770367
637 543 664397506
850 465 850660548
40 973 156823408
109 453 971055007
236 979 689728747
667 259 405687282
433 971 125974249
83 5 865602734
829 423 622629256
29 681 118678608
952 140 22767745
755 411 355205106
396 589 590519159
779 702 857376273
148 506 806000909
177 100 412276580
765 181 115180768
229 844 422560462
774 127 239568172
411 842 325833331
419 252 393550936
255 651 205804488
775 672 730980733
927 799 653898477
98 906 623576140
278 5 898869653
169 885 919358747
927 330 968460675
278 762 993401427
880 3 304081072
858 476 89982709
452 44 62145586
71 149 829356219
740 705 502619958
629 123 646784573
700 128 566457087
192 628 588995540
390 213 895207267
985 669 639603791
721 903 594465034
39 7 997375341
151 131 43634249
239 747 522337088
677 284 551136177
826 760 772126003
832 63 899532429
721 554 887800129
962 115 878639215
38 406 587189121
618 361 11474331
988 795 190309520
555 63 635823322
331 140 906281585
484 942 399129189
743 30 445787832
14 506 844330437
264 603 546308740
201 779 843578712
574 84 316190071
878 264 803026519
682 399 414593584
61 48 716160643
917 731 331687453
313 110 411779659
886 215 553722669
392 783 239671759
453 786 717564511
853 1000 279399321
656 941 87801909
411 882 308980870
57 866 494036512
509 794 359432454
237 708 910774815
794 436 280071228
708 374 175313115
970 781 848964943
261 435 660641460
720 387 933239313
699 73 629862957
573 59 511495933
938 740 346312825
892 131 375581119
341 664 745502965
84 242 668420798
227 295 805333723
40 14 470677047
595 790 979172998
324 424 700449797
116 110 351229240
397 225 972947290
227 882 122997187
895 581 675595735
657 407 13160123
771 83 576301034
604 159 910247368
399 177 540605518
724 100 396069672
849 759 106501207
512 295 519381601
364 281 90962291
344 68 870625225
514 819 203473093
441 294 751735199
122 721 468668135
292 221 253354708
592 677 426926867
739 65 290315192
543 127 481045809
850 3 336393815
70 766 237150438
25 415 188178899
64 731 825553216
703 458 169844355
888 313 376524892
915 457 611598641
665 378 866539890
654 372 496302891
23 20 313186259
398 296 89896679
273 613 295263539
838 43 664099734
390 936 23684953
475 214 793479645
711 63 927369786
471 164 116120271
275 90 380570692
737 491 234748286
952 188 656235469
895 647 48290969
693 495 277871807
200 98 296221843
943 520 441816193
272 440 16899041
442 465 919943749
823 733 489140267
691 930 741703115
779 84 65338685
473 508 756177060
831 317 654294232
71 39 208054321
446 657 807114390
876 672 722106092
115 100 496046099
856 512 811627718
789 239 454622146
930 162 798898223
75 10 514089052
551 101 996361870
512 637 329812534
278 843 277162478
305 111 101344271
832 335 62176026
731 964 169124571
837 732 368862331
962 67 258884839
325 57 2656447
251 73 996038406
893 94 100617924
236 358 62046516
419 156 129479628
369 88 332434901
769 350 645524279
291 542 241391426
645 438 897856155
331 171 169942719
458 491 45464534
1 465 624840312
942 272 202490389
197 150 661663032
975 276 425997033
155 83 179357803
774 711 607347255
37 16 92686668
343 10 391251096
236 211 787236684
741 493 568188489
879 639 995268794
21 20 932247901
116 68 44909939
804 453 722298829
113 613 633550974
904 362 859245081
593 417 849166147
518 291 199343436
606 553 647515978
663 282 654507242
17 4 242908469
412 868 190288061
704 894 46468048
536 309 921662740
965 186 693925052
281 825 898147272
283 31 288170989
50 22 157621470
258 823 314647682
239 17 712019546
115 634 712936037
278 242 129303662
595 364 405631657
56 893 949027600
85 160 974916412
978 851 602046557
877 554 43420883
866 575 37143397
855 299 748564563
240 221 122479092
918 376 402897938
623 172 597705106
187 456 836811828
953 183 59199306
416 390 173456969
214 408 136327643
267 887 69133476
971 106 820041566
769 879 767123393
13 991 631437046
972 262 675957040
147 80 248462199
132 934 797823839
177 98 458337366
239 797 612377303
814 771 405650498
846 649 381779933
937 807 525231928
249 456 655889742
507 999 871887589
547 913 411572757
687 337 128588425
161 129 134711633
812 417 797701282
279 773 771188304
620 785 218131221
53 542 863805275
901 604 99692996
77 561 127974407
296 160 798808824
936 150 444191342
510 298 344675693
271 12 740758266
263 505 92196818
535 637 233039350
110 856 220885629
765 47 650821319
964 762 186098825
168 127 746926188
807 386 527054126
910 942 313207060
206 485 92113153
845 515 810344783
238 850 887869846
666 487 838537995
117 43 39522531
8 73 237873787
7 301 275006481
20 675 478582638
799 976 860679844
104 902 933205009
413 85 996149493
997 951 373652024
404 313 263666580
625 165 105700288
401 385 757918262
107 85 788238802
989 739 460682374
841 311 39009055
566 547 657954702
938 697 978602969
989 360 691557438
687 935 707079445
215 724 981217508
510 900 763927531
950 670 588800084
88 65 348279720
308 638 621883373
407 126 969151641
970 968 251027227
708 599 162891524
524 953 249366231
446 695 726119299
868 527 414788779
817 70 193939908
841 160 472499302
119 53 627511857
61 799 122059810
18 21 66893172
564 355 362296835
213 38 53706206
585 181 626210562
567 670 426092534
281 258 670047871
190 101 2005342
836 914 733697980
771 603 308818519
500 435 419211189
411 223 624630844
883 541 410318327
541 255 639635693
152 139 830286845
437 305 594461186
478 519 823116000
343 593 310596757
141 690 625033978
663 657 631979802
428 72 208153304
147 694 833984055
570 399 48550484
776 56 87768446
924 331 688014512
775 58 127240420
174 427 67041147
601 809 758824204
870 91 268129232
655 149 406126177
941 334 728594919
986 147 393487138
127 470 357125914
412 469 998752386
192 485 503707830
24 13 352546048
286 90 522693072
71 419 644985924
976 345 664698044
316 235 132884006
925 180 44762224
566 791 874041328
956 238 842444420
75 831 514217149
389 848 927093388
861 666 611994049
788 214 130603957
138 714 951746298
755 171 864747458
594 154 779973107
357 344 757616643
598 742 20173577
775 167 123183572
690 156 705316907
992 221 227794783
653 675 319389298
45 4 75943622
794 104 492805550
585 326 103488504
627 833 792058108
607 502 565936217
859 865 964259380
183 40 552450294
39 56 849847837
761 15 662736936
902 687 192957053
711 323 533396163
823 162 780294740
803 900 618990215
762 409 49755504
279 903 597088708
789 369 382072583
916 378 707045000
37 680 948411592
283 929 499270725
905 75 316932956
65 130 875017387
290 648 183181222
122 869 502181611
403 370 383609448
750 255 420813929
853 7 792988292
840 782 517564428
557 2 663792343
190 901 259374101
276 869 99488929
377 954 798790564
154 311 124858993
393 441 158352071
762 910 464676495
560 21 930962920
131 103 406228338
618 483 372859358
878 844 364891701
95 955 958447376
780 304 481763686
173 236 595573418
464 86 587561615
829 340 210884981
545 463 896801076
403 79 268293590
624 272 449324943
31 284 97113952
456 514 575202030
463 119 21035924
800 566 551594706
108 489 959255708
445 126 205756611
10 749 221559655
846 969 32626564
548 244 879042707
637 443 657911775
551 512 727455892
196 924 860363696
758 445 22483310
563 424 925391907
381 583 785709267
231 61 385231605
605 914 180460706
827 501 210095010
657 452 634960644
813 472 18830093
72 17 338553640
639 787 346092025
882 800 756103438
674 214 276052024
338 123 375953308
435 298 762523644
538 353 714891954
803 675 326942404
125 506 442114501
748 398 133424928
483 361 763948791
671 351 412115667
476 852 137658466
153 2 512220479
820 462 531554029
282 237 933013013
812 806 430003664
248 4 279846392
706 370 448907045
51 662 849809647
981 767 615587011
684 625 921252317
370 462 111580875
51 85 646408672
937 189 438312661
675 373 199826608
552 302 605311589
126 122 500186954
705 22 864027295
559 697 904847994
963 438 777130817
731 320 277974380
345 513 300453684
256 294 206148387
242 191 925004324
383 963 941700255
34 811 786502491
198 704 56920646
28 698 285951523
144 295 233565644
349 772 519738352
145 86 715347232
420 315 633559098
548 446 658318971
310 932 565199186
912 193 37288537
774 686 690631712
100 252 204440265
723 795 267754160
345 272 950692241
720 259 701138777
622 556 978595588
430 574 118688284
773 849 417093505
542 137 39969953
272 381 603814729
24 804 195150373
893 414 655470258
279 296 88377416
547 446 662250196
214 941 951548195
737 781 515300218
245 390 920568821
227 880 180793985
151 114 277852072
790 269 955252216
274 860 534288865
681 272 740135597
799 7 520359202
758 299 287171248
783 291 702305729
248 818 66173585
995 967 987301793
15 9 778337941
874 617 146947155
48 47 717566770
254 51 911462877
653 192 258480069
139 162 909878272
255 476 420246632
925 708 152702035
947 517 703572309
807 769 389649123
345 134 955922808
862 745 184287362
312 377 265781961
530 16 855774332
581 430 337995728
798 375 977805626
668 416 49142529
792 177 804539056
386 299 598854133
219 184 919894188
858 957 58998083
233 72 938362045
327 276 136566212
722 220 80098382
338 691 279834681
682 369 529790610
966 77 790231661
893 865 694623572
739 519 633806792
587 29 505309151
132 103 389344873
626 498 999319411
372 40 427456608
335 156 222668990
817 325 408198798
248 690 109903352
631 327 950581712
415 75 786938615
461 124 957373052
926 559 958627773
42 761 505547365
447 401 448208869
199 876 343889296
994 519 620511178
200 627 168946041
396 205 295478183
877 139 905800031
625 185 514265494
663 919 445874834
380 75 427428517
88 169 203750313
623 794 659697521
525 100 80262853
95 28 195833302
669 817 725291885
353 658 154289861
713 219 185926401
168 135 46270379
368 164 451942320
167 637 584282417
97 72 599717109
513 929 297241308
847 760 42986107
509 565 666147533
912 348 634270786
331 362 832307853
985 429 968105506
473 381 838747437
961 865 255268542
126 906 268701746
751 738 438920566
858 534 171363813
263 4 626393106
830 578 733146713
704 339 986527901
531 486 682640792
279 86 588354427
146 602 605214024
759 383 896181967
951 627 119975601
175 50 64175665
518 243 273528446
673 914 822357714
952 67 752883862
524 125 895583002
221 291 921486376
257 470 15724769
363 542 54985431
932 691 494385247
681 582 560751498
853 141 726053851
357 800 184204473
15 39 480211708
934 294 472787554
624 217 89844278
450 701 942916545
659 992 866561475
430 185 953598571
46 854 383644699
423 358 226643510
768 341 928372467
1 712 366695138
362 454 358789649
703 71 220500420
613 22 998620347
49 274 827103327
801 892 91100277
150 469 943484911
164 388 428531989
720 656 23866799
217 21 415218006
3 237 607544086
58 16 51588709
591 942 421072987
358 485 185489849
775 27 444126071
11 247 843791094
334 598 133319416
334 325 80611162
414 561 429630595
421 441 683719936
505 129 981416246
172 129 276827636
712 147 947481166
53 17 287065112
603 282 960433209
580 699 63461402
927 629 579451269
631 689 573752823
47 40 915279362
842 184 600270632
960 411 878112929
270 215 720114262
556 79 528257007
718 908 84985087
374 336 254652999
417 13 771262565
670 3 670145338
605 218 692631605
396 592 969586474
985 585 435604272
152 303 612530836
502 918 40542436
99 684 712968080
911 383 379834237
987 923 180448453
802 682 248225762
405 909 594355937
569 458 688483353
265 781 932265551
158 672 957114766
593 572 644274041
501 158 460044620
902 177 474282343
43 283 877847575
278 686 94189780
734 230 508613096
159 362 355855614
749 968 299602436
99 683 637579393
576 764 874069401
250 583 276436032
166 538 165681514
146 126 876215002
734 9 435600914
503 449 755438633
106 553 578723788
562 241 163311693
328 489 546503109
628 724 492735166
704 580 711888501
313 149 670801552
852 242 338906619
899 446 273843327
453 37 251531226
22 566 248716400
656 69 223911623
498 430 291809375
959 516 214006979
1 348 279183989
949 126 735913617
658 791 578359294
474 248 765861439
32 694 936355027
787 511 368487325
906 872 421381973
568 966 620769834
476 810 42908165
294 308 44089280
604 180 663283418
22 12 248360862
326 635 711021025
907 985 298508113
441 776 651510085
766 126 61210809
288 782 145045483
451 425 966791044
993 786 35410211
35 470 50263436
244 625 59298446
390 620 49405618
762 323 13562853
987 486 758387310
934 631 608209504
100 8 706802091
155 839 941935405
175 122 680605879
501 256 766761028
749 950 79674116
427 881 934180536
249 431 188233392
609 722 410622174
635 523 741502218
986 17 489562549
641 691 299837982
381 333 842191
897 14 628936500
108 44 642498643
608 239 702943669
717 814 964048147
733 329 859730815
851 245 333610580
362 906 964823634
776 39 406507781
519 590 425175571
816 196 312033070
142 400 46484768
561 691 583076827
773 329 933404863
228 443 193758166
144 306 749613539
78 54 666363109
672 827 877075771
444 885 823459113
896 991 399621262
667 245 994659724
325 603 577899247
201 426 231502372
229 716 201581708
526 224 151142523
340 418 291807750
695 539 194913720
575 143 627419052
2 752 194783460
791 16 189999314
96 971 803839894
384 219 597318964
417 374 397771318
884 798 501413905
757 243 132394912
369 328 214613624
260 761 133638402
641 536 372848549
785 571 437776581
246 651 875321817
672 330 403670486
280 711 600846922
819 20 925850807
46 351 125608057
442 123 93841138
837 527 43967760
932 536 54233523
701 112 637990202
593 271 321743254
548 192 633086572
54 555 732597213
233 122 571715543
87 947 404697637
527 398 318571049
635 347 586050725
621 100 954134212
224 811 763490436
803 682 135526241
842 506 439252695
248 1 199171764
458 451 619620719
154 92 787274986
896 91 207788538
370 217 281441942
259 770 261913561
679 274 182426143
472 806 659434834
974 744 676029300
612 704 977153491
560 276 985052570
777 389 3338374
871 466 156846416
84 720 833826053
472 184 815572090
191 370 290589822
264 96 975736285
666 3 80413974
512 149 569005567
205 761 377076164
300 708 500039088
484 855 465152106
211 914 117024433
245 215 978078267
869 434 425740871
768 285 18752931
116 777 668022545
90 290 222937371
440 86 148073247
765 287 55828749
932 274 124419536
199 790 499071908
481 721 730260772
957 19 768580235
729 935 169540071
684 88 490559854
435 82 522708288
993 160 28964456
612 991 938116101
29 9 600962855
68 481 264752453
204 401 784603540
673 120 593280280
905 64 923663146
887 79 897143083
778 173 502010258
483 141 343820343
111 73 786063011
472 26 717545795
393 270 78869594
649 122 738258007
997 224 52246434
362 119 138266948
615 146 14121180
138 930 381378814
853 324 997756419
64 518 846380257
801 718 7493916
799 950 724572306
642 538 415547311
773 878 820525144
628 513 773940825
147 735 605799963
715 402 577432966
78 44 349536558
513 518 6702427
585 199 310863635
995 655 19216641
631 374 806771843
358 824 395616387
18 141 371746145
860 179 816422491
263 912 717102971
225 142 659403981
852 548 827285809
162 616 474424335
339 472 442934430
22 917 870446435
2 706 884033557
710 114 438245919
892 512 730615793
49 299 248681351
862 93 32643098
674 880 709954270
243 192 309080996
444 109 821004743
473 325 735511030
33 942 607488139
889 623 44030143
482 802 251340064
556 309 142662974
135 956 489234478
876 668 974895474
994 640 390345366
702 332 430933451
349 841 990801801
954 163 148094115
619 105 285189389
485 14 613431949
805 752 276892292
628 694 413534769
441 652 855103248
374 948 874055671
757 369 988174865
244 146 312169229
11 8 444844504
889 834 166513406
615 302 813887091
639 427 728158838
993 222 45429808
882 835 8512485
727 819 826707070
66 37 86330163
254 773 58499584
977 312 487109263
922 145 413476231
2 984 238835055
488 890 236601889
889 848 987837832
405 131 663182549
175 68 135395523
816 940 192013371
481 311 14399454
287 724 259249782
265 543 84897304
154 845 861962796
833 37 195161698
317 555 647214001
140 779 574103957
533 386 397073831
207 63 678665025
866 844 473785559
44 351 277888155
859 549 1936385
927 957 429676257
6 277 299682748
851 925 138423009
580 213 295413662
242 775 545463495
547 243 494588230
551 735 564038103
418 458 135345125
25 932 163745222
181 70 901720276
388 281 597915169
473 795 72245658
945 226 472938205
698 219 354560056
559 976 9497574
642 920 223162505
492 501 59573713
327 101 42676468
607 503 253265621
109 941 785072251
602 163 264388374
979 66 618283484
371 25 137518951
716 80 920722228
245 562 658514595
937 727 810629047
876 320 685838443
714 541 404072566
99 40 332935550
970 826 746342142
386 317 223967883
734 614 945963360
823 141 222707898
77 965 634912938
796 481 168079
227 796 686992852
856 912 411358069
813 616 365648128
498 727 331554403
422 70 177827370
739 485 756116671
305 212 117453141
160 318 725788074
862 150 771252095
6 930 171150532
944 401 266146930
228 322 969298168
968 758 542167630
447 549 11504609
15 648 311039291
174 690 258907263
44 899 359725564
597 57 891773340
843 205 936418630
965 918 439329907
142 653 603460987
980 615 123032981
499 913 455109308
615 517 316445381
526 899 680404159
546 326 2840886
517 294 999422809
477 444 749361910
460 927 824860333
293 151 15957162
703 506 145018606
761 543 779013250
550 314 607837231
200 871 81057033
132 119 168377338
436 866 721360092
582 202 811938206
552 65 630289367
220 402 505910125
978 986 480503505
260 10 302347459
975 392 734234004
963 720 262880000
633 622 508134119
730 274 827681839
498 389 69355434
618 331 130728811
373 570 613042987
726 703 501475081
261 87 427333786
472 561 257816676
854 354 990369460
900 456 955249075
625 912 446146482
201 114 125861903
760 592 198836679
643 779 166832712
146 29 473988928
994 243 239836186
513 238 944994958
661 470 556454524
117 526 440882016
155 578 5377692
911 794 772049887
861 717 823778238
566 755 187385526
897 280 659204500
545 25 199476486
143 651 401846007
541 403 645484872
94 297 908096237
147 918 121930625
963 457 120253183
254 908 287604275
757 834 17161911
946 347 614370667
617 8 305422177
939 658 850198708
789 588 905773402
474 411 827077373
248 254 933994194
74 738 945245084
376 452 818378673
174 923 310210025
644 298 322678039
957 726 21289539
504 398 173455797
252 101 263051447
108 610 446642974
872 351 839586610
763 874 437496144
238 299 418123169
198 437 790287033
310 243 14647906
391 47 236166966
677 65 663471976
818 774 188649353
505 509 294126661
819 21 669878805
697 582 721678421
466 633 602466123
171 772 131967466
328 275 968220111
421 255 521726491
820 101 927951228
947 165 688687358
426 45 911463196
496 644 933639000
124 14 421995155
837 726 795351050
760 301 200443392
899 512 326311430
936 794 989294870
587 536 228840378
645 722 340949673
237 527 118735844
952 52 483163319
98 15 526335034
956 63 864219560
758 295 671198261
475 152 705681491
798 888 168531689
744 607 359686956
693 400 746918074
843 317 41186209
659 581 52164014
505 19 121217219
464 127 803048669
806 315 435266469
537 132 743405538
159 86 799665319
518 218 365170192
228 9 703791361
930 538 726825869
693 197 941833449
162 42 182886738
373 720 561702176
196 996 303990029
896 66 825382817
917 722 949361709
241 332 596966472
285 263 956693336
607 595 402259618
569 36 809078670
97 768 603881030
579 158 461135206
87 304 802829097
869 796 567210864
91 82 796866534
974 885 941858075
664 195 824498223
516 618 385567674
429 113 141795790
106 789 968694558
211 476 560285882
645 219 702117484
948 627 591325191
9 4 288292795
771 493 915820007
15 441 862669110
737 608 841520572
853 578 847665751
337 72 274816911
958 491 975431762
56 810 128211736
197 871 837609786
579 833 805853810
562 320 355774504
712 413 715862514
508 144 28166717
112 73 438172765
220 27 575036452
124 398 583454237
686 951 512953679
379 452 271380001
282 185 137496366
207 690 422894465
561 294 424570204
752 928 981131627
800 458 838807653
814 282 929342266
737 444 637725642
915 541 246609177
972 16 791713542
753 558 742683740
560 546 874801761
817 788 322026524
968 89 262095677
90 89 788392359
421 530 751477225
211 599 895865464
504 701 373594960
385 732 771919687
970 18 907101201
478 515 258523887
444 121 308199325
745 84 8604860
419 588 421707279
286 767 761297917
983 413 966926286
771 348 939775994
763 760 654262932
589 954 253781700
220 175 746155748
781 8 60339372
205 915 443747948
257 452 826793213
20 292 554653873
436 226 170191910
472 121 491186094
81 946 566178677
890 453 315889123
37 950 344676848
598 255 894380320
289 301 350358727
609 145 32307171
737 116 344661695
215 895 906965674
158 19 439048997
814 627 684565764
214 763 826804771
783 781 89910542
806 780 18288417
33 45 336858029
700 451 280574599
959 236 539417092
223 736 734317357
581 291 465477327
311 233 605520718
973 889 246194260
351 56 58195357
232 308 788404489
259 290 133665447
781 600 763205907
696 643 482140080
237 357 411715875
682 123 375115339
655 966 895615130
670 653 431142101
201 112 991580511
358 311 456293265
40 326 608190323
84 100 848156314
988 780 834451649
468 510 300623291
24 414 361774801
438 596 161621705
713 563 606550277
279 133 974800061
48 28 605523167
239 175 938326984
761 472 874075300
536 325 338472534
290 792 552567010
185 929 322136
988 822 378925506
24 991 792476269
103 735 849511364
470 851 991329821
898 745 650542326
525 183 254475135
232 114 751719843
994 678 431462602
193 933 287145483
684 5 494311569
94 746 826127168
863 165 38896119
896 549 247783731
176 161 489559339
268 201 210058092
343 313 482028178
768 520 33666723
870 586 693415097
821 605 776569263
839 290 577397252
250 53 994185685
508 501 421175000
190 253 149465126
16 133 544189275
812 353 995791431
677 234 80372991
695 367 281709200
747 132 330322727
498 280 151707939
184 373 946561801
516 204 104453369
696 392 386882205
296 99 888776771
58 307 547976223
331 452 965035761
257 908 85470390
373 120 743755429
195 133 549325172
974 329 729934608
882 860 290036184
354 956 476459796
138 661 811226064
359 179 147384652
126 894 954664729
559 345 314743326
911 761 551569752
489 243 256150617
59 31 670185944
923 547 882997308
593 292 649175503
119 418 935740906
552 240 573185479
550 637 386703033
810 233 510858698
120 855 953049187
395 684 813797632
722 143 620507215
451 148 538118368
355 301 745849958
127 638 952736329
146 23 765673654
954 8 353427379
2 202 260636826
781 705 324444351
996 671 223391512
991 935 994516763
398 104 252228516
552 939 187785269
332 842 984588101
418 256 535111780
865 628 244957882
850 838 384843114
349 920 619660314
932 153 574622043
837 851 953619195
993 834 711833070
458 64 415371197
579 466 320199087
413 810 881768349
503 223 644329777
495 128 550332652
977 821 732624976
58 13 941444828
916 876 766839489
349 903 85619500
329 273 340145362
372 79 264064347
203 609 482620789
258 991 290943533
712 924 50453726
355 478 973478015
581 957 473380749
37 239 83448397
753 453 921209460
352 172 145699217
374 829 509382468
815 394 929858578
35 507 150072677
680 489 327423096
680 68 272625414
114 280 277508215
214 723 344032642
473 445 613521595
166 348 706001977
811 384 500246183
740 661 578457913
515 607 465882105
45 393 291489790
901 861 839883974
769 955 511800184
151 691 947149540
793 701 210408577
721 186 707695480
477 270 65598579
105 945 770204437
722 517 716816980
761 746 477967657
298 78 883557849
408 840 742345877
557 921 31403524
450 440 100659408
666 123 42003162
156 315 163378624
862 317 999098380
719 646 212810799
859 590 410186642
905 68 340805441
70 90 653167017
277 109 844357988
115 660 138803826
928 976 596164324
227 383 371772891
247 601 435740223
635 859 528363467
835 706 77774544
833 154 609348010
783 184 299148739
826 820 218676819
881 793 986709647
155 791 713589254
64 130 373702176
281 113 508130077
1000 202 786636534
687 247 159408455
607 302 555436128
800 288 856641030
419 600 597370259
703 489 901415169
173 168 144148051
648 376 689433977
539 183 650032957
900 437 351905586
674 917 917338056
70 7 678999944
464 812 134366477
721 371 513723836
756 697 813231995
378 24 674549037
34 905 789112875
388 688 187779161
556 714 46893843
49 489 274382374
512 157 757920798
476 245 437347851
347 234 63615389
46 44 397831793
968 329 260719557
485 562 764665187
259 116 45606478
453 946 462655703
992 792 654285495
606 23 644992629
710 416 214180468
254 797 901755326
797 103 656779553
514 792 200935549
491 327 846902597
567 378 640974949
801 688 250419338
980 905 551359435
376 310 14945856
762 625 47823337
346 642 579815935
604 796 787078913
462 862 992944333
684 441 666313272
95 922 709468320
42 8 226429231
607 930 752170158
313 719 629605935
473 329 2502824
756 302 938286412
44 812 187575897
462 308 489942804
130 537 192526726
370 202 584001647
423 97 539497720
146 811 881078387
193 615 307041939
598 916 934623594
394 402 899279035
726 134 582034561
724 953 681459577
143 626 132131442
162 983 517318387
711 267 458081028
919 101 976406122
44 266 419225318
912 491 875852005
242 186 432766742
947 159 411674976
583 417 199998570
376 440 889718052
684 28 449265011
951 686 4201403
726 10 906152744
121 216 439505607
808 991 452627970
798 887 154933188
636 368 748909709
167 109 351224441
457 388 939337919
17 52 170469748
871 131 416624585
838 170 997153957
106 8 358231448
676 530 687483713
323 498 617054315
201 657 913886265
286 469 133321361
111 506 722171200
632 860 242966065
712 664 765421065
217 75 140450931
229 749 101601132
952 596 467830680
291 227 943839043
892 429 814181959
697 31 412134305
766 549 770821627
324 337 258959841
360 898 193301759
928 481 60731550
802 587 667040416
39 198 807821003
238 523 569118535
92 555 601195037
772 414 992946951
352 813 537995635
371 752 919499159
381 476 909419339
476 380 2661799
929 751 383568617
132 854 218859042
392 473 730569370
591 16 625967109
974 300 526729133
658 598 509443776
143 77 761407510
259 255 448438872
782 305 160007153
192 208 269833331
362 756 55814755
372 721 971272154
322 490 360100333
33 29 546648686
942 893 872374859
786 824 48045748
422 498 157478172
152 515 446669090
312 816 732539661
730 696 623422553
628 204 878271921
759 187 442552506
280 140 841311705
243 285 964003137
477 801 7008241
229 792 843815232
969 871 378580714
925 386 911643129
486 628 327118976
979 717 143461790
831 29 594097188
829 5 336980187
509 122 883525965
718 967 406163654
173 528 672430883
955 975 771660720
751 928 529754485
676 539 827502490
309 578 300477792
575 525 328417760
243 129 372267040
233 773 237586267
71 234 796722435
222 433 358084470
732 229 623945956
956 961 661196709
685 781 138015815
356 192 874163555
833 747 793878197
613 274 509308855
272 152 733781784
813 547 394585268
655 980 284720389
365 39 882951843
829 144 843236971
976 371 481921585
334 114 154593002
763 388 372364402
184 50 345091565
267 617 211885292
213 298 724886833
328 80 832884137
679 690 820765622
534 437 795268409
847 109 528406518
744 363 279028442
435 675 494684930
97 22 379865874
76 111 714281064
998 967 93330842
110 82 947199861
387 367 106097109
132 725 608896894
660 804 395197474
354 440 658474859
568 205 240944300
529 356 503307202
903 476 222604922
831 647 27883879
265 644 531276620
221 284 261439936
746 998 89254652
680 286 572811985
819 857 856864292
106 230 683538609
516 682 571645628
130 109 911120733
619 513 907429399
241 55 86914242
900 83 313956511
330 920 247712636
413 927 365132327
848 206 396805870
78 656 317359539
701 869 427469323
714 257 804715745
725 535 174269505
677 589 472103943
782 324 581129438
118 666 643614008
446 408 766135702
873 285 288656845
497 533 822891873
977 43 185731825
138 103 833155568
973 608 476910710
866 468 772271528
251 209 3517504
577 128 405694329
155 915 996087076
345 92 413217514
127 661 279388294
16 637 872805297
304 121 876015643
926 835 546354149
190 723 994825260
930 310 474120625
186 174 687959635
686 566 720298456
878 820 537824357
283 786 450894483
120 95 76042485
479 805 466356552
868 974 647961688
292 663 698263540
997 78 987133147
911 707 541862541
510 739 364945670
761 646 235521342
115 87 185851587
354 128 521145949
740 596 909748874
125 96 549939188
377 385 45198404
891 286 722786624
752 553 80664616
901 232 975767190
818 83 857005507
220 188 340491004
993 71 336999872
243 582 322876252
577 97 907948783
602 137 718901425
339 299 339605548
154 310 439016748
86 279 950991432
786 813 288741110
319 574 112771449
459 909 792675384
930 184 683221681
290 126 876430238
510 816 429726733
222 719 669395216
574 549 37646979
484 262 485324245
826 820 364538111
94 430 109863274
781 608 61551532
60 56 603999284
874 375 206594039
627 477 947515365
720 633 850694950
128 417 208442554
355 206 768551706
588 76 433281047
519 431 584999136
290 312 716906022
937 483 610708447
260 951 304540432
235 988 876000371
214 508 645571193
446 257 509585938
514 370 688790971
31 851 673148428
654 580 144808140
79 528 438772090
802 211 893458221
586 217 360877320
354 315 933019638
204 192 708189540
273 553 80455397
54 491 316464113
581 277 475372208
945 481 715195912
627 519 648218648
455 173 120533384
310 271 406441235
846 416 464174178
532 82 567539121
61 68 460909259
356 982 539651445
212 299 647829925
772 507 586806542
531 118 861048389
641 22 258744517
795 933 908614178
720 894 813123723
214 107 964175676
497 59 105447814
620 334 828864764
651 645 203587029
929 203 20009631
619 455 64860148
390 366 694592117
185 29 160922832
279 398 869656680
776 995 957667930
557 594 910646777
770 704 166658125
770 322 488047143
292 459 587090950
826 638 836466133
382 395 240877981
165 14 347325467
692 216 613266397
459 759 726594328
171 361 461503445
349 970 559815817
113 433 654929613
153 405 385167257
829 75 692421379
564 623 820407197
426 707 700407308
828 105 574701405
315 98 542759382
383 741 788532325
495 145 800509267
878 821 406736668
732 385 386641173
556 659 534038722
150 40 437244681
839 107 754309560
909 960 435865147
378 69 300418198
15 599 385703732
506 443 367334550
846 362 170516176
18 722 947594899
293 772 421672085
30 479 822306348
141 84 118436422
772 673 279941699
746 307 199492128
487 889 804448810
471 93 63604021
907 25 220458319
141 722 119664265
828 220 201428328
439 635 15730795
663 286 837184994
531 770 846011806
881 619 43411261
922 341 941483012
825 204 945518304
601 78 282605078
166 785 826952363
512 101 503118024
857 802 929957777
770 37 531064537
108 723 841508965
266 314 802838651
331 117 365916535
990 266 203561050
973 237 608680052
920 640 944308527
197 111 906477082
629 812 824366365
280 158 127656371
305 253 659858818
636 346 43528130
963 72 826895819
421 899 317138869
31 611 343558848
280 59 623551728
464 381 389892456
123 980 832522019
282 857 918765981
763 405 30071704
827 626 555787044
885 5 926469967
108 42 419142566
933 119 616414346
586 758 272005855
882 301 803495125
479 430 444237618
310 857 362805462
470 340 813902511
720 389 926393124
748 292 993823116
339 26 430382240
928 923 443892353
581 105 688224345
182 289 939805857
718 968 524822415
550 848 585765564
881 134 78235678
194 170 498837043
811 956 779657714
803 325 558088473
627 986 784448421
848 151 783423789
665 6 573638308
652 218 446573354
246 198 725340506
199 170 639945432
414 580 497105589
619 782 453556780
572 599 784938552
802 234 98540570
359 123 245264872
809 328 235171153
796 462 481841490
618 773 888295844
428 659 858481120
178 27 640481793
785 729 837825072
376 863 354681652
883 656 590038996
359 948 894375669
228 364 704871102
749 714 518714131
270 348 832629029
913 266 100214832
547 310 296136348
473 54 870097902
749 605 550990012
510 475 534257543
385 876 899862765
81 649 744314339
250 201 889625263
483 756 965684829
840 159 432139228
368 654 668231807
661 238 395579635
867 108 475354620
145 668 660904030
205 167 82545232
382 294 365751490
917 222 408765076
660 395 595230583
815 484 834376122
605 280 835005232
555 379 800176717
438 19 554343688
381 48 195598918
906 740 870186560
409 554 470926688
955 804 308635099
364 696 340965657
209 207 662597495
288 808 892785484
754 545 922236125
341 747 492184442
337 680 595075313
584 537 257612242
441 184 562633051
573 931 345361930
578 342 47860835
207 81 104211170
941 138 87345158
457 222 267056606
621 902 462228343
583 104 209034913
381 862 448115836
879 418 61152036
907 205 585757985
223 139 775671315
473 436 728214850
601 345 883645310
887 529 542896812
762 168 315401603
55 42 252268314
888 559 31635689
176 692 635610446
31 247 189011323
513 102 220713831
416 3 906236076
350 558 360382620
102 714 928463256
753 264 128725600
228 900 98382743
866 193 920571447
578 313 45387960
255 83 521069469
766 64 790160267
728 674 582964056
642 909 649091261
807 660 761748544
683 98 827185043
727 540 792618322
175 996 290904922
274 604 773943186
4 405 133982056
519 907 570413817
553 425 148387177
93 928 348774838
835 691 485949879
406 734 183984477
5 941 96153590
738 375 543859934
982 823 794563556
590 719 23323918
448 455 342207822
610 216 410999607
173 980 858468157
15 421 742535190
908 411 28685010
906 696 322223253
857 838 362737317
990 572 399071339
541 268 225164892
88 21 927458447
136 431 223786971
912 81 160184878
817 158 222116397
635 639 857711479
98 315 342426430
436 537 345759935
399 611 797550507
867 782 343220359
118 411 288657778
930 12 239839621
556 548 958689604
318 781 667580219
354 18 553996097
189 778 562949572
255 917 737412144
985 947 182327554
555 69 429167422
11 26 722388882
28 905 328765182
25 46 410048168
606 870 975560663
947 761 704959862
415 163 536571580
955 658 160213646
496 781 857278011
126 43 311998707
885 373 49607924
11 812 898009807
276 838 388924042
874 877 11105782
713 489 731022450
655 245 169052649
683 217 861397834
660 317 975446555
965 540 565716741
402 978 112042375
289 227 133183919
505 107 915179058
779 578 324689634
289 548 508568529
502 73 905187105
851 579 963356177
915 351 528026143
864 307 194396475
85 530 441957888
394 997 567820640
101 182 170778262
608 460 820347573
608 375 409771893
211 15 141057971
18 725 46808801
666 668 395268116
680 499 244990511
363 868 885743722
145 768 420961276
612 669 547328023
313 348 807768810
61 407 922760209
681 837 458979441
127 566 502472856
983 307 541534103
825 291 176132491
959 38 477312126
964 231 956277573
537 309 981733206
429 433 451361474
690 871 594121742
134 721 213129393
969 442 774602163
63 6 174375418
591 430 480641713
535 966 657439341
137 900 96989126
723 944 377827845
595 447 936552273
283 866 213865872
2 1 284517219
914 266 622721733
964 436 94110520
599 261 86140917
529 68 414053676
457 834 543713299
729 445 512731972
208 901 817350396
151 21 509756932
904 789 730958382
140 562 646199902
431 986 817932791
827 159 151162865
800 409 617906385
111 445 667845339
579 554 259621435
451 753 519156908
529 630 791903064
550 860 890541970
321 251 385994653
669 770 334317087
560 956 454679860
979 972 885204991
422 159 162130162
699 972 40743733
981 74 851480069
99 918 885722429
297 989 373989197
575 708 275533841
944 793 391453544
528 300 180881004
405 201 962303154
795 505 103482051
48 603 961365068
118 466 444940642
710 870 942792963
700 443 41349735
507 969 544707612
150 304 556569460
293 133 669483011
941 369 996474392
92 676 119107347
921 143 47348772
637 687 306242732
180 452 864837234
508 331 246570031
799 635 24658448
773 877 400677314
430 53 777307831
247 40 147194874
810 567 972658757
584 57 304676200
877 738 898026054
995 676 97280308
315 268 781150506
119 451 443590637
820 52 594711928
281 23 524795701
898 190 921441706
218 162 55184208
96 515 860999719
382 801 375754165
497 121 249504379
451 663 770012602
309 136 535564980
69 43 128394770
713 424 54385605
3 893 271970363
82 53 25525317
306 217 21680662
649 311 861656442
975 299 156063679
609 110 796994608
118 22 41613923
582 71 304939274
174 86 63897026
258 80 279780513
825 357 528114682
181 352 186801046
812 214 367230699
366 277 202186287
97 94 706931142
981 4 123748285
886 752 123856272
998 413 236914140
323 102 875263793
587 826 554619894
690 419 354323004
680 335 26281607
797 319 553068989
978 124 975800919
963 703 962723046
707 42 855886279
266 832 177955755
634 435 461032016
236 229 948927862
284 787 631480962
395 762 389220201
768 57 878514380
105 81 339470842
539 61 932525297
742 357 68583177
777 907 490659277
533 509 576573349
556 521 991972738
836 117 202958059
517 322 89773499
440 309 595837269
81 782 534167736
173 430 745457389
688 973 60192495
411 413 332810726
587 575 513899111
606 416 494916918
185 489 470731521
420 93 838844278
854 917 288954472
636 679 681892829
260 79 602652246
688 681 537833389
18 712 200668169
442 547 888691327
209 847 305967008
432 308 146779926
41 20 840366048
265 51 53455279
523 296 673156771
406 737 586604064
938 736 363215665
153 863 831092561
293 984 248945935
133 105 656546096
161 334 620466764
130 967 524941917
349 886 764083884
257 733 67689562
16 146 925505378
515 198 449743000
789 164 479726734
31 17 101517300
268 698 65620755
849 921 42527716
90 11 261745549
375 616 267585344
275 577 831284433
982 839 112441915
624 850 730428207
843 95 664953948
560 985 711674226
255 889 66128969
700 862 554405366
463 528 795284316
348 39 910079490
124 486 440428250
464 256 398250844
891 797 4542823
647 548 265831314
262 595 876673446
466 779 250146863
183 87 141710943
206 509 554078722
487 104 501353054
933 493 640364688
483 693 949745170
190 603 782755955
360 145 108861452
611 312 353754452
507 500 97605716
578 853 183926871
533 238 17801569
87 671 819851748
273 200 704894624
514 510 161036839
788 230 128063419
556 448 959068777
320 548 188123214
883 975 522391548
192 161 208366844
612 485 616455781
193 524 706280179
440 693 727358471
594 963 412120569
252 214 816391396
116 90 194103081
80 132 69712148
207 729 634152547
619 577 420690140
663 462 460555673
995 365 681462809
632 115 153238139
33 874 600925695
57 48 838445100
655 841 706640784
839 433 814827278
525 802 263110871
381 30 404733545
853 433 312528177
313 322 517742309
168 89 564924941
337 676 409396871
791 271 176991292
123 51 443847704
432 379 405243803
755 701 486706738
563 420 183479638
320 218 519784795
995 414 973153573
845 393 626939184
264 195 941077328
132 24 51941243
560 817 255000694
285 87 636874392
923 932 776740896
461 289 52482025
496 179 270644159
92 629 315360263
993 747 741124547
290 894 27370006
269 83 287158295
728 599 475343355
451 27 559039736
648 291 95521005
504 897 226151375
496 489 744569598
330 532 935855066
346 241 879845629
333 22 242855886
410 128 953696409
679 297 221474067
14 375 230170563
537 196 817164705
432 175 969410936
910 326 325901414
603 127 535772348
675 915 326654762
914 129 153305931
804 105 627223446
157 121 148416440
906 280 733670530
194 520 916976673
273 222 185757311
368 971 114014974
597 674 70702141
668 244 87841112
663 601 497731006
454 136 478551723
942 3 556268996
962 322 298819230
81 829 620069910
913 919 678625671
794 775 744846795
885 391 101536291
359 278 663951604
17 710 905535555
796 222 846456937
593 932 285142241
928 774 694905937
712 224 647332430
845 775 703403915
161 202 952928782
717 296 10597588
636 511 430514014
280 691 549471961
313 708 416523844
367 748 250156492
750 996 571709206
988 894 985936344
850 444 14019117
592 677 343499772
222 101 151173168
155 518 829844144
696 725 660303376
724 261 947311709
216 675 44766260
318 194 947858418
650 171 315076294
900 547 601020513
676 876 683750189
269 997 880461380
49 28 772577278
378 841 518161630
994 260 477161950
888 970 1527012
285 620 558112139
766 940 831811143
422 542 553030739
371 381 162822584
65 438 390618022
817 743 561611863
988 998 294773993
222 957 36916849
136 111 681932986
171 780 714339034
932 260 250790540
413 826 844313031
837 174 811357400
983 255 880959525
743 466 92618821
98 39 951404868
645 618 319739098
90 685 293560259
226 139 176991010
725 201 407655385
943 118 501599851
139 364 18531590
119 900 239019056
227 149 83197202
686 284 73912282
450 323 343626636
898 739 78991594
377 17 131204604
714 831 832940116
553 142 164798
933 581 502090755
963 667 331713894
486 161 960991046
308 194 752113857
726 801 106740309
961 662 384997944
54 13 796838612
20 826 533729142
180 115 705282024
995 249 786446317
75 40 633967657
5 157 891325406
845 200 751130062
204 214 491183016
820 408 312751301
979 174 687383898
590 134 70316847
878 571 368002951
736 40 326427037
955 235 789417601
408 53 391360181
322 989 565179653
768 49 509364275
134 82 327776648
393 362 984829918
854 409 39717417
220 512 281202981
672 283 355132063
686 681 11444416
903 17 260258784
192 235 460540
792 500 208416164
939 560 14698720
864 602 745472571
860 452 925050074
767 345 85089563
980 472 401867443
729 213 301112699
302 45 686114081
799 793 5120082
432 799 126140441
596 6 202584103
338 327 343862520
322 719 958710715
970 797 315987021
311 430 150474165
812 276 214239540
359 362 612564199
680 777 341805674
901 351 123325996
727 86 155218470
773 869 908167420
688 442 576799620
364 200 410945408
564 503 587859485
21 340 718427038
589 134 390439155
312 36 416109126
779 862 112503756
556 28 404873751
148 93 375347185
346 464 810759580
533 707 296296375
169 435 556553310
725 9 8517415
984 524 445740344
677 56 474654703
869 779 766493661
285 343 189967341
534 126 483251023
936 595 784127684
779 772 620127818
31 420 272886459
765 912 412219536
281 550 60870416
810 265 223094373
550 195 609396418
289 243 411653266
516 233 506402543
641 30 289702379
805 567 142569749
921 651 134464820
75 398 453233726
10 1 348246634
971 407 801369859
159 620 778509493
134 542 122859260
731 804 982730347
573 582 603119600
110 301 991741571
211 162 881796023
991 229 689442056
865 215 175589781
177 1 894939716
482 272 955171808
651 18 397442490
602 309 677594415
978 415 986995998
344 225 864851455
124 619 539593819
885 810 276549361
968 7 468217225
743 57 918373489
279 119 135786836
830 262 305240977
341 98 380269699
169 375 209131720
73 383 161844764
496 262 467847865
428 914 467630062
681 26 904128344
630 103 333821037
88 908 834632376
14 5 720345715
352 456 553122192
662 583 191771983
713 880 935983564
697 47 750106326
859 685 60589598
443 224 602342371
827 111 170996593
646 434 514948301
55 424 386230683
773 844 345619
126 789 426056581
850 926 524323831
472 967 385085498
634 143 505875368
888 47 239208112
813 325 911317485
674 455 932324746
452 945 416510011
922 812 959556766
258 955 412508607
901 623 537007320
605 444 497967617
950 237 207445820
865 361 273305765
696 865 46360939
205 508 177372678
455 54 381421092
521 771 885014056
818 984 528862387
151 332 143487211
624 748 767332938
518 759 148121272
525 96 606320600
664 414 292472773
397 631 461147914
438 289 803046728
412 794 528910784
607 424 292499332
674 533 483944407
655 521 912585685
387 135 297442476
167 637 787962660
768 808 922198551
648 36 721741055
942 140 116385793
518 88 823574760
374 822 715814643
13 647 126765787
52 101 554870413
856 753 61677874
890 713 816176825
942 570 332835502
942 958 85791355
93 680 642729563
208 23 514649049
323 153 241309986
743 419 642473539
356 663 810033798
135 101 18734494
500 545 347612147
994 894 397877098
22 919 470682247
681 710 756712033
41 124 996946352
573 293 520636272
731 605 894169651
695 892 277947384
561 630 101040757
384 433 114789326
511 375 623442225
903 549 300019028
273 521 470634519
79 40 220206789
381 835 806510699
683 708 196210912
733 205 593648948
400 267 410641774
226 128 651342119
229 979 498063800
419 584 162686654
364 186 651996369
864 798 164306839
59 704 625352385
210 138 384009895
605 90 340328227
821 33 526316973
889 691 816440154
391 740 356629701
991 467 38502331
317 217 320720291
845 622 995215067
701 345 327576601
560 40 51020288
237 601 832473560
421 182 670978266
31 638 859048047
493 214 618625604
907 257 467796192
151 830 868416193
359 977 921909629
774 600 548822068
888 319 154706052
497 88 946675020
718 364 430198866
699 405 383144724
716 351 743324681
162 458 615418323
827 643 93083336
515 546 692144150
756 906 66644637
369 216 179193681
497 885 981797847
81 64 175573513
478 781 331820379
691 563 27115012
957 795 626013762
688 106 424014718
189 320 885393354
2 620 467114749
125 435 51834802
355 228 450505209
495 445 406232296
903 766 699702503
384 510 399411156
842 939 608857217
732 202 57472582
513 584 606884105
47 773 453431830
809 910 771353622
325 84 605134974
608 697 236441863
871 79 154301109
249 227 873549779
437 495 81270550
41 244 475236098
283 803 504668449
990 795 83267077
623 697 472102264
986 878 928357232
539 713 213284551
498 481 210719891
488 94 489175327
852 45 789300272
185 120 508083240
442 307 755729438
687 3 429191256
526 674 717560754
348 186 442517078
584 478 546299640
982 545 566116007
411 849 85337975
83 613 779342064
72 986 82311422
947 337 464352942
540 538 250130468
178 604 42841538
110 50 485310148
979 863 297007519
910 895 475679416
970 104 738749975
310 713 520731509
285 346 602229742
635 187 596431273
596 640 713427540
674 401 436383428
469 389 176386528
981 200 806528978
374 460 410053384
860 707 778165978
301 850 15698114
565 61 692338968
59 92 421064955
351 136 332150598
84 61 529254531
290 6 589803560
787 571 785745832
874 449 571482781
499 482 508736402
389 159 582097547
634 19 894760284
662 689 731412270
558 945 722815407
156 6 821546724
963 58 343672666
69 35 629967316
859 578 159404176
295 468 203015982
859 830 768435491
57 563 320873270
730 342 592440998
727 83 901382132
842 18 106258287
431 869 765746279
510 863 555845881
751 131 21463907
584 435 824843520
782 210 699942927
156 688 290087834
825 373 427791732
981 320 470194731
620 409 402720485
980 325 459700006
717 636 310056618
572 507 246120329
497 428 28038724
430 517 136778634
476 112 12583096
919 203 900708939
630 840 371948196
213 713 661540350
376 41 432347718
446 607 260329983
603 223 510747321
308 982 947358145
77 34 866552607
641 952 694506451
801 93 155671753
802 457 158997958
762 43 245889287
577 642 308895441
538 813 482369987
56 226 3153343
154 859 289445090
276 211 792146780
596 590 105497515
776 634 657039069
274 78 885495801
438 719 815191358
678 303 365091292
104 731 59819840
648 573 655164334
933 832 218318481
225 749 842427547
306 56 272909568
899 569 21802871
450 274 972583618
571 479 351626702
899 1000 70450674
931 354 732902494
660 514 552970386
566 80 884104686
332 900 289427777
649 539 142881538
270 742 960464124
869 550 805827829
363 256 48553610
367 212 146529741
471 245 829639150
25 847 441708090
984 114 791168003
307 882 885131138
197 654 372772247
189 945 266026317
58 772 981046187
387 70 914131786
624 663 80108463
860 816 768380147
711 57 409233342
104 667 233739499
54 879 575082737
749 2 97352873
947 794 433815883
655 554 958208043
486 173 197706824
816 955 396721764
469 896 734867468
125 347 872014657
195 827 964625312
557 229 776801851
827 984 60130206
393 813 742548085
502 604 867688038
773 764 512605508
7 915 771923690
977 447 165886749
644 830 775961163
177 824 125447180
834 663 735817682
415 691 236989031
882 373 645145056
829 651 13461641
449 977 826192751
544 126 100302931
188 308 268866100
473 426 344977887
554 925 578561723
867 72 661040784
362 842 278990063
775 678 67172035
291 23 344595497
897 188 702177624
117 554 551248954
460 257 502615253
962 948 98435952
957 869 146291057
621 470 755458816
56 50 769410768
242 99 265574317
897 30 782542805
570 115 116345036
829 151 902964060
131 140 80916071
490 630 334464401
336 262 618004782
483 482 490910494
723 359 621400450
726 410 442770160
854 917 870759445
724 558 499509322
686 223 801719507
261 613 327235584
96 37 249378331
208 43 938475084
701 976 115164380
360 37 149049409
108 719 181128476
34 824 317416946
568 453 633438736
211 640 434779154
319 516 377138683
526 613 598919369
757 644 139241112
324 423 933245323
465 586 320104198
24 316 589203243
971 976 108504925
684 213 447422560
226 755 769798358
97 658 34555969
86 632 95239047
530 371 393960438
732 742 68665210
546 267 865899895
553 267 643120926
516 367 192094306
208 321 797571440
82 80 592377724
700 850 427117728
206 28 307815593
448 295 391403210
626 138 529297924
566 69 747965857
225 445 669841952
262 456 242145002
984 951 544690743
972 747 157303985
573 501 822062920
133 540 333237072
345 606 743361523
764 303 361183121
658 709 345701516
570 661 880595034
793 378 414491329
652 586 360821999
502 642 306103933
167 254 217635465
693 225 136173058
266 72 869650821
954 29 640568132
26 4 98469419
887 146 388393920
849 689 27204676
51 9 606258795
504 605 638652422
298 138 511369264
406 201 904254550
890 437 230105908
443 17 445977839
369 594 472070229
393 910 247182396
515 362 550203868
660 352 884788783
108 22 881979480
996 65 93164506
212 358 416176770
594 777 134591158
741 680 452996196
599 600 657028354
594 259 566115379
569 267 744876720
453 500 458252503
746 782 157010860
112 681 519912800
880 226 827957328
19 5 755341459
320 687 733543231
171 47 978668519
617 677 694797920
269 96 17125159
521 614 787928269
365 856 622949810
889 872 362823543
664 975 344353584
68 272 697197103
517 263 321616261
93 934 481072815
778 50 564116959
850 331 549915252
847 243 583122016
434 254 513191921
816 623 324259354
113 666 296586706
92 182 252891382
580 465 7842948
411 111 465216659
287 223 2924135
757 642 984476598
709 120 980571459
594 423 863361357
13 981 350051921
810 387 267586391
584 628 213165466
116 199 363456478
550 381 243228944
668 625 558989022
992 664 819325249
236 983 401995235
463 219 347668428
366 884 592394277
286 204 504486418
816 811 143674065
103 267 330920942
924 666 395036799
647 36 801283599
898 108 875546663
713 232 94128200
692 448 764961871
577 451 917965370
745 698 930356331
104 334 498852547
899 109 309494751
729 421 764613951
215 24 44508728
192 257 754105509
692 736 563982352
707 596 731963163
765 958 676684286
775 131 886689106
123 998 688211216
649 7 626996338
39 590 761531285
649 303 520607285
753 855 909278829
740 813 717570889
472 573 699542094
209 970 570502126
538 750 81122224
463 13 682500901
239 705 508890724
25 13 71318284
94 829 297051507
605 834 521535328
223 99 92184007
929 147 29022603
407 928 790277343
713 6 982943884
78 42 387442709
279 540 260543487
432 209 210023800
175 826 90629108
844 555 572868541
939 503 344523543
114 81 693170021
846 35 609339977
401 579 335544885
655 992 681238220
238 729 722134765
450 859 918294100
139 61 11164114
162 148 966516226
14 268 197815535
508 748 871125491
70 554 717513821
981 523 229403136
237 282 631203935
657 993 138842928
794 600 10631087
589 83 656281741
868 829 350412906
636 387 5763982
776 396 951098359
954 29 132009415
133 621 398205991
878 891 665323257
440 312 766002962
893 905 568445799
772 173 539749317
772 252 707709059
709 958 206354755
735 256 669406900
176 781 911265983
916 513 218685580
966 766 11645075
159 80 570026439
481 748 342856746
149 496 860735956
449 744 965662578
303 194 213420844
256 90 766713511
503 855 441821957
885 37 698467958
834 581 532434967
612 203 595173320
258 437 932788420
818 267 423251645
839 618 282832061
541 772 806549915
391 269 156576872
918 875 364501989
166 142 935673069
352 947 367662579
987 633 926552068
776 824 471579348
447 116 703760640
88 830 293618273
846 844 277403305
498 594 650670451
327 153 608805979
769 389 561014532
796 489 200378044
899 458 909723102
205 480 979843974
700 930 470398092
88 9 408537156
682 329 403669291
113 42 353656604
435 578 75732687
743 351 413456764
486 140 342575635
380 243 945569452
197 97 338130244
755 912 828516659
537 592 826231613
967 799 43265244
242 880 743069641
200 92 268844733
780 566 328474953
607 632 5037322
884 433 818674777
869 756 17902064
769 843 161516127
904 208 71807273
558 376 549828762
411 365 910006508
51 713 727966832
470 372 216272678
384 393 519503777
672 457 231749296
705 857 423775151
218 582 839073009
747 46 686811557
925 125 918762031
64 281 660407687
211 409 420176511
532 722 135639304
403 974 118131714
198 402 690734357
522 426 38686715
490 466 997088438
110 766 386613322
952 90 815355768
940 433 528880687
279 219 274726863
140 384 584075322
598 244 102295605
319 803 782664426
350 826 785359523
518 583 924142108
932 297 262843515
396 433 371832700
920 415 766090747
185 556 394384307
715 809 742513958
559 193 531969259
719 825 228890932
784 400 639347156
907 653 750020376
340 49 795996920
364 298 894130742
751 742 365553546
776 897 782380275
602 327 551474607
217 394 817744013
968 859 569124587
199 118 335329255
975 682 724750346
767 943 470003614
479 181 110748549
576 535 130167379
682 983 748138769
872 109 476328189
432 440 115705997
377 107 561845989
847 112 643412238
43 8 796153234
152 388 130104723
840 953 152233000
682 535 955125993
477 73 644581040
996 765 532659366
514 12 707639763
999 758 305021760
859 222 685982068
169 940 37609409
457 14 721676400
871 675 43924413
637 107 296522904
496 387 692387283
431 2 30828265
182 579 962107489
41 239 547207263
608 861 832955279
653 760 570021270
484 42 333745148
107 143 370099203
829 406 89590805
585 387 986043319
178 585 548424972
143 96 926605430
994 197 673654813
986 517 987520643
786 743 821389704
779 83 446815351
191 570 285392535
795 89 585551106
284 240 631374363
678 417 140551500
787 526 388765311
337 826 774261674
994 345 133559192
732 5 838256371
649 152 353008440
108 990 669848149
959 83 820692343
324 942 434816630
35 943 776412286
697 937 120748241
631 953 634984206
488 480 826217651
671 364 788359702
467 139 817573507
894 337 44503094
16 235 968099099
206 872 133405842
459 304 396056545
255 447 913047204
373 699 239907088
840 144 586604922
375 515 522822177
937 972 509120637
709 592 535213787
989 912 204842131
257 717 889915683
356 350 960798248
80 585 760584690
957 962 1230445
313 291 465516587
959 25 463256426
723 702 116801922
79 966 464617505
409 264 650443477
958 413 345095700
802 544 19641872
612 70 980605315
844 23 985826735
425 451 510877443
321 396 923150016
617 120 204037029
425 926 392552522
421 179 582939675
348 247 272356050
176 145 295868841
883 906 683577529
916 831 319435572
651 383 752345754
516 337 189702078
610 534 609625543
529 925 731503345
938 761 476852393
502 889 86551280
80 870 764595214
109 633 379227130
122 110 57730872
495 743 282685069
887 701 373531575
448 654 433332717
681 483 652405463
723 406 278707809
269 889 282676066
511 199 457884105
710 812 289819490
225 593 596610336
670 880 749641074
289 136 278744529
126 617 509814098
220 2 557074089
778 700 285936603
741 615 123825443
52 26 799236431
200 420 786223884
983 68 766867679
480 185 446560538
3 890 76139822
646 298 61561001
752 134 191298912
178 128 319186503
513 82 473300490
730 511 291101350
238 69 433428437
965 47 365739783
938 819 198363638
500 211 594119466
164 33 168521399
278 740 114521408
814 324 327087104
687 102 952488407
227 330 810742138
35 3 542895629
221 24 709309853
631 224 681921846
935 969 638038078
448 412 829051903
349 755 234795025
861 232 478688451
827 218 253264301
809 404 38558904
165 71 850834396
489 964 61345148
935 94 212754542
449 21 810282395
644 416 273868359
671 926 60891296
549 152 604443836
748 886 427374582
382 365 257433613
712 120 320186484
640 255 114681682
103 903 933871328
282 493 127858203
429 255 447873918
603 323 394875353
788 608 481260248
306 172 477728527
873 257 945402752
758 37 664824682
343 324 424835303
583 883 173475319
807 958 493703797
432 566 454476690
979 281 765011940
581 409 33076099
502 245 694349437
470 301 659930127
494 381 927510095
898 574 263594823
388 599 349840446
17 62 481195196
956 876 457348943
124 446 286973455
637 372 977764135
62 32 677982008
949 816 237678606
267 40 452342242
546 122 600693958
875 836 929104326
68 4 293631958
884 324 400334682
823 289 690104406
344 428 202311266
999 50 315422947
572 78 200651811
974 274 113488802
240 572 965471992
705 640 446660366
118 439 17155817
798 40 536846100
961 837 462710790
626 52 578636594
320 3 229189351
160 97 572398087
304 406 54576095
409 135 823408052
590 924 849821994
861 405 98030948
772 713 565006319
178 272 145468960
494 352 746421694
87 57 292716454
913 208 275050205
973 641 959816704
802 604 926540138
656 290 425777379
965 25 813551438
160 570 123819269
797 571 4079496
538 547 387498412
164 7 629264361
949 308 489892906
388 370 81839223
803 278 566939556
70 853 55818403
45 504 190486161
726 561 255333950
467 313 854520454
99 842 297225512
18 7 69892401
122 28 611283771
141 309 799756066
100 492 650822949
618 819 483072502
34 9 554112957
567 303 542736134
927 596 592096478
828 565 183132266
460 271 878988873
199 472 391014683
375 155 127946052
710 195 470468347
673 898 978218359
434 540 415310778
628 623 966911078
934 149 555254774
798 520 241800377
357 318 286892311
424 341 143477921
384 60 483972722
757 794 470554315
784 645 290100104
501 880 496347732
699 54 720951265
259 895 105393105
892 450 79928818
560 732 945318986
121 603 332643127
590 170 457957068
699 361 638222235
734 567 990188001
666 304 189057049
828 598 962828926
837 550 702756618
305 985 723313118
23 490 699196164
335 265 705408888
935 351 642898580
789 561 445886518
785 373 945152822
546 953 212436048
243 206 19920666
412 926 690295072
35 451 255962583
246 213 908641789
737 309 457638181
11 5 835279631
210 491 302438299
659 2 15890562
962 170 613342256
957 752 544618301
955 460 917385601
312 623 520266437
177 406 262717174
80 955 390820468
153 899 711498601
628 565 362279900
582 814 364262288
591 475 384277231
619 529 952344499
242 913 159491080
6 428 711428871
110 329 68503556
982 502 182805337
860 972 425001838
699 617 38319384
224 84 203512408
320 314 259652145
833 729 897940835
339 847 949284511
63 153 197220843
896 244 64500113
699 340 14645470
643 785 359837759
174 16 5933223
251 65 638384842
711 650 680958897
198 51 920451258
447 64 558035903
251 141 954056962
212 5 20498053
579 814 268802087
73 742 855287352
825 946 439269651
528 835 239078970
408 29 145462887
586 225 630850749
476 13 695060565
30 28 5858150
756 738 146199657
358 150 34964198
268 656 460422515
896 95 448345653
687 528 440178342
814 516 828841454
375 154 38906634
794 585 695612024
863 724 25985905
113 80 373380861
657 274 509949065
913 348 579024266
104 13 815128306
397 847 202977920
282 865 940063801
640 441 770184614
948 311 988833437
711 42 86918954
318 760 328576582
264 462 954042555
971 782 936723088
144 313 380216485
656 466 42222938
182 99 50299695
91 103 226816430
358 874 361856561
231 720 520439982
479 446 269754654
1000 174 975609936
882 39 921424444
538 911 68933499
325 788 538942409
461 938 382862762
365 712 426033490
941 591 911114009
691 482 282936672
172 61 98945165
900 842 605468387
765 19 378582994
489 451 149652178
108 882 996294236
837 592 874087131
657 41 413160489
367 281 647882472
456 922 612863596
714 895 997877605
917 857 638554904
342 131 37699052
8 5 896153206
478 341 615198074
656 952 835909472
244 77 240808189
738 154 614251233
93 49 99172057
539 20 211105818
325 290 975409512
496 95 463283574
190 564 529679358
744 698 654043408
348 771 835460116
570 595 233161216
269 716 932621841
860 241 694847885
252 622 779119119
29 770 94157723
958 324 973503070
919 897 924394133
213 62 264324242
321 259 671350996
921 456 899640419
375 532 243137613
202 179 214325351
79 335 900161086
480 550 429992379
343 640 766365145
205 678 673736036
203 516 603016967
973 725 239780947
718 608 437836202
447 733 962988982
507 460 324784761
910 385 553978464
468 723 786840183
465 172 749688745
273 680 587846437
720 300 933164270
778 22 869553619
798 340 546609671
700 619 590773253
396 691 267626801
843 735 981423410
543 536 428001899
713 34 3386717
802 132 370651658
208 991 153641733
707 243 432345010
972 673 663543685
390 195 74851915
420 729 102104502
130 533 350678386
162 285 287388909
704 649 973102192
895 498 270818828
983 273 46544703
4 2 604829815
359 103 419021641
102 288 279460113
702 130 155988927
600 61 992820030
116 647 19413738
798 572 818379640
407 392 146801011
705 533 322413308
213 477 366116615
457 175 110290958
942 654 866006789
284 9 381355994
197 430 936547528
478 320 687508836
524 145 502776629
823 796 695211310
731 401 662351592
250 29 62327055
981 673 221557748
503 44 784345589
672 683 689142878
431 365 929993040
870 984 584916646
603 549 985216383
736 718 901970762
468 879 324739727
874 991 283832567
31 24 578478917
134 59 281273316
576 361 421462912
288 161 614876409
651 513 742141599
644 468 121071732
725 656 359425146
962 465 665070999
614 320 238638946
930 882 779816023
48 953 502946699
822 324 251083674
472 925 816982855
865 260 383031015
932 581 989696395
485 106 35088866
153 127 649880750
530 378 762713098
208 24 958048721
708 819 249940905
200 651 880133567
286 415 196224189
665 407 336633340
316 202 298175563
729 99 872341517
788 856 247487151
798 831 762476792
793 1000 189543571
172 851 213866671
122 267 929083279
780 888 259546805
129 684 327485359
142 871 495783803
203 297 844330
769 667 839212760
367 745 91735204
583 984 448118617
500 268 145721852
27 922 747587835
277 402 565960980
241 583 746405189
610 294 299285558
632 718 937899100
608 425 475699913
163 59 699211778
829 240 995528041
538 281 627020673
101 63 655138431
611 924 513543424
501 59 562517155
111 435 131080396
391 341 785471453
163 70 986019331
530 402 249169458
378 927 153656497
101 819 62171771
587 967 674897401
887 994 347708192
432 944 831860485
540 72 550253522
630 345 950520950
600 12 682281233
337 187 630185193
415 715 11769304
537 327 713459289
128 667 905826992
505 292 432155990
824 232 555205153
462 663 430616622
129 851 262170172
343 987 782590573
87 934 325683108
600 919 43563838
134 883 621546459
516 129 394202549
923 73 373186982
687 979 130177057
453 247 4011624
65 35 555915275
767 16 945845078
240 180 114096437
831 876 516170579
129 857 233303880
15 857 116955835
229 725 104461823
383 52 498811964
381 109 897569756
273 644 883409122
52 479 194755163
741 937 579083920
166 94 422477070
667 53 45064322
394 69 617804671
115 514 541561832
827 287 662993138
357 702 25062100
305 31 511527481
323 3 966430507
583 414 989270104
609 76 272802320
53 499 692251711
367 710 368674120
468 105 614658890
638 516 661233625
217 918 122088515
611 8 158874137
233 733 179794322
273 753 290492914
172 63 36347669
126 945 313620210
242 650 533758085
930 757 479251110
850 769 316090803
472 483 157884502
367 92 773251123
405 38 715168210
977 824 386079430
575 268 993433780
859 498 479438414
682 688 201932619
870 965 829614608
938 626 509126400
377 990 270646763
788 985 714956650
771 792 839084994
831 762 850732795
257 163 210077024
222 424 475219764
353 82 639049792
982091482 876792360 349155556 963208739 537838298 117104834 115274473 138231652 418825162 171366095 102371264 495773466 303517608 400372769 377768696 501765457 742202547 415827851 699995348 712504248 276856817 108549062 28470892 773013800 565772765 872504831 203681588 978379076 288949899 740736338 715765126 628093140 638843742 631892587 539249323 43297682 665870663 754896584 758322600 430640275 207197480 314452217 230380680 20039501 998165614 186595815 873472989 618096008 845174730 428388277 721345009 197446692 443011353 491014310 535384154 708141836 338510711 127649759 574058722 585761286 378511142 272197252 553182583 620945919 439459858 627123996 853894469 619721369 251631373 696802371 568729553 301008152 748870267 894034486 509215756 941220671 867140906 945391176 378859620 36474703 488328670 512385651 594643569 750306251 397516435 219643802 450807800 41993477 752606451 765908018 557562239 714338113 305848111 660515095 513146378 615052602 105093772 411823018 774305280 438079453 273024624 775679182 404811626 987228333 902831383 877437786 199191445 809266734 398237862 301040908 10420074 801983424 54610925 254058569 525422021 757958940 324899117 530016724 210290727 748127156 999952015 483839788 38411971 376647936 378231925 746043920 698473255 603850427 875218743 978271511 751182615 336328417 587222468 340413769 280271775 577664528 208656858 6700677 623392633 66296670 602625895 666553699 38151539 516661268 207653570 66031636 139911830 874067040 358079371 346772935 113584062 139980901 140662061 625640854 650979858 622286167 362959757 755497489 302712711 847744365 801554487 515331545 364403387 398615501 657384319 539340104 307524738 163046201 966153616 289666628 703489374 458499205 481383496 396515175 182778262 57034716 502712900 390132665 752251087 852020576 407743102 119200155 104764701 900215324 132706481 620302024 184250755 729020553 46400167 459830230 765715377 66101687 153346194 717300139 876895182 783462947 71807803 279519604 452940215 919762523 357357375 833348712 808698541 643188961 350539631 778833393 403395792 282407618 967791866 401722725 802582469 99812006 18026860 356847345 797404481 681830566 839693045 169839303 174112700 881290879 746363712 889139335 469034514 701503112 577651466 809585633 18766352 86655165 310220072 674284177 488582865 86136647 478339840 76903408 133615610 622399753 939822309 507732258 92760342 122261065 986102589 748736935 837711133 133649674 975466666 513386044 145715045 532896798 397913321 921902177 710116609 324945128 684961786 485330869 370992668 288984532 975698435 505660413 217187470 912954957 388669823 791582678 689954077 793825111 525258713 838682075 169627173 693259378 890207647 324116991 973971535 564872337 884560817 392722215 31018061 390673824 997735068 331929159 979877232 148938135 561789253 349294428 39245421 675690341 70392547 572228474 270511809 6773729 234342531 598477933 398132954 2554874 475540338 506334348 909940564 68841326 753443710 17383169 124751522 67394176 3199161 879231040 148366227 899988756 451174076 123036409 110983254 344954258 656844881 327632634 547417069 753472018 174951990 85617746 318471515 178055537 210986880 499766399 78141798 907787096 383877024 75893063 898197905 623028794 146741790 829440237 736998376 708575850 488573649 801132748 521481880 503163152 726306227 44192777 192027267 50095583 64104353 589827911 719997424 890376186 639526183 784425693 563332133 336652464 908133636 667005383 961209070 837115534 367554720 495484458 72815382 12542510 287580090 721481858 261134000 180469572 722591124 236960801 768777602 686147761 285632909 546640365 940512132 808377829 114678476 543860045 891263282 519171401 817697180 764135936 166679794 611511808 664046919 759925421 204027379 34994090 747337528 592380191 674004316 25266726 239843601 370653326 703482151 263979263 696067741 479376660 707996151 254699024 204677424 934121582 250422646 207112175 127494430 864563675 196826192 582671800 472549528 519701259 241604506 765945371 471786392 663177703 877480001 751196109 567738224 407265729 257718069 800791437 669278267 39379643 430257855 918995385 279101793 800480683 511138192 488908211 781482567 878690134 211144962 243410729 692929582 382909454 108876932 955193455 487139271 808436096 500984163 547241932 351687486 907201966 446025181 878167928 689659277 749350981 699337098 773630536 691690327 55870103 873124699 183488663 580434903 527559680 933810968 439119883 424299672 647731964 46700883 283744834 52301215 17961882 42916262 913694875 297406583 709016318 680601279 604594266 710279790 480647398 321280826 541667360 70398433 542355996 708547933 818558321 920324831 317567060 239380456 230405089 978815761 384799407 18960034 933179123 994725921 733356738 544997623 420002086 554849363 626079443 671700825 105398477 375936579 185493584 937300841 320135366 645652437 817268568 803625714 398309893 705080919 426777650 410605922 542283864 109882273 416174804 265997168 83962371 369950669 125875458 135924020 408552624 33634615 38149583 63625874 529459953 261543260 803764421 733049552 286107968 270467143 363585887 93252649 555340271 925731044 90783491 277862351 854910283 681266905 835428105 888158453 672087899 278993618 144896388 553053197 535117399 106746612 32598092 156960986 78739601 882935858 994292457 701595991 691630067 666647295 821801946 347540305 275236697 58202395 861659594 963300532 327423215 356694133 595718074 845507084 552286374 775523503 92169912 707335109 202264452 884635456 674688112 421447480 675661987 378653242 975958619 650395207 53279254 645479425 41476794 181631330 499971904 264726691 149787068 566102572 862039192 672647197 338150274 549965819 490749683 471635054 716063686 569921506 202532040 767822610 451917626 634955971 82583506 989077225 90271455 228580708 94245558 856335563 702959200 229631371 579848226 970947759 350296956 613225511 938847643 519701660 329851337 827760115 663064454 424317769 641975720 647224473 24424123 853707569 601192948 619951069 754360161 564219381 239723442 26617575 375555626 653691848 923364471 30574751 269504064 350327360 732639832 457714661 469152920 583290936 350598161 613265305 433654440 383683245 800274602 874176956 143189199 854117385 747208974 522541812 655931975 709163266 927501737 785934465 835119962 72788289 608012674 398457239 527445588 391555604 717560218 230612696 870190705 336877531 716813497 580009908 584631277 8350210 376955131 195875750 343889606 544997429 140431424 383740469 761852750 877296672 540767673 301070224 584940991 618462457 647190146 168422800 793542802 728972907 823649680 253055 820005247 33435543 174313396 649072263 160313932 425006135 370395168 439396673 9360952 41821650 138931263 121023783 910125970 246551556 982066275 387085938 555971881 986449280 821648547 755402570 354297660 924828907 863569192 37825275 761027919 72177962 535147711 156478421 130409166 434796529 852040777 691355839 554890603 246352593 320007999 397348035 483635255 326397617 962628526 426167003 15981638 734453173 456274358 534909338 203351483 225557825 541854710 827337568 301970570 930519417 576349757 711591702 222900595 763086813 27658288 573371547 704005354 648171934 411630871 864886916 301234537 287886468 564090528 912783171 243656854 772393524 839474990 970588959 607031874 711754072 232644867 871993445 118066984 810504669 599992573 641281709 675890233 565080000 260625391 683612059 750064210 772568335 160238583 483604490 439032407 446916948 312062771 941683612 634801370 599418572 787902136 497700764 754758812 881816977 316364396 476750191 988634121 989219252 41118222 441692399 988133667 805684142 380204069 382920620 189789724 345582973 9794458 4409096 990515550 926206826 231211326 195180359 342464781 955499392 906851391 911010473 573950622 794343676 405334222 959466971 161450051 273317861 769271813 942794307 509210916 525003912 100414764 693836049 676385484 538542596 122569670 358840944 639904925 528653777 695309635 196092092 95189994 550024971 359360800 401932346 534823835 878638342 307499350 27982210 442907107 58344190 456252074 685443649 468144731 262663281 438733513 818455634 693456624 923158289 544431729 908301165 66412969 344486752 652700477 782541883 755459252 91422467 574803931 729438326 503964538 345172756 491484066 983831471 19742186 767451597 531057709 750943574 917519037 68819098 575811675 111700847 111999703 231744402 405656647 389726614 264783138 955097455 355308331 19329204 19006280 305472079 730500326 268418582 961785120 254505643 719898859 502084617 800874211 981347373 874121021 844200665 584869025 389833312 821757613 26604455 835227570 385602485 277279883 685133770 986756494 791747640 164092580 70646914 902383367 486466596 30012755 465135498 787637205 92952098 588736063 769842734 496209299 475610338 908120374 387127750 215204540 361124314 252512689 36873829 940103226 352840255 482499027 468723079 275443829 499114956 781376088 193915870 635410542 303784929 657270175 128818070 818157925 264011511 626767348 740356956 711871435 217001722 242850586 768853458 36719399 303463188 443028263 27369946 869036032 505195927 274307920 841806175 872610992 741497753 336356816 494569235 159245948 267360927 181586331 775362639 18741159 760187603 819181420 393353424 778060683 41992757 428569231 573576872 242514016 754171330 203650640 29529725 702253786 486697900 331233116 909146134 629868375 854664439 656293698 860973364 37602604 639271370 730024723 449126375 233663691 211524721 754667853 206886039 673981716 889101850 839740317 295931475 280189007 608219673 726973292 933602577 798297217 8664046 791715823 72812390 724224385 378061573 876703643 735327658 260453782 928071917 927781059 180285682 299954100 536405691 764811601 464973243 533247053 439397294 404289672 524979488 642169427 864152315 180267962 424343995 595414323 310141866 911036760 548817705 487974890 799364756 309477253 846757067 202718564 300650170 930991892 652037653 794147202 853759890 570199250 340840095 287461618 910758306 784881270 816916913 124823316 646406291
142210600 444908919 47590816 416813185 811753658 180213667 814289908 124203608 243768619 841354813 376301111 254799949 81490441 842039272 381035963 352033477 143238617 702065660 210186260 55884213 24910679 65907657 79252330 147599496 804024883 563562243 604357760 244584663 419025109 102189503 212197693 28766313 231555316 902969299 845248179 339049824 780579361 589851247 299332958 941492482 562483873 953175392 218766994 932253193 88018704 579563178 729462584 766503866 350864380 221563246 661122364 233721657 64638980 561814489 796306236 171302050 474876858 168380631 222845215 174196468 664728007 54668127 449091482 709802187 397370645 384384530 203696212 672589953 933057222 667987219 794613830 197199697 123845280 654002567 669104636 475264456 568774568 587571030 139461482 384965854 844209414 838751346 793549928 566767175 268908738 659356985 24770859 97366144 736569018 577155754 144482277 407803269 318722478 465874805 210771595 559083049 315707392 465307054 962765389 655141346 591306277 488417095 507276875 144764243 331769462 362339310 348867688 664658221 814551537 292597641 469282888 916431259 583770529 631079293 577290505 77831193 258311835 355411841 73720452 699966366 459635516 136949642 133864201 281697157 475600594 636722004 910295066 208674524 134630410 690874518 948738672 287522647 242481436 534270975 490963041 140457634 8070768 573542873 576326179 984620397 393531278 155254074 262411508 23204774 95231458 803483547 435369748 403072499 285742106 122033943 203148181 25370259 94925232 761482538 330408929 757819987 292031304 876477361 684393303 952584677 54561328 249365476 775844858 430773173 49038227 257351191 420769677 153423681 420000969 728103954 419178654 701886573 79385422 482511063 90422983 516560879 994428278 689651187 165140612 39926701 718346877 205508961 703624666 45945952 101780869 357323441 340608699 982197620 332921372 948205773 639569939 585322480 404175514 244250571 690187486 840005031 486172808 480519103 648421369 389428715 279543166 749241159 740659858 273964726 586233797 858904682 747717903 575893653 272891741 171519984 935422305 63383788 189934764 333536029 35102015 37018922 241739164 702476178 76365525 50008993 159473214 123406530 732386001 365304765 153304311 946481674 829504773 537728071 835059952 935767924 319340677 668074977 79762800 935103792 594231850 714872575 14484345 867989749 559392432 533566666 882556820 181604553 733375394 122469865 617739544 310375670 762607772 538287843 567541605 30083180 89328818 861239383 708504692 390302659 2557493 759840586 327338254 833480490 959237938 724651072 99797022 965085645 586157844 883999774 721126144 441000591 306948918 93130 836127015 76484490 488163160 241364635 54202328 71328332 205347527 555165603 399212270 335648728 389373504 265268952 712146196 698687031 718782690 673732547 521362633 442820962 540825822 98379805 730795645 60386100 497988895 838620200 973628980 151755638 953790879 201840612 73140270 526771775 918626023 584726293 110950052 893721984 504446712 229305280 989416110 397294557 580745100 674311380 278120816 280234372 290089400 204471119 408797884 437515142 650747143 969130678 726912767 609346177 697870083 852899844 2207702 761087988 955743766 403758953 880569142 342804151 555456078 975271586 899084999 489412574 971358181 349000711 744406929 672914751 153732206 161876877 303680391 651776174 921362284 399757031 236272459 704682093 680256493 22513657 618854712 245587339 613353924 930629091 922316546 125048967 654958099 489868159 115954237 134913110 99419527 357163289 386686481 120571896 501981145 254167439 223049096 106001845 487785669 724804316 924586417 121634214 451538039 437514839 10506988 221195075 323822219 943467744 722128571 70798782 278281024 139217752 969383948 987793635 806024085 867199606 425578226 238513234 405106637 402829445 618025471 858484048 422681272 831447975 227028538 759264135 198167178 709528300 955534560 725097090 176718201 810924877 696032458 97898965 219407658 778928034 857577648 990808717 435881185 989152902 114021204 709272169 437091725 604591354 626637482 51116665 749772875 715762639 279239498 205728821 306016791 675029235 216286787 203635885 74280581 788028755 651941934 344089457 581068928 873921289 834452696 166019716 83902584 313574848 591885212 308009114 97820761 409589921 165439496 474689691 618184528 965403486 570581902 257330773 328000819 462811337 925994507 752626334 908860740 285306927 198429976 953301429 658241202 696712821 533521172 705809266 449783202 453952331 978592958 338228791 254138418 526636194 654524788 202223451 860202918 185980477 781595271 963630120 316211526 32881054 159525651 731759328 351625620 639769338 767355955 163349090 509073785 195011364 348523019 819416168 110832934 365132012 542061872 202494121 172716465 303823558 187634968 46541257 298650970 78133776 13754785 617491429 431283186 152512064 473667340 489352716 93842431 818699161 999031555 364362053 960210319 192595386 569783720 88366157 323782674 871101494 387245260 463913104 584687702 610520752 421721538 323170255 492157206 10563501 613633458 773526248 476657532 650483210 136323886 377773402 443563145 384181591 37187605 302345349 646575468 767476061 593502498 337693454 284069455 447919852 395586898 27282793 90930852 616973933 537460638 383834074 112672712 935368389 945317961 521672954 382651423 816186176 540557401 139446939 778670160 573109370 980344944 783676606 857040114 331577289 273443909 276073135 186532209 799441082 50795609 888812553 818369212 783843194 132421285 160660097 757971821 846265533 928143714 594479560 508029589 457332894 741260286 142595656 385663368 274341017 153421562 734809021 745497851 692757906 78691171 617951578 273948769 376194995 249273683 188473049 358332890 382366223 55170161 731752059 298335882 882545685 215374842 741268475 492814465 320239072 598777980 505032085 480575249 442092537 699588953 627631920 875079620 848409917 557635332 851531276 539987269 42558756 754247234 800431404 65776195 765359653 171442899 873499790 75580707 199755056 705181836 244346151 10891428 345643772 111187054 607325101 469664281 51367489 508483335 556562269 69235025 836165813 990308389 34701827 751215545 576624411 776703725 246585859 620663631 588474340 683409783 719869089 588295089 604903208 617807819 906379150 964351629 612514430 889872127 629397327 224307172 52586706 404535779 881744414 992222354 92138826 214566440 396936246 796292057 964044896 232487052 813010397 897143072 853741200 359941737 997183360 465512901 477499301 729357656 843905892 353624620 351226666 780624674 261480146 383110485 927462597 473919818 774716460 27685810 75889515 519410504 68754535 154796215 72630627 340742802 579027242 515295172 27871944 154103857 649255217 485710066 73980560 155945202 233029420 963746499 170131759 438215791 917606279 50377037 44581980 897070410 192351134 609698712 363600954 700088756 220958261 148597984 653993213 808584932 821634861 847830800 754600018 171627461 918819998 115181568 822166410 699188936 494157867 317021524 176630750 117524732 484802230 676589792 181022715 708187587 705047432 480169189 604760736 268909914 891034153 776716569 197501377 630636124 535150423 335665048 553492652 925159193 93034120 480837645 37806667 678409771 297315887 388961702 261759791 557145374 248533720 344294200 461566298 358999216 523402152 495196891 41640300 737466354 850613001 510363329 775925635 624656375 198699813 788285834 474969109 883256830 807012118 10831507 977284633 918408748 834401476 591941232 435373296 669772095 46555698 531211995 955292874 881389687 515521266 158492215 951401341 226470507 775415041 438685600 408092442 814870504 521264879 840959695 231036269 646915780 456148008 215551136 922629674 333909232 926866081 429238011 70330826 604305924 359700712 32226947 477408952 27654173 683091891 965599391 854767986 837560574 951576335 696256165 808418732 41106427 121226487 397449160 518934312 815359509 978415100 966063711 780892844 345604081 243455371 942071643 615485612 171589219 642463581 939384256 913459914 487741574 550762325 516252971 340588860 423274631 511900167 653280776 340753835 112061647 813350085 570528297 357880771 47416604 416918278 361843336 835966718 117219651 907096156 236884506 852873081 428498616 768875032 106244688 746403733 975314828 621940544 296092845 537540147 945015499 322585175 156336475 381545836 603222378 344255720 543828523 44114433 973511998 284851664 111882765 116713549 569781931 738983848 634892660 455030609 210776133 144378058 672987110 739894924 112424451 838280628 35142304 829993446 988290097 735286149 286692092 820269717 18558522 126834955 93692118 896161310 105992509 926093201 643281063 912456460 648163145 458315323 87453047 776914243 279875063 426709425 463727179 556993338 229974727 447473073 199464134 688359815 427991830 435092158 642456574 52889165 710147080 955123321 119631178 849106538 163361547 629764105 310508439 243898935 586059149 672320804 11655567 322993208 447017080 12173878 17569371 888976254 461224017 912665548 207873232 912972580 645443551 440699836 243640870 963317471 446657499 510512658 342346334 563190904 518974720 565177787 941596190 209823455 713618295 196413520 987815296 183426404 459081036 190628154 820512198 289438821 238866034 264522513 620202869 26963532 304400100 991052718 941530935 174949843 865718699 565210195 501785630 437795001 195282555 434465030 818643696 410484498 90100285 721104951 393570432 930006138 500402995 245420455 621844772 934891823 742992896 554187954 747204698 316799282 229030594 298060516 195064369 897654556 629945119 16166126 427870367 415757950 396585308 712178121 219701577 612647227 293545157 552034049 572538552 368013862 642098012 511304454 956067481 571792542 404447853 994241554 988371891 720732849 855741989 177095148 694735223 826252326 76250624 264963224 272778568 7737885 58118009 505318253 288010116 617407262 708084187 28783462 405608913 415337540 658967460 218054358 571923741 639761642 872240713 889431640 194567749 942346097 625696766
573300609 788135149 603629613 627949769 44198150 584672196 648972428 266959145 607398327 180400740 416636146 605789089 606133855 700731988 792087844 790967831 602883130 781380279 565214889 854635910 878011606 457496370 496340683 798291675 917168804 919333004 128239242 650048200 853170400 9412872 84485504 402953855 510115308 971142967 535508099 670522529 201147344 904024286 533112743 390257051 81088689 462388503 524769549 515707901 227119327 948038250 283324799 139967148 620378708 689831319 268506013 132507166 441124468 277936236 404864817 456894251 220445953 321183185 763675725 429969590 858357156 888844836 991025365 922342991 439286570 688700925 196785126 347819077 112582786 101054632 408532497 573807541 318985644 130584950 817528168 109164051 499338800 677863492 354204230 65964251 526149077 279587964 37554879 582116780 628109307 568952871 219309764 858459649 914647509 62092637 760323597 83216869 336008355 244125092 15006002 733636572 68452027 962448020 268259642 668377089 536641708 41202082 102309559 257115758 141719300 257798786 343940207 788174725 37834526 192699009 416052475 653143495 913027349 224319326 912122702 509863782 104919705 421751582 932575824 22070534 518546098 15872066 791447298 453041957 783047542 959637105 479217574 986184826 690998266 464804806 15958712 386713021 970722826 961571195 114086758 979519290 845144065 632666852 575190670 328858300 653749933 708593463 391977208 508494473 379370165 938883065 599757221 403998065 410433396 886987501 900949008 536345423 606333319 375395545 14644046 348982059 971350395 84193345 183442964 205221813 643060891 740482045 480384609 298569333 152134084 211858951 888184648 907938249 700393092 460151334 379963208 567832632 408759946 881310310 317992039 52339534 314426996 330708834 590327020 731674585 221777863 588351731 648526859 848330302 70899975 775991809 421018686 48621023 943577907 923934951 397440708 151794460 903126303 794943484 226740428 134162474 501682677 638962853 632816158 824769076 628210313 166373147 856178350 710424976 396088563 925256006 460022445 417535065 374047843 887775563 369036259 51369982 108325314 623307255 917025451 931511907 814431258 312093443 653975410 850598130 283186512 990153187 721803242 849257219 21179631 220239917 430027270 432481998 628853658 537072321 876845187 993647557 347478915 375412599 426839791 97549853 649550324 349951459 202211449 409508362 76357669 679478412 221650909 529876190 131261086 958561321 347381374 818703698 619951101 877370377 533306716 708118820 785964473 341913420 428502008 865930825 21888797 801629290 497522335 426816619 28035330 525757342 124958824 306367339 902946411 378052886 249871079 740620932 363431297 191061405 33377476 382114986 554800540 81012034 206422047 812049771 476361940 521309263 106512697 928457045 926600243 744023881 908552428 150534123 43941337 717282135 311934095 920317743 946005686 31666678 493744234 272405537 874575434 241005765 893598396 558237982 682993659 931535522 18932092 526013539 915591881 541903728 138027500 327454519 921243361 188758990 97229245 592893423 944238048 252066829 87797764 6328230 701306805 15078 506909143 315890210 936001203 407976719 608310629 82139917 701124701 246650403 135763430 187934488 275224043 509050074 586910542 667756057 679439454 581784687 959113566 197606329 759159704 156673731 307800438 225177941 390834643 90014015 167953594 755834930 650002714 535757142 814744693 864005735 912459182 6341058 956161729 963858061 13250775 728195116 813236627 374564614 582279167 672351607 64763952 624537515 849250451 536295484 116112077 706804173 4127990 83814493 233204537 862645754 388271479 297672552 886915800 143067180 591927218 179380176 909982149 371520199 921149819 593269953 316752975 827323188 128320096 706556803 804865900 712351217 286772496 37027911 340966236 186321513 843276603 802904528 155325032 850912543 643733446 647173580 843128009 341664021 373817546 349740985 17187479 897849897 390213732 398444326 738702477 890359146 97253149 430578594 893061047 116606578 598354111 144401470 575874783 630025746 47698230 376892673 68517317 814519046 961218668 416386858 704796021 118393528 538216310 606127531 206078836 950322783 607172285 11612759 709904743 955320690 501723549 407414111 943960565 689202257 380186363 649122455 892733943 318619710 205976397 848553007 671047696 229853946 322943109 163048903 70453937 677760569 681694091 273228931 574867794 508460169 789895078 595247747 816727275 283870796 883553219 628375654 951406593 110422349 592212177 390018931 507759105 750931711 652476802 929704310 911879235 886211226 53403527 382990558 699549975 360772057 173880265 180480485 673413515 993693036 156963963 525898476 275685539 264137759 807272354 391700281 700754307 727762820 634159395 832584919 776599253 576807648 244077878 682985196 310313288 736353021 286255613 412724229 138900354 620280287 894642695 438293916 882475883 709891666 68058604 468349606 468607362 227463631 890154296 202027144 377643892 615341712 192298840 8402545 766616012 14297958 999994410 904079289 418861049 389645912 433845548 626129476 430715716 139395491 344532836 988719259 941580551 60057170 743346660 631530015 25949899 979056701 583657955 647439046 722898068 936475576 599168306 461979775 267614151 17678307 685122671 228068574 204046220 705324790 669213939 895280914 538791306 477867579 291877450 167285818 260356272 930327382 337317957 321032486 980891505 628871631 420534330 751960565 104355280 169896520 262676826 91716228 576374345 540222173 993708181 521281072 767442433 437614403 841274171 985142216 124799509 525461286 358956279 95533898 670610036 571161027 440362004 374624406 120336974 898730489 35762511 416988019 702426996 483259909 222952241 220913094 520773052 901445073 596297178 544688165 95145083 724311019 185135972 419324347 54022527 276708686 907885428 439414738 492842145 712346038 603743666 309289561 208331222 2503783 841028613 953631556 170649762 337277269 467174089 975933185 764625005 926593978 606996962 295216964 486433706 671094162 425220508 328073195 358941248 311450315 275352713 203932594 674193267 842874854 503245984 974442142 912427490 545069936 940442740 296640705 756377998 39081283 777171266 447659640 288610250 438347311 350157277 532076757 378595394 981383827 480204062 841376236 596605441 795522058 853560320 518842294 262286197 974302703 64603182 427825607 197120383 953832368 673197551 715549289 261656828 51631993 534462501 892340724 867891363 712583410 948077566 536337130 482602201 454348593 228775267 511395820 960894291 863915584 333233434 385001872 654798413 507563100 149774398 119040053 591784064 519858972 708141646 561468700 662643645 672608561 789529643 987478980 967922024 402331928 195737882 170336116 174564612 569805312 948346957 939034180 303759993 38369700 4568803 487930345 750816705 37735221 784805944 320786107 544734904 50179655 127415606 609350324 579295062 520357138 640006862 405545491 338188882 838591021 92350312 566650760 704151345 366054587 550923655 771685134 951730142 397981120 776070552 951850998 341026998 231474010 892896992 368582311 639212559 325365861 789651316 816019776 61893937 637520675 814662191 237796940 627918885 726728458 860891649 118427413 549190508 466897192 88971585 458252715 847049594 335467217 908007284 686478805 992146557 957529924 501499367 813758557 983729614 835143358 968637209 568796885 578684910 525907253 838805493 672272454 363990955 325165195 212049292 92056636 102347015 875338167 324690289 381725252 208619893 434021425 396071483 561529185 659252530 218694558 544148191 543231320 267690181 768479559 346935428 546496633 99022987 140898895 505229292 203717235 108551144 382948305 417359559 995538375 880696926 253323288 9375758 511892400 583864614 123206841 108102224 849133899 814461475 150053389 171003787 74389958 211370839 928420385 237574188 399469592 852607253 229635966 82719617 817024546 310612729 245205540 739746331 858655304 824097469 976526286 848521076 290358471 186075988 975728813 272649635 489179863 957914053 858477078 228280858 817311911 816938363 371321290 339141472 901746167 824256289 606763783 506858120 746053032 615177211 434973308 358264687 746327333 507026082 782710709 268164442 397027381 568614323 396350983 801831066 567005650 376979570 321376724 560288559 181652768 156121917 547918848 913563556 714303887 938737575 340859530 977728719 522756087 270777189 945573602 320789930 416551976 923591041 518814011 929540104 925754600 986231159 792725388 212835697 478852207 743322145 380593403 770078508 790418587 366240573 519745090 131176821 284218342 983091409 36275749 605178107 604624027 632057277 628502789 48702630 901859947 737211136 30476612 312557089 760331018 421243492 773619923 902393214 316098790 997317363 115180349 366221638 745541417 650591205 392454128 949280703 15951275 20535301 605577688 735247746 531398100 805106093 844636119 258303885 602003755 472346283 689781088 890180619 227245076 110322084 893008384 831893008 104192151 850193235 38224631 566113309 395177459 105325571 106426357 806795090 486163207 689607888 40723587 824471133 211562999 125078709 112174864 439047602 684751323 104317562 666783085 898881053 780890155 191925451 356633588 34511094 914478311 917481197 997624007 459285351 810805092 466325349 389130390 357235931 754580246 587195981 128144382 427951660 532521512 758797454 216277910 135133616 534098656 570734970 891285291 312225188 53077821 482109888 535450402 883586542 505178724 161792475 21773173 428515036 769620935 909999980 689405397 728347484 844867857 436344218 125481905 551527972 805779047 297146648 318420211 253545628 976552714 107859016 333804192 697085856 86107013 542489520 219381549 856828794 438953141 566028102 9093511 198969576 486465842 272876513 526878126 840464850 876874406 615287234 706296572 593638734 787201121 159371252 588133159 198505438 323915742 816013523 192149500 675118346 853741882 416342718 385464392 592517775 395983130 718373416 801435676 367415676 419452807 788910535 902193073 400096715
488934787 115485898 185279918 870775384 818939271 427013183 486275209 19704148 176152590 892350222 866019103 423565366 132624108 164812373 581033516 935577381 51578636 856145416 589086992 869692069 471859781 595242820 697257923 179163010 421336698 102538466 4065021 712880351 975023589 429903430 638345288 874790373 10047974 250325949 842151317 894901177 596706231 671824568 902001905 61486663 89298354 192880939 766847231 358840505 743720624 880512010 598514144 800170030 641223874 801254394 181313504 867064815 860057858 952646914 951983919 88446848 437865706 754028883 346178628 752701350 13630927 903125369 801950024 673657047 761761254 820185614 901972582 791206550 496776235 478227740 935011422 223419130 355305783 9365887 595389369 672514970 396305475 725724580 103618712 410496728 794737273 990421635 587313700 804629350 384967229 723812310 861562009 598759572 864704997 252665021 957026079 28371528 549149415 53289662 406701628 971995968 454940646 474308156 684443166 337734625 643954916 893636163 804417704 352311579 144760051 949851420 725274172 228411526 681737485 449195575 91523549 403518696 612220991 69191402 850074070 704988870 741526449 762254299 811623314 165841501 236220478 66348794 426355863 419734956 755573868 698179889 140458317 935449262 427859842 552148778 305008190 494903294 426062965 777481819 373598078 308060059 132862627 222635817 555757728 639331611 871940443 813572483 221370071 630444891 119496135 213366513 798234207 99288896 344104508 329657699 953352279 480116195 907925387 338140456 862211050 910915860 565119279 64605660 760531933 678565395 689797245 127641476 466781530 277572313 370254079 372793304 525529780 186652711 550094699 355861909 961775398 850680819 805637080 298690482 722054426 533536840 436378326 385682431 499970540 84252257 216931683 699032906 772837742 196495676 667244890 344697096 677565987 691492637 364273119 682620758 663857717 724793230 930809886 61308501 98305303 605230984 385058054 811425792 767125637 47084226 460803619 721450999 17324892 64399640 890844499 347048448 419338748 693076859 284022046 669249755 871317666 815484060 79102386 883186147 329206230 943704641 393617632 685690877 719193150 242841269 871228603 776976589 996839235 477806096 470442145 455603691 123488630 474131394 574408006 532494318 190666793 643382967 640618377 401238030 682625502 444907634 833170770 640429403 801235886 414416513 394707845 647071775 174158394 188459773 946399096 421967445 442025405 410320105 386090787 304264816 327130234 993437560 87553606 973372097 499242732 33376156 448526085 967755471 265552483 188146013 170357842 147933099 243256027 54251875 389640611 208901462 818242845 726574454 190165562 964876228 639342930 532835134 833024902 427425237 731685679 309143582 308715452 663559768 783737709 274617309 588218751 611592057 88092196 78128594 791715492 227990446 517360018 117313892 142376659 780428654 447565852 739783588 509955824 92369805 211888929 281790332 226482402 780831722 341904489 41360495 527705654 189288183 478395828 475986849 566888297 83026142 734593534 711412823 534272352 546186555 854936830 190482409 72689793 830335530 289635994 209324518 982979543 618089477 484220861 220131412 322309816 997782610 860947750 356900779 835021452 503936302 401837894 263316523 363813918 406756301 7657384 50268885 794751717 741995987 949475727 559816577 306910649 167070832 777561261 80245221 526186617 717429847 343949857 696098452 664274336 575312449 278906313 99096625 589573982 107130972 255605159 281474078 679554119 4949720 678083349 901909261 510504753 772041359 205351053 924281241 6756570 33476367 340595107 510879314 517650465 690305826 159523065 679996257 760590162 400646712 681335350 380298925 826277496 349069243 804370528 877416323 436886958 210391035 170858800 345690448 790598373 393750974 130674151 577151093 972069719 607602195 352011044 36905296 264767390 506675979 747430190 403973147 577696598 711474781 906354724 153359107 955207378 135291507 516850478 134627908 405444520 365574468 317729420 303353148 996839422 948011293 500488709 296487052 141885131 121376568 606694208 263410620 524638088 849065051 113463325 645929963 961636385 697927855 525991758 847694473 606594522 28506329 20041611 516873044 132874351 598779500 901118794 392703159 730092605 516370687 931630327 723453346 642816866 334596161 825027654 886933134 121516888 577114261 855194525 961734581 921678370 92251955 966979863 433827826 162987747 251854057 56756704 360603175 501122467 539398744 806342365 356726699 433985151 68217980 536718837 188832324 889207148 594150491 10403309 492936927 372531591 229271952 458734379 988601650 922607317 33910164 115150839 450932720 584885205 748900488 967307317 252028014 250686265 345215988 98600844 767253073 134112235 9737419 892459879 554325094 218048946 267036808 855841492 229118085 628567461 93180311 480671150 237877086 64091823 78286314 268247279 664679956 688560902 753993846 459036570 685591345 227557078 395167104 833169651 647959617 990308395 953582084 95091725 377577136 144152436 10047416 469729386 118456602 723500261 183113869 110900350 745210049 119228949 290737024 94628984 130669069 661110240 779261196 561751798 705807869 168196099 70487962 452442230 270248380 964632563 409822432 431548615 681495222 306191779 543504342 548461599 332797496 128457938 662065266 196934453 642534638 838460501 548515257 751241585 844054420 983788713 611846655 660740880 117906599 112290750 474289062 601926378 965133194 151555616 720365700 868696990 244506705 148124488 224187834 997088222 491972832 759685534 90596181 138383894 978197773 367144678 936860118 535285505 729054578 938911067 939265538 831947731 263084795 386027862 279759167 677577990 547332932 215833493 548166299 413517961 263312545 183956097 737920001 298003906 12196006 401993627 67384575 607207499 693532988 493697416 445120097 650311091 475673823 829246027 34164400 197012386 259898103 743021869 670925336 895410277 705923036 417322902 263120268 783304037 324030410 146488989 375334530 921791627 917786730 586786103 947724228 30279297 578320935 269153463 64485718 286135668 625117438 722544217 944972731 552151530 3857663 412570818 90071598 129899249 192902007 623234025 658067304 518033165 419973432 12642590 918215441 542736676 506159816 324886269 271555260 295191164 808950882 861748962 63884076 793723170 463844878 484327380 398639749 724533713 382675896 494335781 647796590 334396191 990569556 512576154 887594899 638573020 234393381 390872477 825629494 545053452 824559171 280565795 660169822 251336316 896514564 214034737 233860887 752796366 672536494 948196919 878083664 550269369 918541750 767667561 580636505 53291936 867018195 7517176 528587064 35571325 352164556 954167588 332753007 395133805 526496990 175616486 636796275 10686221 266486122 421552818 471964213 722727497 276635776 595499065 280993396 365828706 481280310 886871747 263746838 488119976 527626584 709733189 915063504 479615002 246630612 964949818 305366650 790143584 383592147 537770476 73647265 641553263 812499136 344955154 784871723 485616575 786076256 135662523 731258270 278320418 47078212 48219575 34406938 488344059 552517221 288961003 354407458 930111448 241145268 645032966 359419483 72933973 636992953 904422325 516516772 814273950 691384839 251073917 331028796 815051556 651666266 777520525 595637880 983992948 210072390 360122243 660516519 472250881 624145474 491348992 713052881 418351523 334284029 467078592 186090155 279660455 472301820 234713738 707767331 758117313 301551717 344665216 669027411 532735760 271718050 536966634 389083284 311033249 851110140 545746036 92238851 521541056 88357006 785645948 462169347 409641757 200580457 851722002 342364432 760432266 869839956 225741287 461055013 848689804 468082269 89841786 635046845 969543121 501323773 988086939 256381121 90729654 586573920 618458119 569104607 420889395 795646312 397145360 146687711 343502645 883477761 475644427 971136077 647554946 716408638 307996173 697693054 327191300 730402493 126648964 746680785 267660952 431758638 761636331 943503141 944265036 521609954 880655627 700524686 863380924 258762172 911269582 920590431 987442420 367500274 809376311 975610130 299934588 244359643 362769571 586129525 187754559 233857630 305609860 719479194 97667117 25823696 217644117 48860653 41213467 533693085 191477832 364540991 340082193 128092202 994953255 446775478 4405984 263975538 573189284 871393536 1610320 37499775 813034338 492212806 333128548 54615728 845481973 556245444 914313649 373279229 7814537 71359514 295891342 688365241 640007038 830885743 560097531 489214005 432267609 437864991 68843407 694531300 91975221 17696373 744291333 106764218 216319067 568110422 22807370 364902360 849803412 458288289 236763797 190848055 476851935 995638582 123947291 187541895 324014870 713528783 502164702 382014518 247242757 235620488 145143092 747626254 135882689 954467533 476186780 832323002 21531253 400416409 590532404 188602399 535175328 64809922 438264597 28250888 15964141 151492827 626694902 44724727 371554325 60444438 627451173 714885446 344086269 751216461 219531086 384302821 960826180 645226411 4751770 919824549 96361186 704616396 984173736 598455450 553230661 603976113 728715043 846010690 739581273 168008199 775607950 937009298 778511440 34533300 880997796 559505644 225229809 102867803 558940821 993976469 451983967 53613594 939998789 485441159 464296493 119498138 547429982 951638626 554748780 686600834 719031251 560909405 632763507 10298055 741371324 196353631 825866628 537002551 295600987 33199779 18516379 484232390 874565411 494371194 791882505 26093252 289915287 870162189 73048770 612397283 561786433 27622777 184482920 816487035 353493025 327531255 587492230 162362197 98832539 574011493 388243195 283435164 302748648 791000976 66536404 783538283 220417123 937645417 244203954 998287400 722768349 801601382 192342744 321996572 871209969 428210964 992907643 16413877 787827844 649792943 718280784 160481976 693915556 129447446 202965040
761975087 646105404 454621970 155712452 186462344 200577792 591655527 587225871 311227032 725013099 876455468 2833651 479306017 119993062 740135613 996449802 813918224 224068383 329118712 347121673 698197488 120856987 528869609 973238308 227739320 26545675 362135068 412865664 155905641 590835613 313810362 352193184 738987927 482816741 216124550 281280072 537321578 892454591 395043751 540560453 805531168 339874943 429119633 576271621 198056837 231532505 787422712 410141065 272141365 330675510 765676382 899014337 323262456 313855210 188534995 978253973 729633601 285321776 507921609 340846767 864451305 786896565 64566661 252982269 765307445 462080856 506999772 254985802 27044429 508752580 193749117 981550855 475744190 239871037 863333687 398198218 755178343 83972110 287701577 999502016 38292475 984377365 877050827 108662971 132192899 363616133 529365258 395511470 796012018 688905642 241687917 262057321 673817733 127963711 708980887 710333109 679860939 134623104 860590238 797649022 373391846 822099890 560854380 572396889 418763841 478454587 689929095 908790501 201483661 985343754 563212326 873233137 380656106 888855827 357636 842259031 568688983 628087246 747423581 145533667 794334659 561572910 366922414 994483194 669447302 340408779 292873580 867051870 221829068 497586395 204926210 455181464 13353749 672236802 871823600 954038215 425045716 921272064 488162205 501234999 572016788 20617103 506337586 119042899 412425198 320533844 813819835 982783511 556579269 662955175 118576936 366059860 96801330 847566746 192592665 56477067 374613069 750615271 769733293 872541984 918883239 603154693 797802771 867491797 731348012 930335855 604855397 999378530 994756857 842263691 239876261 359700472 458858952 919604941 146958182 655281416 222451104 664416200 512888513 215880932 975955581 252572674 845124534 638994793 612321285 395814602 535216726 546285896 197987518 913428368 829016106 382830150 889796051 829653039 997022558 616160048 827242345 377738115 693604062 778857675 525320953 744854715 15733377 474916290 19505916 200101644 151286993 857316240 44584548 489771605 487080900 597309780 387610124 934694243 500330807 329360457 970887646 841458626 791893232 418222847 737034226 935281550 640041349 137730182 515224787 727958596 177502573 875451341 124385141 465965804 922434102 623249157 5180336 389348377 667141023 934097401 409955922 977704752 906152835 398814965 629853977 266885309 682316934 565199058 535467535 119430948 671614649 888462850 259082953 758466888 464567759 562108070 593707884 192235867 587217879 522102265 949838735 110871375 606181776 622700441 787299717 454552897 517901354 222123163 18592940 342738492 231858566 628760864 174115895 487892322 82229956 17264789 900663901 32776734 355449046 270938616 925218422 425067435 691734486 507413456 447394822 132176414 536829462 794452663 604991443 970454378 454793111 599122520 511924379 872718595 242956705 434968207 901576660 918030860 374248750 296849003 105137737 532584051 809853869 106908820 370755686 965665501 555273682 820169997 317612786 487852914 316291254 668593625 14140888 304975078 720453455 557692659 963559693 527356441 692569940 78228254 109178611 97270127 994850736 686464566 857002738 577628317 590436463 715626876 943365809 410506203 980802831 912401819 342571283 969969860 470515312 653898050 396101460 988086030 965627869 438033206 374704829 110444056 634157135 697952802 577132394 332112242 4934341 137520031 505995332 854672100 997330243 388474189 602160894 758605445 350552582 742827444 526502209 67110947 970669530 996357883 623220402 293378764 523865851 605502694 166149035 873060250 204593009 228757731 719329917 874117089 335373880 216897150 410722893 630929411 824533699 596192760 451459754 395652633 248256842 596601845 891231779 270425641 948818805 56788836 93739365 54407948 685639729 307005872 526251203 445054169 542289493 774501484 243469260 172748837 380716129 385579671 353317911 708325404 147513453 861394611 553408226 51181802 326278343 389873471 186800367 66186219 723769587 253176912 956700862 561492183 887724720 855852917 848497340 769264731 612368175 866177060 627599506 279278529 196012611 74505623 945794204 509509456 916690181 482392938 191932571 886879778 519114362 116932813 170738174 622328840 789643672 219194977 129825715 394993760 1485140 435797467 972375130 841312386 285470297 254725296 579794082 131670510 675545115 721415232 509320071 258652908 480131550 555224299 484824798 846187595 110981203 578095112 950231923 170891744 384189434 786236834 529242987 367291404 670359294 3799188 83780052 480361947 819275282 344956274 717873068 597017447 919914934 562990680 909530942 432347163 946412056 123160282 3631212 364739390 830939869 908805048 800584335 112478584 378468601 77294085 864089805 600622394 975899801 411092252 954504378 525739192 673793591 454375656 593209305 319045681 355753410 954656984 71922804 106256008 376741023 209279341 524320823 286331543 935116652 811875630 861789110 712993527 460735251 242948976 934811167 718404364 646610490 864513491 668292826 868169278 170394852 882494174 824564458 336016600 545437016 822833967 682389775 6524366 533175019 392044219 43300231 114983733 62182716 109535893 279821740 536651653 857679071 419539046 21673908 357661592 35898550 904776483 117417988 968484160 148448926 639252585 111118828 27253810 694716811 816128850 590543612 74043120 544420867 290306507 199612036 279679638 202810780 252011769 999631814 251745863 120707874 194072057 729398782 336076589 423054296 762446847 219749934 595188754 572266346 562987920 140852283 752354706 316406217 444001013 15633168 970280360 628028404 785331294 335818948 972360460 314420924 55124630 463217720 971700289 921811257 8109898 188226755 662082100 39290898 229169426 786441426 644156063 320938455 641251281 826171088 776479184 553359905 636661753 492190519 549445551 11496648 241935747 532290153 113357597 379743508 916907902 792397714 809259645 943639766 613893493 873106517 178863297 402526785 183427719 608680101 706152504 879654751 201677071 853146350 193605130 109038147 55167158 324027909 972346565 115590789 562473038 656232033 524700504 148164557 310873474 394377240 508245106 229987148 249471754 497826380 634990047 241221333 953185911 304153381 26983359 260717027 833463485 579799963 685296338 839807395 178666830 573951246 153933566 553756477 867417514 296375032 897888615 399827502 37830451 755113626 673079105 282826460 435399621 285704959 884601994 724633404 57508145 603188704 425879680 332022386 260945846 780531135 3683915 57334905 318860686 727271177 729485914 860457703 699862185 932769331 910794557 214448843 757592437 441765373 656288222 8374229 339435610 369072337 751076637 106348036 8510020 228210349 807531080 326402203 843578425 434308917 18264023 724186252 663214426 776434022 210699159 583087835 443955497 236268877 754148498 600987750 347136625 776988403 881826433 925339683 550140482 319183125 46660203 369042490 578604291 347758530 680521417 307763427 33821864 728643875 791428476 788094163 671631389 705320314 843268415 191710342 16038918 298898566 628747382 30584303 727703256 751965154 886095947 174236296 318882862 665116297 869755233 62013073 884669888 466631815 896666867 433848751 553421081 519481356 632622336 141236671 410281532 739686092 184291454 661540444 898795937 314015183 567162328 11886057 112928586 502852026 496868777 30225351 315984160 103667307 538738811 467349282 873148671 12339128 224616753 568618407 825741329 839423174 266277021 827397679 451299478 198437525 78114929 498339245 110672062 637387281 848426612 446218060 724950380 345336820 347508927 286988452 810658291 261109836 71355968 229681915 855667630 714396963 35539587 551921280 435200551 137773179 455610423 620656186 426467052 760059581 197168392 505139942 741296555 725324721 377531100 38568789 1508757 453703805 37629280 433276626 570741341 539924754 511728664 890519174 600863001 427372047 784791866 551378185 859779890 894020244 765946305 970423580 475521077 282364753 266961605 653649501 921629081 460031676 422887733 589321292 315606458 735582666 174688852 570054321 231735248 144318409 649529745 387413264 763563288 612059464 540058080 313704216 830270220 207496782 316741809 178525177 225875889 311377651 979383940 795416250 236505492 611493696 49074450 765044285 496922375 741350447 606040255 474188992 74605603 448165286 472297734 318094877 194990147 354962313 361943646 503593587 725287710 237092573 736342139 843914369 704988703 366632054 540939646 243516785 918272605 256455370 189475595 115658097 213074280 920753913 368210980 350939383 813212384 659766242 530079887 594524367 312925196 752795375 137567025 836704121 629077193 613648787 995330767 464639736 190668412 296975091 136522634 371113919 632159321 198062234 150747436 111838974 385276501 675983170 123640904 647366852 646209480 456350941 795594864 333408741 210942199 490073458 485420188 763577759 3314787 110694773 416693626 962303281 549793916 500585340 605043754 892405220 521063239 196656432 381140409 231482738 433467355 746443524 579445845 150398388 513618552 371800651 2140439 429297473 201618109 944838007 22820216 483984100 655125151 838113358 510623183 170696090 402559741 219418240 769586636 429399953 19001108 760743756 927641266 762573009 679984830 213038696 637806698 363343187 64939707 391928750 675865901 267574307 221538472 460551106 878921247 59492843 778740640 352502502 943670842 444784268 848365244 276623127 978592679 170190128 905264131 227426367 406658683 358380720 236505539 432900244 852575519 466529925 509065499 681647162 985840537 152551196 325230159 58148260 745424652 484287248 688272349 244338664 291354938 287368632 204112347 494468048 332539156 460884711 215741045 875181562 550379585 211592980 803641306 228839622 221866827 944629317 459434738 894644698 811112897 864337810 353064187 824200546 844091720 137798489 371147350 490042832 845201498 669918292 5403135 545242854 617924376 515637089 21610025 760721819 590261264 865721490 731515140 992684478
